/*--------------------------------*- C++ -*----------------------------------*\
| =========                 |                                                 |
| \\      /  F ield         | OpenFOAM: The Open Source CFD Toolbox           |
|  \\    /   O peration     | Version:  v1706                                 |
|   \\  /    A nd           | Web:      www.OpenFOAM.com                      |
|    \\/     M anipulation  |                                                 |
\*---------------------------------------------------------------------------*/
FoamFile
{
    version     2.0;
    format      ascii;
    class       volScalarField;
    location    "0.00134";
    object      kappatr;
}
// * * * * * * * * * * * * * * * * * * * * * * * * * * * * * * * * * * * * * //

dimensions      [1 1 -3 -1 0 0 0];


internalField   nonuniform List<scalar> 
60000
(
0.3955677617
0.3948795517
0.3948885105
0.3948503768
0.3947588675
0.3946171858
0.3944298695
0.3942018351
0.3939378759
0.3936423209
0.3933188604
0.3929705498
0.3926000022
0.3922097941
0.3918031286
0.3913847197
0.3909603541
0.3905144403
0.3896338465
0.3837122119
0.3532100041
0.1603679795
0.02220899548
0.02195658303
0.02195649359
0.02195649355
0.02195649355
0.02195649355
0.02195649355
0.02195649355
0.02195649355
0.02195649355
0.02195649355
0.02195649355
0.02195649355
0.02195649355
0.02195649355
0.02195649355
0.02195649355
0.02195649355
0.02195649355
0.02195649355
0.02195649355
0.02195649355
0.02195649355
0.02195649355
0.02195649355
0.02195649355
0.02195649355
0.02195649355
0.02195649355
0.02195649355
0.02195649355
0.02195649355
0.02195649355
0.02195649355
0.02195649355
0.02195649355
0.02195649355
0.02195649355
0.02195649355
0.02195649355
0.02195649355
0.02195649355
0.02195649355
0.02195649355
0.02195649355
0.02195649355
0.02195649355
0.02195649355
0.02195649355
0.02195649355
0.02195649355
0.02195649355
0.02195649355
0.02195649355
0.02195649355
0.02195649355
0.02195649355
0.02195649355
0.02195649355
0.02195649355
0.02195649355
0.02195649355
0.02195649355
0.02195649355
0.02195649355
0.02195649355
0.02195649355
0.02195649355
0.02195649355
0.02195649355
0.02195649355
0.02195649355
0.02195649355
0.02195649355
0.02195649355
0.02195649355
0.02195649355
0.02195649355
0.02195649355
0.02195649355
0.02195649355
0.02195649355
0.02195649355
0.02195649355
0.02195649355
0.02195649355
0.02195649355
0.02195649355
0.02195649355
0.02195649355
0.02195649355
0.02195649355
0.02195649355
0.02195649355
0.02195649355
0.02195649355
0.02195649355
0.02195649355
0.02195649355
0.02195649355
0.02195649355
0.02195649355
0.02195649355
0.02195649355
0.02195649355
0.02195649355
0.02195649355
0.02195649355
0.02195649355
0.02195649355
0.02195649355
0.02195649355
0.02195649355
0.02195649355
0.02195649355
0.02195649355
0.02195649355
0.02195649355
0.02195649355
0.02195649355
0.02195649355
0.02195649355
0.02195649355
0.02195649355
0.02195649355
0.02195649355
0.02195649355
0.02195649355
0.02195649355
0.02195649355
0.02195649355
0.02195649355
0.02195649355
0.02195649355
0.02195649355
0.02195649355
0.02195649355
0.02195649355
0.02195649355
0.02195649355
0.02195649355
0.02195649355
0.02195649355
0.02195649355
0.02195649355
0.02195649355
0.02195649355
0.02195649355
0.02195649355
0.02195649355
0.02195649355
0.02195649355
0.02195649355
0.02195649355
0.02195649355
0.02195649355
0.02195649355
0.02195649355
0.02195649355
0.02195649355
0.02195649355
0.02195649355
0.02195649355
0.02195649355
0.02195649355
0.02195649355
0.02195649355
0.02195649355
0.02195649355
0.02195649355
0.02195649355
0.02195649355
0.02195649355
0.02195649355
0.02195649355
0.02195649355
0.02195649355
0.02195649355
0.3961452548
0.3954559571
0.3954600783
0.3954173356
0.3953219562
0.3951772955
0.3949878722
0.3947585087
0.3944938664
0.3941981122
0.3938747306
0.3935264888
0.3931555482
0.3927637068
0.3923527474
0.391924743
0.3914806655
0.3909968863
0.390053791
0.3840963385
0.3538464976
0.1648643136
0.02222499817
0.02195658833
0.02195649359
0.02195649355
0.02195649355
0.02195649355
0.02195649355
0.02195649355
0.02195649355
0.02195649355
0.02195649355
0.02195649355
0.02195649355
0.02195649355
0.02195649355
0.02195649355
0.02195649355
0.02195649355
0.02195649355
0.02195649355
0.02195649355
0.02195649355
0.02195649355
0.02195649355
0.02195649355
0.02195649355
0.02195649355
0.02195649355
0.02195649355
0.02195649355
0.02195649355
0.02195649355
0.02195649355
0.02195649355
0.02195649355
0.02195649355
0.02195649355
0.02195649355
0.02195649355
0.02195649355
0.02195649355
0.02195649355
0.02195649355
0.02195649355
0.02195649355
0.02195649355
0.02195649355
0.02195649355
0.02195649355
0.02195649355
0.02195649355
0.02195649355
0.02195649355
0.02195649355
0.02195649355
0.02195649355
0.02195649355
0.02195649355
0.02195649355
0.02195649355
0.02195649355
0.02195649355
0.02195649355
0.02195649355
0.02195649355
0.02195649355
0.02195649355
0.02195649355
0.02195649355
0.02195649355
0.02195649355
0.02195649355
0.02195649355
0.02195649355
0.02195649355
0.02195649355
0.02195649355
0.02195649355
0.02195649355
0.02195649355
0.02195649355
0.02195649355
0.02195649355
0.02195649355
0.02195649355
0.02195649355
0.02195649355
0.02195649355
0.02195649355
0.02195649355
0.02195649355
0.02195649355
0.02195649355
0.02195649355
0.02195649355
0.02195649355
0.02195649355
0.02195649355
0.02195649355
0.02195649355
0.02195649355
0.02195649355
0.02195649355
0.02195649355
0.02195649355
0.02195649355
0.02195649355
0.02195649355
0.02195649355
0.02195649355
0.02195649355
0.02195649355
0.02195649355
0.02195649355
0.02195649355
0.02195649355
0.02195649355
0.02195649355
0.02195649355
0.02195649355
0.02195649355
0.02195649355
0.02195649355
0.02195649355
0.02195649355
0.02195649355
0.02195649355
0.02195649355
0.02195649355
0.02195649355
0.02195649355
0.02195649355
0.02195649355
0.02195649355
0.02195649355
0.02195649355
0.02195649355
0.02195649355
0.02195649355
0.02195649355
0.02195649355
0.02195649355
0.02195649355
0.02195649355
0.02195649355
0.02195649355
0.02195649355
0.02195649355
0.02195649355
0.02195649355
0.02195649355
0.02195649355
0.02195649355
0.02195649355
0.02195649355
0.02195649355
0.02195649355
0.02195649355
0.02195649355
0.02195649355
0.02195649355
0.02195649355
0.02195649355
0.02195649355
0.02195649355
0.02195649355
0.02195649355
0.02195649355
0.02195649355
0.02195649355
0.02195649355
0.02195649355
0.02195649355
0.02195649355
0.02195649355
0.02195649355
0.02195649355
0.02195649355
0.3963567308
0.3956703634
0.3956733988
0.3956296594
0.3955335
0.3953883296
0.3951986772
0.3949693458
0.3947049559
0.3944096126
0.3940867106
0.3937388834
0.3933680868
0.3929757975
0.3925632994
0.3921319125
0.3916815552
0.391187679
0.3902382064
0.3843619587
0.3545675266
0.170599103
0.02224654295
0.02195659552
0.0219564936
0.02195649355
0.02195649355
0.02195649355
0.02195649355
0.02195649355
0.02195649355
0.02195649355
0.02195649355
0.02195649355
0.02195649355
0.02195649355
0.02195649355
0.02195649355
0.02195649355
0.02195649355
0.02195649355
0.02195649355
0.02195649355
0.02195649355
0.02195649355
0.02195649355
0.02195649355
0.02195649355
0.02195649355
0.02195649355
0.02195649355
0.02195649355
0.02195649355
0.02195649355
0.02195649355
0.02195649355
0.02195649355
0.02195649355
0.02195649355
0.02195649355
0.02195649355
0.02195649355
0.02195649355
0.02195649355
0.02195649355
0.02195649355
0.02195649355
0.02195649355
0.02195649355
0.02195649355
0.02195649355
0.02195649355
0.02195649355
0.02195649355
0.02195649355
0.02195649355
0.02195649355
0.02195649355
0.02195649355
0.02195649355
0.02195649355
0.02195649355
0.02195649355
0.02195649355
0.02195649355
0.02195649355
0.02195649355
0.02195649355
0.02195649355
0.02195649355
0.02195649355
0.02195649355
0.02195649355
0.02195649355
0.02195649355
0.02195649355
0.02195649355
0.02195649355
0.02195649355
0.02195649355
0.02195649355
0.02195649355
0.02195649355
0.02195649355
0.02195649355
0.02195649355
0.02195649355
0.02195649355
0.02195649355
0.02195649355
0.02195649355
0.02195649355
0.02195649355
0.02195649355
0.02195649355
0.02195649355
0.02195649355
0.02195649355
0.02195649355
0.02195649355
0.02195649355
0.02195649355
0.02195649355
0.02195649355
0.02195649355
0.02195649355
0.02195649355
0.02195649355
0.02195649355
0.02195649355
0.02195649355
0.02195649355
0.02195649355
0.02195649355
0.02195649355
0.02195649355
0.02195649355
0.02195649355
0.02195649355
0.02195649355
0.02195649355
0.02195649355
0.02195649355
0.02195649355
0.02195649355
0.02195649355
0.02195649355
0.02195649355
0.02195649355
0.02195649355
0.02195649355
0.02195649355
0.02195649355
0.02195649355
0.02195649355
0.02195649355
0.02195649355
0.02195649355
0.02195649355
0.02195649355
0.02195649355
0.02195649355
0.02195649355
0.02195649355
0.02195649355
0.02195649355
0.02195649355
0.02195649355
0.02195649355
0.02195649355
0.02195649355
0.02195649355
0.02195649355
0.02195649355
0.02195649355
0.02195649355
0.02195649355
0.02195649355
0.02195649355
0.02195649355
0.02195649355
0.02195649355
0.02195649355
0.02195649355
0.02195649355
0.02195649355
0.02195649355
0.02195649355
0.02195649355
0.02195649355
0.02195649355
0.02195649355
0.02195649355
0.02195649355
0.02195649355
0.02195649355
0.02195649355
0.02195649355
0.02195649355
0.02195649355
0.3964705751
0.3957890613
0.3957919132
0.395748133
0.3956521333
0.3955073245
0.3953182287
0.395089636
0.3948261491
0.3945318502
0.3942101011
0.3938634849
0.3934938758
0.3931026165
0.392690769
0.3922592854
0.3918074997
0.3913103972
0.3903648267
0.3845936793
0.3553102226
0.1767373479
0.02227079236
0.02195660366
0.0219564936
0.02195649355
0.02195649355
0.02195649355
0.02195649355
0.02195649355
0.02195649355
0.02195649355
0.02195649355
0.02195649355
0.02195649355
0.02195649355
0.02195649355
0.02195649355
0.02195649355
0.02195649355
0.02195649355
0.02195649355
0.02195649355
0.02195649355
0.02195649355
0.02195649355
0.02195649355
0.02195649355
0.02195649355
0.02195649355
0.02195649355
0.02195649355
0.02195649355
0.02195649355
0.02195649355
0.02195649355
0.02195649355
0.02195649355
0.02195649355
0.02195649355
0.02195649355
0.02195649355
0.02195649355
0.02195649355
0.02195649355
0.02195649355
0.02195649355
0.02195649355
0.02195649355
0.02195649355
0.02195649355
0.02195649355
0.02195649355
0.02195649355
0.02195649355
0.02195649355
0.02195649355
0.02195649355
0.02195649355
0.02195649355
0.02195649355
0.02195649355
0.02195649355
0.02195649355
0.02195649355
0.02195649355
0.02195649355
0.02195649355
0.02195649355
0.02195649355
0.02195649355
0.02195649355
0.02195649355
0.02195649355
0.02195649355
0.02195649355
0.02195649355
0.02195649355
0.02195649355
0.02195649355
0.02195649355
0.02195649355
0.02195649355
0.02195649355
0.02195649355
0.02195649355
0.02195649355
0.02195649355
0.02195649355
0.02195649355
0.02195649355
0.02195649355
0.02195649355
0.02195649355
0.02195649355
0.02195649355
0.02195649355
0.02195649355
0.02195649355
0.02195649355
0.02195649355
0.02195649355
0.02195649355
0.02195649355
0.02195649355
0.02195649355
0.02195649355
0.02195649355
0.02195649355
0.02195649355
0.02195649355
0.02195649355
0.02195649355
0.02195649355
0.02195649355
0.02195649355
0.02195649355
0.02195649355
0.02195649355
0.02195649355
0.02195649355
0.02195649355
0.02195649355
0.02195649355
0.02195649355
0.02195649355
0.02195649355
0.02195649355
0.02195649355
0.02195649355
0.02195649355
0.02195649355
0.02195649355
0.02195649355
0.02195649355
0.02195649355
0.02195649355
0.02195649355
0.02195649355
0.02195649355
0.02195649355
0.02195649355
0.02195649355
0.02195649355
0.02195649355
0.02195649355
0.02195649355
0.02195649355
0.02195649355
0.02195649355
0.02195649355
0.02195649355
0.02195649355
0.02195649355
0.02195649355
0.02195649355
0.02195649355
0.02195649355
0.02195649355
0.02195649355
0.02195649355
0.02195649355
0.02195649355
0.02195649355
0.02195649355
0.02195649355
0.02195649355
0.02195649355
0.02195649355
0.02195649355
0.02195649355
0.02195649355
0.02195649355
0.02195649355
0.02195649355
0.02195649355
0.02195649355
0.02195649355
0.02195649355
0.02195649355
0.3965336892
0.3958583536
0.3958614675
0.395818153
0.3957228657
0.3955789909
0.3953910276
0.3951637484
0.3949017443
0.3946090883
0.3942891319
0.3939444362
0.3935768264
0.3931875425
0.3927774422
0.3923470939
0.3918951738
0.3913960953
0.3904563248
0.3847985006
0.3560502376
0.1829711621
0.02229662554
0.02195661234
0.02195649361
0.02195649355
0.02195649355
0.02195649355
0.02195649355
0.02195649355
0.02195649355
0.02195649355
0.02195649355
0.02195649355
0.02195649355
0.02195649355
0.02195649355
0.02195649355
0.02195649355
0.02195649355
0.02195649355
0.02195649355
0.02195649355
0.02195649355
0.02195649355
0.02195649355
0.02195649355
0.02195649355
0.02195649355
0.02195649355
0.02195649355
0.02195649355
0.02195649355
0.02195649355
0.02195649355
0.02195649355
0.02195649355
0.02195649355
0.02195649355
0.02195649355
0.02195649355
0.02195649355
0.02195649355
0.02195649355
0.02195649355
0.02195649355
0.02195649355
0.02195649355
0.02195649355
0.02195649355
0.02195649355
0.02195649355
0.02195649355
0.02195649355
0.02195649355
0.02195649355
0.02195649355
0.02195649355
0.02195649355
0.02195649355
0.02195649355
0.02195649355
0.02195649355
0.02195649355
0.02195649355
0.02195649355
0.02195649355
0.02195649355
0.02195649355
0.02195649355
0.02195649355
0.02195649355
0.02195649355
0.02195649355
0.02195649355
0.02195649355
0.02195649355
0.02195649355
0.02195649355
0.02195649355
0.02195649355
0.02195649355
0.02195649355
0.02195649355
0.02195649355
0.02195649355
0.02195649355
0.02195649355
0.02195649355
0.02195649355
0.02195649355
0.02195649355
0.02195649355
0.02195649355
0.02195649355
0.02195649355
0.02195649355
0.02195649355
0.02195649355
0.02195649355
0.02195649355
0.02195649355
0.02195649355
0.02195649355
0.02195649355
0.02195649355
0.02195649355
0.02195649355
0.02195649355
0.02195649355
0.02195649355
0.02195649355
0.02195649355
0.02195649355
0.02195649355
0.02195649355
0.02195649355
0.02195649355
0.02195649355
0.02195649355
0.02195649355
0.02195649355
0.02195649355
0.02195649355
0.02195649355
0.02195649355
0.02195649355
0.02195649355
0.02195649355
0.02195649355
0.02195649355
0.02195649355
0.02195649355
0.02195649355
0.02195649355
0.02195649355
0.02195649355
0.02195649355
0.02195649355
0.02195649355
0.02195649355
0.02195649355
0.02195649355
0.02195649355
0.02195649355
0.02195649355
0.02195649355
0.02195649355
0.02195649355
0.02195649355
0.02195649355
0.02195649355
0.02195649355
0.02195649355
0.02195649355
0.02195649355
0.02195649355
0.02195649355
0.02195649355
0.02195649355
0.02195649355
0.02195649355
0.02195649355
0.02195649355
0.02195649355
0.02195649355
0.02195649355
0.02195649355
0.02195649355
0.02195649355
0.02195649355
0.02195649355
0.02195649355
0.02195649355
0.02195649355
0.02195649355
0.02195649355
0.02195649355
0.02195649355
0.02195649355
0.3965635386
0.3958953686
0.3958990346
0.3958565295
0.3957623512
0.395619844
0.3954334696
0.3952079725
0.3949479241
0.394657383
0.394339683
0.3939973515
0.3936321428
0.3932451545
0.3928369805
0.3924077284
0.3919553551
0.3914537672
0.3905198127
0.384979121
0.3567785186
0.1891761995
0.02232354363
0.02195662141
0.02195649361
0.02195649355
0.02195649355
0.02195649355
0.02195649355
0.02195649355
0.02195649355
0.02195649355
0.02195649355
0.02195649355
0.02195649355
0.02195649355
0.02195649355
0.02195649355
0.02195649355
0.02195649355
0.02195649355
0.02195649355
0.02195649355
0.02195649355
0.02195649355
0.02195649355
0.02195649355
0.02195649355
0.02195649355
0.02195649355
0.02195649355
0.02195649355
0.02195649355
0.02195649355
0.02195649355
0.02195649355
0.02195649355
0.02195649355
0.02195649355
0.02195649355
0.02195649355
0.02195649355
0.02195649355
0.02195649355
0.02195649355
0.02195649355
0.02195649355
0.02195649355
0.02195649355
0.02195649355
0.02195649355
0.02195649355
0.02195649355
0.02195649355
0.02195649355
0.02195649355
0.02195649355
0.02195649355
0.02195649355
0.02195649355
0.02195649355
0.02195649355
0.02195649355
0.02195649355
0.02195649355
0.02195649355
0.02195649355
0.02195649355
0.02195649355
0.02195649355
0.02195649355
0.02195649355
0.02195649355
0.02195649355
0.02195649355
0.02195649355
0.02195649355
0.02195649355
0.02195649355
0.02195649355
0.02195649355
0.02195649355
0.02195649355
0.02195649355
0.02195649355
0.02195649355
0.02195649355
0.02195649355
0.02195649355
0.02195649355
0.02195649355
0.02195649355
0.02195649355
0.02195649355
0.02195649355
0.02195649355
0.02195649355
0.02195649355
0.02195649355
0.02195649355
0.02195649355
0.02195649355
0.02195649355
0.02195649355
0.02195649355
0.02195649355
0.02195649355
0.02195649355
0.02195649355
0.02195649355
0.02195649355
0.02195649355
0.02195649355
0.02195649355
0.02195649355
0.02195649355
0.02195649355
0.02195649355
0.02195649355
0.02195649355
0.02195649355
0.02195649355
0.02195649355
0.02195649355
0.02195649355
0.02195649355
0.02195649355
0.02195649355
0.02195649355
0.02195649355
0.02195649355
0.02195649355
0.02195649355
0.02195649355
0.02195649355
0.02195649355
0.02195649355
0.02195649355
0.02195649355
0.02195649355
0.02195649355
0.02195649355
0.02195649355
0.02195649355
0.02195649355
0.02195649355
0.02195649355
0.02195649355
0.02195649355
0.02195649355
0.02195649355
0.02195649355
0.02195649355
0.02195649355
0.02195649355
0.02195649355
0.02195649355
0.02195649355
0.02195649355
0.02195649355
0.02195649355
0.02195649355
0.02195649355
0.02195649355
0.02195649355
0.02195649355
0.02195649355
0.02195649355
0.02195649355
0.02195649355
0.02195649355
0.02195649355
0.02195649355
0.02195649355
0.02195649355
0.02195649355
0.02195649355
0.02195649355
0.02195649355
0.02195649355
0.3965689305
0.3959086518
0.3959130855
0.395871646
0.3957788759
0.3956380657
0.3954536254
0.3952302558
0.3949724916
0.3946843575
0.3943691453
0.3940293173
0.3936665157
0.3932816464
0.392874989
0.3924461621
0.3919924469
0.3914874624
0.3905591326
0.3851378479
0.3574921823
0.1953003614
0.02235129981
0.02195663077
0.02195649361
0.02195649355
0.02195649355
0.02195649355
0.02195649355
0.02195649355
0.02195649355
0.02195649355
0.02195649355
0.02195649355
0.02195649355
0.02195649355
0.02195649355
0.02195649355
0.02195649355
0.02195649355
0.02195649355
0.02195649355
0.02195649355
0.02195649355
0.02195649355
0.02195649355
0.02195649355
0.02195649355
0.02195649355
0.02195649355
0.02195649355
0.02195649355
0.02195649355
0.02195649355
0.02195649355
0.02195649355
0.02195649355
0.02195649355
0.02195649355
0.02195649355
0.02195649355
0.02195649355
0.02195649355
0.02195649355
0.02195649355
0.02195649355
0.02195649355
0.02195649355
0.02195649355
0.02195649355
0.02195649355
0.02195649355
0.02195649355
0.02195649355
0.02195649355
0.02195649355
0.02195649355
0.02195649355
0.02195649355
0.02195649355
0.02195649355
0.02195649355
0.02195649355
0.02195649355
0.02195649355
0.02195649355
0.02195649355
0.02195649355
0.02195649355
0.02195649355
0.02195649355
0.02195649355
0.02195649355
0.02195649355
0.02195649355
0.02195649355
0.02195649355
0.02195649355
0.02195649355
0.02195649355
0.02195649355
0.02195649355
0.02195649355
0.02195649355
0.02195649355
0.02195649355
0.02195649355
0.02195649355
0.02195649355
0.02195649355
0.02195649355
0.02195649355
0.02195649355
0.02195649355
0.02195649355
0.02195649355
0.02195649355
0.02195649355
0.02195649355
0.02195649355
0.02195649355
0.02195649355
0.02195649355
0.02195649355
0.02195649355
0.02195649355
0.02195649355
0.02195649355
0.02195649355
0.02195649355
0.02195649355
0.02195649355
0.02195649355
0.02195649355
0.02195649355
0.02195649355
0.02195649355
0.02195649355
0.02195649355
0.02195649355
0.02195649355
0.02195649355
0.02195649355
0.02195649355
0.02195649355
0.02195649355
0.02195649355
0.02195649355
0.02195649355
0.02195649355
0.02195649355
0.02195649355
0.02195649355
0.02195649355
0.02195649355
0.02195649355
0.02195649355
0.02195649355
0.02195649355
0.02195649355
0.02195649355
0.02195649355
0.02195649355
0.02195649355
0.02195649355
0.02195649355
0.02195649355
0.02195649355
0.02195649355
0.02195649355
0.02195649355
0.02195649355
0.02195649355
0.02195649355
0.02195649355
0.02195649355
0.02195649355
0.02195649355
0.02195649355
0.02195649355
0.02195649355
0.02195649355
0.02195649355
0.02195649355
0.02195649355
0.02195649355
0.02195649355
0.02195649355
0.02195649355
0.02195649355
0.02195649355
0.02195649355
0.02195649355
0.02195649355
0.02195649355
0.02195649355
0.02195649355
0.02195649355
0.02195649355
0.02195649355
0.3965551446
0.3959032529
0.395908621
0.395868439
0.3957772942
0.3956384124
0.3954561359
0.395235103
0.3949797901
0.394694162
0.3943814392
0.3940439845
0.3936832921
0.3933000449
0.392894194
0.3924648993
0.3920088813
0.3914997363
0.390576978
0.38527666
0.3581905008
0.2013198929
0.0223797497
0.02195664039
0.02195649362
0.02195649355
0.02195649355
0.02195649355
0.02195649355
0.02195649355
0.02195649355
0.02195649355
0.02195649355
0.02195649355
0.02195649355
0.02195649355
0.02195649355
0.02195649355
0.02195649355
0.02195649355
0.02195649355
0.02195649355
0.02195649355
0.02195649355
0.02195649355
0.02195649355
0.02195649355
0.02195649355
0.02195649355
0.02195649355
0.02195649355
0.02195649355
0.02195649355
0.02195649355
0.02195649355
0.02195649355
0.02195649355
0.02195649355
0.02195649355
0.02195649355
0.02195649355
0.02195649355
0.02195649355
0.02195649355
0.02195649355
0.02195649355
0.02195649355
0.02195649355
0.02195649355
0.02195649355
0.02195649355
0.02195649355
0.02195649355
0.02195649355
0.02195649355
0.02195649355
0.02195649355
0.02195649355
0.02195649355
0.02195649355
0.02195649355
0.02195649355
0.02195649355
0.02195649355
0.02195649355
0.02195649355
0.02195649355
0.02195649355
0.02195649355
0.02195649355
0.02195649355
0.02195649355
0.02195649355
0.02195649355
0.02195649355
0.02195649355
0.02195649355
0.02195649355
0.02195649355
0.02195649355
0.02195649355
0.02195649355
0.02195649355
0.02195649355
0.02195649355
0.02195649355
0.02195649355
0.02195649355
0.02195649355
0.02195649355
0.02195649355
0.02195649355
0.02195649355
0.02195649355
0.02195649355
0.02195649355
0.02195649355
0.02195649355
0.02195649355
0.02195649355
0.02195649355
0.02195649355
0.02195649355
0.02195649355
0.02195649355
0.02195649355
0.02195649355
0.02195649355
0.02195649355
0.02195649355
0.02195649355
0.02195649355
0.02195649355
0.02195649355
0.02195649355
0.02195649355
0.02195649355
0.02195649355
0.02195649355
0.02195649355
0.02195649355
0.02195649355
0.02195649355
0.02195649355
0.02195649355
0.02195649355
0.02195649355
0.02195649355
0.02195649355
0.02195649355
0.02195649355
0.02195649355
0.02195649355
0.02195649355
0.02195649355
0.02195649355
0.02195649355
0.02195649355
0.02195649355
0.02195649355
0.02195649355
0.02195649355
0.02195649355
0.02195649355
0.02195649355
0.02195649355
0.02195649355
0.02195649355
0.02195649355
0.02195649355
0.02195649355
0.02195649355
0.02195649355
0.02195649355
0.02195649355
0.02195649355
0.02195649355
0.02195649355
0.02195649355
0.02195649355
0.02195649355
0.02195649355
0.02195649355
0.02195649355
0.02195649355
0.02195649355
0.02195649355
0.02195649355
0.02195649355
0.02195649355
0.02195649355
0.02195649355
0.02195649355
0.02195649355
0.02195649355
0.02195649355
0.02195649355
0.02195649355
0.02195649355
0.02195649355
0.3965257077
0.3958824923
0.3958889204
0.3958501295
0.3957607494
0.3956239296
0.3954439296
0.3952253056
0.3949724531
0.3946892518
0.3943788238
0.3940434069
0.3936843262
0.393302034
0.3928961735
0.3924655124
0.3920063493
0.3914924985
0.3905753793
0.3853971112
0.3588733055
0.2072219399
0.02240878854
0.02195665022
0.02195649362
0.02195649355
0.02195649355
0.02195649355
0.02195649355
0.02195649355
0.02195649355
0.02195649355
0.02195649355
0.02195649355
0.02195649355
0.02195649355
0.02195649355
0.02195649355
0.02195649355
0.02195649355
0.02195649355
0.02195649355
0.02195649355
0.02195649355
0.02195649355
0.02195649355
0.02195649355
0.02195649355
0.02195649355
0.02195649355
0.02195649355
0.02195649355
0.02195649355
0.02195649355
0.02195649355
0.02195649355
0.02195649355
0.02195649355
0.02195649355
0.02195649355
0.02195649355
0.02195649355
0.02195649355
0.02195649355
0.02195649355
0.02195649355
0.02195649355
0.02195649355
0.02195649355
0.02195649355
0.02195649355
0.02195649355
0.02195649355
0.02195649355
0.02195649355
0.02195649355
0.02195649355
0.02195649355
0.02195649355
0.02195649355
0.02195649355
0.02195649355
0.02195649355
0.02195649355
0.02195649355
0.02195649355
0.02195649355
0.02195649355
0.02195649355
0.02195649355
0.02195649355
0.02195649355
0.02195649355
0.02195649355
0.02195649355
0.02195649355
0.02195649355
0.02195649355
0.02195649355
0.02195649355
0.02195649355
0.02195649355
0.02195649355
0.02195649355
0.02195649355
0.02195649355
0.02195649355
0.02195649355
0.02195649355
0.02195649355
0.02195649355
0.02195649355
0.02195649355
0.02195649355
0.02195649355
0.02195649355
0.02195649355
0.02195649355
0.02195649355
0.02195649355
0.02195649355
0.02195649355
0.02195649355
0.02195649355
0.02195649355
0.02195649355
0.02195649355
0.02195649355
0.02195649355
0.02195649355
0.02195649355
0.02195649355
0.02195649355
0.02195649355
0.02195649355
0.02195649355
0.02195649355
0.02195649355
0.02195649355
0.02195649355
0.02195649355
0.02195649355
0.02195649355
0.02195649355
0.02195649355
0.02195649355
0.02195649355
0.02195649355
0.02195649355
0.02195649355
0.02195649355
0.02195649355
0.02195649355
0.02195649355
0.02195649355
0.02195649355
0.02195649355
0.02195649355
0.02195649355
0.02195649355
0.02195649355
0.02195649355
0.02195649355
0.02195649355
0.02195649355
0.02195649355
0.02195649355
0.02195649355
0.02195649355
0.02195649355
0.02195649355
0.02195649355
0.02195649355
0.02195649355
0.02195649355
0.02195649355
0.02195649355
0.02195649355
0.02195649355
0.02195649355
0.02195649355
0.02195649355
0.02195649355
0.02195649355
0.02195649355
0.02195649355
0.02195649355
0.02195649355
0.02195649355
0.02195649355
0.02195649355
0.02195649355
0.02195649355
0.02195649355
0.02195649355
0.02195649355
0.02195649355
0.02195649355
0.02195649355
0.02195649355
0.3964831411
0.3958487104
0.3958562855
0.395818963
0.3957314111
0.3955966926
0.3954189696
0.3952026987
0.3949521745
0.3946711712
0.3943626934
0.394028839
0.3936707598
0.3932886908
0.3928820076
0.3924491665
0.3919861758
0.3914672553
0.3905558808
0.385500346
0.3595404372
0.2129978406
0.02243832553
0.02195666026
0.02195649363
0.02195649355
0.02195649355
0.02195649355
0.02195649355
0.02195649355
0.02195649355
0.02195649355
0.02195649355
0.02195649355
0.02195649355
0.02195649355
0.02195649355
0.02195649355
0.02195649355
0.02195649355
0.02195649355
0.02195649355
0.02195649355
0.02195649355
0.02195649355
0.02195649355
0.02195649355
0.02195649355
0.02195649355
0.02195649355
0.02195649355
0.02195649355
0.02195649355
0.02195649355
0.02195649355
0.02195649355
0.02195649355
0.02195649355
0.02195649355
0.02195649355
0.02195649355
0.02195649355
0.02195649355
0.02195649355
0.02195649355
0.02195649355
0.02195649355
0.02195649355
0.02195649355
0.02195649355
0.02195649355
0.02195649355
0.02195649355
0.02195649355
0.02195649355
0.02195649355
0.02195649355
0.02195649355
0.02195649355
0.02195649355
0.02195649355
0.02195649355
0.02195649355
0.02195649355
0.02195649355
0.02195649355
0.02195649355
0.02195649355
0.02195649355
0.02195649355
0.02195649355
0.02195649355
0.02195649355
0.02195649355
0.02195649355
0.02195649355
0.02195649355
0.02195649355
0.02195649355
0.02195649355
0.02195649355
0.02195649355
0.02195649355
0.02195649355
0.02195649355
0.02195649355
0.02195649355
0.02195649355
0.02195649355
0.02195649355
0.02195649355
0.02195649355
0.02195649355
0.02195649355
0.02195649355
0.02195649355
0.02195649355
0.02195649355
0.02195649355
0.02195649355
0.02195649355
0.02195649355
0.02195649355
0.02195649355
0.02195649355
0.02195649355
0.02195649355
0.02195649355
0.02195649355
0.02195649355
0.02195649355
0.02195649355
0.02195649355
0.02195649355
0.02195649355
0.02195649355
0.02195649355
0.02195649355
0.02195649355
0.02195649355
0.02195649355
0.02195649355
0.02195649355
0.02195649355
0.02195649355
0.02195649355
0.02195649355
0.02195649355
0.02195649355
0.02195649355
0.02195649355
0.02195649355
0.02195649355
0.02195649355
0.02195649355
0.02195649355
0.02195649355
0.02195649355
0.02195649355
0.02195649355
0.02195649355
0.02195649355
0.02195649355
0.02195649355
0.02195649355
0.02195649355
0.02195649355
0.02195649355
0.02195649355
0.02195649355
0.02195649355
0.02195649355
0.02195649355
0.02195649355
0.02195649355
0.02195649355
0.02195649355
0.02195649355
0.02195649355
0.02195649355
0.02195649355
0.02195649355
0.02195649355
0.02195649355
0.02195649355
0.02195649355
0.02195649355
0.02195649355
0.02195649355
0.02195649355
0.02195649355
0.02195649355
0.02195649355
0.02195649355
0.02195649355
0.02195649355
0.02195649355
0.02195649355
0.02195649355
0.02195649355
0.3964293228
0.3958036324
0.3958124038
0.395776573
0.3956908411
0.3955581753
0.3953826283
0.395168543
0.3949200979
0.3946409479
0.3943339695
0.394001118
0.39364338
0.3932607994
0.3928525339
0.3924168068
0.3919494448
0.3914252083
0.3905196538
0.3855871745
0.3601916151
0.2186407288
0.0224682744
0.02195667046
0.02195649363
0.02195649355
0.02195649355
0.02195649355
0.02195649355
0.02195649355
0.02195649355
0.02195649355
0.02195649355
0.02195649355
0.02195649355
0.02195649355
0.02195649355
0.02195649355
0.02195649355
0.02195649355
0.02195649355
0.02195649355
0.02195649355
0.02195649355
0.02195649355
0.02195649355
0.02195649355
0.02195649355
0.02195649355
0.02195649355
0.02195649355
0.02195649355
0.02195649355
0.02195649355
0.02195649355
0.02195649355
0.02195649355
0.02195649355
0.02195649355
0.02195649355
0.02195649355
0.02195649355
0.02195649355
0.02195649355
0.02195649355
0.02195649355
0.02195649355
0.02195649355
0.02195649355
0.02195649355
0.02195649355
0.02195649355
0.02195649355
0.02195649355
0.02195649355
0.02195649355
0.02195649355
0.02195649355
0.02195649355
0.02195649355
0.02195649355
0.02195649355
0.02195649355
0.02195649355
0.02195649355
0.02195649355
0.02195649355
0.02195649355
0.02195649355
0.02195649355
0.02195649355
0.02195649355
0.02195649355
0.02195649355
0.02195649355
0.02195649355
0.02195649355
0.02195649355
0.02195649355
0.02195649355
0.02195649355
0.02195649355
0.02195649355
0.02195649355
0.02195649355
0.02195649355
0.02195649355
0.02195649355
0.02195649355
0.02195649355
0.02195649355
0.02195649355
0.02195649355
0.02195649355
0.02195649355
0.02195649355
0.02195649355
0.02195649355
0.02195649355
0.02195649355
0.02195649355
0.02195649355
0.02195649355
0.02195649355
0.02195649355
0.02195649355
0.02195649355
0.02195649355
0.02195649355
0.02195649355
0.02195649355
0.02195649355
0.02195649355
0.02195649355
0.02195649355
0.02195649355
0.02195649355
0.02195649355
0.02195649355
0.02195649355
0.02195649355
0.02195649355
0.02195649355
0.02195649355
0.02195649355
0.02195649355
0.02195649355
0.02195649355
0.02195649355
0.02195649355
0.02195649355
0.02195649355
0.02195649355
0.02195649355
0.02195649355
0.02195649355
0.02195649355
0.02195649355
0.02195649355
0.02195649355
0.02195649355
0.02195649355
0.02195649355
0.02195649355
0.02195649355
0.02195649355
0.02195649355
0.02195649355
0.02195649355
0.02195649355
0.02195649355
0.02195649355
0.02195649355
0.02195649355
0.02195649355
0.02195649355
0.02195649355
0.02195649355
0.02195649355
0.02195649355
0.02195649355
0.02195649355
0.02195649355
0.02195649355
0.02195649355
0.02195649355
0.02195649355
0.02195649355
0.02195649355
0.02195649355
0.02195649355
0.02195649355
0.02195649355
0.02195649355
0.02195649355
0.02195649355
0.02195649355
0.02195649355
0.02195649355
0.02195649355
0.3963656834
0.395748566
0.3957585474
0.3957241813
0.3956401959
0.3955094563
0.395335897
0.3951237372
0.3948770303
0.3945993046
0.3942933068
0.3939608548
0.3936027878
0.39321899
0.392808451
0.3923692294
0.3918970545
0.3913673157
0.3904675875
0.3856581574
0.3608264529
0.2241448197
0.0224985966
0.02195668084
0.02195649364
0.02195649355
0.02195649355
0.02195649355
0.02195649355
0.02195649355
0.02195649355
0.02195649355
0.02195649355
0.02195649355
0.02195649355
0.02195649355
0.02195649355
0.02195649355
0.02195649355
0.02195649355
0.02195649355
0.02195649355
0.02195649355
0.02195649355
0.02195649355
0.02195649355
0.02195649355
0.02195649355
0.02195649355
0.02195649355
0.02195649355
0.02195649355
0.02195649355
0.02195649355
0.02195649355
0.02195649355
0.02195649355
0.02195649355
0.02195649355
0.02195649355
0.02195649355
0.02195649355
0.02195649355
0.02195649355
0.02195649355
0.02195649355
0.02195649355
0.02195649355
0.02195649355
0.02195649355
0.02195649355
0.02195649355
0.02195649355
0.02195649355
0.02195649355
0.02195649355
0.02195649355
0.02195649355
0.02195649355
0.02195649355
0.02195649355
0.02195649355
0.02195649355
0.02195649355
0.02195649355
0.02195649355
0.02195649355
0.02195649355
0.02195649355
0.02195649355
0.02195649355
0.02195649355
0.02195649355
0.02195649355
0.02195649355
0.02195649355
0.02195649355
0.02195649355
0.02195649355
0.02195649355
0.02195649355
0.02195649355
0.02195649355
0.02195649355
0.02195649355
0.02195649355
0.02195649355
0.02195649355
0.02195649355
0.02195649355
0.02195649355
0.02195649355
0.02195649355
0.02195649355
0.02195649355
0.02195649355
0.02195649355
0.02195649355
0.02195649355
0.02195649355
0.02195649355
0.02195649355
0.02195649355
0.02195649355
0.02195649355
0.02195649355
0.02195649355
0.02195649355
0.02195649355
0.02195649355
0.02195649355
0.02195649355
0.02195649355
0.02195649355
0.02195649355
0.02195649355
0.02195649355
0.02195649355
0.02195649355
0.02195649355
0.02195649355
0.02195649355
0.02195649355
0.02195649355
0.02195649355
0.02195649355
0.02195649355
0.02195649355
0.02195649355
0.02195649355
0.02195649355
0.02195649355
0.02195649355
0.02195649355
0.02195649355
0.02195649355
0.02195649355
0.02195649355
0.02195649355
0.02195649355
0.02195649355
0.02195649355
0.02195649355
0.02195649355
0.02195649355
0.02195649355
0.02195649355
0.02195649355
0.02195649355
0.02195649355
0.02195649355
0.02195649355
0.02195649355
0.02195649355
0.02195649355
0.02195649355
0.02195649355
0.02195649355
0.02195649355
0.02195649355
0.02195649355
0.02195649355
0.02195649355
0.02195649355
0.02195649355
0.02195649355
0.02195649355
0.02195649355
0.02195649355
0.02195649355
0.02195649355
0.02195649355
0.02195649355
0.02195649355
0.02195649355
0.02195649355
0.02195649355
0.02195649355
0.02195649355
0.02195649355
0.3962933241
0.3956845189
0.3956956915
0.3956627181
0.3955803487
0.3954513427
0.395279511
0.3950689443
0.3948235668
0.3945467797
0.3942412042
0.393908533
0.3935494792
0.3931638003
0.3927503625
0.3923071149
0.3918297506
0.3912943433
0.3904003617
0.3857136811
0.3614445184
0.229505294
0.02252915022
0.02195669133
0.02195649364
0.02195649355
0.02195649355
0.02195649355
0.02195649355
0.02195649355
0.02195649355
0.02195649355
0.02195649355
0.02195649355
0.02195649355
0.02195649355
0.02195649355
0.02195649355
0.02195649355
0.02195649355
0.02195649355
0.02195649355
0.02195649355
0.02195649355
0.02195649355
0.02195649355
0.02195649355
0.02195649355
0.02195649355
0.02195649355
0.02195649355
0.02195649355
0.02195649355
0.02195649355
0.02195649355
0.02195649355
0.02195649355
0.02195649355
0.02195649355
0.02195649355
0.02195649355
0.02195649355
0.02195649355
0.02195649355
0.02195649355
0.02195649355
0.02195649355
0.02195649355
0.02195649355
0.02195649355
0.02195649355
0.02195649355
0.02195649355
0.02195649355
0.02195649355
0.02195649355
0.02195649355
0.02195649355
0.02195649355
0.02195649355
0.02195649355
0.02195649355
0.02195649355
0.02195649355
0.02195649355
0.02195649355
0.02195649355
0.02195649355
0.02195649355
0.02195649355
0.02195649355
0.02195649355
0.02195649355
0.02195649355
0.02195649355
0.02195649355
0.02195649355
0.02195649355
0.02195649355
0.02195649355
0.02195649355
0.02195649355
0.02195649355
0.02195649355
0.02195649355
0.02195649355
0.02195649355
0.02195649355
0.02195649355
0.02195649355
0.02195649355
0.02195649355
0.02195649355
0.02195649355
0.02195649355
0.02195649355
0.02195649355
0.02195649355
0.02195649355
0.02195649355
0.02195649355
0.02195649355
0.02195649355
0.02195649355
0.02195649355
0.02195649355
0.02195649355
0.02195649355
0.02195649355
0.02195649355
0.02195649355
0.02195649355
0.02195649355
0.02195649355
0.02195649355
0.02195649355
0.02195649355
0.02195649355
0.02195649355
0.02195649355
0.02195649355
0.02195649355
0.02195649355
0.02195649355
0.02195649355
0.02195649355
0.02195649355
0.02195649355
0.02195649355
0.02195649355
0.02195649355
0.02195649355
0.02195649355
0.02195649355
0.02195649355
0.02195649355
0.02195649355
0.02195649355
0.02195649355
0.02195649355
0.02195649355
0.02195649355
0.02195649355
0.02195649355
0.02195649355
0.02195649355
0.02195649355
0.02195649355
0.02195649355
0.02195649355
0.02195649355
0.02195649355
0.02195649355
0.02195649355
0.02195649355
0.02195649355
0.02195649355
0.02195649355
0.02195649355
0.02195649355
0.02195649355
0.02195649355
0.02195649355
0.02195649355
0.02195649355
0.02195649355
0.02195649355
0.02195649355
0.02195649355
0.02195649355
0.02195649355
0.02195649355
0.02195649355
0.02195649355
0.02195649355
0.02195649355
0.02195649355
0.02195649355
0.02195649355
0.02195649355
0.3962130947
0.3956122748
0.3956245912
0.3955928998
0.3955119686
0.3953844497
0.3952140297
0.3950046696
0.3947601659
0.3944837966
0.3941780668
0.3938445594
0.3934838843
0.3930957032
0.3926787968
0.3922310473
0.3917481545
0.3912069074
0.390318504
0.3857540127
0.3620453738
0.2347182905
0.02255984255
0.02195670191
0.02195649365
0.02195649355
0.02195649355
0.02195649355
0.02195649355
0.02195649355
0.02195649355
0.02195649355
0.02195649355
0.02195649355
0.02195649355
0.02195649355
0.02195649355
0.02195649355
0.02195649355
0.02195649355
0.02195649355
0.02195649355
0.02195649355
0.02195649355
0.02195649355
0.02195649355
0.02195649355
0.02195649355
0.02195649355
0.02195649355
0.02195649355
0.02195649355
0.02195649355
0.02195649355
0.02195649355
0.02195649355
0.02195649355
0.02195649355
0.02195649355
0.02195649355
0.02195649355
0.02195649355
0.02195649355
0.02195649355
0.02195649355
0.02195649355
0.02195649355
0.02195649355
0.02195649355
0.02195649355
0.02195649355
0.02195649355
0.02195649355
0.02195649355
0.02195649355
0.02195649355
0.02195649355
0.02195649355
0.02195649355
0.02195649355
0.02195649355
0.02195649355
0.02195649355
0.02195649355
0.02195649355
0.02195649355
0.02195649355
0.02195649355
0.02195649355
0.02195649355
0.02195649355
0.02195649355
0.02195649355
0.02195649355
0.02195649355
0.02195649355
0.02195649355
0.02195649355
0.02195649355
0.02195649355
0.02195649355
0.02195649355
0.02195649355
0.02195649355
0.02195649355
0.02195649355
0.02195649355
0.02195649355
0.02195649355
0.02195649355
0.02195649355
0.02195649355
0.02195649355
0.02195649355
0.02195649355
0.02195649355
0.02195649355
0.02195649355
0.02195649355
0.02195649355
0.02195649355
0.02195649355
0.02195649355
0.02195649355
0.02195649355
0.02195649355
0.02195649355
0.02195649355
0.02195649355
0.02195649355
0.02195649355
0.02195649355
0.02195649355
0.02195649355
0.02195649355
0.02195649355
0.02195649355
0.02195649355
0.02195649355
0.02195649355
0.02195649355
0.02195649355
0.02195649355
0.02195649355
0.02195649355
0.02195649355
0.02195649355
0.02195649355
0.02195649355
0.02195649355
0.02195649355
0.02195649355
0.02195649355
0.02195649355
0.02195649355
0.02195649355
0.02195649355
0.02195649355
0.02195649355
0.02195649355
0.02195649355
0.02195649355
0.02195649355
0.02195649355
0.02195649355
0.02195649355
0.02195649355
0.02195649355
0.02195649355
0.02195649355
0.02195649355
0.02195649355
0.02195649355
0.02195649355
0.02195649355
0.02195649355
0.02195649355
0.02195649355
0.02195649355
0.02195649355
0.02195649355
0.02195649355
0.02195649355
0.02195649355
0.02195649355
0.02195649355
0.02195649355
0.02195649355
0.02195649355
0.02195649355
0.02195649355
0.02195649355
0.02195649355
0.02195649355
0.02195649355
0.02195649355
0.02195649355
0.02195649355
0.02195649355
0.02195649355
0.396125649
0.395532445
0.3955458339
0.3955152824
0.3954355735
0.395309254
0.3951398881
0.3949313104
0.3946871944
0.3944107036
0.3941042388
0.3937692903
0.3934063869
0.3930151215
0.39259422
0.3921415297
0.3916527863
0.3911055082
0.3902224309
0.3857793394
0.3626286163
0.2397810128
0.02259062222
0.02195671257
0.02195649365
0.02195649355
0.02195649355
0.02195649355
0.02195649355
0.02195649355
0.02195649355
0.02195649355
0.02195649355
0.02195649355
0.02195649355
0.02195649355
0.02195649355
0.02195649355
0.02195649355
0.02195649355
0.02195649355
0.02195649355
0.02195649355
0.02195649355
0.02195649355
0.02195649355
0.02195649355
0.02195649355
0.02195649355
0.02195649355
0.02195649355
0.02195649355
0.02195649355
0.02195649355
0.02195649355
0.02195649355
0.02195649355
0.02195649355
0.02195649355
0.02195649355
0.02195649355
0.02195649355
0.02195649355
0.02195649355
0.02195649355
0.02195649355
0.02195649355
0.02195649355
0.02195649355
0.02195649355
0.02195649355
0.02195649355
0.02195649355
0.02195649355
0.02195649355
0.02195649355
0.02195649355
0.02195649355
0.02195649355
0.02195649355
0.02195649355
0.02195649355
0.02195649355
0.02195649355
0.02195649355
0.02195649355
0.02195649355
0.02195649355
0.02195649355
0.02195649355
0.02195649355
0.02195649355
0.02195649355
0.02195649355
0.02195649355
0.02195649355
0.02195649355
0.02195649355
0.02195649355
0.02195649355
0.02195649355
0.02195649355
0.02195649355
0.02195649355
0.02195649355
0.02195649355
0.02195649355
0.02195649355
0.02195649355
0.02195649355
0.02195649355
0.02195649355
0.02195649355
0.02195649355
0.02195649355
0.02195649355
0.02195649355
0.02195649355
0.02195649355
0.02195649355
0.02195649355
0.02195649355
0.02195649355
0.02195649355
0.02195649355
0.02195649355
0.02195649355
0.02195649355
0.02195649355
0.02195649355
0.02195649355
0.02195649355
0.02195649355
0.02195649355
0.02195649355
0.02195649355
0.02195649355
0.02195649355
0.02195649355
0.02195649355
0.02195649355
0.02195649355
0.02195649355
0.02195649355
0.02195649355
0.02195649355
0.02195649355
0.02195649355
0.02195649355
0.02195649355
0.02195649355
0.02195649355
0.02195649355
0.02195649355
0.02195649355
0.02195649355
0.02195649355
0.02195649355
0.02195649355
0.02195649355
0.02195649355
0.02195649355
0.02195649355
0.02195649355
0.02195649355
0.02195649355
0.02195649355
0.02195649355
0.02195649355
0.02195649355
0.02195649355
0.02195649355
0.02195649355
0.02195649355
0.02195649355
0.02195649355
0.02195649355
0.02195649355
0.02195649355
0.02195649355
0.02195649355
0.02195649355
0.02195649355
0.02195649355
0.02195649355
0.02195649355
0.02195649355
0.02195649355
0.02195649355
0.02195649355
0.02195649355
0.02195649355
0.02195649355
0.02195649355
0.02195649355
0.02195649355
0.02195649355
0.02195649355
0.02195649355
0.02195649355
0.3960314866
0.3954455068
0.3954598777
0.395430299
0.3953515678
0.3952261297
0.3950574314
0.3948491875
0.3946049567
0.3943277985
0.3940200232
0.3936830455
0.3933173336
0.3929224347
0.3924970439
0.3920389968
0.391544084
0.3909905575
0.390112478
0.3857897966
0.3631939085
0.2446917816
0.02262142001
0.02195672328
0.02195649366
0.02195649355
0.02195649355
0.02195649355
0.02195649355
0.02195649355
0.02195649355
0.02195649355
0.02195649355
0.02195649355
0.02195649355
0.02195649355
0.02195649355
0.02195649355
0.02195649355
0.02195649355
0.02195649355
0.02195649355
0.02195649355
0.02195649355
0.02195649355
0.02195649355
0.02195649355
0.02195649355
0.02195649355
0.02195649355
0.02195649355
0.02195649355
0.02195649355
0.02195649355
0.02195649355
0.02195649355
0.02195649355
0.02195649355
0.02195649355
0.02195649355
0.02195649355
0.02195649355
0.02195649355
0.02195649355
0.02195649355
0.02195649355
0.02195649355
0.02195649355
0.02195649355
0.02195649355
0.02195649355
0.02195649355
0.02195649355
0.02195649355
0.02195649355
0.02195649355
0.02195649355
0.02195649355
0.02195649355
0.02195649355
0.02195649355
0.02195649355
0.02195649355
0.02195649355
0.02195649355
0.02195649355
0.02195649355
0.02195649355
0.02195649355
0.02195649355
0.02195649355
0.02195649355
0.02195649355
0.02195649355
0.02195649355
0.02195649355
0.02195649355
0.02195649355
0.02195649355
0.02195649355
0.02195649355
0.02195649355
0.02195649355
0.02195649355
0.02195649355
0.02195649355
0.02195649355
0.02195649355
0.02195649355
0.02195649355
0.02195649355
0.02195649355
0.02195649355
0.02195649355
0.02195649355
0.02195649355
0.02195649355
0.02195649355
0.02195649355
0.02195649355
0.02195649355
0.02195649355
0.02195649355
0.02195649355
0.02195649355
0.02195649355
0.02195649355
0.02195649355
0.02195649355
0.02195649355
0.02195649355
0.02195649355
0.02195649355
0.02195649355
0.02195649355
0.02195649355
0.02195649355
0.02195649355
0.02195649355
0.02195649355
0.02195649355
0.02195649355
0.02195649355
0.02195649355
0.02195649355
0.02195649355
0.02195649355
0.02195649355
0.02195649355
0.02195649355
0.02195649355
0.02195649355
0.02195649355
0.02195649355
0.02195649355
0.02195649355
0.02195649355
0.02195649355
0.02195649355
0.02195649355
0.02195649355
0.02195649355
0.02195649355
0.02195649355
0.02195649355
0.02195649355
0.02195649355
0.02195649355
0.02195649355
0.02195649355
0.02195649355
0.02195649355
0.02195649355
0.02195649355
0.02195649355
0.02195649355
0.02195649355
0.02195649355
0.02195649355
0.02195649355
0.02195649355
0.02195649355
0.02195649355
0.02195649355
0.02195649355
0.02195649355
0.02195649355
0.02195649355
0.02195649355
0.02195649355
0.02195649355
0.02195649355
0.02195649355
0.02195649355
0.02195649355
0.02195649355
0.02195649355
0.02195649355
0.02195649355
0.02195649355
0.3959309855
0.3953518316
0.3953670795
0.3953382883
0.3952602698
0.3951353745
0.3949669391
0.3947585668
0.3945137119
0.394235342
0.3939256914
0.3935861154
0.3932170398
0.3928179849
0.3923876336
0.3919238263
0.391422421
0.3908623999
0.3899889239
0.3857854871
0.3637409863
0.24945001
0.02265217186
0.02195673404
0.02195649366
0.02195649355
0.02195649355
0.02195649355
0.02195649355
0.02195649355
0.02195649355
0.02195649355
0.02195649355
0.02195649355
0.02195649355
0.02195649355
0.02195649355
0.02195649355
0.02195649355
0.02195649355
0.02195649355
0.02195649355
0.02195649355
0.02195649355
0.02195649355
0.02195649355
0.02195649355
0.02195649355
0.02195649355
0.02195649355
0.02195649355
0.02195649355
0.02195649355
0.02195649355
0.02195649355
0.02195649355
0.02195649355
0.02195649355
0.02195649355
0.02195649355
0.02195649355
0.02195649355
0.02195649355
0.02195649355
0.02195649355
0.02195649355
0.02195649355
0.02195649355
0.02195649355
0.02195649355
0.02195649355
0.02195649355
0.02195649355
0.02195649355
0.02195649355
0.02195649355
0.02195649355
0.02195649355
0.02195649355
0.02195649355
0.02195649355
0.02195649355
0.02195649355
0.02195649355
0.02195649355
0.02195649355
0.02195649355
0.02195649355
0.02195649355
0.02195649355
0.02195649355
0.02195649355
0.02195649355
0.02195649355
0.02195649355
0.02195649355
0.02195649355
0.02195649355
0.02195649355
0.02195649355
0.02195649355
0.02195649355
0.02195649355
0.02195649355
0.02195649355
0.02195649355
0.02195649355
0.02195649355
0.02195649355
0.02195649355
0.02195649355
0.02195649355
0.02195649355
0.02195649355
0.02195649355
0.02195649355
0.02195649355
0.02195649355
0.02195649355
0.02195649355
0.02195649355
0.02195649355
0.02195649355
0.02195649355
0.02195649355
0.02195649355
0.02195649355
0.02195649355
0.02195649355
0.02195649355
0.02195649355
0.02195649355
0.02195649355
0.02195649355
0.02195649355
0.02195649355
0.02195649355
0.02195649355
0.02195649355
0.02195649355
0.02195649355
0.02195649355
0.02195649355
0.02195649355
0.02195649355
0.02195649355
0.02195649355
0.02195649355
0.02195649355
0.02195649355
0.02195649355
0.02195649355
0.02195649355
0.02195649355
0.02195649355
0.02195649355
0.02195649355
0.02195649355
0.02195649355
0.02195649355
0.02195649355
0.02195649355
0.02195649355
0.02195649355
0.02195649355
0.02195649355
0.02195649355
0.02195649355
0.02195649355
0.02195649355
0.02195649355
0.02195649355
0.02195649355
0.02195649355
0.02195649355
0.02195649355
0.02195649355
0.02195649355
0.02195649355
0.02195649355
0.02195649355
0.02195649355
0.02195649355
0.02195649355
0.02195649355
0.02195649355
0.02195649355
0.02195649355
0.02195649355
0.02195649355
0.02195649355
0.02195649355
0.02195649355
0.02195649355
0.02195649355
0.02195649355
0.02195649355
0.02195649355
0.02195649355
0.02195649355
0.3958244278
0.3952517075
0.3952677167
0.3952395152
0.3951619311
0.3950372277
0.3948686408
0.3946596728
0.3944136853
0.3941335668
0.3938214897
0.3934787654
0.3931057926
0.3927020803
0.3922663133
0.3917963484
0.3912881187
0.3907213286
0.3898520048
0.3857664923
0.3642696624
0.2540561538
0.02268282022
0.02195674482
0.02195649367
0.02195649355
0.02195649355
0.02195649355
0.02195649355
0.02195649355
0.02195649355
0.02195649355
0.02195649355
0.02195649355
0.02195649355
0.02195649355
0.02195649355
0.02195649355
0.02195649355
0.02195649355
0.02195649355
0.02195649355
0.02195649355
0.02195649355
0.02195649355
0.02195649355
0.02195649355
0.02195649355
0.02195649355
0.02195649355
0.02195649355
0.02195649355
0.02195649355
0.02195649355
0.02195649355
0.02195649355
0.02195649355
0.02195649355
0.02195649355
0.02195649355
0.02195649355
0.02195649355
0.02195649355
0.02195649355
0.02195649355
0.02195649355
0.02195649355
0.02195649355
0.02195649355
0.02195649355
0.02195649355
0.02195649355
0.02195649355
0.02195649355
0.02195649355
0.02195649355
0.02195649355
0.02195649355
0.02195649355
0.02195649355
0.02195649355
0.02195649355
0.02195649355
0.02195649355
0.02195649355
0.02195649355
0.02195649355
0.02195649355
0.02195649355
0.02195649355
0.02195649355
0.02195649355
0.02195649355
0.02195649355
0.02195649355
0.02195649355
0.02195649355
0.02195649355
0.02195649355
0.02195649355
0.02195649355
0.02195649355
0.02195649355
0.02195649355
0.02195649355
0.02195649355
0.02195649355
0.02195649355
0.02195649355
0.02195649355
0.02195649355
0.02195649355
0.02195649355
0.02195649355
0.02195649355
0.02195649355
0.02195649355
0.02195649355
0.02195649355
0.02195649355
0.02195649355
0.02195649355
0.02195649355
0.02195649355
0.02195649355
0.02195649355
0.02195649355
0.02195649355
0.02195649355
0.02195649355
0.02195649355
0.02195649355
0.02195649355
0.02195649355
0.02195649355
0.02195649355
0.02195649355
0.02195649355
0.02195649355
0.02195649355
0.02195649355
0.02195649355
0.02195649355
0.02195649355
0.02195649355
0.02195649355
0.02195649355
0.02195649355
0.02195649355
0.02195649355
0.02195649355
0.02195649355
0.02195649355
0.02195649355
0.02195649355
0.02195649355
0.02195649355
0.02195649355
0.02195649355
0.02195649355
0.02195649355
0.02195649355
0.02195649355
0.02195649355
0.02195649355
0.02195649355
0.02195649355
0.02195649355
0.02195649355
0.02195649355
0.02195649355
0.02195649355
0.02195649355
0.02195649355
0.02195649355
0.02195649355
0.02195649355
0.02195649355
0.02195649355
0.02195649355
0.02195649355
0.02195649355
0.02195649355
0.02195649355
0.02195649355
0.02195649355
0.02195649355
0.02195649355
0.02195649355
0.02195649355
0.02195649355
0.02195649355
0.02195649355
0.02195649355
0.02195649355
0.02195649355
0.02195649355
0.02195649355
0.02195649355
0.02195649355
0.3957120205
0.3951453561
0.3951620044
0.3951341871
0.3950567518
0.3949318836
0.394762728
0.3945526981
0.3943050752
0.3940226821
0.3937076428
0.3933612383
0.392983854
0.3925749995
0.3921333723
0.391656854
0.3911414569
0.3905675977
0.3897019259
0.3857328788
0.3647798199
0.2585116254
0.02271331424
0.02195675562
0.02195649368
0.02195649355
0.02195649355
0.02195649355
0.02195649355
0.02195649355
0.02195649355
0.02195649355
0.02195649355
0.02195649355
0.02195649355
0.02195649355
0.02195649355
0.02195649355
0.02195649355
0.02195649355
0.02195649355
0.02195649355
0.02195649355
0.02195649355
0.02195649355
0.02195649355
0.02195649355
0.02195649355
0.02195649355
0.02195649355
0.02195649355
0.02195649355
0.02195649355
0.02195649355
0.02195649355
0.02195649355
0.02195649355
0.02195649355
0.02195649355
0.02195649355
0.02195649355
0.02195649355
0.02195649355
0.02195649355
0.02195649355
0.02195649355
0.02195649355
0.02195649355
0.02195649355
0.02195649355
0.02195649355
0.02195649355
0.02195649355
0.02195649355
0.02195649355
0.02195649355
0.02195649355
0.02195649355
0.02195649355
0.02195649355
0.02195649355
0.02195649355
0.02195649355
0.02195649355
0.02195649355
0.02195649355
0.02195649355
0.02195649355
0.02195649355
0.02195649355
0.02195649355
0.02195649355
0.02195649355
0.02195649355
0.02195649355
0.02195649355
0.02195649355
0.02195649355
0.02195649355
0.02195649355
0.02195649355
0.02195649355
0.02195649355
0.02195649355
0.02195649355
0.02195649355
0.02195649355
0.02195649355
0.02195649355
0.02195649355
0.02195649355
0.02195649355
0.02195649355
0.02195649355
0.02195649355
0.02195649355
0.02195649355
0.02195649355
0.02195649355
0.02195649355
0.02195649355
0.02195649355
0.02195649355
0.02195649355
0.02195649355
0.02195649355
0.02195649355
0.02195649355
0.02195649355
0.02195649355
0.02195649355
0.02195649355
0.02195649355
0.02195649355
0.02195649355
0.02195649355
0.02195649355
0.02195649355
0.02195649355
0.02195649355
0.02195649355
0.02195649355
0.02195649355
0.02195649355
0.02195649355
0.02195649355
0.02195649355
0.02195649355
0.02195649355
0.02195649355
0.02195649355
0.02195649355
0.02195649355
0.02195649355
0.02195649355
0.02195649355
0.02195649355
0.02195649355
0.02195649355
0.02195649355
0.02195649355
0.02195649355
0.02195649355
0.02195649355
0.02195649355
0.02195649355
0.02195649355
0.02195649355
0.02195649355
0.02195649355
0.02195649355
0.02195649355
0.02195649355
0.02195649355
0.02195649355
0.02195649355
0.02195649355
0.02195649355
0.02195649355
0.02195649355
0.02195649355
0.02195649355
0.02195649355
0.02195649355
0.02195649355
0.02195649355
0.02195649355
0.02195649355
0.02195649355
0.02195649355
0.02195649355
0.02195649355
0.02195649355
0.02195649355
0.02195649355
0.02195649355
0.02195649355
0.02195649355
0.02195649355
0.02195649355
0.3955939122
0.3950329467
0.395050108
0.3950224658
0.3949448914
0.3948195012
0.394649362
0.3944378098
0.3941880582
0.3939028774
0.3935843558
0.3932337564
0.3928514623
0.3924369941
0.3919890697
0.391505601
0.3909826822
0.3904014301
0.3895388687
0.3856847022
0.3652714052
0.2628187049
0.02274360991
0.02195676641
0.02195649368
0.02195649355
0.02195649355
0.02195649355
0.02195649355
0.02195649355
0.02195649355
0.02195649355
0.02195649355
0.02195649355
0.02195649355
0.02195649355
0.02195649355
0.02195649355
0.02195649355
0.02195649355
0.02195649355
0.02195649355
0.02195649355
0.02195649355
0.02195649355
0.02195649355
0.02195649355
0.02195649355
0.02195649355
0.02195649355
0.02195649355
0.02195649355
0.02195649355
0.02195649355
0.02195649355
0.02195649355
0.02195649355
0.02195649355
0.02195649355
0.02195649355
0.02195649355
0.02195649355
0.02195649355
0.02195649355
0.02195649355
0.02195649355
0.02195649355
0.02195649355
0.02195649355
0.02195649355
0.02195649355
0.02195649355
0.02195649355
0.02195649355
0.02195649355
0.02195649355
0.02195649355
0.02195649355
0.02195649355
0.02195649355
0.02195649355
0.02195649355
0.02195649355
0.02195649355
0.02195649355
0.02195649355
0.02195649355
0.02195649355
0.02195649355
0.02195649355
0.02195649355
0.02195649355
0.02195649355
0.02195649355
0.02195649355
0.02195649355
0.02195649355
0.02195649355
0.02195649355
0.02195649355
0.02195649355
0.02195649355
0.02195649355
0.02195649355
0.02195649355
0.02195649355
0.02195649355
0.02195649355
0.02195649355
0.02195649355
0.02195649355
0.02195649355
0.02195649355
0.02195649355
0.02195649355
0.02195649355
0.02195649355
0.02195649355
0.02195649355
0.02195649355
0.02195649355
0.02195649355
0.02195649355
0.02195649355
0.02195649355
0.02195649355
0.02195649355
0.02195649355
0.02195649355
0.02195649355
0.02195649355
0.02195649355
0.02195649355
0.02195649355
0.02195649355
0.02195649355
0.02195649355
0.02195649355
0.02195649355
0.02195649355
0.02195649355
0.02195649355
0.02195649355
0.02195649355
0.02195649355
0.02195649355
0.02195649355
0.02195649355
0.02195649355
0.02195649355
0.02195649355
0.02195649355
0.02195649355
0.02195649355
0.02195649355
0.02195649355
0.02195649355
0.02195649355
0.02195649355
0.02195649355
0.02195649355
0.02195649355
0.02195649355
0.02195649355
0.02195649355
0.02195649355
0.02195649355
0.02195649355
0.02195649355
0.02195649355
0.02195649355
0.02195649355
0.02195649355
0.02195649355
0.02195649355
0.02195649355
0.02195649355
0.02195649355
0.02195649355
0.02195649355
0.02195649355
0.02195649355
0.02195649355
0.02195649355
0.02195649355
0.02195649355
0.02195649355
0.02195649355
0.02195649355
0.02195649355
0.02195649355
0.02195649355
0.02195649355
0.02195649355
0.02195649355
0.02195649355
0.02195649355
0.02195649355
0.02195649355
0.02195649355
0.395470206
0.3949146069
0.3949321539
0.3949044775
0.3948264772
0.3947002114
0.3945286797
0.3943151535
0.3940627917
0.3937743243
0.3934518159
0.3930965226
0.3927088347
0.3922882916
0.3918336378
0.3913428196
0.3908120137
0.3902230242
0.3893629961
0.3856220097
0.365744418
0.2669804203
0.02277366985
0.02195677718
0.02195649369
0.02195649355
0.02195649355
0.02195649355
0.02195649355
0.02195649355
0.02195649355
0.02195649355
0.02195649355
0.02195649355
0.02195649355
0.02195649355
0.02195649355
0.02195649355
0.02195649355
0.02195649355
0.02195649355
0.02195649355
0.02195649355
0.02195649355
0.02195649355
0.02195649355
0.02195649355
0.02195649355
0.02195649355
0.02195649355
0.02195649355
0.02195649355
0.02195649355
0.02195649355
0.02195649355
0.02195649355
0.02195649355
0.02195649355
0.02195649355
0.02195649355
0.02195649355
0.02195649355
0.02195649355
0.02195649355
0.02195649355
0.02195649355
0.02195649355
0.02195649355
0.02195649355
0.02195649355
0.02195649355
0.02195649355
0.02195649355
0.02195649355
0.02195649355
0.02195649355
0.02195649355
0.02195649355
0.02195649355
0.02195649355
0.02195649355
0.02195649355
0.02195649355
0.02195649355
0.02195649355
0.02195649355
0.02195649355
0.02195649355
0.02195649355
0.02195649355
0.02195649355
0.02195649355
0.02195649355
0.02195649355
0.02195649355
0.02195649355
0.02195649355
0.02195649355
0.02195649355
0.02195649355
0.02195649355
0.02195649355
0.02195649355
0.02195649355
0.02195649355
0.02195649355
0.02195649355
0.02195649355
0.02195649355
0.02195649355
0.02195649355
0.02195649355
0.02195649355
0.02195649355
0.02195649355
0.02195649355
0.02195649355
0.02195649355
0.02195649355
0.02195649355
0.02195649355
0.02195649355
0.02195649355
0.02195649355
0.02195649355
0.02195649355
0.02195649355
0.02195649355
0.02195649355
0.02195649355
0.02195649355
0.02195649355
0.02195649355
0.02195649355
0.02195649355
0.02195649355
0.02195649355
0.02195649355
0.02195649355
0.02195649355
0.02195649355
0.02195649355
0.02195649355
0.02195649355
0.02195649355
0.02195649355
0.02195649355
0.02195649355
0.02195649355
0.02195649355
0.02195649355
0.02195649355
0.02195649355
0.02195649355
0.02195649355
0.02195649355
0.02195649355
0.02195649355
0.02195649355
0.02195649355
0.02195649355
0.02195649355
0.02195649355
0.02195649355
0.02195649355
0.02195649355
0.02195649355
0.02195649355
0.02195649355
0.02195649355
0.02195649355
0.02195649355
0.02195649355
0.02195649355
0.02195649355
0.02195649355
0.02195649355
0.02195649355
0.02195649355
0.02195649355
0.02195649355
0.02195649355
0.02195649355
0.02195649355
0.02195649355
0.02195649355
0.02195649355
0.02195649355
0.02195649355
0.02195649355
0.02195649355
0.02195649355
0.02195649355
0.02195649355
0.02195649355
0.02195649355
0.02195649355
0.02195649355
0.02195649355
0.02195649355
0.3953409704
0.3947904312
0.3948082375
0.3947803197
0.394701611
0.3945741222
0.3944007978
0.3941848571
0.3939294168
0.3936371783
0.3933101939
0.392949722
0.3925561687
0.3921290982
0.3916672864
0.3911687164
0.3906296481
0.3900325584
0.3891744563
0.3855448405
0.3661988985
0.2710004353
0.02280346297
0.02195678793
0.02195649369
0.02195649355
0.02195649355
0.02195649355
0.02195649355
0.02195649355
0.02195649355
0.02195649355
0.02195649355
0.02195649355
0.02195649355
0.02195649355
0.02195649355
0.02195649355
0.02195649355
0.02195649355
0.02195649355
0.02195649355
0.02195649355
0.02195649355
0.02195649355
0.02195649355
0.02195649355
0.02195649355
0.02195649355
0.02195649355
0.02195649355
0.02195649355
0.02195649355
0.02195649355
0.02195649355
0.02195649355
0.02195649355
0.02195649355
0.02195649355
0.02195649355
0.02195649355
0.02195649355
0.02195649355
0.02195649355
0.02195649355
0.02195649355
0.02195649355
0.02195649355
0.02195649355
0.02195649355
0.02195649355
0.02195649355
0.02195649355
0.02195649355
0.02195649355
0.02195649355
0.02195649355
0.02195649355
0.02195649355
0.02195649355
0.02195649355
0.02195649355
0.02195649355
0.02195649355
0.02195649355
0.02195649355
0.02195649355
0.02195649355
0.02195649355
0.02195649355
0.02195649355
0.02195649355
0.02195649355
0.02195649355
0.02195649355
0.02195649355
0.02195649355
0.02195649355
0.02195649355
0.02195649355
0.02195649355
0.02195649355
0.02195649355
0.02195649355
0.02195649355
0.02195649355
0.02195649355
0.02195649355
0.02195649355
0.02195649355
0.02195649355
0.02195649355
0.02195649355
0.02195649355
0.02195649355
0.02195649355
0.02195649355
0.02195649355
0.02195649355
0.02195649355
0.02195649355
0.02195649355
0.02195649355
0.02195649355
0.02195649355
0.02195649355
0.02195649355
0.02195649355
0.02195649355
0.02195649355
0.02195649355
0.02195649355
0.02195649355
0.02195649355
0.02195649355
0.02195649355
0.02195649355
0.02195649355
0.02195649355
0.02195649355
0.02195649355
0.02195649355
0.02195649355
0.02195649355
0.02195649355
0.02195649355
0.02195649355
0.02195649355
0.02195649355
0.02195649355
0.02195649355
0.02195649355
0.02195649355
0.02195649355
0.02195649355
0.02195649355
0.02195649355
0.02195649355
0.02195649355
0.02195649355
0.02195649355
0.02195649355
0.02195649355
0.02195649355
0.02195649355
0.02195649355
0.02195649355
0.02195649355
0.02195649355
0.02195649355
0.02195649355
0.02195649355
0.02195649355
0.02195649355
0.02195649355
0.02195649355
0.02195649355
0.02195649355
0.02195649355
0.02195649355
0.02195649355
0.02195649355
0.02195649355
0.02195649355
0.02195649355
0.02195649355
0.02195649355
0.02195649355
0.02195649355
0.02195649355
0.02195649355
0.02195649355
0.02195649355
0.02195649355
0.02195649355
0.02195649355
0.02195649355
0.02195649355
0.02195649355
0.02195649355
0.395206247
0.3946604882
0.3946784294
0.3946500671
0.3945703735
0.3944413228
0.3942658161
0.3940470327
0.3937880593
0.39349158
0.3931596447
0.3927935231
0.3923936435
0.3919596006
0.3914902047
0.390983478
0.3904357629
0.3898301946
0.3889733854
0.3854532277
0.3666349183
0.2748829285
0.02283296409
0.02195679865
0.0219564937
0.02195649355
0.02195649355
0.02195649355
0.02195649355
0.02195649355
0.02195649355
0.02195649355
0.02195649355
0.02195649355
0.02195649355
0.02195649355
0.02195649355
0.02195649355
0.02195649355
0.02195649355
0.02195649355
0.02195649355
0.02195649355
0.02195649355
0.02195649355
0.02195649355
0.02195649355
0.02195649355
0.02195649355
0.02195649355
0.02195649355
0.02195649355
0.02195649355
0.02195649355
0.02195649355
0.02195649355
0.02195649355
0.02195649355
0.02195649355
0.02195649355
0.02195649355
0.02195649355
0.02195649355
0.02195649355
0.02195649355
0.02195649355
0.02195649355
0.02195649355
0.02195649355
0.02195649355
0.02195649355
0.02195649355
0.02195649355
0.02195649355
0.02195649355
0.02195649355
0.02195649355
0.02195649355
0.02195649355
0.02195649355
0.02195649355
0.02195649355
0.02195649355
0.02195649355
0.02195649355
0.02195649355
0.02195649355
0.02195649355
0.02195649355
0.02195649355
0.02195649355
0.02195649355
0.02195649355
0.02195649355
0.02195649355
0.02195649355
0.02195649355
0.02195649355
0.02195649355
0.02195649355
0.02195649355
0.02195649355
0.02195649355
0.02195649355
0.02195649355
0.02195649355
0.02195649355
0.02195649355
0.02195649355
0.02195649355
0.02195649355
0.02195649355
0.02195649355
0.02195649355
0.02195649355
0.02195649355
0.02195649355
0.02195649355
0.02195649355
0.02195649355
0.02195649355
0.02195649355
0.02195649355
0.02195649355
0.02195649355
0.02195649355
0.02195649355
0.02195649355
0.02195649355
0.02195649355
0.02195649355
0.02195649355
0.02195649355
0.02195649355
0.02195649355
0.02195649355
0.02195649355
0.02195649355
0.02195649355
0.02195649355
0.02195649355
0.02195649355
0.02195649355
0.02195649355
0.02195649355
0.02195649355
0.02195649355
0.02195649355
0.02195649355
0.02195649355
0.02195649355
0.02195649355
0.02195649355
0.02195649355
0.02195649355
0.02195649355
0.02195649355
0.02195649355
0.02195649355
0.02195649355
0.02195649355
0.02195649355
0.02195649355
0.02195649355
0.02195649355
0.02195649355
0.02195649355
0.02195649355
0.02195649355
0.02195649355
0.02195649355
0.02195649355
0.02195649355
0.02195649355
0.02195649355
0.02195649355
0.02195649355
0.02195649355
0.02195649355
0.02195649355
0.02195649355
0.02195649355
0.02195649355
0.02195649355
0.02195649355
0.02195649355
0.02195649355
0.02195649355
0.02195649355
0.02195649355
0.02195649355
0.02195649355
0.02195649355
0.02195649355
0.02195649355
0.02195649355
0.02195649355
0.02195649355
0.02195649355
0.02195649355
0.3950660571
0.3945248253
0.3945427804
0.3945137756
0.3944328285
0.3943018867
0.3941238194
0.3939017784
0.3936388313
0.3933376559
0.3930003088
0.3926280785
0.3922214218
0.3917799679
0.3913025644
0.3907872735
0.3902305196
0.3896160809
0.3887599096
0.3853471981
0.3670525685
0.2786324794
0.02286215345
0.02195680933
0.0219564937
0.02195649355
0.02195649355
0.02195649355
0.02195649355
0.02195649355
0.02195649355
0.02195649355
0.02195649355
0.02195649355
0.02195649355
0.02195649355
0.02195649355
0.02195649355
0.02195649355
0.02195649355
0.02195649355
0.02195649355
0.02195649355
0.02195649355
0.02195649355
0.02195649355
0.02195649355
0.02195649355
0.02195649355
0.02195649355
0.02195649355
0.02195649355
0.02195649355
0.02195649355
0.02195649355
0.02195649355
0.02195649355
0.02195649355
0.02195649355
0.02195649355
0.02195649355
0.02195649355
0.02195649355
0.02195649355
0.02195649355
0.02195649355
0.02195649355
0.02195649355
0.02195649355
0.02195649355
0.02195649355
0.02195649355
0.02195649355
0.02195649355
0.02195649355
0.02195649355
0.02195649355
0.02195649355
0.02195649355
0.02195649355
0.02195649355
0.02195649355
0.02195649355
0.02195649355
0.02195649355
0.02195649355
0.02195649355
0.02195649355
0.02195649355
0.02195649355
0.02195649355
0.02195649355
0.02195649355
0.02195649355
0.02195649355
0.02195649355
0.02195649355
0.02195649355
0.02195649355
0.02195649355
0.02195649355
0.02195649355
0.02195649355
0.02195649355
0.02195649355
0.02195649355
0.02195649355
0.02195649355
0.02195649355
0.02195649355
0.02195649355
0.02195649355
0.02195649355
0.02195649355
0.02195649355
0.02195649355
0.02195649355
0.02195649355
0.02195649355
0.02195649355
0.02195649355
0.02195649355
0.02195649355
0.02195649355
0.02195649355
0.02195649355
0.02195649355
0.02195649355
0.02195649355
0.02195649355
0.02195649355
0.02195649355
0.02195649355
0.02195649355
0.02195649355
0.02195649355
0.02195649355
0.02195649355
0.02195649355
0.02195649355
0.02195649355
0.02195649355
0.02195649355
0.02195649355
0.02195649355
0.02195649355
0.02195649355
0.02195649355
0.02195649355
0.02195649355
0.02195649355
0.02195649355
0.02195649355
0.02195649355
0.02195649355
0.02195649355
0.02195649355
0.02195649355
0.02195649355
0.02195649355
0.02195649355
0.02195649355
0.02195649355
0.02195649355
0.02195649355
0.02195649355
0.02195649355
0.02195649355
0.02195649355
0.02195649355
0.02195649355
0.02195649355
0.02195649355
0.02195649355
0.02195649355
0.02195649355
0.02195649355
0.02195649355
0.02195649355
0.02195649355
0.02195649355
0.02195649355
0.02195649355
0.02195649355
0.02195649355
0.02195649355
0.02195649355
0.02195649355
0.02195649355
0.02195649355
0.02195649355
0.02195649355
0.02195649355
0.02195649355
0.02195649355
0.02195649355
0.02195649355
0.02195649355
0.02195649355
0.02195649355
0.3949204065
0.3943834731
0.3944013251
0.3943714862
0.3942890252
0.3941558735
0.3939748799
0.3937491795
0.3934818322
0.3931755193
0.3928323126
0.3924535263
0.3920396508
0.3915903536
0.3911045212
0.3905802569
0.3900140658
0.3893903537
0.3885341463
0.3852267732
0.3674519519
0.2822539663
0.02289101618
0.02195681996
0.02195649371
0.02195649355
0.02195649355
0.02195649355
0.02195649355
0.02195649355
0.02195649355
0.02195649355
0.02195649355
0.02195649355
0.02195649355
0.02195649355
0.02195649355
0.02195649355
0.02195649355
0.02195649355
0.02195649355
0.02195649355
0.02195649355
0.02195649355
0.02195649355
0.02195649355
0.02195649355
0.02195649355
0.02195649355
0.02195649355
0.02195649355
0.02195649355
0.02195649355
0.02195649355
0.02195649355
0.02195649355
0.02195649355
0.02195649355
0.02195649355
0.02195649355
0.02195649355
0.02195649355
0.02195649355
0.02195649355
0.02195649355
0.02195649355
0.02195649355
0.02195649355
0.02195649355
0.02195649355
0.02195649355
0.02195649355
0.02195649355
0.02195649355
0.02195649355
0.02195649355
0.02195649355
0.02195649355
0.02195649355
0.02195649355
0.02195649355
0.02195649355
0.02195649355
0.02195649355
0.02195649355
0.02195649355
0.02195649355
0.02195649355
0.02195649355
0.02195649355
0.02195649355
0.02195649355
0.02195649355
0.02195649355
0.02195649355
0.02195649355
0.02195649355
0.02195649355
0.02195649355
0.02195649355
0.02195649355
0.02195649355
0.02195649355
0.02195649355
0.02195649355
0.02195649355
0.02195649355
0.02195649355
0.02195649355
0.02195649355
0.02195649355
0.02195649355
0.02195649355
0.02195649355
0.02195649355
0.02195649355
0.02195649355
0.02195649355
0.02195649355
0.02195649355
0.02195649355
0.02195649355
0.02195649355
0.02195649355
0.02195649355
0.02195649355
0.02195649355
0.02195649355
0.02195649355
0.02195649355
0.02195649355
0.02195649355
0.02195649355
0.02195649355
0.02195649355
0.02195649355
0.02195649355
0.02195649355
0.02195649355
0.02195649355
0.02195649355
0.02195649355
0.02195649355
0.02195649355
0.02195649355
0.02195649355
0.02195649355
0.02195649355
0.02195649355
0.02195649355
0.02195649355
0.02195649355
0.02195649355
0.02195649355
0.02195649355
0.02195649355
0.02195649355
0.02195649355
0.02195649355
0.02195649355
0.02195649355
0.02195649355
0.02195649355
0.02195649355
0.02195649355
0.02195649355
0.02195649355
0.02195649355
0.02195649355
0.02195649355
0.02195649355
0.02195649355
0.02195649355
0.02195649355
0.02195649355
0.02195649355
0.02195649355
0.02195649355
0.02195649355
0.02195649355
0.02195649355
0.02195649355
0.02195649355
0.02195649355
0.02195649355
0.02195649355
0.02195649355
0.02195649355
0.02195649355
0.02195649355
0.02195649355
0.02195649355
0.02195649355
0.02195649355
0.02195649355
0.02195649355
0.02195649355
0.02195649355
0.02195649355
0.02195649355
0.3947692892
0.3942364485
0.3942540849
0.3942232269
0.3941390007
0.3940033312
0.3938190576
0.3935893094
0.393317149
0.3930052707
0.3926557691
0.3922699905
0.3918484635
0.3913908963
0.3908962165
0.3903625686
0.3897865369
0.3891531393
0.3882962064
0.3850919704
0.3678331759
0.285752477
0.02291954179
0.02195683055
0.02195649371
0.02195649355
0.02195649355
0.02195649355
0.02195649355
0.02195649355
0.02195649355
0.02195649355
0.02195649355
0.02195649355
0.02195649355
0.02195649355
0.02195649355
0.02195649355
0.02195649355
0.02195649355
0.02195649355
0.02195649355
0.02195649355
0.02195649355
0.02195649355
0.02195649355
0.02195649355
0.02195649355
0.02195649355
0.02195649355
0.02195649355
0.02195649355
0.02195649355
0.02195649355
0.02195649355
0.02195649355
0.02195649355
0.02195649355
0.02195649355
0.02195649355
0.02195649355
0.02195649355
0.02195649355
0.02195649355
0.02195649355
0.02195649355
0.02195649355
0.02195649355
0.02195649355
0.02195649355
0.02195649355
0.02195649355
0.02195649355
0.02195649355
0.02195649355
0.02195649355
0.02195649355
0.02195649355
0.02195649355
0.02195649355
0.02195649355
0.02195649355
0.02195649355
0.02195649355
0.02195649355
0.02195649355
0.02195649355
0.02195649355
0.02195649355
0.02195649355
0.02195649355
0.02195649355
0.02195649355
0.02195649355
0.02195649355
0.02195649355
0.02195649355
0.02195649355
0.02195649355
0.02195649355
0.02195649355
0.02195649355
0.02195649355
0.02195649355
0.02195649355
0.02195649355
0.02195649355
0.02195649355
0.02195649355
0.02195649355
0.02195649355
0.02195649355
0.02195649355
0.02195649355
0.02195649355
0.02195649355
0.02195649355
0.02195649355
0.02195649355
0.02195649355
0.02195649355
0.02195649355
0.02195649355
0.02195649355
0.02195649355
0.02195649355
0.02195649355
0.02195649355
0.02195649355
0.02195649355
0.02195649355
0.02195649355
0.02195649355
0.02195649355
0.02195649355
0.02195649355
0.02195649355
0.02195649355
0.02195649355
0.02195649355
0.02195649355
0.02195649355
0.02195649355
0.02195649355
0.02195649355
0.02195649355
0.02195649355
0.02195649355
0.02195649355
0.02195649355
0.02195649355
0.02195649355
0.02195649355
0.02195649355
0.02195649355
0.02195649355
0.02195649355
0.02195649355
0.02195649355
0.02195649355
0.02195649355
0.02195649355
0.02195649355
0.02195649355
0.02195649355
0.02195649355
0.02195649355
0.02195649355
0.02195649355
0.02195649355
0.02195649355
0.02195649355
0.02195649355
0.02195649355
0.02195649355
0.02195649355
0.02195649355
0.02195649355
0.02195649355
0.02195649355
0.02195649355
0.02195649355
0.02195649355
0.02195649355
0.02195649355
0.02195649355
0.02195649355
0.02195649355
0.02195649355
0.02195649355
0.02195649355
0.02195649355
0.02195649355
0.02195649355
0.02195649355
0.02195649355
0.02195649355
0.02195649355
0.02195649355
0.02195649355
0.3946126893
0.3940837566
0.3941010698
0.3940690146
0.3939827809
0.3938442967
0.3936564016
0.3934222302
0.3931448573
0.3928269985
0.3924707788
0.392077582
0.3916479789
0.3911817212
0.3906777787
0.3901343369
0.3895480579
0.3889045553
0.3880461948
0.3849428041
0.3681963468
0.2891332226
0.0229477237
0.02195684108
0.02195649372
0.02195649355
0.02195649355
0.02195649355
0.02195649355
0.02195649355
0.02195649355
0.02195649355
0.02195649355
0.02195649355
0.02195649355
0.02195649355
0.02195649355
0.02195649355
0.02195649355
0.02195649355
0.02195649355
0.02195649355
0.02195649355
0.02195649355
0.02195649355
0.02195649355
0.02195649355
0.02195649355
0.02195649355
0.02195649355
0.02195649355
0.02195649355
0.02195649355
0.02195649355
0.02195649355
0.02195649355
0.02195649355
0.02195649355
0.02195649355
0.02195649355
0.02195649355
0.02195649355
0.02195649355
0.02195649355
0.02195649355
0.02195649355
0.02195649355
0.02195649355
0.02195649355
0.02195649355
0.02195649355
0.02195649355
0.02195649355
0.02195649355
0.02195649355
0.02195649355
0.02195649355
0.02195649355
0.02195649355
0.02195649355
0.02195649355
0.02195649355
0.02195649355
0.02195649355
0.02195649355
0.02195649355
0.02195649355
0.02195649355
0.02195649355
0.02195649355
0.02195649355
0.02195649355
0.02195649355
0.02195649355
0.02195649355
0.02195649355
0.02195649355
0.02195649355
0.02195649355
0.02195649355
0.02195649355
0.02195649355
0.02195649355
0.02195649355
0.02195649355
0.02195649355
0.02195649355
0.02195649355
0.02195649355
0.02195649355
0.02195649355
0.02195649355
0.02195649355
0.02195649355
0.02195649355
0.02195649355
0.02195649355
0.02195649355
0.02195649355
0.02195649355
0.02195649355
0.02195649355
0.02195649355
0.02195649355
0.02195649355
0.02195649355
0.02195649355
0.02195649355
0.02195649355
0.02195649355
0.02195649355
0.02195649355
0.02195649355
0.02195649355
0.02195649355
0.02195649355
0.02195649355
0.02195649355
0.02195649355
0.02195649355
0.02195649355
0.02195649355
0.02195649355
0.02195649355
0.02195649355
0.02195649355
0.02195649355
0.02195649355
0.02195649355
0.02195649355
0.02195649355
0.02195649355
0.02195649355
0.02195649355
0.02195649355
0.02195649355
0.02195649355
0.02195649355
0.02195649355
0.02195649355
0.02195649355
0.02195649355
0.02195649355
0.02195649355
0.02195649355
0.02195649355
0.02195649355
0.02195649355
0.02195649355
0.02195649355
0.02195649355
0.02195649355
0.02195649355
0.02195649355
0.02195649355
0.02195649355
0.02195649355
0.02195649355
0.02195649355
0.02195649355
0.02195649355
0.02195649355
0.02195649355
0.02195649355
0.02195649355
0.02195649355
0.02195649355
0.02195649355
0.02195649355
0.02195649355
0.02195649355
0.02195649355
0.02195649355
0.02195649355
0.02195649355
0.02195649355
0.02195649355
0.02195649355
0.02195649355
0.02195649355
0.3944505836
0.3939253925
0.3939422795
0.3939088563
0.393820382
0.3936787967
0.3934869507
0.3932479933
0.392965021
0.3926407789
0.3922774293
0.3918763986
0.3914383034
0.3909629409
0.390449324
0.3898956793
0.3892987446
0.3886447124
0.3877842124
0.3847792875
0.3685415676
0.2924014741
0.0229755588
0.02195685156
0.02195649372
0.02195649355
0.02195649355
0.02195649355
0.02195649355
0.02195649355
0.02195649355
0.02195649355
0.02195649355
0.02195649355
0.02195649355
0.02195649355
0.02195649355
0.02195649355
0.02195649355
0.02195649355
0.02195649355
0.02195649355
0.02195649355
0.02195649355
0.02195649355
0.02195649355
0.02195649355
0.02195649355
0.02195649355
0.02195649355
0.02195649355
0.02195649355
0.02195649355
0.02195649355
0.02195649355
0.02195649355
0.02195649355
0.02195649355
0.02195649355
0.02195649355
0.02195649355
0.02195649355
0.02195649355
0.02195649355
0.02195649355
0.02195649355
0.02195649355
0.02195649355
0.02195649355
0.02195649355
0.02195649355
0.02195649355
0.02195649355
0.02195649355
0.02195649355
0.02195649355
0.02195649355
0.02195649355
0.02195649355
0.02195649355
0.02195649355
0.02195649355
0.02195649355
0.02195649355
0.02195649355
0.02195649355
0.02195649355
0.02195649355
0.02195649355
0.02195649355
0.02195649355
0.02195649355
0.02195649355
0.02195649355
0.02195649355
0.02195649355
0.02195649355
0.02195649355
0.02195649355
0.02195649355
0.02195649355
0.02195649355
0.02195649355
0.02195649355
0.02195649355
0.02195649355
0.02195649355
0.02195649355
0.02195649355
0.02195649355
0.02195649355
0.02195649355
0.02195649355
0.02195649355
0.02195649355
0.02195649355
0.02195649355
0.02195649355
0.02195649355
0.02195649355
0.02195649355
0.02195649355
0.02195649355
0.02195649355
0.02195649355
0.02195649355
0.02195649355
0.02195649355
0.02195649355
0.02195649355
0.02195649355
0.02195649355
0.02195649355
0.02195649355
0.02195649355
0.02195649355
0.02195649355
0.02195649355
0.02195649355
0.02195649355
0.02195649355
0.02195649355
0.02195649355
0.02195649355
0.02195649355
0.02195649355
0.02195649355
0.02195649355
0.02195649355
0.02195649355
0.02195649355
0.02195649355
0.02195649355
0.02195649355
0.02195649355
0.02195649355
0.02195649355
0.02195649355
0.02195649355
0.02195649355
0.02195649355
0.02195649355
0.02195649355
0.02195649355
0.02195649355
0.02195649355
0.02195649355
0.02195649355
0.02195649355
0.02195649355
0.02195649355
0.02195649355
0.02195649355
0.02195649355
0.02195649355
0.02195649355
0.02195649355
0.02195649355
0.02195649355
0.02195649355
0.02195649355
0.02195649355
0.02195649355
0.02195649355
0.02195649355
0.02195649355
0.02195649355
0.02195649355
0.02195649355
0.02195649355
0.02195649355
0.02195649355
0.02195649355
0.02195649355
0.02195649355
0.02195649355
0.02195649355
0.02195649355
0.02195649355
0.02195649355
0.3942829419
0.3937613422
0.3937777051
0.3937427496
0.3936518103
0.3935068481
0.393310733
0.3930666388
0.3927776923
0.3924466761
0.3920757958
0.3916665254
0.3912195304
0.3907346557
0.3902109575
0.3896467034
0.3890387045
0.3883737153
0.3875103575
0.3846014353
0.3688689372
0.2955625151
0.02300304708
0.02195686198
0.02195649373
0.02195649355
0.02195649355
0.02195649355
0.02195649355
0.02195649355
0.02195649355
0.02195649355
0.02195649355
0.02195649355
0.02195649355
0.02195649355
0.02195649355
0.02195649355
0.02195649355
0.02195649355
0.02195649355
0.02195649355
0.02195649355
0.02195649355
0.02195649355
0.02195649355
0.02195649355
0.02195649355
0.02195649355
0.02195649355
0.02195649355
0.02195649355
0.02195649355
0.02195649355
0.02195649355
0.02195649355
0.02195649355
0.02195649355
0.02195649355
0.02195649355
0.02195649355
0.02195649355
0.02195649355
0.02195649355
0.02195649355
0.02195649355
0.02195649355
0.02195649355
0.02195649355
0.02195649355
0.02195649355
0.02195649355
0.02195649355
0.02195649355
0.02195649355
0.02195649355
0.02195649355
0.02195649355
0.02195649355
0.02195649355
0.02195649355
0.02195649355
0.02195649355
0.02195649355
0.02195649355
0.02195649355
0.02195649355
0.02195649355
0.02195649355
0.02195649355
0.02195649355
0.02195649355
0.02195649355
0.02195649355
0.02195649355
0.02195649355
0.02195649355
0.02195649355
0.02195649355
0.02195649355
0.02195649355
0.02195649355
0.02195649355
0.02195649355
0.02195649355
0.02195649355
0.02195649355
0.02195649355
0.02195649355
0.02195649355
0.02195649355
0.02195649355
0.02195649355
0.02195649355
0.02195649355
0.02195649355
0.02195649355
0.02195649355
0.02195649355
0.02195649355
0.02195649355
0.02195649355
0.02195649355
0.02195649355
0.02195649355
0.02195649355
0.02195649355
0.02195649355
0.02195649355
0.02195649355
0.02195649355
0.02195649355
0.02195649355
0.02195649355
0.02195649355
0.02195649355
0.02195649355
0.02195649355
0.02195649355
0.02195649355
0.02195649355
0.02195649355
0.02195649355
0.02195649355
0.02195649355
0.02195649355
0.02195649355
0.02195649355
0.02195649355
0.02195649355
0.02195649355
0.02195649355
0.02195649355
0.02195649355
0.02195649355
0.02195649355
0.02195649355
0.02195649355
0.02195649355
0.02195649355
0.02195649355
0.02195649355
0.02195649355
0.02195649355
0.02195649355
0.02195649355
0.02195649355
0.02195649355
0.02195649355
0.02195649355
0.02195649355
0.02195649355
0.02195649355
0.02195649355
0.02195649355
0.02195649355
0.02195649355
0.02195649355
0.02195649355
0.02195649355
0.02195649355
0.02195649355
0.02195649355
0.02195649355
0.02195649355
0.02195649355
0.02195649355
0.02195649355
0.02195649355
0.02195649355
0.02195649355
0.02195649355
0.02195649355
0.02195649355
0.02195649355
0.02195649355
0.02195649355
0.02195649355
0.02195649355
0.02195649355
0.3941097277
0.3935915829
0.3936073284
0.3935706832
0.393477063
0.3933284577
0.3931277663
0.3928781958
0.3925829119
0.3922447418
0.3918659406
0.3914480346
0.3909917409
0.3904969538
0.3899627735
0.3893875075
0.3887680382
0.388091664
0.3872247271
0.3844092655
0.3691785521
0.2986216048
0.02303019133
0.02195687235
0.02195649374
0.02195649355
0.02195649355
0.02195649355
0.02195649355
0.02195649355
0.02195649355
0.02195649355
0.02195649355
0.02195649355
0.02195649355
0.02195649355
0.02195649355
0.02195649355
0.02195649355
0.02195649355
0.02195649355
0.02195649355
0.02195649355
0.02195649355
0.02195649355
0.02195649355
0.02195649355
0.02195649355
0.02195649355
0.02195649355
0.02195649355
0.02195649355
0.02195649355
0.02195649355
0.02195649355
0.02195649355
0.02195649355
0.02195649355
0.02195649355
0.02195649355
0.02195649355
0.02195649355
0.02195649355
0.02195649355
0.02195649355
0.02195649355
0.02195649355
0.02195649355
0.02195649355
0.02195649355
0.02195649355
0.02195649355
0.02195649355
0.02195649355
0.02195649355
0.02195649355
0.02195649355
0.02195649355
0.02195649355
0.02195649355
0.02195649355
0.02195649355
0.02195649355
0.02195649355
0.02195649355
0.02195649355
0.02195649355
0.02195649355
0.02195649355
0.02195649355
0.02195649355
0.02195649355
0.02195649355
0.02195649355
0.02195649355
0.02195649355
0.02195649355
0.02195649355
0.02195649355
0.02195649355
0.02195649355
0.02195649355
0.02195649355
0.02195649355
0.02195649355
0.02195649355
0.02195649355
0.02195649355
0.02195649355
0.02195649355
0.02195649355
0.02195649355
0.02195649355
0.02195649355
0.02195649355
0.02195649355
0.02195649355
0.02195649355
0.02195649355
0.02195649355
0.02195649355
0.02195649355
0.02195649355
0.02195649355
0.02195649355
0.02195649355
0.02195649355
0.02195649355
0.02195649355
0.02195649355
0.02195649355
0.02195649355
0.02195649355
0.02195649355
0.02195649355
0.02195649355
0.02195649355
0.02195649355
0.02195649355
0.02195649355
0.02195649355
0.02195649355
0.02195649355
0.02195649355
0.02195649355
0.02195649355
0.02195649355
0.02195649355
0.02195649355
0.02195649355
0.02195649355
0.02195649355
0.02195649355
0.02195649355
0.02195649355
0.02195649355
0.02195649355
0.02195649355
0.02195649355
0.02195649355
0.02195649355
0.02195649355
0.02195649355
0.02195649355
0.02195649355
0.02195649355
0.02195649355
0.02195649355
0.02195649355
0.02195649355
0.02195649355
0.02195649355
0.02195649355
0.02195649355
0.02195649355
0.02195649355
0.02195649355
0.02195649355
0.02195649355
0.02195649355
0.02195649355
0.02195649355
0.02195649355
0.02195649355
0.02195649355
0.02195649355
0.02195649355
0.02195649355
0.02195649355
0.02195649355
0.02195649355
0.02195649355
0.02195649355
0.02195649355
0.02195649355
0.02195649355
0.02195649355
0.02195649355
0.02195649355
0.02195649355
0.3939308981
0.3934160833
0.3934311227
0.3933926366
0.3932961275
0.3931436222
0.3929380573
0.3926826815
0.3923807076
0.3920350146
0.3916479127
0.3912209845
0.3907550024
0.3902499112
0.3897048553
0.3891181815
0.3884868401
0.3877986558
0.3869274188
0.3842028024
0.3694705087
0.3015839647
0.02305699709
0.02195688266
0.02195649374
0.02195649355
0.02195649355
0.02195649355
0.02195649355
0.02195649355
0.02195649355
0.02195649355
0.02195649355
0.02195649355
0.02195649355
0.02195649355
0.02195649355
0.02195649355
0.02195649355
0.02195649355
0.02195649355
0.02195649355
0.02195649355
0.02195649355
0.02195649355
0.02195649355
0.02195649355
0.02195649355
0.02195649355
0.02195649355
0.02195649355
0.02195649355
0.02195649355
0.02195649355
0.02195649355
0.02195649355
0.02195649355
0.02195649355
0.02195649355
0.02195649355
0.02195649355
0.02195649355
0.02195649355
0.02195649355
0.02195649355
0.02195649355
0.02195649355
0.02195649355
0.02195649355
0.02195649355
0.02195649355
0.02195649355
0.02195649355
0.02195649355
0.02195649355
0.02195649355
0.02195649355
0.02195649355
0.02195649355
0.02195649355
0.02195649355
0.02195649355
0.02195649355
0.02195649355
0.02195649355
0.02195649355
0.02195649355
0.02195649355
0.02195649355
0.02195649355
0.02195649355
0.02195649355
0.02195649355
0.02195649355
0.02195649355
0.02195649355
0.02195649355
0.02195649355
0.02195649355
0.02195649355
0.02195649355
0.02195649355
0.02195649355
0.02195649355
0.02195649355
0.02195649355
0.02195649355
0.02195649355
0.02195649355
0.02195649355
0.02195649355
0.02195649355
0.02195649355
0.02195649355
0.02195649355
0.02195649355
0.02195649355
0.02195649355
0.02195649355
0.02195649355
0.02195649355
0.02195649355
0.02195649355
0.02195649355
0.02195649355
0.02195649355
0.02195649355
0.02195649355
0.02195649355
0.02195649355
0.02195649355
0.02195649355
0.02195649355
0.02195649355
0.02195649355
0.02195649355
0.02195649355
0.02195649355
0.02195649355
0.02195649355
0.02195649355
0.02195649355
0.02195649355
0.02195649355
0.02195649355
0.02195649355
0.02195649355
0.02195649355
0.02195649355
0.02195649355
0.02195649355
0.02195649355
0.02195649355
0.02195649355
0.02195649355
0.02195649355
0.02195649355
0.02195649355
0.02195649355
0.02195649355
0.02195649355
0.02195649355
0.02195649355
0.02195649355
0.02195649355
0.02195649355
0.02195649355
0.02195649355
0.02195649355
0.02195649355
0.02195649355
0.02195649355
0.02195649355
0.02195649355
0.02195649355
0.02195649355
0.02195649355
0.02195649355
0.02195649355
0.02195649355
0.02195649355
0.02195649355
0.02195649355
0.02195649355
0.02195649355
0.02195649355
0.02195649355
0.02195649355
0.02195649355
0.02195649355
0.02195649355
0.02195649355
0.02195649355
0.02195649355
0.02195649355
0.02195649355
0.02195649355
0.02195649355
0.02195649355
0.02195649355
0.3937464036
0.3932348031
0.393249052
0.3932085798
0.3931089811
0.3929523273
0.3927416008
0.3924801005
0.392171094
0.3918175188
0.391421746
0.3909854192
0.3905093684
0.3899935908
0.3894372754
0.3888388068
0.3881951999
0.3874947868
0.3866185342
0.3839820799
0.3697449059
0.3044548067
0.0230834727
0.02195689292
0.02195649375
0.02195649355
0.02195649355
0.02195649355
0.02195649355
0.02195649355
0.02195649355
0.02195649355
0.02195649355
0.02195649355
0.02195649355
0.02195649355
0.02195649355
0.02195649355
0.02195649355
0.02195649355
0.02195649355
0.02195649355
0.02195649355
0.02195649355
0.02195649355
0.02195649355
0.02195649355
0.02195649355
0.02195649355
0.02195649355
0.02195649355
0.02195649355
0.02195649355
0.02195649355
0.02195649355
0.02195649355
0.02195649355
0.02195649355
0.02195649355
0.02195649355
0.02195649355
0.02195649355
0.02195649355
0.02195649355
0.02195649355
0.02195649355
0.02195649355
0.02195649355
0.02195649355
0.02195649355
0.02195649355
0.02195649355
0.02195649355
0.02195649355
0.02195649355
0.02195649355
0.02195649355
0.02195649355
0.02195649355
0.02195649355
0.02195649355
0.02195649355
0.02195649355
0.02195649355
0.02195649355
0.02195649355
0.02195649355
0.02195649355
0.02195649355
0.02195649355
0.02195649355
0.02195649355
0.02195649355
0.02195649355
0.02195649355
0.02195649355
0.02195649355
0.02195649355
0.02195649355
0.02195649355
0.02195649355
0.02195649355
0.02195649355
0.02195649355
0.02195649355
0.02195649355
0.02195649355
0.02195649355
0.02195649355
0.02195649355
0.02195649355
0.02195649355
0.02195649355
0.02195649355
0.02195649355
0.02195649355
0.02195649355
0.02195649355
0.02195649355
0.02195649355
0.02195649355
0.02195649355
0.02195649355
0.02195649355
0.02195649355
0.02195649355
0.02195649355
0.02195649355
0.02195649355
0.02195649355
0.02195649355
0.02195649355
0.02195649355
0.02195649355
0.02195649355
0.02195649355
0.02195649355
0.02195649355
0.02195649355
0.02195649355
0.02195649355
0.02195649355
0.02195649355
0.02195649355
0.02195649355
0.02195649355
0.02195649355
0.02195649355
0.02195649355
0.02195649355
0.02195649355
0.02195649355
0.02195649355
0.02195649355
0.02195649355
0.02195649355
0.02195649355
0.02195649355
0.02195649355
0.02195649355
0.02195649355
0.02195649355
0.02195649355
0.02195649355
0.02195649355
0.02195649355
0.02195649355
0.02195649355
0.02195649355
0.02195649355
0.02195649355
0.02195649355
0.02195649355
0.02195649355
0.02195649355
0.02195649355
0.02195649355
0.02195649355
0.02195649355
0.02195649355
0.02195649355
0.02195649355
0.02195649355
0.02195649355
0.02195649355
0.02195649355
0.02195649355
0.02195649355
0.02195649355
0.02195649355
0.02195649355
0.02195649355
0.02195649355
0.02195649355
0.02195649355
0.02195649355
0.02195649355
0.02195649355
0.02195649355
0.02195649355
0.393556187
0.3930476929
0.3930610708
0.3930184726
0.3929155903
0.3927545469
0.392538379
0.3922704435
0.3919540705
0.3915922629
0.3911874585
0.390741366
0.3902548766
0.3897280415
0.3891600945
0.3885494571
0.3878932049
0.3871801577
0.3862981884
0.3837471607
0.3700018681
0.3072391005
0.02310962767
0.02195690313
0.02195649375
0.02195649355
0.02195649355
0.02195649355
0.02195649355
0.02195649355
0.02195649355
0.02195649355
0.02195649355
0.02195649355
0.02195649355
0.02195649355
0.02195649355
0.02195649355
0.02195649355
0.02195649355
0.02195649355
0.02195649355
0.02195649355
0.02195649355
0.02195649355
0.02195649355
0.02195649355
0.02195649355
0.02195649355
0.02195649355
0.02195649355
0.02195649355
0.02195649355
0.02195649355
0.02195649355
0.02195649355
0.02195649355
0.02195649355
0.02195649355
0.02195649355
0.02195649355
0.02195649355
0.02195649355
0.02195649355
0.02195649355
0.02195649355
0.02195649355
0.02195649355
0.02195649355
0.02195649355
0.02195649355
0.02195649355
0.02195649355
0.02195649355
0.02195649355
0.02195649355
0.02195649355
0.02195649355
0.02195649355
0.02195649355
0.02195649355
0.02195649355
0.02195649355
0.02195649355
0.02195649355
0.02195649355
0.02195649355
0.02195649355
0.02195649355
0.02195649355
0.02195649355
0.02195649355
0.02195649355
0.02195649355
0.02195649355
0.02195649355
0.02195649355
0.02195649355
0.02195649355
0.02195649355
0.02195649355
0.02195649355
0.02195649355
0.02195649355
0.02195649355
0.02195649355
0.02195649355
0.02195649355
0.02195649355
0.02195649355
0.02195649355
0.02195649355
0.02195649355
0.02195649355
0.02195649355
0.02195649355
0.02195649355
0.02195649355
0.02195649355
0.02195649355
0.02195649355
0.02195649355
0.02195649355
0.02195649355
0.02195649355
0.02195649355
0.02195649355
0.02195649355
0.02195649355
0.02195649355
0.02195649355
0.02195649355
0.02195649355
0.02195649355
0.02195649355
0.02195649355
0.02195649355
0.02195649355
0.02195649355
0.02195649355
0.02195649355
0.02195649355
0.02195649355
0.02195649355
0.02195649355
0.02195649355
0.02195649355
0.02195649355
0.02195649355
0.02195649355
0.02195649355
0.02195649355
0.02195649355
0.02195649355
0.02195649355
0.02195649355
0.02195649355
0.02195649355
0.02195649355
0.02195649355
0.02195649355
0.02195649355
0.02195649355
0.02195649355
0.02195649355
0.02195649355
0.02195649355
0.02195649355
0.02195649355
0.02195649355
0.02195649355
0.02195649355
0.02195649355
0.02195649355
0.02195649355
0.02195649355
0.02195649355
0.02195649355
0.02195649355
0.02195649355
0.02195649355
0.02195649355
0.02195649355
0.02195649355
0.02195649355
0.02195649355
0.02195649355
0.02195649355
0.02195649355
0.02195649355
0.02195649355
0.02195649355
0.02195649355
0.02195649355
0.02195649355
0.02195649355
0.02195649355
0.02195649355
0.02195649355
0.02195649355
0.3933601827
0.3928546933
0.3928671233
0.392822264
0.3927159095
0.3925502422
0.3923283599
0.3920536858
0.39172962
0.3913592376
0.3909450492
0.3904888333
0.3899915461
0.389453295
0.3888733596
0.3882501972
0.3875809406
0.386854877
0.3859665174
0.383498149
0.370241577
0.309941887
0.02313547459
0.02195691329
0.02195649376
0.02195649355
0.02195649355
0.02195649355
0.02195649355
0.02195649355
0.02195649355
0.02195649355
0.02195649355
0.02195649355
0.02195649355
0.02195649355
0.02195649355
0.02195649355
0.02195649355
0.02195649355
0.02195649355
0.02195649355
0.02195649355
0.02195649355
0.02195649355
0.02195649355
0.02195649355
0.02195649355
0.02195649355
0.02195649355
0.02195649355
0.02195649355
0.02195649355
0.02195649355
0.02195649355
0.02195649355
0.02195649355
0.02195649355
0.02195649355
0.02195649355
0.02195649355
0.02195649355
0.02195649355
0.02195649355
0.02195649355
0.02195649355
0.02195649355
0.02195649355
0.02195649355
0.02195649355
0.02195649355
0.02195649355
0.02195649355
0.02195649355
0.02195649355
0.02195649355
0.02195649355
0.02195649355
0.02195649355
0.02195649355
0.02195649355
0.02195649355
0.02195649355
0.02195649355
0.02195649355
0.02195649355
0.02195649355
0.02195649355
0.02195649355
0.02195649355
0.02195649355
0.02195649355
0.02195649355
0.02195649355
0.02195649355
0.02195649355
0.02195649355
0.02195649355
0.02195649355
0.02195649355
0.02195649355
0.02195649355
0.02195649355
0.02195649355
0.02195649355
0.02195649355
0.02195649355
0.02195649355
0.02195649355
0.02195649355
0.02195649355
0.02195649355
0.02195649355
0.02195649355
0.02195649355
0.02195649355
0.02195649355
0.02195649355
0.02195649355
0.02195649355
0.02195649355
0.02195649355
0.02195649355
0.02195649355
0.02195649355
0.02195649355
0.02195649355
0.02195649355
0.02195649355
0.02195649355
0.02195649355
0.02195649355
0.02195649355
0.02195649355
0.02195649355
0.02195649355
0.02195649355
0.02195649355
0.02195649355
0.02195649355
0.02195649355
0.02195649355
0.02195649355
0.02195649355
0.02195649355
0.02195649355
0.02195649355
0.02195649355
0.02195649355
0.02195649355
0.02195649355
0.02195649355
0.02195649355
0.02195649355
0.02195649355
0.02195649355
0.02195649355
0.02195649355
0.02195649355
0.02195649355
0.02195649355
0.02195649355
0.02195649355
0.02195649355
0.02195649355
0.02195649355
0.02195649355
0.02195649355
0.02195649355
0.02195649355
0.02195649355
0.02195649355
0.02195649355
0.02195649355
0.02195649355
0.02195649355
0.02195649355
0.02195649355
0.02195649355
0.02195649355
0.02195649355
0.02195649355
0.02195649355
0.02195649355
0.02195649355
0.02195649355
0.02195649355
0.02195649355
0.02195649355
0.02195649355
0.02195649355
0.02195649355
0.02195649355
0.02195649355
0.02195649355
0.02195649355
0.02195649355
0.02195649355
0.02195649355
0.02195649355
0.3931583155
0.3926557345
0.3926671431
0.3926198914
0.392509881
0.3923393602
0.392111496
0.3918297855
0.3914977063
0.391118413
0.390694495
0.3902278068
0.3897193735
0.3891693622
0.3885771
0.3879410798
0.3872584876
0.3865190574
0.3856236719
0.3832351796
0.3704642625
0.3125683409
0.02316103016
0.0219569234
0.02195649376
0.02195649355
0.02195649355
0.02195649355
0.02195649355
0.02195649355
0.02195649355
0.02195649355
0.02195649355
0.02195649355
0.02195649355
0.02195649355
0.02195649355
0.02195649355
0.02195649355
0.02195649355
0.02195649355
0.02195649355
0.02195649355
0.02195649355
0.02195649355
0.02195649355
0.02195649355
0.02195649355
0.02195649355
0.02195649355
0.02195649355
0.02195649355
0.02195649355
0.02195649355
0.02195649355
0.02195649355
0.02195649355
0.02195649355
0.02195649355
0.02195649355
0.02195649355
0.02195649355
0.02195649355
0.02195649355
0.02195649355
0.02195649355
0.02195649355
0.02195649355
0.02195649355
0.02195649355
0.02195649355
0.02195649355
0.02195649355
0.02195649355
0.02195649355
0.02195649355
0.02195649355
0.02195649355
0.02195649355
0.02195649355
0.02195649355
0.02195649355
0.02195649355
0.02195649355
0.02195649355
0.02195649355
0.02195649355
0.02195649355
0.02195649355
0.02195649355
0.02195649355
0.02195649355
0.02195649355
0.02195649355
0.02195649355
0.02195649355
0.02195649355
0.02195649355
0.02195649355
0.02195649355
0.02195649355
0.02195649355
0.02195649355
0.02195649355
0.02195649355
0.02195649355
0.02195649355
0.02195649355
0.02195649355
0.02195649355
0.02195649355
0.02195649355
0.02195649355
0.02195649355
0.02195649355
0.02195649355
0.02195649355
0.02195649355
0.02195649355
0.02195649355
0.02195649355
0.02195649355
0.02195649355
0.02195649355
0.02195649355
0.02195649355
0.02195649355
0.02195649355
0.02195649355
0.02195649355
0.02195649355
0.02195649355
0.02195649355
0.02195649355
0.02195649355
0.02195649355
0.02195649355
0.02195649355
0.02195649355
0.02195649355
0.02195649355
0.02195649355
0.02195649355
0.02195649355
0.02195649355
0.02195649355
0.02195649355
0.02195649355
0.02195649355
0.02195649355
0.02195649355
0.02195649355
0.02195649355
0.02195649355
0.02195649355
0.02195649355
0.02195649355
0.02195649355
0.02195649355
0.02195649355
0.02195649355
0.02195649355
0.02195649355
0.02195649355
0.02195649355
0.02195649355
0.02195649355
0.02195649355
0.02195649355
0.02195649355
0.02195649355
0.02195649355
0.02195649355
0.02195649355
0.02195649355
0.02195649355
0.02195649355
0.02195649355
0.02195649355
0.02195649355
0.02195649355
0.02195649355
0.02195649355
0.02195649355
0.02195649355
0.02195649355
0.02195649355
0.02195649355
0.02195649355
0.02195649355
0.02195649355
0.02195649355
0.02195649355
0.02195649355
0.02195649355
0.02195649355
0.02195649355
0.02195649355
0.02195649355
0.02195649355
0.3929505002
0.3924507363
0.3924610524
0.3924112802
0.3922974336
0.3921218335
0.3918877233
0.3915986819
0.3912582721
0.3908697355
0.3904357476
0.3899582449
0.3894383277
0.3888762275
0.3882713221
0.3876221409
0.3869259195
0.3861728175
0.3852698237
0.3829584314
0.3706702295
0.3151237067
0.02318631471
0.02195693348
0.02195649377
0.02195649355
0.02195649355
0.02195649355
0.02195649355
0.02195649355
0.02195649355
0.02195649355
0.02195649355
0.02195649355
0.02195649355
0.02195649355
0.02195649355
0.02195649355
0.02195649355
0.02195649355
0.02195649355
0.02195649355
0.02195649355
0.02195649355
0.02195649355
0.02195649355
0.02195649355
0.02195649355
0.02195649355
0.02195649355
0.02195649355
0.02195649355
0.02195649355
0.02195649355
0.02195649355
0.02195649355
0.02195649355
0.02195649355
0.02195649355
0.02195649355
0.02195649355
0.02195649355
0.02195649355
0.02195649355
0.02195649355
0.02195649355
0.02195649355
0.02195649355
0.02195649355
0.02195649355
0.02195649355
0.02195649355
0.02195649355
0.02195649355
0.02195649355
0.02195649355
0.02195649355
0.02195649355
0.02195649355
0.02195649355
0.02195649355
0.02195649355
0.02195649355
0.02195649355
0.02195649355
0.02195649355
0.02195649355
0.02195649355
0.02195649355
0.02195649355
0.02195649355
0.02195649355
0.02195649355
0.02195649355
0.02195649355
0.02195649355
0.02195649355
0.02195649355
0.02195649355
0.02195649355
0.02195649355
0.02195649355
0.02195649355
0.02195649355
0.02195649355
0.02195649355
0.02195649355
0.02195649355
0.02195649355
0.02195649355
0.02195649355
0.02195649355
0.02195649355
0.02195649355
0.02195649355
0.02195649355
0.02195649355
0.02195649355
0.02195649355
0.02195649355
0.02195649355
0.02195649355
0.02195649355
0.02195649355
0.02195649355
0.02195649355
0.02195649355
0.02195649355
0.02195649355
0.02195649355
0.02195649355
0.02195649355
0.02195649355
0.02195649355
0.02195649355
0.02195649355
0.02195649355
0.02195649355
0.02195649355
0.02195649355
0.02195649355
0.02195649355
0.02195649355
0.02195649355
0.02195649355
0.02195649355
0.02195649355
0.02195649355
0.02195649355
0.02195649355
0.02195649355
0.02195649355
0.02195649355
0.02195649355
0.02195649355
0.02195649355
0.02195649355
0.02195649355
0.02195649355
0.02195649355
0.02195649355
0.02195649355
0.02195649355
0.02195649355
0.02195649355
0.02195649355
0.02195649355
0.02195649355
0.02195649355
0.02195649355
0.02195649355
0.02195649355
0.02195649355
0.02195649355
0.02195649355
0.02195649355
0.02195649355
0.02195649355
0.02195649355
0.02195649355
0.02195649355
0.02195649355
0.02195649355
0.02195649355
0.02195649355
0.02195649355
0.02195649355
0.02195649355
0.02195649355
0.02195649355
0.02195649355
0.02195649355
0.02195649355
0.02195649355
0.02195649355
0.02195649355
0.02195649355
0.02195649355
0.02195649355
0.02195649355
0.3927366406
0.3922396083
0.3922487627
0.3921963439
0.3920784828
0.3918975791
0.3916569602
0.3913602944
0.3910112374
0.390613126
0.3901687296
0.389680075
0.3891483451
0.3885738434
0.3879560044
0.3872933971
0.3865833048
0.3858162898
0.384905184
0.38266816
0.3708599141
0.3176134503
0.02321135327
0.02195694353
0.02195649377
0.02195649355
0.02195649355
0.02195649355
0.02195649355
0.02195649355
0.02195649355
0.02195649355
0.02195649355
0.02195649355
0.02195649355
0.02195649355
0.02195649355
0.02195649355
0.02195649355
0.02195649355
0.02195649355
0.02195649355
0.02195649355
0.02195649355
0.02195649355
0.02195649355
0.02195649355
0.02195649355
0.02195649355
0.02195649355
0.02195649355
0.02195649355
0.02195649355
0.02195649355
0.02195649355
0.02195649355
0.02195649355
0.02195649355
0.02195649355
0.02195649355
0.02195649355
0.02195649355
0.02195649355
0.02195649355
0.02195649355
0.02195649355
0.02195649355
0.02195649355
0.02195649355
0.02195649355
0.02195649355
0.02195649355
0.02195649355
0.02195649355
0.02195649355
0.02195649355
0.02195649355
0.02195649355
0.02195649355
0.02195649355
0.02195649355
0.02195649355
0.02195649355
0.02195649355
0.02195649355
0.02195649355
0.02195649355
0.02195649355
0.02195649355
0.02195649355
0.02195649355
0.02195649355
0.02195649355
0.02195649355
0.02195649355
0.02195649355
0.02195649355
0.02195649355
0.02195649355
0.02195649355
0.02195649355
0.02195649355
0.02195649355
0.02195649355
0.02195649355
0.02195649355
0.02195649355
0.02195649355
0.02195649355
0.02195649355
0.02195649355
0.02195649355
0.02195649355
0.02195649355
0.02195649355
0.02195649355
0.02195649355
0.02195649355
0.02195649355
0.02195649355
0.02195649355
0.02195649355
0.02195649355
0.02195649355
0.02195649355
0.02195649355
0.02195649355
0.02195649355
0.02195649355
0.02195649355
0.02195649355
0.02195649355
0.02195649355
0.02195649355
0.02195649355
0.02195649355
0.02195649355
0.02195649355
0.02195649355
0.02195649355
0.02195649355
0.02195649355
0.02195649355
0.02195649355
0.02195649355
0.02195649355
0.02195649355
0.02195649355
0.02195649355
0.02195649355
0.02195649355
0.02195649355
0.02195649355
0.02195649355
0.02195649355
0.02195649355
0.02195649355
0.02195649355
0.02195649355
0.02195649355
0.02195649355
0.02195649355
0.02195649355
0.02195649355
0.02195649355
0.02195649355
0.02195649355
0.02195649355
0.02195649355
0.02195649355
0.02195649355
0.02195649355
0.02195649355
0.02195649355
0.02195649355
0.02195649355
0.02195649355
0.02195649355
0.02195649355
0.02195649355
0.02195649355
0.02195649355
0.02195649355
0.02195649355
0.02195649355
0.02195649355
0.02195649355
0.02195649355
0.02195649355
0.02195649355
0.02195649355
0.02195649355
0.02195649355
0.02195649355
0.02195649355
0.02195649355
0.02195649355
0.02195649355
0.02195649355
0.02195649355
0.3925166298
0.3920222509
0.3920301758
0.3919749852
0.3918529316
0.3916664999
0.3914191085
0.3911145223
0.3907564988
0.3903484781
0.3898933328
0.3893931899
0.3888493259
0.388262127
0.387631095
0.3869548466
0.3862307138
0.3854496393
0.3845300349
0.3823647448
0.3710339526
0.3200434255
0.02323617744
0.02195695356
0.02195649378
0.02195649355
0.02195649355
0.02195649355
0.02195649355
0.02195649355
0.02195649355
0.02195649355
0.02195649355
0.02195649355
0.02195649355
0.02195649355
0.02195649355
0.02195649355
0.02195649355
0.02195649355
0.02195649355
0.02195649355
0.02195649355
0.02195649355
0.02195649355
0.02195649355
0.02195649355
0.02195649355
0.02195649355
0.02195649355
0.02195649355
0.02195649355
0.02195649355
0.02195649355
0.02195649355
0.02195649355
0.02195649355
0.02195649355
0.02195649355
0.02195649355
0.02195649355
0.02195649355
0.02195649355
0.02195649355
0.02195649355
0.02195649355
0.02195649355
0.02195649355
0.02195649355
0.02195649355
0.02195649355
0.02195649355
0.02195649355
0.02195649355
0.02195649355
0.02195649355
0.02195649355
0.02195649355
0.02195649355
0.02195649355
0.02195649355
0.02195649355
0.02195649355
0.02195649355
0.02195649355
0.02195649355
0.02195649355
0.02195649355
0.02195649355
0.02195649355
0.02195649355
0.02195649355
0.02195649355
0.02195649355
0.02195649355
0.02195649355
0.02195649355
0.02195649355
0.02195649355
0.02195649355
0.02195649355
0.02195649355
0.02195649355
0.02195649355
0.02195649355
0.02195649355
0.02195649355
0.02195649355
0.02195649355
0.02195649355
0.02195649355
0.02195649355
0.02195649355
0.02195649355
0.02195649355
0.02195649355
0.02195649355
0.02195649355
0.02195649355
0.02195649355
0.02195649355
0.02195649355
0.02195649355
0.02195649355
0.02195649355
0.02195649355
0.02195649355
0.02195649355
0.02195649355
0.02195649355
0.02195649355
0.02195649355
0.02195649355
0.02195649355
0.02195649355
0.02195649355
0.02195649355
0.02195649355
0.02195649355
0.02195649355
0.02195649355
0.02195649355
0.02195649355
0.02195649355
0.02195649355
0.02195649355
0.02195649355
0.02195649355
0.02195649355
0.02195649355
0.02195649355
0.02195649355
0.02195649355
0.02195649355
0.02195649355
0.02195649355
0.02195649355
0.02195649355
0.02195649355
0.02195649355
0.02195649355
0.02195649355
0.02195649355
0.02195649355
0.02195649355
0.02195649355
0.02195649355
0.02195649355
0.02195649355
0.02195649355
0.02195649355
0.02195649355
0.02195649355
0.02195649355
0.02195649355
0.02195649355
0.02195649355
0.02195649355
0.02195649355
0.02195649355
0.02195649355
0.02195649355
0.02195649355
0.02195649355
0.02195649355
0.02195649355
0.02195649355
0.02195649355
0.02195649355
0.02195649355
0.02195649355
0.02195649355
0.02195649355
0.02195649355
0.02195649355
0.02195649355
0.02195649355
0.02195649355
0.02195649355
0.02195649355
0.3922903513
0.3917985578
0.391805186
0.3917470983
0.3916206732
0.3914284869
0.3911740554
0.3908612483
0.3904939324
0.3900756609
0.3896094205
0.3890974508
0.3885411367
0.3879409642
0.3872965204
0.3866064862
0.3858682503
0.3850731163
0.384144811
0.3820488012
0.371193322
0.3224201275
0.0232608275
0.02195696358
0.02195649379
0.02195649355
0.02195649355
0.02195649355
0.02195649355
0.02195649355
0.02195649355
0.02195649355
0.02195649355
0.02195649355
0.02195649355
0.02195649355
0.02195649355
0.02195649355
0.02195649355
0.02195649355
0.02195649355
0.02195649355
0.02195649355
0.02195649355
0.02195649355
0.02195649355
0.02195649355
0.02195649355
0.02195649355
0.02195649355
0.02195649355
0.02195649355
0.02195649355
0.02195649355
0.02195649355
0.02195649355
0.02195649355
0.02195649355
0.02195649355
0.02195649355
0.02195649355
0.02195649355
0.02195649355
0.02195649355
0.02195649355
0.02195649355
0.02195649355
0.02195649355
0.02195649355
0.02195649355
0.02195649355
0.02195649355
0.02195649355
0.02195649355
0.02195649355
0.02195649355
0.02195649355
0.02195649355
0.02195649355
0.02195649355
0.02195649355
0.02195649355
0.02195649355
0.02195649355
0.02195649355
0.02195649355
0.02195649355
0.02195649355
0.02195649355
0.02195649355
0.02195649355
0.02195649355
0.02195649355
0.02195649355
0.02195649355
0.02195649355
0.02195649355
0.02195649355
0.02195649355
0.02195649355
0.02195649355
0.02195649355
0.02195649355
0.02195649355
0.02195649355
0.02195649355
0.02195649355
0.02195649355
0.02195649355
0.02195649355
0.02195649355
0.02195649355
0.02195649355
0.02195649355
0.02195649355
0.02195649355
0.02195649355
0.02195649355
0.02195649355
0.02195649355
0.02195649355
0.02195649355
0.02195649355
0.02195649355
0.02195649355
0.02195649355
0.02195649355
0.02195649355
0.02195649355
0.02195649355
0.02195649355
0.02195649355
0.02195649355
0.02195649355
0.02195649355
0.02195649355
0.02195649355
0.02195649355
0.02195649355
0.02195649355
0.02195649355
0.02195649355
0.02195649355
0.02195649355
0.02195649355
0.02195649355
0.02195649355
0.02195649355
0.02195649355
0.02195649355
0.02195649355
0.02195649355
0.02195649355
0.02195649355
0.02195649355
0.02195649355
0.02195649355
0.02195649355
0.02195649355
0.02195649355
0.02195649355
0.02195649355
0.02195649355
0.02195649355
0.02195649355
0.02195649355
0.02195649355
0.02195649355
0.02195649355
0.02195649355
0.02195649355
0.02195649355
0.02195649355
0.02195649355
0.02195649355
0.02195649355
0.02195649355
0.02195649355
0.02195649355
0.02195649355
0.02195649355
0.02195649355
0.02195649355
0.02195649355
0.02195649355
0.02195649355
0.02195649355
0.02195649355
0.02195649355
0.02195649355
0.02195649355
0.02195649355
0.02195649355
0.02195649355
0.02195649355
0.02195649355
0.02195649355
0.02195649355
0.02195649355
0.02195649355
0.3920576819
0.3915684199
0.3915736842
0.3915125731
0.3913815958
0.391183425
0.3909216809
0.3906003449
0.390223402
0.3897945287
0.3893168383
0.3887926995
0.3882236267
0.3876102324
0.3869522206
0.3862483693
0.3854961495
0.3846872147
0.383750337
0.3817214996
0.3713396946
0.3247510956
0.02328535658
0.02195697362
0.02195649379
0.02195649355
0.02195649355
0.02195649355
0.02195649355
0.02195649355
0.02195649355
0.02195649355
0.02195649355
0.02195649355
0.02195649355
0.02195649355
0.02195649355
0.02195649355
0.02195649355
0.02195649355
0.02195649355
0.02195649355
0.02195649355
0.02195649355
0.02195649355
0.02195649355
0.02195649355
0.02195649355
0.02195649355
0.02195649355
0.02195649355
0.02195649355
0.02195649355
0.02195649355
0.02195649355
0.02195649355
0.02195649355
0.02195649355
0.02195649355
0.02195649355
0.02195649355
0.02195649355
0.02195649355
0.02195649355
0.02195649355
0.02195649355
0.02195649355
0.02195649355
0.02195649355
0.02195649355
0.02195649355
0.02195649355
0.02195649355
0.02195649355
0.02195649355
0.02195649355
0.02195649355
0.02195649355
0.02195649355
0.02195649355
0.02195649355
0.02195649355
0.02195649355
0.02195649355
0.02195649355
0.02195649355
0.02195649355
0.02195649355
0.02195649355
0.02195649355
0.02195649355
0.02195649355
0.02195649355
0.02195649355
0.02195649355
0.02195649355
0.02195649355
0.02195649355
0.02195649355
0.02195649355
0.02195649355
0.02195649355
0.02195649355
0.02195649355
0.02195649355
0.02195649355
0.02195649355
0.02195649355
0.02195649355
0.02195649355
0.02195649355
0.02195649355
0.02195649355
0.02195649355
0.02195649355
0.02195649355
0.02195649355
0.02195649355
0.02195649355
0.02195649355
0.02195649355
0.02195649355
0.02195649355
0.02195649355
0.02195649355
0.02195649355
0.02195649355
0.02195649355
0.02195649355
0.02195649355
0.02195649355
0.02195649355
0.02195649355
0.02195649355
0.02195649355
0.02195649355
0.02195649355
0.02195649355
0.02195649355
0.02195649355
0.02195649355
0.02195649355
0.02195649355
0.02195649355
0.02195649355
0.02195649355
0.02195649355
0.02195649355
0.02195649355
0.02195649355
0.02195649355
0.02195649355
0.02195649355
0.02195649355
0.02195649355
0.02195649355
0.02195649355
0.02195649355
0.02195649355
0.02195649355
0.02195649355
0.02195649355
0.02195649355
0.02195649355
0.02195649355
0.02195649355
0.02195649355
0.02195649355
0.02195649355
0.02195649355
0.02195649355
0.02195649355
0.02195649355
0.02195649355
0.02195649355
0.02195649355
0.02195649355
0.02195649355
0.02195649355
0.02195649355
0.02195649355
0.02195649355
0.02195649355
0.02195649355
0.02195649355
0.02195649355
0.02195649355
0.02195649355
0.02195649355
0.02195649355
0.02195649355
0.02195649355
0.02195649355
0.02195649355
0.02195649355
0.02195649355
0.02195649355
0.02195649355
0.02195649355
0.02195649355
0.3918184965
0.391331731
0.3913355643
0.3912713028
0.3911355906
0.3909312024
0.3906618684
0.3903316891
0.3899447767
0.3895049417
0.3890154399
0.3884787907
0.3878966691
0.3872698576
0.3865982353
0.3858807486
0.3851150231
0.3842930933
0.3833485146
0.3813855756
0.3714766043
0.327045799
0.02330983885
0.0219569837
0.0219564938
0.02195649355
0.02195649355
0.02195649355
0.02195649355
0.02195649355
0.02195649355
0.02195649355
0.02195649355
0.02195649355
0.02195649355
0.02195649355
0.02195649355
0.02195649355
0.02195649355
0.02195649355
0.02195649355
0.02195649355
0.02195649355
0.02195649355
0.02195649355
0.02195649355
0.02195649355
0.02195649355
0.02195649355
0.02195649355
0.02195649355
0.02195649355
0.02195649355
0.02195649355
0.02195649355
0.02195649355
0.02195649355
0.02195649355
0.02195649355
0.02195649355
0.02195649355
0.02195649355
0.02195649355
0.02195649355
0.02195649355
0.02195649355
0.02195649355
0.02195649355
0.02195649355
0.02195649355
0.02195649355
0.02195649355
0.02195649355
0.02195649355
0.02195649355
0.02195649355
0.02195649355
0.02195649355
0.02195649355
0.02195649355
0.02195649355
0.02195649355
0.02195649355
0.02195649355
0.02195649355
0.02195649355
0.02195649355
0.02195649355
0.02195649355
0.02195649355
0.02195649355
0.02195649355
0.02195649355
0.02195649355
0.02195649355
0.02195649355
0.02195649355
0.02195649355
0.02195649355
0.02195649355
0.02195649355
0.02195649355
0.02195649355
0.02195649355
0.02195649355
0.02195649355
0.02195649355
0.02195649355
0.02195649355
0.02195649355
0.02195649355
0.02195649355
0.02195649355
0.02195649355
0.02195649355
0.02195649355
0.02195649355
0.02195649355
0.02195649355
0.02195649355
0.02195649355
0.02195649355
0.02195649355
0.02195649355
0.02195649355
0.02195649355
0.02195649355
0.02195649355
0.02195649355
0.02195649355
0.02195649355
0.02195649355
0.02195649355
0.02195649355
0.02195649355
0.02195649355
0.02195649355
0.02195649355
0.02195649355
0.02195649355
0.02195649355
0.02195649355
0.02195649355
0.02195649355
0.02195649355
0.02195649355
0.02195649355
0.02195649355
0.02195649355
0.02195649355
0.02195649355
0.02195649355
0.02195649355
0.02195649355
0.02195649355
0.02195649355
0.02195649355
0.02195649355
0.02195649355
0.02195649355
0.02195649355
0.02195649355
0.02195649355
0.02195649355
0.02195649355
0.02195649355
0.02195649355
0.02195649355
0.02195649355
0.02195649355
0.02195649355
0.02195649355
0.02195649355
0.02195649355
0.02195649355
0.02195649355
0.02195649355
0.02195649355
0.02195649355
0.02195649355
0.02195649355
0.02195649355
0.02195649355
0.02195649355
0.02195649355
0.02195649355
0.02195649355
0.02195649355
0.02195649355
0.02195649355
0.02195649355
0.02195649355
0.02195649355
0.02195649355
0.02195649355
0.02195649355
0.02195649355
0.02195649355
0.02195649355
0.02195649355
0.3915726744
0.3910883955
0.3910907314
0.3910231932
0.3908825641
0.3906717258
0.3903945244
0.3900551865
0.3896579604
0.3892068039
0.388705134
0.3881556504
0.3875602349
0.3869199128
0.3862348498
0.3855043224
0.3847263249
0.3838934983
0.3829441126
0.3810485175
0.3716139507
0.3293189232
0.02333440065
0.02195699385
0.0219564938
0.02195649355
0.02195649355
0.02195649355
0.02195649355
0.02195649355
0.02195649355
0.02195649355
0.02195649355
0.02195649355
0.02195649355
0.02195649355
0.02195649355
0.02195649355
0.02195649355
0.02195649355
0.02195649355
0.02195649355
0.02195649355
0.02195649355
0.02195649355
0.02195649355
0.02195649355
0.02195649355
0.02195649355
0.02195649355
0.02195649355
0.02195649355
0.02195649355
0.02195649355
0.02195649355
0.02195649355
0.02195649355
0.02195649355
0.02195649355
0.02195649355
0.02195649355
0.02195649355
0.02195649355
0.02195649355
0.02195649355
0.02195649355
0.02195649355
0.02195649355
0.02195649355
0.02195649355
0.02195649355
0.02195649355
0.02195649355
0.02195649355
0.02195649355
0.02195649355
0.02195649355
0.02195649355
0.02195649355
0.02195649355
0.02195649355
0.02195649355
0.02195649355
0.02195649355
0.02195649355
0.02195649355
0.02195649355
0.02195649355
0.02195649355
0.02195649355
0.02195649355
0.02195649355
0.02195649355
0.02195649355
0.02195649355
0.02195649355
0.02195649355
0.02195649355
0.02195649355
0.02195649355
0.02195649355
0.02195649355
0.02195649355
0.02195649355
0.02195649355
0.02195649355
0.02195649355
0.02195649355
0.02195649355
0.02195649355
0.02195649355
0.02195649355
0.02195649355
0.02195649355
0.02195649355
0.02195649355
0.02195649355
0.02195649355
0.02195649355
0.02195649355
0.02195649355
0.02195649355
0.02195649355
0.02195649355
0.02195649355
0.02195649355
0.02195649355
0.02195649355
0.02195649355
0.02195649355
0.02195649355
0.02195649355
0.02195649355
0.02195649355
0.02195649355
0.02195649355
0.02195649355
0.02195649355
0.02195649355
0.02195649355
0.02195649355
0.02195649355
0.02195649355
0.02195649355
0.02195649355
0.02195649355
0.02195649355
0.02195649355
0.02195649355
0.02195649355
0.02195649355
0.02195649355
0.02195649355
0.02195649355
0.02195649355
0.02195649355
0.02195649355
0.02195649355
0.02195649355
0.02195649355
0.02195649355
0.02195649355
0.02195649355
0.02195649355
0.02195649355
0.02195649355
0.02195649355
0.02195649355
0.02195649355
0.02195649355
0.02195649355
0.02195649355
0.02195649355
0.02195649355
0.02195649355
0.02195649355
0.02195649355
0.02195649355
0.02195649355
0.02195649355
0.02195649355
0.02195649355
0.02195649355
0.02195649355
0.02195649355
0.02195649355
0.02195649355
0.02195649355
0.02195649355
0.02195649355
0.02195649355
0.02195649355
0.02195649355
0.02195649355
0.02195649355
0.02195649355
0.02195649355
0.02195649355
0.02195649355
0.02195649355
0.3913201082
0.3908383376
0.3908391125
0.3907681756
0.3906224538
0.3904049407
0.3901196046
0.3897708058
0.3893629389
0.3889001237
0.3883859612
0.3878233696
0.3872145025
0.386560741
0.3858627342
0.3851204285
0.3843327623
0.3834939056
0.3825480235
0.3807310556
0.3717860065
0.3316113489
0.02336822162
0.02195700891
0.02195649381
0.02195649355
0.02195649355
0.02195649355
0.02195649355
0.02195649355
0.02195649355
0.02195649355
0.02195649355
0.02195649355
0.02195649355
0.02195649355
0.02195649355
0.02195649355
0.02195649355
0.02195649355
0.02195649355
0.02195649355
0.02195649355
0.02195649355
0.02195649355
0.02195649355
0.02195649355
0.02195649355
0.02195649355
0.02195649355
0.02195649355
0.02195649355
0.02195649355
0.02195649355
0.02195649355
0.02195649355
0.02195649355
0.02195649355
0.02195649355
0.02195649355
0.02195649355
0.02195649355
0.02195649355
0.02195649355
0.02195649355
0.02195649355
0.02195649355
0.02195649355
0.02195649355
0.02195649355
0.02195649355
0.02195649355
0.02195649355
0.02195649355
0.02195649355
0.02195649355
0.02195649355
0.02195649355
0.02195649355
0.02195649355
0.02195649355
0.02195649355
0.02195649355
0.02195649355
0.02195649355
0.02195649355
0.02195649355
0.02195649355
0.02195649355
0.02195649355
0.02195649355
0.02195649355
0.02195649355
0.02195649355
0.02195649355
0.02195649355
0.02195649355
0.02195649355
0.02195649355
0.02195649355
0.02195649355
0.02195649355
0.02195649355
0.02195649355
0.02195649355
0.02195649355
0.02195649355
0.02195649355
0.02195649355
0.02195649355
0.02195649355
0.02195649355
0.02195649355
0.02195649355
0.02195649355
0.02195649355
0.02195649355
0.02195649355
0.02195649355
0.02195649355
0.02195649355
0.02195649355
0.02195649355
0.02195649355
0.02195649355
0.02195649355
0.02195649355
0.02195649355
0.02195649355
0.02195649355
0.02195649355
0.02195649355
0.02195649355
0.02195649355
0.02195649355
0.02195649355
0.02195649355
0.02195649355
0.02195649355
0.02195649355
0.02195649355
0.02195649355
0.02195649355
0.02195649355
0.02195649355
0.02195649355
0.02195649355
0.02195649355
0.02195649355
0.02195649355
0.02195649355
0.02195649355
0.02195649355
0.02195649355
0.02195649355
0.02195649355
0.02195649355
0.02195649355
0.02195649355
0.02195649355
0.02195649355
0.02195649355
0.02195649355
0.02195649355
0.02195649355
0.02195649355
0.02195649355
0.02195649355
0.02195649355
0.02195649355
0.02195649355
0.02195649355
0.02195649355
0.02195649355
0.02195649355
0.02195649355
0.02195649355
0.02195649355
0.02195649355
0.02195649355
0.02195649355
0.02195649355
0.02195649355
0.02195649355
0.02195649355
0.02195649355
0.02195649355
0.02195649355
0.02195649355
0.02195649355
0.02195649355
0.02195649355
0.02195649355
0.02195649355
0.02195649355
0.02195649355
0.02195649355
0.02195649355
0.02195649355
0.02195649355
0.3910607143
0.3905815109
0.3905806676
0.3905062206
0.390355246
0.3901308556
0.3898371473
0.3894786249
0.3890598421
0.3885850986
0.3880582065
0.3874823451
0.3868600131
0.386193077
0.3854829103
0.384730597
0.3839369576
0.383099637
0.3821727508
0.3804652705
0.3720729455
0.3340402918
0.04641485899
0.02196747926
0.02195649753
0.02195649355
0.02195649355
0.02195649355
0.02195649355
0.02195649355
0.02195649355
0.02195649355
0.02195649355
0.02195649355
0.02195649355
0.02195649355
0.02195649355
0.02195649355
0.02195649355
0.02195649355
0.02195649355
0.02195649355
0.02195649355
0.02195649355
0.02195649355
0.02195649355
0.02195649355
0.02195649355
0.02195649355
0.02195649355
0.02195649355
0.02195649355
0.02195649355
0.02195649355
0.02195649355
0.02195649355
0.02195649355
0.02195649355
0.02195649355
0.02195649355
0.02195649355
0.02195649355
0.02195649355
0.02195649355
0.02195649355
0.02195649355
0.02195649355
0.02195649355
0.02195649355
0.02195649355
0.02195649355
0.02195649355
0.02195649355
0.02195649355
0.02195649355
0.02195649355
0.02195649355
0.02195649355
0.02195649355
0.02195649355
0.02195649355
0.02195649355
0.02195649355
0.02195649355
0.02195649355
0.02195649355
0.02195649355
0.02195649355
0.02195649355
0.02195649355
0.02195649355
0.02195649355
0.02195649355
0.02195649355
0.02195649355
0.02195649355
0.02195649355
0.02195649355
0.02195649355
0.02195649355
0.02195649355
0.02195649355
0.02195649355
0.02195649355
0.02195649355
0.02195649355
0.02195649355
0.02195649355
0.02195649355
0.02195649355
0.02195649355
0.02195649355
0.02195649355
0.02195649355
0.02195649355
0.02195649355
0.02195649355
0.02195649355
0.02195649355
0.02195649355
0.02195649355
0.02195649355
0.02195649355
0.02195649355
0.02195649355
0.02195649355
0.02195649355
0.02195649355
0.02195649355
0.02195649355
0.02195649355
0.02195649355
0.02195649355
0.02195649355
0.02195649355
0.02195649355
0.02195649355
0.02195649355
0.02195649355
0.02195649355
0.02195649355
0.02195649355
0.02195649355
0.02195649355
0.02195649355
0.02195649355
0.02195649355
0.02195649355
0.02195649355
0.02195649355
0.02195649355
0.02195649355
0.02195649355
0.02195649355
0.02195649355
0.02195649355
0.02195649355
0.02195649355
0.02195649355
0.02195649355
0.02195649355
0.02195649355
0.02195649355
0.02195649355
0.02195649355
0.02195649355
0.02195649355
0.02195649355
0.02195649355
0.02195649355
0.02195649355
0.02195649355
0.02195649355
0.02195649355
0.02195649355
0.02195649355
0.02195649355
0.02195649355
0.02195649355
0.02195649355
0.02195649355
0.02195649355
0.02195649355
0.02195649355
0.02195649355
0.02195649355
0.02195649355
0.02195649355
0.02195649355
0.02195649355
0.02195649355
0.02195649355
0.02195649355
0.02195649355
0.02195649355
0.02195649355
0.02195649355
0.02195649355
0.02195649355
0.02195649355
0.3907944421
0.3903179071
0.3903154004
0.3902373512
0.3900809931
0.3898495648
0.3895473052
0.3891788764
0.3887490112
0.3882622156
0.3877225485
0.3871335001
0.3864979819
0.385818442
0.3850971156
0.3843364257
0.3835393788
0.3827075521
0.3818055068
0.3802137587
0.3723807056
0.3364582274
0.07749447897
0.0219977243
0.02195650778
0.02195649355
0.02195649355
0.02195649355
0.02195649355
0.02195649355
0.02195649355
0.02195649355
0.02195649355
0.02195649355
0.02195649355
0.02195649355
0.02195649355
0.02195649355
0.02195649355
0.02195649355
0.02195649355
0.02195649355
0.02195649355
0.02195649355
0.02195649355
0.02195649355
0.02195649355
0.02195649355
0.02195649355
0.02195649355
0.02195649355
0.02195649355
0.02195649355
0.02195649355
0.02195649355
0.02195649355
0.02195649355
0.02195649355
0.02195649355
0.02195649355
0.02195649355
0.02195649355
0.02195649355
0.02195649355
0.02195649355
0.02195649355
0.02195649355
0.02195649355
0.02195649355
0.02195649355
0.02195649355
0.02195649355
0.02195649355
0.02195649355
0.02195649355
0.02195649355
0.02195649355
0.02195649355
0.02195649355
0.02195649355
0.02195649355
0.02195649355
0.02195649355
0.02195649355
0.02195649355
0.02195649355
0.02195649355
0.02195649355
0.02195649355
0.02195649355
0.02195649355
0.02195649355
0.02195649355
0.02195649355
0.02195649355
0.02195649355
0.02195649355
0.02195649355
0.02195649355
0.02195649355
0.02195649355
0.02195649355
0.02195649355
0.02195649355
0.02195649355
0.02195649355
0.02195649355
0.02195649355
0.02195649355
0.02195649355
0.02195649355
0.02195649355
0.02195649355
0.02195649355
0.02195649355
0.02195649355
0.02195649355
0.02195649355
0.02195649355
0.02195649355
0.02195649355
0.02195649355
0.02195649355
0.02195649355
0.02195649355
0.02195649355
0.02195649355
0.02195649355
0.02195649355
0.02195649355
0.02195649355
0.02195649355
0.02195649355
0.02195649355
0.02195649355
0.02195649355
0.02195649355
0.02195649355
0.02195649355
0.02195649355
0.02195649355
0.02195649355
0.02195649355
0.02195649355
0.02195649355
0.02195649355
0.02195649355
0.02195649355
0.02195649355
0.02195649355
0.02195649355
0.02195649355
0.02195649355
0.02195649355
0.02195649355
0.02195649355
0.02195649355
0.02195649355
0.02195649355
0.02195649355
0.02195649355
0.02195649355
0.02195649355
0.02195649355
0.02195649355
0.02195649355
0.02195649355
0.02195649355
0.02195649355
0.02195649355
0.02195649355
0.02195649355
0.02195649355
0.02195649355
0.02195649355
0.02195649355
0.02195649355
0.02195649355
0.02195649355
0.02195649355
0.02195649355
0.02195649355
0.02195649355
0.02195649355
0.02195649355
0.02195649355
0.02195649355
0.02195649355
0.02195649355
0.02195649355
0.02195649355
0.02195649355
0.02195649355
0.02195649355
0.02195649355
0.02195649355
0.02195649355
0.02195649355
0.02195649355
0.02195649355
0.3905212833
0.3900475628
0.390043365
0.389961651
0.3897998233
0.3895612604
0.3892503604
0.3888719684
0.3884310291
0.3879322998
0.3873801474
0.3867784538
0.3861306494
0.3854398926
0.3847094174
0.3839430718
0.3831459147
0.3823226383
0.3814453855
0.3799558679
0.3726381632
0.338720301
0.1055926899
0.02204465043
0.02195652368
0.02195649356
0.02195649355
0.02195649355
0.02195649355
0.02195649355
0.02195649355
0.02195649355
0.02195649355
0.02195649355
0.02195649355
0.02195649355
0.02195649355
0.02195649355
0.02195649355
0.02195649355
0.02195649355
0.02195649355
0.02195649355
0.02195649355
0.02195649355
0.02195649355
0.02195649355
0.02195649355
0.02195649355
0.02195649355
0.02195649355
0.02195649355
0.02195649355
0.02195649355
0.02195649355
0.02195649355
0.02195649355
0.02195649355
0.02195649355
0.02195649355
0.02195649355
0.02195649355
0.02195649355
0.02195649355
0.02195649355
0.02195649355
0.02195649355
0.02195649355
0.02195649355
0.02195649355
0.02195649355
0.02195649355
0.02195649355
0.02195649355
0.02195649355
0.02195649355
0.02195649355
0.02195649355
0.02195649355
0.02195649355
0.02195649355
0.02195649355
0.02195649355
0.02195649355
0.02195649355
0.02195649355
0.02195649355
0.02195649355
0.02195649355
0.02195649355
0.02195649355
0.02195649355
0.02195649355
0.02195649355
0.02195649355
0.02195649355
0.02195649355
0.02195649355
0.02195649355
0.02195649355
0.02195649355
0.02195649355
0.02195649355
0.02195649355
0.02195649355
0.02195649355
0.02195649355
0.02195649355
0.02195649355
0.02195649355
0.02195649355
0.02195649355
0.02195649355
0.02195649355
0.02195649355
0.02195649355
0.02195649355
0.02195649355
0.02195649355
0.02195649355
0.02195649355
0.02195649355
0.02195649355
0.02195649355
0.02195649355
0.02195649355
0.02195649355
0.02195649355
0.02195649355
0.02195649355
0.02195649355
0.02195649355
0.02195649355
0.02195649355
0.02195649355
0.02195649355
0.02195649355
0.02195649355
0.02195649355
0.02195649355
0.02195649355
0.02195649355
0.02195649355
0.02195649355
0.02195649355
0.02195649355
0.02195649355
0.02195649355
0.02195649355
0.02195649355
0.02195649355
0.02195649355
0.02195649355
0.02195649355
0.02195649355
0.02195649355
0.02195649355
0.02195649355
0.02195649355
0.02195649355
0.02195649355
0.02195649355
0.02195649355
0.02195649355
0.02195649355
0.02195649355
0.02195649355
0.02195649355
0.02195649355
0.02195649355
0.02195649355
0.02195649355
0.02195649355
0.02195649355
0.02195649355
0.02195649355
0.02195649355
0.02195649355
0.02195649355
0.02195649355
0.02195649355
0.02195649355
0.02195649355
0.02195649355
0.02195649355
0.02195649355
0.02195649355
0.02195649355
0.02195649355
0.02195649355
0.02195649355
0.02195649355
0.02195649355
0.02195649355
0.02195649355
0.02195649355
0.02195649355
0.02195649355
0.02195649355
0.02195649355
0.3902412764
0.3897705615
0.3897646682
0.3896792653
0.389511939
0.3892662264
0.3889467101
0.3885584527
0.3881066575
0.3875963954
0.3870324224
0.3864191149
0.3857605439
0.3850607026
0.3843239018
0.3835553272
0.3827615666
0.3819489
0.3810932176
0.3796860837
0.3728293975
0.3407839701
0.1300573548
0.02210273557
0.02195654347
0.02195649357
0.02195649355
0.02195649355
0.02195649355
0.02195649355
0.02195649355
0.02195649355
0.02195649355
0.02195649355
0.02195649355
0.02195649355
0.02195649355
0.02195649355
0.02195649355
0.02195649355
0.02195649355
0.02195649355
0.02195649355
0.02195649355
0.02195649355
0.02195649355
0.02195649355
0.02195649355
0.02195649355
0.02195649355
0.02195649355
0.02195649355
0.02195649355
0.02195649355
0.02195649355
0.02195649355
0.02195649355
0.02195649355
0.02195649355
0.02195649355
0.02195649355
0.02195649355
0.02195649355
0.02195649355
0.02195649355
0.02195649355
0.02195649355
0.02195649355
0.02195649355
0.02195649355
0.02195649355
0.02195649355
0.02195649355
0.02195649355
0.02195649355
0.02195649355
0.02195649355
0.02195649355
0.02195649355
0.02195649355
0.02195649355
0.02195649355
0.02195649355
0.02195649355
0.02195649355
0.02195649355
0.02195649355
0.02195649355
0.02195649355
0.02195649355
0.02195649355
0.02195649355
0.02195649355
0.02195649355
0.02195649355
0.02195649355
0.02195649355
0.02195649355
0.02195649355
0.02195649355
0.02195649355
0.02195649355
0.02195649355
0.02195649355
0.02195649355
0.02195649355
0.02195649355
0.02195649355
0.02195649355
0.02195649355
0.02195649355
0.02195649355
0.02195649355
0.02195649355
0.02195649355
0.02195649355
0.02195649355
0.02195649355
0.02195649355
0.02195649355
0.02195649355
0.02195649355
0.02195649355
0.02195649355
0.02195649355
0.02195649355
0.02195649355
0.02195649355
0.02195649355
0.02195649355
0.02195649355
0.02195649355
0.02195649355
0.02195649355
0.02195649355
0.02195649355
0.02195649355
0.02195649355
0.02195649355
0.02195649355
0.02195649355
0.02195649355
0.02195649355
0.02195649355
0.02195649355
0.02195649355
0.02195649355
0.02195649355
0.02195649355
0.02195649355
0.02195649355
0.02195649355
0.02195649355
0.02195649355
0.02195649355
0.02195649355
0.02195649355
0.02195649355
0.02195649355
0.02195649355
0.02195649355
0.02195649355
0.02195649355
0.02195649355
0.02195649355
0.02195649355
0.02195649355
0.02195649355
0.02195649355
0.02195649355
0.02195649355
0.02195649355
0.02195649355
0.02195649355
0.02195649355
0.02195649355
0.02195649355
0.02195649355
0.02195649355
0.02195649355
0.02195649355
0.02195649355
0.02195649355
0.02195649355
0.02195649355
0.02195649355
0.02195649355
0.02195649355
0.02195649355
0.02195649355
0.02195649355
0.02195649355
0.02195649355
0.02195649355
0.02195649355
0.02195649355
0.02195649355
0.02195649355
0.02195649355
0.02195649355
0.3899545087
0.389487033
0.3894794671
0.3893903957
0.389217607
0.3889648198
0.3886368324
0.3882389658
0.3877767352
0.3872555909
0.3866807564
0.3860571867
0.3853896642
0.3846830345
0.3839425653
0.3831743694
0.3823856058
0.3815822627
0.3807405491
0.3793931141
0.3729453881
0.3426455948
0.1513960751
0.02216756098
0.0219565657
0.02195649358
0.02195649355
0.02195649355
0.02195649355
0.02195649355
0.02195649355
0.02195649355
0.02195649355
0.02195649355
0.02195649355
0.02195649355
0.02195649355
0.02195649355
0.02195649355
0.02195649355
0.02195649355
0.02195649355
0.02195649355
0.02195649355
0.02195649355
0.02195649355
0.02195649355
0.02195649355
0.02195649355
0.02195649355
0.02195649355
0.02195649355
0.02195649355
0.02195649355
0.02195649355
0.02195649355
0.02195649355
0.02195649355
0.02195649355
0.02195649355
0.02195649355
0.02195649355
0.02195649355
0.02195649355
0.02195649355
0.02195649355
0.02195649355
0.02195649355
0.02195649355
0.02195649355
0.02195649355
0.02195649355
0.02195649355
0.02195649355
0.02195649355
0.02195649355
0.02195649355
0.02195649355
0.02195649355
0.02195649355
0.02195649355
0.02195649355
0.02195649355
0.02195649355
0.02195649355
0.02195649355
0.02195649355
0.02195649355
0.02195649355
0.02195649355
0.02195649355
0.02195649355
0.02195649355
0.02195649355
0.02195649355
0.02195649355
0.02195649355
0.02195649355
0.02195649355
0.02195649355
0.02195649355
0.02195649355
0.02195649355
0.02195649355
0.02195649355
0.02195649355
0.02195649355
0.02195649355
0.02195649355
0.02195649355
0.02195649355
0.02195649355
0.02195649355
0.02195649355
0.02195649355
0.02195649355
0.02195649355
0.02195649355
0.02195649355
0.02195649355
0.02195649355
0.02195649355
0.02195649355
0.02195649355
0.02195649355
0.02195649355
0.02195649355
0.02195649355
0.02195649355
0.02195649355
0.02195649355
0.02195649355
0.02195649355
0.02195649355
0.02195649355
0.02195649355
0.02195649355
0.02195649355
0.02195649355
0.02195649355
0.02195649355
0.02195649355
0.02195649355
0.02195649355
0.02195649355
0.02195649355
0.02195649355
0.02195649355
0.02195649355
0.02195649355
0.02195649355
0.02195649355
0.02195649355
0.02195649355
0.02195649355
0.02195649355
0.02195649355
0.02195649355
0.02195649355
0.02195649355
0.02195649355
0.02195649355
0.02195649355
0.02195649355
0.02195649355
0.02195649355
0.02195649355
0.02195649355
0.02195649355
0.02195649355
0.02195649355
0.02195649355
0.02195649355
0.02195649355
0.02195649355
0.02195649355
0.02195649355
0.02195649355
0.02195649355
0.02195649355
0.02195649355
0.02195649355
0.02195649355
0.02195649355
0.02195649355
0.02195649355
0.02195649355
0.02195649355
0.02195649355
0.02195649355
0.02195649355
0.02195649355
0.02195649355
0.02195649355
0.02195649355
0.02195649355
0.02195649355
0.02195649355
0.02195649355
0.02195649355
0.3896611146
0.3891971486
0.3891879628
0.3890952905
0.3889171432
0.3886574466
0.3883212483
0.3879141699
0.3874420879
0.3869108874
0.3863263107
0.385693923
0.3850191973
0.3843077002
0.3835653258
0.3827984582
0.3820137155
0.3812151657
0.3803771871
0.379067907
0.3729837671
0.3443125727
0.1701973731
0.02223621206
0.02195658939
0.02195649359
0.02195649355
0.02195649355
0.02195649355
0.02195649355
0.02195649355
0.02195649355
0.02195649355
0.02195649355
0.02195649355
0.02195649355
0.02195649355
0.02195649355
0.02195649355
0.02195649355
0.02195649355
0.02195649355
0.02195649355
0.02195649355
0.02195649355
0.02195649355
0.02195649355
0.02195649355
0.02195649355
0.02195649355
0.02195649355
0.02195649355
0.02195649355
0.02195649355
0.02195649355
0.02195649355
0.02195649355
0.02195649355
0.02195649355
0.02195649355
0.02195649355
0.02195649355
0.02195649355
0.02195649355
0.02195649355
0.02195649355
0.02195649355
0.02195649355
0.02195649355
0.02195649355
0.02195649355
0.02195649355
0.02195649355
0.02195649355
0.02195649355
0.02195649355
0.02195649355
0.02195649355
0.02195649355
0.02195649355
0.02195649355
0.02195649355
0.02195649355
0.02195649355
0.02195649355
0.02195649355
0.02195649355
0.02195649355
0.02195649355
0.02195649355
0.02195649355
0.02195649355
0.02195649355
0.02195649355
0.02195649355
0.02195649355
0.02195649355
0.02195649355
0.02195649355
0.02195649355
0.02195649355
0.02195649355
0.02195649355
0.02195649355
0.02195649355
0.02195649355
0.02195649355
0.02195649355
0.02195649355
0.02195649355
0.02195649355
0.02195649355
0.02195649355
0.02195649355
0.02195649355
0.02195649355
0.02195649355
0.02195649355
0.02195649355
0.02195649355
0.02195649355
0.02195649355
0.02195649355
0.02195649355
0.02195649355
0.02195649355
0.02195649355
0.02195649355
0.02195649355
0.02195649355
0.02195649355
0.02195649355
0.02195649355
0.02195649355
0.02195649355
0.02195649355
0.02195649355
0.02195649355
0.02195649355
0.02195649355
0.02195649355
0.02195649355
0.02195649355
0.02195649355
0.02195649355
0.02195649355
0.02195649355
0.02195649355
0.02195649355
0.02195649355
0.02195649355
0.02195649355
0.02195649355
0.02195649355
0.02195649355
0.02195649355
0.02195649355
0.02195649355
0.02195649355
0.02195649355
0.02195649355
0.02195649355
0.02195649355
0.02195649355
0.02195649355
0.02195649355
0.02195649355
0.02195649355
0.02195649355
0.02195649355
0.02195649355
0.02195649355
0.02195649355
0.02195649355
0.02195649355
0.02195649355
0.02195649355
0.02195649355
0.02195649355
0.02195649355
0.02195649355
0.02195649355
0.02195649355
0.02195649355
0.02195649355
0.02195649355
0.02195649355
0.02195649355
0.02195649355
0.02195649355
0.02195649355
0.02195649355
0.02195649355
0.02195649355
0.02195649355
0.02195649355
0.02195649355
0.02195649355
0.02195649355
0.02195649355
0.3893612711
0.3889011149
0.3888903916
0.3887942326
0.3886108946
0.3883445361
0.3880004857
0.3875847023
0.3871034623
0.3865631165
0.3859699376
0.385330067
0.3846495502
0.3839344178
0.3831907263
0.382424405
0.3816405519
0.3808402656
0.3799952796
0.3787061014
0.3729490923
0.3458049956
0.1868285049
0.02230644685
0.02195661381
0.02195649361
0.02195649355
0.02195649355
0.02195649355
0.02195649355
0.02195649355
0.02195649355
0.02195649355
0.02195649355
0.02195649355
0.02195649355
0.02195649355
0.02195649355
0.02195649355
0.02195649355
0.02195649355
0.02195649355
0.02195649355
0.02195649355
0.02195649355
0.02195649355
0.02195649355
0.02195649355
0.02195649355
0.02195649355
0.02195649355
0.02195649355
0.02195649355
0.02195649355
0.02195649355
0.02195649355
0.02195649355
0.02195649355
0.02195649355
0.02195649355
0.02195649355
0.02195649355
0.02195649355
0.02195649355
0.02195649355
0.02195649355
0.02195649355
0.02195649355
0.02195649355
0.02195649355
0.02195649355
0.02195649355
0.02195649355
0.02195649355
0.02195649355
0.02195649355
0.02195649355
0.02195649355
0.02195649355
0.02195649355
0.02195649355
0.02195649355
0.02195649355
0.02195649355
0.02195649355
0.02195649355
0.02195649355
0.02195649355
0.02195649355
0.02195649355
0.02195649355
0.02195649355
0.02195649355
0.02195649355
0.02195649355
0.02195649355
0.02195649355
0.02195649355
0.02195649355
0.02195649355
0.02195649355
0.02195649355
0.02195649355
0.02195649355
0.02195649355
0.02195649355
0.02195649355
0.02195649355
0.02195649355
0.02195649355
0.02195649355
0.02195649355
0.02195649355
0.02195649355
0.02195649355
0.02195649355
0.02195649355
0.02195649355
0.02195649355
0.02195649355
0.02195649355
0.02195649355
0.02195649355
0.02195649355
0.02195649355
0.02195649355
0.02195649355
0.02195649355
0.02195649355
0.02195649355
0.02195649355
0.02195649355
0.02195649355
0.02195649355
0.02195649355
0.02195649355
0.02195649355
0.02195649355
0.02195649355
0.02195649355
0.02195649355
0.02195649355
0.02195649355
0.02195649355
0.02195649355
0.02195649355
0.02195649355
0.02195649355
0.02195649355
0.02195649355
0.02195649355
0.02195649355
0.02195649355
0.02195649355
0.02195649355
0.02195649355
0.02195649355
0.02195649355
0.02195649355
0.02195649355
0.02195649355
0.02195649355
0.02195649355
0.02195649355
0.02195649355
0.02195649355
0.02195649355
0.02195649355
0.02195649355
0.02195649355
0.02195649355
0.02195649355
0.02195649355
0.02195649355
0.02195649355
0.02195649355
0.02195649355
0.02195649355
0.02195649355
0.02195649355
0.02195649355
0.02195649355
0.02195649355
0.02195649355
0.02195649355
0.02195649355
0.02195649355
0.02195649355
0.02195649355
0.02195649355
0.02195649355
0.02195649355
0.02195649355
0.02195649355
0.02195649355
0.02195649355
0.02195649355
0.02195649355
0.02195649355
0.02195649355
0.3890551904
0.3885991647
0.3885870147
0.388487526
0.3882992217
0.3880265167
0.3876750473
0.3872511366
0.3867614805
0.3862128992
0.3856121639
0.3849659001
0.3842805401
0.3835622639
0.3828168239
0.3820491007
0.3812620835
0.3804536204
0.379593166
0.3783120952
0.3728555122
0.3471489992
0.2016017112
0.02237668864
0.02195663843
0.02195649362
0.02195649355
0.02195649355
0.02195649355
0.02195649355
0.02195649355
0.02195649355
0.02195649355
0.02195649355
0.02195649355
0.02195649355
0.02195649355
0.02195649355
0.02195649355
0.02195649355
0.02195649355
0.02195649355
0.02195649355
0.02195649355
0.02195649355
0.02195649355
0.02195649355
0.02195649355
0.02195649355
0.02195649355
0.02195649355
0.02195649355
0.02195649355
0.02195649355
0.02195649355
0.02195649355
0.02195649355
0.02195649355
0.02195649355
0.02195649355
0.02195649355
0.02195649355
0.02195649355
0.02195649355
0.02195649355
0.02195649355
0.02195649355
0.02195649355
0.02195649355
0.02195649355
0.02195649355
0.02195649355
0.02195649355
0.02195649355
0.02195649355
0.02195649355
0.02195649355
0.02195649355
0.02195649355
0.02195649355
0.02195649355
0.02195649355
0.02195649355
0.02195649355
0.02195649355
0.02195649355
0.02195649355
0.02195649355
0.02195649355
0.02195649355
0.02195649355
0.02195649355
0.02195649355
0.02195649355
0.02195649355
0.02195649355
0.02195649355
0.02195649355
0.02195649355
0.02195649355
0.02195649355
0.02195649355
0.02195649355
0.02195649355
0.02195649355
0.02195649355
0.02195649355
0.02195649355
0.02195649355
0.02195649355
0.02195649355
0.02195649355
0.02195649355
0.02195649355
0.02195649355
0.02195649355
0.02195649355
0.02195649355
0.02195649355
0.02195649355
0.02195649355
0.02195649355
0.02195649355
0.02195649355
0.02195649355
0.02195649355
0.02195649355
0.02195649355
0.02195649355
0.02195649355
0.02195649355
0.02195649355
0.02195649355
0.02195649355
0.02195649355
0.02195649355
0.02195649355
0.02195649355
0.02195649355
0.02195649355
0.02195649355
0.02195649355
0.02195649355
0.02195649355
0.02195649355
0.02195649355
0.02195649355
0.02195649355
0.02195649355
0.02195649355
0.02195649355
0.02195649355
0.02195649355
0.02195649355
0.02195649355
0.02195649355
0.02195649355
0.02195649355
0.02195649355
0.02195649355
0.02195649355
0.02195649355
0.02195649355
0.02195649355
0.02195649355
0.02195649355
0.02195649355
0.02195649355
0.02195649355
0.02195649355
0.02195649355
0.02195649355
0.02195649355
0.02195649355
0.02195649355
0.02195649355
0.02195649355
0.02195649355
0.02195649355
0.02195649355
0.02195649355
0.02195649355
0.02195649355
0.02195649355
0.02195649355
0.02195649355
0.02195649355
0.02195649355
0.02195649355
0.02195649355
0.02195649355
0.02195649355
0.02195649355
0.02195649355
0.02195649355
0.02195649355
0.02195649355
0.02195649355
0.02195649355
0.02195649355
0.3887431109
0.3882915482
0.3882781066
0.3881754814
0.3879824806
0.3877037941
0.3873453847
0.3869139525
0.3864166132
0.3858606298
0.3852532024
0.3846013072
0.3839115458
0.3831899353
0.3824415394
0.3816698154
0.3808754599
0.3800533606
0.3791716228
0.3778913171
0.3727138616
0.34836128
0.2148064111
0.02244599858
0.02195666296
0.02195649363
0.02195649355
0.02195649355
0.02195649355
0.02195649355
0.02195649355
0.02195649355
0.02195649355
0.02195649355
0.02195649355
0.02195649355
0.02195649355
0.02195649355
0.02195649355
0.02195649355
0.02195649355
0.02195649355
0.02195649355
0.02195649355
0.02195649355
0.02195649355
0.02195649355
0.02195649355
0.02195649355
0.02195649355
0.02195649355
0.02195649355
0.02195649355
0.02195649355
0.02195649355
0.02195649355
0.02195649355
0.02195649355
0.02195649355
0.02195649355
0.02195649355
0.02195649355
0.02195649355
0.02195649355
0.02195649355
0.02195649355
0.02195649355
0.02195649355
0.02195649355
0.02195649355
0.02195649355
0.02195649355
0.02195649355
0.02195649355
0.02195649355
0.02195649355
0.02195649355
0.02195649355
0.02195649355
0.02195649355
0.02195649355
0.02195649355
0.02195649355
0.02195649355
0.02195649355
0.02195649355
0.02195649355
0.02195649355
0.02195649355
0.02195649355
0.02195649355
0.02195649355
0.02195649355
0.02195649355
0.02195649355
0.02195649355
0.02195649355
0.02195649355
0.02195649355
0.02195649355
0.02195649355
0.02195649355
0.02195649355
0.02195649355
0.02195649355
0.02195649355
0.02195649355
0.02195649355
0.02195649355
0.02195649355
0.02195649355
0.02195649355
0.02195649355
0.02195649355
0.02195649355
0.02195649355
0.02195649355
0.02195649355
0.02195649355
0.02195649355
0.02195649355
0.02195649355
0.02195649355
0.02195649355
0.02195649355
0.02195649355
0.02195649355
0.02195649355
0.02195649355
0.02195649355
0.02195649355
0.02195649355
0.02195649355
0.02195649355
0.02195649355
0.02195649355
0.02195649355
0.02195649355
0.02195649355
0.02195649355
0.02195649355
0.02195649355
0.02195649355
0.02195649355
0.02195649355
0.02195649355
0.02195649355
0.02195649355
0.02195649355
0.02195649355
0.02195649355
0.02195649355
0.02195649355
0.02195649355
0.02195649355
0.02195649355
0.02195649355
0.02195649355
0.02195649355
0.02195649355
0.02195649355
0.02195649355
0.02195649355
0.02195649355
0.02195649355
0.02195649355
0.02195649355
0.02195649355
0.02195649355
0.02195649355
0.02195649355
0.02195649355
0.02195649355
0.02195649355
0.02195649355
0.02195649355
0.02195649355
0.02195649355
0.02195649355
0.02195649355
0.02195649355
0.02195649355
0.02195649355
0.02195649355
0.02195649355
0.02195649355
0.02195649355
0.02195649355
0.02195649355
0.02195649355
0.02195649355
0.02195649355
0.02195649355
0.02195649355
0.02195649355
0.02195649355
0.02195649355
0.02195649355
0.02195649355
0.02195649355
0.3884252882
0.3879785221
0.3879639442
0.3878584035
0.3876610076
0.3873767339
0.3870118799
0.3865735211
0.3860691717
0.3855064855
0.3848929943
0.3842358693
0.3835416609
0.3828159521
0.382062844
0.3812841971
0.3804785024
0.3796382169
0.3787310237
0.3774462531
0.3725286535
0.3494511615
0.226639544
0.02251364453
0.02195668715
0.02195649364
0.02195649355
0.02195649355
0.02195649355
0.02195649355
0.02195649355
0.02195649355
0.02195649355
0.02195649355
0.02195649355
0.02195649355
0.02195649355
0.02195649355
0.02195649355
0.02195649355
0.02195649355
0.02195649355
0.02195649355
0.02195649355
0.02195649355
0.02195649355
0.02195649355
0.02195649355
0.02195649355
0.02195649355
0.02195649355
0.02195649355
0.02195649355
0.02195649355
0.02195649355
0.02195649355
0.02195649355
0.02195649355
0.02195649355
0.02195649355
0.02195649355
0.02195649355
0.02195649355
0.02195649355
0.02195649355
0.02195649355
0.02195649355
0.02195649355
0.02195649355
0.02195649355
0.02195649355
0.02195649355
0.02195649355
0.02195649355
0.02195649355
0.02195649355
0.02195649355
0.02195649355
0.02195649355
0.02195649355
0.02195649355
0.02195649355
0.02195649355
0.02195649355
0.02195649355
0.02195649355
0.02195649355
0.02195649355
0.02195649355
0.02195649355
0.02195649355
0.02195649355
0.02195649355
0.02195649355
0.02195649355
0.02195649355
0.02195649355
0.02195649355
0.02195649355
0.02195649355
0.02195649355
0.02195649355
0.02195649355
0.02195649355
0.02195649355
0.02195649355
0.02195649355
0.02195649355
0.02195649355
0.02195649355
0.02195649355
0.02195649355
0.02195649355
0.02195649355
0.02195649355
0.02195649355
0.02195649355
0.02195649355
0.02195649355
0.02195649355
0.02195649355
0.02195649355
0.02195649355
0.02195649355
0.02195649355
0.02195649355
0.02195649355
0.02195649355
0.02195649355
0.02195649355
0.02195649355
0.02195649355
0.02195649355
0.02195649355
0.02195649355
0.02195649355
0.02195649355
0.02195649355
0.02195649355
0.02195649355
0.02195649355
0.02195649355
0.02195649355
0.02195649355
0.02195649355
0.02195649355
0.02195649355
0.02195649355
0.02195649355
0.02195649355
0.02195649355
0.02195649355
0.02195649355
0.02195649355
0.02195649355
0.02195649355
0.02195649355
0.02195649355
0.02195649355
0.02195649355
0.02195649355
0.02195649355
0.02195649355
0.02195649355
0.02195649355
0.02195649355
0.02195649355
0.02195649355
0.02195649355
0.02195649355
0.02195649355
0.02195649355
0.02195649355
0.02195649355
0.02195649355
0.02195649355
0.02195649355
0.02195649355
0.02195649355
0.02195649355
0.02195649355
0.02195649355
0.02195649355
0.02195649355
0.02195649355
0.02195649355
0.02195649355
0.02195649355
0.02195649355
0.02195649355
0.02195649355
0.02195649355
0.02195649355
0.02195649355
0.02195649355
0.02195649355
0.02195649355
0.02195649355
0.02195649355
0.02195649355
0.3881019841
0.3876603406
0.3876447957
0.3875365787
0.3873351066
0.3870456489
0.386674835
0.3862300996
0.3857193166
0.3851504588
0.3845312766
0.383868977
0.3831698614
0.3824388714
0.3816789887
0.3808904658
0.3800698395
0.3792077297
0.3782721599
0.3769790745
0.3723037654
0.3504281954
0.2372607184
0.02257908895
0.02195671084
0.02195649365
0.02195649355
0.02195649355
0.02195649355
0.02195649355
0.02195649355
0.02195649355
0.02195649355
0.02195649355
0.02195649355
0.02195649355
0.02195649355
0.02195649355
0.02195649355
0.02195649355
0.02195649355
0.02195649355
0.02195649355
0.02195649355
0.02195649355
0.02195649355
0.02195649355
0.02195649355
0.02195649355
0.02195649355
0.02195649355
0.02195649355
0.02195649355
0.02195649355
0.02195649355
0.02195649355
0.02195649355
0.02195649355
0.02195649355
0.02195649355
0.02195649355
0.02195649355
0.02195649355
0.02195649355
0.02195649355
0.02195649355
0.02195649355
0.02195649355
0.02195649355
0.02195649355
0.02195649355
0.02195649355
0.02195649355
0.02195649355
0.02195649355
0.02195649355
0.02195649355
0.02195649355
0.02195649355
0.02195649355
0.02195649355
0.02195649355
0.02195649355
0.02195649355
0.02195649355
0.02195649355
0.02195649355
0.02195649355
0.02195649355
0.02195649355
0.02195649355
0.02195649355
0.02195649355
0.02195649355
0.02195649355
0.02195649355
0.02195649355
0.02195649355
0.02195649355
0.02195649355
0.02195649355
0.02195649355
0.02195649355
0.02195649355
0.02195649355
0.02195649355
0.02195649355
0.02195649355
0.02195649355
0.02195649355
0.02195649355
0.02195649355
0.02195649355
0.02195649355
0.02195649355
0.02195649355
0.02195649355
0.02195649355
0.02195649355
0.02195649355
0.02195649355
0.02195649355
0.02195649355
0.02195649355
0.02195649355
0.02195649355
0.02195649355
0.02195649355
0.02195649355
0.02195649355
0.02195649355
0.02195649355
0.02195649355
0.02195649355
0.02195649355
0.02195649355
0.02195649355
0.02195649355
0.02195649355
0.02195649355
0.02195649355
0.02195649355
0.02195649355
0.02195649355
0.02195649355
0.02195649355
0.02195649355
0.02195649355
0.02195649355
0.02195649355
0.02195649355
0.02195649355
0.02195649355
0.02195649355
0.02195649355
0.02195649355
0.02195649355
0.02195649355
0.02195649355
0.02195649355
0.02195649355
0.02195649355
0.02195649355
0.02195649355
0.02195649355
0.02195649355
0.02195649355
0.02195649355
0.02195649355
0.02195649355
0.02195649355
0.02195649355
0.02195649355
0.02195649355
0.02195649355
0.02195649355
0.02195649355
0.02195649355
0.02195649355
0.02195649355
0.02195649355
0.02195649355
0.02195649355
0.02195649355
0.02195649355
0.02195649355
0.02195649355
0.02195649355
0.02195649355
0.02195649355
0.02195649355
0.02195649355
0.02195649355
0.02195649355
0.02195649355
0.02195649355
0.02195649355
0.02195649355
0.02195649355
0.02195649355
0.3877734559
0.3873372453
0.3873209108
0.3872102656
0.3870050395
0.3867107911
0.3863344688
0.3858838369
0.3853670762
0.3847923954
0.3841676464
0.3834999242
0.382795121
0.3820573997
0.3812885681
0.3804873742
0.3796487282
0.3787619694
0.377796024
0.3764916956
0.3720425441
0.3513015842
0.2468072483
0.02264197076
0.0219567339
0.02195649367
0.02195649355
0.02195649355
0.02195649355
0.02195649355
0.02195649355
0.02195649355
0.02195649355
0.02195649355
0.02195649355
0.02195649355
0.02195649355
0.02195649355
0.02195649355
0.02195649355
0.02195649355
0.02195649355
0.02195649355
0.02195649355
0.02195649355
0.02195649355
0.02195649355
0.02195649355
0.02195649355
0.02195649355
0.02195649355
0.02195649355
0.02195649355
0.02195649355
0.02195649355
0.02195649355
0.02195649355
0.02195649355
0.02195649355
0.02195649355
0.02195649355
0.02195649355
0.02195649355
0.02195649355
0.02195649355
0.02195649355
0.02195649355
0.02195649355
0.02195649355
0.02195649355
0.02195649355
0.02195649355
0.02195649355
0.02195649355
0.02195649355
0.02195649355
0.02195649355
0.02195649355
0.02195649355
0.02195649355
0.02195649355
0.02195649355
0.02195649355
0.02195649355
0.02195649355
0.02195649355
0.02195649355
0.02195649355
0.02195649355
0.02195649355
0.02195649355
0.02195649355
0.02195649355
0.02195649355
0.02195649355
0.02195649355
0.02195649355
0.02195649355
0.02195649355
0.02195649355
0.02195649355
0.02195649355
0.02195649355
0.02195649355
0.02195649355
0.02195649355
0.02195649355
0.02195649355
0.02195649355
0.02195649355
0.02195649355
0.02195649355
0.02195649355
0.02195649355
0.02195649355
0.02195649355
0.02195649355
0.02195649355
0.02195649355
0.02195649355
0.02195649355
0.02195649355
0.02195649355
0.02195649355
0.02195649355
0.02195649355
0.02195649355
0.02195649355
0.02195649355
0.02195649355
0.02195649355
0.02195649355
0.02195649355
0.02195649355
0.02195649355
0.02195649355
0.02195649355
0.02195649355
0.02195649355
0.02195649355
0.02195649355
0.02195649355
0.02195649355
0.02195649355
0.02195649355
0.02195649355
0.02195649355
0.02195649355
0.02195649355
0.02195649355
0.02195649355
0.02195649355
0.02195649355
0.02195649355
0.02195649355
0.02195649355
0.02195649355
0.02195649355
0.02195649355
0.02195649355
0.02195649355
0.02195649355
0.02195649355
0.02195649355
0.02195649355
0.02195649355
0.02195649355
0.02195649355
0.02195649355
0.02195649355
0.02195649355
0.02195649355
0.02195649355
0.02195649355
0.02195649355
0.02195649355
0.02195649355
0.02195649355
0.02195649355
0.02195649355
0.02195649355
0.02195649355
0.02195649355
0.02195649355
0.02195649355
0.02195649355
0.02195649355
0.02195649355
0.02195649355
0.02195649355
0.02195649355
0.02195649355
0.02195649355
0.02195649355
0.02195649355
0.02195649355
0.02195649355
0.02195649355
0.02195649355
0.02195649355
0.3874399478
0.3870094568
0.3869925125
0.3868796864
0.3866710193
0.3863723481
0.3859909178
0.3855347829
0.3850123689
0.3844320332
0.3838016173
0.3831279782
0.3824164812
0.3816704392
0.3808905105
0.3800741093
0.379214862
0.3783013031
0.3773036406
0.3759857609
0.3717478397
0.3520801017
0.2554018756
0.02270208385
0.02195675625
0.02195649368
0.02195649355
0.02195649355
0.02195649355
0.02195649355
0.02195649355
0.02195649355
0.02195649355
0.02195649355
0.02195649355
0.02195649355
0.02195649355
0.02195649355
0.02195649355
0.02195649355
0.02195649355
0.02195649355
0.02195649355
0.02195649355
0.02195649355
0.02195649355
0.02195649355
0.02195649355
0.02195649355
0.02195649355
0.02195649355
0.02195649355
0.02195649355
0.02195649355
0.02195649355
0.02195649355
0.02195649355
0.02195649355
0.02195649355
0.02195649355
0.02195649355
0.02195649355
0.02195649355
0.02195649355
0.02195649355
0.02195649355
0.02195649355
0.02195649355
0.02195649355
0.02195649355
0.02195649355
0.02195649355
0.02195649355
0.02195649355
0.02195649355
0.02195649355
0.02195649355
0.02195649355
0.02195649355
0.02195649355
0.02195649355
0.02195649355
0.02195649355
0.02195649355
0.02195649355
0.02195649355
0.02195649355
0.02195649355
0.02195649355
0.02195649355
0.02195649355
0.02195649355
0.02195649355
0.02195649355
0.02195649355
0.02195649355
0.02195649355
0.02195649355
0.02195649355
0.02195649355
0.02195649355
0.02195649355
0.02195649355
0.02195649355
0.02195649355
0.02195649355
0.02195649355
0.02195649355
0.02195649355
0.02195649355
0.02195649355
0.02195649355
0.02195649355
0.02195649355
0.02195649355
0.02195649355
0.02195649355
0.02195649355
0.02195649355
0.02195649355
0.02195649355
0.02195649355
0.02195649355
0.02195649355
0.02195649355
0.02195649355
0.02195649355
0.02195649355
0.02195649355
0.02195649355
0.02195649355
0.02195649355
0.02195649355
0.02195649355
0.02195649355
0.02195649355
0.02195649355
0.02195649355
0.02195649355
0.02195649355
0.02195649355
0.02195649355
0.02195649355
0.02195649355
0.02195649355
0.02195649355
0.02195649355
0.02195649355
0.02195649355
0.02195649355
0.02195649355
0.02195649355
0.02195649355
0.02195649355
0.02195649355
0.02195649355
0.02195649355
0.02195649355
0.02195649355
0.02195649355
0.02195649355
0.02195649355
0.02195649355
0.02195649355
0.02195649355
0.02195649355
0.02195649355
0.02195649355
0.02195649355
0.02195649355
0.02195649355
0.02195649355
0.02195649355
0.02195649355
0.02195649355
0.02195649355
0.02195649355
0.02195649355
0.02195649355
0.02195649355
0.02195649355
0.02195649355
0.02195649355
0.02195649355
0.02195649355
0.02195649355
0.02195649355
0.02195649355
0.02195649355
0.02195649355
0.02195649355
0.02195649355
0.02195649355
0.02195649355
0.02195649355
0.02195649355
0.02195649355
0.02195649355
0.02195649355
0.02195649355
0.3871016812
0.3866771669
0.3866597893
0.3865450209
0.3863332058
0.3860304419
0.3856442408
0.3851829007
0.3846550258
0.3840690364
0.3834326636
0.382752427
0.3820330897
0.3812770971
0.3804840366
0.37965019
0.3787682221
0.3778262445
0.3767959793
0.3754626576
0.3714220518
0.3527719845
0.2631561423
0.02275935097
0.02195677784
0.02195649369
0.02195649355
0.02195649355
0.02195649355
0.02195649355
0.02195649355
0.02195649355
0.02195649355
0.02195649355
0.02195649355
0.02195649355
0.02195649355
0.02195649355
0.02195649355
0.02195649355
0.02195649355
0.02195649355
0.02195649355
0.02195649355
0.02195649355
0.02195649355
0.02195649355
0.02195649355
0.02195649355
0.02195649355
0.02195649355
0.02195649355
0.02195649355
0.02195649355
0.02195649355
0.02195649355
0.02195649355
0.02195649355
0.02195649355
0.02195649355
0.02195649355
0.02195649355
0.02195649355
0.02195649355
0.02195649355
0.02195649355
0.02195649355
0.02195649355
0.02195649355
0.02195649355
0.02195649355
0.02195649355
0.02195649355
0.02195649355
0.02195649355
0.02195649355
0.02195649355
0.02195649355
0.02195649355
0.02195649355
0.02195649355
0.02195649355
0.02195649355
0.02195649355
0.02195649355
0.02195649355
0.02195649355
0.02195649355
0.02195649355
0.02195649355
0.02195649355
0.02195649355
0.02195649355
0.02195649355
0.02195649355
0.02195649355
0.02195649355
0.02195649355
0.02195649355
0.02195649355
0.02195649355
0.02195649355
0.02195649355
0.02195649355
0.02195649355
0.02195649355
0.02195649355
0.02195649355
0.02195649355
0.02195649355
0.02195649355
0.02195649355
0.02195649355
0.02195649355
0.02195649355
0.02195649355
0.02195649355
0.02195649355
0.02195649355
0.02195649355
0.02195649355
0.02195649355
0.02195649355
0.02195649355
0.02195649355
0.02195649355
0.02195649355
0.02195649355
0.02195649355
0.02195649355
0.02195649355
0.02195649355
0.02195649355
0.02195649355
0.02195649355
0.02195649355
0.02195649355
0.02195649355
0.02195649355
0.02195649355
0.02195649355
0.02195649355
0.02195649355
0.02195649355
0.02195649355
0.02195649355
0.02195649355
0.02195649355
0.02195649355
0.02195649355
0.02195649355
0.02195649355
0.02195649355
0.02195649355
0.02195649355
0.02195649355
0.02195649355
0.02195649355
0.02195649355
0.02195649355
0.02195649355
0.02195649355
0.02195649355
0.02195649355
0.02195649355
0.02195649355
0.02195649355
0.02195649355
0.02195649355
0.02195649355
0.02195649355
0.02195649355
0.02195649355
0.02195649355
0.02195649355
0.02195649355
0.02195649355
0.02195649355
0.02195649355
0.02195649355
0.02195649355
0.02195649355
0.02195649355
0.02195649355
0.02195649355
0.02195649355
0.02195649355
0.02195649355
0.02195649355
0.02195649355
0.02195649355
0.02195649355
0.02195649355
0.02195649355
0.02195649355
0.02195649355
0.02195649355
0.02195649355
0.02195649355
0.02195649355
0.386758846
0.3863405315
0.3863228891
0.3862064009
0.3859917024
0.3856851293
0.3852944247
0.3848280798
0.3842948115
0.3837030236
0.3830602531
0.38237261
0.3816442165
0.3808766747
0.3800686117
0.3792153837
0.378308976
0.3773373703
0.3762739253
0.3749235512
0.3710671864
0.3533847882
0.2701713891
0.02281379447
0.02195679867
0.0219564937
0.02195649355
0.02195649355
0.02195649355
0.02195649355
0.02195649355
0.02195649355
0.02195649355
0.02195649355
0.02195649355
0.02195649355
0.02195649355
0.02195649355
0.02195649355
0.02195649355
0.02195649355
0.02195649355
0.02195649355
0.02195649355
0.02195649355
0.02195649355
0.02195649355
0.02195649355
0.02195649355
0.02195649355
0.02195649355
0.02195649355
0.02195649355
0.02195649355
0.02195649355
0.02195649355
0.02195649355
0.02195649355
0.02195649355
0.02195649355
0.02195649355
0.02195649355
0.02195649355
0.02195649355
0.02195649355
0.02195649355
0.02195649355
0.02195649355
0.02195649355
0.02195649355
0.02195649355
0.02195649355
0.02195649355
0.02195649355
0.02195649355
0.02195649355
0.02195649355
0.02195649355
0.02195649355
0.02195649355
0.02195649355
0.02195649355
0.02195649355
0.02195649355
0.02195649355
0.02195649355
0.02195649355
0.02195649355
0.02195649355
0.02195649355
0.02195649355
0.02195649355
0.02195649355
0.02195649355
0.02195649355
0.02195649355
0.02195649355
0.02195649355
0.02195649355
0.02195649355
0.02195649355
0.02195649355
0.02195649355
0.02195649355
0.02195649355
0.02195649355
0.02195649355
0.02195649355
0.02195649355
0.02195649355
0.02195649355
0.02195649355
0.02195649355
0.02195649355
0.02195649355
0.02195649355
0.02195649355
0.02195649355
0.02195649355
0.02195649355
0.02195649355
0.02195649355
0.02195649355
0.02195649355
0.02195649355
0.02195649355
0.02195649355
0.02195649355
0.02195649355
0.02195649355
0.02195649355
0.02195649355
0.02195649355
0.02195649355
0.02195649355
0.02195649355
0.02195649355
0.02195649355
0.02195649355
0.02195649355
0.02195649355
0.02195649355
0.02195649355
0.02195649355
0.02195649355
0.02195649355
0.02195649355
0.02195649355
0.02195649355
0.02195649355
0.02195649355
0.02195649355
0.02195649355
0.02195649355
0.02195649355
0.02195649355
0.02195649355
0.02195649355
0.02195649355
0.02195649355
0.02195649355
0.02195649355
0.02195649355
0.02195649355
0.02195649355
0.02195649355
0.02195649355
0.02195649355
0.02195649355
0.02195649355
0.02195649355
0.02195649355
0.02195649355
0.02195649355
0.02195649355
0.02195649355
0.02195649355
0.02195649355
0.02195649355
0.02195649355
0.02195649355
0.02195649355
0.02195649355
0.02195649355
0.02195649355
0.02195649355
0.02195649355
0.02195649355
0.02195649355
0.02195649355
0.02195649355
0.02195649355
0.02195649355
0.02195649355
0.02195649355
0.02195649355
0.02195649355
0.02195649355
0.02195649355
0.02195649355
0.386411594
0.385999665
0.3859819141
0.3858639074
0.3856465551
0.3853364043
0.3849413906
0.3844701474
0.3839314409
0.3833335889
0.3826838684
0.3819879323
0.3812492549
0.3804686472
0.3796439012
0.3787696427
0.3778374141
0.3768352825
0.3757382853
0.3743694366
0.3706849268
0.3539252755
0.276538855
0.02286550736
0.02195681875
0.02195649371
0.02195649355
0.02195649355
0.02195649355
0.02195649355
0.02195649355
0.02195649355
0.02195649355
0.02195649355
0.02195649355
0.02195649355
0.02195649355
0.02195649355
0.02195649355
0.02195649355
0.02195649355
0.02195649355
0.02195649355
0.02195649355
0.02195649355
0.02195649355
0.02195649355
0.02195649355
0.02195649355
0.02195649355
0.02195649355
0.02195649355
0.02195649355
0.02195649355
0.02195649355
0.02195649355
0.02195649355
0.02195649355
0.02195649355
0.02195649355
0.02195649355
0.02195649355
0.02195649355
0.02195649355
0.02195649355
0.02195649355
0.02195649355
0.02195649355
0.02195649355
0.02195649355
0.02195649355
0.02195649355
0.02195649355
0.02195649355
0.02195649355
0.02195649355
0.02195649355
0.02195649355
0.02195649355
0.02195649355
0.02195649355
0.02195649355
0.02195649355
0.02195649355
0.02195649355
0.02195649355
0.02195649355
0.02195649355
0.02195649355
0.02195649355
0.02195649355
0.02195649355
0.02195649355
0.02195649355
0.02195649355
0.02195649355
0.02195649355
0.02195649355
0.02195649355
0.02195649355
0.02195649355
0.02195649355
0.02195649355
0.02195649355
0.02195649355
0.02195649355
0.02195649355
0.02195649355
0.02195649355
0.02195649355
0.02195649355
0.02195649355
0.02195649355
0.02195649355
0.02195649355
0.02195649355
0.02195649355
0.02195649355
0.02195649355
0.02195649355
0.02195649355
0.02195649355
0.02195649355
0.02195649355
0.02195649355
0.02195649355
0.02195649355
0.02195649355
0.02195649355
0.02195649355
0.02195649355
0.02195649355
0.02195649355
0.02195649355
0.02195649355
0.02195649355
0.02195649355
0.02195649355
0.02195649355
0.02195649355
0.02195649355
0.02195649355
0.02195649355
0.02195649355
0.02195649355
0.02195649355
0.02195649355
0.02195649355
0.02195649355
0.02195649355
0.02195649355
0.02195649355
0.02195649355
0.02195649355
0.02195649355
0.02195649355
0.02195649355
0.02195649355
0.02195649355
0.02195649355
0.02195649355
0.02195649355
0.02195649355
0.02195649355
0.02195649355
0.02195649355
0.02195649355
0.02195649355
0.02195649355
0.02195649355
0.02195649355
0.02195649355
0.02195649355
0.02195649355
0.02195649355
0.02195649355
0.02195649355
0.02195649355
0.02195649355
0.02195649355
0.02195649355
0.02195649355
0.02195649355
0.02195649355
0.02195649355
0.02195649355
0.02195649355
0.02195649355
0.02195649355
0.02195649355
0.02195649355
0.02195649355
0.02195649355
0.02195649355
0.02195649355
0.02195649355
0.02195649355
0.02195649355
0.02195649355
0.02195649355
0.3860600319
0.3856546349
0.3856369162
0.3855175665
0.385297751
0.3849841989
0.3845849991
0.3841088768
0.3835645909
0.3829603147
0.3823030169
0.3815978691
0.3808477134
0.3800526392
0.3792097315
0.3783130604
0.3773539151
0.3763205988
0.3751898133
0.3738011951
0.3702767147
0.3543993856
0.2823397613
0.02291462822
0.0219568381
0.02195649372
0.02195649355
0.02195649355
0.02195649355
0.02195649355
0.02195649355
0.02195649355
0.02195649355
0.02195649355
0.02195649355
0.02195649355
0.02195649355
0.02195649355
0.02195649355
0.02195649355
0.02195649355
0.02195649355
0.02195649355
0.02195649355
0.02195649355
0.02195649355
0.02195649355
0.02195649355
0.02195649355
0.02195649355
0.02195649355
0.02195649355
0.02195649355
0.02195649355
0.02195649355
0.02195649355
0.02195649355
0.02195649355
0.02195649355
0.02195649355
0.02195649355
0.02195649355
0.02195649355
0.02195649355
0.02195649355
0.02195649355
0.02195649355
0.02195649355
0.02195649355
0.02195649355
0.02195649355
0.02195649355
0.02195649355
0.02195649355
0.02195649355
0.02195649355
0.02195649355
0.02195649355
0.02195649355
0.02195649355
0.02195649355
0.02195649355
0.02195649355
0.02195649355
0.02195649355
0.02195649355
0.02195649355
0.02195649355
0.02195649355
0.02195649355
0.02195649355
0.02195649355
0.02195649355
0.02195649355
0.02195649355
0.02195649355
0.02195649355
0.02195649355
0.02195649355
0.02195649355
0.02195649355
0.02195649355
0.02195649355
0.02195649355
0.02195649355
0.02195649355
0.02195649355
0.02195649355
0.02195649355
0.02195649355
0.02195649355
0.02195649355
0.02195649355
0.02195649355
0.02195649355
0.02195649355
0.02195649355
0.02195649355
0.02195649355
0.02195649355
0.02195649355
0.02195649355
0.02195649355
0.02195649355
0.02195649355
0.02195649355
0.02195649355
0.02195649355
0.02195649355
0.02195649355
0.02195649355
0.02195649355
0.02195649355
0.02195649355
0.02195649355
0.02195649355
0.02195649355
0.02195649355
0.02195649355
0.02195649355
0.02195649355
0.02195649355
0.02195649355
0.02195649355
0.02195649355
0.02195649355
0.02195649355
0.02195649355
0.02195649355
0.02195649355
0.02195649355
0.02195649355
0.02195649355
0.02195649355
0.02195649355
0.02195649355
0.02195649355
0.02195649355
0.02195649355
0.02195649355
0.02195649355
0.02195649355
0.02195649355
0.02195649355
0.02195649355
0.02195649355
0.02195649355
0.02195649355
0.02195649355
0.02195649355
0.02195649355
0.02195649355
0.02195649355
0.02195649355
0.02195649355
0.02195649355
0.02195649355
0.02195649355
0.02195649355
0.02195649355
0.02195649355
0.02195649355
0.02195649355
0.02195649355
0.02195649355
0.02195649355
0.02195649355
0.02195649355
0.02195649355
0.02195649355
0.02195649355
0.02195649355
0.02195649355
0.02195649355
0.02195649355
0.02195649355
0.02195649355
0.02195649355
0.02195649355
0.02195649355
0.3857042158
0.3853054573
0.3852878939
0.3851673475
0.3849452174
0.3846283849
0.3842250528
0.3837439925
0.3831939058
0.3825827763
0.3819172324
0.3812019589
0.3804391988
0.3796283984
0.3787660578
0.3778458412
0.3768589301
0.3757939622
0.3746292479
0.3732196581
0.3698438454
0.3548122906
0.2876456785
0.02296132177
0.02195685675
0.02195649373
0.02195649355
0.02195649355
0.02195649355
0.02195649355
0.02195649355
0.02195649355
0.02195649355
0.02195649355
0.02195649355
0.02195649355
0.02195649355
0.02195649355
0.02195649355
0.02195649355
0.02195649355
0.02195649355
0.02195649355
0.02195649355
0.02195649355
0.02195649355
0.02195649355
0.02195649355
0.02195649355
0.02195649355
0.02195649355
0.02195649355
0.02195649355
0.02195649355
0.02195649355
0.02195649355
0.02195649355
0.02195649355
0.02195649355
0.02195649355
0.02195649355
0.02195649355
0.02195649355
0.02195649355
0.02195649355
0.02195649355
0.02195649355
0.02195649355
0.02195649355
0.02195649355
0.02195649355
0.02195649355
0.02195649355
0.02195649355
0.02195649355
0.02195649355
0.02195649355
0.02195649355
0.02195649355
0.02195649355
0.02195649355
0.02195649355
0.02195649355
0.02195649355
0.02195649355
0.02195649355
0.02195649355
0.02195649355
0.02195649355
0.02195649355
0.02195649355
0.02195649355
0.02195649355
0.02195649355
0.02195649355
0.02195649355
0.02195649355
0.02195649355
0.02195649355
0.02195649355
0.02195649355
0.02195649355
0.02195649355
0.02195649355
0.02195649355
0.02195649355
0.02195649355
0.02195649355
0.02195649355
0.02195649355
0.02195649355
0.02195649355
0.02195649355
0.02195649355
0.02195649355
0.02195649355
0.02195649355
0.02195649355
0.02195649355
0.02195649355
0.02195649355
0.02195649355
0.02195649355
0.02195649355
0.02195649355
0.02195649355
0.02195649355
0.02195649355
0.02195649355
0.02195649355
0.02195649355
0.02195649355
0.02195649355
0.02195649355
0.02195649355
0.02195649355
0.02195649355
0.02195649355
0.02195649355
0.02195649355
0.02195649355
0.02195649355
0.02195649355
0.02195649355
0.02195649355
0.02195649355
0.02195649355
0.02195649355
0.02195649355
0.02195649355
0.02195649355
0.02195649355
0.02195649355
0.02195649355
0.02195649355
0.02195649355
0.02195649355
0.02195649355
0.02195649355
0.02195649355
0.02195649355
0.02195649355
0.02195649355
0.02195649355
0.02195649355
0.02195649355
0.02195649355
0.02195649355
0.02195649355
0.02195649355
0.02195649355
0.02195649355
0.02195649355
0.02195649355
0.02195649355
0.02195649355
0.02195649355
0.02195649355
0.02195649355
0.02195649355
0.02195649355
0.02195649355
0.02195649355
0.02195649355
0.02195649355
0.02195649355
0.02195649355
0.02195649355
0.02195649355
0.02195649355
0.02195649355
0.02195649355
0.02195649355
0.02195649355
0.02195649355
0.02195649355
0.02195649355
0.02195649355
0.02195649355
0.02195649355
0.3853441471
0.3849520946
0.3849347892
0.3848131608
0.3845888207
0.3842687724
0.3838612966
0.3833751698
0.3828189964
0.3822005373
0.3815260644
0.3807997864
0.3800233916
0.3791957653
0.3783129338
0.3773682781
0.376352979
0.3752560622
0.3740573614
0.3726256807
0.3693875786
0.3551685399
0.2925193017
0.02300576557
0.02195687475
0.02195649374
0.02195649355
0.02195649355
0.02195649355
0.02195649355
0.02195649355
0.02195649355
0.02195649355
0.02195649355
0.02195649355
0.02195649355
0.02195649355
0.02195649355
0.02195649355
0.02195649355
0.02195649355
0.02195649355
0.02195649355
0.02195649355
0.02195649355
0.02195649355
0.02195649355
0.02195649355
0.02195649355
0.02195649355
0.02195649355
0.02195649355
0.02195649355
0.02195649355
0.02195649355
0.02195649355
0.02195649355
0.02195649355
0.02195649355
0.02195649355
0.02195649355
0.02195649355
0.02195649355
0.02195649355
0.02195649355
0.02195649355
0.02195649355
0.02195649355
0.02195649355
0.02195649355
0.02195649355
0.02195649355
0.02195649355
0.02195649355
0.02195649355
0.02195649355
0.02195649355
0.02195649355
0.02195649355
0.02195649355
0.02195649355
0.02195649355
0.02195649355
0.02195649355
0.02195649355
0.02195649355
0.02195649355
0.02195649355
0.02195649355
0.02195649355
0.02195649355
0.02195649355
0.02195649355
0.02195649355
0.02195649355
0.02195649355
0.02195649355
0.02195649355
0.02195649355
0.02195649355
0.02195649355
0.02195649355
0.02195649355
0.02195649355
0.02195649355
0.02195649355
0.02195649355
0.02195649355
0.02195649355
0.02195649355
0.02195649355
0.02195649355
0.02195649355
0.02195649355
0.02195649355
0.02195649355
0.02195649355
0.02195649355
0.02195649355
0.02195649355
0.02195649355
0.02195649355
0.02195649355
0.02195649355
0.02195649355
0.02195649355
0.02195649355
0.02195649355
0.02195649355
0.02195649355
0.02195649355
0.02195649355
0.02195649355
0.02195649355
0.02195649355
0.02195649355
0.02195649355
0.02195649355
0.02195649355
0.02195649355
0.02195649355
0.02195649355
0.02195649355
0.02195649355
0.02195649355
0.02195649355
0.02195649355
0.02195649355
0.02195649355
0.02195649355
0.02195649355
0.02195649355
0.02195649355
0.02195649355
0.02195649355
0.02195649355
0.02195649355
0.02195649355
0.02195649355
0.02195649355
0.02195649355
0.02195649355
0.02195649355
0.02195649355
0.02195649355
0.02195649355
0.02195649355
0.02195649355
0.02195649355
0.02195649355
0.02195649355
0.02195649355
0.02195649355
0.02195649355
0.02195649355
0.02195649355
0.02195649355
0.02195649355
0.02195649355
0.02195649355
0.02195649355
0.02195649355
0.02195649355
0.02195649355
0.02195649355
0.02195649355
0.02195649355
0.02195649355
0.02195649355
0.02195649355
0.02195649355
0.02195649355
0.02195649355
0.02195649355
0.02195649355
0.02195649355
0.02195649355
0.02195649355
0.02195649355
0.02195649355
0.38497977
0.3845944534
0.3845774863
0.3844548566
0.3842283648
0.383905109
0.383493415
0.38300203
0.3824394307
0.381813135
0.3811290569
0.3803909527
0.3796000099
0.3787546338
0.377850476
0.3768807319
0.3758366524
0.3747076675
0.373475023
0.3720202357
0.3689092787
0.3554722882
0.2970155646
0.02304814277
0.02195689215
0.02195649375
0.02195649355
0.02195649355
0.02195649355
0.02195649355
0.02195649355
0.02195649355
0.02195649355
0.02195649355
0.02195649355
0.02195649355
0.02195649355
0.02195649355
0.02195649355
0.02195649355
0.02195649355
0.02195649355
0.02195649355
0.02195649355
0.02195649355
0.02195649355
0.02195649355
0.02195649355
0.02195649355
0.02195649355
0.02195649355
0.02195649355
0.02195649355
0.02195649355
0.02195649355
0.02195649355
0.02195649355
0.02195649355
0.02195649355
0.02195649355
0.02195649355
0.02195649355
0.02195649355
0.02195649355
0.02195649355
0.02195649355
0.02195649355
0.02195649355
0.02195649355
0.02195649355
0.02195649355
0.02195649355
0.02195649355
0.02195649355
0.02195649355
0.02195649355
0.02195649355
0.02195649355
0.02195649355
0.02195649355
0.02195649355
0.02195649355
0.02195649355
0.02195649355
0.02195649355
0.02195649355
0.02195649355
0.02195649355
0.02195649355
0.02195649355
0.02195649355
0.02195649355
0.02195649355
0.02195649355
0.02195649355
0.02195649355
0.02195649355
0.02195649355
0.02195649355
0.02195649355
0.02195649355
0.02195649355
0.02195649355
0.02195649355
0.02195649355
0.02195649355
0.02195649355
0.02195649355
0.02195649355
0.02195649355
0.02195649355
0.02195649355
0.02195649355
0.02195649355
0.02195649355
0.02195649355
0.02195649355
0.02195649355
0.02195649355
0.02195649355
0.02195649355
0.02195649355
0.02195649355
0.02195649355
0.02195649355
0.02195649355
0.02195649355
0.02195649355
0.02195649355
0.02195649355
0.02195649355
0.02195649355
0.02195649355
0.02195649355
0.02195649355
0.02195649355
0.02195649355
0.02195649355
0.02195649355
0.02195649355
0.02195649355
0.02195649355
0.02195649355
0.02195649355
0.02195649355
0.02195649355
0.02195649355
0.02195649355
0.02195649355
0.02195649355
0.02195649355
0.02195649355
0.02195649355
0.02195649355
0.02195649355
0.02195649355
0.02195649355
0.02195649355
0.02195649355
0.02195649355
0.02195649355
0.02195649355
0.02195649355
0.02195649355
0.02195649355
0.02195649355
0.02195649355
0.02195649355
0.02195649355
0.02195649355
0.02195649355
0.02195649355
0.02195649355
0.02195649355
0.02195649355
0.02195649355
0.02195649355
0.02195649355
0.02195649355
0.02195649355
0.02195649355
0.02195649355
0.02195649355
0.02195649355
0.02195649355
0.02195649355
0.02195649355
0.02195649355
0.02195649355
0.02195649355
0.02195649355
0.02195649355
0.02195649355
0.02195649355
0.02195649355
0.02195649355
0.02195649355
0.02195649355
0.02195649355
0.02195649355
0.3846109696
0.3842323855
0.384215813
0.384092225
0.3838635907
0.383537077
0.3831210263
0.3826241302
0.3820547171
0.3814200548
0.3807257116
0.3799750279
0.3791687524
0.3783048918
0.3773788111
0.3763835961
0.3753106083
0.3741496647
0.372883286
0.3714045498
0.368410612
0.355727627
0.3011830616
0.02308864035
0.02195690899
0.02195649376
0.02195649355
0.02195649355
0.02195649355
0.02195649355
0.02195649355
0.02195649355
0.02195649355
0.02195649355
0.02195649355
0.02195649355
0.02195649355
0.02195649355
0.02195649355
0.02195649355
0.02195649355
0.02195649355
0.02195649355
0.02195649355
0.02195649355
0.02195649355
0.02195649355
0.02195649355
0.02195649355
0.02195649355
0.02195649355
0.02195649355
0.02195649355
0.02195649355
0.02195649355
0.02195649355
0.02195649355
0.02195649355
0.02195649355
0.02195649355
0.02195649355
0.02195649355
0.02195649355
0.02195649355
0.02195649355
0.02195649355
0.02195649355
0.02195649355
0.02195649355
0.02195649355
0.02195649355
0.02195649355
0.02195649355
0.02195649355
0.02195649355
0.02195649355
0.02195649355
0.02195649355
0.02195649355
0.02195649355
0.02195649355
0.02195649355
0.02195649355
0.02195649355
0.02195649355
0.02195649355
0.02195649355
0.02195649355
0.02195649355
0.02195649355
0.02195649355
0.02195649355
0.02195649355
0.02195649355
0.02195649355
0.02195649355
0.02195649355
0.02195649355
0.02195649355
0.02195649355
0.02195649355
0.02195649355
0.02195649355
0.02195649355
0.02195649355
0.02195649355
0.02195649355
0.02195649355
0.02195649355
0.02195649355
0.02195649355
0.02195649355
0.02195649355
0.02195649355
0.02195649355
0.02195649355
0.02195649355
0.02195649355
0.02195649355
0.02195649355
0.02195649355
0.02195649355
0.02195649355
0.02195649355
0.02195649355
0.02195649355
0.02195649355
0.02195649355
0.02195649355
0.02195649355
0.02195649355
0.02195649355
0.02195649355
0.02195649355
0.02195649355
0.02195649355
0.02195649355
0.02195649355
0.02195649355
0.02195649355
0.02195649355
0.02195649355
0.02195649355
0.02195649355
0.02195649355
0.02195649355
0.02195649355
0.02195649355
0.02195649355
0.02195649355
0.02195649355
0.02195649355
0.02195649355
0.02195649355
0.02195649355
0.02195649355
0.02195649355
0.02195649355
0.02195649355
0.02195649355
0.02195649355
0.02195649355
0.02195649355
0.02195649355
0.02195649355
0.02195649355
0.02195649355
0.02195649355
0.02195649355
0.02195649355
0.02195649355
0.02195649355
0.02195649355
0.02195649355
0.02195649355
0.02195649355
0.02195649355
0.02195649355
0.02195649355
0.02195649355
0.02195649355
0.02195649355
0.02195649355
0.02195649355
0.02195649355
0.02195649355
0.02195649355
0.02195649355
0.02195649355
0.02195649355
0.02195649355
0.02195649355
0.02195649355
0.02195649355
0.02195649355
0.02195649355
0.02195649355
0.02195649355
0.02195649355
0.02195649355
0.3842375778
0.3838656937
0.3838495444
0.3837250001
0.3834941785
0.3831642924
0.3827436777
0.3822409507
0.3816642814
0.3810206931
0.3803154343
0.3795514798
0.3787292115
0.3778463237
0.3768979807
0.3758772221
0.37477554
0.3735830921
0.3722835074
0.3707803188
0.3678938721
0.3559391078
0.3050658819
0.02312745368
0.02195692533
0.02195649377
0.02195649355
0.02195649355
0.02195649355
0.02195649355
0.02195649355
0.02195649355
0.02195649355
0.02195649355
0.02195649355
0.02195649355
0.02195649355
0.02195649355
0.02195649355
0.02195649355
0.02195649355
0.02195649355
0.02195649355
0.02195649355
0.02195649355
0.02195649355
0.02195649355
0.02195649355
0.02195649355
0.02195649355
0.02195649355
0.02195649355
0.02195649355
0.02195649355
0.02195649355
0.02195649355
0.02195649355
0.02195649355
0.02195649355
0.02195649355
0.02195649355
0.02195649355
0.02195649355
0.02195649355
0.02195649355
0.02195649355
0.02195649355
0.02195649355
0.02195649355
0.02195649355
0.02195649355
0.02195649355
0.02195649355
0.02195649355
0.02195649355
0.02195649355
0.02195649355
0.02195649355
0.02195649355
0.02195649355
0.02195649355
0.02195649355
0.02195649355
0.02195649355
0.02195649355
0.02195649355
0.02195649355
0.02195649355
0.02195649355
0.02195649355
0.02195649355
0.02195649355
0.02195649355
0.02195649355
0.02195649355
0.02195649355
0.02195649355
0.02195649355
0.02195649355
0.02195649355
0.02195649355
0.02195649355
0.02195649355
0.02195649355
0.02195649355
0.02195649355
0.02195649355
0.02195649355
0.02195649355
0.02195649355
0.02195649355
0.02195649355
0.02195649355
0.02195649355
0.02195649355
0.02195649355
0.02195649355
0.02195649355
0.02195649355
0.02195649355
0.02195649355
0.02195649355
0.02195649355
0.02195649355
0.02195649355
0.02195649355
0.02195649355
0.02195649355
0.02195649355
0.02195649355
0.02195649355
0.02195649355
0.02195649355
0.02195649355
0.02195649355
0.02195649355
0.02195649355
0.02195649355
0.02195649355
0.02195649355
0.02195649355
0.02195649355
0.02195649355
0.02195649355
0.02195649355
0.02195649355
0.02195649355
0.02195649355
0.02195649355
0.02195649355
0.02195649355
0.02195649355
0.02195649355
0.02195649355
0.02195649355
0.02195649355
0.02195649355
0.02195649355
0.02195649355
0.02195649355
0.02195649355
0.02195649355
0.02195649355
0.02195649355
0.02195649355
0.02195649355
0.02195649355
0.02195649355
0.02195649355
0.02195649355
0.02195649355
0.02195649355
0.02195649355
0.02195649355
0.02195649355
0.02195649355
0.02195649355
0.02195649355
0.02195649355
0.02195649355
0.02195649355
0.02195649355
0.02195649355
0.02195649355
0.02195649355
0.02195649355
0.02195649355
0.02195649355
0.02195649355
0.02195649355
0.02195649355
0.02195649355
0.02195649355
0.02195649355
0.02195649355
0.02195649355
0.02195649355
0.02195649355
0.02195649355
0.02195649355
0.3838593786
0.3834941402
0.3834784131
0.3833528689
0.3831197551
0.38278631
0.3823608441
0.381851885
0.3812674433
0.3806143143
0.3798974669
0.3791195748
0.378280741
0.3773784492
0.3764077625
0.3753617495
0.374232057
0.3730091295
0.3716775102
0.3701500972
0.3673626266
0.3561127341
0.3087062769
0.02316480057
0.02195694123
0.02195649378
0.02195649355
0.02195649355
0.02195649355
0.02195649355
0.02195649355
0.02195649355
0.02195649355
0.02195649355
0.02195649355
0.02195649355
0.02195649355
0.02195649355
0.02195649355
0.02195649355
0.02195649355
0.02195649355
0.02195649355
0.02195649355
0.02195649355
0.02195649355
0.02195649355
0.02195649355
0.02195649355
0.02195649355
0.02195649355
0.02195649355
0.02195649355
0.02195649355
0.02195649355
0.02195649355
0.02195649355
0.02195649355
0.02195649355
0.02195649355
0.02195649355
0.02195649355
0.02195649355
0.02195649355
0.02195649355
0.02195649355
0.02195649355
0.02195649355
0.02195649355
0.02195649355
0.02195649355
0.02195649355
0.02195649355
0.02195649355
0.02195649355
0.02195649355
0.02195649355
0.02195649355
0.02195649355
0.02195649355
0.02195649355
0.02195649355
0.02195649355
0.02195649355
0.02195649355
0.02195649355
0.02195649355
0.02195649355
0.02195649355
0.02195649355
0.02195649355
0.02195649355
0.02195649355
0.02195649355
0.02195649355
0.02195649355
0.02195649355
0.02195649355
0.02195649355
0.02195649355
0.02195649355
0.02195649355
0.02195649355
0.02195649355
0.02195649355
0.02195649355
0.02195649355
0.02195649355
0.02195649355
0.02195649355
0.02195649355
0.02195649355
0.02195649355
0.02195649355
0.02195649355
0.02195649355
0.02195649355
0.02195649355
0.02195649355
0.02195649355
0.02195649355
0.02195649355
0.02195649355
0.02195649355
0.02195649355
0.02195649355
0.02195649355
0.02195649355
0.02195649355
0.02195649355
0.02195649355
0.02195649355
0.02195649355
0.02195649355
0.02195649355
0.02195649355
0.02195649355
0.02195649355
0.02195649355
0.02195649355
0.02195649355
0.02195649355
0.02195649355
0.02195649355
0.02195649355
0.02195649355
0.02195649355
0.02195649355
0.02195649355
0.02195649355
0.02195649355
0.02195649355
0.02195649355
0.02195649355
0.02195649355
0.02195649355
0.02195649355
0.02195649355
0.02195649355
0.02195649355
0.02195649355
0.02195649355
0.02195649355
0.02195649355
0.02195649355
0.02195649355
0.02195649355
0.02195649355
0.02195649355
0.02195649355
0.02195649355
0.02195649355
0.02195649355
0.02195649355
0.02195649355
0.02195649355
0.02195649355
0.02195649355
0.02195649355
0.02195649355
0.02195649355
0.02195649355
0.02195649355
0.02195649355
0.02195649355
0.02195649355
0.02195649355
0.02195649355
0.02195649355
0.02195649355
0.02195649355
0.02195649355
0.02195649355
0.02195649355
0.02195649355
0.02195649355
0.02195649355
0.02195649355
0.02195649355
0.02195649355
0.3834761246
0.3831174648
0.3831021258
0.3829754884
0.3827399113
0.3824026391
0.3819719401
0.3814562439
0.380863406
0.3802000181
0.3794708194
0.3786782624
0.3778222791
0.3769002754
0.3759073564
0.3748367557
0.3736803744
0.372428966
0.3710678432
0.3695182089
0.3668235042
0.3562586857
0.312149859
0.02320095958
0.02195695679
0.02195649379
0.02195649355
0.02195649355
0.02195649355
0.02195649355
0.02195649355
0.02195649355
0.02195649355
0.02195649355
0.02195649355
0.02195649355
0.02195649355
0.02195649355
0.02195649355
0.02195649355
0.02195649355
0.02195649355
0.02195649355
0.02195649355
0.02195649355
0.02195649355
0.02195649355
0.02195649355
0.02195649355
0.02195649355
0.02195649355
0.02195649355
0.02195649355
0.02195649355
0.02195649355
0.02195649355
0.02195649355
0.02195649355
0.02195649355
0.02195649355
0.02195649355
0.02195649355
0.02195649355
0.02195649355
0.02195649355
0.02195649355
0.02195649355
0.02195649355
0.02195649355
0.02195649355
0.02195649355
0.02195649355
0.02195649355
0.02195649355
0.02195649355
0.02195649355
0.02195649355
0.02195649355
0.02195649355
0.02195649355
0.02195649355
0.02195649355
0.02195649355
0.02195649355
0.02195649355
0.02195649355
0.02195649355
0.02195649355
0.02195649355
0.02195649355
0.02195649355
0.02195649355
0.02195649355
0.02195649355
0.02195649355
0.02195649355
0.02195649355
0.02195649355
0.02195649355
0.02195649355
0.02195649355
0.02195649355
0.02195649355
0.02195649355
0.02195649355
0.02195649355
0.02195649355
0.02195649355
0.02195649355
0.02195649355
0.02195649355
0.02195649355
0.02195649355
0.02195649355
0.02195649355
0.02195649355
0.02195649355
0.02195649355
0.02195649355
0.02195649355
0.02195649355
0.02195649355
0.02195649355
0.02195649355
0.02195649355
0.02195649355
0.02195649355
0.02195649355
0.02195649355
0.02195649355
0.02195649355
0.02195649355
0.02195649355
0.02195649355
0.02195649355
0.02195649355
0.02195649355
0.02195649355
0.02195649355
0.02195649355
0.02195649355
0.02195649355
0.02195649355
0.02195649355
0.02195649355
0.02195649355
0.02195649355
0.02195649355
0.02195649355
0.02195649355
0.02195649355
0.02195649355
0.02195649355
0.02195649355
0.02195649355
0.02195649355
0.02195649355
0.02195649355
0.02195649355
0.02195649355
0.02195649355
0.02195649355
0.02195649355
0.02195649355
0.02195649355
0.02195649355
0.02195649355
0.02195649355
0.02195649355
0.02195649355
0.02195649355
0.02195649355
0.02195649355
0.02195649355
0.02195649355
0.02195649355
0.02195649355
0.02195649355
0.02195649355
0.02195649355
0.02195649355
0.02195649355
0.02195649355
0.02195649355
0.02195649355
0.02195649355
0.02195649355
0.02195649355
0.02195649355
0.02195649355
0.02195649355
0.02195649355
0.02195649355
0.02195649355
0.02195649355
0.02195649355
0.02195649355
0.02195649355
0.02195649355
0.02195649355
0.3830875574
0.3827354076
0.3827203896
0.3825925144
0.3823542335
0.3820127784
0.3815763573
0.3810532922
0.3804512868
0.379776753
0.3790342516
0.378226099
0.3773521821
0.3764100005
0.3753949264
0.3743006428
0.3731196538
0.3718434313
0.3704584545
0.3688938764
0.3662940051
0.3564055942
0.315466258
0.02324146726
0.02195697416
0.0219564938
0.02195649355
0.02195649355
0.02195649355
0.02195649355
0.02195649355
0.02195649355
0.02195649355
0.02195649355
0.02195649355
0.02195649355
0.02195649355
0.02195649355
0.02195649355
0.02195649355
0.02195649355
0.02195649355
0.02195649355
0.02195649355
0.02195649355
0.02195649355
0.02195649355
0.02195649355
0.02195649355
0.02195649355
0.02195649355
0.02195649355
0.02195649355
0.02195649355
0.02195649355
0.02195649355
0.02195649355
0.02195649355
0.02195649355
0.02195649355
0.02195649355
0.02195649355
0.02195649355
0.02195649355
0.02195649355
0.02195649355
0.02195649355
0.02195649355
0.02195649355
0.02195649355
0.02195649355
0.02195649355
0.02195649355
0.02195649355
0.02195649355
0.02195649355
0.02195649355
0.02195649355
0.02195649355
0.02195649355
0.02195649355
0.02195649355
0.02195649355
0.02195649355
0.02195649355
0.02195649355
0.02195649355
0.02195649355
0.02195649355
0.02195649355
0.02195649355
0.02195649355
0.02195649355
0.02195649355
0.02195649355
0.02195649355
0.02195649355
0.02195649355
0.02195649355
0.02195649355
0.02195649355
0.02195649355
0.02195649355
0.02195649355
0.02195649355
0.02195649355
0.02195649355
0.02195649355
0.02195649355
0.02195649355
0.02195649355
0.02195649355
0.02195649355
0.02195649355
0.02195649355
0.02195649355
0.02195649355
0.02195649355
0.02195649355
0.02195649355
0.02195649355
0.02195649355
0.02195649355
0.02195649355
0.02195649355
0.02195649355
0.02195649355
0.02195649355
0.02195649355
0.02195649355
0.02195649355
0.02195649355
0.02195649355
0.02195649355
0.02195649355
0.02195649355
0.02195649355
0.02195649355
0.02195649355
0.02195649355
0.02195649355
0.02195649355
0.02195649355
0.02195649355
0.02195649355
0.02195649355
0.02195649355
0.02195649355
0.02195649355
0.02195649355
0.02195649355
0.02195649355
0.02195649355
0.02195649355
0.02195649355
0.02195649355
0.02195649355
0.02195649355
0.02195649355
0.02195649355
0.02195649355
0.02195649355
0.02195649355
0.02195649355
0.02195649355
0.02195649355
0.02195649355
0.02195649355
0.02195649355
0.02195649355
0.02195649355
0.02195649355
0.02195649355
0.02195649355
0.02195649355
0.02195649355
0.02195649355
0.02195649355
0.02195649355
0.02195649355
0.02195649355
0.02195649355
0.02195649355
0.02195649355
0.02195649355
0.02195649355
0.02195649355
0.02195649355
0.02195649355
0.02195649355
0.02195649355
0.02195649355
0.02195649355
0.02195649355
0.02195649355
0.02195649355
0.02195649355
0.02195649355
0.02195649355
0.02195649355
0.3826934368
0.3823477387
0.3823329439
0.3822036398
0.3819623511
0.3816162743
0.3811735373
0.3806423385
0.3800302251
0.3793434407
0.3785864025
0.3777613587
0.3768682667
0.3759049074
0.3748672263
0.3737498633
0.3725467956
0.3712517494
0.3698551762
0.3682991647
0.3658350059
0.3567015711
0.3189467782
0.03944099026
0.02196296709
0.02195649586
0.02195649355
0.02195649355
0.02195649355
0.02195649355
0.02195649355
0.02195649355
0.02195649355
0.02195649355
0.02195649355
0.02195649355
0.02195649355
0.02195649355
0.02195649355
0.02195649355
0.02195649355
0.02195649355
0.02195649355
0.02195649355
0.02195649355
0.02195649355
0.02195649355
0.02195649355
0.02195649355
0.02195649355
0.02195649355
0.02195649355
0.02195649355
0.02195649355
0.02195649355
0.02195649355
0.02195649355
0.02195649355
0.02195649355
0.02195649355
0.02195649355
0.02195649355
0.02195649355
0.02195649355
0.02195649355
0.02195649355
0.02195649355
0.02195649355
0.02195649355
0.02195649355
0.02195649355
0.02195649355
0.02195649355
0.02195649355
0.02195649355
0.02195649355
0.02195649355
0.02195649355
0.02195649355
0.02195649355
0.02195649355
0.02195649355
0.02195649355
0.02195649355
0.02195649355
0.02195649355
0.02195649355
0.02195649355
0.02195649355
0.02195649355
0.02195649355
0.02195649355
0.02195649355
0.02195649355
0.02195649355
0.02195649355
0.02195649355
0.02195649355
0.02195649355
0.02195649355
0.02195649355
0.02195649355
0.02195649355
0.02195649355
0.02195649355
0.02195649355
0.02195649355
0.02195649355
0.02195649355
0.02195649355
0.02195649355
0.02195649355
0.02195649355
0.02195649355
0.02195649355
0.02195649355
0.02195649355
0.02195649355
0.02195649355
0.02195649355
0.02195649355
0.02195649355
0.02195649355
0.02195649355
0.02195649355
0.02195649355
0.02195649355
0.02195649355
0.02195649355
0.02195649355
0.02195649355
0.02195649355
0.02195649355
0.02195649355
0.02195649355
0.02195649355
0.02195649355
0.02195649355
0.02195649355
0.02195649355
0.02195649355
0.02195649355
0.02195649355
0.02195649355
0.02195649355
0.02195649355
0.02195649355
0.02195649355
0.02195649355
0.02195649355
0.02195649355
0.02195649355
0.02195649355
0.02195649355
0.02195649355
0.02195649355
0.02195649355
0.02195649355
0.02195649355
0.02195649355
0.02195649355
0.02195649355
0.02195649355
0.02195649355
0.02195649355
0.02195649355
0.02195649355
0.02195649355
0.02195649355
0.02195649355
0.02195649355
0.02195649355
0.02195649355
0.02195649355
0.02195649355
0.02195649355
0.02195649355
0.02195649355
0.02195649355
0.02195649355
0.02195649355
0.02195649355
0.02195649355
0.02195649355
0.02195649355
0.02195649355
0.02195649355
0.02195649355
0.02195649355
0.02195649355
0.02195649355
0.02195649355
0.02195649355
0.02195649355
0.02195649355
0.02195649355
0.02195649355
0.02195649355
0.02195649355
0.02195649355
0.3822935688
0.3819542882
0.3819395966
0.3818086391
0.3815639935
0.3812127987
0.3807630777
0.3802228843
0.3795995924
0.3788992704
0.3781261974
0.3772825803
0.37636851
0.375382183
0.3743203976
0.3731793347
0.3719556559
0.3706478423
0.369255437
0.3677435834
0.3654876659
0.3572543275
0.3227712179
0.07966091854
0.02199721805
0.0219565066
0.02195649355
0.02195649355
0.02195649355
0.02195649355
0.02195649355
0.02195649355
0.02195649355
0.02195649355
0.02195649355
0.02195649355
0.02195649355
0.02195649355
0.02195649355
0.02195649355
0.02195649355
0.02195649355
0.02195649355
0.02195649355
0.02195649355
0.02195649355
0.02195649355
0.02195649355
0.02195649355
0.02195649355
0.02195649355
0.02195649355
0.02195649355
0.02195649355
0.02195649355
0.02195649355
0.02195649355
0.02195649355
0.02195649355
0.02195649355
0.02195649355
0.02195649355
0.02195649355
0.02195649355
0.02195649355
0.02195649355
0.02195649355
0.02195649355
0.02195649355
0.02195649355
0.02195649355
0.02195649355
0.02195649355
0.02195649355
0.02195649355
0.02195649355
0.02195649355
0.02195649355
0.02195649355
0.02195649355
0.02195649355
0.02195649355
0.02195649355
0.02195649355
0.02195649355
0.02195649355
0.02195649355
0.02195649355
0.02195649355
0.02195649355
0.02195649355
0.02195649355
0.02195649355
0.02195649355
0.02195649355
0.02195649355
0.02195649355
0.02195649355
0.02195649355
0.02195649355
0.02195649355
0.02195649355
0.02195649355
0.02195649355
0.02195649355
0.02195649355
0.02195649355
0.02195649355
0.02195649355
0.02195649355
0.02195649355
0.02195649355
0.02195649355
0.02195649355
0.02195649355
0.02195649355
0.02195649355
0.02195649355
0.02195649355
0.02195649355
0.02195649355
0.02195649355
0.02195649355
0.02195649355
0.02195649355
0.02195649355
0.02195649355
0.02195649355
0.02195649355
0.02195649355
0.02195649355
0.02195649355
0.02195649355
0.02195649355
0.02195649355
0.02195649355
0.02195649355
0.02195649355
0.02195649355
0.02195649355
0.02195649355
0.02195649355
0.02195649355
0.02195649355
0.02195649355
0.02195649355
0.02195649355
0.02195649355
0.02195649355
0.02195649355
0.02195649355
0.02195649355
0.02195649355
0.02195649355
0.02195649355
0.02195649355
0.02195649355
0.02195649355
0.02195649355
0.02195649355
0.02195649355
0.02195649355
0.02195649355
0.02195649355
0.02195649355
0.02195649355
0.02195649355
0.02195649355
0.02195649355
0.02195649355
0.02195649355
0.02195649355
0.02195649355
0.02195649355
0.02195649355
0.02195649355
0.02195649355
0.02195649355
0.02195649355
0.02195649355
0.02195649355
0.02195649355
0.02195649355
0.02195649355
0.02195649355
0.02195649355
0.02195649355
0.02195649355
0.02195649355
0.02195649355
0.02195649355
0.02195649355
0.02195649355
0.02195649355
0.02195649355
0.02195649355
0.02195649355
0.02195649355
0.02195649355
0.02195649355
0.3818878341
0.3815549708
0.3815402525
0.3814074048
0.3811590402
0.3808022188
0.3803448373
0.3797947841
0.379159244
0.3784440997
0.3776534926
0.3767896028
0.3758527
0.3748415044
0.3737539078
0.3725881384
0.3713445414
0.3700281496
0.3686503164
0.3672014114
0.3651720224
0.3578231917
0.3264200659
0.1176026497
0.02206360341
0.02195652792
0.02195649356
0.02195649355
0.02195649355
0.02195649355
0.02195649355
0.02195649355
0.02195649355
0.02195649355
0.02195649355
0.02195649355
0.02195649355
0.02195649355
0.02195649355
0.02195649355
0.02195649355
0.02195649355
0.02195649355
0.02195649355
0.02195649355
0.02195649355
0.02195649355
0.02195649355
0.02195649355
0.02195649355
0.02195649355
0.02195649355
0.02195649355
0.02195649355
0.02195649355
0.02195649355
0.02195649355
0.02195649355
0.02195649355
0.02195649355
0.02195649355
0.02195649355
0.02195649355
0.02195649355
0.02195649355
0.02195649355
0.02195649355
0.02195649355
0.02195649355
0.02195649355
0.02195649355
0.02195649355
0.02195649355
0.02195649355
0.02195649355
0.02195649355
0.02195649355
0.02195649355
0.02195649355
0.02195649355
0.02195649355
0.02195649355
0.02195649355
0.02195649355
0.02195649355
0.02195649355
0.02195649355
0.02195649355
0.02195649355
0.02195649355
0.02195649355
0.02195649355
0.02195649355
0.02195649355
0.02195649355
0.02195649355
0.02195649355
0.02195649355
0.02195649355
0.02195649355
0.02195649355
0.02195649355
0.02195649355
0.02195649355
0.02195649355
0.02195649355
0.02195649355
0.02195649355
0.02195649355
0.02195649355
0.02195649355
0.02195649355
0.02195649355
0.02195649355
0.02195649355
0.02195649355
0.02195649355
0.02195649355
0.02195649355
0.02195649355
0.02195649355
0.02195649355
0.02195649355
0.02195649355
0.02195649355
0.02195649355
0.02195649355
0.02195649355
0.02195649355
0.02195649355
0.02195649355
0.02195649355
0.02195649355
0.02195649355
0.02195649355
0.02195649355
0.02195649355
0.02195649355
0.02195649355
0.02195649355
0.02195649355
0.02195649355
0.02195649355
0.02195649355
0.02195649355
0.02195649355
0.02195649355
0.02195649355
0.02195649355
0.02195649355
0.02195649355
0.02195649355
0.02195649355
0.02195649355
0.02195649355
0.02195649355
0.02195649355
0.02195649355
0.02195649355
0.02195649355
0.02195649355
0.02195649355
0.02195649355
0.02195649355
0.02195649355
0.02195649355
0.02195649355
0.02195649355
0.02195649355
0.02195649355
0.02195649355
0.02195649355
0.02195649355
0.02195649355
0.02195649355
0.02195649355
0.02195649355
0.02195649355
0.02195649355
0.02195649355
0.02195649355
0.02195649355
0.02195649355
0.02195649355
0.02195649355
0.02195649355
0.02195649355
0.02195649355
0.02195649355
0.02195649355
0.02195649355
0.02195649355
0.02195649355
0.02195649355
0.02195649355
0.02195649355
0.02195649355
0.02195649355
0.02195649355
0.02195649355
0.3814762007
0.381149797
0.3811349267
0.3809999628
0.3807475396
0.3803846237
0.3799189731
0.3793583042
0.3787096161
0.3779786253
0.3771693793
0.376284116
0.3753234334
0.3742868346
0.3731737388
0.3719851031
0.3707258946
0.3694086007
0.3680560213
0.3666781604
0.3648557564
0.3582932583
0.3296702241
0.1500818302
0.02215329336
0.02195655782
0.02195649358
0.02195649355
0.02195649355
0.02195649355
0.02195649355
0.02195649355
0.02195649355
0.02195649355
0.02195649355
0.02195649355
0.02195649355
0.02195649355
0.02195649355
0.02195649355
0.02195649355
0.02195649355
0.02195649355
0.02195649355
0.02195649355
0.02195649355
0.02195649355
0.02195649355
0.02195649355
0.02195649355
0.02195649355
0.02195649355
0.02195649355
0.02195649355
0.02195649355
0.02195649355
0.02195649355
0.02195649355
0.02195649355
0.02195649355
0.02195649355
0.02195649355
0.02195649355
0.02195649355
0.02195649355
0.02195649355
0.02195649355
0.02195649355
0.02195649355
0.02195649355
0.02195649355
0.02195649355
0.02195649355
0.02195649355
0.02195649355
0.02195649355
0.02195649355
0.02195649355
0.02195649355
0.02195649355
0.02195649355
0.02195649355
0.02195649355
0.02195649355
0.02195649355
0.02195649355
0.02195649355
0.02195649355
0.02195649355
0.02195649355
0.02195649355
0.02195649355
0.02195649355
0.02195649355
0.02195649355
0.02195649355
0.02195649355
0.02195649355
0.02195649355
0.02195649355
0.02195649355
0.02195649355
0.02195649355
0.02195649355
0.02195649355
0.02195649355
0.02195649355
0.02195649355
0.02195649355
0.02195649355
0.02195649355
0.02195649355
0.02195649355
0.02195649355
0.02195649355
0.02195649355
0.02195649355
0.02195649355
0.02195649355
0.02195649355
0.02195649355
0.02195649355
0.02195649355
0.02195649355
0.02195649355
0.02195649355
0.02195649355
0.02195649355
0.02195649355
0.02195649355
0.02195649355
0.02195649355
0.02195649355
0.02195649355
0.02195649355
0.02195649355
0.02195649355
0.02195649355
0.02195649355
0.02195649355
0.02195649355
0.02195649355
0.02195649355
0.02195649355
0.02195649355
0.02195649355
0.02195649355
0.02195649355
0.02195649355
0.02195649355
0.02195649355
0.02195649355
0.02195649355
0.02195649355
0.02195649355
0.02195649355
0.02195649355
0.02195649355
0.02195649355
0.02195649355
0.02195649355
0.02195649355
0.02195649355
0.02195649355
0.02195649355
0.02195649355
0.02195649355
0.02195649355
0.02195649355
0.02195649355
0.02195649355
0.02195649355
0.02195649355
0.02195649355
0.02195649355
0.02195649355
0.02195649355
0.02195649355
0.02195649355
0.02195649355
0.02195649355
0.02195649355
0.02195649355
0.02195649355
0.02195649355
0.02195649355
0.02195649355
0.02195649355
0.02195649355
0.02195649355
0.02195649355
0.02195649355
0.02195649355
0.02195649355
0.02195649355
0.02195649355
0.02195649355
0.02195649355
0.02195649355
0.02195649355
0.3810587297
0.3807388708
0.3807237392
0.3805864632
0.3803296919
0.3799602935
0.3794858879
0.3789140322
0.3782515706
0.3775041128
0.376675714
0.3757688342
0.3747846552
0.3737238418
0.3725878589
0.3713809947
0.3701132536
0.3688040341
0.3674843259
0.366174159
0.3645172943
0.3586175626
0.332467942
0.1773138813
0.02225546738
0.02195659311
0.02195649359
0.02195649355
0.02195649355
0.02195649355
0.02195649355
0.02195649355
0.02195649355
0.02195649355
0.02195649355
0.02195649355
0.02195649355
0.02195649355
0.02195649355
0.02195649355
0.02195649355
0.02195649355
0.02195649355
0.02195649355
0.02195649355
0.02195649355
0.02195649355
0.02195649355
0.02195649355
0.02195649355
0.02195649355
0.02195649355
0.02195649355
0.02195649355
0.02195649355
0.02195649355
0.02195649355
0.02195649355
0.02195649355
0.02195649355
0.02195649355
0.02195649355
0.02195649355
0.02195649355
0.02195649355
0.02195649355
0.02195649355
0.02195649355
0.02195649355
0.02195649355
0.02195649355
0.02195649355
0.02195649355
0.02195649355
0.02195649355
0.02195649355
0.02195649355
0.02195649355
0.02195649355
0.02195649355
0.02195649355
0.02195649355
0.02195649355
0.02195649355
0.02195649355
0.02195649355
0.02195649355
0.02195649355
0.02195649355
0.02195649355
0.02195649355
0.02195649355
0.02195649355
0.02195649355
0.02195649355
0.02195649355
0.02195649355
0.02195649355
0.02195649355
0.02195649355
0.02195649355
0.02195649355
0.02195649355
0.02195649355
0.02195649355
0.02195649355
0.02195649355
0.02195649355
0.02195649355
0.02195649355
0.02195649355
0.02195649355
0.02195649355
0.02195649355
0.02195649355
0.02195649355
0.02195649355
0.02195649355
0.02195649355
0.02195649355
0.02195649355
0.02195649355
0.02195649355
0.02195649355
0.02195649355
0.02195649355
0.02195649355
0.02195649355
0.02195649355
0.02195649355
0.02195649355
0.02195649355
0.02195649355
0.02195649355
0.02195649355
0.02195649355
0.02195649355
0.02195649355
0.02195649355
0.02195649355
0.02195649355
0.02195649355
0.02195649355
0.02195649355
0.02195649355
0.02195649355
0.02195649355
0.02195649355
0.02195649355
0.02195649355
0.02195649355
0.02195649355
0.02195649355
0.02195649355
0.02195649355
0.02195649355
0.02195649355
0.02195649355
0.02195649355
0.02195649355
0.02195649355
0.02195649355
0.02195649355
0.02195649355
0.02195649355
0.02195649355
0.02195649355
0.02195649355
0.02195649355
0.02195649355
0.02195649355
0.02195649355
0.02195649355
0.02195649355
0.02195649355
0.02195649355
0.02195649355
0.02195649355
0.02195649355
0.02195649355
0.02195649355
0.02195649355
0.02195649355
0.02195649355
0.02195649355
0.02195649355
0.02195649355
0.02195649355
0.02195649355
0.02195649355
0.02195649355
0.02195649355
0.02195649355
0.02195649355
0.02195649355
0.02195649355
0.02195649355
0.02195649355
0.02195649355
0.02195649355
0.3806355657
0.3803223758
0.3803068977
0.3801671559
0.3799058146
0.3795296477
0.3790461521
0.3784627567
0.3777862073
0.3770221002
0.3761746424
0.3752467282
0.3742404177
0.3731579092
0.372003103
0.3707838311
0.3695147121
0.3682201079
0.3669343341
0.3656778077
0.364135937
0.3587784025
0.3348192143
0.200022246
0.02236147572
0.0219566309
0.02195649361
0.02195649355
0.02195649355
0.02195649355
0.02195649355
0.02195649355
0.02195649355
0.02195649355
0.02195649355
0.02195649355
0.02195649355
0.02195649355
0.02195649355
0.02195649355
0.02195649355
0.02195649355
0.02195649355
0.02195649355
0.02195649355
0.02195649355
0.02195649355
0.02195649355
0.02195649355
0.02195649355
0.02195649355
0.02195649355
0.02195649355
0.02195649355
0.02195649355
0.02195649355
0.02195649355
0.02195649355
0.02195649355
0.02195649355
0.02195649355
0.02195649355
0.02195649355
0.02195649355
0.02195649355
0.02195649355
0.02195649355
0.02195649355
0.02195649355
0.02195649355
0.02195649355
0.02195649355
0.02195649355
0.02195649355
0.02195649355
0.02195649355
0.02195649355
0.02195649355
0.02195649355
0.02195649355
0.02195649355
0.02195649355
0.02195649355
0.02195649355
0.02195649355
0.02195649355
0.02195649355
0.02195649355
0.02195649355
0.02195649355
0.02195649355
0.02195649355
0.02195649355
0.02195649355
0.02195649355
0.02195649355
0.02195649355
0.02195649355
0.02195649355
0.02195649355
0.02195649355
0.02195649355
0.02195649355
0.02195649355
0.02195649355
0.02195649355
0.02195649355
0.02195649355
0.02195649355
0.02195649355
0.02195649355
0.02195649355
0.02195649355
0.02195649355
0.02195649355
0.02195649355
0.02195649355
0.02195649355
0.02195649355
0.02195649355
0.02195649355
0.02195649355
0.02195649355
0.02195649355
0.02195649355
0.02195649355
0.02195649355
0.02195649355
0.02195649355
0.02195649355
0.02195649355
0.02195649355
0.02195649355
0.02195649355
0.02195649355
0.02195649355
0.02195649355
0.02195649355
0.02195649355
0.02195649355
0.02195649355
0.02195649355
0.02195649355
0.02195649355
0.02195649355
0.02195649355
0.02195649355
0.02195649355
0.02195649355
0.02195649355
0.02195649355
0.02195649355
0.02195649355
0.02195649355
0.02195649355
0.02195649355
0.02195649355
0.02195649355
0.02195649355
0.02195649355
0.02195649355
0.02195649355
0.02195649355
0.02195649355
0.02195649355
0.02195649355
0.02195649355
0.02195649355
0.02195649355
0.02195649355
0.02195649355
0.02195649355
0.02195649355
0.02195649355
0.02195649355
0.02195649355
0.02195649355
0.02195649355
0.02195649355
0.02195649355
0.02195649355
0.02195649355
0.02195649355
0.02195649355
0.02195649355
0.02195649355
0.02195649355
0.02195649355
0.02195649355
0.02195649355
0.02195649355
0.02195649355
0.02195649355
0.02195649355
0.02195649355
0.02195649355
0.02195649355
0.02195649355
0.02195649355
0.02195649355
0.3802069206
0.3799005555
0.3798846741
0.3797423619
0.3794763042
0.379093195
0.378600435
0.3780053724
0.3773147317
0.3765342113
0.3756683358
0.3747206542
0.3736943699
0.3725934758
0.3714244329
0.3701983305
0.3689332153
0.3676556437
0.3663982854
0.3651746482
0.3636978789
0.3587762506
0.3367485831
0.2188789908
0.0224652459
0.02195666899
0.02195649363
0.02195649355
0.02195649355
0.02195649355
0.02195649355
0.02195649355
0.02195649355
0.02195649355
0.02195649355
0.02195649355
0.02195649355
0.02195649355
0.02195649355
0.02195649355
0.02195649355
0.02195649355
0.02195649355
0.02195649355
0.02195649355
0.02195649355
0.02195649355
0.02195649355
0.02195649355
0.02195649355
0.02195649355
0.02195649355
0.02195649355
0.02195649355
0.02195649355
0.02195649355
0.02195649355
0.02195649355
0.02195649355
0.02195649355
0.02195649355
0.02195649355
0.02195649355
0.02195649355
0.02195649355
0.02195649355
0.02195649355
0.02195649355
0.02195649355
0.02195649355
0.02195649355
0.02195649355
0.02195649355
0.02195649355
0.02195649355
0.02195649355
0.02195649355
0.02195649355
0.02195649355
0.02195649355
0.02195649355
0.02195649355
0.02195649355
0.02195649355
0.02195649355
0.02195649355
0.02195649355
0.02195649355
0.02195649355
0.02195649355
0.02195649355
0.02195649355
0.02195649355
0.02195649355
0.02195649355
0.02195649355
0.02195649355
0.02195649355
0.02195649355
0.02195649355
0.02195649355
0.02195649355
0.02195649355
0.02195649355
0.02195649355
0.02195649355
0.02195649355
0.02195649355
0.02195649355
0.02195649355
0.02195649355
0.02195649355
0.02195649355
0.02195649355
0.02195649355
0.02195649355
0.02195649355
0.02195649355
0.02195649355
0.02195649355
0.02195649355
0.02195649355
0.02195649355
0.02195649355
0.02195649355
0.02195649355
0.02195649355
0.02195649355
0.02195649355
0.02195649355
0.02195649355
0.02195649355
0.02195649355
0.02195649355
0.02195649355
0.02195649355
0.02195649355
0.02195649355
0.02195649355
0.02195649355
0.02195649355
0.02195649355
0.02195649355
0.02195649355
0.02195649355
0.02195649355
0.02195649355
0.02195649355
0.02195649355
0.02195649355
0.02195649355
0.02195649355
0.02195649355
0.02195649355
0.02195649355
0.02195649355
0.02195649355
0.02195649355
0.02195649355
0.02195649355
0.02195649355
0.02195649355
0.02195649355
0.02195649355
0.02195649355
0.02195649355
0.02195649355
0.02195649355
0.02195649355
0.02195649355
0.02195649355
0.02195649355
0.02195649355
0.02195649355
0.02195649355
0.02195649355
0.02195649355
0.02195649355
0.02195649355
0.02195649355
0.02195649355
0.02195649355
0.02195649355
0.02195649355
0.02195649355
0.02195649355
0.02195649355
0.02195649355
0.02195649355
0.02195649355
0.02195649355
0.02195649355
0.02195649355
0.02195649355
0.02195649355
0.02195649355
0.02195649355
0.02195649355
0.02195649355
0.02195649355
0.379773053
0.3794736901
0.3794573789
0.3793124424
0.3790415999
0.3786514872
0.3781494466
0.3775428061
0.3768383589
0.3760420325
0.3751588349
0.3741931656
0.3731495616
0.372033909
0.3708550674
0.3696266795
0.3683685983
0.3671067121
0.3658680644
0.3646550819
0.3632010325
0.3586284292
0.3383050724
0.2345111885
0.02256308968
0.02195670591
0.02195649365
0.02195649355
0.02195649355
0.02195649355
0.02195649355
0.02195649355
0.02195649355
0.02195649355
0.02195649355
0.02195649355
0.02195649355
0.02195649355
0.02195649355
0.02195649355
0.02195649355
0.02195649355
0.02195649355
0.02195649355
0.02195649355
0.02195649355
0.02195649355
0.02195649355
0.02195649355
0.02195649355
0.02195649355
0.02195649355
0.02195649355
0.02195649355
0.02195649355
0.02195649355
0.02195649355
0.02195649355
0.02195649355
0.02195649355
0.02195649355
0.02195649355
0.02195649355
0.02195649355
0.02195649355
0.02195649355
0.02195649355
0.02195649355
0.02195649355
0.02195649355
0.02195649355
0.02195649355
0.02195649355
0.02195649355
0.02195649355
0.02195649355
0.02195649355
0.02195649355
0.02195649355
0.02195649355
0.02195649355
0.02195649355
0.02195649355
0.02195649355
0.02195649355
0.02195649355
0.02195649355
0.02195649355
0.02195649355
0.02195649355
0.02195649355
0.02195649355
0.02195649355
0.02195649355
0.02195649355
0.02195649355
0.02195649355
0.02195649355
0.02195649355
0.02195649355
0.02195649355
0.02195649355
0.02195649355
0.02195649355
0.02195649355
0.02195649355
0.02195649355
0.02195649355
0.02195649355
0.02195649355
0.02195649355
0.02195649355
0.02195649355
0.02195649355
0.02195649355
0.02195649355
0.02195649355
0.02195649355
0.02195649355
0.02195649355
0.02195649355
0.02195649355
0.02195649355
0.02195649355
0.02195649355
0.02195649355
0.02195649355
0.02195649355
0.02195649355
0.02195649355
0.02195649355
0.02195649355
0.02195649355
0.02195649355
0.02195649355
0.02195649355
0.02195649355
0.02195649355
0.02195649355
0.02195649355
0.02195649355
0.02195649355
0.02195649355
0.02195649355
0.02195649355
0.02195649355
0.02195649355
0.02195649355
0.02195649355
0.02195649355
0.02195649355
0.02195649355
0.02195649355
0.02195649355
0.02195649355
0.02195649355
0.02195649355
0.02195649355
0.02195649355
0.02195649355
0.02195649355
0.02195649355
0.02195649355
0.02195649355
0.02195649355
0.02195649355
0.02195649355
0.02195649355
0.02195649355
0.02195649355
0.02195649355
0.02195649355
0.02195649355
0.02195649355
0.02195649355
0.02195649355
0.02195649355
0.02195649355
0.02195649355
0.02195649355
0.02195649355
0.02195649355
0.02195649355
0.02195649355
0.02195649355
0.02195649355
0.02195649355
0.02195649355
0.02195649355
0.02195649355
0.02195649355
0.02195649355
0.02195649355
0.02195649355
0.02195649355
0.02195649355
0.02195649355
0.02195649355
0.02195649355
0.02195649355
0.3793342451
0.379042073
0.3790253352
0.3788777701
0.378602149
0.3782050782
0.3776938877
0.3770759533
0.3763582328
0.3755470075
0.3746479157
0.3736663518
0.3726082721
0.3714813769
0.3702965101
0.3690688925
0.3678184481
0.3665679305
0.3653361663
0.3641130498
0.3626485292
0.3583562327
0.3395425078
0.2474845864
0.02265317796
0.02195674082
0.02195649367
0.02195649355
0.02195649355
0.02195649355
0.02195649355
0.02195649355
0.02195649355
0.02195649355
0.02195649355
0.02195649355
0.02195649355
0.02195649355
0.02195649355
0.02195649355
0.02195649355
0.02195649355
0.02195649355
0.02195649355
0.02195649355
0.02195649355
0.02195649355
0.02195649355
0.02195649355
0.02195649355
0.02195649355
0.02195649355
0.02195649355
0.02195649355
0.02195649355
0.02195649355
0.02195649355
0.02195649355
0.02195649355
0.02195649355
0.02195649355
0.02195649355
0.02195649355
0.02195649355
0.02195649355
0.02195649355
0.02195649355
0.02195649355
0.02195649355
0.02195649355
0.02195649355
0.02195649355
0.02195649355
0.02195649355
0.02195649355
0.02195649355
0.02195649355
0.02195649355
0.02195649355
0.02195649355
0.02195649355
0.02195649355
0.02195649355
0.02195649355
0.02195649355
0.02195649355
0.02195649355
0.02195649355
0.02195649355
0.02195649355
0.02195649355
0.02195649355
0.02195649355
0.02195649355
0.02195649355
0.02195649355
0.02195649355
0.02195649355
0.02195649355
0.02195649355
0.02195649355
0.02195649355
0.02195649355
0.02195649355
0.02195649355
0.02195649355
0.02195649355
0.02195649355
0.02195649355
0.02195649355
0.02195649355
0.02195649355
0.02195649355
0.02195649355
0.02195649355
0.02195649355
0.02195649355
0.02195649355
0.02195649355
0.02195649355
0.02195649355
0.02195649355
0.02195649355
0.02195649355
0.02195649355
0.02195649355
0.02195649355
0.02195649355
0.02195649355
0.02195649355
0.02195649355
0.02195649355
0.02195649355
0.02195649355
0.02195649355
0.02195649355
0.02195649355
0.02195649355
0.02195649355
0.02195649355
0.02195649355
0.02195649355
0.02195649355
0.02195649355
0.02195649355
0.02195649355
0.02195649355
0.02195649355
0.02195649355
0.02195649355
0.02195649355
0.02195649355
0.02195649355
0.02195649355
0.02195649355
0.02195649355
0.02195649355
0.02195649355
0.02195649355
0.02195649355
0.02195649355
0.02195649355
0.02195649355
0.02195649355
0.02195649355
0.02195649355
0.02195649355
0.02195649355
0.02195649355
0.02195649355
0.02195649355
0.02195649355
0.02195649355
0.02195649355
0.02195649355
0.02195649355
0.02195649355
0.02195649355
0.02195649355
0.02195649355
0.02195649355
0.02195649355
0.02195649355
0.02195649355
0.02195649355
0.02195649355
0.02195649355
0.02195649355
0.02195649355
0.02195649355
0.02195649355
0.02195649355
0.02195649355
0.02195649355
0.02195649355
0.02195649355
0.02195649355
0.02195649355
0.02195649355
0.02195649355
0.37889078
0.3786059876
0.3785888541
0.3784387024
0.3781583775
0.3777544903
0.3772344087
0.376605628
0.3758753636
0.3750503614
0.3741370015
0.3731417493
0.3720719528
0.3709368875
0.3697487891
0.3685233762
0.3672790546
0.366033633
0.3647965003
0.3635455257
0.3620462872
0.3579812643
0.340514885
0.2583031688
0.02273501244
0.02195677334
0.02195649369
0.02195649355
0.02195649355
0.02195649355
0.02195649355
0.02195649355
0.02195649355
0.02195649355
0.02195649355
0.02195649355
0.02195649355
0.02195649355
0.02195649355
0.02195649355
0.02195649355
0.02195649355
0.02195649355
0.02195649355
0.02195649355
0.02195649355
0.02195649355
0.02195649355
0.02195649355
0.02195649355
0.02195649355
0.02195649355
0.02195649355
0.02195649355
0.02195649355
0.02195649355
0.02195649355
0.02195649355
0.02195649355
0.02195649355
0.02195649355
0.02195649355
0.02195649355
0.02195649355
0.02195649355
0.02195649355
0.02195649355
0.02195649355
0.02195649355
0.02195649355
0.02195649355
0.02195649355
0.02195649355
0.02195649355
0.02195649355
0.02195649355
0.02195649355
0.02195649355
0.02195649355
0.02195649355
0.02195649355
0.02195649355
0.02195649355
0.02195649355
0.02195649355
0.02195649355
0.02195649355
0.02195649355
0.02195649355
0.02195649355
0.02195649355
0.02195649355
0.02195649355
0.02195649355
0.02195649355
0.02195649355
0.02195649355
0.02195649355
0.02195649355
0.02195649355
0.02195649355
0.02195649355
0.02195649355
0.02195649355
0.02195649355
0.02195649355
0.02195649355
0.02195649355
0.02195649355
0.02195649355
0.02195649355
0.02195649355
0.02195649355
0.02195649355
0.02195649355
0.02195649355
0.02195649355
0.02195649355
0.02195649355
0.02195649355
0.02195649355
0.02195649355
0.02195649355
0.02195649355
0.02195649355
0.02195649355
0.02195649355
0.02195649355
0.02195649355
0.02195649355
0.02195649355
0.02195649355
0.02195649355
0.02195649355
0.02195649355
0.02195649355
0.02195649355
0.02195649355
0.02195649355
0.02195649355
0.02195649355
0.02195649355
0.02195649355
0.02195649355
0.02195649355
0.02195649355
0.02195649355
0.02195649355
0.02195649355
0.02195649355
0.02195649355
0.02195649355
0.02195649355
0.02195649355
0.02195649355
0.02195649355
0.02195649355
0.02195649355
0.02195649355
0.02195649355
0.02195649355
0.02195649355
0.02195649355
0.02195649355
0.02195649355
0.02195649355
0.02195649355
0.02195649355
0.02195649355
0.02195649355
0.02195649355
0.02195649355
0.02195649355
0.02195649355
0.02195649355
0.02195649355
0.02195649355
0.02195649355
0.02195649355
0.02195649355
0.02195649355
0.02195649355
0.02195649355
0.02195649355
0.02195649355
0.02195649355
0.02195649355
0.02195649355
0.02195649355
0.02195649355
0.02195649355
0.02195649355
0.02195649355
0.02195649355
0.02195649355
0.02195649355
0.02195649355
0.02195649355
0.02195649355
0.02195649355
0.3784429161
0.3781656858
0.378148213
0.3779955583
0.3777106651
0.3773001855
0.3767715781
0.3761325264
0.3753905864
0.3745530549
0.3736271198
0.3726203185
0.3715412574
0.3704004256
0.3692107664
0.3679874509
0.3667460847
0.3654984385
0.3642443617
0.3629513874
0.3614008048
0.3575226147
0.341271003
0.2674001095
0.02280892869
0.02195680343
0.02195649371
0.02195649355
0.02195649355
0.02195649355
0.02195649355
0.02195649355
0.02195649355
0.02195649355
0.02195649355
0.02195649355
0.02195649355
0.02195649355
0.02195649355
0.02195649355
0.02195649355
0.02195649355
0.02195649355
0.02195649355
0.02195649355
0.02195649355
0.02195649355
0.02195649355
0.02195649355
0.02195649355
0.02195649355
0.02195649355
0.02195649355
0.02195649355
0.02195649355
0.02195649355
0.02195649355
0.02195649355
0.02195649355
0.02195649355
0.02195649355
0.02195649355
0.02195649355
0.02195649355
0.02195649355
0.02195649355
0.02195649355
0.02195649355
0.02195649355
0.02195649355
0.02195649355
0.02195649355
0.02195649355
0.02195649355
0.02195649355
0.02195649355
0.02195649355
0.02195649355
0.02195649355
0.02195649355
0.02195649355
0.02195649355
0.02195649355
0.02195649355
0.02195649355
0.02195649355
0.02195649355
0.02195649355
0.02195649355
0.02195649355
0.02195649355
0.02195649355
0.02195649355
0.02195649355
0.02195649355
0.02195649355
0.02195649355
0.02195649355
0.02195649355
0.02195649355
0.02195649355
0.02195649355
0.02195649355
0.02195649355
0.02195649355
0.02195649355
0.02195649355
0.02195649355
0.02195649355
0.02195649355
0.02195649355
0.02195649355
0.02195649355
0.02195649355
0.02195649355
0.02195649355
0.02195649355
0.02195649355
0.02195649355
0.02195649355
0.02195649355
0.02195649355
0.02195649355
0.02195649355
0.02195649355
0.02195649355
0.02195649355
0.02195649355
0.02195649355
0.02195649355
0.02195649355
0.02195649355
0.02195649355
0.02195649355
0.02195649355
0.02195649355
0.02195649355
0.02195649355
0.02195649355
0.02195649355
0.02195649355
0.02195649355
0.02195649355
0.02195649355
0.02195649355
0.02195649355
0.02195649355
0.02195649355
0.02195649355
0.02195649355
0.02195649355
0.02195649355
0.02195649355
0.02195649355
0.02195649355
0.02195649355
0.02195649355
0.02195649355
0.02195649355
0.02195649355
0.02195649355
0.02195649355
0.02195649355
0.02195649355
0.02195649355
0.02195649355
0.02195649355
0.02195649355
0.02195649355
0.02195649355
0.02195649355
0.02195649355
0.02195649355
0.02195649355
0.02195649355
0.02195649355
0.02195649355
0.02195649355
0.02195649355
0.02195649355
0.02195649355
0.02195649355
0.02195649355
0.02195649355
0.02195649355
0.02195649355
0.02195649355
0.02195649355
0.02195649355
0.02195649355
0.02195649355
0.02195649355
0.02195649355
0.02195649355
0.02195649355
0.02195649355
0.02195649355
0.02195649355
0.02195649355
0.02195649355
0.3779908705
0.3777213702
0.3777036369
0.3775485993
0.3772593252
0.3768425459
0.3763058611
0.3756572046
0.3749045395
0.3740557692
0.3731189044
0.3721024835
0.3710161506
0.3698711708
0.3686804976
0.3674578435
0.3662151061
0.3649575767
0.3636762539
0.3623305782
0.360717978
0.3569956824
0.3418513078
0.2751316182
0.02287568415
0.02195683122
0.02195649372
0.02195649355
0.02195649355
0.02195649355
0.02195649355
0.02195649355
0.02195649355
0.02195649355
0.02195649355
0.02195649355
0.02195649355
0.02195649355
0.02195649355
0.02195649355
0.02195649355
0.02195649355
0.02195649355
0.02195649355
0.02195649355
0.02195649355
0.02195649355
0.02195649355
0.02195649355
0.02195649355
0.02195649355
0.02195649355
0.02195649355
0.02195649355
0.02195649355
0.02195649355
0.02195649355
0.02195649355
0.02195649355
0.02195649355
0.02195649355
0.02195649355
0.02195649355
0.02195649355
0.02195649355
0.02195649355
0.02195649355
0.02195649355
0.02195649355
0.02195649355
0.02195649355
0.02195649355
0.02195649355
0.02195649355
0.02195649355
0.02195649355
0.02195649355
0.02195649355
0.02195649355
0.02195649355
0.02195649355
0.02195649355
0.02195649355
0.02195649355
0.02195649355
0.02195649355
0.02195649355
0.02195649355
0.02195649355
0.02195649355
0.02195649355
0.02195649355
0.02195649355
0.02195649355
0.02195649355
0.02195649355
0.02195649355
0.02195649355
0.02195649355
0.02195649355
0.02195649355
0.02195649355
0.02195649355
0.02195649355
0.02195649355
0.02195649355
0.02195649355
0.02195649355
0.02195649355
0.02195649355
0.02195649355
0.02195649355
0.02195649355
0.02195649355
0.02195649355
0.02195649355
0.02195649355
0.02195649355
0.02195649355
0.02195649355
0.02195649355
0.02195649355
0.02195649355
0.02195649355
0.02195649355
0.02195649355
0.02195649355
0.02195649355
0.02195649355
0.02195649355
0.02195649355
0.02195649355
0.02195649355
0.02195649355
0.02195649355
0.02195649355
0.02195649355
0.02195649355
0.02195649355
0.02195649355
0.02195649355
0.02195649355
0.02195649355
0.02195649355
0.02195649355
0.02195649355
0.02195649355
0.02195649355
0.02195649355
0.02195649355
0.02195649355
0.02195649355
0.02195649355
0.02195649355
0.02195649355
0.02195649355
0.02195649355
0.02195649355
0.02195649355
0.02195649355
0.02195649355
0.02195649355
0.02195649355
0.02195649355
0.02195649355
0.02195649355
0.02195649355
0.02195649355
0.02195649355
0.02195649355
0.02195649355
0.02195649355
0.02195649355
0.02195649355
0.02195649355
0.02195649355
0.02195649355
0.02195649355
0.02195649355
0.02195649355
0.02195649355
0.02195649355
0.02195649355
0.02195649355
0.02195649355
0.02195649355
0.02195649355
0.02195649355
0.02195649355
0.02195649355
0.02195649355
0.02195649355
0.02195649355
0.02195649355
0.02195649355
0.02195649355
0.02195649355
0.02195649355
0.02195649355
0.02195649355
0.3775347975
0.3772731761
0.3772552812
0.3770980121
0.376804588
0.3763818562
0.375837604
0.3751800664
0.3744176601
0.3735589158
0.3726126332
0.3715882183
0.3704960708
0.3693477621
0.3681556078
0.3669311408
0.3656820169
0.364407126
0.3630897855
0.3616836982
0.3600027664
0.3564122199
0.3422872347
0.2817797976
0.02293617217
0.02195685692
0.02195649374
0.02195649355
0.02195649355
0.02195649355
0.02195649355
0.02195649355
0.02195649355
0.02195649355
0.02195649355
0.02195649355
0.02195649355
0.02195649355
0.02195649355
0.02195649355
0.02195649355
0.02195649355
0.02195649355
0.02195649355
0.02195649355
0.02195649355
0.02195649355
0.02195649355
0.02195649355
0.02195649355
0.02195649355
0.02195649355
0.02195649355
0.02195649355
0.02195649355
0.02195649355
0.02195649355
0.02195649355
0.02195649355
0.02195649355
0.02195649355
0.02195649355
0.02195649355
0.02195649355
0.02195649355
0.02195649355
0.02195649355
0.02195649355
0.02195649355
0.02195649355
0.02195649355
0.02195649355
0.02195649355
0.02195649355
0.02195649355
0.02195649355
0.02195649355
0.02195649355
0.02195649355
0.02195649355
0.02195649355
0.02195649355
0.02195649355
0.02195649355
0.02195649355
0.02195649355
0.02195649355
0.02195649355
0.02195649355
0.02195649355
0.02195649355
0.02195649355
0.02195649355
0.02195649355
0.02195649355
0.02195649355
0.02195649355
0.02195649355
0.02195649355
0.02195649355
0.02195649355
0.02195649355
0.02195649355
0.02195649355
0.02195649355
0.02195649355
0.02195649355
0.02195649355
0.02195649355
0.02195649355
0.02195649355
0.02195649355
0.02195649355
0.02195649355
0.02195649355
0.02195649355
0.02195649355
0.02195649355
0.02195649355
0.02195649355
0.02195649355
0.02195649355
0.02195649355
0.02195649355
0.02195649355
0.02195649355
0.02195649355
0.02195649355
0.02195649355
0.02195649355
0.02195649355
0.02195649355
0.02195649355
0.02195649355
0.02195649355
0.02195649355
0.02195649355
0.02195649355
0.02195649355
0.02195649355
0.02195649355
0.02195649355
0.02195649355
0.02195649355
0.02195649355
0.02195649355
0.02195649355
0.02195649355
0.02195649355
0.02195649355
0.02195649355
0.02195649355
0.02195649355
0.02195649355
0.02195649355
0.02195649355
0.02195649355
0.02195649355
0.02195649355
0.02195649355
0.02195649355
0.02195649355
0.02195649355
0.02195649355
0.02195649355
0.02195649355
0.02195649355
0.02195649355
0.02195649355
0.02195649355
0.02195649355
0.02195649355
0.02195649355
0.02195649355
0.02195649355
0.02195649355
0.02195649355
0.02195649355
0.02195649355
0.02195649355
0.02195649355
0.02195649355
0.02195649355
0.02195649355
0.02195649355
0.02195649355
0.02195649355
0.02195649355
0.02195649355
0.02195649355
0.02195649355
0.02195649355
0.02195649355
0.02195649355
0.02195649355
0.02195649355
0.02195649355
0.02195649355
0.02195649355
0.02195649355
0.3770747717
0.3768211565
0.376803216
0.3766438932
0.376346585
0.3759182896
0.3753670215
0.3747013559
0.3739301864
0.3730626597
0.3721082857
0.3710771568
0.3699801114
0.3688285656
0.3676336387
0.3664041716
0.3651433733
0.3638441826
0.362483629
0.361011866
0.3592593056
0.3557809925
0.3426022096
0.2875625702
0.02299125859
0.02195688078
0.02195649375
0.02195649355
0.02195649355
0.02195649355
0.02195649355
0.02195649355
0.02195649355
0.02195649355
0.02195649355
0.02195649355
0.02195649355
0.02195649355
0.02195649355
0.02195649355
0.02195649355
0.02195649355
0.02195649355
0.02195649355
0.02195649355
0.02195649355
0.02195649355
0.02195649355
0.02195649355
0.02195649355
0.02195649355
0.02195649355
0.02195649355
0.02195649355
0.02195649355
0.02195649355
0.02195649355
0.02195649355
0.02195649355
0.02195649355
0.02195649355
0.02195649355
0.02195649355
0.02195649355
0.02195649355
0.02195649355
0.02195649355
0.02195649355
0.02195649355
0.02195649355
0.02195649355
0.02195649355
0.02195649355
0.02195649355
0.02195649355
0.02195649355
0.02195649355
0.02195649355
0.02195649355
0.02195649355
0.02195649355
0.02195649355
0.02195649355
0.02195649355
0.02195649355
0.02195649355
0.02195649355
0.02195649355
0.02195649355
0.02195649355
0.02195649355
0.02195649355
0.02195649355
0.02195649355
0.02195649355
0.02195649355
0.02195649355
0.02195649355
0.02195649355
0.02195649355
0.02195649355
0.02195649355
0.02195649355
0.02195649355
0.02195649355
0.02195649355
0.02195649355
0.02195649355
0.02195649355
0.02195649355
0.02195649355
0.02195649355
0.02195649355
0.02195649355
0.02195649355
0.02195649355
0.02195649355
0.02195649355
0.02195649355
0.02195649355
0.02195649355
0.02195649355
0.02195649355
0.02195649355
0.02195649355
0.02195649355
0.02195649355
0.02195649355
0.02195649355
0.02195649355
0.02195649355
0.02195649355
0.02195649355
0.02195649355
0.02195649355
0.02195649355
0.02195649355
0.02195649355
0.02195649355
0.02195649355
0.02195649355
0.02195649355
0.02195649355
0.02195649355
0.02195649355
0.02195649355
0.02195649355
0.02195649355
0.02195649355
0.02195649355
0.02195649355
0.02195649355
0.02195649355
0.02195649355
0.02195649355
0.02195649355
0.02195649355
0.02195649355
0.02195649355
0.02195649355
0.02195649355
0.02195649355
0.02195649355
0.02195649355
0.02195649355
0.02195649355
0.02195649355
0.02195649355
0.02195649355
0.02195649355
0.02195649355
0.02195649355
0.02195649355
0.02195649355
0.02195649355
0.02195649355
0.02195649355
0.02195649355
0.02195649355
0.02195649355
0.02195649355
0.02195649355
0.02195649355
0.02195649355
0.02195649355
0.02195649355
0.02195649355
0.02195649355
0.02195649355
0.02195649355
0.02195649355
0.02195649355
0.02195649355
0.02195649355
0.02195649355
0.02195649355
0.02195649355
0.02195649355
0.02195649355
0.02195649355
0.3766107731
0.3763652677
0.3763474111
0.3761862325
0.3758853317
0.3754518892
0.3748941801
0.3742211447
0.3734421568
0.3725669374
0.3716055942
0.3705686939
0.3694671867
0.3683119084
0.3671123338
0.3658742988
0.3645966223
0.3632669721
0.3618575181
0.3603167373
0.3584912279
0.3551086743
0.3428134209
0.2926464625
0.02304171007
0.02195690303
0.02195649377
0.02195649355
0.02195649355
0.02195649355
0.02195649355
0.02195649355
0.02195649355
0.02195649355
0.02195649355
0.02195649355
0.02195649355
0.02195649355
0.02195649355
0.02195649355
0.02195649355
0.02195649355
0.02195649355
0.02195649355
0.02195649355
0.02195649355
0.02195649355
0.02195649355
0.02195649355
0.02195649355
0.02195649355
0.02195649355
0.02195649355
0.02195649355
0.02195649355
0.02195649355
0.02195649355
0.02195649355
0.02195649355
0.02195649355
0.02195649355
0.02195649355
0.02195649355
0.02195649355
0.02195649355
0.02195649355
0.02195649355
0.02195649355
0.02195649355
0.02195649355
0.02195649355
0.02195649355
0.02195649355
0.02195649355
0.02195649355
0.02195649355
0.02195649355
0.02195649355
0.02195649355
0.02195649355
0.02195649355
0.02195649355
0.02195649355
0.02195649355
0.02195649355
0.02195649355
0.02195649355
0.02195649355
0.02195649355
0.02195649355
0.02195649355
0.02195649355
0.02195649355
0.02195649355
0.02195649355
0.02195649355
0.02195649355
0.02195649355
0.02195649355
0.02195649355
0.02195649355
0.02195649355
0.02195649355
0.02195649355
0.02195649355
0.02195649355
0.02195649355
0.02195649355
0.02195649355
0.02195649355
0.02195649355
0.02195649355
0.02195649355
0.02195649355
0.02195649355
0.02195649355
0.02195649355
0.02195649355
0.02195649355
0.02195649355
0.02195649355
0.02195649355
0.02195649355
0.02195649355
0.02195649355
0.02195649355
0.02195649355
0.02195649355
0.02195649355
0.02195649355
0.02195649355
0.02195649355
0.02195649355
0.02195649355
0.02195649355
0.02195649355
0.02195649355
0.02195649355
0.02195649355
0.02195649355
0.02195649355
0.02195649355
0.02195649355
0.02195649355
0.02195649355
0.02195649355
0.02195649355
0.02195649355
0.02195649355
0.02195649355
0.02195649355
0.02195649355
0.02195649355
0.02195649355
0.02195649355
0.02195649355
0.02195649355
0.02195649355
0.02195649355
0.02195649355
0.02195649355
0.02195649355
0.02195649355
0.02195649355
0.02195649355
0.02195649355
0.02195649355
0.02195649355
0.02195649355
0.02195649355
0.02195649355
0.02195649355
0.02195649355
0.02195649355
0.02195649355
0.02195649355
0.02195649355
0.02195649355
0.02195649355
0.02195649355
0.02195649355
0.02195649355
0.02195649355
0.02195649355
0.02195649355
0.02195649355
0.02195649355
0.02195649355
0.02195649355
0.02195649355
0.02195649355
0.02195649355
0.02195649355
0.02195649355
0.02195649355
0.02195649355
0.02195649355
0.02195649355
0.02195649355
0.02195649355
0.3761426739
0.3759053578
0.3758877227
0.375724897
0.3754207071
0.3749825444
0.3744189703
0.3737393044
0.3729533862
0.3720714487
0.3711040626
0.3700620451
0.3689561434
0.3677962435
0.3665898421
0.3653396252
0.3640402614
0.3626749355
0.3612122965
0.3596006432
0.3577020884
0.3544007679
0.3429348005
0.2971649985
0.02308821711
0.0219569239
0.02195649378
0.02195649355
0.02195649355
0.02195649355
0.02195649355
0.02195649355
0.02195649355
0.02195649355
0.02195649355
0.02195649355
0.02195649355
0.02195649355
0.02195649355
0.02195649355
0.02195649355
0.02195649355
0.02195649355
0.02195649355
0.02195649355
0.02195649355
0.02195649355
0.02195649355
0.02195649355
0.02195649355
0.02195649355
0.02195649355
0.02195649355
0.02195649355
0.02195649355
0.02195649355
0.02195649355
0.02195649355
0.02195649355
0.02195649355
0.02195649355
0.02195649355
0.02195649355
0.02195649355
0.02195649355
0.02195649355
0.02195649355
0.02195649355
0.02195649355
0.02195649355
0.02195649355
0.02195649355
0.02195649355
0.02195649355
0.02195649355
0.02195649355
0.02195649355
0.02195649355
0.02195649355
0.02195649355
0.02195649355
0.02195649355
0.02195649355
0.02195649355
0.02195649355
0.02195649355
0.02195649355
0.02195649355
0.02195649355
0.02195649355
0.02195649355
0.02195649355
0.02195649355
0.02195649355
0.02195649355
0.02195649355
0.02195649355
0.02195649355
0.02195649355
0.02195649355
0.02195649355
0.02195649355
0.02195649355
0.02195649355
0.02195649355
0.02195649355
0.02195649355
0.02195649355
0.02195649355
0.02195649355
0.02195649355
0.02195649355
0.02195649355
0.02195649355
0.02195649355
0.02195649355
0.02195649355
0.02195649355
0.02195649355
0.02195649355
0.02195649355
0.02195649355
0.02195649355
0.02195649355
0.02195649355
0.02195649355
0.02195649355
0.02195649355
0.02195649355
0.02195649355
0.02195649355
0.02195649355
0.02195649355
0.02195649355
0.02195649355
0.02195649355
0.02195649355
0.02195649355
0.02195649355
0.02195649355
0.02195649355
0.02195649355
0.02195649355
0.02195649355
0.02195649355
0.02195649355
0.02195649355
0.02195649355
0.02195649355
0.02195649355
0.02195649355
0.02195649355
0.02195649355
0.02195649355
0.02195649355
0.02195649355
0.02195649355
0.02195649355
0.02195649355
0.02195649355
0.02195649355
0.02195649355
0.02195649355
0.02195649355
0.02195649355
0.02195649355
0.02195649355
0.02195649355
0.02195649355
0.02195649355
0.02195649355
0.02195649355
0.02195649355
0.02195649355
0.02195649355
0.02195649355
0.02195649355
0.02195649355
0.02195649355
0.02195649355
0.02195649355
0.02195649355
0.02195649355
0.02195649355
0.02195649355
0.02195649355
0.02195649355
0.02195649355
0.02195649355
0.02195649355
0.02195649355
0.02195649355
0.02195649355
0.02195649355
0.02195649355
0.02195649355
0.02195649355
0.02195649355
0.02195649355
0.02195649355
0.3756702317
0.3754411609
0.3754238838
0.3752596159
0.3749524321
0.374509959
0.3739410648
0.3732554531
0.3724634043
0.3715755903
0.3706029065
0.3695562064
0.368445756
0.3672801928
0.366064807
0.3647991089
0.363473937
0.3620687439
0.3605497595
0.358866162
0.3568946212
0.35366059
0.3429730945
0.3012091641
0.02313304998
0.02195694409
0.02195649379
0.02195649355
0.02195649355
0.02195649355
0.02195649355
0.02195649355
0.02195649355
0.02195649355
0.02195649355
0.02195649355
0.02195649355
0.02195649355
0.02195649355
0.02195649355
0.02195649355
0.02195649355
0.02195649355
0.02195649355
0.02195649355
0.02195649355
0.02195649355
0.02195649355
0.02195649355
0.02195649355
0.02195649355
0.02195649355
0.02195649355
0.02195649355
0.02195649355
0.02195649355
0.02195649355
0.02195649355
0.02195649355
0.02195649355
0.02195649355
0.02195649355
0.02195649355
0.02195649355
0.02195649355
0.02195649355
0.02195649355
0.02195649355
0.02195649355
0.02195649355
0.02195649355
0.02195649355
0.02195649355
0.02195649355
0.02195649355
0.02195649355
0.02195649355
0.02195649355
0.02195649355
0.02195649355
0.02195649355
0.02195649355
0.02195649355
0.02195649355
0.02195649355
0.02195649355
0.02195649355
0.02195649355
0.02195649355
0.02195649355
0.02195649355
0.02195649355
0.02195649355
0.02195649355
0.02195649355
0.02195649355
0.02195649355
0.02195649355
0.02195649355
0.02195649355
0.02195649355
0.02195649355
0.02195649355
0.02195649355
0.02195649355
0.02195649355
0.02195649355
0.02195649355
0.02195649355
0.02195649355
0.02195649355
0.02195649355
0.02195649355
0.02195649355
0.02195649355
0.02195649355
0.02195649355
0.02195649355
0.02195649355
0.02195649355
0.02195649355
0.02195649355
0.02195649355
0.02195649355
0.02195649355
0.02195649355
0.02195649355
0.02195649355
0.02195649355
0.02195649355
0.02195649355
0.02195649355
0.02195649355
0.02195649355
0.02195649355
0.02195649355
0.02195649355
0.02195649355
0.02195649355
0.02195649355
0.02195649355
0.02195649355
0.02195649355
0.02195649355
0.02195649355
0.02195649355
0.02195649355
0.02195649355
0.02195649355
0.02195649355
0.02195649355
0.02195649355
0.02195649355
0.02195649355
0.02195649355
0.02195649355
0.02195649355
0.02195649355
0.02195649355
0.02195649355
0.02195649355
0.02195649355
0.02195649355
0.02195649355
0.02195649355
0.02195649355
0.02195649355
0.02195649355
0.02195649355
0.02195649355
0.02195649355
0.02195649355
0.02195649355
0.02195649355
0.02195649355
0.02195649355
0.02195649355
0.02195649355
0.02195649355
0.02195649355
0.02195649355
0.02195649355
0.02195649355
0.02195649355
0.02195649355
0.02195649355
0.02195649355
0.02195649355
0.02195649355
0.02195649355
0.02195649355
0.02195649355
0.02195649355
0.02195649355
0.02195649355
0.02195649355
0.02195649355
0.02195649355
0.02195649355
0.02195649355
0.3751930936
0.3749723039
0.3749555081
0.3747899783
0.3744800564
0.374033624
0.3734598693
0.3727688779
0.3719713412
0.371078299
0.3701008506
0.3690497156
0.3679344805
0.3667623592
0.3655363672
0.3642529847
0.3628996773
0.3614529802
0.3598778395
0.3581256676
0.3560884223
0.3529243379
0.3430069111
0.3049858721
0.03033128168
0.02195904936
0.02195649453
0.02195649355
0.02195649355
0.02195649355
0.02195649355
0.02195649355
0.02195649355
0.02195649355
0.02195649355
0.02195649355
0.02195649355
0.02195649355
0.02195649355
0.02195649355
0.02195649355
0.02195649355
0.02195649355
0.02195649355
0.02195649355
0.02195649355
0.02195649355
0.02195649355
0.02195649355
0.02195649355
0.02195649355
0.02195649355
0.02195649355
0.02195649355
0.02195649355
0.02195649355
0.02195649355
0.02195649355
0.02195649355
0.02195649355
0.02195649355
0.02195649355
0.02195649355
0.02195649355
0.02195649355
0.02195649355
0.02195649355
0.02195649355
0.02195649355
0.02195649355
0.02195649355
0.02195649355
0.02195649355
0.02195649355
0.02195649355
0.02195649355
0.02195649355
0.02195649355
0.02195649355
0.02195649355
0.02195649355
0.02195649355
0.02195649355
0.02195649355
0.02195649355
0.02195649355
0.02195649355
0.02195649355
0.02195649355
0.02195649355
0.02195649355
0.02195649355
0.02195649355
0.02195649355
0.02195649355
0.02195649355
0.02195649355
0.02195649355
0.02195649355
0.02195649355
0.02195649355
0.02195649355
0.02195649355
0.02195649355
0.02195649355
0.02195649355
0.02195649355
0.02195649355
0.02195649355
0.02195649355
0.02195649355
0.02195649355
0.02195649355
0.02195649355
0.02195649355
0.02195649355
0.02195649355
0.02195649355
0.02195649355
0.02195649355
0.02195649355
0.02195649355
0.02195649355
0.02195649355
0.02195649355
0.02195649355
0.02195649355
0.02195649355
0.02195649355
0.02195649355
0.02195649355
0.02195649355
0.02195649355
0.02195649355
0.02195649355
0.02195649355
0.02195649355
0.02195649355
0.02195649355
0.02195649355
0.02195649355
0.02195649355
0.02195649355
0.02195649355
0.02195649355
0.02195649355
0.02195649355
0.02195649355
0.02195649355
0.02195649355
0.02195649355
0.02195649355
0.02195649355
0.02195649355
0.02195649355
0.02195649355
0.02195649355
0.02195649355
0.02195649355
0.02195649355
0.02195649355
0.02195649355
0.02195649355
0.02195649355
0.02195649355
0.02195649355
0.02195649355
0.02195649355
0.02195649355
0.02195649355
0.02195649355
0.02195649355
0.02195649355
0.02195649355
0.02195649355
0.02195649355
0.02195649355
0.02195649355
0.02195649355
0.02195649355
0.02195649355
0.02195649355
0.02195649355
0.02195649355
0.02195649355
0.02195649355
0.02195649355
0.02195649355
0.02195649355
0.02195649355
0.02195649355
0.02195649355
0.02195649355
0.02195649355
0.02195649355
0.02195649355
0.02195649355
0.02195649355
0.02195649355
0.02195649355
0.3747108272
0.374498339
0.3744821192
0.3743154591
0.3740029785
0.3735528244
0.3729745067
0.3722784778
0.3714758
0.370577809
0.3695957056
0.3685399582
0.3674193793
0.3662397561
0.3650020158
0.3637001091
0.3623190945
0.3608342508
0.3592121359
0.3574120698
0.3553534985
0.3523505721
0.3433985027
0.3091888344
0.07164762094
0.02198643149
0.02195650285
0.02195649355
0.02195649355
0.02195649355
0.02195649355
0.02195649355
0.02195649355
0.02195649355
0.02195649355
0.02195649355
0.02195649355
0.02195649355
0.02195649355
0.02195649355
0.02195649355
0.02195649355
0.02195649355
0.02195649355
0.02195649355
0.02195649355
0.02195649355
0.02195649355
0.02195649355
0.02195649355
0.02195649355
0.02195649355
0.02195649355
0.02195649355
0.02195649355
0.02195649355
0.02195649355
0.02195649355
0.02195649355
0.02195649355
0.02195649355
0.02195649355
0.02195649355
0.02195649355
0.02195649355
0.02195649355
0.02195649355
0.02195649355
0.02195649355
0.02195649355
0.02195649355
0.02195649355
0.02195649355
0.02195649355
0.02195649355
0.02195649355
0.02195649355
0.02195649355
0.02195649355
0.02195649355
0.02195649355
0.02195649355
0.02195649355
0.02195649355
0.02195649355
0.02195649355
0.02195649355
0.02195649355
0.02195649355
0.02195649355
0.02195649355
0.02195649355
0.02195649355
0.02195649355
0.02195649355
0.02195649355
0.02195649355
0.02195649355
0.02195649355
0.02195649355
0.02195649355
0.02195649355
0.02195649355
0.02195649355
0.02195649355
0.02195649355
0.02195649355
0.02195649355
0.02195649355
0.02195649355
0.02195649355
0.02195649355
0.02195649355
0.02195649355
0.02195649355
0.02195649355
0.02195649355
0.02195649355
0.02195649355
0.02195649355
0.02195649355
0.02195649355
0.02195649355
0.02195649355
0.02195649355
0.02195649355
0.02195649355
0.02195649355
0.02195649355
0.02195649355
0.02195649355
0.02195649355
0.02195649355
0.02195649355
0.02195649355
0.02195649355
0.02195649355
0.02195649355
0.02195649355
0.02195649355
0.02195649355
0.02195649355
0.02195649355
0.02195649355
0.02195649355
0.02195649355
0.02195649355
0.02195649355
0.02195649355
0.02195649355
0.02195649355
0.02195649355
0.02195649355
0.02195649355
0.02195649355
0.02195649355
0.02195649355
0.02195649355
0.02195649355
0.02195649355
0.02195649355
0.02195649355
0.02195649355
0.02195649355
0.02195649355
0.02195649355
0.02195649355
0.02195649355
0.02195649355
0.02195649355
0.02195649355
0.02195649355
0.02195649355
0.02195649355
0.02195649355
0.02195649355
0.02195649355
0.02195649355
0.02195649355
0.02195649355
0.02195649355
0.02195649355
0.02195649355
0.02195649355
0.02195649355
0.02195649355
0.02195649355
0.02195649355
0.02195649355
0.02195649355
0.02195649355
0.02195649355
0.02195649355
0.02195649355
0.02195649355
0.02195649355
0.02195649355
0.02195649355
0.02195649355
0.02195649355
0.3742229708
0.3740188011
0.3740032159
0.3738354929
0.373520532
0.373066741
0.3724839331
0.3717828878
0.370974969
0.3700717071
0.3690842755
0.3680227576
0.3668950991
0.365705684
0.3644536045
0.3631309212
0.3617215411
0.3602017442
0.3585436755
0.3567213993
0.354691719
0.3519250286
0.3440008273
0.3134087367
0.1127000555
0.02204992078
0.02195652273
0.02195649356
0.02195649355
0.02195649355
0.02195649355
0.02195649355
0.02195649355
0.02195649355
0.02195649355
0.02195649355
0.02195649355
0.02195649355
0.02195649355
0.02195649355
0.02195649355
0.02195649355
0.02195649355
0.02195649355
0.02195649355
0.02195649355
0.02195649355
0.02195649355
0.02195649355
0.02195649355
0.02195649355
0.02195649355
0.02195649355
0.02195649355
0.02195649355
0.02195649355
0.02195649355
0.02195649355
0.02195649355
0.02195649355
0.02195649355
0.02195649355
0.02195649355
0.02195649355
0.02195649355
0.02195649355
0.02195649355
0.02195649355
0.02195649355
0.02195649355
0.02195649355
0.02195649355
0.02195649355
0.02195649355
0.02195649355
0.02195649355
0.02195649355
0.02195649355
0.02195649355
0.02195649355
0.02195649355
0.02195649355
0.02195649355
0.02195649355
0.02195649355
0.02195649355
0.02195649355
0.02195649355
0.02195649355
0.02195649355
0.02195649355
0.02195649355
0.02195649355
0.02195649355
0.02195649355
0.02195649355
0.02195649355
0.02195649355
0.02195649355
0.02195649355
0.02195649355
0.02195649355
0.02195649355
0.02195649355
0.02195649355
0.02195649355
0.02195649355
0.02195649355
0.02195649355
0.02195649355
0.02195649355
0.02195649355
0.02195649355
0.02195649355
0.02195649355
0.02195649355
0.02195649355
0.02195649355
0.02195649355
0.02195649355
0.02195649355
0.02195649355
0.02195649355
0.02195649355
0.02195649355
0.02195649355
0.02195649355
0.02195649355
0.02195649355
0.02195649355
0.02195649355
0.02195649355
0.02195649355
0.02195649355
0.02195649355
0.02195649355
0.02195649355
0.02195649355
0.02195649355
0.02195649355
0.02195649355
0.02195649355
0.02195649355
0.02195649355
0.02195649355
0.02195649355
0.02195649355
0.02195649355
0.02195649355
0.02195649355
0.02195649355
0.02195649355
0.02195649355
0.02195649355
0.02195649355
0.02195649355
0.02195649355
0.02195649355
0.02195649355
0.02195649355
0.02195649355
0.02195649355
0.02195649355
0.02195649355
0.02195649355
0.02195649355
0.02195649355
0.02195649355
0.02195649355
0.02195649355
0.02195649355
0.02195649355
0.02195649355
0.02195649355
0.02195649355
0.02195649355
0.02195649355
0.02195649355
0.02195649355
0.02195649355
0.02195649355
0.02195649355
0.02195649355
0.02195649355
0.02195649355
0.02195649355
0.02195649355
0.02195649355
0.02195649355
0.02195649355
0.02195649355
0.02195649355
0.02195649355
0.02195649355
0.02195649355
0.02195649355
0.02195649355
0.02195649355
0.02195649355
0.02195649355
0.3737291083
0.3735332875
0.3735183635
0.3733495897
0.373032138
0.3725746593
0.3719872348
0.3712809098
0.3704672572
0.3695578771
0.3685637676
0.3674944831
0.3663570146
0.3651543972
0.3638842108
0.3625373965
0.3610981754
0.3595462994
0.3578631961
0.3560419683
0.3540772276
0.3515712808
0.3446160252
0.3173005137
0.1485175263
0.02214416048
0.02195655375
0.02195649357
0.02195649355
0.02195649355
0.02195649355
0.02195649355
0.02195649355
0.02195649355
0.02195649355
0.02195649355
0.02195649355
0.02195649355
0.02195649355
0.02195649355
0.02195649355
0.02195649355
0.02195649355
0.02195649355
0.02195649355
0.02195649355
0.02195649355
0.02195649355
0.02195649355
0.02195649355
0.02195649355
0.02195649355
0.02195649355
0.02195649355
0.02195649355
0.02195649355
0.02195649355
0.02195649355
0.02195649355
0.02195649355
0.02195649355
0.02195649355
0.02195649355
0.02195649355
0.02195649355
0.02195649355
0.02195649355
0.02195649355
0.02195649355
0.02195649355
0.02195649355
0.02195649355
0.02195649355
0.02195649355
0.02195649355
0.02195649355
0.02195649355
0.02195649355
0.02195649355
0.02195649355
0.02195649355
0.02195649355
0.02195649355
0.02195649355
0.02195649355
0.02195649355
0.02195649355
0.02195649355
0.02195649355
0.02195649355
0.02195649355
0.02195649355
0.02195649355
0.02195649355
0.02195649355
0.02195649355
0.02195649355
0.02195649355
0.02195649355
0.02195649355
0.02195649355
0.02195649355
0.02195649355
0.02195649355
0.02195649355
0.02195649355
0.02195649355
0.02195649355
0.02195649355
0.02195649355
0.02195649355
0.02195649355
0.02195649355
0.02195649355
0.02195649355
0.02195649355
0.02195649355
0.02195649355
0.02195649355
0.02195649355
0.02195649355
0.02195649355
0.02195649355
0.02195649355
0.02195649355
0.02195649355
0.02195649355
0.02195649355
0.02195649355
0.02195649355
0.02195649355
0.02195649355
0.02195649355
0.02195649355
0.02195649355
0.02195649355
0.02195649355
0.02195649355
0.02195649355
0.02195649355
0.02195649355
0.02195649355
0.02195649355
0.02195649355
0.02195649355
0.02195649355
0.02195649355
0.02195649355
0.02195649355
0.02195649355
0.02195649355
0.02195649355
0.02195649355
0.02195649355
0.02195649355
0.02195649355
0.02195649355
0.02195649355
0.02195649355
0.02195649355
0.02195649355
0.02195649355
0.02195649355
0.02195649355
0.02195649355
0.02195649355
0.02195649355
0.02195649355
0.02195649355
0.02195649355
0.02195649355
0.02195649355
0.02195649355
0.02195649355
0.02195649355
0.02195649355
0.02195649355
0.02195649355
0.02195649355
0.02195649355
0.02195649355
0.02195649355
0.02195649355
0.02195649355
0.02195649355
0.02195649355
0.02195649355
0.02195649355
0.02195649355
0.02195649355
0.02195649355
0.02195649355
0.02195649355
0.02195649355
0.02195649355
0.02195649355
0.02195649355
0.02195649355
0.02195649355
0.02195649355
0.3732289385
0.3730415288
0.3730272761
0.3728574331
0.3725374308
0.3720761381
0.371483861
0.3707718435
0.3699517742
0.3690352076
0.3680328465
0.3669536285
0.365803597
0.3645846372
0.3632933395
0.361920534
0.360452399
0.3588744305
0.3571796629
0.3553804598
0.3535012815
0.3512415047
0.3451360377
0.3207286393
0.178761716
0.02225773318
0.02195659303
0.02195649359
0.02195649355
0.02195649355
0.02195649355
0.02195649355
0.02195649355
0.02195649355
0.02195649355
0.02195649355
0.02195649355
0.02195649355
0.02195649355
0.02195649355
0.02195649355
0.02195649355
0.02195649355
0.02195649355
0.02195649355
0.02195649355
0.02195649355
0.02195649355
0.02195649355
0.02195649355
0.02195649355
0.02195649355
0.02195649355
0.02195649355
0.02195649355
0.02195649355
0.02195649355
0.02195649355
0.02195649355
0.02195649355
0.02195649355
0.02195649355
0.02195649355
0.02195649355
0.02195649355
0.02195649355
0.02195649355
0.02195649355
0.02195649355
0.02195649355
0.02195649355
0.02195649355
0.02195649355
0.02195649355
0.02195649355
0.02195649355
0.02195649355
0.02195649355
0.02195649355
0.02195649355
0.02195649355
0.02195649355
0.02195649355
0.02195649355
0.02195649355
0.02195649355
0.02195649355
0.02195649355
0.02195649355
0.02195649355
0.02195649355
0.02195649355
0.02195649355
0.02195649355
0.02195649355
0.02195649355
0.02195649355
0.02195649355
0.02195649355
0.02195649355
0.02195649355
0.02195649355
0.02195649355
0.02195649355
0.02195649355
0.02195649355
0.02195649355
0.02195649355
0.02195649355
0.02195649355
0.02195649355
0.02195649355
0.02195649355
0.02195649355
0.02195649355
0.02195649355
0.02195649355
0.02195649355
0.02195649355
0.02195649355
0.02195649355
0.02195649355
0.02195649355
0.02195649355
0.02195649355
0.02195649355
0.02195649355
0.02195649355
0.02195649355
0.02195649355
0.02195649355
0.02195649355
0.02195649355
0.02195649355
0.02195649355
0.02195649355
0.02195649355
0.02195649355
0.02195649355
0.02195649355
0.02195649355
0.02195649355
0.02195649355
0.02195649355
0.02195649355
0.02195649355
0.02195649355
0.02195649355
0.02195649355
0.02195649355
0.02195649355
0.02195649355
0.02195649355
0.02195649355
0.02195649355
0.02195649355
0.02195649355
0.02195649355
0.02195649355
0.02195649355
0.02195649355
0.02195649355
0.02195649355
0.02195649355
0.02195649355
0.02195649355
0.02195649355
0.02195649355
0.02195649355
0.02195649355
0.02195649355
0.02195649355
0.02195649355
0.02195649355
0.02195649355
0.02195649355
0.02195649355
0.02195649355
0.02195649355
0.02195649355
0.02195649355
0.02195649355
0.02195649355
0.02195649355
0.02195649355
0.02195649355
0.02195649355
0.02195649355
0.02195649355
0.02195649355
0.02195649355
0.02195649355
0.02195649355
0.02195649355
0.02195649355
0.02195649355
0.02195649355
0.02195649355
0.02195649355
0.02195649355
0.3727223238
0.3725434322
0.3725298605
0.3723589272
0.3720363061
0.3715710563
0.3709736635
0.3702555061
0.3694283053
0.3685034781
0.3674913547
0.3664002347
0.3652353165
0.3639976513
0.3626834754
0.3612845448
0.3597903967
0.3581936551
0.3564991584
0.3547349178
0.352942017
0.3508881186
0.3454934647
0.3236345029
0.2038923621
0.02237934712
0.02195663705
0.02195649362
0.02195649355
0.02195649355
0.02195649355
0.02195649355
0.02195649355
0.02195649355
0.02195649355
0.02195649355
0.02195649355
0.02195649355
0.02195649355
0.02195649355
0.02195649355
0.02195649355
0.02195649355
0.02195649355
0.02195649355
0.02195649355
0.02195649355
0.02195649355
0.02195649355
0.02195649355
0.02195649355
0.02195649355
0.02195649355
0.02195649355
0.02195649355
0.02195649355
0.02195649355
0.02195649355
0.02195649355
0.02195649355
0.02195649355
0.02195649355
0.02195649355
0.02195649355
0.02195649355
0.02195649355
0.02195649355
0.02195649355
0.02195649355
0.02195649355
0.02195649355
0.02195649355
0.02195649355
0.02195649355
0.02195649355
0.02195649355
0.02195649355
0.02195649355
0.02195649355
0.02195649355
0.02195649355
0.02195649355
0.02195649355
0.02195649355
0.02195649355
0.02195649355
0.02195649355
0.02195649355
0.02195649355
0.02195649355
0.02195649355
0.02195649355
0.02195649355
0.02195649355
0.02195649355
0.02195649355
0.02195649355
0.02195649355
0.02195649355
0.02195649355
0.02195649355
0.02195649355
0.02195649355
0.02195649355
0.02195649355
0.02195649355
0.02195649355
0.02195649355
0.02195649355
0.02195649355
0.02195649355
0.02195649355
0.02195649355
0.02195649355
0.02195649355
0.02195649355
0.02195649355
0.02195649355
0.02195649355
0.02195649355
0.02195649355
0.02195649355
0.02195649355
0.02195649355
0.02195649355
0.02195649355
0.02195649355
0.02195649355
0.02195649355
0.02195649355
0.02195649355
0.02195649355
0.02195649355
0.02195649355
0.02195649355
0.02195649355
0.02195649355
0.02195649355
0.02195649355
0.02195649355
0.02195649355
0.02195649355
0.02195649355
0.02195649355
0.02195649355
0.02195649355
0.02195649355
0.02195649355
0.02195649355
0.02195649355
0.02195649355
0.02195649355
0.02195649355
0.02195649355
0.02195649355
0.02195649355
0.02195649355
0.02195649355
0.02195649355
0.02195649355
0.02195649355
0.02195649355
0.02195649355
0.02195649355
0.02195649355
0.02195649355
0.02195649355
0.02195649355
0.02195649355
0.02195649355
0.02195649355
0.02195649355
0.02195649355
0.02195649355
0.02195649355
0.02195649355
0.02195649355
0.02195649355
0.02195649355
0.02195649355
0.02195649355
0.02195649355
0.02195649355
0.02195649355
0.02195649355
0.02195649355
0.02195649355
0.02195649355
0.02195649355
0.02195649355
0.02195649355
0.02195649355
0.02195649355
0.02195649355
0.02195649355
0.02195649355
0.02195649355
0.02195649355
0.02195649355
0.02195649355
0.3722093133
0.3720390975
0.372026231
0.371854207
0.3715289242
0.3710596035
0.3704568676
0.3697321717
0.3688972026
0.367963178
0.366940026
0.3658354586
0.3646540207
0.3633963379
0.3620589742
0.3606355454
0.3591199066
0.3575121429
0.3558272613
0.3541031849
0.3523851668
0.3504803503
0.3456556082
0.3260031467
0.2244752637
0.02249993448
0.02195668266
0.02195649364
0.02195649355
0.02195649355
0.02195649355
0.02195649355
0.02195649355
0.02195649355
0.02195649355
0.02195649355
0.02195649355
0.02195649355
0.02195649355
0.02195649355
0.02195649355
0.02195649355
0.02195649355
0.02195649355
0.02195649355
0.02195649355
0.02195649355
0.02195649355
0.02195649355
0.02195649355
0.02195649355
0.02195649355
0.02195649355
0.02195649355
0.02195649355
0.02195649355
0.02195649355
0.02195649355
0.02195649355
0.02195649355
0.02195649355
0.02195649355
0.02195649355
0.02195649355
0.02195649355
0.02195649355
0.02195649355
0.02195649355
0.02195649355
0.02195649355
0.02195649355
0.02195649355
0.02195649355
0.02195649355
0.02195649355
0.02195649355
0.02195649355
0.02195649355
0.02195649355
0.02195649355
0.02195649355
0.02195649355
0.02195649355
0.02195649355
0.02195649355
0.02195649355
0.02195649355
0.02195649355
0.02195649355
0.02195649355
0.02195649355
0.02195649355
0.02195649355
0.02195649355
0.02195649355
0.02195649355
0.02195649355
0.02195649355
0.02195649355
0.02195649355
0.02195649355
0.02195649355
0.02195649355
0.02195649355
0.02195649355
0.02195649355
0.02195649355
0.02195649355
0.02195649355
0.02195649355
0.02195649355
0.02195649355
0.02195649355
0.02195649355
0.02195649355
0.02195649355
0.02195649355
0.02195649355
0.02195649355
0.02195649355
0.02195649355
0.02195649355
0.02195649355
0.02195649355
0.02195649355
0.02195649355
0.02195649355
0.02195649355
0.02195649355
0.02195649355
0.02195649355
0.02195649355
0.02195649355
0.02195649355
0.02195649355
0.02195649355
0.02195649355
0.02195649355
0.02195649355
0.02195649355
0.02195649355
0.02195649355
0.02195649355
0.02195649355
0.02195649355
0.02195649355
0.02195649355
0.02195649355
0.02195649355
0.02195649355
0.02195649355
0.02195649355
0.02195649355
0.02195649355
0.02195649355
0.02195649355
0.02195649355
0.02195649355
0.02195649355
0.02195649355
0.02195649355
0.02195649355
0.02195649355
0.02195649355
0.02195649355
0.02195649355
0.02195649355
0.02195649355
0.02195649355
0.02195649355
0.02195649355
0.02195649355
0.02195649355
0.02195649355
0.02195649355
0.02195649355
0.02195649355
0.02195649355
0.02195649355
0.02195649355
0.02195649355
0.02195649355
0.02195649355
0.02195649355
0.02195649355
0.02195649355
0.02195649355
0.02195649355
0.02195649355
0.02195649355
0.02195649355
0.02195649355
0.02195649355
0.02195649355
0.02195649355
0.02195649355
0.02195649355
0.02195649355
0.02195649355
0.02195649355
0.3716901418
0.3715288095
0.3715166982
0.3713436216
0.3710156852
0.3705422436
0.3699340164
0.3692024861
0.3683592535
0.3674152999
0.3663801597
0.3652610518
0.3640621025
0.3627839285
0.3614240182
0.3599785
0.3584458905
0.3568330297
0.3551621656
0.3534741613
0.3518119065
0.349997869
0.3456140959
0.327854411
0.2411069623
0.02261320609
0.02195672737
0.02195649366
0.02195649355
0.02195649355
0.02195649355
0.02195649355
0.02195649355
0.02195649355
0.02195649355
0.02195649355
0.02195649355
0.02195649355
0.02195649355
0.02195649355
0.02195649355
0.02195649355
0.02195649355
0.02195649355
0.02195649355
0.02195649355
0.02195649355
0.02195649355
0.02195649355
0.02195649355
0.02195649355
0.02195649355
0.02195649355
0.02195649355
0.02195649355
0.02195649355
0.02195649355
0.02195649355
0.02195649355
0.02195649355
0.02195649355
0.02195649355
0.02195649355
0.02195649355
0.02195649355
0.02195649355
0.02195649355
0.02195649355
0.02195649355
0.02195649355
0.02195649355
0.02195649355
0.02195649355
0.02195649355
0.02195649355
0.02195649355
0.02195649355
0.02195649355
0.02195649355
0.02195649355
0.02195649355
0.02195649355
0.02195649355
0.02195649355
0.02195649355
0.02195649355
0.02195649355
0.02195649355
0.02195649355
0.02195649355
0.02195649355
0.02195649355
0.02195649355
0.02195649355
0.02195649355
0.02195649355
0.02195649355
0.02195649355
0.02195649355
0.02195649355
0.02195649355
0.02195649355
0.02195649355
0.02195649355
0.02195649355
0.02195649355
0.02195649355
0.02195649355
0.02195649355
0.02195649355
0.02195649355
0.02195649355
0.02195649355
0.02195649355
0.02195649355
0.02195649355
0.02195649355
0.02195649355
0.02195649355
0.02195649355
0.02195649355
0.02195649355
0.02195649355
0.02195649355
0.02195649355
0.02195649355
0.02195649355
0.02195649355
0.02195649355
0.02195649355
0.02195649355
0.02195649355
0.02195649355
0.02195649355
0.02195649355
0.02195649355
0.02195649355
0.02195649355
0.02195649355
0.02195649355
0.02195649355
0.02195649355
0.02195649355
0.02195649355
0.02195649355
0.02195649355
0.02195649355
0.02195649355
0.02195649355
0.02195649355
0.02195649355
0.02195649355
0.02195649355
0.02195649355
0.02195649355
0.02195649355
0.02195649355
0.02195649355
0.02195649355
0.02195649355
0.02195649355
0.02195649355
0.02195649355
0.02195649355
0.02195649355
0.02195649355
0.02195649355
0.02195649355
0.02195649355
0.02195649355
0.02195649355
0.02195649355
0.02195649355
0.02195649355
0.02195649355
0.02195649355
0.02195649355
0.02195649355
0.02195649355
0.02195649355
0.02195649355
0.02195649355
0.02195649355
0.02195649355
0.02195649355
0.02195649355
0.02195649355
0.02195649355
0.02195649355
0.02195649355
0.02195649355
0.02195649355
0.02195649355
0.02195649355
0.02195649355
0.02195649355
0.02195649355
0.02195649355
0.02195649355
0.02195649355
0.371165209
0.371013009
0.3710017369
0.3708276984
0.3704971885
0.3700196695
0.3694059246
0.368667425
0.3678156527
0.3668613435
0.3658136814
0.3646795242
0.3634628328
0.3621645991
0.3607836873
0.3593190567
0.3577736527
0.35615961
0.3545029546
0.3528410715
0.351210068
0.3494341745
0.3453806685
0.3292398114
0.2544300908
0.02271567831
0.02195676955
0.02195649369
0.02195649355
0.02195649355
0.02195649355
0.02195649355
0.02195649355
0.02195649355
0.02195649355
0.02195649355
0.02195649355
0.02195649355
0.02195649355
0.02195649355
0.02195649355
0.02195649355
0.02195649355
0.02195649355
0.02195649355
0.02195649355
0.02195649355
0.02195649355
0.02195649355
0.02195649355
0.02195649355
0.02195649355
0.02195649355
0.02195649355
0.02195649355
0.02195649355
0.02195649355
0.02195649355
0.02195649355
0.02195649355
0.02195649355
0.02195649355
0.02195649355
0.02195649355
0.02195649355
0.02195649355
0.02195649355
0.02195649355
0.02195649355
0.02195649355
0.02195649355
0.02195649355
0.02195649355
0.02195649355
0.02195649355
0.02195649355
0.02195649355
0.02195649355
0.02195649355
0.02195649355
0.02195649355
0.02195649355
0.02195649355
0.02195649355
0.02195649355
0.02195649355
0.02195649355
0.02195649355
0.02195649355
0.02195649355
0.02195649355
0.02195649355
0.02195649355
0.02195649355
0.02195649355
0.02195649355
0.02195649355
0.02195649355
0.02195649355
0.02195649355
0.02195649355
0.02195649355
0.02195649355
0.02195649355
0.02195649355
0.02195649355
0.02195649355
0.02195649355
0.02195649355
0.02195649355
0.02195649355
0.02195649355
0.02195649355
0.02195649355
0.02195649355
0.02195649355
0.02195649355
0.02195649355
0.02195649355
0.02195649355
0.02195649355
0.02195649355
0.02195649355
0.02195649355
0.02195649355
0.02195649355
0.02195649355
0.02195649355
0.02195649355
0.02195649355
0.02195649355
0.02195649355
0.02195649355
0.02195649355
0.02195649355
0.02195649355
0.02195649355
0.02195649355
0.02195649355
0.02195649355
0.02195649355
0.02195649355
0.02195649355
0.02195649355
0.02195649355
0.02195649355
0.02195649355
0.02195649355
0.02195649355
0.02195649355
0.02195649355
0.02195649355
0.02195649355
0.02195649355
0.02195649355
0.02195649355
0.02195649355
0.02195649355
0.02195649355
0.02195649355
0.02195649355
0.02195649355
0.02195649355
0.02195649355
0.02195649355
0.02195649355
0.02195649355
0.02195649355
0.02195649355
0.02195649355
0.02195649355
0.02195649355
0.02195649355
0.02195649355
0.02195649355
0.02195649355
0.02195649355
0.02195649355
0.02195649355
0.02195649355
0.02195649355
0.02195649355
0.02195649355
0.02195649355
0.02195649355
0.02195649355
0.02195649355
0.02195649355
0.02195649355
0.02195649355
0.02195649355
0.02195649355
0.02195649355
0.02195649355
0.02195649355
0.02195649355
0.02195649355
0.02195649355
0.02195649355
0.02195649355
0.370635029
0.3704922384
0.3704819273
0.3703070768
0.3699741561
0.3694927145
0.3688735735
0.36812817
0.3672678568
0.3663031469
0.365242954
0.3640939403
0.3628601668
0.3615433394
0.3601440026
0.358663974
0.3571099655
0.3554975364
0.3538527264
0.3522076102
0.3505800073
0.3487964325
0.3449817009
0.3302322053
0.2651007048
0.02280626498
0.02195680833
0.02195649371
0.02195649355
0.02195649355
0.02195649355
0.02195649355
0.02195649355
0.02195649355
0.02195649355
0.02195649355
0.02195649355
0.02195649355
0.02195649355
0.02195649355
0.02195649355
0.02195649355
0.02195649355
0.02195649355
0.02195649355
0.02195649355
0.02195649355
0.02195649355
0.02195649355
0.02195649355
0.02195649355
0.02195649355
0.02195649355
0.02195649355
0.02195649355
0.02195649355
0.02195649355
0.02195649355
0.02195649355
0.02195649355
0.02195649355
0.02195649355
0.02195649355
0.02195649355
0.02195649355
0.02195649355
0.02195649355
0.02195649355
0.02195649355
0.02195649355
0.02195649355
0.02195649355
0.02195649355
0.02195649355
0.02195649355
0.02195649355
0.02195649355
0.02195649355
0.02195649355
0.02195649355
0.02195649355
0.02195649355
0.02195649355
0.02195649355
0.02195649355
0.02195649355
0.02195649355
0.02195649355
0.02195649355
0.02195649355
0.02195649355
0.02195649355
0.02195649355
0.02195649355
0.02195649355
0.02195649355
0.02195649355
0.02195649355
0.02195649355
0.02195649355
0.02195649355
0.02195649355
0.02195649355
0.02195649355
0.02195649355
0.02195649355
0.02195649355
0.02195649355
0.02195649355
0.02195649355
0.02195649355
0.02195649355
0.02195649355
0.02195649355
0.02195649355
0.02195649355
0.02195649355
0.02195649355
0.02195649355
0.02195649355
0.02195649355
0.02195649355
0.02195649355
0.02195649355
0.02195649355
0.02195649355
0.02195649355
0.02195649355
0.02195649355
0.02195649355
0.02195649355
0.02195649355
0.02195649355
0.02195649355
0.02195649355
0.02195649355
0.02195649355
0.02195649355
0.02195649355
0.02195649355
0.02195649355
0.02195649355
0.02195649355
0.02195649355
0.02195649355
0.02195649355
0.02195649355
0.02195649355
0.02195649355
0.02195649355
0.02195649355
0.02195649355
0.02195649355
0.02195649355
0.02195649355
0.02195649355
0.02195649355
0.02195649355
0.02195649355
0.02195649355
0.02195649355
0.02195649355
0.02195649355
0.02195649355
0.02195649355
0.02195649355
0.02195649355
0.02195649355
0.02195649355
0.02195649355
0.02195649355
0.02195649355
0.02195649355
0.02195649355
0.02195649355
0.02195649355
0.02195649355
0.02195649355
0.02195649355
0.02195649355
0.02195649355
0.02195649355
0.02195649355
0.02195649355
0.02195649355
0.02195649355
0.02195649355
0.02195649355
0.02195649355
0.02195649355
0.02195649355
0.02195649355
0.02195649355
0.02195649355
0.02195649355
0.02195649355
0.02195649355
0.02195649355
0.02195649355
0.02195649355
0.3701001644
0.3699670711
0.3699578768
0.3697824182
0.3694473259
0.3689622202
0.3683379446
0.3675858908
0.3667172895
0.3657424711
0.3646701713
0.3635070131
0.362257368
0.3609238613
0.3595087794
0.3580164678
0.3564563476
0.3548453088
0.3532053191
0.3515654639
0.3499186989
0.3480925572
0.3444451569
0.3309056445
0.2737143562
0.02288548143
0.02195684348
0.02195649373
0.02195649355
0.02195649355
0.02195649355
0.02195649355
0.02195649355
0.02195649355
0.02195649355
0.02195649355
0.02195649355
0.02195649355
0.02195649355
0.02195649355
0.02195649355
0.02195649355
0.02195649355
0.02195649355
0.02195649355
0.02195649355
0.02195649355
0.02195649355
0.02195649355
0.02195649355
0.02195649355
0.02195649355
0.02195649355
0.02195649355
0.02195649355
0.02195649355
0.02195649355
0.02195649355
0.02195649355
0.02195649355
0.02195649355
0.02195649355
0.02195649355
0.02195649355
0.02195649355
0.02195649355
0.02195649355
0.02195649355
0.02195649355
0.02195649355
0.02195649355
0.02195649355
0.02195649355
0.02195649355
0.02195649355
0.02195649355
0.02195649355
0.02195649355
0.02195649355
0.02195649355
0.02195649355
0.02195649355
0.02195649355
0.02195649355
0.02195649355
0.02195649355
0.02195649355
0.02195649355
0.02195649355
0.02195649355
0.02195649355
0.02195649355
0.02195649355
0.02195649355
0.02195649355
0.02195649355
0.02195649355
0.02195649355
0.02195649355
0.02195649355
0.02195649355
0.02195649355
0.02195649355
0.02195649355
0.02195649355
0.02195649355
0.02195649355
0.02195649355
0.02195649355
0.02195649355
0.02195649355
0.02195649355
0.02195649355
0.02195649355
0.02195649355
0.02195649355
0.02195649355
0.02195649355
0.02195649355
0.02195649355
0.02195649355
0.02195649355
0.02195649355
0.02195649355
0.02195649355
0.02195649355
0.02195649355
0.02195649355
0.02195649355
0.02195649355
0.02195649355
0.02195649355
0.02195649355
0.02195649355
0.02195649355
0.02195649355
0.02195649355
0.02195649355
0.02195649355
0.02195649355
0.02195649355
0.02195649355
0.02195649355
0.02195649355
0.02195649355
0.02195649355
0.02195649355
0.02195649355
0.02195649355
0.02195649355
0.02195649355
0.02195649355
0.02195649355
0.02195649355
0.02195649355
0.02195649355
0.02195649355
0.02195649355
0.02195649355
0.02195649355
0.02195649355
0.02195649355
0.02195649355
0.02195649355
0.02195649355
0.02195649355
0.02195649355
0.02195649355
0.02195649355
0.02195649355
0.02195649355
0.02195649355
0.02195649355
0.02195649355
0.02195649355
0.02195649355
0.02195649355
0.02195649355
0.02195649355
0.02195649355
0.02195649355
0.02195649355
0.02195649355
0.02195649355
0.02195649355
0.02195649355
0.02195649355
0.02195649355
0.02195649355
0.02195649355
0.02195649355
0.02195649355
0.02195649355
0.02195649355
0.02195649355
0.02195649355
0.02195649355
0.02195649355
0.02195649355
0.02195649355
0.3695611521
0.3694380365
0.369430139
0.3692543155
0.3689173486
0.3684289199
0.367799889
0.3670416082
0.3661652148
0.365180924
0.3640974128
0.3629214379
0.3616578823
0.3603104429
0.3588830996
0.3573822515
0.3558188849
0.3542092692
0.3525700894
0.3509184073
0.3492303992
0.347334065
0.343798331
0.3313257252
0.2807627324
0.02295465206
0.02195687515
0.02195649375
0.02195649355
0.02195649355
0.02195649355
0.02195649355
0.02195649355
0.02195649355
0.02195649355
0.02195649355
0.02195649355
0.02195649355
0.02195649355
0.02195649355
0.02195649355
0.02195649355
0.02195649355
0.02195649355
0.02195649355
0.02195649355
0.02195649355
0.02195649355
0.02195649355
0.02195649355
0.02195649355
0.02195649355
0.02195649355
0.02195649355
0.02195649355
0.02195649355
0.02195649355
0.02195649355
0.02195649355
0.02195649355
0.02195649355
0.02195649355
0.02195649355
0.02195649355
0.02195649355
0.02195649355
0.02195649355
0.02195649355
0.02195649355
0.02195649355
0.02195649355
0.02195649355
0.02195649355
0.02195649355
0.02195649355
0.02195649355
0.02195649355
0.02195649355
0.02195649355
0.02195649355
0.02195649355
0.02195649355
0.02195649355
0.02195649355
0.02195649355
0.02195649355
0.02195649355
0.02195649355
0.02195649355
0.02195649355
0.02195649355
0.02195649355
0.02195649355
0.02195649355
0.02195649355
0.02195649355
0.02195649355
0.02195649355
0.02195649355
0.02195649355
0.02195649355
0.02195649355
0.02195649355
0.02195649355
0.02195649355
0.02195649355
0.02195649355
0.02195649355
0.02195649355
0.02195649355
0.02195649355
0.02195649355
0.02195649355
0.02195649355
0.02195649355
0.02195649355
0.02195649355
0.02195649355
0.02195649355
0.02195649355
0.02195649355
0.02195649355
0.02195649355
0.02195649355
0.02195649355
0.02195649355
0.02195649355
0.02195649355
0.02195649355
0.02195649355
0.02195649355
0.02195649355
0.02195649355
0.02195649355
0.02195649355
0.02195649355
0.02195649355
0.02195649355
0.02195649355
0.02195649355
0.02195649355
0.02195649355
0.02195649355
0.02195649355
0.02195649355
0.02195649355
0.02195649355
0.02195649355
0.02195649355
0.02195649355
0.02195649355
0.02195649355
0.02195649355
0.02195649355
0.02195649355
0.02195649355
0.02195649355
0.02195649355
0.02195649355
0.02195649355
0.02195649355
0.02195649355
0.02195649355
0.02195649355
0.02195649355
0.02195649355
0.02195649355
0.02195649355
0.02195649355
0.02195649355
0.02195649355
0.02195649355
0.02195649355
0.02195649355
0.02195649355
0.02195649355
0.02195649355
0.02195649355
0.02195649355
0.02195649355
0.02195649355
0.02195649355
0.02195649355
0.02195649355
0.02195649355
0.02195649355
0.02195649355
0.02195649355
0.02195649355
0.02195649355
0.02195649355
0.02195649355
0.02195649355
0.02195649355
0.02195649355
0.02195649355
0.02195649355
0.02195649355
0.02195649355
0.02195649355
0.3690184361
0.3689055525
0.3688991386
0.3687232056
0.3683846797
0.3678932966
0.3672599301
0.3664959024
0.3656122874
0.3646192431
0.3635254758
0.3623379793
0.3610622206
0.3597029193
0.3582654351
0.3567574688
0.3551902394
0.3535761741
0.3519332602
0.3502582121
0.3485130042
0.3465279001
0.343062193
0.3315430795
0.2866218806
0.02301531918
0.0219569037
0.02195649377
0.02195649355
0.02195649355
0.02195649355
0.02195649355
0.02195649355
0.02195649355
0.02195649355
0.02195649355
0.02195649355
0.02195649355
0.02195649355
0.02195649355
0.02195649355
0.02195649355
0.02195649355
0.02195649355
0.02195649355
0.02195649355
0.02195649355
0.02195649355
0.02195649355
0.02195649355
0.02195649355
0.02195649355
0.02195649355
0.02195649355
0.02195649355
0.02195649355
0.02195649355
0.02195649355
0.02195649355
0.02195649355
0.02195649355
0.02195649355
0.02195649355
0.02195649355
0.02195649355
0.02195649355
0.02195649355
0.02195649355
0.02195649355
0.02195649355
0.02195649355
0.02195649355
0.02195649355
0.02195649355
0.02195649355
0.02195649355
0.02195649355
0.02195649355
0.02195649355
0.02195649355
0.02195649355
0.02195649355
0.02195649355
0.02195649355
0.02195649355
0.02195649355
0.02195649355
0.02195649355
0.02195649355
0.02195649355
0.02195649355
0.02195649355
0.02195649355
0.02195649355
0.02195649355
0.02195649355
0.02195649355
0.02195649355
0.02195649355
0.02195649355
0.02195649355
0.02195649355
0.02195649355
0.02195649355
0.02195649355
0.02195649355
0.02195649355
0.02195649355
0.02195649355
0.02195649355
0.02195649355
0.02195649355
0.02195649355
0.02195649355
0.02195649355
0.02195649355
0.02195649355
0.02195649355
0.02195649355
0.02195649355
0.02195649355
0.02195649355
0.02195649355
0.02195649355
0.02195649355
0.02195649355
0.02195649355
0.02195649355
0.02195649355
0.02195649355
0.02195649355
0.02195649355
0.02195649355
0.02195649355
0.02195649355
0.02195649355
0.02195649355
0.02195649355
0.02195649355
0.02195649355
0.02195649355
0.02195649355
0.02195649355
0.02195649355
0.02195649355
0.02195649355
0.02195649355
0.02195649355
0.02195649355
0.02195649355
0.02195649355
0.02195649355
0.02195649355
0.02195649355
0.02195649355
0.02195649355
0.02195649355
0.02195649355
0.02195649355
0.02195649355
0.02195649355
0.02195649355
0.02195649355
0.02195649355
0.02195649355
0.02195649355
0.02195649355
0.02195649355
0.02195649355
0.02195649355
0.02195649355
0.02195649355
0.02195649355
0.02195649355
0.02195649355
0.02195649355
0.02195649355
0.02195649355
0.02195649355
0.02195649355
0.02195649355
0.02195649355
0.02195649355
0.02195649355
0.02195649355
0.02195649355
0.02195649355
0.02195649355
0.02195649355
0.02195649355
0.02195649355
0.02195649355
0.02195649355
0.02195649355
0.02195649355
0.02195649355
0.02195649355
0.02195649355
0.02195649355
0.02195649355
0.3684723256
0.3683698904
0.3683651377
0.3681893389
0.3678495576
0.3673555819
0.3667183063
0.3659490468
0.3650588638
0.3640579411
0.3629551297
0.3617577886
0.3604720593
0.3591036433
0.3576589802
0.356146386
0.3545762266
0.3529566835
0.3512980844
0.3495857929
0.3477689012
0.3456816829
0.3422542206
0.3315962763
0.2915709114
0.02308157328
0.02195693353
0.02195649379
0.02195649355
0.02195649355
0.02195649355
0.02195649355
0.02195649355
0.02195649355
0.02195649355
0.02195649355
0.02195649355
0.02195649355
0.02195649355
0.02195649355
0.02195649355
0.02195649355
0.02195649355
0.02195649355
0.02195649355
0.02195649355
0.02195649355
0.02195649355
0.02195649355
0.02195649355
0.02195649355
0.02195649355
0.02195649355
0.02195649355
0.02195649355
0.02195649355
0.02195649355
0.02195649355
0.02195649355
0.02195649355
0.02195649355
0.02195649355
0.02195649355
0.02195649355
0.02195649355
0.02195649355
0.02195649355
0.02195649355
0.02195649355
0.02195649355
0.02195649355
0.02195649355
0.02195649355
0.02195649355
0.02195649355
0.02195649355
0.02195649355
0.02195649355
0.02195649355
0.02195649355
0.02195649355
0.02195649355
0.02195649355
0.02195649355
0.02195649355
0.02195649355
0.02195649355
0.02195649355
0.02195649355
0.02195649355
0.02195649355
0.02195649355
0.02195649355
0.02195649355
0.02195649355
0.02195649355
0.02195649355
0.02195649355
0.02195649355
0.02195649355
0.02195649355
0.02195649355
0.02195649355
0.02195649355
0.02195649355
0.02195649355
0.02195649355
0.02195649355
0.02195649355
0.02195649355
0.02195649355
0.02195649355
0.02195649355
0.02195649355
0.02195649355
0.02195649355
0.02195649355
0.02195649355
0.02195649355
0.02195649355
0.02195649355
0.02195649355
0.02195649355
0.02195649355
0.02195649355
0.02195649355
0.02195649355
0.02195649355
0.02195649355
0.02195649355
0.02195649355
0.02195649355
0.02195649355
0.02195649355
0.02195649355
0.02195649355
0.02195649355
0.02195649355
0.02195649355
0.02195649355
0.02195649355
0.02195649355
0.02195649355
0.02195649355
0.02195649355
0.02195649355
0.02195649355
0.02195649355
0.02195649355
0.02195649355
0.02195649355
0.02195649355
0.02195649355
0.02195649355
0.02195649355
0.02195649355
0.02195649355
0.02195649355
0.02195649355
0.02195649355
0.02195649355
0.02195649355
0.02195649355
0.02195649355
0.02195649355
0.02195649355
0.02195649355
0.02195649355
0.02195649355
0.02195649355
0.02195649355
0.02195649355
0.02195649355
0.02195649355
0.02195649355
0.02195649355
0.02195649355
0.02195649355
0.02195649355
0.02195649355
0.02195649355
0.02195649355
0.02195649355
0.02195649355
0.02195649355
0.02195649355
0.02195649355
0.02195649355
0.02195649355
0.02195649355
0.02195649355
0.02195649355
0.02195649355
0.02195649355
0.02195649355
0.02195649355
0.02195649355
0.02195649355
0.02195649355
0.02195649355
0.3679229781
0.3678311649
0.3678282233
0.3676527592
0.3673119649
0.3668156741
0.3661748019
0.3654006683
0.364504345
0.3634960803
0.3623849104
0.3611785715
0.3598838054
0.3585070533
0.3570553303
0.3555367367
0.3539586004
0.3523305677
0.3506493113
0.3488912705
0.3469985885
0.344821661
0.3414747607
0.3317935644
0.2963927687
0.05548459767
0.02197175764
0.02195649833
0.02195649355
0.02195649355
0.02195649355
0.02195649355
0.02195649355
0.02195649355
0.02195649355
0.02195649355
0.02195649355
0.02195649355
0.02195649355
0.02195649355
0.02195649355
0.02195649355
0.02195649355
0.02195649355
0.02195649355
0.02195649355
0.02195649355
0.02195649355
0.02195649355
0.02195649355
0.02195649355
0.02195649355
0.02195649355
0.02195649355
0.02195649355
0.02195649355
0.02195649355
0.02195649355
0.02195649355
0.02195649355
0.02195649355
0.02195649355
0.02195649355
0.02195649355
0.02195649355
0.02195649355
0.02195649355
0.02195649355
0.02195649355
0.02195649355
0.02195649355
0.02195649355
0.02195649355
0.02195649355
0.02195649355
0.02195649355
0.02195649355
0.02195649355
0.02195649355
0.02195649355
0.02195649355
0.02195649355
0.02195649355
0.02195649355
0.02195649355
0.02195649355
0.02195649355
0.02195649355
0.02195649355
0.02195649355
0.02195649355
0.02195649355
0.02195649355
0.02195649355
0.02195649355
0.02195649355
0.02195649355
0.02195649355
0.02195649355
0.02195649355
0.02195649355
0.02195649355
0.02195649355
0.02195649355
0.02195649355
0.02195649355
0.02195649355
0.02195649355
0.02195649355
0.02195649355
0.02195649355
0.02195649355
0.02195649355
0.02195649355
0.02195649355
0.02195649355
0.02195649355
0.02195649355
0.02195649355
0.02195649355
0.02195649355
0.02195649355
0.02195649355
0.02195649355
0.02195649355
0.02195649355
0.02195649355
0.02195649355
0.02195649355
0.02195649355
0.02195649355
0.02195649355
0.02195649355
0.02195649355
0.02195649355
0.02195649355
0.02195649355
0.02195649355
0.02195649355
0.02195649355
0.02195649355
0.02195649355
0.02195649355
0.02195649355
0.02195649355
0.02195649355
0.02195649355
0.02195649355
0.02195649355
0.02195649355
0.02195649355
0.02195649355
0.02195649355
0.02195649355
0.02195649355
0.02195649355
0.02195649355
0.02195649355
0.02195649355
0.02195649355
0.02195649355
0.02195649355
0.02195649355
0.02195649355
0.02195649355
0.02195649355
0.02195649355
0.02195649355
0.02195649355
0.02195649355
0.02195649355
0.02195649355
0.02195649355
0.02195649355
0.02195649355
0.02195649355
0.02195649355
0.02195649355
0.02195649355
0.02195649355
0.02195649355
0.02195649355
0.02195649355
0.02195649355
0.02195649355
0.02195649355
0.02195649355
0.02195649355
0.02195649355
0.02195649355
0.02195649355
0.02195649355
0.02195649355
0.02195649355
0.02195649355
0.02195649355
0.02195649355
0.02195649355
0.02195649355
0.02195649355
0.367370439
0.3672893829
0.367288375
0.367113407
0.3667717919
0.3662734064
0.3656291903
0.3648504857
0.3639484095
0.3629333235
0.3618145002
0.3606000759
0.3592973368
0.3579132645
0.3564550551
0.3549300365
0.3533423088
0.3516988616
0.3499884202
0.3481820541
0.3462241067
0.3439975607
0.3408132578
0.3322228134
0.3011511394
0.0991863094
0.02202278199
0.02195651382
0.02195649356
0.02195649355
0.02195649355
0.02195649355
0.02195649355
0.02195649355
0.02195649355
0.02195649355
0.02195649355
0.02195649355
0.02195649355
0.02195649355
0.02195649355
0.02195649355
0.02195649355
0.02195649355
0.02195649355
0.02195649355
0.02195649355
0.02195649355
0.02195649355
0.02195649355
0.02195649355
0.02195649355
0.02195649355
0.02195649355
0.02195649355
0.02195649355
0.02195649355
0.02195649355
0.02195649355
0.02195649355
0.02195649355
0.02195649355
0.02195649355
0.02195649355
0.02195649355
0.02195649355
0.02195649355
0.02195649355
0.02195649355
0.02195649355
0.02195649355
0.02195649355
0.02195649355
0.02195649355
0.02195649355
0.02195649355
0.02195649355
0.02195649355
0.02195649355
0.02195649355
0.02195649355
0.02195649355
0.02195649355
0.02195649355
0.02195649355
0.02195649355
0.02195649355
0.02195649355
0.02195649355
0.02195649355
0.02195649355
0.02195649355
0.02195649355
0.02195649355
0.02195649355
0.02195649355
0.02195649355
0.02195649355
0.02195649355
0.02195649355
0.02195649355
0.02195649355
0.02195649355
0.02195649355
0.02195649355
0.02195649355
0.02195649355
0.02195649355
0.02195649355
0.02195649355
0.02195649355
0.02195649355
0.02195649355
0.02195649355
0.02195649355
0.02195649355
0.02195649355
0.02195649355
0.02195649355
0.02195649355
0.02195649355
0.02195649355
0.02195649355
0.02195649355
0.02195649355
0.02195649355
0.02195649355
0.02195649355
0.02195649355
0.02195649355
0.02195649355
0.02195649355
0.02195649355
0.02195649355
0.02195649355
0.02195649355
0.02195649355
0.02195649355
0.02195649355
0.02195649355
0.02195649355
0.02195649355
0.02195649355
0.02195649355
0.02195649355
0.02195649355
0.02195649355
0.02195649355
0.02195649355
0.02195649355
0.02195649355
0.02195649355
0.02195649355
0.02195649355
0.02195649355
0.02195649355
0.02195649355
0.02195649355
0.02195649355
0.02195649355
0.02195649355
0.02195649355
0.02195649355
0.02195649355
0.02195649355
0.02195649355
0.02195649355
0.02195649355
0.02195649355
0.02195649355
0.02195649355
0.02195649355
0.02195649355
0.02195649355
0.02195649355
0.02195649355
0.02195649355
0.02195649355
0.02195649355
0.02195649355
0.02195649355
0.02195649355
0.02195649355
0.02195649355
0.02195649355
0.02195649355
0.02195649355
0.02195649355
0.02195649355
0.02195649355
0.02195649355
0.02195649355
0.02195649355
0.02195649355
0.02195649355
0.02195649355
0.02195649355
0.02195649355
0.02195649355
0.02195649355
0.3668146657
0.3667444743
0.3667454961
0.366571145
0.3662288471
0.3657285173
0.3650811216
0.3642980341
0.3633904354
0.3623688217
0.3612427067
0.3600205853
0.3587101559
0.3573186719
0.3558530913
0.354318813
0.3527207239
0.3510583949
0.349317021
0.3474673071
0.3454648117
0.3432347975
0.3402691508
0.3327489138
0.3055137325
0.1382933785
0.02211077575
0.02195654214
0.02195649357
0.02195649355
0.02195649355
0.02195649355
0.02195649355
0.02195649355
0.02195649355
0.02195649355
0.02195649355
0.02195649355
0.02195649355
0.02195649355
0.02195649355
0.02195649355
0.02195649355
0.02195649355
0.02195649355
0.02195649355
0.02195649355
0.02195649355
0.02195649355
0.02195649355
0.02195649355
0.02195649355
0.02195649355
0.02195649355
0.02195649355
0.02195649355
0.02195649355
0.02195649355
0.02195649355
0.02195649355
0.02195649355
0.02195649355
0.02195649355
0.02195649355
0.02195649355
0.02195649355
0.02195649355
0.02195649355
0.02195649355
0.02195649355
0.02195649355
0.02195649355
0.02195649355
0.02195649355
0.02195649355
0.02195649355
0.02195649355
0.02195649355
0.02195649355
0.02195649355
0.02195649355
0.02195649355
0.02195649355
0.02195649355
0.02195649355
0.02195649355
0.02195649355
0.02195649355
0.02195649355
0.02195649355
0.02195649355
0.02195649355
0.02195649355
0.02195649355
0.02195649355
0.02195649355
0.02195649355
0.02195649355
0.02195649355
0.02195649355
0.02195649355
0.02195649355
0.02195649355
0.02195649355
0.02195649355
0.02195649355
0.02195649355
0.02195649355
0.02195649355
0.02195649355
0.02195649355
0.02195649355
0.02195649355
0.02195649355
0.02195649355
0.02195649355
0.02195649355
0.02195649355
0.02195649355
0.02195649355
0.02195649355
0.02195649355
0.02195649355
0.02195649355
0.02195649355
0.02195649355
0.02195649355
0.02195649355
0.02195649355
0.02195649355
0.02195649355
0.02195649355
0.02195649355
0.02195649355
0.02195649355
0.02195649355
0.02195649355
0.02195649355
0.02195649355
0.02195649355
0.02195649355
0.02195649355
0.02195649355
0.02195649355
0.02195649355
0.02195649355
0.02195649355
0.02195649355
0.02195649355
0.02195649355
0.02195649355
0.02195649355
0.02195649355
0.02195649355
0.02195649355
0.02195649355
0.02195649355
0.02195649355
0.02195649355
0.02195649355
0.02195649355
0.02195649355
0.02195649355
0.02195649355
0.02195649355
0.02195649355
0.02195649355
0.02195649355
0.02195649355
0.02195649355
0.02195649355
0.02195649355
0.02195649355
0.02195649355
0.02195649355
0.02195649355
0.02195649355
0.02195649355
0.02195649355
0.02195649355
0.02195649355
0.02195649355
0.02195649355
0.02195649355
0.02195649355
0.02195649355
0.02195649355
0.02195649355
0.02195649355
0.02195649355
0.02195649355
0.02195649355
0.02195649355
0.02195649355
0.02195649355
0.02195649355
0.02195649355
0.02195649355
0.02195649355
0.02195649355
0.3662555865
0.3661963464
0.3661994757
0.3660258389
0.3656829688
0.365180816
0.3645303771
0.3637430684
0.3628301508
0.3618022671
0.3606691642
0.3594396379
0.3581216616
0.3567225301
0.35524868
0.3537030605
0.3520923686
0.3504095068
0.348638926
0.3467556477
0.3447319492
0.3425346692
0.3398007855
0.333238287
0.3093088879
0.1709725841
0.02222390737
0.02195658101
0.02195649359
0.02195649355
0.02195649355
0.02195649355
0.02195649355
0.02195649355
0.02195649355
0.02195649355
0.02195649355
0.02195649355
0.02195649355
0.02195649355
0.02195649355
0.02195649355
0.02195649355
0.02195649355
0.02195649355
0.02195649355
0.02195649355
0.02195649355
0.02195649355
0.02195649355
0.02195649355
0.02195649355
0.02195649355
0.02195649355
0.02195649355
0.02195649355
0.02195649355
0.02195649355
0.02195649355
0.02195649355
0.02195649355
0.02195649355
0.02195649355
0.02195649355
0.02195649355
0.02195649355
0.02195649355
0.02195649355
0.02195649355
0.02195649355
0.02195649355
0.02195649355
0.02195649355
0.02195649355
0.02195649355
0.02195649355
0.02195649355
0.02195649355
0.02195649355
0.02195649355
0.02195649355
0.02195649355
0.02195649355
0.02195649355
0.02195649355
0.02195649355
0.02195649355
0.02195649355
0.02195649355
0.02195649355
0.02195649355
0.02195649355
0.02195649355
0.02195649355
0.02195649355
0.02195649355
0.02195649355
0.02195649355
0.02195649355
0.02195649355
0.02195649355
0.02195649355
0.02195649355
0.02195649355
0.02195649355
0.02195649355
0.02195649355
0.02195649355
0.02195649355
0.02195649355
0.02195649355
0.02195649355
0.02195649355
0.02195649355
0.02195649355
0.02195649355
0.02195649355
0.02195649355
0.02195649355
0.02195649355
0.02195649355
0.02195649355
0.02195649355
0.02195649355
0.02195649355
0.02195649355
0.02195649355
0.02195649355
0.02195649355
0.02195649355
0.02195649355
0.02195649355
0.02195649355
0.02195649355
0.02195649355
0.02195649355
0.02195649355
0.02195649355
0.02195649355
0.02195649355
0.02195649355
0.02195649355
0.02195649355
0.02195649355
0.02195649355
0.02195649355
0.02195649355
0.02195649355
0.02195649355
0.02195649355
0.02195649355
0.02195649355
0.02195649355
0.02195649355
0.02195649355
0.02195649355
0.02195649355
0.02195649355
0.02195649355
0.02195649355
0.02195649355
0.02195649355
0.02195649355
0.02195649355
0.02195649355
0.02195649355
0.02195649355
0.02195649355
0.02195649355
0.02195649355
0.02195649355
0.02195649355
0.02195649355
0.02195649355
0.02195649355
0.02195649355
0.02195649355
0.02195649355
0.02195649355
0.02195649355
0.02195649355
0.02195649355
0.02195649355
0.02195649355
0.02195649355
0.02195649355
0.02195649355
0.02195649355
0.02195649355
0.02195649355
0.02195649355
0.02195649355
0.02195649355
0.02195649355
0.02195649355
0.02195649355
0.02195649355
0.02195649355
0.02195649355
0.02195649355
0.3656931034
0.3656448975
0.3656502047
0.3654773691
0.3651340266
0.3646301653
0.3639768189
0.3631854604
0.3622674483
0.3612335854
0.3600938433
0.3588572673
0.3575319912
0.3561251788
0.3546423251
0.3530860544
0.3514600496
0.349756229
0.3479604222
0.3460551119
0.3440304217
0.3418862257
0.3393627795
0.3336065056
0.312494253
0.1977584638
0.02234875912
0.0219566266
0.02195649361
0.02195649355
0.02195649355
0.02195649355
0.02195649355
0.02195649355
0.02195649355
0.02195649355
0.02195649355
0.02195649355
0.02195649355
0.02195649355
0.02195649355
0.02195649355
0.02195649355
0.02195649355
0.02195649355
0.02195649355
0.02195649355
0.02195649355
0.02195649355
0.02195649355
0.02195649355
0.02195649355
0.02195649355
0.02195649355
0.02195649355
0.02195649355
0.02195649355
0.02195649355
0.02195649355
0.02195649355
0.02195649355
0.02195649355
0.02195649355
0.02195649355
0.02195649355
0.02195649355
0.02195649355
0.02195649355
0.02195649355
0.02195649355
0.02195649355
0.02195649355
0.02195649355
0.02195649355
0.02195649355
0.02195649355
0.02195649355
0.02195649355
0.02195649355
0.02195649355
0.02195649355
0.02195649355
0.02195649355
0.02195649355
0.02195649355
0.02195649355
0.02195649355
0.02195649355
0.02195649355
0.02195649355
0.02195649355
0.02195649355
0.02195649355
0.02195649355
0.02195649355
0.02195649355
0.02195649355
0.02195649355
0.02195649355
0.02195649355
0.02195649355
0.02195649355
0.02195649355
0.02195649355
0.02195649355
0.02195649355
0.02195649355
0.02195649355
0.02195649355
0.02195649355
0.02195649355
0.02195649355
0.02195649355
0.02195649355
0.02195649355
0.02195649355
0.02195649355
0.02195649355
0.02195649355
0.02195649355
0.02195649355
0.02195649355
0.02195649355
0.02195649355
0.02195649355
0.02195649355
0.02195649355
0.02195649355
0.02195649355
0.02195649355
0.02195649355
0.02195649355
0.02195649355
0.02195649355
0.02195649355
0.02195649355
0.02195649355
0.02195649355
0.02195649355
0.02195649355
0.02195649355
0.02195649355
0.02195649355
0.02195649355
0.02195649355
0.02195649355
0.02195649355
0.02195649355
0.02195649355
0.02195649355
0.02195649355
0.02195649355
0.02195649355
0.02195649355
0.02195649355
0.02195649355
0.02195649355
0.02195649355
0.02195649355
0.02195649355
0.02195649355
0.02195649355
0.02195649355
0.02195649355
0.02195649355
0.02195649355
0.02195649355
0.02195649355
0.02195649355
0.02195649355
0.02195649355
0.02195649355
0.02195649355
0.02195649355
0.02195649355
0.02195649355
0.02195649355
0.02195649355
0.02195649355
0.02195649355
0.02195649355
0.02195649355
0.02195649355
0.02195649355
0.02195649355
0.02195649355
0.02195649355
0.02195649355
0.02195649355
0.02195649355
0.02195649355
0.02195649355
0.02195649355
0.02195649355
0.02195649355
0.02195649355
0.02195649355
0.02195649355
0.02195649355
0.02195649355
0.365127129
0.3650900395
0.3650975885
0.364925632
0.3645819038
0.3640764276
0.3634202735
0.3626249686
0.3617019598
0.3606621808
0.3595157651
0.3582718962
0.3569387086
0.3555230551
0.3540283939
0.3524625365
0.3508220888
0.349099886
0.3472851044
0.3453690615
0.3433573426
0.3412707145
0.3389149046
0.3338056178
0.3150755652
0.2194585011
0.02247448724
0.0219566751
0.02195649364
0.02195649355
0.02195649355
0.02195649355
0.02195649355
0.02195649355
0.02195649355
0.02195649355
0.02195649355
0.02195649355
0.02195649355
0.02195649355
0.02195649355
0.02195649355
0.02195649355
0.02195649355
0.02195649355
0.02195649355
0.02195649355
0.02195649355
0.02195649355
0.02195649355
0.02195649355
0.02195649355
0.02195649355
0.02195649355
0.02195649355
0.02195649355
0.02195649355
0.02195649355
0.02195649355
0.02195649355
0.02195649355
0.02195649355
0.02195649355
0.02195649355
0.02195649355
0.02195649355
0.02195649355
0.02195649355
0.02195649355
0.02195649355
0.02195649355
0.02195649355
0.02195649355
0.02195649355
0.02195649355
0.02195649355
0.02195649355
0.02195649355
0.02195649355
0.02195649355
0.02195649355
0.02195649355
0.02195649355
0.02195649355
0.02195649355
0.02195649355
0.02195649355
0.02195649355
0.02195649355
0.02195649355
0.02195649355
0.02195649355
0.02195649355
0.02195649355
0.02195649355
0.02195649355
0.02195649355
0.02195649355
0.02195649355
0.02195649355
0.02195649355
0.02195649355
0.02195649355
0.02195649355
0.02195649355
0.02195649355
0.02195649355
0.02195649355
0.02195649355
0.02195649355
0.02195649355
0.02195649355
0.02195649355
0.02195649355
0.02195649355
0.02195649355
0.02195649355
0.02195649355
0.02195649355
0.02195649355
0.02195649355
0.02195649355
0.02195649355
0.02195649355
0.02195649355
0.02195649355
0.02195649355
0.02195649355
0.02195649355
0.02195649355
0.02195649355
0.02195649355
0.02195649355
0.02195649355
0.02195649355
0.02195649355
0.02195649355
0.02195649355
0.02195649355
0.02195649355
0.02195649355
0.02195649355
0.02195649355
0.02195649355
0.02195649355
0.02195649355
0.02195649355
0.02195649355
0.02195649355
0.02195649355
0.02195649355
0.02195649355
0.02195649355
0.02195649355
0.02195649355
0.02195649355
0.02195649355
0.02195649355
0.02195649355
0.02195649355
0.02195649355
0.02195649355
0.02195649355
0.02195649355
0.02195649355
0.02195649355
0.02195649355
0.02195649355
0.02195649355
0.02195649355
0.02195649355
0.02195649355
0.02195649355
0.02195649355
0.02195649355
0.02195649355
0.02195649355
0.02195649355
0.02195649355
0.02195649355
0.02195649355
0.02195649355
0.02195649355
0.02195649355
0.02195649355
0.02195649355
0.02195649355
0.02195649355
0.02195649355
0.02195649355
0.02195649355
0.02195649355
0.02195649355
0.02195649355
0.02195649355
0.02195649355
0.02195649355
0.02195649355
0.02195649355
0.02195649355
0.3645576049
0.3645317206
0.3645415835
0.3643706011
0.3640266076
0.3635196704
0.3628609113
0.3620619335
0.3611342968
0.360089087
0.3589366049
0.3576861545
0.3563458368
0.3549222008
0.3534175324
0.3518390494
0.3501833626
0.3484446293
0.3466161662
0.3446974521
0.342704728
0.3406671706
0.3384263968
0.3338142972
0.3170847724
0.2368342259
0.02259358589
0.0219567235
0.02195649366
0.02195649355
0.02195649355
0.02195649355
0.02195649355
0.02195649355
0.02195649355
0.02195649355
0.02195649355
0.02195649355
0.02195649355
0.02195649355
0.02195649355
0.02195649355
0.02195649355
0.02195649355
0.02195649355
0.02195649355
0.02195649355
0.02195649355
0.02195649355
0.02195649355
0.02195649355
0.02195649355
0.02195649355
0.02195649355
0.02195649355
0.02195649355
0.02195649355
0.02195649355
0.02195649355
0.02195649355
0.02195649355
0.02195649355
0.02195649355
0.02195649355
0.02195649355
0.02195649355
0.02195649355
0.02195649355
0.02195649355
0.02195649355
0.02195649355
0.02195649355
0.02195649355
0.02195649355
0.02195649355
0.02195649355
0.02195649355
0.02195649355
0.02195649355
0.02195649355
0.02195649355
0.02195649355
0.02195649355
0.02195649355
0.02195649355
0.02195649355
0.02195649355
0.02195649355
0.02195649355
0.02195649355
0.02195649355
0.02195649355
0.02195649355
0.02195649355
0.02195649355
0.02195649355
0.02195649355
0.02195649355
0.02195649355
0.02195649355
0.02195649355
0.02195649355
0.02195649355
0.02195649355
0.02195649355
0.02195649355
0.02195649355
0.02195649355
0.02195649355
0.02195649355
0.02195649355
0.02195649355
0.02195649355
0.02195649355
0.02195649355
0.02195649355
0.02195649355
0.02195649355
0.02195649355
0.02195649355
0.02195649355
0.02195649355
0.02195649355
0.02195649355
0.02195649355
0.02195649355
0.02195649355
0.02195649355
0.02195649355
0.02195649355
0.02195649355
0.02195649355
0.02195649355
0.02195649355
0.02195649355
0.02195649355
0.02195649355
0.02195649355
0.02195649355
0.02195649355
0.02195649355
0.02195649355
0.02195649355
0.02195649355
0.02195649355
0.02195649355
0.02195649355
0.02195649355
0.02195649355
0.02195649355
0.02195649355
0.02195649355
0.02195649355
0.02195649355
0.02195649355
0.02195649355
0.02195649355
0.02195649355
0.02195649355
0.02195649355
0.02195649355
0.02195649355
0.02195649355
0.02195649355
0.02195649355
0.02195649355
0.02195649355
0.02195649355
0.02195649355
0.02195649355
0.02195649355
0.02195649355
0.02195649355
0.02195649355
0.02195649355
0.02195649355
0.02195649355
0.02195649355
0.02195649355
0.02195649355
0.02195649355
0.02195649355
0.02195649355
0.02195649355
0.02195649355
0.02195649355
0.02195649355
0.02195649355
0.02195649355
0.02195649355
0.02195649355
0.02195649355
0.02195649355
0.02195649355
0.02195649355
0.02195649355
0.02195649355
0.02195649355
0.02195649355
0.02195649355
0.3639844729
0.3639698835
0.3639821202
0.3638121829
0.363467999
0.3629596717
0.3622983618
0.3614957264
0.3605633994
0.3595125534
0.3583535592
0.3570957124
0.3557469348
0.3543120318
0.3527998743
0.3512105195
0.3495418546
0.3477901411
0.3459531093
0.3440366967
0.3420623482
0.3400571872
0.3378781891
0.3336320693
0.3185781132
0.2506202861
0.0227017313
0.02195676969
0.02195649369
0.02195649355
0.02195649355
0.02195649355
0.02195649355
0.02195649355
0.02195649355
0.02195649355
0.02195649355
0.02195649355
0.02195649355
0.02195649355
0.02195649355
0.02195649355
0.02195649355
0.02195649355
0.02195649355
0.02195649355
0.02195649355
0.02195649355
0.02195649355
0.02195649355
0.02195649355
0.02195649355
0.02195649355
0.02195649355
0.02195649355
0.02195649355
0.02195649355
0.02195649355
0.02195649355
0.02195649355
0.02195649355
0.02195649355
0.02195649355
0.02195649355
0.02195649355
0.02195649355
0.02195649355
0.02195649355
0.02195649355
0.02195649355
0.02195649355
0.02195649355
0.02195649355
0.02195649355
0.02195649355
0.02195649355
0.02195649355
0.02195649355
0.02195649355
0.02195649355
0.02195649355
0.02195649355
0.02195649355
0.02195649355
0.02195649355
0.02195649355
0.02195649355
0.02195649355
0.02195649355
0.02195649355
0.02195649355
0.02195649355
0.02195649355
0.02195649355
0.02195649355
0.02195649355
0.02195649355
0.02195649355
0.02195649355
0.02195649355
0.02195649355
0.02195649355
0.02195649355
0.02195649355
0.02195649355
0.02195649355
0.02195649355
0.02195649355
0.02195649355
0.02195649355
0.02195649355
0.02195649355
0.02195649355
0.02195649355
0.02195649355
0.02195649355
0.02195649355
0.02195649355
0.02195649355
0.02195649355
0.02195649355
0.02195649355
0.02195649355
0.02195649355
0.02195649355
0.02195649355
0.02195649355
0.02195649355
0.02195649355
0.02195649355
0.02195649355
0.02195649355
0.02195649355
0.02195649355
0.02195649355
0.02195649355
0.02195649355
0.02195649355
0.02195649355
0.02195649355
0.02195649355
0.02195649355
0.02195649355
0.02195649355
0.02195649355
0.02195649355
0.02195649355
0.02195649355
0.02195649355
0.02195649355
0.02195649355
0.02195649355
0.02195649355
0.02195649355
0.02195649355
0.02195649355
0.02195649355
0.02195649355
0.02195649355
0.02195649355
0.02195649355
0.02195649355
0.02195649355
0.02195649355
0.02195649355
0.02195649355
0.02195649355
0.02195649355
0.02195649355
0.02195649355
0.02195649355
0.02195649355
0.02195649355
0.02195649355
0.02195649355
0.02195649355
0.02195649355
0.02195649355
0.02195649355
0.02195649355
0.02195649355
0.02195649355
0.02195649355
0.02195649355
0.02195649355
0.02195649355
0.02195649355
0.02195649355
0.02195649355
0.02195649355
0.02195649355
0.02195649355
0.02195649355
0.02195649355
0.02195649355
0.02195649355
0.02195649355
0.02195649355
0.02195649355
0.02195649355
0.3634077473
0.3634045604
0.3634192584
0.3632504866
0.3629062704
0.3623967594
0.36173317
0.3609272347
0.3599906853
0.3589348039
0.3577700495
0.3565057306
0.3551496531
0.3537057292
0.3521831659
0.3505819067
0.3489008572
0.3471383977
0.345295902
0.3433831298
0.3414213701
0.3394279545
0.3372624657
0.3332733026
0.319629334
0.2615297666
0.02279726797
0.02195681245
0.02195649372
0.02195649355
0.02195649355
0.02195649355
0.02195649355
0.02195649355
0.02195649355
0.02195649355
0.02195649355
0.02195649355
0.02195649355
0.02195649355
0.02195649355
0.02195649355
0.02195649355
0.02195649355
0.02195649355
0.02195649355
0.02195649355
0.02195649355
0.02195649355
0.02195649355
0.02195649355
0.02195649355
0.02195649355
0.02195649355
0.02195649355
0.02195649355
0.02195649355
0.02195649355
0.02195649355
0.02195649355
0.02195649355
0.02195649355
0.02195649355
0.02195649355
0.02195649355
0.02195649355
0.02195649355
0.02195649355
0.02195649355
0.02195649355
0.02195649355
0.02195649355
0.02195649355
0.02195649355
0.02195649355
0.02195649355
0.02195649355
0.02195649355
0.02195649355
0.02195649355
0.02195649355
0.02195649355
0.02195649355
0.02195649355
0.02195649355
0.02195649355
0.02195649355
0.02195649355
0.02195649355
0.02195649355
0.02195649355
0.02195649355
0.02195649355
0.02195649355
0.02195649355
0.02195649355
0.02195649355
0.02195649355
0.02195649355
0.02195649355
0.02195649355
0.02195649355
0.02195649355
0.02195649355
0.02195649355
0.02195649355
0.02195649355
0.02195649355
0.02195649355
0.02195649355
0.02195649355
0.02195649355
0.02195649355
0.02195649355
0.02195649355
0.02195649355
0.02195649355
0.02195649355
0.02195649355
0.02195649355
0.02195649355
0.02195649355
0.02195649355
0.02195649355
0.02195649355
0.02195649355
0.02195649355
0.02195649355
0.02195649355
0.02195649355
0.02195649355
0.02195649355
0.02195649355
0.02195649355
0.02195649355
0.02195649355
0.02195649355
0.02195649355
0.02195649355
0.02195649355
0.02195649355
0.02195649355
0.02195649355
0.02195649355
0.02195649355
0.02195649355
0.02195649355
0.02195649355
0.02195649355
0.02195649355
0.02195649355
0.02195649355
0.02195649355
0.02195649355
0.02195649355
0.02195649355
0.02195649355
0.02195649355
0.02195649355
0.02195649355
0.02195649355
0.02195649355
0.02195649355
0.02195649355
0.02195649355
0.02195649355
0.02195649355
0.02195649355
0.02195649355
0.02195649355
0.02195649355
0.02195649355
0.02195649355
0.02195649355
0.02195649355
0.02195649355
0.02195649355
0.02195649355
0.02195649355
0.02195649355
0.02195649355
0.02195649355
0.02195649355
0.02195649355
0.02195649355
0.02195649355
0.02195649355
0.02195649355
0.02195649355
0.02195649355
0.02195649355
0.02195649355
0.02195649355
0.02195649355
0.02195649355
0.02195649355
0.02195649355
0.02195649355
0.02195649355
0.02195649355
0.36282742
0.3628357391
0.3628529732
0.3626854616
0.3623413188
0.3618307307
0.3611649516
0.3603557614
0.3594149454
0.3583538304
0.357182881
0.355911324
0.3545457531
0.3530951508
0.3515635437
0.3499519666
0.3482605653
0.3464898363
0.3446437964
0.3427333579
0.3407752454
0.3387721633
0.3365795585
0.3327601049
0.3203162015
0.2702098619
0.02288041801
0.02195685131
0.02195649374
0.02195649355
0.02195649355
0.02195649355
0.02195649355
0.02195649355
0.02195649355
0.02195649355
0.02195649355
0.02195649355
0.02195649355
0.02195649355
0.02195649355
0.02195649355
0.02195649355
0.02195649355
0.02195649355
0.02195649355
0.02195649355
0.02195649355
0.02195649355
0.02195649355
0.02195649355
0.02195649355
0.02195649355
0.02195649355
0.02195649355
0.02195649355
0.02195649355
0.02195649355
0.02195649355
0.02195649355
0.02195649355
0.02195649355
0.02195649355
0.02195649355
0.02195649355
0.02195649355
0.02195649355
0.02195649355
0.02195649355
0.02195649355
0.02195649355
0.02195649355
0.02195649355
0.02195649355
0.02195649355
0.02195649355
0.02195649355
0.02195649355
0.02195649355
0.02195649355
0.02195649355
0.02195649355
0.02195649355
0.02195649355
0.02195649355
0.02195649355
0.02195649355
0.02195649355
0.02195649355
0.02195649355
0.02195649355
0.02195649355
0.02195649355
0.02195649355
0.02195649355
0.02195649355
0.02195649355
0.02195649355
0.02195649355
0.02195649355
0.02195649355
0.02195649355
0.02195649355
0.02195649355
0.02195649355
0.02195649355
0.02195649355
0.02195649355
0.02195649355
0.02195649355
0.02195649355
0.02195649355
0.02195649355
0.02195649355
0.02195649355
0.02195649355
0.02195649355
0.02195649355
0.02195649355
0.02195649355
0.02195649355
0.02195649355
0.02195649355
0.02195649355
0.02195649355
0.02195649355
0.02195649355
0.02195649355
0.02195649355
0.02195649355
0.02195649355
0.02195649355
0.02195649355
0.02195649355
0.02195649355
0.02195649355
0.02195649355
0.02195649355
0.02195649355
0.02195649355
0.02195649355
0.02195649355
0.02195649355
0.02195649355
0.02195649355
0.02195649355
0.02195649355
0.02195649355
0.02195649355
0.02195649355
0.02195649355
0.02195649355
0.02195649355
0.02195649355
0.02195649355
0.02195649355
0.02195649355
0.02195649355
0.02195649355
0.02195649355
0.02195649355
0.02195649355
0.02195649355
0.02195649355
0.02195649355
0.02195649355
0.02195649355
0.02195649355
0.02195649355
0.02195649355
0.02195649355
0.02195649355
0.02195649355
0.02195649355
0.02195649355
0.02195649355
0.02195649355
0.02195649355
0.02195649355
0.02195649355
0.02195649355
0.02195649355
0.02195649355
0.02195649355
0.02195649355
0.02195649355
0.02195649355
0.02195649355
0.02195649355
0.02195649355
0.02195649355
0.02195649355
0.02195649355
0.02195649355
0.02195649355
0.02195649355
0.02195649355
0.02195649355
0.02195649355
0.02195649355
0.362243513
0.3622634649
0.3622833504
0.3621172601
0.3617734013
0.3612620036
0.3605943696
0.3597823376
0.358837758
0.357772014
0.3565955927
0.355317685
0.3539439893
0.3524855278
0.350944716
0.3493235027
0.3476231359
0.3458456992
0.3439964306
0.3420847849
0.3401195762
0.3380864829
0.3358342246
0.3321162483
0.3207085723
0.2771985741
0.02295449383
0.02195688676
0.02195649377
0.02195649355
0.02195649355
0.02195649355
0.02195649355
0.02195649355
0.02195649355
0.02195649355
0.02195649355
0.02195649355
0.02195649355
0.02195649355
0.02195649355
0.02195649355
0.02195649355
0.02195649355
0.02195649355
0.02195649355
0.02195649355
0.02195649355
0.02195649355
0.02195649355
0.02195649355
0.02195649355
0.02195649355
0.02195649355
0.02195649355
0.02195649355
0.02195649355
0.02195649355
0.02195649355
0.02195649355
0.02195649355
0.02195649355
0.02195649355
0.02195649355
0.02195649355
0.02195649355
0.02195649355
0.02195649355
0.02195649355
0.02195649355
0.02195649355
0.02195649355
0.02195649355
0.02195649355
0.02195649355
0.02195649355
0.02195649355
0.02195649355
0.02195649355
0.02195649355
0.02195649355
0.02195649355
0.02195649355
0.02195649355
0.02195649355
0.02195649355
0.02195649355
0.02195649355
0.02195649355
0.02195649355
0.02195649355
0.02195649355
0.02195649355
0.02195649355
0.02195649355
0.02195649355
0.02195649355
0.02195649355
0.02195649355
0.02195649355
0.02195649355
0.02195649355
0.02195649355
0.02195649355
0.02195649355
0.02195649355
0.02195649355
0.02195649355
0.02195649355
0.02195649355
0.02195649355
0.02195649355
0.02195649355
0.02195649355
0.02195649355
0.02195649355
0.02195649355
0.02195649355
0.02195649355
0.02195649355
0.02195649355
0.02195649355
0.02195649355
0.02195649355
0.02195649355
0.02195649355
0.02195649355
0.02195649355
0.02195649355
0.02195649355
0.02195649355
0.02195649355
0.02195649355
0.02195649355
0.02195649355
0.02195649355
0.02195649355
0.02195649355
0.02195649355
0.02195649355
0.02195649355
0.02195649355
0.02195649355
0.02195649355
0.02195649355
0.02195649355
0.02195649355
0.02195649355
0.02195649355
0.02195649355
0.02195649355
0.02195649355
0.02195649355
0.02195649355
0.02195649355
0.02195649355
0.02195649355
0.02195649355
0.02195649355
0.02195649355
0.02195649355
0.02195649355
0.02195649355
0.02195649355
0.02195649355
0.02195649355
0.02195649355
0.02195649355
0.02195649355
0.02195649355
0.02195649355
0.02195649355
0.02195649355
0.02195649355
0.02195649355
0.02195649355
0.02195649355
0.02195649355
0.02195649355
0.02195649355
0.02195649355
0.02195649355
0.02195649355
0.02195649355
0.02195649355
0.02195649355
0.02195649355
0.02195649355
0.02195649355
0.02195649355
0.02195649355
0.02195649355
0.02195649355
0.02195649355
0.02195649355
0.02195649355
0.02195649355
0.02195649355
0.02195649355
0.02195649355
0.361655929
0.3616876341
0.36171028
0.3615457579
0.3612023628
0.3606903613
0.3600210928
0.3592064339
0.3582582685
0.3571879932
0.3560060625
0.35472079
0.3533416928
0.3518759427
0.3503268952
0.3486972435
0.3469891893
0.3452057585
0.3433519708
0.3414336399
0.3394496189
0.3373686743
0.3350350456
0.3313799287
0.3209263494
0.2830549401
0.03151871647
0.02195933282
0.0219564946
0.02195649355
0.02195649355
0.02195649355
0.02195649355
0.02195649355
0.02195649355
0.02195649355
0.02195649355
0.02195649355
0.02195649355
0.02195649355
0.02195649355
0.02195649355
0.02195649355
0.02195649355
0.02195649355
0.02195649355
0.02195649355
0.02195649355
0.02195649355
0.02195649355
0.02195649355
0.02195649355
0.02195649355
0.02195649355
0.02195649355
0.02195649355
0.02195649355
0.02195649355
0.02195649355
0.02195649355
0.02195649355
0.02195649355
0.02195649355
0.02195649355
0.02195649355
0.02195649355
0.02195649355
0.02195649355
0.02195649355
0.02195649355
0.02195649355
0.02195649355
0.02195649355
0.02195649355
0.02195649355
0.02195649355
0.02195649355
0.02195649355
0.02195649355
0.02195649355
0.02195649355
0.02195649355
0.02195649355
0.02195649355
0.02195649355
0.02195649355
0.02195649355
0.02195649355
0.02195649355
0.02195649355
0.02195649355
0.02195649355
0.02195649355
0.02195649355
0.02195649355
0.02195649355
0.02195649355
0.02195649355
0.02195649355
0.02195649355
0.02195649355
0.02195649355
0.02195649355
0.02195649355
0.02195649355
0.02195649355
0.02195649355
0.02195649355
0.02195649355
0.02195649355
0.02195649355
0.02195649355
0.02195649355
0.02195649355
0.02195649355
0.02195649355
0.02195649355
0.02195649355
0.02195649355
0.02195649355
0.02195649355
0.02195649355
0.02195649355
0.02195649355
0.02195649355
0.02195649355
0.02195649355
0.02195649355
0.02195649355
0.02195649355
0.02195649355
0.02195649355
0.02195649355
0.02195649355
0.02195649355
0.02195649355
0.02195649355
0.02195649355
0.02195649355
0.02195649355
0.02195649355
0.02195649355
0.02195649355
0.02195649355
0.02195649355
0.02195649355
0.02195649355
0.02195649355
0.02195649355
0.02195649355
0.02195649355
0.02195649355
0.02195649355
0.02195649355
0.02195649355
0.02195649355
0.02195649355
0.02195649355
0.02195649355
0.02195649355
0.02195649355
0.02195649355
0.02195649355
0.02195649355
0.02195649355
0.02195649355
0.02195649355
0.02195649355
0.02195649355
0.02195649355
0.02195649355
0.02195649355
0.02195649355
0.02195649355
0.02195649355
0.02195649355
0.02195649355
0.02195649355
0.02195649355
0.02195649355
0.02195649355
0.02195649355
0.02195649355
0.02195649355
0.02195649355
0.02195649355
0.02195649355
0.02195649355
0.02195649355
0.02195649355
0.02195649355
0.02195649355
0.02195649355
0.02195649355
0.02195649355
0.02195649355
0.02195649355
0.02195649355
0.02195649355
0.02195649355
0.3610644408
0.3611080207
0.361133547
0.3609707601
0.3606280432
0.3601157034
0.3594451186
0.358628204
0.3576768744
0.3566025354
0.3554156144
0.3541234194
0.3527386499
0.3512657273
0.3497088163
0.3480711335
0.3463554288
0.3445648092
0.3427026934
0.3407697979
0.338755078
0.3366155994
0.3342068474
0.3306643815
0.321332001
0.2887334465
0.07781652984
0.02199141271
0.02195650396
0.02195649355
0.02195649355
0.02195649355
0.02195649355
0.02195649355
0.02195649355
0.02195649355
0.02195649355
0.02195649355
0.02195649355
0.02195649355
0.02195649355
0.02195649355
0.02195649355
0.02195649355
0.02195649355
0.02195649355
0.02195649355
0.02195649355
0.02195649355
0.02195649355
0.02195649355
0.02195649355
0.02195649355
0.02195649355
0.02195649355
0.02195649355
0.02195649355
0.02195649355
0.02195649355
0.02195649355
0.02195649355
0.02195649355
0.02195649355
0.02195649355
0.02195649355
0.02195649355
0.02195649355
0.02195649355
0.02195649355
0.02195649355
0.02195649355
0.02195649355
0.02195649355
0.02195649355
0.02195649355
0.02195649355
0.02195649355
0.02195649355
0.02195649355
0.02195649355
0.02195649355
0.02195649355
0.02195649355
0.02195649355
0.02195649355
0.02195649355
0.02195649355
0.02195649355
0.02195649355
0.02195649355
0.02195649355
0.02195649355
0.02195649355
0.02195649355
0.02195649355
0.02195649355
0.02195649355
0.02195649355
0.02195649355
0.02195649355
0.02195649355
0.02195649355
0.02195649355
0.02195649355
0.02195649355
0.02195649355
0.02195649355
0.02195649355
0.02195649355
0.02195649355
0.02195649355
0.02195649355
0.02195649355
0.02195649355
0.02195649355
0.02195649355
0.02195649355
0.02195649355
0.02195649355
0.02195649355
0.02195649355
0.02195649355
0.02195649355
0.02195649355
0.02195649355
0.02195649355
0.02195649355
0.02195649355
0.02195649355
0.02195649355
0.02195649355
0.02195649355
0.02195649355
0.02195649355
0.02195649355
0.02195649355
0.02195649355
0.02195649355
0.02195649355
0.02195649355
0.02195649355
0.02195649355
0.02195649355
0.02195649355
0.02195649355
0.02195649355
0.02195649355
0.02195649355
0.02195649355
0.02195649355
0.02195649355
0.02195649355
0.02195649355
0.02195649355
0.02195649355
0.02195649355
0.02195649355
0.02195649355
0.02195649355
0.02195649355
0.02195649355
0.02195649355
0.02195649355
0.02195649355
0.02195649355
0.02195649355
0.02195649355
0.02195649355
0.02195649355
0.02195649355
0.02195649355
0.02195649355
0.02195649355
0.02195649355
0.02195649355
0.02195649355
0.02195649355
0.02195649355
0.02195649355
0.02195649355
0.02195649355
0.02195649355
0.02195649355
0.02195649355
0.02195649355
0.02195649355
0.02195649355
0.02195649355
0.02195649355
0.02195649355
0.02195649355
0.02195649355
0.02195649355
0.02195649355
0.02195649355
0.02195649355
0.02195649355
0.02195649355
0.02195649355
0.02195649355
0.360468572
0.3605241351
0.3605526266
0.3603916823
0.3600497673
0.359537221
0.3588654476
0.3580463811
0.3570919389
0.3560134979
0.3548207353
0.3535241061
0.3521330756
0.350652849
0.3490879934
0.3474420262
0.345717822
0.3439178619
0.3420431947
0.3400895065
0.3380388813
0.3358463989
0.3333978586
0.3300425325
0.3218921329
0.2939720083
0.1225300063
0.02206712424
0.02195652728
0.02195649356
0.02195649355
0.02195649355
0.02195649355
0.02195649355
0.02195649355
0.02195649355
0.02195649355
0.02195649355
0.02195649355
0.02195649355
0.02195649355
0.02195649355
0.02195649355
0.02195649355
0.02195649355
0.02195649355
0.02195649355
0.02195649355
0.02195649355
0.02195649355
0.02195649355
0.02195649355
0.02195649355
0.02195649355
0.02195649355
0.02195649355
0.02195649355
0.02195649355
0.02195649355
0.02195649355
0.02195649355
0.02195649355
0.02195649355
0.02195649355
0.02195649355
0.02195649355
0.02195649355
0.02195649355
0.02195649355
0.02195649355
0.02195649355
0.02195649355
0.02195649355
0.02195649355
0.02195649355
0.02195649355
0.02195649355
0.02195649355
0.02195649355
0.02195649355
0.02195649355
0.02195649355
0.02195649355
0.02195649355
0.02195649355
0.02195649355
0.02195649355
0.02195649355
0.02195649355
0.02195649355
0.02195649355
0.02195649355
0.02195649355
0.02195649355
0.02195649355
0.02195649355
0.02195649355
0.02195649355
0.02195649355
0.02195649355
0.02195649355
0.02195649355
0.02195649355
0.02195649355
0.02195649355
0.02195649355
0.02195649355
0.02195649355
0.02195649355
0.02195649355
0.02195649355
0.02195649355
0.02195649355
0.02195649355
0.02195649355
0.02195649355
0.02195649355
0.02195649355
0.02195649355
0.02195649355
0.02195649355
0.02195649355
0.02195649355
0.02195649355
0.02195649355
0.02195649355
0.02195649355
0.02195649355
0.02195649355
0.02195649355
0.02195649355
0.02195649355
0.02195649355
0.02195649355
0.02195649355
0.02195649355
0.02195649355
0.02195649355
0.02195649355
0.02195649355
0.02195649355
0.02195649355
0.02195649355
0.02195649355
0.02195649355
0.02195649355
0.02195649355
0.02195649355
0.02195649355
0.02195649355
0.02195649355
0.02195649355
0.02195649355
0.02195649355
0.02195649355
0.02195649355
0.02195649355
0.02195649355
0.02195649355
0.02195649355
0.02195649355
0.02195649355
0.02195649355
0.02195649355
0.02195649355
0.02195649355
0.02195649355
0.02195649355
0.02195649355
0.02195649355
0.02195649355
0.02195649355
0.02195649355
0.02195649355
0.02195649355
0.02195649355
0.02195649355
0.02195649355
0.02195649355
0.02195649355
0.02195649355
0.02195649355
0.02195649355
0.02195649355
0.02195649355
0.02195649355
0.02195649355
0.02195649355
0.02195649355
0.02195649355
0.02195649355
0.02195649355
0.02195649355
0.02195649355
0.02195649355
0.02195649355
0.02195649355
0.02195649355
0.02195649355
0.02195649355
0.3598677397
0.3599353934
0.3599669115
0.3598078802
0.3594668416
0.3589541621
0.3582812643
0.3574600916
0.3565025539
0.3554199936
0.354220991
0.3529198014
0.3515225006
0.3500350193
0.3484621672
0.346807593
0.3450739881
0.343262832
0.3413727803
0.3393958511
0.3373117789
0.3350829867
0.3326358226
0.3295096129
0.3224621635
0.2984956624
0.1598128255
0.02217787889
0.02195656428
0.02195649358
0.02195649355
0.02195649355
0.02195649355
0.02195649355
0.02195649355
0.02195649355
0.02195649355
0.02195649355
0.02195649355
0.02195649355
0.02195649355
0.02195649355
0.02195649355
0.02195649355
0.02195649355
0.02195649355
0.02195649355
0.02195649355
0.02195649355
0.02195649355
0.02195649355
0.02195649355
0.02195649355
0.02195649355
0.02195649355
0.02195649355
0.02195649355
0.02195649355
0.02195649355
0.02195649355
0.02195649355
0.02195649355
0.02195649355
0.02195649355
0.02195649355
0.02195649355
0.02195649355
0.02195649355
0.02195649355
0.02195649355
0.02195649355
0.02195649355
0.02195649355
0.02195649355
0.02195649355
0.02195649355
0.02195649355
0.02195649355
0.02195649355
0.02195649355
0.02195649355
0.02195649355
0.02195649355
0.02195649355
0.02195649355
0.02195649355
0.02195649355
0.02195649355
0.02195649355
0.02195649355
0.02195649355
0.02195649355
0.02195649355
0.02195649355
0.02195649355
0.02195649355
0.02195649355
0.02195649355
0.02195649355
0.02195649355
0.02195649355
0.02195649355
0.02195649355
0.02195649355
0.02195649355
0.02195649355
0.02195649355
0.02195649355
0.02195649355
0.02195649355
0.02195649355
0.02195649355
0.02195649355
0.02195649355
0.02195649355
0.02195649355
0.02195649355
0.02195649355
0.02195649355
0.02195649355
0.02195649355
0.02195649355
0.02195649355
0.02195649355
0.02195649355
0.02195649355
0.02195649355
0.02195649355
0.02195649355
0.02195649355
0.02195649355
0.02195649355
0.02195649355
0.02195649355
0.02195649355
0.02195649355
0.02195649355
0.02195649355
0.02195649355
0.02195649355
0.02195649355
0.02195649355
0.02195649355
0.02195649355
0.02195649355
0.02195649355
0.02195649355
0.02195649355
0.02195649355
0.02195649355
0.02195649355
0.02195649355
0.02195649355
0.02195649355
0.02195649355
0.02195649355
0.02195649355
0.02195649355
0.02195649355
0.02195649355
0.02195649355
0.02195649355
0.02195649355
0.02195649355
0.02195649355
0.02195649355
0.02195649355
0.02195649355
0.02195649355
0.02195649355
0.02195649355
0.02195649355
0.02195649355
0.02195649355
0.02195649355
0.02195649355
0.02195649355
0.02195649355
0.02195649355
0.02195649355
0.02195649355
0.02195649355
0.02195649355
0.02195649355
0.02195649355
0.02195649355
0.02195649355
0.02195649355
0.02195649355
0.02195649355
0.02195649355
0.02195649355
0.02195649355
0.02195649355
0.02195649355
0.02195649355
0.02195649355
0.02195649355
0.02195649355
0.02195649355
0.359261367
0.3593412317
0.3593758181
0.3592187364
0.3588785978
0.3583657861
0.3576917304
0.3568683669
0.3559075764
0.3548198943
0.3536173835
0.3523107566
0.3509068903
0.3494120226
0.3478310778
0.3461676823
0.3444241472
0.3426008842
0.3406946968
0.3386959427
0.3365863523
0.3343415744
0.3319278844
0.329031943
0.3229315309
0.3022366273
0.1898111638
0.02230738244
0.0219566111
0.0219564936
0.02195649355
0.02195649355
0.02195649355
0.02195649355
0.02195649355
0.02195649355
0.02195649355
0.02195649355
0.02195649355
0.02195649355
0.02195649355
0.02195649355
0.02195649355
0.02195649355
0.02195649355
0.02195649355
0.02195649355
0.02195649355
0.02195649355
0.02195649355
0.02195649355
0.02195649355
0.02195649355
0.02195649355
0.02195649355
0.02195649355
0.02195649355
0.02195649355
0.02195649355
0.02195649355
0.02195649355
0.02195649355
0.02195649355
0.02195649355
0.02195649355
0.02195649355
0.02195649355
0.02195649355
0.02195649355
0.02195649355
0.02195649355
0.02195649355
0.02195649355
0.02195649355
0.02195649355
0.02195649355
0.02195649355
0.02195649355
0.02195649355
0.02195649355
0.02195649355
0.02195649355
0.02195649355
0.02195649355
0.02195649355
0.02195649355
0.02195649355
0.02195649355
0.02195649355
0.02195649355
0.02195649355
0.02195649355
0.02195649355
0.02195649355
0.02195649355
0.02195649355
0.02195649355
0.02195649355
0.02195649355
0.02195649355
0.02195649355
0.02195649355
0.02195649355
0.02195649355
0.02195649355
0.02195649355
0.02195649355
0.02195649355
0.02195649355
0.02195649355
0.02195649355
0.02195649355
0.02195649355
0.02195649355
0.02195649355
0.02195649355
0.02195649355
0.02195649355
0.02195649355
0.02195649355
0.02195649355
0.02195649355
0.02195649355
0.02195649355
0.02195649355
0.02195649355
0.02195649355
0.02195649355
0.02195649355
0.02195649355
0.02195649355
0.02195649355
0.02195649355
0.02195649355
0.02195649355
0.02195649355
0.02195649355
0.02195649355
0.02195649355
0.02195649355
0.02195649355
0.02195649355
0.02195649355
0.02195649355
0.02195649355
0.02195649355
0.02195649355
0.02195649355
0.02195649355
0.02195649355
0.02195649355
0.02195649355
0.02195649355
0.02195649355
0.02195649355
0.02195649355
0.02195649355
0.02195649355
0.02195649355
0.02195649355
0.02195649355
0.02195649355
0.02195649355
0.02195649355
0.02195649355
0.02195649355
0.02195649355
0.02195649355
0.02195649355
0.02195649355
0.02195649355
0.02195649355
0.02195649355
0.02195649355
0.02195649355
0.02195649355
0.02195649355
0.02195649355
0.02195649355
0.02195649355
0.02195649355
0.02195649355
0.02195649355
0.02195649355
0.02195649355
0.02195649355
0.02195649355
0.02195649355
0.02195649355
0.02195649355
0.02195649355
0.02195649355
0.02195649355
0.02195649355
0.02195649355
0.02195649355
0.02195649355
0.02195649355
0.02195649355
0.02195649355
0.3586491049
0.3587413277
0.3587790477
0.3586239946
0.3582848487
0.3577720149
0.357096933
0.3562715381
0.3553076931
0.354214866
0.3530086769
0.3516966926
0.3502864963
0.3487845189
0.3471957589
0.3455237552
0.3437704017
0.3419352436
0.3400140924
0.3379976511
0.3358726921
0.3336297089
0.3312664064
0.3285700589
0.3232325581
0.3052150591
0.2136045362
0.02244107556
0.02195666304
0.02195649363
0.02195649355
0.02195649355
0.02195649355
0.02195649355
0.02195649355
0.02195649355
0.02195649355
0.02195649355
0.02195649355
0.02195649355
0.02195649355
0.02195649355
0.02195649355
0.02195649355
0.02195649355
0.02195649355
0.02195649355
0.02195649355
0.02195649355
0.02195649355
0.02195649355
0.02195649355
0.02195649355
0.02195649355
0.02195649355
0.02195649355
0.02195649355
0.02195649355
0.02195649355
0.02195649355
0.02195649355
0.02195649355
0.02195649355
0.02195649355
0.02195649355
0.02195649355
0.02195649355
0.02195649355
0.02195649355
0.02195649355
0.02195649355
0.02195649355
0.02195649355
0.02195649355
0.02195649355
0.02195649355
0.02195649355
0.02195649355
0.02195649355
0.02195649355
0.02195649355
0.02195649355
0.02195649355
0.02195649355
0.02195649355
0.02195649355
0.02195649355
0.02195649355
0.02195649355
0.02195649355
0.02195649355
0.02195649355
0.02195649355
0.02195649355
0.02195649355
0.02195649355
0.02195649355
0.02195649355
0.02195649355
0.02195649355
0.02195649355
0.02195649355
0.02195649355
0.02195649355
0.02195649355
0.02195649355
0.02195649355
0.02195649355
0.02195649355
0.02195649355
0.02195649355
0.02195649355
0.02195649355
0.02195649355
0.02195649355
0.02195649355
0.02195649355
0.02195649355
0.02195649355
0.02195649355
0.02195649355
0.02195649355
0.02195649355
0.02195649355
0.02195649355
0.02195649355
0.02195649355
0.02195649355
0.02195649355
0.02195649355
0.02195649355
0.02195649355
0.02195649355
0.02195649355
0.02195649355
0.02195649355
0.02195649355
0.02195649355
0.02195649355
0.02195649355
0.02195649355
0.02195649355
0.02195649355
0.02195649355
0.02195649355
0.02195649355
0.02195649355
0.02195649355
0.02195649355
0.02195649355
0.02195649355
0.02195649355
0.02195649355
0.02195649355
0.02195649355
0.02195649355
0.02195649355
0.02195649355
0.02195649355
0.02195649355
0.02195649355
0.02195649355
0.02195649355
0.02195649355
0.02195649355
0.02195649355
0.02195649355
0.02195649355
0.02195649355
0.02195649355
0.02195649355
0.02195649355
0.02195649355
0.02195649355
0.02195649355
0.02195649355
0.02195649355
0.02195649355
0.02195649355
0.02195649355
0.02195649355
0.02195649355
0.02195649355
0.02195649355
0.02195649355
0.02195649355
0.02195649355
0.02195649355
0.02195649355
0.02195649355
0.02195649355
0.02195649355
0.02195649355
0.02195649355
0.02195649355
0.02195649355
0.02195649355
0.02195649355
0.02195649355
0.02195649355
0.3580307364
0.358135486
0.3581763806
0.3580233821
0.3576852239
0.3571723132
0.3564960763
0.355668416
0.3547001016
0.3536056124
0.3523956097
0.3510786373
0.349662612
0.3481540941
0.3465581215
0.3448781188
0.3431156245
0.3412696636
0.3393359544
0.3373070724
0.335176138
0.3329465207
0.3306351077
0.3280884764
0.3233307532
0.3074847322
0.2322485801
0.02256869714
0.02195671601
0.02195649366
0.02195649355
0.02195649355
0.02195649355
0.02195649355
0.02195649355
0.02195649355
0.02195649355
0.02195649355
0.02195649355
0.02195649355
0.02195649355
0.02195649355
0.02195649355
0.02195649355
0.02195649355
0.02195649355
0.02195649355
0.02195649355
0.02195649355
0.02195649355
0.02195649355
0.02195649355
0.02195649355
0.02195649355
0.02195649355
0.02195649355
0.02195649355
0.02195649355
0.02195649355
0.02195649355
0.02195649355
0.02195649355
0.02195649355
0.02195649355
0.02195649355
0.02195649355
0.02195649355
0.02195649355
0.02195649355
0.02195649355
0.02195649355
0.02195649355
0.02195649355
0.02195649355
0.02195649355
0.02195649355
0.02195649355
0.02195649355
0.02195649355
0.02195649355
0.02195649355
0.02195649355
0.02195649355
0.02195649355
0.02195649355
0.02195649355
0.02195649355
0.02195649355
0.02195649355
0.02195649355
0.02195649355
0.02195649355
0.02195649355
0.02195649355
0.02195649355
0.02195649355
0.02195649355
0.02195649355
0.02195649355
0.02195649355
0.02195649355
0.02195649355
0.02195649355
0.02195649355
0.02195649355
0.02195649355
0.02195649355
0.02195649355
0.02195649355
0.02195649355
0.02195649355
0.02195649355
0.02195649355
0.02195649355
0.02195649355
0.02195649355
0.02195649355
0.02195649355
0.02195649355
0.02195649355
0.02195649355
0.02195649355
0.02195649355
0.02195649355
0.02195649355
0.02195649355
0.02195649355
0.02195649355
0.02195649355
0.02195649355
0.02195649355
0.02195649355
0.02195649355
0.02195649355
0.02195649355
0.02195649355
0.02195649355
0.02195649355
0.02195649355
0.02195649355
0.02195649355
0.02195649355
0.02195649355
0.02195649355
0.02195649355
0.02195649355
0.02195649355
0.02195649355
0.02195649355
0.02195649355
0.02195649355
0.02195649355
0.02195649355
0.02195649355
0.02195649355
0.02195649355
0.02195649355
0.02195649355
0.02195649355
0.02195649355
0.02195649355
0.02195649355
0.02195649355
0.02195649355
0.02195649355
0.02195649355
0.02195649355
0.02195649355
0.02195649355
0.02195649355
0.02195649355
0.02195649355
0.02195649355
0.02195649355
0.02195649355
0.02195649355
0.02195649355
0.02195649355
0.02195649355
0.02195649355
0.02195649355
0.02195649355
0.02195649355
0.02195649355
0.02195649355
0.02195649355
0.02195649355
0.02195649355
0.02195649355
0.02195649355
0.02195649355
0.02195649355
0.02195649355
0.02195649355
0.02195649355
0.02195649355
0.02195649355
0.02195649355
0.02195649355
0.02195649355
0.3574067757
0.3575242989
0.3575685835
0.3574179575
0.3570812263
0.3565688246
0.3558921935
0.3550631741
0.3540919616
0.3529948679
0.351780847
0.3504590581
0.3490375905
0.3475230744
0.3459205408
0.3442332868
0.3424626021
0.3406073611
0.3386639154
0.3366275298
0.3344973607
0.3322854319
0.3300152581
0.3275609333
0.323217703
0.3091239704
0.2467072725
0.02268429792
0.02195676704
0.02195649369
0.02195649355
0.02195649355
0.02195649355
0.02195649355
0.02195649355
0.02195649355
0.02195649355
0.02195649355
0.02195649355
0.02195649355
0.02195649355
0.02195649355
0.02195649355
0.02195649355
0.02195649355
0.02195649355
0.02195649355
0.02195649355
0.02195649355
0.02195649355
0.02195649355
0.02195649355
0.02195649355
0.02195649355
0.02195649355
0.02195649355
0.02195649355
0.02195649355
0.02195649355
0.02195649355
0.02195649355
0.02195649355
0.02195649355
0.02195649355
0.02195649355
0.02195649355
0.02195649355
0.02195649355
0.02195649355
0.02195649355
0.02195649355
0.02195649355
0.02195649355
0.02195649355
0.02195649355
0.02195649355
0.02195649355
0.02195649355
0.02195649355
0.02195649355
0.02195649355
0.02195649355
0.02195649355
0.02195649355
0.02195649355
0.02195649355
0.02195649355
0.02195649355
0.02195649355
0.02195649355
0.02195649355
0.02195649355
0.02195649355
0.02195649355
0.02195649355
0.02195649355
0.02195649355
0.02195649355
0.02195649355
0.02195649355
0.02195649355
0.02195649355
0.02195649355
0.02195649355
0.02195649355
0.02195649355
0.02195649355
0.02195649355
0.02195649355
0.02195649355
0.02195649355
0.02195649355
0.02195649355
0.02195649355
0.02195649355
0.02195649355
0.02195649355
0.02195649355
0.02195649355
0.02195649355
0.02195649355
0.02195649355
0.02195649355
0.02195649355
0.02195649355
0.02195649355
0.02195649355
0.02195649355
0.02195649355
0.02195649355
0.02195649355
0.02195649355
0.02195649355
0.02195649355
0.02195649355
0.02195649355
0.02195649355
0.02195649355
0.02195649355
0.02195649355
0.02195649355
0.02195649355
0.02195649355
0.02195649355
0.02195649355
0.02195649355
0.02195649355
0.02195649355
0.02195649355
0.02195649355
0.02195649355
0.02195649355
0.02195649355
0.02195649355
0.02195649355
0.02195649355
0.02195649355
0.02195649355
0.02195649355
0.02195649355
0.02195649355
0.02195649355
0.02195649355
0.02195649355
0.02195649355
0.02195649355
0.02195649355
0.02195649355
0.02195649355
0.02195649355
0.02195649355
0.02195649355
0.02195649355
0.02195649355
0.02195649355
0.02195649355
0.02195649355
0.02195649355
0.02195649355
0.02195649355
0.02195649355
0.02195649355
0.02195649355
0.02195649355
0.02195649355
0.02195649355
0.02195649355
0.02195649355
0.02195649355
0.02195649355
0.02195649355
0.02195649355
0.02195649355
0.02195649355
0.02195649355
0.02195649355
0.02195649355
0.02195649355
0.02195649355
0.02195649355
0.3567769789
0.3569074338
0.3569550962
0.3568067762
0.3564713172
0.3559591374
0.3552816337
0.3544490916
0.3534788428
0.352380286
0.3511635477
0.3498381374
0.3484123095
0.3468927919
0.3452846397
0.3435910869
0.3418133452
0.3399504902
0.3379999799
0.335959885
0.3338339108
0.331637611
0.3293904181
0.3269722262
0.3229043261
0.3102290808
0.2578747144
0.02278549983
0.02195681438
0.02195649372
0.02195649355
0.02195649355
0.02195649355
0.02195649355
0.02195649355
0.02195649355
0.02195649355
0.02195649355
0.02195649355
0.02195649355
0.02195649355
0.02195649355
0.02195649355
0.02195649355
0.02195649355
0.02195649355
0.02195649355
0.02195649355
0.02195649355
0.02195649355
0.02195649355
0.02195649355
0.02195649355
0.02195649355
0.02195649355
0.02195649355
0.02195649355
0.02195649355
0.02195649355
0.02195649355
0.02195649355
0.02195649355
0.02195649355
0.02195649355
0.02195649355
0.02195649355
0.02195649355
0.02195649355
0.02195649355
0.02195649355
0.02195649355
0.02195649355
0.02195649355
0.02195649355
0.02195649355
0.02195649355
0.02195649355
0.02195649355
0.02195649355
0.02195649355
0.02195649355
0.02195649355
0.02195649355
0.02195649355
0.02195649355
0.02195649355
0.02195649355
0.02195649355
0.02195649355
0.02195649355
0.02195649355
0.02195649355
0.02195649355
0.02195649355
0.02195649355
0.02195649355
0.02195649355
0.02195649355
0.02195649355
0.02195649355
0.02195649355
0.02195649355
0.02195649355
0.02195649355
0.02195649355
0.02195649355
0.02195649355
0.02195649355
0.02195649355
0.02195649355
0.02195649355
0.02195649355
0.02195649355
0.02195649355
0.02195649355
0.02195649355
0.02195649355
0.02195649355
0.02195649355
0.02195649355
0.02195649355
0.02195649355
0.02195649355
0.02195649355
0.02195649355
0.02195649355
0.02195649355
0.02195649355
0.02195649355
0.02195649355
0.02195649355
0.02195649355
0.02195649355
0.02195649355
0.02195649355
0.02195649355
0.02195649355
0.02195649355
0.02195649355
0.02195649355
0.02195649355
0.02195649355
0.02195649355
0.02195649355
0.02195649355
0.02195649355
0.02195649355
0.02195649355
0.02195649355
0.02195649355
0.02195649355
0.02195649355
0.02195649355
0.02195649355
0.02195649355
0.02195649355
0.02195649355
0.02195649355
0.02195649355
0.02195649355
0.02195649355
0.02195649355
0.02195649355
0.02195649355
0.02195649355
0.02195649355
0.02195649355
0.02195649355
0.02195649355
0.02195649355
0.02195649355
0.02195649355
0.02195649355
0.02195649355
0.02195649355
0.02195649355
0.02195649355
0.02195649355
0.02195649355
0.02195649355
0.02195649355
0.02195649355
0.02195649355
0.02195649355
0.02195649355
0.02195649355
0.02195649355
0.02195649355
0.02195649355
0.02195649355
0.02195649355
0.02195649355
0.02195649355
0.02195649355
0.02195649355
0.02195649355
0.02195649355
0.02195649355
0.02195649355
0.02195649355
0.3561428989
0.3562865747
0.3563379136
0.3561923426
0.3558587583
0.3553475814
0.3546693261
0.353838116
0.3528670035
0.3517664579
0.3505470306
0.3492183571
0.3477887389
0.3462649163
0.3446519198
0.3429529393
0.3411692375
0.3393003266
0.3373449315
0.3353034523
0.3331819736
0.3309945611
0.3287486276
0.3263168271
0.3224129262
0.310899813
0.2665420875
0.02287507888
0.0219568578
0.02195649375
0.02195649355
0.02195649355
0.02195649355
0.02195649355
0.02195649355
0.02195649355
0.02195649355
0.02195649355
0.02195649355
0.02195649355
0.02195649355
0.02195649355
0.02195649355
0.02195649355
0.02195649355
0.02195649355
0.02195649355
0.02195649355
0.02195649355
0.02195649355
0.02195649355
0.02195649355
0.02195649355
0.02195649355
0.02195649355
0.02195649355
0.02195649355
0.02195649355
0.02195649355
0.02195649355
0.02195649355
0.02195649355
0.02195649355
0.02195649355
0.02195649355
0.02195649355
0.02195649355
0.02195649355
0.02195649355
0.02195649355
0.02195649355
0.02195649355
0.02195649355
0.02195649355
0.02195649355
0.02195649355
0.02195649355
0.02195649355
0.02195649355
0.02195649355
0.02195649355
0.02195649355
0.02195649355
0.02195649355
0.02195649355
0.02195649355
0.02195649355
0.02195649355
0.02195649355
0.02195649355
0.02195649355
0.02195649355
0.02195649355
0.02195649355
0.02195649355
0.02195649355
0.02195649355
0.02195649355
0.02195649355
0.02195649355
0.02195649355
0.02195649355
0.02195649355
0.02195649355
0.02195649355
0.02195649355
0.02195649355
0.02195649355
0.02195649355
0.02195649355
0.02195649355
0.02195649355
0.02195649355
0.02195649355
0.02195649355
0.02195649355
0.02195649355
0.02195649355
0.02195649355
0.02195649355
0.02195649355
0.02195649355
0.02195649355
0.02195649355
0.02195649355
0.02195649355
0.02195649355
0.02195649355
0.02195649355
0.02195649355
0.02195649355
0.02195649355
0.02195649355
0.02195649355
0.02195649355
0.02195649355
0.02195649355
0.02195649355
0.02195649355
0.02195649355
0.02195649355
0.02195649355
0.02195649355
0.02195649355
0.02195649355
0.02195649355
0.02195649355
0.02195649355
0.02195649355
0.02195649355
0.02195649355
0.02195649355
0.02195649355
0.02195649355
0.02195649355
0.02195649355
0.02195649355
0.02195649355
0.02195649355
0.02195649355
0.02195649355
0.02195649355
0.02195649355
0.02195649355
0.02195649355
0.02195649355
0.02195649355
0.02195649355
0.02195649355
0.02195649355
0.02195649355
0.02195649355
0.02195649355
0.02195649355
0.02195649355
0.02195649355
0.02195649355
0.02195649355
0.02195649355
0.02195649355
0.02195649355
0.02195649355
0.02195649355
0.02195649355
0.02195649355
0.02195649355
0.02195649355
0.02195649355
0.02195649355
0.02195649355
0.02195649355
0.02195649355
0.02195649355
0.02195649355
0.02195649355
0.02195649355
0.02195649355
0.02195649355
0.02195649355
0.02195649355
0.3555052217
0.3556623319
0.3557175459
0.355574988
0.3552435806
0.354733285
0.3540557115
0.3532260591
0.3522547504
0.3511530273
0.3499316912
0.3486004931
0.347167796
0.3456403647
0.3440232249
0.3423195784
0.3405308479
0.3386570864
0.3366981397
0.3346558088
0.3325361206
0.3303474338
0.3280806295
0.3255971542
0.3217873796
0.3113033019
0.2735390833
0.03357478066
0.02195999913
0.02195649481
0.02195649355
0.02195649355
0.02195649355
0.02195649355
0.02195649355
0.02195649355
0.02195649355
0.02195649355
0.02195649355
0.02195649355
0.02195649355
0.02195649355
0.02195649355
0.02195649355
0.02195649355
0.02195649355
0.02195649355
0.02195649355
0.02195649355
0.02195649355
0.02195649355
0.02195649355
0.02195649355
0.02195649355
0.02195649355
0.02195649355
0.02195649355
0.02195649355
0.02195649355
0.02195649355
0.02195649355
0.02195649355
0.02195649355
0.02195649355
0.02195649355
0.02195649355
0.02195649355
0.02195649355
0.02195649355
0.02195649355
0.02195649355
0.02195649355
0.02195649355
0.02195649355
0.02195649355
0.02195649355
0.02195649355
0.02195649355
0.02195649355
0.02195649355
0.02195649355
0.02195649355
0.02195649355
0.02195649355
0.02195649355
0.02195649355
0.02195649355
0.02195649355
0.02195649355
0.02195649355
0.02195649355
0.02195649355
0.02195649355
0.02195649355
0.02195649355
0.02195649355
0.02195649355
0.02195649355
0.02195649355
0.02195649355
0.02195649355
0.02195649355
0.02195649355
0.02195649355
0.02195649355
0.02195649355
0.02195649355
0.02195649355
0.02195649355
0.02195649355
0.02195649355
0.02195649355
0.02195649355
0.02195649355
0.02195649355
0.02195649355
0.02195649355
0.02195649355
0.02195649355
0.02195649355
0.02195649355
0.02195649355
0.02195649355
0.02195649355
0.02195649355
0.02195649355
0.02195649355
0.02195649355
0.02195649355
0.02195649355
0.02195649355
0.02195649355
0.02195649355
0.02195649355
0.02195649355
0.02195649355
0.02195649355
0.02195649355
0.02195649355
0.02195649355
0.02195649355
0.02195649355
0.02195649355
0.02195649355
0.02195649355
0.02195649355
0.02195649355
0.02195649355
0.02195649355
0.02195649355
0.02195649355
0.02195649355
0.02195649355
0.02195649355
0.02195649355
0.02195649355
0.02195649355
0.02195649355
0.02195649355
0.02195649355
0.02195649355
0.02195649355
0.02195649355
0.02195649355
0.02195649355
0.02195649355
0.02195649355
0.02195649355
0.02195649355
0.02195649355
0.02195649355
0.02195649355
0.02195649355
0.02195649355
0.02195649355
0.02195649355
0.02195649355
0.02195649355
0.02195649355
0.02195649355
0.02195649355
0.02195649355
0.02195649355
0.02195649355
0.02195649355
0.02195649355
0.02195649355
0.02195649355
0.02195649355
0.02195649355
0.02195649355
0.02195649355
0.02195649355
0.02195649355
0.02195649355
0.02195649355
0.02195649355
0.02195649355
0.02195649355
0.02195649355
0.354863822
0.3550345104
0.3550936934
0.3549542477
0.3546247819
0.3541154211
0.3534415961
0.352613454
0.3516424872
0.3505402698
0.3493177279
0.3479846746
0.346549505
0.3450189903
0.3433981513
0.3416902232
0.339896809
0.33801841
0.3360555265
0.3340101141
0.3318858657
0.3296829814
0.3273769995
0.324830045
0.3211360069
0.3118153079
0.2799821911
0.08133148926
0.02199489876
0.0219565049
0.02195649355
0.02195649355
0.02195649355
0.02195649355
0.02195649355
0.02195649355
0.02195649355
0.02195649355
0.02195649355
0.02195649355
0.02195649355
0.02195649355
0.02195649355
0.02195649355
0.02195649355
0.02195649355
0.02195649355
0.02195649355
0.02195649355
0.02195649355
0.02195649355
0.02195649355
0.02195649355
0.02195649355
0.02195649355
0.02195649355
0.02195649355
0.02195649355
0.02195649355
0.02195649355
0.02195649355
0.02195649355
0.02195649355
0.02195649355
0.02195649355
0.02195649355
0.02195649355
0.02195649355
0.02195649355
0.02195649355
0.02195649355
0.02195649355
0.02195649355
0.02195649355
0.02195649355
0.02195649355
0.02195649355
0.02195649355
0.02195649355
0.02195649355
0.02195649355
0.02195649355
0.02195649355
0.02195649355
0.02195649355
0.02195649355
0.02195649355
0.02195649355
0.02195649355
0.02195649355
0.02195649355
0.02195649355
0.02195649355
0.02195649355
0.02195649355
0.02195649355
0.02195649355
0.02195649355
0.02195649355
0.02195649355
0.02195649355
0.02195649355
0.02195649355
0.02195649355
0.02195649355
0.02195649355
0.02195649355
0.02195649355
0.02195649355
0.02195649355
0.02195649355
0.02195649355
0.02195649355
0.02195649355
0.02195649355
0.02195649355
0.02195649355
0.02195649355
0.02195649355
0.02195649355
0.02195649355
0.02195649355
0.02195649355
0.02195649355
0.02195649355
0.02195649355
0.02195649355
0.02195649355
0.02195649355
0.02195649355
0.02195649355
0.02195649355
0.02195649355
0.02195649355
0.02195649355
0.02195649355
0.02195649355
0.02195649355
0.02195649355
0.02195649355
0.02195649355
0.02195649355
0.02195649355
0.02195649355
0.02195649355
0.02195649355
0.02195649355
0.02195649355
0.02195649355
0.02195649355
0.02195649355
0.02195649355
0.02195649355
0.02195649355
0.02195649355
0.02195649355
0.02195649355
0.02195649355
0.02195649355
0.02195649355
0.02195649355
0.02195649355
0.02195649355
0.02195649355
0.02195649355
0.02195649355
0.02195649355
0.02195649355
0.02195649355
0.02195649355
0.02195649355
0.02195649355
0.02195649355
0.02195649355
0.02195649355
0.02195649355
0.02195649355
0.02195649355
0.02195649355
0.02195649355
0.02195649355
0.02195649355
0.02195649355
0.02195649355
0.02195649355
0.02195649355
0.02195649355
0.02195649355
0.02195649355
0.02195649355
0.02195649355
0.02195649355
0.02195649355
0.02195649355
0.02195649355
0.02195649355
0.02195649355
0.02195649355
0.02195649355
0.02195649355
0.3542177711
0.3544021531
0.3544653574
0.3543284771
0.3540013737
0.3534975695
0.3528267665
0.3520003191
0.351030132
0.3499279227
0.3487046655
0.3473701855
0.3459328669
0.3443994528
0.3427749339
0.3410625605
0.3392640599
0.337380179
0.3354115342
0.3333592258
0.3312235103
0.3289971395
0.3266476262
0.3240571398
0.3205382567
0.3124306946
0.2857211192
0.127027247
0.0220762791
0.02195652997
0.02195649356
0.02195649355
0.02195649355
0.02195649355
0.02195649355
0.02195649355
0.02195649355
0.02195649355
0.02195649355
0.02195649355
0.02195649355
0.02195649355
0.02195649355
0.02195649355
0.02195649355
0.02195649355
0.02195649355
0.02195649355
0.02195649355
0.02195649355
0.02195649355
0.02195649355
0.02195649355
0.02195649355
0.02195649355
0.02195649355
0.02195649355
0.02195649355
0.02195649355
0.02195649355
0.02195649355
0.02195649355
0.02195649355
0.02195649355
0.02195649355
0.02195649355
0.02195649355
0.02195649355
0.02195649355
0.02195649355
0.02195649355
0.02195649355
0.02195649355
0.02195649355
0.02195649355
0.02195649355
0.02195649355
0.02195649355
0.02195649355
0.02195649355
0.02195649355
0.02195649355
0.02195649355
0.02195649355
0.02195649355
0.02195649355
0.02195649355
0.02195649355
0.02195649355
0.02195649355
0.02195649355
0.02195649355
0.02195649355
0.02195649355
0.02195649355
0.02195649355
0.02195649355
0.02195649355
0.02195649355
0.02195649355
0.02195649355
0.02195649355
0.02195649355
0.02195649355
0.02195649355
0.02195649355
0.02195649355
0.02195649355
0.02195649355
0.02195649355
0.02195649355
0.02195649355
0.02195649355
0.02195649355
0.02195649355
0.02195649355
0.02195649355
0.02195649355
0.02195649355
0.02195649355
0.02195649355
0.02195649355
0.02195649355
0.02195649355
0.02195649355
0.02195649355
0.02195649355
0.02195649355
0.02195649355
0.02195649355
0.02195649355
0.02195649355
0.02195649355
0.02195649355
0.02195649355
0.02195649355
0.02195649355
0.02195649355
0.02195649355
0.02195649355
0.02195649355
0.02195649355
0.02195649355
0.02195649355
0.02195649355
0.02195649355
0.02195649355
0.02195649355
0.02195649355
0.02195649355
0.02195649355
0.02195649355
0.02195649355
0.02195649355
0.02195649355
0.02195649355
0.02195649355
0.02195649355
0.02195649355
0.02195649355
0.02195649355
0.02195649355
0.02195649355
0.02195649355
0.02195649355
0.02195649355
0.02195649355
0.02195649355
0.02195649355
0.02195649355
0.02195649355
0.02195649355
0.02195649355
0.02195649355
0.02195649355
0.02195649355
0.02195649355
0.02195649355
0.02195649355
0.02195649355
0.02195649355
0.02195649355
0.02195649355
0.02195649355
0.02195649355
0.02195649355
0.02195649355
0.02195649355
0.02195649355
0.02195649355
0.02195649355
0.02195649355
0.02195649355
0.02195649355
0.02195649355
0.02195649355
0.02195649355
0.02195649355
0.02195649355
0.02195649355
0.3535595682
0.3537574606
0.3538249783
0.3536942542
0.3533749596
0.3528762295
0.3522089191
0.3513848422
0.3504160916
0.3493144521
0.348090913
0.3467552855
0.3453159188
0.343779507
0.3421509972
0.3404336371
0.3386292206
0.3367385625
0.3347620279
0.3326994347
0.3305478888
0.3282957421
0.3259114967
0.3233108816
0.3200069796
0.3130271868
0.2905374835
0.1645095767
0.0221940617
0.02195656978
0.02195649358
0.02195649355
0.02195649355
0.02195649355
0.02195649355
0.02195649355
0.02195649355
0.02195649355
0.02195649355
0.02195649355
0.02195649355
0.02195649355
0.02195649355
0.02195649355
0.02195649355
0.02195649355
0.02195649355
0.02195649355
0.02195649355
0.02195649355
0.02195649355
0.02195649355
0.02195649355
0.02195649355
0.02195649355
0.02195649355
0.02195649355
0.02195649355
0.02195649355
0.02195649355
0.02195649355
0.02195649355
0.02195649355
0.02195649355
0.02195649355
0.02195649355
0.02195649355
0.02195649355
0.02195649355
0.02195649355
0.02195649355
0.02195649355
0.02195649355
0.02195649355
0.02195649355
0.02195649355
0.02195649355
0.02195649355
0.02195649355
0.02195649355
0.02195649355
0.02195649355
0.02195649355
0.02195649355
0.02195649355
0.02195649355
0.02195649355
0.02195649355
0.02195649355
0.02195649355
0.02195649355
0.02195649355
0.02195649355
0.02195649355
0.02195649355
0.02195649355
0.02195649355
0.02195649355
0.02195649355
0.02195649355
0.02195649355
0.02195649355
0.02195649355
0.02195649355
0.02195649355
0.02195649355
0.02195649355
0.02195649355
0.02195649355
0.02195649355
0.02195649355
0.02195649355
0.02195649355
0.02195649355
0.02195649355
0.02195649355
0.02195649355
0.02195649355
0.02195649355
0.02195649355
0.02195649355
0.02195649355
0.02195649355
0.02195649355
0.02195649355
0.02195649355
0.02195649355
0.02195649355
0.02195649355
0.02195649355
0.02195649355
0.02195649355
0.02195649355
0.02195649355
0.02195649355
0.02195649355
0.02195649355
0.02195649355
0.02195649355
0.02195649355
0.02195649355
0.02195649355
0.02195649355
0.02195649355
0.02195649355
0.02195649355
0.02195649355
0.02195649355
0.02195649355
0.02195649355
0.02195649355
0.02195649355
0.02195649355
0.02195649355
0.02195649355
0.02195649355
0.02195649355
0.02195649355
0.02195649355
0.02195649355
0.02195649355
0.02195649355
0.02195649355
0.02195649355
0.02195649355
0.02195649355
0.02195649355
0.02195649355
0.02195649355
0.02195649355
0.02195649355
0.02195649355
0.02195649355
0.02195649355
0.02195649355
0.02195649355
0.02195649355
0.02195649355
0.02195649355
0.02195649355
0.02195649355
0.02195649355
0.02195649355
0.02195649355
0.02195649355
0.02195649355
0.02195649355
0.02195649355
0.02195649355
0.02195649355
0.02195649355
0.02195649355
0.02195649355
0.02195649355
0.02195649355
0.02195649355
0.02195649355
0.02195649355
0.02195649355
0.02195649355
0.3528936481
0.3531068878
0.3531833373
0.3530605884
0.3527470034
0.3522525592
0.3515884979
0.3507667946
0.3497995851
0.3486986376
0.3474748962
0.3461381121
0.3446965653
0.3431568817
0.3415239622
0.3398010551
0.337989999
0.3360915942
0.3341058409
0.3320314135
0.3298634826
0.3275897201
0.3251865119
0.3226062888
0.3195216378
0.3135030006
0.2944058903
0.194059442
0.02232986345
0.02195662008
0.02195649361
0.02195649355
0.02195649355
0.02195649355
0.02195649355
0.02195649355
0.02195649355
0.02195649355
0.02195649355
0.02195649355
0.02195649355
0.02195649355
0.02195649355
0.02195649355
0.02195649355
0.02195649355
0.02195649355
0.02195649355
0.02195649355
0.02195649355
0.02195649355
0.02195649355
0.02195649355
0.02195649355
0.02195649355
0.02195649355
0.02195649355
0.02195649355
0.02195649355
0.02195649355
0.02195649355
0.02195649355
0.02195649355
0.02195649355
0.02195649355
0.02195649355
0.02195649355
0.02195649355
0.02195649355
0.02195649355
0.02195649355
0.02195649355
0.02195649355
0.02195649355
0.02195649355
0.02195649355
0.02195649355
0.02195649355
0.02195649355
0.02195649355
0.02195649355
0.02195649355
0.02195649355
0.02195649355
0.02195649355
0.02195649355
0.02195649355
0.02195649355
0.02195649355
0.02195649355
0.02195649355
0.02195649355
0.02195649355
0.02195649355
0.02195649355
0.02195649355
0.02195649355
0.02195649355
0.02195649355
0.02195649355
0.02195649355
0.02195649355
0.02195649355
0.02195649355
0.02195649355
0.02195649355
0.02195649355
0.02195649355
0.02195649355
0.02195649355
0.02195649355
0.02195649355
0.02195649355
0.02195649355
0.02195649355
0.02195649355
0.02195649355
0.02195649355
0.02195649355
0.02195649355
0.02195649355
0.02195649355
0.02195649355
0.02195649355
0.02195649355
0.02195649355
0.02195649355
0.02195649355
0.02195649355
0.02195649355
0.02195649355
0.02195649355
0.02195649355
0.02195649355
0.02195649355
0.02195649355
0.02195649355
0.02195649355
0.02195649355
0.02195649355
0.02195649355
0.02195649355
0.02195649355
0.02195649355
0.02195649355
0.02195649355
0.02195649355
0.02195649355
0.02195649355
0.02195649355
0.02195649355
0.02195649355
0.02195649355
0.02195649355
0.02195649355
0.02195649355
0.02195649355
0.02195649355
0.02195649355
0.02195649355
0.02195649355
0.02195649355
0.02195649355
0.02195649355
0.02195649355
0.02195649355
0.02195649355
0.02195649355
0.02195649355
0.02195649355
0.02195649355
0.02195649355
0.02195649355
0.02195649355
0.02195649355
0.02195649355
0.02195649355
0.02195649355
0.02195649355
0.02195649355
0.02195649355
0.02195649355
0.02195649355
0.02195649355
0.02195649355
0.02195649355
0.02195649355
0.02195649355
0.02195649355
0.02195649355
0.02195649355
0.02195649355
0.02195649355
0.02195649355
0.02195649355
0.02195649355
0.02195649355
0.02195649355
0.02195649355
0.02195649355
0.3522555164
0.3524803573
0.3525596415
0.352438899
0.3521268279
0.3516335855
0.3509704653
0.3501494005
0.349182429
0.348081192
0.3468564963
0.3455179568
0.3440737282
0.3425303374
0.3408926331
0.3391638734
0.337345947
0.3354396383
0.3334446648
0.331359034
0.3291774692
0.3268899811
0.3244839667
0.3219429036
0.319050391
0.3137939947
0.2973846393
0.2169741926
0.02246770456
0.02195667561
0.02195649364
0.02195649355
0.02195649355
0.02195649355
0.02195649355
0.02195649355
0.02195649355
0.02195649355
0.02195649355
0.02195649355
0.02195649355
0.02195649355
0.02195649355
0.02195649355
0.02195649355
0.02195649355
0.02195649355
0.02195649355
0.02195649355
0.02195649355
0.02195649355
0.02195649355
0.02195649355
0.02195649355
0.02195649355
0.02195649355
0.02195649355
0.02195649355
0.02195649355
0.02195649355
0.02195649355
0.02195649355
0.02195649355
0.02195649355
0.02195649355
0.02195649355
0.02195649355
0.02195649355
0.02195649355
0.02195649355
0.02195649355
0.02195649355
0.02195649355
0.02195649355
0.02195649355
0.02195649355
0.02195649355
0.02195649355
0.02195649355
0.02195649355
0.02195649355
0.02195649355
0.02195649355
0.02195649355
0.02195649355
0.02195649355
0.02195649355
0.02195649355
0.02195649355
0.02195649355
0.02195649355
0.02195649355
0.02195649355
0.02195649355
0.02195649355
0.02195649355
0.02195649355
0.02195649355
0.02195649355
0.02195649355
0.02195649355
0.02195649355
0.02195649355
0.02195649355
0.02195649355
0.02195649355
0.02195649355
0.02195649355
0.02195649355
0.02195649355
0.02195649355
0.02195649355
0.02195649355
0.02195649355
0.02195649355
0.02195649355
0.02195649355
0.02195649355
0.02195649355
0.02195649355
0.02195649355
0.02195649355
0.02195649355
0.02195649355
0.02195649355
0.02195649355
0.02195649355
0.02195649355
0.02195649355
0.02195649355
0.02195649355
0.02195649355
0.02195649355
0.02195649355
0.02195649355
0.02195649355
0.02195649355
0.02195649355
0.02195649355
0.02195649355
0.02195649355
0.02195649355
0.02195649355
0.02195649355
0.02195649355
0.02195649355
0.02195649355
0.02195649355
0.02195649355
0.02195649355
0.02195649355
0.02195649355
0.02195649355
0.02195649355
0.02195649355
0.02195649355
0.02195649355
0.02195649355
0.02195649355
0.02195649355
0.02195649355
0.02195649355
0.02195649355
0.02195649355
0.02195649355
0.02195649355
0.02195649355
0.02195649355
0.02195649355
0.02195649355
0.02195649355
0.02195649355
0.02195649355
0.02195649355
0.02195649355
0.02195649355
0.02195649355
0.02195649355
0.02195649355
0.02195649355
0.02195649355
0.02195649355
0.02195649355
0.02195649355
0.02195649355
0.02195649355
0.02195649355
0.02195649355
0.02195649355
0.02195649355
0.02195649355
0.02195649355
0.02195649355
0.02195649355
0.02195649355
0.02195649355
0.02195649355
0.02195649355
0.02195649355
0.02195649355
0.3516201487
0.3518568343
0.3519390124
0.3518201673
0.3515092628
0.3510166382
0.3503536871
0.3495323734
0.348564713
0.3474622874
0.3462358185
0.3448948242
0.3434473667
0.3418999068
0.3402572768
0.3385227794
0.3366983826
0.3347849017
0.3327819458
0.3306874132
0.3284968126
0.3262041166
0.3238072135
0.3213098967
0.3185617038
0.3138684125
0.2995629626
0.2345110046
0.02259686133
0.02195673183
0.02195649367
0.02195649355
0.02195649355
0.02195649355
0.02195649355
0.02195649355
0.02195649355
0.02195649355
0.02195649355
0.02195649355
0.02195649355
0.02195649355
0.02195649355
0.02195649355
0.02195649355
0.02195649355
0.02195649355
0.02195649355
0.02195649355
0.02195649355
0.02195649355
0.02195649355
0.02195649355
0.02195649355
0.02195649355
0.02195649355
0.02195649355
0.02195649355
0.02195649355
0.02195649355
0.02195649355
0.02195649355
0.02195649355
0.02195649355
0.02195649355
0.02195649355
0.02195649355
0.02195649355
0.02195649355
0.02195649355
0.02195649355
0.02195649355
0.02195649355
0.02195649355
0.02195649355
0.02195649355
0.02195649355
0.02195649355
0.02195649355
0.02195649355
0.02195649355
0.02195649355
0.02195649355
0.02195649355
0.02195649355
0.02195649355
0.02195649355
0.02195649355
0.02195649355
0.02195649355
0.02195649355
0.02195649355
0.02195649355
0.02195649355
0.02195649355
0.02195649355
0.02195649355
0.02195649355
0.02195649355
0.02195649355
0.02195649355
0.02195649355
0.02195649355
0.02195649355
0.02195649355
0.02195649355
0.02195649355
0.02195649355
0.02195649355
0.02195649355
0.02195649355
0.02195649355
0.02195649355
0.02195649355
0.02195649355
0.02195649355
0.02195649355
0.02195649355
0.02195649355
0.02195649355
0.02195649355
0.02195649355
0.02195649355
0.02195649355
0.02195649355
0.02195649355
0.02195649355
0.02195649355
0.02195649355
0.02195649355
0.02195649355
0.02195649355
0.02195649355
0.02195649355
0.02195649355
0.02195649355
0.02195649355
0.02195649355
0.02195649355
0.02195649355
0.02195649355
0.02195649355
0.02195649355
0.02195649355
0.02195649355
0.02195649355
0.02195649355
0.02195649355
0.02195649355
0.02195649355
0.02195649355
0.02195649355
0.02195649355
0.02195649355
0.02195649355
0.02195649355
0.02195649355
0.02195649355
0.02195649355
0.02195649355
0.02195649355
0.02195649355
0.02195649355
0.02195649355
0.02195649355
0.02195649355
0.02195649355
0.02195649355
0.02195649355
0.02195649355
0.02195649355
0.02195649355
0.02195649355
0.02195649355
0.02195649355
0.02195649355
0.02195649355
0.02195649355
0.02195649355
0.02195649355
0.02195649355
0.02195649355
0.02195649355
0.02195649355
0.02195649355
0.02195649355
0.02195649355
0.02195649355
0.02195649355
0.02195649355
0.02195649355
0.02195649355
0.02195649355
0.02195649355
0.02195649355
0.02195649355
0.02195649355
0.02195649355
0.02195649355
0.02195649355
0.3509829468
0.3512319835
0.3513173916
0.3512007944
0.3508913142
0.3503994029
0.3497365292
0.3489146991
0.3479459458
0.346841849
0.3456131153
0.3442692411
0.3428182737
0.3412666836
0.3396193553
0.3378796899
0.3360497756
0.3341305205
0.3321216077
0.3300212762
0.3278265252
0.3255354376
0.3231532809
0.3206919623
0.318030902
0.3137209578
0.3010513502
0.2477999278
0.02271167115
0.02195678553
0.02195649371
0.02195649355
0.02195649355
0.02195649355
0.02195649355
0.02195649355
0.02195649355
0.02195649355
0.02195649355
0.02195649355
0.02195649355
0.02195649355
0.02195649355
0.02195649355
0.02195649355
0.02195649355
0.02195649355
0.02195649355
0.02195649355
0.02195649355
0.02195649355
0.02195649355
0.02195649355
0.02195649355
0.02195649355
0.02195649355
0.02195649355
0.02195649355
0.02195649355
0.02195649355
0.02195649355
0.02195649355
0.02195649355
0.02195649355
0.02195649355
0.02195649355
0.02195649355
0.02195649355
0.02195649355
0.02195649355
0.02195649355
0.02195649355
0.02195649355
0.02195649355
0.02195649355
0.02195649355
0.02195649355
0.02195649355
0.02195649355
0.02195649355
0.02195649355
0.02195649355
0.02195649355
0.02195649355
0.02195649355
0.02195649355
0.02195649355
0.02195649355
0.02195649355
0.02195649355
0.02195649355
0.02195649355
0.02195649355
0.02195649355
0.02195649355
0.02195649355
0.02195649355
0.02195649355
0.02195649355
0.02195649355
0.02195649355
0.02195649355
0.02195649355
0.02195649355
0.02195649355
0.02195649355
0.02195649355
0.02195649355
0.02195649355
0.02195649355
0.02195649355
0.02195649355
0.02195649355
0.02195649355
0.02195649355
0.02195649355
0.02195649355
0.02195649355
0.02195649355
0.02195649355
0.02195649355
0.02195649355
0.02195649355
0.02195649355
0.02195649355
0.02195649355
0.02195649355
0.02195649355
0.02195649355
0.02195649355
0.02195649355
0.02195649355
0.02195649355
0.02195649355
0.02195649355
0.02195649355
0.02195649355
0.02195649355
0.02195649355
0.02195649355
0.02195649355
0.02195649355
0.02195649355
0.02195649355
0.02195649355
0.02195649355
0.02195649355
0.02195649355
0.02195649355
0.02195649355
0.02195649355
0.02195649355
0.02195649355
0.02195649355
0.02195649355
0.02195649355
0.02195649355
0.02195649355
0.02195649355
0.02195649355
0.02195649355
0.02195649355
0.02195649355
0.02195649355
0.02195649355
0.02195649355
0.02195649355
0.02195649355
0.02195649355
0.02195649355
0.02195649355
0.02195649355
0.02195649355
0.02195649355
0.02195649355
0.02195649355
0.02195649355
0.02195649355
0.02195649355
0.02195649355
0.02195649355
0.02195649355
0.02195649355
0.02195649355
0.02195649355
0.02195649355
0.02195649355
0.02195649355
0.02195649355
0.02195649355
0.02195649355
0.02195649355
0.02195649355
0.02195649355
0.02195649355
0.02195649355
0.02195649355
0.02195649355
0.02195649355
0.02195649355
0.3503416588
0.3506035995
0.3506925962
0.3505786781
0.3502710492
0.349780216
0.3491176855
0.3482954939
0.3473257016
0.3462199179
0.3449888847
0.3436421436
0.3421878046
0.3406324275
0.3389810192
0.3372371322
0.3354030113
0.333479712
0.331467129
0.3293640954
0.3271692237
0.324883685
0.32251569
0.3200741244
0.3174428074
0.3133657032
0.3019720004
0.2578494935
0.02281647733
0.02195683626
0.02195649374
0.02195649355
0.02195649355
0.02195649355
0.02195649355
0.02195649355
0.02195649355
0.02195649355
0.02195649355
0.02195649355
0.02195649355
0.02195649355
0.02195649355
0.02195649355
0.02195649355
0.02195649355
0.02195649355
0.02195649355
0.02195649355
0.02195649355
0.02195649355
0.02195649355
0.02195649355
0.02195649355
0.02195649355
0.02195649355
0.02195649355
0.02195649355
0.02195649355
0.02195649355
0.02195649355
0.02195649355
0.02195649355
0.02195649355
0.02195649355
0.02195649355
0.02195649355
0.02195649355
0.02195649355
0.02195649355
0.02195649355
0.02195649355
0.02195649355
0.02195649355
0.02195649355
0.02195649355
0.02195649355
0.02195649355
0.02195649355
0.02195649355
0.02195649355
0.02195649355
0.02195649355
0.02195649355
0.02195649355
0.02195649355
0.02195649355
0.02195649355
0.02195649355
0.02195649355
0.02195649355
0.02195649355
0.02195649355
0.02195649355
0.02195649355
0.02195649355
0.02195649355
0.02195649355
0.02195649355
0.02195649355
0.02195649355
0.02195649355
0.02195649355
0.02195649355
0.02195649355
0.02195649355
0.02195649355
0.02195649355
0.02195649355
0.02195649355
0.02195649355
0.02195649355
0.02195649355
0.02195649355
0.02195649355
0.02195649355
0.02195649355
0.02195649355
0.02195649355
0.02195649355
0.02195649355
0.02195649355
0.02195649355
0.02195649355
0.02195649355
0.02195649355
0.02195649355
0.02195649355
0.02195649355
0.02195649355
0.02195649355
0.02195649355
0.02195649355
0.02195649355
0.02195649355
0.02195649355
0.02195649355
0.02195649355
0.02195649355
0.02195649355
0.02195649355
0.02195649355
0.02195649355
0.02195649355
0.02195649355
0.02195649355
0.02195649355
0.02195649355
0.02195649355
0.02195649355
0.02195649355
0.02195649355
0.02195649355
0.02195649355
0.02195649355
0.02195649355
0.02195649355
0.02195649355
0.02195649355
0.02195649355
0.02195649355
0.02195649355
0.02195649355
0.02195649355
0.02195649355
0.02195649355
0.02195649355
0.02195649355
0.02195649355
0.02195649355
0.02195649355
0.02195649355
0.02195649355
0.02195649355
0.02195649355
0.02195649355
0.02195649355
0.02195649355
0.02195649355
0.02195649355
0.02195649355
0.02195649355
0.02195649355
0.02195649355
0.02195649355
0.02195649355
0.02195649355
0.02195649355
0.02195649355
0.02195649355
0.02195649355
0.02195649355
0.02195649355
0.02195649355
0.02195649355
0.02195649355
0.02195649355
0.02195649355
0.02195649355
0.02195649355
0.3496952274
0.3499705969
0.3500635133
0.3499527003
0.3496473983
0.3491581308
0.3484964169
0.3476743072
0.346703887
0.3455968072
0.3443638725
0.3430147122
0.3415575513
0.3399990935
0.3383445147
0.3365975457
0.3347606012
0.3328349003
0.3308205899
0.3287170876
0.3265241768
0.3242442771
0.3218838996
0.3194409828
0.3167922614
0.3128579428
0.3025933482
0.2658750984
0.04301254995
0.02196390165
0.02195649598
0.02195649355
0.02195649355
0.02195649355
0.02195649355
0.02195649355
0.02195649355
0.02195649355
0.02195649355
0.02195649355
0.02195649355
0.02195649355
0.02195649355
0.02195649355
0.02195649355
0.02195649355
0.02195649355
0.02195649355
0.02195649355
0.02195649355
0.02195649355
0.02195649355
0.02195649355
0.02195649355
0.02195649355
0.02195649355
0.02195649355
0.02195649355
0.02195649355
0.02195649355
0.02195649355
0.02195649355
0.02195649355
0.02195649355
0.02195649355
0.02195649355
0.02195649355
0.02195649355
0.02195649355
0.02195649355
0.02195649355
0.02195649355
0.02195649355
0.02195649355
0.02195649355
0.02195649355
0.02195649355
0.02195649355
0.02195649355
0.02195649355
0.02195649355
0.02195649355
0.02195649355
0.02195649355
0.02195649355
0.02195649355
0.02195649355
0.02195649355
0.02195649355
0.02195649355
0.02195649355
0.02195649355
0.02195649355
0.02195649355
0.02195649355
0.02195649355
0.02195649355
0.02195649355
0.02195649355
0.02195649355
0.02195649355
0.02195649355
0.02195649355
0.02195649355
0.02195649355
0.02195649355
0.02195649355
0.02195649355
0.02195649355
0.02195649355
0.02195649355
0.02195649355
0.02195649355
0.02195649355
0.02195649355
0.02195649355
0.02195649355
0.02195649355
0.02195649355
0.02195649355
0.02195649355
0.02195649355
0.02195649355
0.02195649355
0.02195649355
0.02195649355
0.02195649355
0.02195649355
0.02195649355
0.02195649355
0.02195649355
0.02195649355
0.02195649355
0.02195649355
0.02195649355
0.02195649355
0.02195649355
0.02195649355
0.02195649355
0.02195649355
0.02195649355
0.02195649355
0.02195649355
0.02195649355
0.02195649355
0.02195649355
0.02195649355
0.02195649355
0.02195649355
0.02195649355
0.02195649355
0.02195649355
0.02195649355
0.02195649355
0.02195649355
0.02195649355
0.02195649355
0.02195649355
0.02195649355
0.02195649355
0.02195649355
0.02195649355
0.02195649355
0.02195649355
0.02195649355
0.02195649355
0.02195649355
0.02195649355
0.02195649355
0.02195649355
0.02195649355
0.02195649355
0.02195649355
0.02195649355
0.02195649355
0.02195649355
0.02195649355
0.02195649355
0.02195649355
0.02195649355
0.02195649355
0.02195649355
0.02195649355
0.02195649355
0.02195649355
0.02195649355
0.02195649355
0.02195649355
0.02195649355
0.02195649355
0.02195649355
0.02195649355
0.02195649355
0.02195649355
0.02195649355
0.02195649355
0.02195649355
0.02195649355
0.02195649355
0.02195649355
0.3490433609
0.3493326226
0.3494297612
0.3493224622
0.3490199781
0.3485328291
0.3478725301
0.3470511337
0.3460807431
0.3449730501
0.3437389287
0.3423881091
0.340928949
0.3393683105
0.3377115405
0.3359625319
0.3341238311
0.3321967651
0.3301816311
0.3280781413
0.3258863799
0.3236079438
0.3212442463
0.318780276
0.3160920705
0.3122987988
0.3032412259
0.2729225214
0.09155796192
0.02200789557
0.02195650878
0.02195649355
0.02195649355
0.02195649355
0.02195649355
0.02195649355
0.02195649355
0.02195649355
0.02195649355
0.02195649355
0.02195649355
0.02195649355
0.02195649355
0.02195649355
0.02195649355
0.02195649355
0.02195649355
0.02195649355
0.02195649355
0.02195649355
0.02195649355
0.02195649355
0.02195649355
0.02195649355
0.02195649355
0.02195649355
0.02195649355
0.02195649355
0.02195649355
0.02195649355
0.02195649355
0.02195649355
0.02195649355
0.02195649355
0.02195649355
0.02195649355
0.02195649355
0.02195649355
0.02195649355
0.02195649355
0.02195649355
0.02195649355
0.02195649355
0.02195649355
0.02195649355
0.02195649355
0.02195649355
0.02195649355
0.02195649355
0.02195649355
0.02195649355
0.02195649355
0.02195649355
0.02195649355
0.02195649355
0.02195649355
0.02195649355
0.02195649355
0.02195649355
0.02195649355
0.02195649355
0.02195649355
0.02195649355
0.02195649355
0.02195649355
0.02195649355
0.02195649355
0.02195649355
0.02195649355
0.02195649355
0.02195649355
0.02195649355
0.02195649355
0.02195649355
0.02195649355
0.02195649355
0.02195649355
0.02195649355
0.02195649355
0.02195649355
0.02195649355
0.02195649355
0.02195649355
0.02195649355
0.02195649355
0.02195649355
0.02195649355
0.02195649355
0.02195649355
0.02195649355
0.02195649355
0.02195649355
0.02195649355
0.02195649355
0.02195649355
0.02195649355
0.02195649355
0.02195649355
0.02195649355
0.02195649355
0.02195649355
0.02195649355
0.02195649355
0.02195649355
0.02195649355
0.02195649355
0.02195649355
0.02195649355
0.02195649355
0.02195649355
0.02195649355
0.02195649355
0.02195649355
0.02195649355
0.02195649355
0.02195649355
0.02195649355
0.02195649355
0.02195649355
0.02195649355
0.02195649355
0.02195649355
0.02195649355
0.02195649355
0.02195649355
0.02195649355
0.02195649355
0.02195649355
0.02195649355
0.02195649355
0.02195649355
0.02195649355
0.02195649355
0.02195649355
0.02195649355
0.02195649355
0.02195649355
0.02195649355
0.02195649355
0.02195649355
0.02195649355
0.02195649355
0.02195649355
0.02195649355
0.02195649355
0.02195649355
0.02195649355
0.02195649355
0.02195649355
0.02195649355
0.02195649355
0.02195649355
0.02195649355
0.02195649355
0.02195649355
0.02195649355
0.02195649355
0.02195649355
0.02195649355
0.02195649355
0.02195649355
0.02195649355
0.02195649355
0.02195649355
0.02195649355
0.02195649355
0.02195649355
0.02195649355
0.02195649355
0.02195649355
0.3483862144
0.3486897829
0.3487914348
0.3486880508
0.3483888825
0.347904437
0.3472462148
0.3464262611
0.3454566863
0.3443492119
0.3431147694
0.3417631764
0.3403029045
0.3387409465
0.3370827772
0.3353323889
0.3334923763
0.3315640616
0.3295477088
0.327442936
0.3252493069
0.3229662847
0.3205895439
0.3180955582
0.3153754571
0.3117605314
0.3039160005
0.2789446982
0.1363636103
0.02209973386
0.02195653759
0.02195649357
0.02195649355
0.02195649355
0.02195649355
0.02195649355
0.02195649355
0.02195649355
0.02195649355
0.02195649355
0.02195649355
0.02195649355
0.02195649355
0.02195649355
0.02195649355
0.02195649355
0.02195649355
0.02195649355
0.02195649355
0.02195649355
0.02195649355
0.02195649355
0.02195649355
0.02195649355
0.02195649355
0.02195649355
0.02195649355
0.02195649355
0.02195649355
0.02195649355
0.02195649355
0.02195649355
0.02195649355
0.02195649355
0.02195649355
0.02195649355
0.02195649355
0.02195649355
0.02195649355
0.02195649355
0.02195649355
0.02195649355
0.02195649355
0.02195649355
0.02195649355
0.02195649355
0.02195649355
0.02195649355
0.02195649355
0.02195649355
0.02195649355
0.02195649355
0.02195649355
0.02195649355
0.02195649355
0.02195649355
0.02195649355
0.02195649355
0.02195649355
0.02195649355
0.02195649355
0.02195649355
0.02195649355
0.02195649355
0.02195649355
0.02195649355
0.02195649355
0.02195649355
0.02195649355
0.02195649355
0.02195649355
0.02195649355
0.02195649355
0.02195649355
0.02195649355
0.02195649355
0.02195649355
0.02195649355
0.02195649355
0.02195649355
0.02195649355
0.02195649355
0.02195649355
0.02195649355
0.02195649355
0.02195649355
0.02195649355
0.02195649355
0.02195649355
0.02195649355
0.02195649355
0.02195649355
0.02195649355
0.02195649355
0.02195649355
0.02195649355
0.02195649355
0.02195649355
0.02195649355
0.02195649355
0.02195649355
0.02195649355
0.02195649355
0.02195649355
0.02195649355
0.02195649355
0.02195649355
0.02195649355
0.02195649355
0.02195649355
0.02195649355
0.02195649355
0.02195649355
0.02195649355
0.02195649355
0.02195649355
0.02195649355
0.02195649355
0.02195649355
0.02195649355
0.02195649355
0.02195649355
0.02195649355
0.02195649355
0.02195649355
0.02195649355
0.02195649355
0.02195649355
0.02195649355
0.02195649355
0.02195649355
0.02195649355
0.02195649355
0.02195649355
0.02195649355
0.02195649355
0.02195649355
0.02195649355
0.02195649355
0.02195649355
0.02195649355
0.02195649355
0.02195649355
0.02195649355
0.02195649355
0.02195649355
0.02195649355
0.02195649355
0.02195649355
0.02195649355
0.02195649355
0.02195649355
0.02195649355
0.02195649355
0.02195649355
0.02195649355
0.02195649355
0.02195649355
0.02195649355
0.02195649355
0.02195649355
0.02195649355
0.02195649355
0.02195649355
0.02195649355
0.02195649355
0.02195649355
0.02195649355
0.02195649355
0.02195649355
0.3477242646
0.3480424959
0.3481489368
0.348049852
0.3477544842
0.3472733198
0.346617837
0.3458000626
0.3448320993
0.343725678
0.3424917608
0.3411402174
0.339679588
0.3381169385
0.3364578006
0.3347061833
0.3328646382
0.330934379
0.3289154893
0.3268072355
0.3246082717
0.3223158063
0.3199215647
0.3174007208
0.3146721539
0.3112623804
0.3045214779
0.2838334896
0.1723691332
0.02222593561
0.02195658148
0.02195649359
0.02195649355
0.02195649355
0.02195649355
0.02195649355
0.02195649355
0.02195649355
0.02195649355
0.02195649355
0.02195649355
0.02195649355
0.02195649355
0.02195649355
0.02195649355
0.02195649355
0.02195649355
0.02195649355
0.02195649355
0.02195649355
0.02195649355
0.02195649355
0.02195649355
0.02195649355
0.02195649355
0.02195649355
0.02195649355
0.02195649355
0.02195649355
0.02195649355
0.02195649355
0.02195649355
0.02195649355
0.02195649355
0.02195649355
0.02195649355
0.02195649355
0.02195649355
0.02195649355
0.02195649355
0.02195649355
0.02195649355
0.02195649355
0.02195649355
0.02195649355
0.02195649355
0.02195649355
0.02195649355
0.02195649355
0.02195649355
0.02195649355
0.02195649355
0.02195649355
0.02195649355
0.02195649355
0.02195649355
0.02195649355
0.02195649355
0.02195649355
0.02195649355
0.02195649355
0.02195649355
0.02195649355
0.02195649355
0.02195649355
0.02195649355
0.02195649355
0.02195649355
0.02195649355
0.02195649355
0.02195649355
0.02195649355
0.02195649355
0.02195649355
0.02195649355
0.02195649355
0.02195649355
0.02195649355
0.02195649355
0.02195649355
0.02195649355
0.02195649355
0.02195649355
0.02195649355
0.02195649355
0.02195649355
0.02195649355
0.02195649355
0.02195649355
0.02195649355
0.02195649355
0.02195649355
0.02195649355
0.02195649355
0.02195649355
0.02195649355
0.02195649355
0.02195649355
0.02195649355
0.02195649355
0.02195649355
0.02195649355
0.02195649355
0.02195649355
0.02195649355
0.02195649355
0.02195649355
0.02195649355
0.02195649355
0.02195649355
0.02195649355
0.02195649355
0.02195649355
0.02195649355
0.02195649355
0.02195649355
0.02195649355
0.02195649355
0.02195649355
0.02195649355
0.02195649355
0.02195649355
0.02195649355
0.02195649355
0.02195649355
0.02195649355
0.02195649355
0.02195649355
0.02195649355
0.02195649355
0.02195649355
0.02195649355
0.02195649355
0.02195649355
0.02195649355
0.02195649355
0.02195649355
0.02195649355
0.02195649355
0.02195649355
0.02195649355
0.02195649355
0.02195649355
0.02195649355
0.02195649355
0.02195649355
0.02195649355
0.02195649355
0.02195649355
0.02195649355
0.02195649355
0.02195649355
0.02195649355
0.02195649355
0.02195649355
0.02195649355
0.02195649355
0.02195649355
0.02195649355
0.02195649355
0.02195649355
0.02195649355
0.02195649355
0.02195649355
0.02195649355
0.02195649355
0.02195649355
0.02195649355
0.02195649355
0.02195649355
0.3470581577
0.347391339
0.3475028168
0.3474083796
0.3471172526
0.3466398943
0.345987751
0.3451728166
0.3442071669
0.3431025152
0.3418698183
0.3405189522
0.3390584698
0.3374954444
0.3358353955
0.3340822826
0.3322385616
0.3303053031
0.3282823843
0.3261687013
0.3239621135
0.3216583786
0.3192481062
0.316711379
0.3139988121
0.3107929368
0.30497474
0.2876333464
0.2001958967
0.0223665957
0.0219566356
0.02195649361
0.02195649355
0.02195649355
0.02195649355
0.02195649355
0.02195649355
0.02195649355
0.02195649355
0.02195649355
0.02195649355
0.02195649355
0.02195649355
0.02195649355
0.02195649355
0.02195649355
0.02195649355
0.02195649355
0.02195649355
0.02195649355
0.02195649355
0.02195649355
0.02195649355
0.02195649355
0.02195649355
0.02195649355
0.02195649355
0.02195649355
0.02195649355
0.02195649355
0.02195649355
0.02195649355
0.02195649355
0.02195649355
0.02195649355
0.02195649355
0.02195649355
0.02195649355
0.02195649355
0.02195649355
0.02195649355
0.02195649355
0.02195649355
0.02195649355
0.02195649355
0.02195649355
0.02195649355
0.02195649355
0.02195649355
0.02195649355
0.02195649355
0.02195649355
0.02195649355
0.02195649355
0.02195649355
0.02195649355
0.02195649355
0.02195649355
0.02195649355
0.02195649355
0.02195649355
0.02195649355
0.02195649355
0.02195649355
0.02195649355
0.02195649355
0.02195649355
0.02195649355
0.02195649355
0.02195649355
0.02195649355
0.02195649355
0.02195649355
0.02195649355
0.02195649355
0.02195649355
0.02195649355
0.02195649355
0.02195649355
0.02195649355
0.02195649355
0.02195649355
0.02195649355
0.02195649355
0.02195649355
0.02195649355
0.02195649355
0.02195649355
0.02195649355
0.02195649355
0.02195649355
0.02195649355
0.02195649355
0.02195649355
0.02195649355
0.02195649355
0.02195649355
0.02195649355
0.02195649355
0.02195649355
0.02195649355
0.02195649355
0.02195649355
0.02195649355
0.02195649355
0.02195649355
0.02195649355
0.02195649355
0.02195649355
0.02195649355
0.02195649355
0.02195649355
0.02195649355
0.02195649355
0.02195649355
0.02195649355
0.02195649355
0.02195649355
0.02195649355
0.02195649355
0.02195649355
0.02195649355
0.02195649355
0.02195649355
0.02195649355
0.02195649355
0.02195649355
0.02195649355
0.02195649355
0.02195649355
0.02195649355
0.02195649355
0.02195649355
0.02195649355
0.02195649355
0.02195649355
0.02195649355
0.02195649355
0.02195649355
0.02195649355
0.02195649355
0.02195649355
0.02195649355
0.02195649355
0.02195649355
0.02195649355
0.02195649355
0.02195649355
0.02195649355
0.02195649355
0.02195649355
0.02195649355
0.02195649355
0.02195649355
0.02195649355
0.02195649355
0.02195649355
0.02195649355
0.02195649355
0.02195649355
0.02195649355
0.02195649355
0.02195649355
0.02195649355
0.02195649355
0.02195649355
0.02195649355
0.02195649355
0.02195649355
0.02195649355
0.3463885097
0.3467368766
0.3468536066
0.3467641144
0.3464775994
0.3460044833
0.3453561685
0.3445446008
0.3435818071
0.3424794547
0.3412484592
0.3398986592
0.3384385714
0.3368752273
0.3352140915
0.3334590527
0.3316124821
0.3296753601
0.3276474577
0.3255274859
0.3233129494
0.3209993151
0.3185785981
0.3160389834
0.3133585256
0.3103280967
0.3052236685
0.2904499685
0.2213172781
0.02250555945
0.02195669432
0.02195649365
0.02195649355
0.02195649355
0.02195649355
0.02195649355
0.02195649355
0.02195649355
0.02195649355
0.02195649355
0.02195649355
0.02195649355
0.02195649355
0.02195649355
0.02195649355
0.02195649355
0.02195649355
0.02195649355
0.02195649355
0.02195649355
0.02195649355
0.02195649355
0.02195649355
0.02195649355
0.02195649355
0.02195649355
0.02195649355
0.02195649355
0.02195649355
0.02195649355
0.02195649355
0.02195649355
0.02195649355
0.02195649355
0.02195649355
0.02195649355
0.02195649355
0.02195649355
0.02195649355
0.02195649355
0.02195649355
0.02195649355
0.02195649355
0.02195649355
0.02195649355
0.02195649355
0.02195649355
0.02195649355
0.02195649355
0.02195649355
0.02195649355
0.02195649355
0.02195649355
0.02195649355
0.02195649355
0.02195649355
0.02195649355
0.02195649355
0.02195649355
0.02195649355
0.02195649355
0.02195649355
0.02195649355
0.02195649355
0.02195649355
0.02195649355
0.02195649355
0.02195649355
0.02195649355
0.02195649355
0.02195649355
0.02195649355
0.02195649355
0.02195649355
0.02195649355
0.02195649355
0.02195649355
0.02195649355
0.02195649355
0.02195649355
0.02195649355
0.02195649355
0.02195649355
0.02195649355
0.02195649355
0.02195649355
0.02195649355
0.02195649355
0.02195649355
0.02195649355
0.02195649355
0.02195649355
0.02195649355
0.02195649355
0.02195649355
0.02195649355
0.02195649355
0.02195649355
0.02195649355
0.02195649355
0.02195649355
0.02195649355
0.02195649355
0.02195649355
0.02195649355
0.02195649355
0.02195649355
0.02195649355
0.02195649355
0.02195649355
0.02195649355
0.02195649355
0.02195649355
0.02195649355
0.02195649355
0.02195649355
0.02195649355
0.02195649355
0.02195649355
0.02195649355
0.02195649355
0.02195649355
0.02195649355
0.02195649355
0.02195649355
0.02195649355
0.02195649355
0.02195649355
0.02195649355
0.02195649355
0.02195649355
0.02195649355
0.02195649355
0.02195649355
0.02195649355
0.02195649355
0.02195649355
0.02195649355
0.02195649355
0.02195649355
0.02195649355
0.02195649355
0.02195649355
0.02195649355
0.02195649355
0.02195649355
0.02195649355
0.02195649355
0.02195649355
0.02195649355
0.02195649355
0.02195649355
0.02195649355
0.02195649355
0.02195649355
0.02195649355
0.02195649355
0.02195649355
0.02195649355
0.02195649355
0.02195649355
0.02195649355
0.02195649355
0.02195649355
0.02195649355
0.02195649355
0.02195649355
0.02195649355
0.02195649355
0.02195649355
0.345715878
0.3460795964
0.3462017426
0.3461174225
0.3458357995
0.3453672486
0.3447231161
0.3439152836
0.3429557096
0.3418559915
0.3406269761
0.3392784351
0.3378188205
0.3362551023
0.334592689
0.3328354257
0.3309856675
0.3290444199
0.3270115202
0.3248857639
0.3226648075
0.3203448184
0.3179207268
0.3153886791
0.3127444921
0.3098421638
0.3052452223
0.2924108828
0.2371270312
0.02263274696
0.02195675292
0.02195649369
0.02195649355
0.02195649355
0.02195649355
0.02195649355
0.02195649355
0.02195649355
0.02195649355
0.02195649355
0.02195649355
0.02195649355
0.02195649355
0.02195649355
0.02195649355
0.02195649355
0.02195649355
0.02195649355
0.02195649355
0.02195649355
0.02195649355
0.02195649355
0.02195649355
0.02195649355
0.02195649355
0.02195649355
0.02195649355
0.02195649355
0.02195649355
0.02195649355
0.02195649355
0.02195649355
0.02195649355
0.02195649355
0.02195649355
0.02195649355
0.02195649355
0.02195649355
0.02195649355
0.02195649355
0.02195649355
0.02195649355
0.02195649355
0.02195649355
0.02195649355
0.02195649355
0.02195649355
0.02195649355
0.02195649355
0.02195649355
0.02195649355
0.02195649355
0.02195649355
0.02195649355
0.02195649355
0.02195649355
0.02195649355
0.02195649355
0.02195649355
0.02195649355
0.02195649355
0.02195649355
0.02195649355
0.02195649355
0.02195649355
0.02195649355
0.02195649355
0.02195649355
0.02195649355
0.02195649355
0.02195649355
0.02195649355
0.02195649355
0.02195649355
0.02195649355
0.02195649355
0.02195649355
0.02195649355
0.02195649355
0.02195649355
0.02195649355
0.02195649355
0.02195649355
0.02195649355
0.02195649355
0.02195649355
0.02195649355
0.02195649355
0.02195649355
0.02195649355
0.02195649355
0.02195649355
0.02195649355
0.02195649355
0.02195649355
0.02195649355
0.02195649355
0.02195649355
0.02195649355
0.02195649355
0.02195649355
0.02195649355
0.02195649355
0.02195649355
0.02195649355
0.02195649355
0.02195649355
0.02195649355
0.02195649355
0.02195649355
0.02195649355
0.02195649355
0.02195649355
0.02195649355
0.02195649355
0.02195649355
0.02195649355
0.02195649355
0.02195649355
0.02195649355
0.02195649355
0.02195649355
0.02195649355
0.02195649355
0.02195649355
0.02195649355
0.02195649355
0.02195649355
0.02195649355
0.02195649355
0.02195649355
0.02195649355
0.02195649355
0.02195649355
0.02195649355
0.02195649355
0.02195649355
0.02195649355
0.02195649355
0.02195649355
0.02195649355
0.02195649355
0.02195649355
0.02195649355
0.02195649355
0.02195649355
0.02195649355
0.02195649355
0.02195649355
0.02195649355
0.02195649355
0.02195649355
0.02195649355
0.02195649355
0.02195649355
0.02195649355
0.02195649355
0.02195649355
0.02195649355
0.02195649355
0.02195649355
0.02195649355
0.02195649355
0.02195649355
0.02195649355
0.02195649355
0.02195649355
0.02195649355
0.02195649355
0.02195649355
0.3450406027
0.3454198021
0.3455474845
0.3454684963
0.3451919563
0.3447281842
0.3440884598
0.3432845888
0.3423284478
0.3412315507
0.340004662
0.3386574772
0.337198382
0.335634297
0.3339706085
0.332211182
0.3303584538
0.3284135866
0.326376653
0.3242467673
0.3220221389
0.3197002576
0.3172789672
0.3147598327
0.3121449394
0.3093144934
0.3050409183
0.2936577007
0.2488591516
0.02275080726
0.0219568099
0.02195649373
0.02195649355
0.02195649355
0.02195649355
0.02195649355
0.02195649355
0.02195649355
0.02195649355
0.02195649355
0.02195649355
0.02195649355
0.02195649355
0.02195649355
0.02195649355
0.02195649355
0.02195649355
0.02195649355
0.02195649355
0.02195649355
0.02195649355
0.02195649355
0.02195649355
0.02195649355
0.02195649355
0.02195649355
0.02195649355
0.02195649355
0.02195649355
0.02195649355
0.02195649355
0.02195649355
0.02195649355
0.02195649355
0.02195649355
0.02195649355
0.02195649355
0.02195649355
0.02195649355
0.02195649355
0.02195649355
0.02195649355
0.02195649355
0.02195649355
0.02195649355
0.02195649355
0.02195649355
0.02195649355
0.02195649355
0.02195649355
0.02195649355
0.02195649355
0.02195649355
0.02195649355
0.02195649355
0.02195649355
0.02195649355
0.02195649355
0.02195649355
0.02195649355
0.02195649355
0.02195649355
0.02195649355
0.02195649355
0.02195649355
0.02195649355
0.02195649355
0.02195649355
0.02195649355
0.02195649355
0.02195649355
0.02195649355
0.02195649355
0.02195649355
0.02195649355
0.02195649355
0.02195649355
0.02195649355
0.02195649355
0.02195649355
0.02195649355
0.02195649355
0.02195649355
0.02195649355
0.02195649355
0.02195649355
0.02195649355
0.02195649355
0.02195649355
0.02195649355
0.02195649355
0.02195649355
0.02195649355
0.02195649355
0.02195649355
0.02195649355
0.02195649355
0.02195649355
0.02195649355
0.02195649355
0.02195649355
0.02195649355
0.02195649355
0.02195649355
0.02195649355
0.02195649355
0.02195649355
0.02195649355
0.02195649355
0.02195649355
0.02195649355
0.02195649355
0.02195649355
0.02195649355
0.02195649355
0.02195649355
0.02195649355
0.02195649355
0.02195649355
0.02195649355
0.02195649355
0.02195649355
0.02195649355
0.02195649355
0.02195649355
0.02195649355
0.02195649355
0.02195649355
0.02195649355
0.02195649355
0.02195649355
0.02195649355
0.02195649355
0.02195649355
0.02195649355
0.02195649355
0.02195649355
0.02195649355
0.02195649355
0.02195649355
0.02195649355
0.02195649355
0.02195649355
0.02195649355
0.02195649355
0.02195649355
0.02195649355
0.02195649355
0.02195649355
0.02195649355
0.02195649355
0.02195649355
0.02195649355
0.02195649355
0.02195649355
0.02195649355
0.02195649355
0.02195649355
0.02195649355
0.02195649355
0.02195649355
0.02195649355
0.02195649355
0.02195649355
0.02195649355
0.02195649355
0.02195649355
0.02195649355
0.02195649355
0.02195649355
0.3443628882
0.3447576493
0.3448909394
0.3448173803
0.3445460377
0.3440871698
0.3434519838
0.3426522035
0.3416996192
0.3406056594
0.3393810092
0.338035298
0.3365768659
0.3350126199
0.3333479775
0.3315868972
0.3297319847
0.3277846554
0.3257453111
0.3236135177
0.3213882101
0.319068015
0.3166526832
0.3141451733
0.3115437043
0.3087326846
0.3046614515
0.2945078013
0.2580042787
0.04588359342
0.02196524362
0.02195649635
0.02195649355
0.02195649355
0.02195649355
0.02195649355
0.02195649355
0.02195649355
0.02195649355
0.02195649355
0.02195649355
0.02195649355
0.02195649355
0.02195649355
0.02195649355
0.02195649355
0.02195649355
0.02195649355
0.02195649355
0.02195649355
0.02195649355
0.02195649355
0.02195649355
0.02195649355
0.02195649355
0.02195649355
0.02195649355
0.02195649355
0.02195649355
0.02195649355
0.02195649355
0.02195649355
0.02195649355
0.02195649355
0.02195649355
0.02195649355
0.02195649355
0.02195649355
0.02195649355
0.02195649355
0.02195649355
0.02195649355
0.02195649355
0.02195649355
0.02195649355
0.02195649355
0.02195649355
0.02195649355
0.02195649355
0.02195649355
0.02195649355
0.02195649355
0.02195649355
0.02195649355
0.02195649355
0.02195649355
0.02195649355
0.02195649355
0.02195649355
0.02195649355
0.02195649355
0.02195649355
0.02195649355
0.02195649355
0.02195649355
0.02195649355
0.02195649355
0.02195649355
0.02195649355
0.02195649355
0.02195649355
0.02195649355
0.02195649355
0.02195649355
0.02195649355
0.02195649355
0.02195649355
0.02195649355
0.02195649355
0.02195649355
0.02195649355
0.02195649355
0.02195649355
0.02195649355
0.02195649355
0.02195649355
0.02195649355
0.02195649355
0.02195649355
0.02195649355
0.02195649355
0.02195649355
0.02195649355
0.02195649355
0.02195649355
0.02195649355
0.02195649355
0.02195649355
0.02195649355
0.02195649355
0.02195649355
0.02195649355
0.02195649355
0.02195649355
0.02195649355
0.02195649355
0.02195649355
0.02195649355
0.02195649355
0.02195649355
0.02195649355
0.02195649355
0.02195649355
0.02195649355
0.02195649355
0.02195649355
0.02195649355
0.02195649355
0.02195649355
0.02195649355
0.02195649355
0.02195649355
0.02195649355
0.02195649355
0.02195649355
0.02195649355
0.02195649355
0.02195649355
0.02195649355
0.02195649355
0.02195649355
0.02195649355
0.02195649355
0.02195649355
0.02195649355
0.02195649355
0.02195649355
0.02195649355
0.02195649355
0.02195649355
0.02195649355
0.02195649355
0.02195649355
0.02195649355
0.02195649355
0.02195649355
0.02195649355
0.02195649355
0.02195649355
0.02195649355
0.02195649355
0.02195649355
0.02195649355
0.02195649355
0.02195649355
0.02195649355
0.02195649355
0.02195649355
0.02195649355
0.02195649355
0.02195649355
0.02195649355
0.02195649355
0.02195649355
0.02195649355
0.02195649355
0.02195649355
0.02195649355
0.02195649355
0.02195649355
0.3436827175
0.3440931191
0.3442320659
0.3441639984
0.3438979251
0.3434440406
0.3428134786
0.3420178826
0.3410689612
0.3399780666
0.3387558203
0.3374118085
0.3359543586
0.3343904054
0.3327254475
0.3309635869
0.3291076394
0.327159285
0.3251192443
0.3229875174
0.3207634381
0.3184461743
0.3160356455
0.3135324217
0.3109257725
0.308101841
0.3042009543
0.2952925707
0.265728372
0.09501158643
0.02201246103
0.02195651012
0.02195649355
0.02195649355
0.02195649355
0.02195649355
0.02195649355
0.02195649355
0.02195649355
0.02195649355
0.02195649355
0.02195649355
0.02195649355
0.02195649355
0.02195649355
0.02195649355
0.02195649355
0.02195649355
0.02195649355
0.02195649355
0.02195649355
0.02195649355
0.02195649355
0.02195649355
0.02195649355
0.02195649355
0.02195649355
0.02195649355
0.02195649355
0.02195649355
0.02195649355
0.02195649355
0.02195649355
0.02195649355
0.02195649355
0.02195649355
0.02195649355
0.02195649355
0.02195649355
0.02195649355
0.02195649355
0.02195649355
0.02195649355
0.02195649355
0.02195649355
0.02195649355
0.02195649355
0.02195649355
0.02195649355
0.02195649355
0.02195649355
0.02195649355
0.02195649355
0.02195649355
0.02195649355
0.02195649355
0.02195649355
0.02195649355
0.02195649355
0.02195649355
0.02195649355
0.02195649355
0.02195649355
0.02195649355
0.02195649355
0.02195649355
0.02195649355
0.02195649355
0.02195649355
0.02195649355
0.02195649355
0.02195649355
0.02195649355
0.02195649355
0.02195649355
0.02195649355
0.02195649355
0.02195649355
0.02195649355
0.02195649355
0.02195649355
0.02195649355
0.02195649355
0.02195649355
0.02195649355
0.02195649355
0.02195649355
0.02195649355
0.02195649355
0.02195649355
0.02195649355
0.02195649355
0.02195649355
0.02195649355
0.02195649355
0.02195649355
0.02195649355
0.02195649355
0.02195649355
0.02195649355
0.02195649355
0.02195649355
0.02195649355
0.02195649355
0.02195649355
0.02195649355
0.02195649355
0.02195649355
0.02195649355
0.02195649355
0.02195649355
0.02195649355
0.02195649355
0.02195649355
0.02195649355
0.02195649355
0.02195649355
0.02195649355
0.02195649355
0.02195649355
0.02195649355
0.02195649355
0.02195649355
0.02195649355
0.02195649355
0.02195649355
0.02195649355
0.02195649355
0.02195649355
0.02195649355
0.02195649355
0.02195649355
0.02195649355
0.02195649355
0.02195649355
0.02195649355
0.02195649355
0.02195649355
0.02195649355
0.02195649355
0.02195649355
0.02195649355
0.02195649355
0.02195649355
0.02195649355
0.02195649355
0.02195649355
0.02195649355
0.02195649355
0.02195649355
0.02195649355
0.02195649355
0.02195649355
0.02195649355
0.02195649355
0.02195649355
0.02195649355
0.02195649355
0.02195649355
0.02195649355
0.02195649355
0.02195649355
0.02195649355
0.02195649355
0.02195649355
0.02195649355
0.02195649355
0.02195649355
0.02195649355
0.02195649355
0.3429999831
0.3434261044
0.3435707474
0.3435082239
0.343247483
0.3427986573
0.3421728113
0.3413815148
0.3404364058
0.3393487758
0.3381292037
0.3367872589
0.335331286
0.3337682784
0.3321038393
0.3303422212
0.3284864219
0.3265383027
0.3244988606
0.3223681719
0.3201455989
0.3178300611
0.3154202189
0.3129125758
0.3102888871
0.3074471813
0.3037307487
0.2960364183
0.2721182631
0.1397191896
0.02210855747
0.02195654056
0.02195649357
0.02195649355
0.02195649355
0.02195649355
0.02195649355
0.02195649355
0.02195649355
0.02195649355
0.02195649355
0.02195649355
0.02195649355
0.02195649355
0.02195649355
0.02195649355
0.02195649355
0.02195649355
0.02195649355
0.02195649355
0.02195649355
0.02195649355
0.02195649355
0.02195649355
0.02195649355
0.02195649355
0.02195649355
0.02195649355
0.02195649355
0.02195649355
0.02195649355
0.02195649355
0.02195649355
0.02195649355
0.02195649355
0.02195649355
0.02195649355
0.02195649355
0.02195649355
0.02195649355
0.02195649355
0.02195649355
0.02195649355
0.02195649355
0.02195649355
0.02195649355
0.02195649355
0.02195649355
0.02195649355
0.02195649355
0.02195649355
0.02195649355
0.02195649355
0.02195649355
0.02195649355
0.02195649355
0.02195649355
0.02195649355
0.02195649355
0.02195649355
0.02195649355
0.02195649355
0.02195649355
0.02195649355
0.02195649355
0.02195649355
0.02195649355
0.02195649355
0.02195649355
0.02195649355
0.02195649355
0.02195649355
0.02195649355
0.02195649355
0.02195649355
0.02195649355
0.02195649355
0.02195649355
0.02195649355
0.02195649355
0.02195649355
0.02195649355
0.02195649355
0.02195649355
0.02195649355
0.02195649355
0.02195649355
0.02195649355
0.02195649355
0.02195649355
0.02195649355
0.02195649355
0.02195649355
0.02195649355
0.02195649355
0.02195649355
0.02195649355
0.02195649355
0.02195649355
0.02195649355
0.02195649355
0.02195649355
0.02195649355
0.02195649355
0.02195649355
0.02195649355
0.02195649355
0.02195649355
0.02195649355
0.02195649355
0.02195649355
0.02195649355
0.02195649355
0.02195649355
0.02195649355
0.02195649355
0.02195649355
0.02195649355
0.02195649355
0.02195649355
0.02195649355
0.02195649355
0.02195649355
0.02195649355
0.02195649355
0.02195649355
0.02195649355
0.02195649355
0.02195649355
0.02195649355
0.02195649355
0.02195649355
0.02195649355
0.02195649355
0.02195649355
0.02195649355
0.02195649355
0.02195649355
0.02195649355
0.02195649355
0.02195649355
0.02195649355
0.02195649355
0.02195649355
0.02195649355
0.02195649355
0.02195649355
0.02195649355
0.02195649355
0.02195649355
0.02195649355
0.02195649355
0.02195649355
0.02195649355
0.02195649355
0.02195649355
0.02195649355
0.02195649355
0.02195649355
0.02195649355
0.02195649355
0.02195649355
0.02195649355
0.02195649355
0.02195649355
0.02195649355
0.02195649355
0.02195649355
0.02195649355
0.02195649355
0.3423145253
0.3427564622
0.342906849
0.3428499358
0.3425946123
0.3421509527
0.3415299589
0.3407431368
0.3398020663
0.3387179941
0.3375014751
0.3361620808
0.334708189
0.3331468585
0.3314837861
0.3297233317
0.3278685808
0.3259215514
0.3238831945
0.3217534505
0.3195313467
0.3172150539
0.3148015067
0.3122838545
0.3096415248
0.306795223
0.3032773915
0.2966689373
0.277164458
0.1751332662
0.02223863844
0.02195658663
0.02195649359
0.02195649355
0.02195649355
0.02195649355
0.02195649355
0.02195649355
0.02195649355
0.02195649355
0.02195649355
0.02195649355
0.02195649355
0.02195649355
0.02195649355
0.02195649355
0.02195649355
0.02195649355
0.02195649355
0.02195649355
0.02195649355
0.02195649355
0.02195649355
0.02195649355
0.02195649355
0.02195649355
0.02195649355
0.02195649355
0.02195649355
0.02195649355
0.02195649355
0.02195649355
0.02195649355
0.02195649355
0.02195649355
0.02195649355
0.02195649355
0.02195649355
0.02195649355
0.02195649355
0.02195649355
0.02195649355
0.02195649355
0.02195649355
0.02195649355
0.02195649355
0.02195649355
0.02195649355
0.02195649355
0.02195649355
0.02195649355
0.02195649355
0.02195649355
0.02195649355
0.02195649355
0.02195649355
0.02195649355
0.02195649355
0.02195649355
0.02195649355
0.02195649355
0.02195649355
0.02195649355
0.02195649355
0.02195649355
0.02195649355
0.02195649355
0.02195649355
0.02195649355
0.02195649355
0.02195649355
0.02195649355
0.02195649355
0.02195649355
0.02195649355
0.02195649355
0.02195649355
0.02195649355
0.02195649355
0.02195649355
0.02195649355
0.02195649355
0.02195649355
0.02195649355
0.02195649355
0.02195649355
0.02195649355
0.02195649355
0.02195649355
0.02195649355
0.02195649355
0.02195649355
0.02195649355
0.02195649355
0.02195649355
0.02195649355
0.02195649355
0.02195649355
0.02195649355
0.02195649355
0.02195649355
0.02195649355
0.02195649355
0.02195649355
0.02195649355
0.02195649355
0.02195649355
0.02195649355
0.02195649355
0.02195649355
0.02195649355
0.02195649355
0.02195649355
0.02195649355
0.02195649355
0.02195649355
0.02195649355
0.02195649355
0.02195649355
0.02195649355
0.02195649355
0.02195649355
0.02195649355
0.02195649355
0.02195649355
0.02195649355
0.02195649355
0.02195649355
0.02195649355
0.02195649355
0.02195649355
0.02195649355
0.02195649355
0.02195649355
0.02195649355
0.02195649355
0.02195649355
0.02195649355
0.02195649355
0.02195649355
0.02195649355
0.02195649355
0.02195649355
0.02195649355
0.02195649355
0.02195649355
0.02195649355
0.02195649355
0.02195649355
0.02195649355
0.02195649355
0.02195649355
0.02195649355
0.02195649355
0.02195649355
0.02195649355
0.02195649355
0.02195649355
0.02195649355
0.02195649355
0.02195649355
0.02195649355
0.02195649355
0.02195649355
0.02195649355
0.02195649355
0.02195649355
0.02195649355
0.02195649355
0.02195649355
0.3416262094
0.342084075
0.3422402706
0.3421890625
0.3419392805
0.3415009448
0.3408850007
0.3401028986
0.33916617
0.3380860277
0.3368730117
0.3355367014
0.3340855046
0.3325265275
0.3308655184
0.3291068654
0.3272537164
0.3253080361
0.3232705949
0.3211410422
0.3189179363
0.3165986773
0.3141789454
0.3116506232
0.308996174
0.3061635008
0.3028383715
0.2971247913
0.2809802324
0.2020547999
0.02238171549
0.02195664322
0.02195649362
0.02195649355
0.02195649355
0.02195649355
0.02195649355
0.02195649355
0.02195649355
0.02195649355
0.02195649355
0.02195649355
0.02195649355
0.02195649355
0.02195649355
0.02195649355
0.02195649355
0.02195649355
0.02195649355
0.02195649355
0.02195649355
0.02195649355
0.02195649355
0.02195649355
0.02195649355
0.02195649355
0.02195649355
0.02195649355
0.02195649355
0.02195649355
0.02195649355
0.02195649355
0.02195649355
0.02195649355
0.02195649355
0.02195649355
0.02195649355
0.02195649355
0.02195649355
0.02195649355
0.02195649355
0.02195649355
0.02195649355
0.02195649355
0.02195649355
0.02195649355
0.02195649355
0.02195649355
0.02195649355
0.02195649355
0.02195649355
0.02195649355
0.02195649355
0.02195649355
0.02195649355
0.02195649355
0.02195649355
0.02195649355
0.02195649355
0.02195649355
0.02195649355
0.02195649355
0.02195649355
0.02195649355
0.02195649355
0.02195649355
0.02195649355
0.02195649355
0.02195649355
0.02195649355
0.02195649355
0.02195649355
0.02195649355
0.02195649355
0.02195649355
0.02195649355
0.02195649355
0.02195649355
0.02195649355
0.02195649355
0.02195649355
0.02195649355
0.02195649355
0.02195649355
0.02195649355
0.02195649355
0.02195649355
0.02195649355
0.02195649355
0.02195649355
0.02195649355
0.02195649355
0.02195649355
0.02195649355
0.02195649355
0.02195649355
0.02195649355
0.02195649355
0.02195649355
0.02195649355
0.02195649355
0.02195649355
0.02195649355
0.02195649355
0.02195649355
0.02195649355
0.02195649355
0.02195649355
0.02195649355
0.02195649355
0.02195649355
0.02195649355
0.02195649355
0.02195649355
0.02195649355
0.02195649355
0.02195649355
0.02195649355
0.02195649355
0.02195649355
0.02195649355
0.02195649355
0.02195649355
0.02195649355
0.02195649355
0.02195649355
0.02195649355
0.02195649355
0.02195649355
0.02195649355
0.02195649355
0.02195649355
0.02195649355
0.02195649355
0.02195649355
0.02195649355
0.02195649355
0.02195649355
0.02195649355
0.02195649355
0.02195649355
0.02195649355
0.02195649355
0.02195649355
0.02195649355
0.02195649355
0.02195649355
0.02195649355
0.02195649355
0.02195649355
0.02195649355
0.02195649355
0.02195649355
0.02195649355
0.02195649355
0.02195649355
0.02195649355
0.02195649355
0.02195649355
0.02195649355
0.02195649355
0.02195649355
0.02195649355
0.02195649355
0.02195649355
0.02195649355
0.02195649355
0.02195649355
0.02195649355
0.02195649355
0.3409349326
0.3414088682
0.341570964
0.3415255915
0.3412815198
0.3408487177
0.3402380781
0.3394609995
0.3385289693
0.3374531682
0.3362441199
0.3349114031
0.3334634366
0.3319073386
0.3302488517
0.3284923557
0.3266409828
0.3246965259
0.3226595403
0.3205293898
0.3183042824
0.3159812114
0.3135555575
0.3110200928
0.3083634348
0.3055583024
0.3023971485
0.2973629184
0.2837209292
0.2221233776
0.02252121725
0.02195670441
0.02195649366
0.02195649355
0.02195649355
0.02195649355
0.02195649355
0.02195649355
0.02195649355
0.02195649355
0.02195649355
0.02195649355
0.02195649355
0.02195649355
0.02195649355
0.02195649355
0.02195649355
0.02195649355
0.02195649355
0.02195649355
0.02195649355
0.02195649355
0.02195649355
0.02195649355
0.02195649355
0.02195649355
0.02195649355
0.02195649355
0.02195649355
0.02195649355
0.02195649355
0.02195649355
0.02195649355
0.02195649355
0.02195649355
0.02195649355
0.02195649355
0.02195649355
0.02195649355
0.02195649355
0.02195649355
0.02195649355
0.02195649355
0.02195649355
0.02195649355
0.02195649355
0.02195649355
0.02195649355
0.02195649355
0.02195649355
0.02195649355
0.02195649355
0.02195649355
0.02195649355
0.02195649355
0.02195649355
0.02195649355
0.02195649355
0.02195649355
0.02195649355
0.02195649355
0.02195649355
0.02195649355
0.02195649355
0.02195649355
0.02195649355
0.02195649355
0.02195649355
0.02195649355
0.02195649355
0.02195649355
0.02195649355
0.02195649355
0.02195649355
0.02195649355
0.02195649355
0.02195649355
0.02195649355
0.02195649355
0.02195649355
0.02195649355
0.02195649355
0.02195649355
0.02195649355
0.02195649355
0.02195649355
0.02195649355
0.02195649355
0.02195649355
0.02195649355
0.02195649355
0.02195649355
0.02195649355
0.02195649355
0.02195649355
0.02195649355
0.02195649355
0.02195649355
0.02195649355
0.02195649355
0.02195649355
0.02195649355
0.02195649355
0.02195649355
0.02195649355
0.02195649355
0.02195649355
0.02195649355
0.02195649355
0.02195649355
0.02195649355
0.02195649355
0.02195649355
0.02195649355
0.02195649355
0.02195649355
0.02195649355
0.02195649355
0.02195649355
0.02195649355
0.02195649355
0.02195649355
0.02195649355
0.02195649355
0.02195649355
0.02195649355
0.02195649355
0.02195649355
0.02195649355
0.02195649355
0.02195649355
0.02195649355
0.02195649355
0.02195649355
0.02195649355
0.02195649355
0.02195649355
0.02195649355
0.02195649355
0.02195649355
0.02195649355
0.02195649355
0.02195649355
0.02195649355
0.02195649355
0.02195649355
0.02195649355
0.02195649355
0.02195649355
0.02195649355
0.02195649355
0.02195649355
0.02195649355
0.02195649355
0.02195649355
0.02195649355
0.02195649355
0.02195649355
0.02195649355
0.02195649355
0.02195649355
0.02195649355
0.02195649355
0.02195649355
0.02195649355
0.02195649355
0.02195649355
0.02195649355
0.02195649355
0.02195649355
0.3402406637
0.3407308299
0.34089894
0.3408595641
0.3406214077
0.3401943878
0.3395893444
0.3388176235
0.3378906649
0.3368196112
0.3356149588
0.3342862678
0.332841941
0.3312890714
0.3296333461
0.3278791707
0.3260295362
0.3240860967
0.3220492486
0.3199182159
0.3176911386
0.3153651187
0.3129361626
0.3103992876
0.3077495827
0.3049763487
0.30193346
0.2973674506
0.2855512997
0.2368664304
0.02264976093
0.02195676569
0.0219564937
0.02195649355
0.02195649355
0.02195649355
0.02195649355
0.02195649355
0.02195649355
0.02195649355
0.02195649355
0.02195649355
0.02195649355
0.02195649355
0.02195649355
0.02195649355
0.02195649355
0.02195649355
0.02195649355
0.02195649355
0.02195649355
0.02195649355
0.02195649355
0.02195649355
0.02195649355
0.02195649355
0.02195649355
0.02195649355
0.02195649355
0.02195649355
0.02195649355
0.02195649355
0.02195649355
0.02195649355
0.02195649355
0.02195649355
0.02195649355
0.02195649355
0.02195649355
0.02195649355
0.02195649355
0.02195649355
0.02195649355
0.02195649355
0.02195649355
0.02195649355
0.02195649355
0.02195649355
0.02195649355
0.02195649355
0.02195649355
0.02195649355
0.02195649355
0.02195649355
0.02195649355
0.02195649355
0.02195649355
0.02195649355
0.02195649355
0.02195649355
0.02195649355
0.02195649355
0.02195649355
0.02195649355
0.02195649355
0.02195649355
0.02195649355
0.02195649355
0.02195649355
0.02195649355
0.02195649355
0.02195649355
0.02195649355
0.02195649355
0.02195649355
0.02195649355
0.02195649355
0.02195649355
0.02195649355
0.02195649355
0.02195649355
0.02195649355
0.02195649355
0.02195649355
0.02195649355
0.02195649355
0.02195649355
0.02195649355
0.02195649355
0.02195649355
0.02195649355
0.02195649355
0.02195649355
0.02195649355
0.02195649355
0.02195649355
0.02195649355
0.02195649355
0.02195649355
0.02195649355
0.02195649355
0.02195649355
0.02195649355
0.02195649355
0.02195649355
0.02195649355
0.02195649355
0.02195649355
0.02195649355
0.02195649355
0.02195649355
0.02195649355
0.02195649355
0.02195649355
0.02195649355
0.02195649355
0.02195649355
0.02195649355
0.02195649355
0.02195649355
0.02195649355
0.02195649355
0.02195649355
0.02195649355
0.02195649355
0.02195649355
0.02195649355
0.02195649355
0.02195649355
0.02195649355
0.02195649355
0.02195649355
0.02195649355
0.02195649355
0.02195649355
0.02195649355
0.02195649355
0.02195649355
0.02195649355
0.02195649355
0.02195649355
0.02195649355
0.02195649355
0.02195649355
0.02195649355
0.02195649355
0.02195649355
0.02195649355
0.02195649355
0.02195649355
0.02195649355
0.02195649355
0.02195649355
0.02195649355
0.02195649355
0.02195649355
0.02195649355
0.02195649355
0.02195649355
0.02195649355
0.02195649355
0.02195649355
0.02195649355
0.02195649355
0.02195649355
0.02195649355
0.02195649355
0.02195649355
0.02195649355
0.02195649355
0.3395434382
0.3400500044
0.3402242569
0.3401910564
0.3399590394
0.3395380675
0.3389389233
0.338172894
0.3372513637
0.336185425
0.3349855316
0.3336612047
0.3322208052
0.3306713662
0.3290185815
0.3272667877
0.3254188883
0.3234764672
0.321439894
0.3193084601
0.3170805401
0.3147537654
0.3123252797
0.3097925064
0.307154839
0.304407585
0.3014300306
0.2971576425
0.2867168642
0.2478022705
0.03317438658
0.02195972469
0.0219564947
0.02195649355
0.02195649355
0.02195649355
0.02195649355
0.02195649355
0.02195649355
0.02195649355
0.02195649355
0.02195649355
0.02195649355
0.02195649355
0.02195649355
0.02195649355
0.02195649355
0.02195649355
0.02195649355
0.02195649355
0.02195649355
0.02195649355
0.02195649355
0.02195649355
0.02195649355
0.02195649355
0.02195649355
0.02195649355
0.02195649355
0.02195649355
0.02195649355
0.02195649355
0.02195649355
0.02195649355
0.02195649355
0.02195649355
0.02195649355
0.02195649355
0.02195649355
0.02195649355
0.02195649355
0.02195649355
0.02195649355
0.02195649355
0.02195649355
0.02195649355
0.02195649355
0.02195649355
0.02195649355
0.02195649355
0.02195649355
0.02195649355
0.02195649355
0.02195649355
0.02195649355
0.02195649355
0.02195649355
0.02195649355
0.02195649355
0.02195649355
0.02195649355
0.02195649355
0.02195649355
0.02195649355
0.02195649355
0.02195649355
0.02195649355
0.02195649355
0.02195649355
0.02195649355
0.02195649355
0.02195649355
0.02195649355
0.02195649355
0.02195649355
0.02195649355
0.02195649355
0.02195649355
0.02195649355
0.02195649355
0.02195649355
0.02195649355
0.02195649355
0.02195649355
0.02195649355
0.02195649355
0.02195649355
0.02195649355
0.02195649355
0.02195649355
0.02195649355
0.02195649355
0.02195649355
0.02195649355
0.02195649355
0.02195649355
0.02195649355
0.02195649355
0.02195649355
0.02195649355
0.02195649355
0.02195649355
0.02195649355
0.02195649355
0.02195649355
0.02195649355
0.02195649355
0.02195649355
0.02195649355
0.02195649355
0.02195649355
0.02195649355
0.02195649355
0.02195649355
0.02195649355
0.02195649355
0.02195649355
0.02195649355
0.02195649355
0.02195649355
0.02195649355
0.02195649355
0.02195649355
0.02195649355
0.02195649355
0.02195649355
0.02195649355
0.02195649355
0.02195649355
0.02195649355
0.02195649355
0.02195649355
0.02195649355
0.02195649355
0.02195649355
0.02195649355
0.02195649355
0.02195649355
0.02195649355
0.02195649355
0.02195649355
0.02195649355
0.02195649355
0.02195649355
0.02195649355
0.02195649355
0.02195649355
0.02195649355
0.02195649355
0.02195649355
0.02195649355
0.02195649355
0.02195649355
0.02195649355
0.02195649355
0.02195649355
0.02195649355
0.02195649355
0.02195649355
0.02195649355
0.02195649355
0.02195649355
0.02195649355
0.02195649355
0.02195649355
0.02195649355
0.02195649355
0.02195649355
0.02195649355
0.02195649355
0.3388433654
0.339366487
0.3395470083
0.339520162
0.3392945071
0.3388798434
0.3382868884
0.3375268612
0.336611079
0.3355505719
0.3343557357
0.3330360372
0.3315997795
0.3300539477
0.3284042685
0.3266550017
0.3248090368
0.3228679885
0.3208323371
0.3187016053
0.316474567
0.314149486
0.311724486
0.3091983203
0.3065710499
0.3038351534
0.3008783506
0.2968178019
0.2876835638
0.2567218394
0.08260948871
0.02199516701
0.02195650485
0.02195649355
0.02195649355
0.02195649355
0.02195649355
0.02195649355
0.02195649355
0.02195649355
0.02195649355
0.02195649355
0.02195649355
0.02195649355
0.02195649355
0.02195649355
0.02195649355
0.02195649355
0.02195649355
0.02195649355
0.02195649355
0.02195649355
0.02195649355
0.02195649355
0.02195649355
0.02195649355
0.02195649355
0.02195649355
0.02195649355
0.02195649355
0.02195649355
0.02195649355
0.02195649355
0.02195649355
0.02195649355
0.02195649355
0.02195649355
0.02195649355
0.02195649355
0.02195649355
0.02195649355
0.02195649355
0.02195649355
0.02195649355
0.02195649355
0.02195649355
0.02195649355
0.02195649355
0.02195649355
0.02195649355
0.02195649355
0.02195649355
0.02195649355
0.02195649355
0.02195649355
0.02195649355
0.02195649355
0.02195649355
0.02195649355
0.02195649355
0.02195649355
0.02195649355
0.02195649355
0.02195649355
0.02195649355
0.02195649355
0.02195649355
0.02195649355
0.02195649355
0.02195649355
0.02195649355
0.02195649355
0.02195649355
0.02195649355
0.02195649355
0.02195649355
0.02195649355
0.02195649355
0.02195649355
0.02195649355
0.02195649355
0.02195649355
0.02195649355
0.02195649355
0.02195649355
0.02195649355
0.02195649355
0.02195649355
0.02195649355
0.02195649355
0.02195649355
0.02195649355
0.02195649355
0.02195649355
0.02195649355
0.02195649355
0.02195649355
0.02195649355
0.02195649355
0.02195649355
0.02195649355
0.02195649355
0.02195649355
0.02195649355
0.02195649355
0.02195649355
0.02195649355
0.02195649355
0.02195649355
0.02195649355
0.02195649355
0.02195649355
0.02195649355
0.02195649355
0.02195649355
0.02195649355
0.02195649355
0.02195649355
0.02195649355
0.02195649355
0.02195649355
0.02195649355
0.02195649355
0.02195649355
0.02195649355
0.02195649355
0.02195649355
0.02195649355
0.02195649355
0.02195649355
0.02195649355
0.02195649355
0.02195649355
0.02195649355
0.02195649355
0.02195649355
0.02195649355
0.02195649355
0.02195649355
0.02195649355
0.02195649355
0.02195649355
0.02195649355
0.02195649355
0.02195649355
0.02195649355
0.02195649355
0.02195649355
0.02195649355
0.02195649355
0.02195649355
0.02195649355
0.02195649355
0.02195649355
0.02195649355
0.02195649355
0.02195649355
0.02195649355
0.02195649355
0.02195649355
0.02195649355
0.02195649355
0.02195649355
0.02195649355
0.02195649355
0.02195649355
0.02195649355
0.02195649355
0.02195649355
0.02195649355
0.3381405325
0.3386803686
0.3388672836
0.3388469626
0.3386278796
0.3382197648
0.3376332625
0.3368795147
0.3359697611
0.3349149587
0.3337254356
0.3324105954
0.3309786756
0.329436704
0.327790369
0.3260439389
0.324200354
0.322261341
0.3202275685
0.3180988334
0.3158742608
0.31355251
0.3111320394
0.3086114234
0.3059885353
0.3032499733
0.3002931731
0.2964286985
0.2885483566
0.2639751028
0.130044137
0.02208126862
0.02195653147
0.02195649356
0.02195649355
0.02195649355
0.02195649355
0.02195649355
0.02195649355
0.02195649355
0.02195649355
0.02195649355
0.02195649355
0.02195649355
0.02195649355
0.02195649355
0.02195649355
0.02195649355
0.02195649355
0.02195649355
0.02195649355
0.02195649355
0.02195649355
0.02195649355
0.02195649355
0.02195649355
0.02195649355
0.02195649355
0.02195649355
0.02195649355
0.02195649355
0.02195649355
0.02195649355
0.02195649355
0.02195649355
0.02195649355
0.02195649355
0.02195649355
0.02195649355
0.02195649355
0.02195649355
0.02195649355
0.02195649355
0.02195649355
0.02195649355
0.02195649355
0.02195649355
0.02195649355
0.02195649355
0.02195649355
0.02195649355
0.02195649355
0.02195649355
0.02195649355
0.02195649355
0.02195649355
0.02195649355
0.02195649355
0.02195649355
0.02195649355
0.02195649355
0.02195649355
0.02195649355
0.02195649355
0.02195649355
0.02195649355
0.02195649355
0.02195649355
0.02195649355
0.02195649355
0.02195649355
0.02195649355
0.02195649355
0.02195649355
0.02195649355
0.02195649355
0.02195649355
0.02195649355
0.02195649355
0.02195649355
0.02195649355
0.02195649355
0.02195649355
0.02195649355
0.02195649355
0.02195649355
0.02195649355
0.02195649355
0.02195649355
0.02195649355
0.02195649355
0.02195649355
0.02195649355
0.02195649355
0.02195649355
0.02195649355
0.02195649355
0.02195649355
0.02195649355
0.02195649355
0.02195649355
0.02195649355
0.02195649355
0.02195649355
0.02195649355
0.02195649355
0.02195649355
0.02195649355
0.02195649355
0.02195649355
0.02195649355
0.02195649355
0.02195649355
0.02195649355
0.02195649355
0.02195649355
0.02195649355
0.02195649355
0.02195649355
0.02195649355
0.02195649355
0.02195649355
0.02195649355
0.02195649355
0.02195649355
0.02195649355
0.02195649355
0.02195649355
0.02195649355
0.02195649355
0.02195649355
0.02195649355
0.02195649355
0.02195649355
0.02195649355
0.02195649355
0.02195649355
0.02195649355
0.02195649355
0.02195649355
0.02195649355
0.02195649355
0.02195649355
0.02195649355
0.02195649355
0.02195649355
0.02195649355
0.02195649355
0.02195649355
0.02195649355
0.02195649355
0.02195649355
0.02195649355
0.02195649355
0.02195649355
0.02195649355
0.02195649355
0.02195649355
0.02195649355
0.02195649355
0.02195649355
0.02195649355
0.02195649355
0.02195649355
0.02195649355
0.02195649355
0.02195649355
0.02195649355
0.02195649355
0.02195649355
0.3374350452
0.3379917407
0.3381851627
0.3381715222
0.3379591998
0.3375578494
0.336978035
0.3362308134
0.3353273401
0.3342784925
0.3330945268
0.3317847812
0.3303574704
0.3288196672
0.3271770434
0.3254339189
0.3235933293
0.3216571424
0.3196262057
0.3175005063
0.3152793137
0.3129612876
0.3105445373
0.308026438
0.3054018893
0.3026537818
0.2996975106
0.2960311788
0.2892717986
0.2696167448
0.167778768
0.02220696979
0.02195657521
0.02195649358
0.02195649355
0.02195649355
0.02195649355
0.02195649355
0.02195649355
0.02195649355
0.02195649355
0.02195649355
0.02195649355
0.02195649355
0.02195649355
0.02195649355
0.02195649355
0.02195649355
0.02195649355
0.02195649355
0.02195649355
0.02195649355
0.02195649355
0.02195649355
0.02195649355
0.02195649355
0.02195649355
0.02195649355
0.02195649355
0.02195649355
0.02195649355
0.02195649355
0.02195649355
0.02195649355
0.02195649355
0.02195649355
0.02195649355
0.02195649355
0.02195649355
0.02195649355
0.02195649355
0.02195649355
0.02195649355
0.02195649355
0.02195649355
0.02195649355
0.02195649355
0.02195649355
0.02195649355
0.02195649355
0.02195649355
0.02195649355
0.02195649355
0.02195649355
0.02195649355
0.02195649355
0.02195649355
0.02195649355
0.02195649355
0.02195649355
0.02195649355
0.02195649355
0.02195649355
0.02195649355
0.02195649355
0.02195649355
0.02195649355
0.02195649355
0.02195649355
0.02195649355
0.02195649355
0.02195649355
0.02195649355
0.02195649355
0.02195649355
0.02195649355
0.02195649355
0.02195649355
0.02195649355
0.02195649355
0.02195649355
0.02195649355
0.02195649355
0.02195649355
0.02195649355
0.02195649355
0.02195649355
0.02195649355
0.02195649355
0.02195649355
0.02195649355
0.02195649355
0.02195649355
0.02195649355
0.02195649355
0.02195649355
0.02195649355
0.02195649355
0.02195649355
0.02195649355
0.02195649355
0.02195649355
0.02195649355
0.02195649355
0.02195649355
0.02195649355
0.02195649355
0.02195649355
0.02195649355
0.02195649355
0.02195649355
0.02195649355
0.02195649355
0.02195649355
0.02195649355
0.02195649355
0.02195649355
0.02195649355
0.02195649355
0.02195649355
0.02195649355
0.02195649355
0.02195649355
0.02195649355
0.02195649355
0.02195649355
0.02195649355
0.02195649355
0.02195649355
0.02195649355
0.02195649355
0.02195649355
0.02195649355
0.02195649355
0.02195649355
0.02195649355
0.02195649355
0.02195649355
0.02195649355
0.02195649355
0.02195649355
0.02195649355
0.02195649355
0.02195649355
0.02195649355
0.02195649355
0.02195649355
0.02195649355
0.02195649355
0.02195649355
0.02195649355
0.02195649355
0.02195649355
0.02195649355
0.02195649355
0.02195649355
0.02195649355
0.02195649355
0.02195649355
0.02195649355
0.02195649355
0.02195649355
0.02195649355
0.02195649355
0.02195649355
0.02195649355
0.02195649355
0.02195649355
0.02195649355
0.02195649355
0.3367270008
0.3373006833
0.3375007107
0.3374938875
0.3372884931
0.3368940997
0.3363211853
0.3355807175
0.3346837635
0.3336411194
0.3324629697
0.3311585884
0.3297362432
0.3282029907
0.3265645364
0.3248252685
0.3229883214
0.3210556768
0.3190282834
0.3169061689
0.3146885125
0.3123736559
0.3099590082
0.3074406141
0.3048114291
0.3020548577
0.2991108744
0.2956354898
0.289803237
0.2738209886
0.1962134081
0.02235034428
0.02195663154
0.02195649361
0.02195649355
0.02195649355
0.02195649355
0.02195649355
0.02195649355
0.02195649355
0.02195649355
0.02195649355
0.02195649355
0.02195649355
0.02195649355
0.02195649355
0.02195649355
0.02195649355
0.02195649355
0.02195649355
0.02195649355
0.02195649355
0.02195649355
0.02195649355
0.02195649355
0.02195649355
0.02195649355
0.02195649355
0.02195649355
0.02195649355
0.02195649355
0.02195649355
0.02195649355
0.02195649355
0.02195649355
0.02195649355
0.02195649355
0.02195649355
0.02195649355
0.02195649355
0.02195649355
0.02195649355
0.02195649355
0.02195649355
0.02195649355
0.02195649355
0.02195649355
0.02195649355
0.02195649355
0.02195649355
0.02195649355
0.02195649355
0.02195649355
0.02195649355
0.02195649355
0.02195649355
0.02195649355
0.02195649355
0.02195649355
0.02195649355
0.02195649355
0.02195649355
0.02195649355
0.02195649355
0.02195649355
0.02195649355
0.02195649355
0.02195649355
0.02195649355
0.02195649355
0.02195649355
0.02195649355
0.02195649355
0.02195649355
0.02195649355
0.02195649355
0.02195649355
0.02195649355
0.02195649355
0.02195649355
0.02195649355
0.02195649355
0.02195649355
0.02195649355
0.02195649355
0.02195649355
0.02195649355
0.02195649355
0.02195649355
0.02195649355
0.02195649355
0.02195649355
0.02195649355
0.02195649355
0.02195649355
0.02195649355
0.02195649355
0.02195649355
0.02195649355
0.02195649355
0.02195649355
0.02195649355
0.02195649355
0.02195649355
0.02195649355
0.02195649355
0.02195649355
0.02195649355
0.02195649355
0.02195649355
0.02195649355
0.02195649355
0.02195649355
0.02195649355
0.02195649355
0.02195649355
0.02195649355
0.02195649355
0.02195649355
0.02195649355
0.02195649355
0.02195649355
0.02195649355
0.02195649355
0.02195649355
0.02195649355
0.02195649355
0.02195649355
0.02195649355
0.02195649355
0.02195649355
0.02195649355
0.02195649355
0.02195649355
0.02195649355
0.02195649355
0.02195649355
0.02195649355
0.02195649355
0.02195649355
0.02195649355
0.02195649355
0.02195649355
0.02195649355
0.02195649355
0.02195649355
0.02195649355
0.02195649355
0.02195649355
0.02195649355
0.02195649355
0.02195649355
0.02195649355
0.02195649355
0.02195649355
0.02195649355
0.02195649355
0.02195649355
0.02195649355
0.02195649355
0.02195649355
0.02195649355
0.02195649355
0.02195649355
0.02195649355
0.02195649355
0.02195649355
0.02195649355
0.02195649355
0.02195649355
0.3360164494
0.3366072464
0.3368139699
0.3368140882
0.3366157745
0.3362285157
0.3356627019
0.3349292089
0.3340390155
0.3330028365
0.3318307846
0.3305321056
0.3291151126
0.327586846
0.3259530508
0.3242181773
0.3223854296
0.3204568431
0.3184333697
0.3163149461
0.3141005206
0.3117880244
0.3093742554
0.3068545303
0.3042216939
0.3014632902
0.2985436387
0.2952343631
0.2901088875
0.2768011007
0.2171537757
0.0224926518
0.02195669422
0.02195649365
0.02195649355
0.02195649355
0.02195649355
0.02195649355
0.02195649355
0.02195649355
0.02195649355
0.02195649355
0.02195649355
0.02195649355
0.02195649355
0.02195649355
0.02195649355
0.02195649355
0.02195649355
0.02195649355
0.02195649355
0.02195649355
0.02195649355
0.02195649355
0.02195649355
0.02195649355
0.02195649355
0.02195649355
0.02195649355
0.02195649355
0.02195649355
0.02195649355
0.02195649355
0.02195649355
0.02195649355
0.02195649355
0.02195649355
0.02195649355
0.02195649355
0.02195649355
0.02195649355
0.02195649355
0.02195649355
0.02195649355
0.02195649355
0.02195649355
0.02195649355
0.02195649355
0.02195649355
0.02195649355
0.02195649355
0.02195649355
0.02195649355
0.02195649355
0.02195649355
0.02195649355
0.02195649355
0.02195649355
0.02195649355
0.02195649355
0.02195649355
0.02195649355
0.02195649355
0.02195649355
0.02195649355
0.02195649355
0.02195649355
0.02195649355
0.02195649355
0.02195649355
0.02195649355
0.02195649355
0.02195649355
0.02195649355
0.02195649355
0.02195649355
0.02195649355
0.02195649355
0.02195649355
0.02195649355
0.02195649355
0.02195649355
0.02195649355
0.02195649355
0.02195649355
0.02195649355
0.02195649355
0.02195649355
0.02195649355
0.02195649355
0.02195649355
0.02195649355
0.02195649355
0.02195649355
0.02195649355
0.02195649355
0.02195649355
0.02195649355
0.02195649355
0.02195649355
0.02195649355
0.02195649355
0.02195649355
0.02195649355
0.02195649355
0.02195649355
0.02195649355
0.02195649355
0.02195649355
0.02195649355
0.02195649355
0.02195649355
0.02195649355
0.02195649355
0.02195649355
0.02195649355
0.02195649355
0.02195649355
0.02195649355
0.02195649355
0.02195649355
0.02195649355
0.02195649355
0.02195649355
0.02195649355
0.02195649355
0.02195649355
0.02195649355
0.02195649355
0.02195649355
0.02195649355
0.02195649355
0.02195649355
0.02195649355
0.02195649355
0.02195649355
0.02195649355
0.02195649355
0.02195649355
0.02195649355
0.02195649355
0.02195649355
0.02195649355
0.02195649355
0.02195649355
0.02195649355
0.02195649355
0.02195649355
0.02195649355
0.02195649355
0.02195649355
0.02195649355
0.02195649355
0.02195649355
0.02195649355
0.02195649355
0.02195649355
0.02195649355
0.02195649355
0.02195649355
0.02195649355
0.02195649355
0.02195649355
0.02195649355
0.02195649355
0.02195649355
0.02195649355
0.02195649355
0.02195649355
0.02195649355
0.3353034512
0.3359114751
0.3361249755
0.33613215
0.335941061
0.3355611082
0.3350025927
0.3342762989
0.3333931169
0.3323636804
0.3311980279
0.3299054381
0.3284941968
0.3269713514
0.325342674
0.3236126519
0.3217845161
0.3198602961
0.3178408798
0.3157260611
0.3135145653
0.311204057
0.3087911285
0.3062712544
0.303638746
0.300886663
0.2979974076
0.2948132089
0.2901756232
0.2787647075
0.2323276698
0.02263157528
0.0219567599
0.02195649369
0.02195649355
0.02195649355
0.02195649355
0.02195649355
0.02195649355
0.02195649355
0.02195649355
0.02195649355
0.02195649355
0.02195649355
0.02195649355
0.02195649355
0.02195649355
0.02195649355
0.02195649355
0.02195649355
0.02195649355
0.02195649355
0.02195649355
0.02195649355
0.02195649355
0.02195649355
0.02195649355
0.02195649355
0.02195649355
0.02195649355
0.02195649355
0.02195649355
0.02195649355
0.02195649355
0.02195649355
0.02195649355
0.02195649355
0.02195649355
0.02195649355
0.02195649355
0.02195649355
0.02195649355
0.02195649355
0.02195649355
0.02195649355
0.02195649355
0.02195649355
0.02195649355
0.02195649355
0.02195649355
0.02195649355
0.02195649355
0.02195649355
0.02195649355
0.02195649355
0.02195649355
0.02195649355
0.02195649355
0.02195649355
0.02195649355
0.02195649355
0.02195649355
0.02195649355
0.02195649355
0.02195649355
0.02195649355
0.02195649355
0.02195649355
0.02195649355
0.02195649355
0.02195649355
0.02195649355
0.02195649355
0.02195649355
0.02195649355
0.02195649355
0.02195649355
0.02195649355
0.02195649355
0.02195649355
0.02195649355
0.02195649355
0.02195649355
0.02195649355
0.02195649355
0.02195649355
0.02195649355
0.02195649355
0.02195649355
0.02195649355
0.02195649355
0.02195649355
0.02195649355
0.02195649355
0.02195649355
0.02195649355
0.02195649355
0.02195649355
0.02195649355
0.02195649355
0.02195649355
0.02195649355
0.02195649355
0.02195649355
0.02195649355
0.02195649355
0.02195649355
0.02195649355
0.02195649355
0.02195649355
0.02195649355
0.02195649355
0.02195649355
0.02195649355
0.02195649355
0.02195649355
0.02195649355
0.02195649355
0.02195649355
0.02195649355
0.02195649355
0.02195649355
0.02195649355
0.02195649355
0.02195649355
0.02195649355
0.02195649355
0.02195649355
0.02195649355
0.02195649355
0.02195649355
0.02195649355
0.02195649355
0.02195649355
0.02195649355
0.02195649355
0.02195649355
0.02195649355
0.02195649355
0.02195649355
0.02195649355
0.02195649355
0.02195649355
0.02195649355
0.02195649355
0.02195649355
0.02195649355
0.02195649355
0.02195649355
0.02195649355
0.02195649355
0.02195649355
0.02195649355
0.02195649355
0.02195649355
0.02195649355
0.02195649355
0.02195649355
0.02195649355
0.02195649355
0.02195649355
0.02195649355
0.02195649355
0.02195649355
0.02195649355
0.02195649355
0.02195649355
0.02195649355
0.02195649355
0.02195649355
0.3345880099
0.3352133875
0.3354337482
0.3354480937
0.3352643734
0.3348918997
0.3343408846
0.3336220216
0.332746112
0.3317237071
0.3305647833
0.3292786564
0.3278735599
0.3263565387
0.3247333748
0.3230085643
0.321185332
0.3192656706
0.3172503934
0.3151391906
0.312930694
0.3106225663
0.3082116469
0.3056942141
0.3030665852
0.3003260796
0.2974637712
0.294356592
0.2900431105
0.2801227739
0.243748368
0.05033963227
0.0219674848
0.02195649697
0.02195649355
0.02195649355
0.02195649355
0.02195649355
0.02195649355
0.02195649355
0.02195649355
0.02195649355
0.02195649355
0.02195649355
0.02195649355
0.02195649355
0.02195649355
0.02195649355
0.02195649355
0.02195649355
0.02195649355
0.02195649355
0.02195649355
0.02195649355
0.02195649355
0.02195649355
0.02195649355
0.02195649355
0.02195649355
0.02195649355
0.02195649355
0.02195649355
0.02195649355
0.02195649355
0.02195649355
0.02195649355
0.02195649355
0.02195649355
0.02195649355
0.02195649355
0.02195649355
0.02195649355
0.02195649355
0.02195649355
0.02195649355
0.02195649355
0.02195649355
0.02195649355
0.02195649355
0.02195649355
0.02195649355
0.02195649355
0.02195649355
0.02195649355
0.02195649355
0.02195649355
0.02195649355
0.02195649355
0.02195649355
0.02195649355
0.02195649355
0.02195649355
0.02195649355
0.02195649355
0.02195649355
0.02195649355
0.02195649355
0.02195649355
0.02195649355
0.02195649355
0.02195649355
0.02195649355
0.02195649355
0.02195649355
0.02195649355
0.02195649355
0.02195649355
0.02195649355
0.02195649355
0.02195649355
0.02195649355
0.02195649355
0.02195649355
0.02195649355
0.02195649355
0.02195649355
0.02195649355
0.02195649355
0.02195649355
0.02195649355
0.02195649355
0.02195649355
0.02195649355
0.02195649355
0.02195649355
0.02195649355
0.02195649355
0.02195649355
0.02195649355
0.02195649355
0.02195649355
0.02195649355
0.02195649355
0.02195649355
0.02195649355
0.02195649355
0.02195649355
0.02195649355
0.02195649355
0.02195649355
0.02195649355
0.02195649355
0.02195649355
0.02195649355
0.02195649355
0.02195649355
0.02195649355
0.02195649355
0.02195649355
0.02195649355
0.02195649355
0.02195649355
0.02195649355
0.02195649355
0.02195649355
0.02195649355
0.02195649355
0.02195649355
0.02195649355
0.02195649355
0.02195649355
0.02195649355
0.02195649355
0.02195649355
0.02195649355
0.02195649355
0.02195649355
0.02195649355
0.02195649355
0.02195649355
0.02195649355
0.02195649355
0.02195649355
0.02195649355
0.02195649355
0.02195649355
0.02195649355
0.02195649355
0.02195649355
0.02195649355
0.02195649355
0.02195649355
0.02195649355
0.02195649355
0.02195649355
0.02195649355
0.02195649355
0.02195649355
0.02195649355
0.02195649355
0.02195649355
0.02195649355
0.02195649355
0.02195649355
0.02195649355
0.02195649355
0.02195649355
0.02195649355
0.02195649355
0.02195649355
0.3338701632
0.3345130119
0.3347403137
0.3347619458
0.334585741
0.3342209235
0.3336776165
0.3329664211
0.3320980474
0.3310829554
0.3299311174
0.328651802
0.3272532101
0.3257423688
0.3241250524
0.322405748
0.3205876613
0.3186727542
0.3166618059
0.3145544964
0.3123495234
0.3100447714
0.3076375633
0.3051250638
0.3025049766
0.2997760755
0.2969300527
0.293860514
0.2897888767
0.2812208303
0.2528289532
0.1000229088
0.02201954378
0.02195651228
0.02195649355
0.02195649355
0.02195649355
0.02195649355
0.02195649355
0.02195649355
0.02195649355
0.02195649355
0.02195649355
0.02195649355
0.02195649355
0.02195649355
0.02195649355
0.02195649355
0.02195649355
0.02195649355
0.02195649355
0.02195649355
0.02195649355
0.02195649355
0.02195649355
0.02195649355
0.02195649355
0.02195649355
0.02195649355
0.02195649355
0.02195649355
0.02195649355
0.02195649355
0.02195649355
0.02195649355
0.02195649355
0.02195649355
0.02195649355
0.02195649355
0.02195649355
0.02195649355
0.02195649355
0.02195649355
0.02195649355
0.02195649355
0.02195649355
0.02195649355
0.02195649355
0.02195649355
0.02195649355
0.02195649355
0.02195649355
0.02195649355
0.02195649355
0.02195649355
0.02195649355
0.02195649355
0.02195649355
0.02195649355
0.02195649355
0.02195649355
0.02195649355
0.02195649355
0.02195649355
0.02195649355
0.02195649355
0.02195649355
0.02195649355
0.02195649355
0.02195649355
0.02195649355
0.02195649355
0.02195649355
0.02195649355
0.02195649355
0.02195649355
0.02195649355
0.02195649355
0.02195649355
0.02195649355
0.02195649355
0.02195649355
0.02195649355
0.02195649355
0.02195649355
0.02195649355
0.02195649355
0.02195649355
0.02195649355
0.02195649355
0.02195649355
0.02195649355
0.02195649355
0.02195649355
0.02195649355
0.02195649355
0.02195649355
0.02195649355
0.02195649355
0.02195649355
0.02195649355
0.02195649355
0.02195649355
0.02195649355
0.02195649355
0.02195649355
0.02195649355
0.02195649355
0.02195649355
0.02195649355
0.02195649355
0.02195649355
0.02195649355
0.02195649355
0.02195649355
0.02195649355
0.02195649355
0.02195649355
0.02195649355
0.02195649355
0.02195649355
0.02195649355
0.02195649355
0.02195649355
0.02195649355
0.02195649355
0.02195649355
0.02195649355
0.02195649355
0.02195649355
0.02195649355
0.02195649355
0.02195649355
0.02195649355
0.02195649355
0.02195649355
0.02195649355
0.02195649355
0.02195649355
0.02195649355
0.02195649355
0.02195649355
0.02195649355
0.02195649355
0.02195649355
0.02195649355
0.02195649355
0.02195649355
0.02195649355
0.02195649355
0.02195649355
0.02195649355
0.02195649355
0.02195649355
0.02195649355
0.02195649355
0.02195649355
0.02195649355
0.02195649355
0.02195649355
0.02195649355
0.02195649355
0.02195649355
0.02195649355
0.02195649355
0.02195649355
0.02195649355
0.02195649355
0.02195649355
0.02195649355
0.333149937
0.3338103759
0.3340447013
0.3340737377
0.3339051983
0.3335482181
0.3330128299
0.3323095407
0.3314489659
0.3304414733
0.3292970469
0.3280248734
0.3266331143
0.3251287712
0.323517602
0.321804081
0.3199914049
0.318081536
0.316075279
0.3139723934
0.3117717461
0.3094715132
0.3070694404
0.3045631813
0.3019506889
0.2992297701
0.2963893281
0.2933373704
0.2894773321
0.282130224
0.2599263591
0.1441382939
0.02212139658
0.02195654526
0.02195649357
0.02195649355
0.02195649355
0.02195649355
0.02195649355
0.02195649355
0.02195649355
0.02195649355
0.02195649355
0.02195649355
0.02195649355
0.02195649355
0.02195649355
0.02195649355
0.02195649355
0.02195649355
0.02195649355
0.02195649355
0.02195649355
0.02195649355
0.02195649355
0.02195649355
0.02195649355
0.02195649355
0.02195649355
0.02195649355
0.02195649355
0.02195649355
0.02195649355
0.02195649355
0.02195649355
0.02195649355
0.02195649355
0.02195649355
0.02195649355
0.02195649355
0.02195649355
0.02195649355
0.02195649355
0.02195649355
0.02195649355
0.02195649355
0.02195649355
0.02195649355
0.02195649355
0.02195649355
0.02195649355
0.02195649355
0.02195649355
0.02195649355
0.02195649355
0.02195649355
0.02195649355
0.02195649355
0.02195649355
0.02195649355
0.02195649355
0.02195649355
0.02195649355
0.02195649355
0.02195649355
0.02195649355
0.02195649355
0.02195649355
0.02195649355
0.02195649355
0.02195649355
0.02195649355
0.02195649355
0.02195649355
0.02195649355
0.02195649355
0.02195649355
0.02195649355
0.02195649355
0.02195649355
0.02195649355
0.02195649355
0.02195649355
0.02195649355
0.02195649355
0.02195649355
0.02195649355
0.02195649355
0.02195649355
0.02195649355
0.02195649355
0.02195649355
0.02195649355
0.02195649355
0.02195649355
0.02195649355
0.02195649355
0.02195649355
0.02195649355
0.02195649355
0.02195649355
0.02195649355
0.02195649355
0.02195649355
0.02195649355
0.02195649355
0.02195649355
0.02195649355
0.02195649355
0.02195649355
0.02195649355
0.02195649355
0.02195649355
0.02195649355
0.02195649355
0.02195649355
0.02195649355
0.02195649355
0.02195649355
0.02195649355
0.02195649355
0.02195649355
0.02195649355
0.02195649355
0.02195649355
0.02195649355
0.02195649355
0.02195649355
0.02195649355
0.02195649355
0.02195649355
0.02195649355
0.02195649355
0.02195649355
0.02195649355
0.02195649355
0.02195649355
0.02195649355
0.02195649355
0.02195649355
0.02195649355
0.02195649355
0.02195649355
0.02195649355
0.02195649355
0.02195649355
0.02195649355
0.02195649355
0.02195649355
0.02195649355
0.02195649355
0.02195649355
0.02195649355
0.02195649355
0.02195649355
0.02195649355
0.02195649355
0.02195649355
0.02195649355
0.02195649355
0.02195649355
0.02195649355
0.02195649355
0.02195649355
0.02195649355
0.02195649355
0.02195649355
0.02195649355
0.02195649355
0.02195649355
0.3324273399
0.3331055008
0.3333469375
0.3333835004
0.3332227802
0.3328738204
0.3323465613
0.3316514117
0.330798883
0.3297992915
0.3286625752
0.3273978492
0.326013228
0.324515684
0.3229109587
0.3212035225
0.3193965841
0.317492141
0.3154910701
0.3133932532
0.3111977337
0.3089028975
0.3065066608
0.3040066381
0.3014001511
0.2986831369
0.2958424981
0.2928056205
0.2891423078
0.2828340637
0.265247778
0.1782064223
0.02225604836
0.02195659474
0.02195649359
0.02195649355
0.02195649355
0.02195649355
0.02195649355
0.02195649355
0.02195649355
0.02195649355
0.02195649355
0.02195649355
0.02195649355
0.02195649355
0.02195649355
0.02195649355
0.02195649355
0.02195649355
0.02195649355
0.02195649355
0.02195649355
0.02195649355
0.02195649355
0.02195649355
0.02195649355
0.02195649355
0.02195649355
0.02195649355
0.02195649355
0.02195649355
0.02195649355
0.02195649355
0.02195649355
0.02195649355
0.02195649355
0.02195649355
0.02195649355
0.02195649355
0.02195649355
0.02195649355
0.02195649355
0.02195649355
0.02195649355
0.02195649355
0.02195649355
0.02195649355
0.02195649355
0.02195649355
0.02195649355
0.02195649355
0.02195649355
0.02195649355
0.02195649355
0.02195649355
0.02195649355
0.02195649355
0.02195649355
0.02195649355
0.02195649355
0.02195649355
0.02195649355
0.02195649355
0.02195649355
0.02195649355
0.02195649355
0.02195649355
0.02195649355
0.02195649355
0.02195649355
0.02195649355
0.02195649355
0.02195649355
0.02195649355
0.02195649355
0.02195649355
0.02195649355
0.02195649355
0.02195649355
0.02195649355
0.02195649355
0.02195649355
0.02195649355
0.02195649355
0.02195649355
0.02195649355
0.02195649355
0.02195649355
0.02195649355
0.02195649355
0.02195649355
0.02195649355
0.02195649355
0.02195649355
0.02195649355
0.02195649355
0.02195649355
0.02195649355
0.02195649355
0.02195649355
0.02195649355
0.02195649355
0.02195649355
0.02195649355
0.02195649355
0.02195649355
0.02195649355
0.02195649355
0.02195649355
0.02195649355
0.02195649355
0.02195649355
0.02195649355
0.02195649355
0.02195649355
0.02195649355
0.02195649355
0.02195649355
0.02195649355
0.02195649355
0.02195649355
0.02195649355
0.02195649355
0.02195649355
0.02195649355
0.02195649355
0.02195649355
0.02195649355
0.02195649355
0.02195649355
0.02195649355
0.02195649355
0.02195649355
0.02195649355
0.02195649355
0.02195649355
0.02195649355
0.02195649355
0.02195649355
0.02195649355
0.02195649355
0.02195649355
0.02195649355
0.02195649355
0.02195649355
0.02195649355
0.02195649355
0.02195649355
0.02195649355
0.02195649355
0.02195649355
0.02195649355
0.02195649355
0.02195649355
0.02195649355
0.02195649355
0.02195649355
0.02195649355
0.02195649355
0.02195649355
0.02195649355
0.02195649355
0.02195649355
0.02195649355
0.02195649355
0.02195649355
0.02195649355
0.02195649355
0.02195649355
0.3317024118
0.33239842
0.3326470547
0.3326912666
0.3325385191
0.3321977617
0.3316788384
0.3309920554
0.3301478163
0.3291564126
0.3280276923
0.3267707052
0.3253935183
0.3239030763
0.3223051102
0.3206040996
0.3188032837
0.3169047177
0.314909365
0.3128172168
0.310627427
0.3083384401
0.3059480886
0.3034536198
0.3008515142
0.2981364426
0.2952961999
0.2922803949
0.2887939799
0.2833082015
0.2690645365
0.2033560825
0.02240115412
0.0219566553
0.02195649363
0.02195649355
0.02195649355
0.02195649355
0.02195649355
0.02195649355
0.02195649355
0.02195649355
0.02195649355
0.02195649355
0.02195649355
0.02195649355
0.02195649355
0.02195649355
0.02195649355
0.02195649355
0.02195649355
0.02195649355
0.02195649355
0.02195649355
0.02195649355
0.02195649355
0.02195649355
0.02195649355
0.02195649355
0.02195649355
0.02195649355
0.02195649355
0.02195649355
0.02195649355
0.02195649355
0.02195649355
0.02195649355
0.02195649355
0.02195649355
0.02195649355
0.02195649355
0.02195649355
0.02195649355
0.02195649355
0.02195649355
0.02195649355
0.02195649355
0.02195649355
0.02195649355
0.02195649355
0.02195649355
0.02195649355
0.02195649355
0.02195649355
0.02195649355
0.02195649355
0.02195649355
0.02195649355
0.02195649355
0.02195649355
0.02195649355
0.02195649355
0.02195649355
0.02195649355
0.02195649355
0.02195649355
0.02195649355
0.02195649355
0.02195649355
0.02195649355
0.02195649355
0.02195649355
0.02195649355
0.02195649355
0.02195649355
0.02195649355
0.02195649355
0.02195649355
0.02195649355
0.02195649355
0.02195649355
0.02195649355
0.02195649355
0.02195649355
0.02195649355
0.02195649355
0.02195649355
0.02195649355
0.02195649355
0.02195649355
0.02195649355
0.02195649355
0.02195649355
0.02195649355
0.02195649355
0.02195649355
0.02195649355
0.02195649355
0.02195649355
0.02195649355
0.02195649355
0.02195649355
0.02195649355
0.02195649355
0.02195649355
0.02195649355
0.02195649355
0.02195649355
0.02195649355
0.02195649355
0.02195649355
0.02195649355
0.02195649355
0.02195649355
0.02195649355
0.02195649355
0.02195649355
0.02195649355
0.02195649355
0.02195649355
0.02195649355
0.02195649355
0.02195649355
0.02195649355
0.02195649355
0.02195649355
0.02195649355
0.02195649355
0.02195649355
0.02195649355
0.02195649355
0.02195649355
0.02195649355
0.02195649355
0.02195649355
0.02195649355
0.02195649355
0.02195649355
0.02195649355
0.02195649355
0.02195649355
0.02195649355
0.02195649355
0.02195649355
0.02195649355
0.02195649355
0.02195649355
0.02195649355
0.02195649355
0.02195649355
0.02195649355
0.02195649355
0.02195649355
0.02195649355
0.02195649355
0.02195649355
0.02195649355
0.02195649355
0.02195649355
0.02195649355
0.02195649355
0.02195649355
0.02195649355
0.02195649355
0.02195649355
0.02195649355
0.02195649355
0.02195649355
0.02195649355
0.02195649355
0.330975182
0.331689165
0.3319450845
0.3319970668
0.3318524437
0.3315200667
0.3310096803
0.3303314832
0.3294957799
0.3285128328
0.3273923875
0.3261434267
0.3247739733
0.3232909483
0.3217000796
0.3200058652
0.3182115843
0.3163193516
0.3143302012
0.3122441893
0.3100604954
0.307777505
0.3053928574
0.3029034432
0.3003053029
0.2975931619
0.2947581897
0.2917700987
0.2884284506
0.2835395751
0.2716437335
0.2215109802
0.0225452322
0.02195672171
0.02195649367
0.02195649355
0.02195649355
0.02195649355
0.02195649355
0.02195649355
0.02195649355
0.02195649355
0.02195649355
0.02195649355
0.02195649355
0.02195649355
0.02195649355
0.02195649355
0.02195649355
0.02195649355
0.02195649355
0.02195649355
0.02195649355
0.02195649355
0.02195649355
0.02195649355
0.02195649355
0.02195649355
0.02195649355
0.02195649355
0.02195649355
0.02195649355
0.02195649355
0.02195649355
0.02195649355
0.02195649355
0.02195649355
0.02195649355
0.02195649355
0.02195649355
0.02195649355
0.02195649355
0.02195649355
0.02195649355
0.02195649355
0.02195649355
0.02195649355
0.02195649355
0.02195649355
0.02195649355
0.02195649355
0.02195649355
0.02195649355
0.02195649355
0.02195649355
0.02195649355
0.02195649355
0.02195649355
0.02195649355
0.02195649355
0.02195649355
0.02195649355
0.02195649355
0.02195649355
0.02195649355
0.02195649355
0.02195649355
0.02195649355
0.02195649355
0.02195649355
0.02195649355
0.02195649355
0.02195649355
0.02195649355
0.02195649355
0.02195649355
0.02195649355
0.02195649355
0.02195649355
0.02195649355
0.02195649355
0.02195649355
0.02195649355
0.02195649355
0.02195649355
0.02195649355
0.02195649355
0.02195649355
0.02195649355
0.02195649355
0.02195649355
0.02195649355
0.02195649355
0.02195649355
0.02195649355
0.02195649355
0.02195649355
0.02195649355
0.02195649355
0.02195649355
0.02195649355
0.02195649355
0.02195649355
0.02195649355
0.02195649355
0.02195649355
0.02195649355
0.02195649355
0.02195649355
0.02195649355
0.02195649355
0.02195649355
0.02195649355
0.02195649355
0.02195649355
0.02195649355
0.02195649355
0.02195649355
0.02195649355
0.02195649355
0.02195649355
0.02195649355
0.02195649355
0.02195649355
0.02195649355
0.02195649355
0.02195649355
0.02195649355
0.02195649355
0.02195649355
0.02195649355
0.02195649355
0.02195649355
0.02195649355
0.02195649355
0.02195649355
0.02195649355
0.02195649355
0.02195649355
0.02195649355
0.02195649355
0.02195649355
0.02195649355
0.02195649355
0.02195649355
0.02195649355
0.02195649355
0.02195649355
0.02195649355
0.02195649355
0.02195649355
0.02195649355
0.02195649355
0.02195649355
0.02195649355
0.02195649355
0.02195649355
0.02195649355
0.02195649355
0.02195649355
0.02195649355
0.02195649355
0.02195649355
0.02195649355
0.02195649355
0.02195649355
0.02195649355
0.02195649355
0.02195649355
0.02195649355
0.3302456837
0.3309777681
0.3312410577
0.3313009293
0.3311645782
0.3308407547
0.3303390987
0.3296696933
0.3288427871
0.3278685549
0.326756658
0.3255160124
0.3241545988
0.3226793181
0.3210958995
0.3194088616
0.3176215216
0.3157360409
0.3137534973
0.3116739675
0.3094966072
0.307219719
0.3048408136
0.3023566915
0.2997635783
0.2970573236
0.294233045
0.29127398
0.2880351847
0.2835514716
0.2733725564
0.2347793517
0.04144338367
0.0219629005
0.02195649566
0.02195649355
0.02195649355
0.02195649355
0.02195649355
0.02195649355
0.02195649355
0.02195649355
0.02195649355
0.02195649355
0.02195649355
0.02195649355
0.02195649355
0.02195649355
0.02195649355
0.02195649355
0.02195649355
0.02195649355
0.02195649355
0.02195649355
0.02195649355
0.02195649355
0.02195649355
0.02195649355
0.02195649355
0.02195649355
0.02195649355
0.02195649355
0.02195649355
0.02195649355
0.02195649355
0.02195649355
0.02195649355
0.02195649355
0.02195649355
0.02195649355
0.02195649355
0.02195649355
0.02195649355
0.02195649355
0.02195649355
0.02195649355
0.02195649355
0.02195649355
0.02195649355
0.02195649355
0.02195649355
0.02195649355
0.02195649355
0.02195649355
0.02195649355
0.02195649355
0.02195649355
0.02195649355
0.02195649355
0.02195649355
0.02195649355
0.02195649355
0.02195649355
0.02195649355
0.02195649355
0.02195649355
0.02195649355
0.02195649355
0.02195649355
0.02195649355
0.02195649355
0.02195649355
0.02195649355
0.02195649355
0.02195649355
0.02195649355
0.02195649355
0.02195649355
0.02195649355
0.02195649355
0.02195649355
0.02195649355
0.02195649355
0.02195649355
0.02195649355
0.02195649355
0.02195649355
0.02195649355
0.02195649355
0.02195649355
0.02195649355
0.02195649355
0.02195649355
0.02195649355
0.02195649355
0.02195649355
0.02195649355
0.02195649355
0.02195649355
0.02195649355
0.02195649355
0.02195649355
0.02195649355
0.02195649355
0.02195649355
0.02195649355
0.02195649355
0.02195649355
0.02195649355
0.02195649355
0.02195649355
0.02195649355
0.02195649355
0.02195649355
0.02195649355
0.02195649355
0.02195649355
0.02195649355
0.02195649355
0.02195649355
0.02195649355
0.02195649355
0.02195649355
0.02195649355
0.02195649355
0.02195649355
0.02195649355
0.02195649355
0.02195649355
0.02195649355
0.02195649355
0.02195649355
0.02195649355
0.02195649355
0.02195649355
0.02195649355
0.02195649355
0.02195649355
0.02195649355
0.02195649355
0.02195649355
0.02195649355
0.02195649355
0.02195649355
0.02195649355
0.02195649355
0.02195649355
0.02195649355
0.02195649355
0.02195649355
0.02195649355
0.02195649355
0.02195649355
0.02195649355
0.02195649355
0.02195649355
0.02195649355
0.02195649355
0.02195649355
0.02195649355
0.02195649355
0.02195649355
0.02195649355
0.02195649355
0.02195649355
0.02195649355
0.02195649355
0.02195649355
0.02195649355
0.02195649355
0.3295139462
0.3302642587
0.3305350018
0.3306028785
0.3304749433
0.3301598413
0.329667105
0.3290067017
0.3281888388
0.3272235817
0.3261205078
0.32488847
0.3235354087
0.3220682057
0.3204925913
0.318813102
0.3170330837
0.315154729
0.3131791374
0.3111063882
0.3089356172
0.3066651026
0.304292384
0.3018144604
0.2992281301
0.2965305231
0.2937192212
0.2907830586
0.2876063743
0.2834127366
0.2746998357
0.2450694007
0.09093663812
0.02200563204
0.0219565081
0.02195649355
0.02195649355
0.02195649355
0.02195649355
0.02195649355
0.02195649355
0.02195649355
0.02195649355
0.02195649355
0.02195649355
0.02195649355
0.02195649355
0.02195649355
0.02195649355
0.02195649355
0.02195649355
0.02195649355
0.02195649355
0.02195649355
0.02195649355
0.02195649355
0.02195649355
0.02195649355
0.02195649355
0.02195649355
0.02195649355
0.02195649355
0.02195649355
0.02195649355
0.02195649355
0.02195649355
0.02195649355
0.02195649355
0.02195649355
0.02195649355
0.02195649355
0.02195649355
0.02195649355
0.02195649355
0.02195649355
0.02195649355
0.02195649355
0.02195649355
0.02195649355
0.02195649355
0.02195649355
0.02195649355
0.02195649355
0.02195649355
0.02195649355
0.02195649355
0.02195649355
0.02195649355
0.02195649355
0.02195649355
0.02195649355
0.02195649355
0.02195649355
0.02195649355
0.02195649355
0.02195649355
0.02195649355
0.02195649355
0.02195649355
0.02195649355
0.02195649355
0.02195649355
0.02195649355
0.02195649355
0.02195649355
0.02195649355
0.02195649355
0.02195649355
0.02195649355
0.02195649355
0.02195649355
0.02195649355
0.02195649355
0.02195649355
0.02195649355
0.02195649355
0.02195649355
0.02195649355
0.02195649355
0.02195649355
0.02195649355
0.02195649355
0.02195649355
0.02195649355
0.02195649355
0.02195649355
0.02195649355
0.02195649355
0.02195649355
0.02195649355
0.02195649355
0.02195649355
0.02195649355
0.02195649355
0.02195649355
0.02195649355
0.02195649355
0.02195649355
0.02195649355
0.02195649355
0.02195649355
0.02195649355
0.02195649355
0.02195649355
0.02195649355
0.02195649355
0.02195649355
0.02195649355
0.02195649355
0.02195649355
0.02195649355
0.02195649355
0.02195649355
0.02195649355
0.02195649355
0.02195649355
0.02195649355
0.02195649355
0.02195649355
0.02195649355
0.02195649355
0.02195649355
0.02195649355
0.02195649355
0.02195649355
0.02195649355
0.02195649355
0.02195649355
0.02195649355
0.02195649355
0.02195649355
0.02195649355
0.02195649355
0.02195649355
0.02195649355
0.02195649355
0.02195649355
0.02195649355
0.02195649355
0.02195649355
0.02195649355
0.02195649355
0.02195649355
0.02195649355
0.02195649355
0.02195649355
0.02195649355
0.02195649355
0.02195649355
0.02195649355
0.02195649355
0.02195649355
0.02195649355
0.02195649355
0.02195649355
0.02195649355
0.02195649355
0.02195649355
0.02195649355
0.02195649355
0.3287800131
0.3295486713
0.3298269463
0.3299029392
0.3297835585
0.3294773404
0.3289937043
0.3283425254
0.3275339448
0.3265779211
0.3254839459
0.324260811
0.3229164163
0.3214576234
0.3198901604
0.3182185758
0.3164462356
0.3145753532
0.312607045
0.3105414023
0.3083775805
0.3061139186
0.3037481139
0.3012774881
0.2986993732
0.2960115575
0.2932119416
0.2902896742
0.2871485833
0.2831893273
0.2757564042
0.252993182
0.1368320454
0.02209952578
0.02195653801
0.02195649357
0.02195649355
0.02195649355
0.02195649355
0.02195649355
0.02195649355
0.02195649355
0.02195649355
0.02195649355
0.02195649355
0.02195649355
0.02195649355
0.02195649355
0.02195649355
0.02195649355
0.02195649355
0.02195649355
0.02195649355
0.02195649355
0.02195649355
0.02195649355
0.02195649355
0.02195649355
0.02195649355
0.02195649355
0.02195649355
0.02195649355
0.02195649355
0.02195649355
0.02195649355
0.02195649355
0.02195649355
0.02195649355
0.02195649355
0.02195649355
0.02195649355
0.02195649355
0.02195649355
0.02195649355
0.02195649355
0.02195649355
0.02195649355
0.02195649355
0.02195649355
0.02195649355
0.02195649355
0.02195649355
0.02195649355
0.02195649355
0.02195649355
0.02195649355
0.02195649355
0.02195649355
0.02195649355
0.02195649355
0.02195649355
0.02195649355
0.02195649355
0.02195649355
0.02195649355
0.02195649355
0.02195649355
0.02195649355
0.02195649355
0.02195649355
0.02195649355
0.02195649355
0.02195649355
0.02195649355
0.02195649355
0.02195649355
0.02195649355
0.02195649355
0.02195649355
0.02195649355
0.02195649355
0.02195649355
0.02195649355
0.02195649355
0.02195649355
0.02195649355
0.02195649355
0.02195649355
0.02195649355
0.02195649355
0.02195649355
0.02195649355
0.02195649355
0.02195649355
0.02195649355
0.02195649355
0.02195649355
0.02195649355
0.02195649355
0.02195649355
0.02195649355
0.02195649355
0.02195649355
0.02195649355
0.02195649355
0.02195649355
0.02195649355
0.02195649355
0.02195649355
0.02195649355
0.02195649355
0.02195649355
0.02195649355
0.02195649355
0.02195649355
0.02195649355
0.02195649355
0.02195649355
0.02195649355
0.02195649355
0.02195649355
0.02195649355
0.02195649355
0.02195649355
0.02195649355
0.02195649355
0.02195649355
0.02195649355
0.02195649355
0.02195649355
0.02195649355
0.02195649355
0.02195649355
0.02195649355
0.02195649355
0.02195649355
0.02195649355
0.02195649355
0.02195649355
0.02195649355
0.02195649355
0.02195649355
0.02195649355
0.02195649355
0.02195649355
0.02195649355
0.02195649355
0.02195649355
0.02195649355
0.02195649355
0.02195649355
0.02195649355
0.02195649355
0.02195649355
0.02195649355
0.02195649355
0.02195649355
0.02195649355
0.02195649355
0.02195649355
0.02195649355
0.02195649355
0.02195649355
0.02195649355
0.02195649355
0.02195649355
0.02195649355
0.02195649355
0.02195649355
0.02195649355
0.3280438902
0.3288310247
0.3291169123
0.3292011311
0.3290904407
0.3287932653
0.3283189077
0.3276771788
0.326878118
0.3259315836
0.324846983
0.3236330458
0.3222976298
0.3208475738
0.3192885998
0.3176252632
0.3158609454
0.3139978797
0.3120372073
0.3099790548
0.3078226406
0.3055664177
0.3032082716
0.3007457737
0.2981764652
0.2954979935
0.2927071806
0.2897920928
0.2866763847
0.2829217093
0.2765585259
0.2588488777
0.1724392009
0.02223044315
0.02195658557
0.02195649359
0.02195649355
0.02195649355
0.02195649355
0.02195649355
0.02195649355
0.02195649355
0.02195649355
0.02195649355
0.02195649355
0.02195649355
0.02195649355
0.02195649355
0.02195649355
0.02195649355
0.02195649355
0.02195649355
0.02195649355
0.02195649355
0.02195649355
0.02195649355
0.02195649355
0.02195649355
0.02195649355
0.02195649355
0.02195649355
0.02195649355
0.02195649355
0.02195649355
0.02195649355
0.02195649355
0.02195649355
0.02195649355
0.02195649355
0.02195649355
0.02195649355
0.02195649355
0.02195649355
0.02195649355
0.02195649355
0.02195649355
0.02195649355
0.02195649355
0.02195649355
0.02195649355
0.02195649355
0.02195649355
0.02195649355
0.02195649355
0.02195649355
0.02195649355
0.02195649355
0.02195649355
0.02195649355
0.02195649355
0.02195649355
0.02195649355
0.02195649355
0.02195649355
0.02195649355
0.02195649355
0.02195649355
0.02195649355
0.02195649355
0.02195649355
0.02195649355
0.02195649355
0.02195649355
0.02195649355
0.02195649355
0.02195649355
0.02195649355
0.02195649355
0.02195649355
0.02195649355
0.02195649355
0.02195649355
0.02195649355
0.02195649355
0.02195649355
0.02195649355
0.02195649355
0.02195649355
0.02195649355
0.02195649355
0.02195649355
0.02195649355
0.02195649355
0.02195649355
0.02195649355
0.02195649355
0.02195649355
0.02195649355
0.02195649355
0.02195649355
0.02195649355
0.02195649355
0.02195649355
0.02195649355
0.02195649355
0.02195649355
0.02195649355
0.02195649355
0.02195649355
0.02195649355
0.02195649355
0.02195649355
0.02195649355
0.02195649355
0.02195649355
0.02195649355
0.02195649355
0.02195649355
0.02195649355
0.02195649355
0.02195649355
0.02195649355
0.02195649355
0.02195649355
0.02195649355
0.02195649355
0.02195649355
0.02195649355
0.02195649355
0.02195649355
0.02195649355
0.02195649355
0.02195649355
0.02195649355
0.02195649355
0.02195649355
0.02195649355
0.02195649355
0.02195649355
0.02195649355
0.02195649355
0.02195649355
0.02195649355
0.02195649355
0.02195649355
0.02195649355
0.02195649355
0.02195649355
0.02195649355
0.02195649355
0.02195649355
0.02195649355
0.02195649355
0.02195649355
0.02195649355
0.02195649355
0.02195649355
0.02195649355
0.02195649355
0.02195649355
0.02195649355
0.02195649355
0.02195649355
0.02195649355
0.02195649355
0.02195649355
0.02195649355
0.02195649355
0.02195649355
0.02195649355
0.3273056263
0.3281113512
0.3284049256
0.3284974759
0.3283956082
0.3281076325
0.3276427354
0.3270106737
0.3262213702
0.3252845803
0.3242096288
0.3230051817
0.3216790527
0.3202380546
0.3186879002
0.3170331494
0.3152771985
0.3134223064
0.3114696511
0.3094194146
0.307270898
0.3050226693
0.3026727431
0.3002187697
0.2976581669
0.294988002
0.2922039134
0.2892943204
0.2862040936
0.2826280303
0.2771036646
0.2629891855
0.198547107
0.02237534524
0.02195664586
0.02195649362
0.02195649355
0.02195649355
0.02195649355
0.02195649355
0.02195649355
0.02195649355
0.02195649355
0.02195649355
0.02195649355
0.02195649355
0.02195649355
0.02195649355
0.02195649355
0.02195649355
0.02195649355
0.02195649355
0.02195649355
0.02195649355
0.02195649355
0.02195649355
0.02195649355
0.02195649355
0.02195649355
0.02195649355
0.02195649355
0.02195649355
0.02195649355
0.02195649355
0.02195649355
0.02195649355
0.02195649355
0.02195649355
0.02195649355
0.02195649355
0.02195649355
0.02195649355
0.02195649355
0.02195649355
0.02195649355
0.02195649355
0.02195649355
0.02195649355
0.02195649355
0.02195649355
0.02195649355
0.02195649355
0.02195649355
0.02195649355
0.02195649355
0.02195649355
0.02195649355
0.02195649355
0.02195649355
0.02195649355
0.02195649355
0.02195649355
0.02195649355
0.02195649355
0.02195649355
0.02195649355
0.02195649355
0.02195649355
0.02195649355
0.02195649355
0.02195649355
0.02195649355
0.02195649355
0.02195649355
0.02195649355
0.02195649355
0.02195649355
0.02195649355
0.02195649355
0.02195649355
0.02195649355
0.02195649355
0.02195649355
0.02195649355
0.02195649355
0.02195649355
0.02195649355
0.02195649355
0.02195649355
0.02195649355
0.02195649355
0.02195649355
0.02195649355
0.02195649355
0.02195649355
0.02195649355
0.02195649355
0.02195649355
0.02195649355
0.02195649355
0.02195649355
0.02195649355
0.02195649355
0.02195649355
0.02195649355
0.02195649355
0.02195649355
0.02195649355
0.02195649355
0.02195649355
0.02195649355
0.02195649355
0.02195649355
0.02195649355
0.02195649355
0.02195649355
0.02195649355
0.02195649355
0.02195649355
0.02195649355
0.02195649355
0.02195649355
0.02195649355
0.02195649355
0.02195649355
0.02195649355
0.02195649355
0.02195649355
0.02195649355
0.02195649355
0.02195649355
0.02195649355
0.02195649355
0.02195649355
0.02195649355
0.02195649355
0.02195649355
0.02195649355
0.02195649355
0.02195649355
0.02195649355
0.02195649355
0.02195649355
0.02195649355
0.02195649355
0.02195649355
0.02195649355
0.02195649355
0.02195649355
0.02195649355
0.02195649355
0.02195649355
0.02195649355
0.02195649355
0.02195649355
0.02195649355
0.02195649355
0.02195649355
0.02195649355
0.02195649355
0.02195649355
0.02195649355
0.02195649355
0.02195649355
0.02195649355
0.02195649355
0.02195649355
0.02195649355
0.02195649355
0.02195649355
0.3265652359
0.3273896733
0.3276910092
0.3277919946
0.3276990788
0.3274204502
0.3269652102
0.3263430279
0.3255637145
0.324636922
0.3235718915
0.3223772238
0.3210606859
0.3196290626
0.3180880553
0.3164422279
0.3146949947
0.3128486454
0.3109044031
0.3088625114
0.3067223477
0.3044825582
0.3021412019
0.2996958725
0.2971437385
0.2944813817
0.2917040875
0.2888026631
0.2857415758
0.2823115758
0.2773928937
0.2657510308
0.2172023281
0.02252635142
0.02195671492
0.02195649367
0.02195649355
0.02195649355
0.02195649355
0.02195649355
0.02195649355
0.02195649355
0.02195649355
0.02195649355
0.02195649355
0.02195649355
0.02195649355
0.02195649355
0.02195649355
0.02195649355
0.02195649355
0.02195649355
0.02195649355
0.02195649355
0.02195649355
0.02195649355
0.02195649355
0.02195649355
0.02195649355
0.02195649355
0.02195649355
0.02195649355
0.02195649355
0.02195649355
0.02195649355
0.02195649355
0.02195649355
0.02195649355
0.02195649355
0.02195649355
0.02195649355
0.02195649355
0.02195649355
0.02195649355
0.02195649355
0.02195649355
0.02195649355
0.02195649355
0.02195649355
0.02195649355
0.02195649355
0.02195649355
0.02195649355
0.02195649355
0.02195649355
0.02195649355
0.02195649355
0.02195649355
0.02195649355
0.02195649355
0.02195649355
0.02195649355
0.02195649355
0.02195649355
0.02195649355
0.02195649355
0.02195649355
0.02195649355
0.02195649355
0.02195649355
0.02195649355
0.02195649355
0.02195649355
0.02195649355
0.02195649355
0.02195649355
0.02195649355
0.02195649355
0.02195649355
0.02195649355
0.02195649355
0.02195649355
0.02195649355
0.02195649355
0.02195649355
0.02195649355
0.02195649355
0.02195649355
0.02195649355
0.02195649355
0.02195649355
0.02195649355
0.02195649355
0.02195649355
0.02195649355
0.02195649355
0.02195649355
0.02195649355
0.02195649355
0.02195649355
0.02195649355
0.02195649355
0.02195649355
0.02195649355
0.02195649355
0.02195649355
0.02195649355
0.02195649355
0.02195649355
0.02195649355
0.02195649355
0.02195649355
0.02195649355
0.02195649355
0.02195649355
0.02195649355
0.02195649355
0.02195649355
0.02195649355
0.02195649355
0.02195649355
0.02195649355
0.02195649355
0.02195649355
0.02195649355
0.02195649355
0.02195649355
0.02195649355
0.02195649355
0.02195649355
0.02195649355
0.02195649355
0.02195649355
0.02195649355
0.02195649355
0.02195649355
0.02195649355
0.02195649355
0.02195649355
0.02195649355
0.02195649355
0.02195649355
0.02195649355
0.02195649355
0.02195649355
0.02195649355
0.02195649355
0.02195649355
0.02195649355
0.02195649355
0.02195649355
0.02195649355
0.02195649355
0.02195649355
0.02195649355
0.02195649355
0.02195649355
0.02195649355
0.02195649355
0.02195649355
0.02195649355
0.02195649355
0.02195649355
0.02195649355
0.02195649355
0.02195649355
0.02195649355
0.02195649355
0.02195649355
0.02195649355
0.3258227365
0.3266660133
0.3269751834
0.3270847061
0.3270008696
0.3267317397
0.3262863482
0.3256742569
0.3249051637
0.3239886188
0.3229337784
0.3217491762
0.3204425304
0.3190205959
0.3174890623
0.315852498
0.3141143367
0.3122769019
0.3103414626
0.308308318
0.3061769013
0.3039458976
0.3016133593
0.2991767992
0.2966332355
0.2939791692
0.2912104361
0.2883210164
0.2852895103
0.2819663173
0.2774684097
0.2676625833
0.2309022365
0.05274489852
0.02196872506
0.02195649732
0.02195649355
0.02195649355
0.02195649355
0.02195649355
0.02195649355
0.02195649355
0.02195649355
0.02195649355
0.02195649355
0.02195649355
0.02195649355
0.02195649355
0.02195649355
0.02195649355
0.02195649355
0.02195649355
0.02195649355
0.02195649355
0.02195649355
0.02195649355
0.02195649355
0.02195649355
0.02195649355
0.02195649355
0.02195649355
0.02195649355
0.02195649355
0.02195649355
0.02195649355
0.02195649355
0.02195649355
0.02195649355
0.02195649355
0.02195649355
0.02195649355
0.02195649355
0.02195649355
0.02195649355
0.02195649355
0.02195649355
0.02195649355
0.02195649355
0.02195649355
0.02195649355
0.02195649355
0.02195649355
0.02195649355
0.02195649355
0.02195649355
0.02195649355
0.02195649355
0.02195649355
0.02195649355
0.02195649355
0.02195649355
0.02195649355
0.02195649355
0.02195649355
0.02195649355
0.02195649355
0.02195649355
0.02195649355
0.02195649355
0.02195649355
0.02195649355
0.02195649355
0.02195649355
0.02195649355
0.02195649355
0.02195649355
0.02195649355
0.02195649355
0.02195649355
0.02195649355
0.02195649355
0.02195649355
0.02195649355
0.02195649355
0.02195649355
0.02195649355
0.02195649355
0.02195649355
0.02195649355
0.02195649355
0.02195649355
0.02195649355
0.02195649355
0.02195649355
0.02195649355
0.02195649355
0.02195649355
0.02195649355
0.02195649355
0.02195649355
0.02195649355
0.02195649355
0.02195649355
0.02195649355
0.02195649355
0.02195649355
0.02195649355
0.02195649355
0.02195649355
0.02195649355
0.02195649355
0.02195649355
0.02195649355
0.02195649355
0.02195649355
0.02195649355
0.02195649355
0.02195649355
0.02195649355
0.02195649355
0.02195649355
0.02195649355
0.02195649355
0.02195649355
0.02195649355
0.02195649355
0.02195649355
0.02195649355
0.02195649355
0.02195649355
0.02195649355
0.02195649355
0.02195649355
0.02195649355
0.02195649355
0.02195649355
0.02195649355
0.02195649355
0.02195649355
0.02195649355
0.02195649355
0.02195649355
0.02195649355
0.02195649355
0.02195649355
0.02195649355
0.02195649355
0.02195649355
0.02195649355
0.02195649355
0.02195649355
0.02195649355
0.02195649355
0.02195649355
0.02195649355
0.02195649355
0.02195649355
0.02195649355
0.02195649355
0.02195649355
0.02195649355
0.02195649355
0.02195649355
0.02195649355
0.02195649355
0.02195649355
0.02195649355
0.02195649355
0.02195649355
0.02195649355
0.3250781613
0.3259404028
0.3262574721
0.3263756302
0.3263009978
0.3260415232
0.325606167
0.3250043754
0.3242457301
0.3233396803
0.3222952963
0.3211210426
0.3198245873
0.3184126541
0.3168909198
0.3152639572
0.3135352199
0.3117070635
0.309780799
0.3077567702
0.3056344494
0.3034125432
0.3010891005
0.2986616178
0.2961271489
0.2934824553
0.2907242359
0.2878487817
0.2848420686
0.2815890475
0.277397522
0.2691069563
0.2413495053
0.1023795955
0.02202301845
0.02195651346
0.02195649355
0.02195649355
0.02195649355
0.02195649355
0.02195649355
0.02195649355
0.02195649355
0.02195649355
0.02195649355
0.02195649355
0.02195649355
0.02195649355
0.02195649355
0.02195649355
0.02195649355
0.02195649355
0.02195649355
0.02195649355
0.02195649355
0.02195649355
0.02195649355
0.02195649355
0.02195649355
0.02195649355
0.02195649355
0.02195649355
0.02195649355
0.02195649355
0.02195649355
0.02195649355
0.02195649355
0.02195649355
0.02195649355
0.02195649355
0.02195649355
0.02195649355
0.02195649355
0.02195649355
0.02195649355
0.02195649355
0.02195649355
0.02195649355
0.02195649355
0.02195649355
0.02195649355
0.02195649355
0.02195649355
0.02195649355
0.02195649355
0.02195649355
0.02195649355
0.02195649355
0.02195649355
0.02195649355
0.02195649355
0.02195649355
0.02195649355
0.02195649355
0.02195649355
0.02195649355
0.02195649355
0.02195649355
0.02195649355
0.02195649355
0.02195649355
0.02195649355
0.02195649355
0.02195649355
0.02195649355
0.02195649355
0.02195649355
0.02195649355
0.02195649355
0.02195649355
0.02195649355
0.02195649355
0.02195649355
0.02195649355
0.02195649355
0.02195649355
0.02195649355
0.02195649355
0.02195649355
0.02195649355
0.02195649355
0.02195649355
0.02195649355
0.02195649355
0.02195649355
0.02195649355
0.02195649355
0.02195649355
0.02195649355
0.02195649355
0.02195649355
0.02195649355
0.02195649355
0.02195649355
0.02195649355
0.02195649355
0.02195649355
0.02195649355
0.02195649355
0.02195649355
0.02195649355
0.02195649355
0.02195649355
0.02195649355
0.02195649355
0.02195649355
0.02195649355
0.02195649355
0.02195649355
0.02195649355
0.02195649355
0.02195649355
0.02195649355
0.02195649355
0.02195649355
0.02195649355
0.02195649355
0.02195649355
0.02195649355
0.02195649355
0.02195649355
0.02195649355
0.02195649355
0.02195649355
0.02195649355
0.02195649355
0.02195649355
0.02195649355
0.02195649355
0.02195649355
0.02195649355
0.02195649355
0.02195649355
0.02195649355
0.02195649355
0.02195649355
0.02195649355
0.02195649355
0.02195649355
0.02195649355
0.02195649355
0.02195649355
0.02195649355
0.02195649355
0.02195649355
0.02195649355
0.02195649355
0.02195649355
0.02195649355
0.02195649355
0.02195649355
0.02195649355
0.02195649355
0.02195649355
0.02195649355
0.02195649355
0.02195649355
0.02195649355
0.02195649355
0.02195649355
0.3243315299
0.3252128623
0.3255379004
0.32566479
0.3255994804
0.3253498235
0.3249246865
0.3243333985
0.3235854258
0.3226901159
0.3216564515
0.3204928267
0.3192068577
0.3178052356
0.3162936234
0.3146765973
0.3129576286
0.3111391024
0.3092223658
0.3072078001
0.3050949118
0.3028824366
0.3005684557
0.2981505309
0.2956258731
0.2929915734
0.290244887
0.2873828392
0.2843937874
0.2811868339
0.2772377525
0.27020732
0.2491640788
0.1457445942
0.02212711994
0.02195654791
0.02195649357
0.02195649355
0.02195649355
0.02195649355
0.02195649355
0.02195649355
0.02195649355
0.02195649355
0.02195649355
0.02195649355
0.02195649355
0.02195649355
0.02195649355
0.02195649355
0.02195649355
0.02195649355
0.02195649355
0.02195649355
0.02195649355
0.02195649355
0.02195649355
0.02195649355
0.02195649355
0.02195649355
0.02195649355
0.02195649355
0.02195649355
0.02195649355
0.02195649355
0.02195649355
0.02195649355
0.02195649355
0.02195649355
0.02195649355
0.02195649355
0.02195649355
0.02195649355
0.02195649355
0.02195649355
0.02195649355
0.02195649355
0.02195649355
0.02195649355
0.02195649355
0.02195649355
0.02195649355
0.02195649355
0.02195649355
0.02195649355
0.02195649355
0.02195649355
0.02195649355
0.02195649355
0.02195649355
0.02195649355
0.02195649355
0.02195649355
0.02195649355
0.02195649355
0.02195649355
0.02195649355
0.02195649355
0.02195649355
0.02195649355
0.02195649355
0.02195649355
0.02195649355
0.02195649355
0.02195649355
0.02195649355
0.02195649355
0.02195649355
0.02195649355
0.02195649355
0.02195649355
0.02195649355
0.02195649355
0.02195649355
0.02195649355
0.02195649355
0.02195649355
0.02195649355
0.02195649355
0.02195649355
0.02195649355
0.02195649355
0.02195649355
0.02195649355
0.02195649355
0.02195649355
0.02195649355
0.02195649355
0.02195649355
0.02195649355
0.02195649355
0.02195649355
0.02195649355
0.02195649355
0.02195649355
0.02195649355
0.02195649355
0.02195649355
0.02195649355
0.02195649355
0.02195649355
0.02195649355
0.02195649355
0.02195649355
0.02195649355
0.02195649355
0.02195649355
0.02195649355
0.02195649355
0.02195649355
0.02195649355
0.02195649355
0.02195649355
0.02195649355
0.02195649355
0.02195649355
0.02195649355
0.02195649355
0.02195649355
0.02195649355
0.02195649355
0.02195649355
0.02195649355
0.02195649355
0.02195649355
0.02195649355
0.02195649355
0.02195649355
0.02195649355
0.02195649355
0.02195649355
0.02195649355
0.02195649355
0.02195649355
0.02195649355
0.02195649355
0.02195649355
0.02195649355
0.02195649355
0.02195649355
0.02195649355
0.02195649355
0.02195649355
0.02195649355
0.02195649355
0.02195649355
0.02195649355
0.02195649355
0.02195649355
0.02195649355
0.02195649355
0.02195649355
0.02195649355
0.02195649355
0.02195649355
0.02195649355
0.02195649355
0.02195649355
0.02195649355
0.02195649355
0.3235828659
0.3244834125
0.3248164948
0.3249522105
0.3248963413
0.3246566595
0.3242419239
0.3236613408
0.3229242626
0.3220399343
0.3210172499
0.3198645312
0.3185893409
0.3171983361
0.3156971642
0.3140904027
0.3123815385
0.3105729827
0.3086661152
0.3066613544
0.3045582466
0.3023555744
0.300051486
0.2976436482
0.2951294276
0.2925060908
0.2897709283
0.2869205747
0.2839440216
0.2807719392
0.2770253547
0.2710017379
0.2547697948
0.1785650153
0.02226301679
0.02195659959
0.0219564936
0.02195649355
0.02195649355
0.02195649355
0.02195649355
0.02195649355
0.02195649355
0.02195649355
0.02195649355
0.02195649355
0.02195649355
0.02195649355
0.02195649355
0.02195649355
0.02195649355
0.02195649355
0.02195649355
0.02195649355
0.02195649355
0.02195649355
0.02195649355
0.02195649355
0.02195649355
0.02195649355
0.02195649355
0.02195649355
0.02195649355
0.02195649355
0.02195649355
0.02195649355
0.02195649355
0.02195649355
0.02195649355
0.02195649355
0.02195649355
0.02195649355
0.02195649355
0.02195649355
0.02195649355
0.02195649355
0.02195649355
0.02195649355
0.02195649355
0.02195649355
0.02195649355
0.02195649355
0.02195649355
0.02195649355
0.02195649355
0.02195649355
0.02195649355
0.02195649355
0.02195649355
0.02195649355
0.02195649355
0.02195649355
0.02195649355
0.02195649355
0.02195649355
0.02195649355
0.02195649355
0.02195649355
0.02195649355
0.02195649355
0.02195649355
0.02195649355
0.02195649355
0.02195649355
0.02195649355
0.02195649355
0.02195649355
0.02195649355
0.02195649355
0.02195649355
0.02195649355
0.02195649355
0.02195649355
0.02195649355
0.02195649355
0.02195649355
0.02195649355
0.02195649355
0.02195649355
0.02195649355
0.02195649355
0.02195649355
0.02195649355
0.02195649355
0.02195649355
0.02195649355
0.02195649355
0.02195649355
0.02195649355
0.02195649355
0.02195649355
0.02195649355
0.02195649355
0.02195649355
0.02195649355
0.02195649355
0.02195649355
0.02195649355
0.02195649355
0.02195649355
0.02195649355
0.02195649355
0.02195649355
0.02195649355
0.02195649355
0.02195649355
0.02195649355
0.02195649355
0.02195649355
0.02195649355
0.02195649355
0.02195649355
0.02195649355
0.02195649355
0.02195649355
0.02195649355
0.02195649355
0.02195649355
0.02195649355
0.02195649355
0.02195649355
0.02195649355
0.02195649355
0.02195649355
0.02195649355
0.02195649355
0.02195649355
0.02195649355
0.02195649355
0.02195649355
0.02195649355
0.02195649355
0.02195649355
0.02195649355
0.02195649355
0.02195649355
0.02195649355
0.02195649355
0.02195649355
0.02195649355
0.02195649355
0.02195649355
0.02195649355
0.02195649355
0.02195649355
0.02195649355
0.02195649355
0.02195649355
0.02195649355
0.02195649355
0.02195649355
0.02195649355
0.02195649355
0.02195649355
0.02195649355
0.02195649355
0.02195649355
0.02195649355
0.02195649355
0.02195649355
0.3228321991
0.3237520793
0.3240932787
0.3242379124
0.324191607
0.3239620551
0.3235578974
0.3229882168
0.3222622518
0.3213891437
0.3203776961
0.3192361569
0.3179720337
0.3165919476
0.3151015283
0.3135053527
0.3118069207
0.3100086678
0.3081120067
0.3061173959
0.3040244301
0.3018319532
0.2995381914
0.2971409041
0.2946375359
0.292025333
0.2893013092
0.2864615324
0.2834962222
0.2803564896
0.276778485
0.2715112538
0.258605157
0.2022082742
0.02241013379
0.02195666344
0.02195649363
0.02195649355
0.02195649355
0.02195649355
0.02195649355
0.02195649355
0.02195649355
0.02195649355
0.02195649355
0.02195649355
0.02195649355
0.02195649355
0.02195649355
0.02195649355
0.02195649355
0.02195649355
0.02195649355
0.02195649355
0.02195649355
0.02195649355
0.02195649355
0.02195649355
0.02195649355
0.02195649355
0.02195649355
0.02195649355
0.02195649355
0.02195649355
0.02195649355
0.02195649355
0.02195649355
0.02195649355
0.02195649355
0.02195649355
0.02195649355
0.02195649355
0.02195649355
0.02195649355
0.02195649355
0.02195649355
0.02195649355
0.02195649355
0.02195649355
0.02195649355
0.02195649355
0.02195649355
0.02195649355
0.02195649355
0.02195649355
0.02195649355
0.02195649355
0.02195649355
0.02195649355
0.02195649355
0.02195649355
0.02195649355
0.02195649355
0.02195649355
0.02195649355
0.02195649355
0.02195649355
0.02195649355
0.02195649355
0.02195649355
0.02195649355
0.02195649355
0.02195649355
0.02195649355
0.02195649355
0.02195649355
0.02195649355
0.02195649355
0.02195649355
0.02195649355
0.02195649355
0.02195649355
0.02195649355
0.02195649355
0.02195649355
0.02195649355
0.02195649355
0.02195649355
0.02195649355
0.02195649355
0.02195649355
0.02195649355
0.02195649355
0.02195649355
0.02195649355
0.02195649355
0.02195649355
0.02195649355
0.02195649355
0.02195649355
0.02195649355
0.02195649355
0.02195649355
0.02195649355
0.02195649355
0.02195649355
0.02195649355
0.02195649355
0.02195649355
0.02195649355
0.02195649355
0.02195649355
0.02195649355
0.02195649355
0.02195649355
0.02195649355
0.02195649355
0.02195649355
0.02195649355
0.02195649355
0.02195649355
0.02195649355
0.02195649355
0.02195649355
0.02195649355
0.02195649355
0.02195649355
0.02195649355
0.02195649355
0.02195649355
0.02195649355
0.02195649355
0.02195649355
0.02195649355
0.02195649355
0.02195649355
0.02195649355
0.02195649355
0.02195649355
0.02195649355
0.02195649355
0.02195649355
0.02195649355
0.02195649355
0.02195649355
0.02195649355
0.02195649355
0.02195649355
0.02195649355
0.02195649355
0.02195649355
0.02195649355
0.02195649355
0.02195649355
0.02195649355
0.02195649355
0.02195649355
0.02195649355
0.02195649355
0.02195649355
0.02195649355
0.02195649355
0.02195649355
0.02195649355
0.02195649355
0.02195649355
0.02195649355
0.02195649355
0.02195649355
0.02195649355
0.3220795501
0.3230188858
0.3233682725
0.3235219193
0.3234853063
0.3232660325
0.3228726246
0.3223140406
0.3215994041
0.3207377511
0.3197377932
0.3186077027
0.3173549302
0.3159860585
0.3145066982
0.3129214231
0.3112337451
0.3094461232
0.3075600047
0.3055758919
0.3034934336
0.3013115378
0.2990284999
0.2966421368
0.2941499009
0.2915489403
0.2888360444
0.2860072377
0.2830551
0.2799480854
0.2765023721
0.271765611
0.2611363096
0.2190199564
0.03251890813
0.02195938403
0.02195649458
0.02195649355
0.02195649355
0.02195649355
0.02195649355
0.02195649355
0.02195649355
0.02195649355
0.02195649355
0.02195649355
0.02195649355
0.02195649355
0.02195649355
0.02195649355
0.02195649355
0.02195649355
0.02195649355
0.02195649355
0.02195649355
0.02195649355
0.02195649355
0.02195649355
0.02195649355
0.02195649355
0.02195649355
0.02195649355
0.02195649355
0.02195649355
0.02195649355
0.02195649355
0.02195649355
0.02195649355
0.02195649355
0.02195649355
0.02195649355
0.02195649355
0.02195649355
0.02195649355
0.02195649355
0.02195649355
0.02195649355
0.02195649355
0.02195649355
0.02195649355
0.02195649355
0.02195649355
0.02195649355
0.02195649355
0.02195649355
0.02195649355
0.02195649355
0.02195649355
0.02195649355
0.02195649355
0.02195649355
0.02195649355
0.02195649355
0.02195649355
0.02195649355
0.02195649355
0.02195649355
0.02195649355
0.02195649355
0.02195649355
0.02195649355
0.02195649355
0.02195649355
0.02195649355
0.02195649355
0.02195649355
0.02195649355
0.02195649355
0.02195649355
0.02195649355
0.02195649355
0.02195649355
0.02195649355
0.02195649355
0.02195649355
0.02195649355
0.02195649355
0.02195649355
0.02195649355
0.02195649355
0.02195649355
0.02195649355
0.02195649355
0.02195649355
0.02195649355
0.02195649355
0.02195649355
0.02195649355
0.02195649355
0.02195649355
0.02195649355
0.02195649355
0.02195649355
0.02195649355
0.02195649355
0.02195649355
0.02195649355
0.02195649355
0.02195649355
0.02195649355
0.02195649355
0.02195649355
0.02195649355
0.02195649355
0.02195649355
0.02195649355
0.02195649355
0.02195649355
0.02195649355
0.02195649355
0.02195649355
0.02195649355
0.02195649355
0.02195649355
0.02195649355
0.02195649355
0.02195649355
0.02195649355
0.02195649355
0.02195649355
0.02195649355
0.02195649355
0.02195649355
0.02195649355
0.02195649355
0.02195649355
0.02195649355
0.02195649355
0.02195649355
0.02195649355
0.02195649355
0.02195649355
0.02195649355
0.02195649355
0.02195649355
0.02195649355
0.02195649355
0.02195649355
0.02195649355
0.02195649355
0.02195649355
0.02195649355
0.02195649355
0.02195649355
0.02195649355
0.02195649355
0.02195649355
0.02195649355
0.02195649355
0.02195649355
0.02195649355
0.02195649355
0.02195649355
0.02195649355
0.02195649355
0.02195649355
0.02195649355
0.02195649355
0.02195649355
0.02195649355
0.3213249435
0.3222838564
0.3226414971
0.3228042556
0.3227774656
0.3225686139
0.3221861232
0.3216388261
0.3209357295
0.3200857623
0.3190975424
0.3179791649
0.3167380212
0.3153806544
0.3139126535
0.312338588
0.3106619807
0.308885315
0.3070100738
0.3050368053
0.3029652134
0.3007942655
0.2985223125
0.2961472053
0.2936663909
0.2910769743
0.2883757601
0.2855592449
0.2826224816
0.2795455992
0.2761942476
0.2718325922
0.2629750836
0.2315870936
0.08100276354
0.021992639
0.02195650423
0.02195649355
0.02195649355
0.02195649355
0.02195649355
0.02195649355
0.02195649355
0.02195649355
0.02195649355
0.02195649355
0.02195649355
0.02195649355
0.02195649355
0.02195649355
0.02195649355
0.02195649355
0.02195649355
0.02195649355
0.02195649355
0.02195649355
0.02195649355
0.02195649355
0.02195649355
0.02195649355
0.02195649355
0.02195649355
0.02195649355
0.02195649355
0.02195649355
0.02195649355
0.02195649355
0.02195649355
0.02195649355
0.02195649355
0.02195649355
0.02195649355
0.02195649355
0.02195649355
0.02195649355
0.02195649355
0.02195649355
0.02195649355
0.02195649355
0.02195649355
0.02195649355
0.02195649355
0.02195649355
0.02195649355
0.02195649355
0.02195649355
0.02195649355
0.02195649355
0.02195649355
0.02195649355
0.02195649355
0.02195649355
0.02195649355
0.02195649355
0.02195649355
0.02195649355
0.02195649355
0.02195649355
0.02195649355
0.02195649355
0.02195649355
0.02195649355
0.02195649355
0.02195649355
0.02195649355
0.02195649355
0.02195649355
0.02195649355
0.02195649355
0.02195649355
0.02195649355
0.02195649355
0.02195649355
0.02195649355
0.02195649355
0.02195649355
0.02195649355
0.02195649355
0.02195649355
0.02195649355
0.02195649355
0.02195649355
0.02195649355
0.02195649355
0.02195649355
0.02195649355
0.02195649355
0.02195649355
0.02195649355
0.02195649355
0.02195649355
0.02195649355
0.02195649355
0.02195649355
0.02195649355
0.02195649355
0.02195649355
0.02195649355
0.02195649355
0.02195649355
0.02195649355
0.02195649355
0.02195649355
0.02195649355
0.02195649355
0.02195649355
0.02195649355
0.02195649355
0.02195649355
0.02195649355
0.02195649355
0.02195649355
0.02195649355
0.02195649355
0.02195649355
0.02195649355
0.02195649355
0.02195649355
0.02195649355
0.02195649355
0.02195649355
0.02195649355
0.02195649355
0.02195649355
0.02195649355
0.02195649355
0.02195649355
0.02195649355
0.02195649355
0.02195649355
0.02195649355
0.02195649355
0.02195649355
0.02195649355
0.02195649355
0.02195649355
0.02195649355
0.02195649355
0.02195649355
0.02195649355
0.02195649355
0.02195649355
0.02195649355
0.02195649355
0.02195649355
0.02195649355
0.02195649355
0.02195649355
0.02195649355
0.02195649355
0.02195649355
0.02195649355
0.02195649355
0.02195649355
0.02195649355
0.02195649355
0.02195649355
0.02195649355
0.02195649355
0.02195649355
0.320568426
0.3215470244
0.3219129798
0.3220849463
0.3220681085
0.3218698248
0.3214984113
0.3209625866
0.3202712367
0.3194331814
0.3184569431
0.3173505375
0.3161212955
0.3147757183
0.3133193719
0.3117568204
0.3100915968
0.3083262089
0.306462176
0.3045000928
0.3024397162
0.3002800685
0.2980195494
0.2956560451
0.293187029
0.2906096612
0.287920936
0.2851179014
0.2821971262
0.2791446969
0.2758575915
0.2717774828
0.2643512917
0.2409906877
0.1284676171
0.0220770127
0.02195653081
0.02195649356
0.02195649355
0.02195649355
0.02195649355
0.02195649355
0.02195649355
0.02195649355
0.02195649355
0.02195649355
0.02195649355
0.02195649355
0.02195649355
0.02195649355
0.02195649355
0.02195649355
0.02195649355
0.02195649355
0.02195649355
0.02195649355
0.02195649355
0.02195649355
0.02195649355
0.02195649355
0.02195649355
0.02195649355
0.02195649355
0.02195649355
0.02195649355
0.02195649355
0.02195649355
0.02195649355
0.02195649355
0.02195649355
0.02195649355
0.02195649355
0.02195649355
0.02195649355
0.02195649355
0.02195649355
0.02195649355
0.02195649355
0.02195649355
0.02195649355
0.02195649355
0.02195649355
0.02195649355
0.02195649355
0.02195649355
0.02195649355
0.02195649355
0.02195649355
0.02195649355
0.02195649355
0.02195649355
0.02195649355
0.02195649355
0.02195649355
0.02195649355
0.02195649355
0.02195649355
0.02195649355
0.02195649355
0.02195649355
0.02195649355
0.02195649355
0.02195649355
0.02195649355
0.02195649355
0.02195649355
0.02195649355
0.02195649355
0.02195649355
0.02195649355
0.02195649355
0.02195649355
0.02195649355
0.02195649355
0.02195649355
0.02195649355
0.02195649355
0.02195649355
0.02195649355
0.02195649355
0.02195649355
0.02195649355
0.02195649355
0.02195649355
0.02195649355
0.02195649355
0.02195649355
0.02195649355
0.02195649355
0.02195649355
0.02195649355
0.02195649355
0.02195649355
0.02195649355
0.02195649355
0.02195649355
0.02195649355
0.02195649355
0.02195649355
0.02195649355
0.02195649355
0.02195649355
0.02195649355
0.02195649355
0.02195649355
0.02195649355
0.02195649355
0.02195649355
0.02195649355
0.02195649355
0.02195649355
0.02195649355
0.02195649355
0.02195649355
0.02195649355
0.02195649355
0.02195649355
0.02195649355
0.02195649355
0.02195649355
0.02195649355
0.02195649355
0.02195649355
0.02195649355
0.02195649355
0.02195649355
0.02195649355
0.02195649355
0.02195649355
0.02195649355
0.02195649355
0.02195649355
0.02195649355
0.02195649355
0.02195649355
0.02195649355
0.02195649355
0.02195649355
0.02195649355
0.02195649355
0.02195649355
0.02195649355
0.02195649355
0.02195649355
0.02195649355
0.02195649355
0.02195649355
0.02195649355
0.02195649355
0.02195649355
0.02195649355
0.02195649355
0.02195649355
0.02195649355
0.02195649355
0.02195649355
0.02195649355
0.02195649355
0.02195649355
0.02195649355
0.3198100123
0.3208084138
0.3211827463
0.3213640168
0.3213572581
0.3211696901
0.320809507
0.3202853347
0.3196059333
0.3187800111
0.3178159926
0.3167218129
0.3155047401
0.314171232
0.3127268301
0.3111760921
0.3095225609
0.3077687687
0.3059162708
0.303965708
0.3019168891
0.2997688902
0.2975201625
0.2951686432
0.2927118688
0.290147106
0.2874715365
0.284682469
0.2817767929
0.2787429316
0.2755022026
0.2716459
0.2653484583
0.247738333
0.1654241619
0.02220244589
0.02195657624
0.02195649358
0.02195649355
0.02195649355
0.02195649355
0.02195649355
0.02195649355
0.02195649355
0.02195649355
0.02195649355
0.02195649355
0.02195649355
0.02195649355
0.02195649355
0.02195649355
0.02195649355
0.02195649355
0.02195649355
0.02195649355
0.02195649355
0.02195649355
0.02195649355
0.02195649355
0.02195649355
0.02195649355
0.02195649355
0.02195649355
0.02195649355
0.02195649355
0.02195649355
0.02195649355
0.02195649355
0.02195649355
0.02195649355
0.02195649355
0.02195649355
0.02195649355
0.02195649355
0.02195649355
0.02195649355
0.02195649355
0.02195649355
0.02195649355
0.02195649355
0.02195649355
0.02195649355
0.02195649355
0.02195649355
0.02195649355
0.02195649355
0.02195649355
0.02195649355
0.02195649355
0.02195649355
0.02195649355
0.02195649355
0.02195649355
0.02195649355
0.02195649355
0.02195649355
0.02195649355
0.02195649355
0.02195649355
0.02195649355
0.02195649355
0.02195649355
0.02195649355
0.02195649355
0.02195649355
0.02195649355
0.02195649355
0.02195649355
0.02195649355
0.02195649355
0.02195649355
0.02195649355
0.02195649355
0.02195649355
0.02195649355
0.02195649355
0.02195649355
0.02195649355
0.02195649355
0.02195649355
0.02195649355
0.02195649355
0.02195649355
0.02195649355
0.02195649355
0.02195649355
0.02195649355
0.02195649355
0.02195649355
0.02195649355
0.02195649355
0.02195649355
0.02195649355
0.02195649355
0.02195649355
0.02195649355
0.02195649355
0.02195649355
0.02195649355
0.02195649355
0.02195649355
0.02195649355
0.02195649355
0.02195649355
0.02195649355
0.02195649355
0.02195649355
0.02195649355
0.02195649355
0.02195649355
0.02195649355
0.02195649355
0.02195649355
0.02195649355
0.02195649355
0.02195649355
0.02195649355
0.02195649355
0.02195649355
0.02195649355
0.02195649355
0.02195649355
0.02195649355
0.02195649355
0.02195649355
0.02195649355
0.02195649355
0.02195649355
0.02195649355
0.02195649355
0.02195649355
0.02195649355
0.02195649355
0.02195649355
0.02195649355
0.02195649355
0.02195649355
0.02195649355
0.02195649355
0.02195649355
0.02195649355
0.02195649355
0.02195649355
0.02195649355
0.02195649355
0.02195649355
0.02195649355
0.02195649355
0.02195649355
0.02195649355
0.02195649355
0.02195649355
0.02195649355
0.02195649355
0.02195649355
0.02195649355
0.02195649355
0.02195649355
0.02195649355
0.02195649355
0.3190497277
0.3200680503
0.3204508184
0.3206414937
0.3206449359
0.3204682255
0.3201194316
0.3196070832
0.3189398264
0.3181262528
0.3171746872
0.3160929817
0.31488834
0.3135671752
0.312135003
0.3105963739
0.3089548398
0.3072129567
0.3053723166
0.3034336056
0.3013966848
0.2992606858
0.2970241181
0.2946849824
0.2922408904
0.2896891989
0.2870271587
0.2842520033
0.2813603059
0.2783419122
0.2751395262
0.2714652436
0.2660150118
0.2523613998
0.1921534749
0.0223467122
0.02195663664
0.02195649362
0.02195649355
0.02195649355
0.02195649355
0.02195649355
0.02195649355
0.02195649355
0.02195649355
0.02195649355
0.02195649355
0.02195649355
0.02195649355
0.02195649355
0.02195649355
0.02195649355
0.02195649355
0.02195649355
0.02195649355
0.02195649355
0.02195649355
0.02195649355
0.02195649355
0.02195649355
0.02195649355
0.02195649355
0.02195649355
0.02195649355
0.02195649355
0.02195649355
0.02195649355
0.02195649355
0.02195649355
0.02195649355
0.02195649355
0.02195649355
0.02195649355
0.02195649355
0.02195649355
0.02195649355
0.02195649355
0.02195649355
0.02195649355
0.02195649355
0.02195649355
0.02195649355
0.02195649355
0.02195649355
0.02195649355
0.02195649355
0.02195649355
0.02195649355
0.02195649355
0.02195649355
0.02195649355
0.02195649355
0.02195649355
0.02195649355
0.02195649355
0.02195649355
0.02195649355
0.02195649355
0.02195649355
0.02195649355
0.02195649355
0.02195649355
0.02195649355
0.02195649355
0.02195649355
0.02195649355
0.02195649355
0.02195649355
0.02195649355
0.02195649355
0.02195649355
0.02195649355
0.02195649355
0.02195649355
0.02195649355
0.02195649355
0.02195649355
0.02195649355
0.02195649355
0.02195649355
0.02195649355
0.02195649355
0.02195649355
0.02195649355
0.02195649355
0.02195649355
0.02195649355
0.02195649355
0.02195649355
0.02195649355
0.02195649355
0.02195649355
0.02195649355
0.02195649355
0.02195649355
0.02195649355
0.02195649355
0.02195649355
0.02195649355
0.02195649355
0.02195649355
0.02195649355
0.02195649355
0.02195649355
0.02195649355
0.02195649355
0.02195649355
0.02195649355
0.02195649355
0.02195649355
0.02195649355
0.02195649355
0.02195649355
0.02195649355
0.02195649355
0.02195649355
0.02195649355
0.02195649355
0.02195649355
0.02195649355
0.02195649355
0.02195649355
0.02195649355
0.02195649355
0.02195649355
0.02195649355
0.02195649355
0.02195649355
0.02195649355
0.02195649355
0.02195649355
0.02195649355
0.02195649355
0.02195649355
0.02195649355
0.02195649355
0.02195649355
0.02195649355
0.02195649355
0.02195649355
0.02195649355
0.02195649355
0.02195649355
0.02195649355
0.02195649355
0.02195649355
0.02195649355
0.02195649355
0.02195649355
0.02195649355
0.02195649355
0.02195649355
0.02195649355
0.02195649355
0.02195649355
0.02195649355
0.02195649355
0.02195649355
0.02195649355
0.02195649355
0.3182876214
0.3193259673
0.3197172319
0.3199174047
0.3199311616
0.3197654472
0.3194282067
0.3189278446
0.3182729216
0.3174719067
0.3165330214
0.315464033
0.3142720794
0.3129635271
0.3115438653
0.3100176358
0.3083883996
0.3066587359
0.3048302729
0.3029037426
0.3008790593
0.2987554129
0.2965313746
0.2942050102
0.2917739951
0.2892357287
0.2865874301
0.283826141
0.2809482149
0.277945442
0.2747790723
0.2712490069
0.2663945035
0.2553871902
0.210981707
0.02742059846
0.02195785923
0.02195649407
0.02195649355
0.02195649355
0.02195649355
0.02195649355
0.02195649355
0.02195649355
0.02195649355
0.02195649355
0.02195649355
0.02195649355
0.02195649355
0.02195649355
0.02195649355
0.02195649355
0.02195649355
0.02195649355
0.02195649355
0.02195649355
0.02195649355
0.02195649355
0.02195649355
0.02195649355
0.02195649355
0.02195649355
0.02195649355
0.02195649355
0.02195649355
0.02195649355
0.02195649355
0.02195649355
0.02195649355
0.02195649355
0.02195649355
0.02195649355
0.02195649355
0.02195649355
0.02195649355
0.02195649355
0.02195649355
0.02195649355
0.02195649355
0.02195649355
0.02195649355
0.02195649355
0.02195649355
0.02195649355
0.02195649355
0.02195649355
0.02195649355
0.02195649355
0.02195649355
0.02195649355
0.02195649355
0.02195649355
0.02195649355
0.02195649355
0.02195649355
0.02195649355
0.02195649355
0.02195649355
0.02195649355
0.02195649355
0.02195649355
0.02195649355
0.02195649355
0.02195649355
0.02195649355
0.02195649355
0.02195649355
0.02195649355
0.02195649355
0.02195649355
0.02195649355
0.02195649355
0.02195649355
0.02195649355
0.02195649355
0.02195649355
0.02195649355
0.02195649355
0.02195649355
0.02195649355
0.02195649355
0.02195649355
0.02195649355
0.02195649355
0.02195649355
0.02195649355
0.02195649355
0.02195649355
0.02195649355
0.02195649355
0.02195649355
0.02195649355
0.02195649355
0.02195649355
0.02195649355
0.02195649355
0.02195649355
0.02195649355
0.02195649355
0.02195649355
0.02195649355
0.02195649355
0.02195649355
0.02195649355
0.02195649355
0.02195649355
0.02195649355
0.02195649355
0.02195649355
0.02195649355
0.02195649355
0.02195649355
0.02195649355
0.02195649355
0.02195649355
0.02195649355
0.02195649355
0.02195649355
0.02195649355
0.02195649355
0.02195649355
0.02195649355
0.02195649355
0.02195649355
0.02195649355
0.02195649355
0.02195649355
0.02195649355
0.02195649355
0.02195649355
0.02195649355
0.02195649355
0.02195649355
0.02195649355
0.02195649355
0.02195649355
0.02195649355
0.02195649355
0.02195649355
0.02195649355
0.02195649355
0.02195649355
0.02195649355
0.02195649355
0.02195649355
0.02195649355
0.02195649355
0.02195649355
0.02195649355
0.02195649355
0.02195649355
0.02195649355
0.02195649355
0.02195649355
0.02195649355
0.02195649355
0.02195649355
0.02195649355
0.02195649355
0.02195649355
0.3175236985
0.3185821883
0.3189820147
0.3191917747
0.3192159566
0.3190613723
0.3187358403
0.3182476364
0.3176052256
0.3168169723
0.3158909888
0.3148349551
0.3136559412
0.312360266
0.3109533907
0.3094398478
0.3078232062
0.3061060686
0.3042900991
0.3023760762
0.3003639678
0.2982530229
0.2960418739
0.2937286449
0.291311057
0.2887865219
0.2861522104
0.2834050659
0.2805415913
0.2775557994
0.2744226746
0.2709992514
0.2665637794
0.2575414872
0.2248550127
0.07496124642
0.02198588979
0.02195650218
0.02195649355
0.02195649355
0.02195649355
0.02195649355
0.02195649355
0.02195649355
0.02195649355
0.02195649355
0.02195649355
0.02195649355
0.02195649355
0.02195649355
0.02195649355
0.02195649355
0.02195649355
0.02195649355
0.02195649355
0.02195649355
0.02195649355
0.02195649355
0.02195649355
0.02195649355
0.02195649355
0.02195649355
0.02195649355
0.02195649355
0.02195649355
0.02195649355
0.02195649355
0.02195649355
0.02195649355
0.02195649355
0.02195649355
0.02195649355
0.02195649355
0.02195649355
0.02195649355
0.02195649355
0.02195649355
0.02195649355
0.02195649355
0.02195649355
0.02195649355
0.02195649355
0.02195649355
0.02195649355
0.02195649355
0.02195649355
0.02195649355
0.02195649355
0.02195649355
0.02195649355
0.02195649355
0.02195649355
0.02195649355
0.02195649355
0.02195649355
0.02195649355
0.02195649355
0.02195649355
0.02195649355
0.02195649355
0.02195649355
0.02195649355
0.02195649355
0.02195649355
0.02195649355
0.02195649355
0.02195649355
0.02195649355
0.02195649355
0.02195649355
0.02195649355
0.02195649355
0.02195649355
0.02195649355
0.02195649355
0.02195649355
0.02195649355
0.02195649355
0.02195649355
0.02195649355
0.02195649355
0.02195649355
0.02195649355
0.02195649355
0.02195649355
0.02195649355
0.02195649355
0.02195649355
0.02195649355
0.02195649355
0.02195649355
0.02195649355
0.02195649355
0.02195649355
0.02195649355
0.02195649355
0.02195649355
0.02195649355
0.02195649355
0.02195649355
0.02195649355
0.02195649355
0.02195649355
0.02195649355
0.02195649355
0.02195649355
0.02195649355
0.02195649355
0.02195649355
0.02195649355
0.02195649355
0.02195649355
0.02195649355
0.02195649355
0.02195649355
0.02195649355
0.02195649355
0.02195649355
0.02195649355
0.02195649355
0.02195649355
0.02195649355
0.02195649355
0.02195649355
0.02195649355
0.02195649355
0.02195649355
0.02195649355
0.02195649355
0.02195649355
0.02195649355
0.02195649355
0.02195649355
0.02195649355
0.02195649355
0.02195649355
0.02195649355
0.02195649355
0.02195649355
0.02195649355
0.02195649355
0.02195649355
0.02195649355
0.02195649355
0.02195649355
0.02195649355
0.02195649355
0.02195649355
0.02195649355
0.02195649355
0.02195649355
0.02195649355
0.02195649355
0.02195649355
0.02195649355
0.02195649355
0.02195649355
0.02195649355
0.02195649355
0.02195649355
0.3167580095
0.3178367487
0.3182451977
0.3184646298
0.318499342
0.3183560153
0.3180423422
0.317566473
0.3169367447
0.3161614487
0.3152485827
0.3142057357
0.3130399082
0.3117573699
0.3103635527
0.3088629791
0.3072592256
0.3055549175
0.3037517548
0.3018505623
0.2998513616
0.2977534595
0.2955555463
0.2932557973
0.29085197
0.2883414896
0.2857215214
0.2829890472
0.280140908
0.2771728159
0.2740681216
0.2707202487
0.2665922796
0.2591183882
0.2351348553
0.1232590815
0.02206420279
0.02195652666
0.02195649356
0.02195649355
0.02195649355
0.02195649355
0.02195649355
0.02195649355
0.02195649355
0.02195649355
0.02195649355
0.02195649355
0.02195649355
0.02195649355
0.02195649355
0.02195649355
0.02195649355
0.02195649355
0.02195649355
0.02195649355
0.02195649355
0.02195649355
0.02195649355
0.02195649355
0.02195649355
0.02195649355
0.02195649355
0.02195649355
0.02195649355
0.02195649355
0.02195649355
0.02195649355
0.02195649355
0.02195649355
0.02195649355
0.02195649355
0.02195649355
0.02195649355
0.02195649355
0.02195649355
0.02195649355
0.02195649355
0.02195649355
0.02195649355
0.02195649355
0.02195649355
0.02195649355
0.02195649355
0.02195649355
0.02195649355
0.02195649355
0.02195649355
0.02195649355
0.02195649355
0.02195649355
0.02195649355
0.02195649355
0.02195649355
0.02195649355
0.02195649355
0.02195649355
0.02195649355
0.02195649355
0.02195649355
0.02195649355
0.02195649355
0.02195649355
0.02195649355
0.02195649355
0.02195649355
0.02195649355
0.02195649355
0.02195649355
0.02195649355
0.02195649355
0.02195649355
0.02195649355
0.02195649355
0.02195649355
0.02195649355
0.02195649355
0.02195649355
0.02195649355
0.02195649355
0.02195649355
0.02195649355
0.02195649355
0.02195649355
0.02195649355
0.02195649355
0.02195649355
0.02195649355
0.02195649355
0.02195649355
0.02195649355
0.02195649355
0.02195649355
0.02195649355
0.02195649355
0.02195649355
0.02195649355
0.02195649355
0.02195649355
0.02195649355
0.02195649355
0.02195649355
0.02195649355
0.02195649355
0.02195649355
0.02195649355
0.02195649355
0.02195649355
0.02195649355
0.02195649355
0.02195649355
0.02195649355
0.02195649355
0.02195649355
0.02195649355
0.02195649355
0.02195649355
0.02195649355
0.02195649355
0.02195649355
0.02195649355
0.02195649355
0.02195649355
0.02195649355
0.02195649355
0.02195649355
0.02195649355
0.02195649355
0.02195649355
0.02195649355
0.02195649355
0.02195649355
0.02195649355
0.02195649355
0.02195649355
0.02195649355
0.02195649355
0.02195649355
0.02195649355
0.02195649355
0.02195649355
0.02195649355
0.02195649355
0.02195649355
0.02195649355
0.02195649355
0.02195649355
0.02195649355
0.02195649355
0.02195649355
0.02195649355
0.02195649355
0.02195649355
0.02195649355
0.02195649355
0.02195649355
0.02195649355
0.02195649355
0.02195649355
0.02195649355
0.3159905746
0.3170896765
0.317506809
0.3177359946
0.3177813388
0.3176493924
0.3173477229
0.3168843533
0.3162674939
0.3155053365
0.314605796
0.3135763621
0.3124239625
0.3111548162
0.3097743247
0.3082869995
0.3066964237
0.3050052449
0.3032151984
0.3013271546
0.2993411881
0.2972566613
0.2950723192
0.2927863854
0.2903966556
0.2879005843
0.2852953749
0.2825780993
0.2797458356
0.2767950563
0.273713294
0.2704210592
0.2665292412
0.2602410558
0.2424356233
0.1611086805
0.02218563168
0.0219565704
0.02195649358
0.02195649355
0.02195649355
0.02195649355
0.02195649355
0.02195649355
0.02195649355
0.02195649355
0.02195649355
0.02195649355
0.02195649355
0.02195649355
0.02195649355
0.02195649355
0.02195649355
0.02195649355
0.02195649355
0.02195649355
0.02195649355
0.02195649355
0.02195649355
0.02195649355
0.02195649355
0.02195649355
0.02195649355
0.02195649355
0.02195649355
0.02195649355
0.02195649355
0.02195649355
0.02195649355
0.02195649355
0.02195649355
0.02195649355
0.02195649355
0.02195649355
0.02195649355
0.02195649355
0.02195649355
0.02195649355
0.02195649355
0.02195649355
0.02195649355
0.02195649355
0.02195649355
0.02195649355
0.02195649355
0.02195649355
0.02195649355
0.02195649355
0.02195649355
0.02195649355
0.02195649355
0.02195649355
0.02195649355
0.02195649355
0.02195649355
0.02195649355
0.02195649355
0.02195649355
0.02195649355
0.02195649355
0.02195649355
0.02195649355
0.02195649355
0.02195649355
0.02195649355
0.02195649355
0.02195649355
0.02195649355
0.02195649355
0.02195649355
0.02195649355
0.02195649355
0.02195649355
0.02195649355
0.02195649355
0.02195649355
0.02195649355
0.02195649355
0.02195649355
0.02195649355
0.02195649355
0.02195649355
0.02195649355
0.02195649355
0.02195649355
0.02195649355
0.02195649355
0.02195649355
0.02195649355
0.02195649355
0.02195649355
0.02195649355
0.02195649355
0.02195649355
0.02195649355
0.02195649355
0.02195649355
0.02195649355
0.02195649355
0.02195649355
0.02195649355
0.02195649355
0.02195649355
0.02195649355
0.02195649355
0.02195649355
0.02195649355
0.02195649355
0.02195649355
0.02195649355
0.02195649355
0.02195649355
0.02195649355
0.02195649355
0.02195649355
0.02195649355
0.02195649355
0.02195649355
0.02195649355
0.02195649355
0.02195649355
0.02195649355
0.02195649355
0.02195649355
0.02195649355
0.02195649355
0.02195649355
0.02195649355
0.02195649355
0.02195649355
0.02195649355
0.02195649355
0.02195649355
0.02195649355
0.02195649355
0.02195649355
0.02195649355
0.02195649355
0.02195649355
0.02195649355
0.02195649355
0.02195649355
0.02195649355
0.02195649355
0.02195649355
0.02195649355
0.02195649355
0.02195649355
0.02195649355
0.02195649355
0.02195649355
0.02195649355
0.02195649355
0.02195649355
0.02195649355
0.02195649355
0.02195649355
0.02195649355
0.02195649355
0.02195649355
0.3152214237
0.3163410002
0.3167668755
0.3170058931
0.3170619674
0.3169415192
0.3166519921
0.3162012828
0.315597477
0.3148486366
0.3139626223
0.3129468217
0.3118080865
0.3105525827
0.3091856801
0.3077118782
0.3061347655
0.3044570115
0.3026803859
0.3008058038
0.2988333907
0.2967625636
0.2945921204
0.2923203331
0.2899450409
0.2874637404
0.2848736823
0.2821719906
0.2793557713
0.2764216022
0.2733594562
0.2701120825
0.266406342
0.2609870173
0.2473795498
0.1883743877
0.02233072304
0.02195663071
0.02195649362
0.02195649355
0.02195649355
0.02195649355
0.02195649355
0.02195649355
0.02195649355
0.02195649355
0.02195649355
0.02195649355
0.02195649355
0.02195649355
0.02195649355
0.02195649355
0.02195649355
0.02195649355
0.02195649355
0.02195649355
0.02195649355
0.02195649355
0.02195649355
0.02195649355
0.02195649355
0.02195649355
0.02195649355
0.02195649355
0.02195649355
0.02195649355
0.02195649355
0.02195649355
0.02195649355
0.02195649355
0.02195649355
0.02195649355
0.02195649355
0.02195649355
0.02195649355
0.02195649355
0.02195649355
0.02195649355
0.02195649355
0.02195649355
0.02195649355
0.02195649355
0.02195649355
0.02195649355
0.02195649355
0.02195649355
0.02195649355
0.02195649355
0.02195649355
0.02195649355
0.02195649355
0.02195649355
0.02195649355
0.02195649355
0.02195649355
0.02195649355
0.02195649355
0.02195649355
0.02195649355
0.02195649355
0.02195649355
0.02195649355
0.02195649355
0.02195649355
0.02195649355
0.02195649355
0.02195649355
0.02195649355
0.02195649355
0.02195649355
0.02195649355
0.02195649355
0.02195649355
0.02195649355
0.02195649355
0.02195649355
0.02195649355
0.02195649355
0.02195649355
0.02195649355
0.02195649355
0.02195649355
0.02195649355
0.02195649355
0.02195649355
0.02195649355
0.02195649355
0.02195649355
0.02195649355
0.02195649355
0.02195649355
0.02195649355
0.02195649355
0.02195649355
0.02195649355
0.02195649355
0.02195649355
0.02195649355
0.02195649355
0.02195649355
0.02195649355
0.02195649355
0.02195649355
0.02195649355
0.02195649355
0.02195649355
0.02195649355
0.02195649355
0.02195649355
0.02195649355
0.02195649355
0.02195649355
0.02195649355
0.02195649355
0.02195649355
0.02195649355
0.02195649355
0.02195649355
0.02195649355
0.02195649355
0.02195649355
0.02195649355
0.02195649355
0.02195649355
0.02195649355
0.02195649355
0.02195649355
0.02195649355
0.02195649355
0.02195649355
0.02195649355
0.02195649355
0.02195649355
0.02195649355
0.02195649355
0.02195649355
0.02195649355
0.02195649355
0.02195649355
0.02195649355
0.02195649355
0.02195649355
0.02195649355
0.02195649355
0.02195649355
0.02195649355
0.02195649355
0.02195649355
0.02195649355
0.02195649355
0.02195649355
0.02195649355
0.02195649355
0.02195649355
0.02195649355
0.02195649355
0.02195649355
0.02195649355
0.02195649355
0.02195649355
0.3144505879
0.3155907483
0.3160254237
0.3162743487
0.3163412477
0.3162324115
0.3159551598
0.3155172634
0.3149266826
0.3141913637
0.3133190571
0.3123171022
0.3111922624
0.3099506468
0.308597592
0.3071375837
0.3055742155
0.3039101772
0.3021472718
0.3002864578
0.298327911
0.2962711008
0.2941148775
0.2918575632
0.2894970431
0.2870308563
0.2844562861
0.2817704542
0.2789703828
0.2760526366
0.2730094017
0.2698019446
0.266241256
0.2614300074
0.2506485929
0.2076135322
0.03593538095
0.02196051989
0.02195649494
0.02195649355
0.02195649355
0.02195649355
0.02195649355
0.02195649355
0.02195649355
0.02195649355
0.02195649355
0.02195649355
0.02195649355
0.02195649355
0.02195649355
0.02195649355
0.02195649355
0.02195649355
0.02195649355
0.02195649355
0.02195649355
0.02195649355
0.02195649355
0.02195649355
0.02195649355
0.02195649355
0.02195649355
0.02195649355
0.02195649355
0.02195649355
0.02195649355
0.02195649355
0.02195649355
0.02195649355
0.02195649355
0.02195649355
0.02195649355
0.02195649355
0.02195649355
0.02195649355
0.02195649355
0.02195649355
0.02195649355
0.02195649355
0.02195649355
0.02195649355
0.02195649355
0.02195649355
0.02195649355
0.02195649355
0.02195649355
0.02195649355
0.02195649355
0.02195649355
0.02195649355
0.02195649355
0.02195649355
0.02195649355
0.02195649355
0.02195649355
0.02195649355
0.02195649355
0.02195649355
0.02195649355
0.02195649355
0.02195649355
0.02195649355
0.02195649355
0.02195649355
0.02195649355
0.02195649355
0.02195649355
0.02195649355
0.02195649355
0.02195649355
0.02195649355
0.02195649355
0.02195649355
0.02195649355
0.02195649355
0.02195649355
0.02195649355
0.02195649355
0.02195649355
0.02195649355
0.02195649355
0.02195649355
0.02195649355
0.02195649355
0.02195649355
0.02195649355
0.02195649355
0.02195649355
0.02195649355
0.02195649355
0.02195649355
0.02195649355
0.02195649355
0.02195649355
0.02195649355
0.02195649355
0.02195649355
0.02195649355
0.02195649355
0.02195649355
0.02195649355
0.02195649355
0.02195649355
0.02195649355
0.02195649355
0.02195649355
0.02195649355
0.02195649355
0.02195649355
0.02195649355
0.02195649355
0.02195649355
0.02195649355
0.02195649355
0.02195649355
0.02195649355
0.02195649355
0.02195649355
0.02195649355
0.02195649355
0.02195649355
0.02195649355
0.02195649355
0.02195649355
0.02195649355
0.02195649355
0.02195649355
0.02195649355
0.02195649355
0.02195649355
0.02195649355
0.02195649355
0.02195649355
0.02195649355
0.02195649355
0.02195649355
0.02195649355
0.02195649355
0.02195649355
0.02195649355
0.02195649355
0.02195649355
0.02195649355
0.02195649355
0.02195649355
0.02195649355
0.02195649355
0.02195649355
0.02195649355
0.02195649355
0.02195649355
0.02195649355
0.02195649355
0.02195649355
0.02195649355
0.02195649355
0.02195649355
0.02195649355
0.02195649355
0.3136781074
0.3148389528
0.3152824815
0.3155413854
0.3156191996
0.3155220846
0.3152572364
0.3148323005
0.3142551129
0.3135335028
0.3126751052
0.3116871938
0.3105764729
0.3093489861
0.3080100329
0.3065640843
0.305014737
0.3033646999
0.3016158084
0.299769063
0.2978246879
0.2957822045
0.2936405152
0.291397992
0.2890525656
0.2866018119
0.2840430327
0.281373329
0.2785896657
0.2756887572
0.272664953
0.2694934254
0.2660409933
0.2616564667
0.2529470021
0.2216519627
0.08351274345
0.02199562989
0.02195650532
0.02195649355
0.02195649355
0.02195649355
0.02195649355
0.02195649355
0.02195649355
0.02195649355
0.02195649355
0.02195649355
0.02195649355
0.02195649355
0.02195649355
0.02195649355
0.02195649355
0.02195649355
0.02195649355
0.02195649355
0.02195649355
0.02195649355
0.02195649355
0.02195649355
0.02195649355
0.02195649355
0.02195649355
0.02195649355
0.02195649355
0.02195649355
0.02195649355
0.02195649355
0.02195649355
0.02195649355
0.02195649355
0.02195649355
0.02195649355
0.02195649355
0.02195649355
0.02195649355
0.02195649355
0.02195649355
0.02195649355
0.02195649355
0.02195649355
0.02195649355
0.02195649355
0.02195649355
0.02195649355
0.02195649355
0.02195649355
0.02195649355
0.02195649355
0.02195649355
0.02195649355
0.02195649355
0.02195649355
0.02195649355
0.02195649355
0.02195649355
0.02195649355
0.02195649355
0.02195649355
0.02195649355
0.02195649355
0.02195649355
0.02195649355
0.02195649355
0.02195649355
0.02195649355
0.02195649355
0.02195649355
0.02195649355
0.02195649355
0.02195649355
0.02195649355
0.02195649355
0.02195649355
0.02195649355
0.02195649355
0.02195649355
0.02195649355
0.02195649355
0.02195649355
0.02195649355
0.02195649355
0.02195649355
0.02195649355
0.02195649355
0.02195649355
0.02195649355
0.02195649355
0.02195649355
0.02195649355
0.02195649355
0.02195649355
0.02195649355
0.02195649355
0.02195649355
0.02195649355
0.02195649355
0.02195649355
0.02195649355
0.02195649355
0.02195649355
0.02195649355
0.02195649355
0.02195649355
0.02195649355
0.02195649355
0.02195649355
0.02195649355
0.02195649355
0.02195649355
0.02195649355
0.02195649355
0.02195649355
0.02195649355
0.02195649355
0.02195649355
0.02195649355
0.02195649355
0.02195649355
0.02195649355
0.02195649355
0.02195649355
0.02195649355
0.02195649355
0.02195649355
0.02195649355
0.02195649355
0.02195649355
0.02195649355
0.02195649355
0.02195649355
0.02195649355
0.02195649355
0.02195649355
0.02195649355
0.02195649355
0.02195649355
0.02195649355
0.02195649355
0.02195649355
0.02195649355
0.02195649355
0.02195649355
0.02195649355
0.02195649355
0.02195649355
0.02195649355
0.02195649355
0.02195649355
0.02195649355
0.02195649355
0.02195649355
0.02195649355
0.02195649355
0.02195649355
0.02195649355
0.02195649355
0.02195649355
0.02195649355
0.02195649355
0.3129040025
0.3140856395
0.3145380746
0.3148070262
0.3148958427
0.3148105542
0.3145582328
0.3141463995
0.3135827662
0.3128750449
0.3120307635
0.3110570894
0.3099607017
0.3087475779
0.3074229753
0.3059913472
0.3044562919
0.3028205361
0.301085946
0.2992535627
0.2973236578
0.2952958037
0.2931689542
0.29094153
0.2886115057
0.2861764907
0.2836338036
0.2809805448
0.2782136994
0.2753302507
0.2723262441
0.2691858783
0.2658124267
0.2617366542
0.2545850503
0.2318613979
0.129647769
0.02208101611
0.02195653288
0.02195649356
0.02195649355
0.02195649355
0.02195649355
0.02195649355
0.02195649355
0.02195649355
0.02195649355
0.02195649355
0.02195649355
0.02195649355
0.02195649355
0.02195649355
0.02195649355
0.02195649355
0.02195649355
0.02195649355
0.02195649355
0.02195649355
0.02195649355
0.02195649355
0.02195649355
0.02195649355
0.02195649355
0.02195649355
0.02195649355
0.02195649355
0.02195649355
0.02195649355
0.02195649355
0.02195649355
0.02195649355
0.02195649355
0.02195649355
0.02195649355
0.02195649355
0.02195649355
0.02195649355
0.02195649355
0.02195649355
0.02195649355
0.02195649355
0.02195649355
0.02195649355
0.02195649355
0.02195649355
0.02195649355
0.02195649355
0.02195649355
0.02195649355
0.02195649355
0.02195649355
0.02195649355
0.02195649355
0.02195649355
0.02195649355
0.02195649355
0.02195649355
0.02195649355
0.02195649355
0.02195649355
0.02195649355
0.02195649355
0.02195649355
0.02195649355
0.02195649355
0.02195649355
0.02195649355
0.02195649355
0.02195649355
0.02195649355
0.02195649355
0.02195649355
0.02195649355
0.02195649355
0.02195649355
0.02195649355
0.02195649355
0.02195649355
0.02195649355
0.02195649355
0.02195649355
0.02195649355
0.02195649355
0.02195649355
0.02195649355
0.02195649355
0.02195649355
0.02195649355
0.02195649355
0.02195649355
0.02195649355
0.02195649355
0.02195649355
0.02195649355
0.02195649355
0.02195649355
0.02195649355
0.02195649355
0.02195649355
0.02195649355
0.02195649355
0.02195649355
0.02195649355
0.02195649355
0.02195649355
0.02195649355
0.02195649355
0.02195649355
0.02195649355
0.02195649355
0.02195649355
0.02195649355
0.02195649355
0.02195649355
0.02195649355
0.02195649355
0.02195649355
0.02195649355
0.02195649355
0.02195649355
0.02195649355
0.02195649355
0.02195649355
0.02195649355
0.02195649355
0.02195649355
0.02195649355
0.02195649355
0.02195649355
0.02195649355
0.02195649355
0.02195649355
0.02195649355
0.02195649355
0.02195649355
0.02195649355
0.02195649355
0.02195649355
0.02195649355
0.02195649355
0.02195649355
0.02195649355
0.02195649355
0.02195649355
0.02195649355
0.02195649355
0.02195649355
0.02195649355
0.02195649355
0.02195649355
0.02195649355
0.02195649355
0.02195649355
0.02195649355
0.02195649355
0.02195649355
0.02195649355
0.02195649355
0.02195649355
0.02195649355
0.3121282966
0.3133308327
0.3137922265
0.3140712929
0.3141711958
0.3140978352
0.3138581599
0.3134595659
0.3129096422
0.3122159827
0.3113860076
0.3104267949
0.3093449357
0.3081464003
0.3068363909
0.3054193385
0.3038988409
0.3022776406
0.3005576328
0.2987398984
0.2968247549
0.2948118245
0.2927001116
0.2904880854
0.2881737629
0.2857547882
0.2832285058
0.2805920431
0.2778424506
0.2749769382
0.2719925085
0.2688784245
0.2655649718
0.2617200161
0.2557162088
0.2389691067
0.1651437082
0.02220597642
0.02195657961
0.02195649359
0.02195649355
0.02195649355
0.02195649355
0.02195649355
0.02195649355
0.02195649355
0.02195649355
0.02195649355
0.02195649355
0.02195649355
0.02195649355
0.02195649355
0.02195649355
0.02195649355
0.02195649355
0.02195649355
0.02195649355
0.02195649355
0.02195649355
0.02195649355
0.02195649355
0.02195649355
0.02195649355
0.02195649355
0.02195649355
0.02195649355
0.02195649355
0.02195649355
0.02195649355
0.02195649355
0.02195649355
0.02195649355
0.02195649355
0.02195649355
0.02195649355
0.02195649355
0.02195649355
0.02195649355
0.02195649355
0.02195649355
0.02195649355
0.02195649355
0.02195649355
0.02195649355
0.02195649355
0.02195649355
0.02195649355
0.02195649355
0.02195649355
0.02195649355
0.02195649355
0.02195649355
0.02195649355
0.02195649355
0.02195649355
0.02195649355
0.02195649355
0.02195649355
0.02195649355
0.02195649355
0.02195649355
0.02195649355
0.02195649355
0.02195649355
0.02195649355
0.02195649355
0.02195649355
0.02195649355
0.02195649355
0.02195649355
0.02195649355
0.02195649355
0.02195649355
0.02195649355
0.02195649355
0.02195649355
0.02195649355
0.02195649355
0.02195649355
0.02195649355
0.02195649355
0.02195649355
0.02195649355
0.02195649355
0.02195649355
0.02195649355
0.02195649355
0.02195649355
0.02195649355
0.02195649355
0.02195649355
0.02195649355
0.02195649355
0.02195649355
0.02195649355
0.02195649355
0.02195649355
0.02195649355
0.02195649355
0.02195649355
0.02195649355
0.02195649355
0.02195649355
0.02195649355
0.02195649355
0.02195649355
0.02195649355
0.02195649355
0.02195649355
0.02195649355
0.02195649355
0.02195649355
0.02195649355
0.02195649355
0.02195649355
0.02195649355
0.02195649355
0.02195649355
0.02195649355
0.02195649355
0.02195649355
0.02195649355
0.02195649355
0.02195649355
0.02195649355
0.02195649355
0.02195649355
0.02195649355
0.02195649355
0.02195649355
0.02195649355
0.02195649355
0.02195649355
0.02195649355
0.02195649355
0.02195649355
0.02195649355
0.02195649355
0.02195649355
0.02195649355
0.02195649355
0.02195649355
0.02195649355
0.02195649355
0.02195649355
0.02195649355
0.02195649355
0.02195649355
0.02195649355
0.02195649355
0.02195649355
0.02195649355
0.02195649355
0.02195649355
0.02195649355
0.02195649355
0.02195649355
0.02195649355
0.02195649355
0.02195649355
0.3113510322
0.3125745628
0.3130449636
0.3133342079
0.3134452778
0.3133839427
0.313157028
0.3127718057
0.3122357414
0.3115563113
0.3107408285
0.3097962795
0.3087291758
0.3075454338
0.3062502513
0.3048480235
0.303342343
0.3017359659
0.300030815
0.298228009
0.2963279105
0.2943301907
0.2922339035
0.2900375661
0.2877392395
0.2853366065
0.2828270479
0.2802077344
0.2774757826
0.274628523
0.2716633946
0.2685728156
0.2653083239
0.2616393349
0.2564444198
0.2436765053
0.1903891533
0.02235890747
0.02195664467
0.02195649362
0.02195649355
0.02195649355
0.02195649355
0.02195649355
0.02195649355
0.02195649355
0.02195649355
0.02195649355
0.02195649355
0.02195649355
0.02195649355
0.02195649355
0.02195649355
0.02195649355
0.02195649355
0.02195649355
0.02195649355
0.02195649355
0.02195649355
0.02195649355
0.02195649355
0.02195649355
0.02195649355
0.02195649355
0.02195649355
0.02195649355
0.02195649355
0.02195649355
0.02195649355
0.02195649355
0.02195649355
0.02195649355
0.02195649355
0.02195649355
0.02195649355
0.02195649355
0.02195649355
0.02195649355
0.02195649355
0.02195649355
0.02195649355
0.02195649355
0.02195649355
0.02195649355
0.02195649355
0.02195649355
0.02195649355
0.02195649355
0.02195649355
0.02195649355
0.02195649355
0.02195649355
0.02195649355
0.02195649355
0.02195649355
0.02195649355
0.02195649355
0.02195649355
0.02195649355
0.02195649355
0.02195649355
0.02195649355
0.02195649355
0.02195649355
0.02195649355
0.02195649355
0.02195649355
0.02195649355
0.02195649355
0.02195649355
0.02195649355
0.02195649355
0.02195649355
0.02195649355
0.02195649355
0.02195649355
0.02195649355
0.02195649355
0.02195649355
0.02195649355
0.02195649355
0.02195649355
0.02195649355
0.02195649355
0.02195649355
0.02195649355
0.02195649355
0.02195649355
0.02195649355
0.02195649355
0.02195649355
0.02195649355
0.02195649355
0.02195649355
0.02195649355
0.02195649355
0.02195649355
0.02195649355
0.02195649355
0.02195649355
0.02195649355
0.02195649355
0.02195649355
0.02195649355
0.02195649355
0.02195649355
0.02195649355
0.02195649355
0.02195649355
0.02195649355
0.02195649355
0.02195649355
0.02195649355
0.02195649355
0.02195649355
0.02195649355
0.02195649355
0.02195649355
0.02195649355
0.02195649355
0.02195649355
0.02195649355
0.02195649355
0.02195649355
0.02195649355
0.02195649355
0.02195649355
0.02195649355
0.02195649355
0.02195649355
0.02195649355
0.02195649355
0.02195649355
0.02195649355
0.02195649355
0.02195649355
0.02195649355
0.02195649355
0.02195649355
0.02195649355
0.02195649355
0.02195649355
0.02195649355
0.02195649355
0.02195649355
0.02195649355
0.02195649355
0.02195649355
0.02195649355
0.02195649355
0.02195649355
0.02195649355
0.02195649355
0.02195649355
0.02195649355
0.02195649355
0.02195649355
0.02195649355
0.02195649355
0.02195649355
0.3105722294
0.3118168548
0.3122963101
0.3125957932
0.3127181072
0.3126688915
0.3124548481
0.312083125
0.3115610649
0.3108960263
0.3100952152
0.3091655258
0.3081133942
0.3069446704
0.3056645302
0.3042773669
0.3027867559
0.3011954631
0.2995054367
0.2977178316
0.2958330544
0.2938508242
0.2917702446
0.2895898813
0.2873078411
0.2849218502
0.2824293333
0.2798275103
0.2771135527
0.2742848507
0.2713390962
0.2682711071
0.2650489705
0.2615127994
0.2568775952
0.2468607108
0.2083830986
0.05437125746
0.02196945091
0.02195649755
0.02195649355
0.02195649355
0.02195649355
0.02195649355
0.02195649355
0.02195649355
0.02195649355
0.02195649355
0.02195649355
0.02195649355
0.02195649355
0.02195649355
0.02195649355
0.02195649355
0.02195649355
0.02195649355
0.02195649355
0.02195649355
0.02195649355
0.02195649355
0.02195649355
0.02195649355
0.02195649355
0.02195649355
0.02195649355
0.02195649355
0.02195649355
0.02195649355
0.02195649355
0.02195649355
0.02195649355
0.02195649355
0.02195649355
0.02195649355
0.02195649355
0.02195649355
0.02195649355
0.02195649355
0.02195649355
0.02195649355
0.02195649355
0.02195649355
0.02195649355
0.02195649355
0.02195649355
0.02195649355
0.02195649355
0.02195649355
0.02195649355
0.02195649355
0.02195649355
0.02195649355
0.02195649355
0.02195649355
0.02195649355
0.02195649355
0.02195649355
0.02195649355
0.02195649355
0.02195649355
0.02195649355
0.02195649355
0.02195649355
0.02195649355
0.02195649355
0.02195649355
0.02195649355
0.02195649355
0.02195649355
0.02195649355
0.02195649355
0.02195649355
0.02195649355
0.02195649355
0.02195649355
0.02195649355
0.02195649355
0.02195649355
0.02195649355
0.02195649355
0.02195649355
0.02195649355
0.02195649355
0.02195649355
0.02195649355
0.02195649355
0.02195649355
0.02195649355
0.02195649355
0.02195649355
0.02195649355
0.02195649355
0.02195649355
0.02195649355
0.02195649355
0.02195649355
0.02195649355
0.02195649355
0.02195649355
0.02195649355
0.02195649355
0.02195649355
0.02195649355
0.02195649355
0.02195649355
0.02195649355
0.02195649355
0.02195649355
0.02195649355
0.02195649355
0.02195649355
0.02195649355
0.02195649355
0.02195649355
0.02195649355
0.02195649355
0.02195649355
0.02195649355
0.02195649355
0.02195649355
0.02195649355
0.02195649355
0.02195649355
0.02195649355
0.02195649355
0.02195649355
0.02195649355
0.02195649355
0.02195649355
0.02195649355
0.02195649355
0.02195649355
0.02195649355
0.02195649355
0.02195649355
0.02195649355
0.02195649355
0.02195649355
0.02195649355
0.02195649355
0.02195649355
0.02195649355
0.02195649355
0.02195649355
0.02195649355
0.02195649355
0.02195649355
0.02195649355
0.02195649355
0.02195649355
0.02195649355
0.02195649355
0.02195649355
0.02195649355
0.02195649355
0.02195649355
0.02195649355
0.02195649355
0.02195649355
0.02195649355
0.3097919091
0.3110577315
0.3115462887
0.3118560696
0.3119897023
0.3119526963
0.3117516307
0.3113935299
0.3108856139
0.3102351237
0.3094491579
0.3085345176
0.3074975626
0.3063440855
0.3050792101
0.3037073342
0.3022320364
0.3006560817
0.2989814403
0.2972093016
0.2953401149
0.2933736467
0.2913090505
0.2891449413
0.2868794747
0.2845104247
0.2820352654
0.279451269
0.2767556613
0.273945892
0.2710198855
0.2679743373
0.2647891781
0.2613508405
0.2571076656
0.2490874418
0.2214525009
0.102740691
0.02202359463
0.02195651412
0.02195649355
0.02195649355
0.02195649355
0.02195649355
0.02195649355
0.02195649355
0.02195649355
0.02195649355
0.02195649355
0.02195649355
0.02195649355
0.02195649355
0.02195649355
0.02195649355
0.02195649355
0.02195649355
0.02195649355
0.02195649355
0.02195649355
0.02195649355
0.02195649355
0.02195649355
0.02195649355
0.02195649355
0.02195649355
0.02195649355
0.02195649355
0.02195649355
0.02195649355
0.02195649355
0.02195649355
0.02195649355
0.02195649355
0.02195649355
0.02195649355
0.02195649355
0.02195649355
0.02195649355
0.02195649355
0.02195649355
0.02195649355
0.02195649355
0.02195649355
0.02195649355
0.02195649355
0.02195649355
0.02195649355
0.02195649355
0.02195649355
0.02195649355
0.02195649355
0.02195649355
0.02195649355
0.02195649355
0.02195649355
0.02195649355
0.02195649355
0.02195649355
0.02195649355
0.02195649355
0.02195649355
0.02195649355
0.02195649355
0.02195649355
0.02195649355
0.02195649355
0.02195649355
0.02195649355
0.02195649355
0.02195649355
0.02195649355
0.02195649355
0.02195649355
0.02195649355
0.02195649355
0.02195649355
0.02195649355
0.02195649355
0.02195649355
0.02195649355
0.02195649355
0.02195649355
0.02195649355
0.02195649355
0.02195649355
0.02195649355
0.02195649355
0.02195649355
0.02195649355
0.02195649355
0.02195649355
0.02195649355
0.02195649355
0.02195649355
0.02195649355
0.02195649355
0.02195649355
0.02195649355
0.02195649355
0.02195649355
0.02195649355
0.02195649355
0.02195649355
0.02195649355
0.02195649355
0.02195649355
0.02195649355
0.02195649355
0.02195649355
0.02195649355
0.02195649355
0.02195649355
0.02195649355
0.02195649355
0.02195649355
0.02195649355
0.02195649355
0.02195649355
0.02195649355
0.02195649355
0.02195649355
0.02195649355
0.02195649355
0.02195649355
0.02195649355
0.02195649355
0.02195649355
0.02195649355
0.02195649355
0.02195649355
0.02195649355
0.02195649355
0.02195649355
0.02195649355
0.02195649355
0.02195649355
0.02195649355
0.02195649355
0.02195649355
0.02195649355
0.02195649355
0.02195649355
0.02195649355
0.02195649355
0.02195649355
0.02195649355
0.02195649355
0.02195649355
0.02195649355
0.02195649355
0.02195649355
0.02195649355
0.02195649355
0.02195649355
0.02195649355
0.02195649355
0.02195649355
0.02195649355
0.02195649355
0.02195649355
0.3090101076
0.3102972201
0.3107949234
0.3111150583
0.311260081
0.3112353716
0.3110473865
0.3107030265
0.3102093896
0.3095735993
0.3088026468
0.3079032391
0.3068816587
0.3057436397
0.3044942667
0.303137899
0.3016781418
0.3001177701
0.2984587669
0.296702353
0.2948490192
0.2928985793
0.2908502368
0.2887026582
0.2864540501
0.2841022387
0.2816447517
0.2790789196
0.2764020297
0.2736116034
0.2707057558
0.2676823971
0.2645288833
0.2611631681
0.2572013686
0.2506308922
0.2307010774
0.1443496066
0.02212603873
0.02195654949
0.02195649357
0.02195649355
0.02195649355
0.02195649355
0.02195649355
0.02195649355
0.02195649355
0.02195649355
0.02195649355
0.02195649355
0.02195649355
0.02195649355
0.02195649355
0.02195649355
0.02195649355
0.02195649355
0.02195649355
0.02195649355
0.02195649355
0.02195649355
0.02195649355
0.02195649355
0.02195649355
0.02195649355
0.02195649355
0.02195649355
0.02195649355
0.02195649355
0.02195649355
0.02195649355
0.02195649355
0.02195649355
0.02195649355
0.02195649355
0.02195649355
0.02195649355
0.02195649355
0.02195649355
0.02195649355
0.02195649355
0.02195649355
0.02195649355
0.02195649355
0.02195649355
0.02195649355
0.02195649355
0.02195649355
0.02195649355
0.02195649355
0.02195649355
0.02195649355
0.02195649355
0.02195649355
0.02195649355
0.02195649355
0.02195649355
0.02195649355
0.02195649355
0.02195649355
0.02195649355
0.02195649355
0.02195649355
0.02195649355
0.02195649355
0.02195649355
0.02195649355
0.02195649355
0.02195649355
0.02195649355
0.02195649355
0.02195649355
0.02195649355
0.02195649355
0.02195649355
0.02195649355
0.02195649355
0.02195649355
0.02195649355
0.02195649355
0.02195649355
0.02195649355
0.02195649355
0.02195649355
0.02195649355
0.02195649355
0.02195649355
0.02195649355
0.02195649355
0.02195649355
0.02195649355
0.02195649355
0.02195649355
0.02195649355
0.02195649355
0.02195649355
0.02195649355
0.02195649355
0.02195649355
0.02195649355
0.02195649355
0.02195649355
0.02195649355
0.02195649355
0.02195649355
0.02195649355
0.02195649355
0.02195649355
0.02195649355
0.02195649355
0.02195649355
0.02195649355
0.02195649355
0.02195649355
0.02195649355
0.02195649355
0.02195649355
0.02195649355
0.02195649355
0.02195649355
0.02195649355
0.02195649355
0.02195649355
0.02195649355
0.02195649355
0.02195649355
0.02195649355
0.02195649355
0.02195649355
0.02195649355
0.02195649355
0.02195649355
0.02195649355
0.02195649355
0.02195649355
0.02195649355
0.02195649355
0.02195649355
0.02195649355
0.02195649355
0.02195649355
0.02195649355
0.02195649355
0.02195649355
0.02195649355
0.02195649355
0.02195649355
0.02195649355
0.02195649355
0.02195649355
0.02195649355
0.02195649355
0.02195649355
0.02195649355
0.02195649355
0.02195649355
0.02195649355
0.02195649355
0.02195649355
0.02195649355
0.02195649355
0.3082268389
0.3095353418
0.3100422361
0.3103727795
0.3105292608
0.3105169317
0.3103421256
0.3100116209
0.3095323933
0.3089114492
0.3081556721
0.3072716746
0.3062656607
0.3051433047
0.3039096501
0.3025690341
0.3011250366
0.2995804773
0.2979373568
0.2961969193
0.2943596948
0.292425544
0.2903937213
0.2882629461
0.2860314795
0.283697203
0.2812577029
0.2787103715
0.2760525623
0.273281859
0.2703964646
0.2673948585
0.2642686751
0.2609598497
0.257204794
0.2516558269
0.2369435265
0.1750026448
0.02226281922
0.02195660415
0.0219564936
0.02195649355
0.02195649355
0.02195649355
0.02195649355
0.02195649355
0.02195649355
0.02195649355
0.02195649355
0.02195649355
0.02195649355
0.02195649355
0.02195649355
0.02195649355
0.02195649355
0.02195649355
0.02195649355
0.02195649355
0.02195649355
0.02195649355
0.02195649355
0.02195649355
0.02195649355
0.02195649355
0.02195649355
0.02195649355
0.02195649355
0.02195649355
0.02195649355
0.02195649355
0.02195649355
0.02195649355
0.02195649355
0.02195649355
0.02195649355
0.02195649355
0.02195649355
0.02195649355
0.02195649355
0.02195649355
0.02195649355
0.02195649355
0.02195649355
0.02195649355
0.02195649355
0.02195649355
0.02195649355
0.02195649355
0.02195649355
0.02195649355
0.02195649355
0.02195649355
0.02195649355
0.02195649355
0.02195649355
0.02195649355
0.02195649355
0.02195649355
0.02195649355
0.02195649355
0.02195649355
0.02195649355
0.02195649355
0.02195649355
0.02195649355
0.02195649355
0.02195649355
0.02195649355
0.02195649355
0.02195649355
0.02195649355
0.02195649355
0.02195649355
0.02195649355
0.02195649355
0.02195649355
0.02195649355
0.02195649355
0.02195649355
0.02195649355
0.02195649355
0.02195649355
0.02195649355
0.02195649355
0.02195649355
0.02195649355
0.02195649355
0.02195649355
0.02195649355
0.02195649355
0.02195649355
0.02195649355
0.02195649355
0.02195649355
0.02195649355
0.02195649355
0.02195649355
0.02195649355
0.02195649355
0.02195649355
0.02195649355
0.02195649355
0.02195649355
0.02195649355
0.02195649355
0.02195649355
0.02195649355
0.02195649355
0.02195649355
0.02195649355
0.02195649355
0.02195649355
0.02195649355
0.02195649355
0.02195649355
0.02195649355
0.02195649355
0.02195649355
0.02195649355
0.02195649355
0.02195649355
0.02195649355
0.02195649355
0.02195649355
0.02195649355
0.02195649355
0.02195649355
0.02195649355
0.02195649355
0.02195649355
0.02195649355
0.02195649355
0.02195649355
0.02195649355
0.02195649355
0.02195649355
0.02195649355
0.02195649355
0.02195649355
0.02195649355
0.02195649355
0.02195649355
0.02195649355
0.02195649355
0.02195649355
0.02195649355
0.02195649355
0.02195649355
0.02195649355
0.02195649355
0.02195649355
0.02195649355
0.02195649355
0.02195649355
0.02195649355
0.02195649355
0.02195649355
0.02195649355
0.02195649355
0.02195649355
0.3074421277
0.3087721189
0.309288248
0.3096292527
0.3097972589
0.3097973902
0.3096358582
0.3093193187
0.3088546258
0.308248669
0.3075082238
0.306639808
0.3056495462
0.3045430516
0.303325325
0.3020006797
0.300572689
0.2990441601
0.2974171514
0.2956929338
0.293872069
0.2919544634
0.2899394226
0.2878257212
0.2856116768
0.2832952298
0.2808740273
0.2783455255
0.2757071388
0.2729564901
0.2700917768
0.2671116777
0.2640106089
0.2607492314
0.2571479376
0.2522962603
0.2410620193
0.1966232859
0.03726730598
0.02196097098
0.02195649509
0.02195649355
0.02195649355
0.02195649355
0.02195649355
0.02195649355
0.02195649355
0.02195649355
0.02195649355
0.02195649355
0.02195649355
0.02195649355
0.02195649355
0.02195649355
0.02195649355
0.02195649355
0.02195649355
0.02195649355
0.02195649355
0.02195649355
0.02195649355
0.02195649355
0.02195649355
0.02195649355
0.02195649355
0.02195649355
0.02195649355
0.02195649355
0.02195649355
0.02195649355
0.02195649355
0.02195649355
0.02195649355
0.02195649355
0.02195649355
0.02195649355
0.02195649355
0.02195649355
0.02195649355
0.02195649355
0.02195649355
0.02195649355
0.02195649355
0.02195649355
0.02195649355
0.02195649355
0.02195649355
0.02195649355
0.02195649355
0.02195649355
0.02195649355
0.02195649355
0.02195649355
0.02195649355
0.02195649355
0.02195649355
0.02195649355
0.02195649355
0.02195649355
0.02195649355
0.02195649355
0.02195649355
0.02195649355
0.02195649355
0.02195649355
0.02195649355
0.02195649355
0.02195649355
0.02195649355
0.02195649355
0.02195649355
0.02195649355
0.02195649355
0.02195649355
0.02195649355
0.02195649355
0.02195649355
0.02195649355
0.02195649355
0.02195649355
0.02195649355
0.02195649355
0.02195649355
0.02195649355
0.02195649355
0.02195649355
0.02195649355
0.02195649355
0.02195649355
0.02195649355
0.02195649355
0.02195649355
0.02195649355
0.02195649355
0.02195649355
0.02195649355
0.02195649355
0.02195649355
0.02195649355
0.02195649355
0.02195649355
0.02195649355
0.02195649355
0.02195649355
0.02195649355
0.02195649355
0.02195649355
0.02195649355
0.02195649355
0.02195649355
0.02195649355
0.02195649355
0.02195649355
0.02195649355
0.02195649355
0.02195649355
0.02195649355
0.02195649355
0.02195649355
0.02195649355
0.02195649355
0.02195649355
0.02195649355
0.02195649355
0.02195649355
0.02195649355
0.02195649355
0.02195649355
0.02195649355
0.02195649355
0.02195649355
0.02195649355
0.02195649355
0.02195649355
0.02195649355
0.02195649355
0.02195649355
0.02195649355
0.02195649355
0.02195649355
0.02195649355
0.02195649355
0.02195649355
0.02195649355
0.02195649355
0.02195649355
0.02195649355
0.02195649355
0.02195649355
0.02195649355
0.02195649355
0.02195649355
0.02195649355
0.02195649355
0.02195649355
0.02195649355
0.02195649355
0.02195649355
0.02195649355
0.02195649355
0.3066560174
0.3080075802
0.3085329833
0.3088844985
0.3090640923
0.3090767609
0.308928594
0.3086261253
0.3081760878
0.307585254
0.3068602918
0.306007623
0.3050332927
0.3039428512
0.3027412556
0.3014327935
0.3000210301
0.29850878
0.2968981012
0.2951903319
0.2933860703
0.2914852611
0.2894872611
0.2873909008
0.2851945569
0.2828962302
0.2804936299
0.2779842736
0.2753656288
0.2726353383
0.2697915548
0.2668330293
0.2637562103
0.2605357906
0.2570477223
0.2526727045
0.2438864916
0.2121571173
0.08363862221
0.02199587573
0.0219565056
0.02195649355
0.02195649355
0.02195649355
0.02195649355
0.02195649355
0.02195649355
0.02195649355
0.02195649355
0.02195649355
0.02195649355
0.02195649355
0.02195649355
0.02195649355
0.02195649355
0.02195649355
0.02195649355
0.02195649355
0.02195649355
0.02195649355
0.02195649355
0.02195649355
0.02195649355
0.02195649355
0.02195649355
0.02195649355
0.02195649355
0.02195649355
0.02195649355
0.02195649355
0.02195649355
0.02195649355
0.02195649355
0.02195649355
0.02195649355
0.02195649355
0.02195649355
0.02195649355
0.02195649355
0.02195649355
0.02195649355
0.02195649355
0.02195649355
0.02195649355
0.02195649355
0.02195649355
0.02195649355
0.02195649355
0.02195649355
0.02195649355
0.02195649355
0.02195649355
0.02195649355
0.02195649355
0.02195649355
0.02195649355
0.02195649355
0.02195649355
0.02195649355
0.02195649355
0.02195649355
0.02195649355
0.02195649355
0.02195649355
0.02195649355
0.02195649355
0.02195649355
0.02195649355
0.02195649355
0.02195649355
0.02195649355
0.02195649355
0.02195649355
0.02195649355
0.02195649355
0.02195649355
0.02195649355
0.02195649355
0.02195649355
0.02195649355
0.02195649355
0.02195649355
0.02195649355
0.02195649355
0.02195649355
0.02195649355
0.02195649355
0.02195649355
0.02195649355
0.02195649355
0.02195649355
0.02195649355
0.02195649355
0.02195649355
0.02195649355
0.02195649355
0.02195649355
0.02195649355
0.02195649355
0.02195649355
0.02195649355
0.02195649355
0.02195649355
0.02195649355
0.02195649355
0.02195649355
0.02195649355
0.02195649355
0.02195649355
0.02195649355
0.02195649355
0.02195649355
0.02195649355
0.02195649355
0.02195649355
0.02195649355
0.02195649355
0.02195649355
0.02195649355
0.02195649355
0.02195649355
0.02195649355
0.02195649355
0.02195649355
0.02195649355
0.02195649355
0.02195649355
0.02195649355
0.02195649355
0.02195649355
0.02195649355
0.02195649355
0.02195649355
0.02195649355
0.02195649355
0.02195649355
0.02195649355
0.02195649355
0.02195649355
0.02195649355
0.02195649355
0.02195649355
0.02195649355
0.02195649355
0.02195649355
0.02195649355
0.02195649355
0.02195649355
0.02195649355
0.02195649355
0.02195649355
0.02195649355
0.02195649355
0.02195649355
0.02195649355
0.02195649355
0.02195649355
0.02195649355
0.02195649355
0.02195649355
0.3058685128
0.3072417447
0.307776463
0.3081385365
0.3083297781
0.3083550573
0.3082203425
0.3079320459
0.3074967795
0.3069211993
0.3062118649
0.3053751027
0.3044168767
0.3033426738
0.3021574058
0.3008653329
0.2994700111
0.297974261
0.2963801609
0.2946890601
0.29290163
0.2910178624
0.2890371582
0.2869584034
0.2847800344
0.2825001136
0.2801164114
0.2776265036
0.2750279036
0.2723182671
0.2694957023
0.2665589983
0.2635060428
0.2603212686
0.2569160369
0.252872657
0.2458313288
0.2232416993
0.1286629556
0.02207971709
0.02195653324
0.02195649356
0.02195649355
0.02195649355
0.02195649355
0.02195649355
0.02195649355
0.02195649355
0.02195649355
0.02195649355
0.02195649355
0.02195649355
0.02195649355
0.02195649355
0.02195649355
0.02195649355
0.02195649355
0.02195649355
0.02195649355
0.02195649355
0.02195649355
0.02195649355
0.02195649355
0.02195649355
0.02195649355
0.02195649355
0.02195649355
0.02195649355
0.02195649355
0.02195649355
0.02195649355
0.02195649355
0.02195649355
0.02195649355
0.02195649355
0.02195649355
0.02195649355
0.02195649355
0.02195649355
0.02195649355
0.02195649355
0.02195649355
0.02195649355
0.02195649355
0.02195649355
0.02195649355
0.02195649355
0.02195649355
0.02195649355
0.02195649355
0.02195649355
0.02195649355
0.02195649355
0.02195649355
0.02195649355
0.02195649355
0.02195649355
0.02195649355
0.02195649355
0.02195649355
0.02195649355
0.02195649355
0.02195649355
0.02195649355
0.02195649355
0.02195649355
0.02195649355
0.02195649355
0.02195649355
0.02195649355
0.02195649355
0.02195649355
0.02195649355
0.02195649355
0.02195649355
0.02195649355
0.02195649355
0.02195649355
0.02195649355
0.02195649355
0.02195649355
0.02195649355
0.02195649355
0.02195649355
0.02195649355
0.02195649355
0.02195649355
0.02195649355
0.02195649355
0.02195649355
0.02195649355
0.02195649355
0.02195649355
0.02195649355
0.02195649355
0.02195649355
0.02195649355
0.02195649355
0.02195649355
0.02195649355
0.02195649355
0.02195649355
0.02195649355
0.02195649355
0.02195649355
0.02195649355
0.02195649355
0.02195649355
0.02195649355
0.02195649355
0.02195649355
0.02195649355
0.02195649355
0.02195649355
0.02195649355
0.02195649355
0.02195649355
0.02195649355
0.02195649355
0.02195649355
0.02195649355
0.02195649355
0.02195649355
0.02195649355
0.02195649355
0.02195649355
0.02195649355
0.02195649355
0.02195649355
0.02195649355
0.02195649355
0.02195649355
0.02195649355
0.02195649355
0.02195649355
0.02195649355
0.02195649355
0.02195649355
0.02195649355
0.02195649355
0.02195649355
0.02195649355
0.02195649355
0.02195649355
0.02195649355
0.02195649355
0.02195649355
0.02195649355
0.02195649355
0.02195649355
0.02195649355
0.02195649355
0.02195649355
0.02195649355
0.02195649355
0.02195649355
0.02195649355
0.02195649355
0.02195649355
0.02195649355
0.3050796409
0.3064746343
0.3070187077
0.3073913855
0.3075943324
0.3076322924
0.3075111127
0.3072370851
0.3068167006
0.3062564991
0.3055629321
0.3047422298
0.3038002748
0.3027424894
0.3015737389
0.3002982551
0.2989195829
0.2974405483
0.2958632491
0.294189066
0.292418692
0.2905521962
0.2885890367
0.2865281473
0.2843680231
0.2821067869
0.2797422691
0.2772721004
0.2746938362
0.272005144
0.2692040937
0.2662894611
0.2632599373
0.2601057555
0.2567643272
0.2529560912
0.2471310145
0.2307999754
0.1630898078
0.02220366372
0.02195658063
0.02195649359
0.02195649355
0.02195649355
0.02195649355
0.02195649355
0.02195649355
0.02195649355
0.02195649355
0.02195649355
0.02195649355
0.02195649355
0.02195649355
0.02195649355
0.02195649355
0.02195649355
0.02195649355
0.02195649355
0.02195649355
0.02195649355
0.02195649355
0.02195649355
0.02195649355
0.02195649355
0.02195649355
0.02195649355
0.02195649355
0.02195649355
0.02195649355
0.02195649355
0.02195649355
0.02195649355
0.02195649355
0.02195649355
0.02195649355
0.02195649355
0.02195649355
0.02195649355
0.02195649355
0.02195649355
0.02195649355
0.02195649355
0.02195649355
0.02195649355
0.02195649355
0.02195649355
0.02195649355
0.02195649355
0.02195649355
0.02195649355
0.02195649355
0.02195649355
0.02195649355
0.02195649355
0.02195649355
0.02195649355
0.02195649355
0.02195649355
0.02195649355
0.02195649355
0.02195649355
0.02195649355
0.02195649355
0.02195649355
0.02195649355
0.02195649355
0.02195649355
0.02195649355
0.02195649355
0.02195649355
0.02195649355
0.02195649355
0.02195649355
0.02195649355
0.02195649355
0.02195649355
0.02195649355
0.02195649355
0.02195649355
0.02195649355
0.02195649355
0.02195649355
0.02195649355
0.02195649355
0.02195649355
0.02195649355
0.02195649355
0.02195649355
0.02195649355
0.02195649355
0.02195649355
0.02195649355
0.02195649355
0.02195649355
0.02195649355
0.02195649355
0.02195649355
0.02195649355
0.02195649355
0.02195649355
0.02195649355
0.02195649355
0.02195649355
0.02195649355
0.02195649355
0.02195649355
0.02195649355
0.02195649355
0.02195649355
0.02195649355
0.02195649355
0.02195649355
0.02195649355
0.02195649355
0.02195649355
0.02195649355
0.02195649355
0.02195649355
0.02195649355
0.02195649355
0.02195649355
0.02195649355
0.02195649355
0.02195649355
0.02195649355
0.02195649355
0.02195649355
0.02195649355
0.02195649355
0.02195649355
0.02195649355
0.02195649355
0.02195649355
0.02195649355
0.02195649355
0.02195649355
0.02195649355
0.02195649355
0.02195649355
0.02195649355
0.02195649355
0.02195649355
0.02195649355
0.02195649355
0.02195649355
0.02195649355
0.02195649355
0.02195649355
0.02195649355
0.02195649355
0.02195649355
0.02195649355
0.02195649355
0.02195649355
0.02195649355
0.02195649355
0.02195649355
0.02195649355
0.02195649355
0.02195649355
0.304289437
0.3057062744
0.3062597397
0.306643065
0.3068577715
0.3069084787
0.3068009135
0.306541247
0.3061358504
0.3055911475
0.3049134816
0.3041089863
0.3031834627
0.3021422674
0.300990218
0.2997315169
0.2983696968
0.2969075879
0.2953473067
0.2936902652
0.2919371979
0.2900882045
0.2881428222
0.2861000512
0.2839584352
0.2817161551
0.2793710984
0.2769209479
0.2743632983
0.2716958302
0.2689165754
0.2660242411
0.2630178707
0.2598912797
0.2566018174
0.2529633654
0.2479562888
0.2357495092
0.1874199323
0.02894779298
0.02195821699
0.0219564942
0.02195649355
0.02195649355
0.02195649355
0.02195649355
0.02195649355
0.02195649355
0.02195649355
0.02195649355
0.02195649355
0.02195649355
0.02195649355
0.02195649355
0.02195649355
0.02195649355
0.02195649355
0.02195649355
0.02195649355
0.02195649355
0.02195649355
0.02195649355
0.02195649355
0.02195649355
0.02195649355
0.02195649355
0.02195649355
0.02195649355
0.02195649355
0.02195649355
0.02195649355
0.02195649355
0.02195649355
0.02195649355
0.02195649355
0.02195649355
0.02195649355
0.02195649355
0.02195649355
0.02195649355
0.02195649355
0.02195649355
0.02195649355
0.02195649355
0.02195649355
0.02195649355
0.02195649355
0.02195649355
0.02195649355
0.02195649355
0.02195649355
0.02195649355
0.02195649355
0.02195649355
0.02195649355
0.02195649355
0.02195649355
0.02195649355
0.02195649355
0.02195649355
0.02195649355
0.02195649355
0.02195649355
0.02195649355
0.02195649355
0.02195649355
0.02195649355
0.02195649355
0.02195649355
0.02195649355
0.02195649355
0.02195649355
0.02195649355
0.02195649355
0.02195649355
0.02195649355
0.02195649355
0.02195649355
0.02195649355
0.02195649355
0.02195649355
0.02195649355
0.02195649355
0.02195649355
0.02195649355
0.02195649355
0.02195649355
0.02195649355
0.02195649355
0.02195649355
0.02195649355
0.02195649355
0.02195649355
0.02195649355
0.02195649355
0.02195649355
0.02195649355
0.02195649355
0.02195649355
0.02195649355
0.02195649355
0.02195649355
0.02195649355
0.02195649355
0.02195649355
0.02195649355
0.02195649355
0.02195649355
0.02195649355
0.02195649355
0.02195649355
0.02195649355
0.02195649355
0.02195649355
0.02195649355
0.02195649355
0.02195649355
0.02195649355
0.02195649355
0.02195649355
0.02195649355
0.02195649355
0.02195649355
0.02195649355
0.02195649355
0.02195649355
0.02195649355
0.02195649355
0.02195649355
0.02195649355
0.02195649355
0.02195649355
0.02195649355
0.02195649355
0.02195649355
0.02195649355
0.02195649355
0.02195649355
0.02195649355
0.02195649355
0.02195649355
0.02195649355
0.02195649355
0.02195649355
0.02195649355
0.02195649355
0.02195649355
0.02195649355
0.02195649355
0.02195649355
0.02195649355
0.02195649355
0.02195649355
0.02195649355
0.02195649355
0.02195649355
0.02195649355
0.02195649355
0.02195649355
0.02195649355
0.3034979114
0.3049366829
0.3054995782
0.3058935929
0.306120111
0.3061836286
0.3060897531
0.3058445355
0.3054542277
0.3049251377
0.3042635009
0.3034753542
0.3025664159
0.301541977
0.3004068064
0.2991650756
0.2978203042
0.2963753258
0.2948322749
0.2931925945
0.2914570605
0.2896258222
0.2876984544
0.2856740358
0.2835511822
0.2813281206
0.2790027919
0.2765729277
0.2740361609
0.271390185
0.2686329949
0.2657632024
0.2627799754
0.259679528
0.2564341627
0.2529185084
0.2484601013
0.239105652
0.2047750531
0.07326897657
0.02198427196
0.021956502
0.02195649355
0.02195649355
0.02195649355
0.02195649355
0.02195649355
0.02195649355
0.02195649355
0.02195649355
0.02195649355
0.02195649355
0.02195649355
0.02195649355
0.02195649355
0.02195649355
0.02195649355
0.02195649355
0.02195649355
0.02195649355
0.02195649355
0.02195649355
0.02195649355
0.02195649355
0.02195649355
0.02195649355
0.02195649355
0.02195649355
0.02195649355
0.02195649355
0.02195649355
0.02195649355
0.02195649355
0.02195649355
0.02195649355
0.02195649355
0.02195649355
0.02195649355
0.02195649355
0.02195649355
0.02195649355
0.02195649355
0.02195649355
0.02195649355
0.02195649355
0.02195649355
0.02195649355
0.02195649355
0.02195649355
0.02195649355
0.02195649355
0.02195649355
0.02195649355
0.02195649355
0.02195649355
0.02195649355
0.02195649355
0.02195649355
0.02195649355
0.02195649355
0.02195649355
0.02195649355
0.02195649355
0.02195649355
0.02195649355
0.02195649355
0.02195649355
0.02195649355
0.02195649355
0.02195649355
0.02195649355
0.02195649355
0.02195649355
0.02195649355
0.02195649355
0.02195649355
0.02195649355
0.02195649355
0.02195649355
0.02195649355
0.02195649355
0.02195649355
0.02195649355
0.02195649355
0.02195649355
0.02195649355
0.02195649355
0.02195649355
0.02195649355
0.02195649355
0.02195649355
0.02195649355
0.02195649355
0.02195649355
0.02195649355
0.02195649355
0.02195649355
0.02195649355
0.02195649355
0.02195649355
0.02195649355
0.02195649355
0.02195649355
0.02195649355
0.02195649355
0.02195649355
0.02195649355
0.02195649355
0.02195649355
0.02195649355
0.02195649355
0.02195649355
0.02195649355
0.02195649355
0.02195649355
0.02195649355
0.02195649355
0.02195649355
0.02195649355
0.02195649355
0.02195649355
0.02195649355
0.02195649355
0.02195649355
0.02195649355
0.02195649355
0.02195649355
0.02195649355
0.02195649355
0.02195649355
0.02195649355
0.02195649355
0.02195649355
0.02195649355
0.02195649355
0.02195649355
0.02195649355
0.02195649355
0.02195649355
0.02195649355
0.02195649355
0.02195649355
0.02195649355
0.02195649355
0.02195649355
0.02195649355
0.02195649355
0.02195649355
0.02195649355
0.02195649355
0.02195649355
0.02195649355
0.02195649355
0.02195649355
0.02195649355
0.02195649355
0.02195649355
0.02195649355
0.02195649355
0.02195649355
0.3027051065
0.3041658807
0.3047382424
0.3051429866
0.3053813656
0.3054577536
0.305377639
0.3051469537
0.3047718308
0.3042584628
0.3036129773
0.3028413145
0.30194911
0.3009415877
0.2998234672
0.2985988887
0.2972713573
0.2958437091
0.2943180961
0.2926959918
0.2909782133
0.2891649596
0.2872558604
0.2852500357
0.2831461768
0.2809425849
0.2786372404
0.2762279204
0.2737122944
0.2710880701
0.2683532114
0.2655062347
0.2625463303
0.2594713275
0.2562641072
0.2528372909
0.2487514615
0.2413964812
0.2171750537
0.1196566792
0.02205754407
0.02195652569
0.02195649356
0.02195649355
0.02195649355
0.02195649355
0.02195649355
0.02195649355
0.02195649355
0.02195649355
0.02195649355
0.02195649355
0.02195649355
0.02195649355
0.02195649355
0.02195649355
0.02195649355
0.02195649355
0.02195649355
0.02195649355
0.02195649355
0.02195649355
0.02195649355
0.02195649355
0.02195649355
0.02195649355
0.02195649355
0.02195649355
0.02195649355
0.02195649355
0.02195649355
0.02195649355
0.02195649355
0.02195649355
0.02195649355
0.02195649355
0.02195649355
0.02195649355
0.02195649355
0.02195649355
0.02195649355
0.02195649355
0.02195649355
0.02195649355
0.02195649355
0.02195649355
0.02195649355
0.02195649355
0.02195649355
0.02195649355
0.02195649355
0.02195649355
0.02195649355
0.02195649355
0.02195649355
0.02195649355
0.02195649355
0.02195649355
0.02195649355
0.02195649355
0.02195649355
0.02195649355
0.02195649355
0.02195649355
0.02195649355
0.02195649355
0.02195649355
0.02195649355
0.02195649355
0.02195649355
0.02195649355
0.02195649355
0.02195649355
0.02195649355
0.02195649355
0.02195649355
0.02195649355
0.02195649355
0.02195649355
0.02195649355
0.02195649355
0.02195649355
0.02195649355
0.02195649355
0.02195649355
0.02195649355
0.02195649355
0.02195649355
0.02195649355
0.02195649355
0.02195649355
0.02195649355
0.02195649355
0.02195649355
0.02195649355
0.02195649355
0.02195649355
0.02195649355
0.02195649355
0.02195649355
0.02195649355
0.02195649355
0.02195649355
0.02195649355
0.02195649355
0.02195649355
0.02195649355
0.02195649355
0.02195649355
0.02195649355
0.02195649355
0.02195649355
0.02195649355
0.02195649355
0.02195649355
0.02195649355
0.02195649355
0.02195649355
0.02195649355
0.02195649355
0.02195649355
0.02195649355
0.02195649355
0.02195649355
0.02195649355
0.02195649355
0.02195649355
0.02195649355
0.02195649355
0.02195649355
0.02195649355
0.02195649355
0.02195649355
0.02195649355
0.02195649355
0.02195649355
0.02195649355
0.02195649355
0.02195649355
0.02195649355
0.02195649355
0.02195649355
0.02195649355
0.02195649355
0.02195649355
0.02195649355
0.02195649355
0.02195649355
0.02195649355
0.02195649355
0.02195649355
0.02195649355
0.02195649355
0.02195649355
0.02195649355
0.02195649355
0.02195649355
0.02195649355
0.02195649355
0.02195649355
0.3019110337
0.303393894
0.3039757543
0.3043912645
0.3046415502
0.3047308649
0.3046645785
0.3044485044
0.3040886573
0.3035911151
0.3029618977
0.3022068485
0.3013315199
0.3003410686
0.2992401641
0.298032914
0.2967228087
0.2953126856
0.2938047135
0.2922003958
0.2905005904
0.2887055455
0.2868149457
0.2848279686
0.2827433462
0.2805594506
0.2782743344
0.2758858064
0.2733915701
0.2707893503
0.2680770865
0.2652532071
0.26231685
0.2592667813
0.2560925703
0.252732578
0.248903634
0.2429216974
0.2256483065
0.1559266422
0.02217415821
0.02195656935
0.02195649358
0.02195649355
0.02195649355
0.02195649355
0.02195649355
0.02195649355
0.02195649355
0.02195649355
0.02195649355
0.02195649355
0.02195649355
0.02195649355
0.02195649355
0.02195649355
0.02195649355
0.02195649355
0.02195649355
0.02195649355
0.02195649355
0.02195649355
0.02195649355
0.02195649355
0.02195649355
0.02195649355
0.02195649355
0.02195649355
0.02195649355
0.02195649355
0.02195649355
0.02195649355
0.02195649355
0.02195649355
0.02195649355
0.02195649355
0.02195649355
0.02195649355
0.02195649355
0.02195649355
0.02195649355
0.02195649355
0.02195649355
0.02195649355
0.02195649355
0.02195649355
0.02195649355
0.02195649355
0.02195649355
0.02195649355
0.02195649355
0.02195649355
0.02195649355
0.02195649355
0.02195649355
0.02195649355
0.02195649355
0.02195649355
0.02195649355
0.02195649355
0.02195649355
0.02195649355
0.02195649355
0.02195649355
0.02195649355
0.02195649355
0.02195649355
0.02195649355
0.02195649355
0.02195649355
0.02195649355
0.02195649355
0.02195649355
0.02195649355
0.02195649355
0.02195649355
0.02195649355
0.02195649355
0.02195649355
0.02195649355
0.02195649355
0.02195649355
0.02195649355
0.02195649355
0.02195649355
0.02195649355
0.02195649355
0.02195649355
0.02195649355
0.02195649355
0.02195649355
0.02195649355
0.02195649355
0.02195649355
0.02195649355
0.02195649355
0.02195649355
0.02195649355
0.02195649355
0.02195649355
0.02195649355
0.02195649355
0.02195649355
0.02195649355
0.02195649355
0.02195649355
0.02195649355
0.02195649355
0.02195649355
0.02195649355
0.02195649355
0.02195649355
0.02195649355
0.02195649355
0.02195649355
0.02195649355
0.02195649355
0.02195649355
0.02195649355
0.02195649355
0.02195649355
0.02195649355
0.02195649355
0.02195649355
0.02195649355
0.02195649355
0.02195649355
0.02195649355
0.02195649355
0.02195649355
0.02195649355
0.02195649355
0.02195649355
0.02195649355
0.02195649355
0.02195649355
0.02195649355
0.02195649355
0.02195649355
0.02195649355
0.02195649355
0.02195649355
0.02195649355
0.02195649355
0.02195649355
0.02195649355
0.02195649355
0.02195649355
0.02195649355
0.02195649355
0.02195649355
0.02195649355
0.02195649355
0.02195649355
0.02195649355
0.02195649355
0.02195649355
0.02195649355
0.02195649355
0.02195649355
0.3011157099
0.3026207433
0.3032121344
0.3036384448
0.3039006798
0.3040029737
0.3039505785
0.3037491898
0.3034047047
0.3029230868
0.3023102488
0.3015719371
0.3007136209
0.2997403892
0.2986568607
0.2974671099
0.2961746115
0.2947822034
0.2932920706
0.2917057455
0.2900241262
0.2882475092
0.2863756334
0.2844077331
0.2823425975
0.2801786355
0.2779139666
0.2755464662
0.2730738602
0.2704938896
0.2678044753
0.2650039604
0.2620913655
0.2590658699
0.2559210304
0.252614838
0.2489659338
0.243895089
0.2311988729
0.1816642297
0.02849542753
0.02195808102
0.02195649415
0.02195649355
0.02195649355
0.02195649355
0.02195649355
0.02195649355
0.02195649355
0.02195649355
0.02195649355
0.02195649355
0.02195649355
0.02195649355
0.02195649355
0.02195649355
0.02195649355
0.02195649355
0.02195649355
0.02195649355
0.02195649355
0.02195649355
0.02195649355
0.02195649355
0.02195649355
0.02195649355
0.02195649355
0.02195649355
0.02195649355
0.02195649355
0.02195649355
0.02195649355
0.02195649355
0.02195649355
0.02195649355
0.02195649355
0.02195649355
0.02195649355
0.02195649355
0.02195649355
0.02195649355
0.02195649355
0.02195649355
0.02195649355
0.02195649355
0.02195649355
0.02195649355
0.02195649355
0.02195649355
0.02195649355
0.02195649355
0.02195649355
0.02195649355
0.02195649355
0.02195649355
0.02195649355
0.02195649355
0.02195649355
0.02195649355
0.02195649355
0.02195649355
0.02195649355
0.02195649355
0.02195649355
0.02195649355
0.02195649355
0.02195649355
0.02195649355
0.02195649355
0.02195649355
0.02195649355
0.02195649355
0.02195649355
0.02195649355
0.02195649355
0.02195649355
0.02195649355
0.02195649355
0.02195649355
0.02195649355
0.02195649355
0.02195649355
0.02195649355
0.02195649355
0.02195649355
0.02195649355
0.02195649355
0.02195649355
0.02195649355
0.02195649355
0.02195649355
0.02195649355
0.02195649355
0.02195649355
0.02195649355
0.02195649355
0.02195649355
0.02195649355
0.02195649355
0.02195649355
0.02195649355
0.02195649355
0.02195649355
0.02195649355
0.02195649355
0.02195649355
0.02195649355
0.02195649355
0.02195649355
0.02195649355
0.02195649355
0.02195649355
0.02195649355
0.02195649355
0.02195649355
0.02195649355
0.02195649355
0.02195649355
0.02195649355
0.02195649355
0.02195649355
0.02195649355
0.02195649355
0.02195649355
0.02195649355
0.02195649355
0.02195649355
0.02195649355
0.02195649355
0.02195649355
0.02195649355
0.02195649355
0.02195649355
0.02195649355
0.02195649355
0.02195649355
0.02195649355
0.02195649355
0.02195649355
0.02195649355
0.02195649355
0.02195649355
0.02195649355
0.02195649355
0.02195649355
0.02195649355
0.02195649355
0.02195649355
0.02195649355
0.02195649355
0.02195649355
0.02195649355
0.02195649355
0.02195649355
0.02195649355
0.02195649355
0.02195649355
0.02195649355
0.02195649355
0.02195649355
0.3003191595
0.3018464491
0.3024474024
0.3028845448
0.3031587688
0.3032740907
0.3032356456
0.303049012
0.3027199701
0.3022543699
0.301658017
0.3009365612
0.3000953883
0.2991395192
0.2980735214
0.2969014355
0.2956267195
0.2942522117
0.2927801118
0.2912119803
0.2895487549
0.2877907795
0.2859378461
0.2839892446
0.2819438206
0.2798000371
0.2775560448
0.2752097838
0.2727590366
0.2702015501
0.267535227
0.2647583257
0.2618697105
0.2588686713
0.2557512898
0.2524903524
0.2489688138
0.2444991203
0.2349314871
0.1999343831
0.07178518431
0.0219828553
0.02195650164
0.02195649355
0.02195649355
0.02195649355
0.02195649355
0.02195649355
0.02195649355
0.02195649355
0.02195649355
0.02195649355
0.02195649355
0.02195649355
0.02195649355
0.02195649355
0.02195649355
0.02195649355
0.02195649355
0.02195649355
0.02195649355
0.02195649355
0.02195649355
0.02195649355
0.02195649355
0.02195649355
0.02195649355
0.02195649355
0.02195649355
0.02195649355
0.02195649355
0.02195649355
0.02195649355
0.02195649355
0.02195649355
0.02195649355
0.02195649355
0.02195649355
0.02195649355
0.02195649355
0.02195649355
0.02195649355
0.02195649355
0.02195649355
0.02195649355
0.02195649355
0.02195649355
0.02195649355
0.02195649355
0.02195649355
0.02195649355
0.02195649355
0.02195649355
0.02195649355
0.02195649355
0.02195649355
0.02195649355
0.02195649355
0.02195649355
0.02195649355
0.02195649355
0.02195649355
0.02195649355
0.02195649355
0.02195649355
0.02195649355
0.02195649355
0.02195649355
0.02195649355
0.02195649355
0.02195649355
0.02195649355
0.02195649355
0.02195649355
0.02195649355
0.02195649355
0.02195649355
0.02195649355
0.02195649355
0.02195649355
0.02195649355
0.02195649355
0.02195649355
0.02195649355
0.02195649355
0.02195649355
0.02195649355
0.02195649355
0.02195649355
0.02195649355
0.02195649355
0.02195649355
0.02195649355
0.02195649355
0.02195649355
0.02195649355
0.02195649355
0.02195649355
0.02195649355
0.02195649355
0.02195649355
0.02195649355
0.02195649355
0.02195649355
0.02195649355
0.02195649355
0.02195649355
0.02195649355
0.02195649355
0.02195649355
0.02195649355
0.02195649355
0.02195649355
0.02195649355
0.02195649355
0.02195649355
0.02195649355
0.02195649355
0.02195649355
0.02195649355
0.02195649355
0.02195649355
0.02195649355
0.02195649355
0.02195649355
0.02195649355
0.02195649355
0.02195649355
0.02195649355
0.02195649355
0.02195649355
0.02195649355
0.02195649355
0.02195649355
0.02195649355
0.02195649355
0.02195649355
0.02195649355
0.02195649355
0.02195649355
0.02195649355
0.02195649355
0.02195649355
0.02195649355
0.02195649355
0.02195649355
0.02195649355
0.02195649355
0.02195649355
0.02195649355
0.02195649355
0.02195649355
0.02195649355
0.02195649355
0.02195649355
0.02195649355
0.02195649355
0.02195649355
0.02195649355
0.02195649355
0.2995214104
0.3010710328
0.3016815779
0.302129582
0.3024158313
0.3025442264
0.3025197861
0.3023479727
0.3020344503
0.3015849558
0.3010051885
0.3003007016
0.2994767975
0.2985384286
0.2974901109
0.2963358503
0.2950790877
0.2937226601
0.2922687816
0.2907190401
0.289074411
0.2873352848
0.2855015055
0.2835724178
0.2815469223
0.2794235357
0.2772004591
0.2748756565
0.2724469732
0.2699121923
0.2672691883
0.2645161357
0.2616517319
0.2586752285
0.2555843517
0.2523625647
0.2489319386
0.2448615696
0.2374499196
0.2129224564
0.1177811507
0.02205376885
0.02195652472
0.02195649356
0.02195649355
0.02195649355
0.02195649355
0.02195649355
0.02195649355
0.02195649355
0.02195649355
0.02195649355
0.02195649355
0.02195649355
0.02195649355
0.02195649355
0.02195649355
0.02195649355
0.02195649355
0.02195649355
0.02195649355
0.02195649355
0.02195649355
0.02195649355
0.02195649355
0.02195649355
0.02195649355
0.02195649355
0.02195649355
0.02195649355
0.02195649355
0.02195649355
0.02195649355
0.02195649355
0.02195649355
0.02195649355
0.02195649355
0.02195649355
0.02195649355
0.02195649355
0.02195649355
0.02195649355
0.02195649355
0.02195649355
0.02195649355
0.02195649355
0.02195649355
0.02195649355
0.02195649355
0.02195649355
0.02195649355
0.02195649355
0.02195649355
0.02195649355
0.02195649355
0.02195649355
0.02195649355
0.02195649355
0.02195649355
0.02195649355
0.02195649355
0.02195649355
0.02195649355
0.02195649355
0.02195649355
0.02195649355
0.02195649355
0.02195649355
0.02195649355
0.02195649355
0.02195649355
0.02195649355
0.02195649355
0.02195649355
0.02195649355
0.02195649355
0.02195649355
0.02195649355
0.02195649355
0.02195649355
0.02195649355
0.02195649355
0.02195649355
0.02195649355
0.02195649355
0.02195649355
0.02195649355
0.02195649355
0.02195649355
0.02195649355
0.02195649355
0.02195649355
0.02195649355
0.02195649355
0.02195649355
0.02195649355
0.02195649355
0.02195649355
0.02195649355
0.02195649355
0.02195649355
0.02195649355
0.02195649355
0.02195649355
0.02195649355
0.02195649355
0.02195649355
0.02195649355
0.02195649355
0.02195649355
0.02195649355
0.02195649355
0.02195649355
0.02195649355
0.02195649355
0.02195649355
0.02195649355
0.02195649355
0.02195649355
0.02195649355
0.02195649355
0.02195649355
0.02195649355
0.02195649355
0.02195649355
0.02195649355
0.02195649355
0.02195649355
0.02195649355
0.02195649355
0.02195649355
0.02195649355
0.02195649355
0.02195649355
0.02195649355
0.02195649355
0.02195649355
0.02195649355
0.02195649355
0.02195649355
0.02195649355
0.02195649355
0.02195649355
0.02195649355
0.02195649355
0.02195649355
0.02195649355
0.02195649355
0.02195649355
0.02195649355
0.02195649355
0.02195649355
0.02195649355
0.02195649355
0.02195649355
0.02195649355
0.02195649355
0.02195649355
0.02195649355
0.02195649355
0.2987224845
0.3002945187
0.3009146801
0.3013735683
0.3016718719
0.301813378
0.3018029904
0.3016460559
0.3013481234
0.3009148173
0.3003517307
0.2996643208
0.2988578061
0.2979370707
0.296906578
0.2957702992
0.2945316565
0.2931934855
0.2917580128
0.2902268528
0.2886010179
0.2868809435
0.2850665244
0.2831571589
0.2811518016
0.2790490228
0.2768470738
0.2745439642
0.272137551
0.2696256739
0.2670062019
0.2642772217
0.2614372665
0.2584854732
0.2554205643
0.2522330933
0.2488699475
0.2450675271
0.2391088568
0.221753135
0.1538640333
0.0221696532
0.021956569
0.02195649358
0.02195649355
0.02195649355
0.02195649355
0.02195649355
0.02195649355
0.02195649355
0.02195649355
0.02195649355
0.02195649355
0.02195649355
0.02195649355
0.02195649355
0.02195649355
0.02195649355
0.02195649355
0.02195649355
0.02195649355
0.02195649355
0.02195649355
0.02195649355
0.02195649355
0.02195649355
0.02195649355
0.02195649355
0.02195649355
0.02195649355
0.02195649355
0.02195649355
0.02195649355
0.02195649355
0.02195649355
0.02195649355
0.02195649355
0.02195649355
0.02195649355
0.02195649355
0.02195649355
0.02195649355
0.02195649355
0.02195649355
0.02195649355
0.02195649355
0.02195649355
0.02195649355
0.02195649355
0.02195649355
0.02195649355
0.02195649355
0.02195649355
0.02195649355
0.02195649355
0.02195649355
0.02195649355
0.02195649355
0.02195649355
0.02195649355
0.02195649355
0.02195649355
0.02195649355
0.02195649355
0.02195649355
0.02195649355
0.02195649355
0.02195649355
0.02195649355
0.02195649355
0.02195649355
0.02195649355
0.02195649355
0.02195649355
0.02195649355
0.02195649355
0.02195649355
0.02195649355
0.02195649355
0.02195649355
0.02195649355
0.02195649355
0.02195649355
0.02195649355
0.02195649355
0.02195649355
0.02195649355
0.02195649355
0.02195649355
0.02195649355
0.02195649355
0.02195649355
0.02195649355
0.02195649355
0.02195649355
0.02195649355
0.02195649355
0.02195649355
0.02195649355
0.02195649355
0.02195649355
0.02195649355
0.02195649355
0.02195649355
0.02195649355
0.02195649355
0.02195649355
0.02195649355
0.02195649355
0.02195649355
0.02195649355
0.02195649355
0.02195649355
0.02195649355
0.02195649355
0.02195649355
0.02195649355
0.02195649355
0.02195649355
0.02195649355
0.02195649355
0.02195649355
0.02195649355
0.02195649355
0.02195649355
0.02195649355
0.02195649355
0.02195649355
0.02195649355
0.02195649355
0.02195649355
0.02195649355
0.02195649355
0.02195649355
0.02195649355
0.02195649355
0.02195649355
0.02195649355
0.02195649355
0.02195649355
0.02195649355
0.02195649355
0.02195649355
0.02195649355
0.02195649355
0.02195649355
0.02195649355
0.02195649355
0.02195649355
0.02195649355
0.02195649355
0.02195649355
0.02195649355
0.02195649355
0.02195649355
0.02195649355
0.02195649355
0.02195649355
0.02195649355
0.02195649355
0.2979232361
0.2995173987
0.3001468333
0.3006163164
0.3009264562
0.3010809246
0.3010845029
0.3009424139
0.3006600833
0.3002430164
0.2996966945
0.2990264738
0.2982374854
0.2973345411
0.2963220493
0.2952039431
0.2939836246
0.292663925
0.2912470821
0.2897347343
0.2881279291
0.2864271453
0.2846323267
0.2827429241
0.2807579456
0.2786760137
0.2764954301
0.27421425
0.2718303675
0.269341611
0.2667458885
0.2640412152
0.2612259637
0.2582991076
0.2552598636
0.2521030149
0.2487939904
0.2451736563
0.2401661763
0.2275623572
0.1795427726
0.0345228471
0.0219633583
0.02195649685
0.02195649355
0.02195649355
0.02195649355
0.02195649355
0.02195649355
0.02195649355
0.02195649355
0.02195649355
0.02195649355
0.02195649355
0.02195649355
0.02195649355
0.02195649355
0.02195649355
0.02195649355
0.02195649355
0.02195649355
0.02195649355
0.02195649355
0.02195649355
0.02195649355
0.02195649355
0.02195649355
0.02195649355
0.02195649355
0.02195649355
0.02195649355
0.02195649355
0.02195649355
0.02195649355
0.02195649355
0.02195649355
0.02195649355
0.02195649355
0.02195649355
0.02195649355
0.02195649355
0.02195649355
0.02195649355
0.02195649355
0.02195649355
0.02195649355
0.02195649355
0.02195649355
0.02195649355
0.02195649355
0.02195649355
0.02195649355
0.02195649355
0.02195649355
0.02195649355
0.02195649355
0.02195649355
0.02195649355
0.02195649355
0.02195649355
0.02195649355
0.02195649355
0.02195649355
0.02195649355
0.02195649355
0.02195649355
0.02195649355
0.02195649355
0.02195649355
0.02195649355
0.02195649355
0.02195649355
0.02195649355
0.02195649355
0.02195649355
0.02195649355
0.02195649355
0.02195649355
0.02195649355
0.02195649355
0.02195649355
0.02195649355
0.02195649355
0.02195649355
0.02195649355
0.02195649355
0.02195649355
0.02195649355
0.02195649355
0.02195649355
0.02195649355
0.02195649355
0.02195649355
0.02195649355
0.02195649355
0.02195649355
0.02195649355
0.02195649355
0.02195649355
0.02195649355
0.02195649355
0.02195649355
0.02195649355
0.02195649355
0.02195649355
0.02195649355
0.02195649355
0.02195649355
0.02195649355
0.02195649355
0.02195649355
0.02195649355
0.02195649355
0.02195649355
0.02195649355
0.02195649355
0.02195649355
0.02195649355
0.02195649355
0.02195649355
0.02195649355
0.02195649355
0.02195649355
0.02195649355
0.02195649355
0.02195649355
0.02195649355
0.02195649355
0.02195649355
0.02195649355
0.02195649355
0.02195649355
0.02195649355
0.02195649355
0.02195649355
0.02195649355
0.02195649355
0.02195649355
0.02195649355
0.02195649355
0.02195649355
0.02195649355
0.02195649355
0.02195649355
0.02195649355
0.02195649355
0.02195649355
0.02195649355
0.02195649355
0.02195649355
0.02195649355
0.02195649355
0.02195649355
0.02195649355
0.02195649355
0.02195649355
0.02195649355
0.02195649355
0.02195649355
0.02195649355
0.297040011
0.2977528484
0.2980686787
0.2983127438
0.2984668694
0.2985192021
0.2984624041
0.2982923325
0.298007168
0.2976067881
0.2970922848
0.2964655799
0.2957291151
0.2948855997
0.2939378069
0.2928884101
0.2917398552
0.2904942638
0.2891533633
0.2877184421
0.2861903253
0.2845693686
0.2828554673
0.2810480786
0.2791462539
0.2771486805
0.2750537327
0.2728595296
0.2705639995
0.2681649465
0.2656601077
0.2630471865
0.2603240926
0.2574891984
0.2545419343
0.2514834648
0.2483134549
0.2450062334
0.241373056
0.2361233691
0.2232954009
0.1807083988
0.05134062071
0.02197637195
0.02195650555
0.02195649355
0.02195649355
0.02195649355
0.02195649355
0.02195649355
0.02195649355
0.02195649355
0.02195649355
0.02195649355
0.02195649355
0.02195649355
0.02195649355
0.02195649355
0.02195649355
0.02195649355
0.02195649355
0.02195649355
0.02195649355
0.02195649355
0.02195649355
0.02195649355
0.02195649355
0.02195649355
0.02195649355
0.02195649355
0.02195649355
0.02195649355
0.02195649355
0.02195649355
0.02195649355
0.02195649355
0.02195649355
0.02195649355
0.02195649355
0.02195649355
0.02195649355
0.02195649355
0.02195649355
0.02195649355
0.02195649355
0.02195649355
0.02195649355
0.02195649355
0.02195649355
0.02195649355
0.02195649355
0.02195649355
0.02195649355
0.02195649355
0.02195649355
0.02195649355
0.02195649355
0.02195649355
0.02195649355
0.02195649355
0.02195649355
0.02195649355
0.02195649355
0.02195649355
0.02195649355
0.02195649355
0.02195649355
0.02195649355
0.02195649355
0.02195649355
0.02195649355
0.02195649355
0.02195649355
0.02195649355
0.02195649355
0.02195649355
0.02195649355
0.02195649355
0.02195649355
0.02195649355
0.02195649355
0.02195649355
0.02195649355
0.02195649355
0.02195649355
0.02195649355
0.02195649355
0.02195649355
0.02195649355
0.02195649355
0.02195649355
0.02195649355
0.02195649355
0.02195649355
0.02195649355
0.02195649355
0.02195649355
0.02195649355
0.02195649355
0.02195649355
0.02195649355
0.02195649355
0.02195649355
0.02195649355
0.02195649355
0.02195649355
0.02195649355
0.02195649355
0.02195649355
0.02195649355
0.02195649355
0.02195649355
0.02195649355
0.02195649355
0.02195649355
0.02195649355
0.02195649355
0.02195649355
0.02195649355
0.02195649355
0.02195649355
0.02195649355
0.02195649355
0.02195649355
0.02195649355
0.02195649355
0.02195649355
0.02195649355
0.02195649355
0.02195649355
0.02195649355
0.02195649355
0.02195649355
0.02195649355
0.02195649355
0.02195649355
0.02195649355
0.02195649355
0.02195649355
0.02195649355
0.02195649355
0.02195649355
0.02195649355
0.02195649355
0.02195649355
0.02195649355
0.02195649355
0.02195649355
0.02195649355
0.02195649355
0.02195649355
0.02195649355
0.02195649355
0.02195649355
0.02195649355
0.02195649355
0.02195649355
0.02195649355
0.02195649355
0.02195649355
0.2967965002
0.2969076567
0.2969412002
0.2969169093
0.2968314836
0.2966796439
0.2964556673
0.2961541608
0.295770487
0.2953009661
0.2947429143
0.294094573
0.2933549736
0.2925237718
0.2916010748
0.290587275
0.2894829007
0.2882884871
0.2870044699
0.2856311024
0.2841683944
0.2826160704
0.2809735465
0.2792399226
0.2774139882
0.2754942395
0.2734789064
0.2713659875
0.2691532895
0.2668384686
0.2644190683
0.2618925867
0.2592566872
0.2565097429
0.2536525298
0.2506916711
0.247644806
0.2445391638
0.2413640472
0.2377561395
0.2317642435
0.2157188843
0.165047784
0.02229667926
0.02195665816
0.02195649366
0.02195649355
0.02195649355
0.02195649355
0.02195649355
0.02195649355
0.02195649355
0.02195649355
0.02195649355
0.02195649355
0.02195649355
0.02195649355
0.02195649355
0.02195649355
0.02195649355
0.02195649355
0.02195649355
0.02195649355
0.02195649355
0.02195649355
0.02195649355
0.02195649355
0.02195649355
0.02195649355
0.02195649355
0.02195649355
0.02195649355
0.02195649355
0.02195649355
0.02195649355
0.02195649355
0.02195649355
0.02195649355
0.02195649355
0.02195649355
0.02195649355
0.02195649355
0.02195649355
0.02195649355
0.02195649355
0.02195649355
0.02195649355
0.02195649355
0.02195649355
0.02195649355
0.02195649355
0.02195649355
0.02195649355
0.02195649355
0.02195649355
0.02195649355
0.02195649355
0.02195649355
0.02195649355
0.02195649355
0.02195649355
0.02195649355
0.02195649355
0.02195649355
0.02195649355
0.02195649355
0.02195649355
0.02195649355
0.02195649355
0.02195649355
0.02195649355
0.02195649355
0.02195649355
0.02195649355
0.02195649355
0.02195649355
0.02195649355
0.02195649355
0.02195649355
0.02195649355
0.02195649355
0.02195649355
0.02195649355
0.02195649355
0.02195649355
0.02195649355
0.02195649355
0.02195649355
0.02195649355
0.02195649355
0.02195649355
0.02195649355
0.02195649355
0.02195649355
0.02195649355
0.02195649355
0.02195649355
0.02195649355
0.02195649355
0.02195649355
0.02195649355
0.02195649355
0.02195649355
0.02195649355
0.02195649355
0.02195649355
0.02195649355
0.02195649355
0.02195649355
0.02195649355
0.02195649355
0.02195649355
0.02195649355
0.02195649355
0.02195649355
0.02195649355
0.02195649355
0.02195649355
0.02195649355
0.02195649355
0.02195649355
0.02195649355
0.02195649355
0.02195649355
0.02195649355
0.02195649355
0.02195649355
0.02195649355
0.02195649355
0.02195649355
0.02195649355
0.02195649355
0.02195649355
0.02195649355
0.02195649355
0.02195649355
0.02195649355
0.02195649355
0.02195649355
0.02195649355
0.02195649355
0.02195649355
0.02195649355
0.02195649355
0.02195649355
0.02195649355
0.02195649355
0.02195649355
0.02195649355
0.02195649355
0.02195649355
0.02195649355
0.02195649355
0.02195649355
0.02195649355
0.02195649355
0.02195649355
0.02195649355
0.02195649355
0.02195649355
0.2965178509
0.2963873001
0.2962761044
0.2960772882
0.2958017035
0.2954567503
0.2950469227
0.2945743264
0.294039186
0.2934404482
0.2927763408
0.2920447582
0.2912435333
0.2903706033
0.2894240916
0.2884023267
0.2873038194
0.2861272146
0.2848712326
0.2835346076
0.282116031
0.2806141034
0.2790272961
0.2773539246
0.2755921338
0.2737398931
0.2717950035
0.2697551132
0.2676177443
0.2653803309
0.2630402835
0.2605951325
0.2580428868
0.2553829299
0.2526181366
0.2497591131
0.246830861
0.2438717043
0.2408921328
0.2377210505
0.2335661367
0.2258381566
0.2057444314
0.1420112722
0.02218755341
0.02195660269
0.02195649362
0.02195649355
0.02195649355
0.02195649355
0.02195649355
0.02195649355
0.02195649355
0.02195649355
0.02195649355
0.02195649355
0.02195649355
0.02195649355
0.02195649355
0.02195649355
0.02195649355
0.02195649355
0.02195649355
0.02195649355
0.02195649355
0.02195649355
0.02195649355
0.02195649355
0.02195649355
0.02195649355
0.02195649355
0.02195649355
0.02195649355
0.02195649355
0.02195649355
0.02195649355
0.02195649355
0.02195649355
0.02195649355
0.02195649355
0.02195649355
0.02195649355
0.02195649355
0.02195649355
0.02195649355
0.02195649355
0.02195649355
0.02195649355
0.02195649355
0.02195649355
0.02195649355
0.02195649355
0.02195649355
0.02195649355
0.02195649355
0.02195649355
0.02195649355
0.02195649355
0.02195649355
0.02195649355
0.02195649355
0.02195649355
0.02195649355
0.02195649355
0.02195649355
0.02195649355
0.02195649355
0.02195649355
0.02195649355
0.02195649355
0.02195649355
0.02195649355
0.02195649355
0.02195649355
0.02195649355
0.02195649355
0.02195649355
0.02195649355
0.02195649355
0.02195649355
0.02195649355
0.02195649355
0.02195649355
0.02195649355
0.02195649355
0.02195649355
0.02195649355
0.02195649355
0.02195649355
0.02195649355
0.02195649355
0.02195649355
0.02195649355
0.02195649355
0.02195649355
0.02195649355
0.02195649355
0.02195649355
0.02195649355
0.02195649355
0.02195649355
0.02195649355
0.02195649355
0.02195649355
0.02195649355
0.02195649355
0.02195649355
0.02195649355
0.02195649355
0.02195649355
0.02195649355
0.02195649355
0.02195649355
0.02195649355
0.02195649355
0.02195649355
0.02195649355
0.02195649355
0.02195649355
0.02195649355
0.02195649355
0.02195649355
0.02195649355
0.02195649355
0.02195649355
0.02195649355
0.02195649355
0.02195649355
0.02195649355
0.02195649355
0.02195649355
0.02195649355
0.02195649355
0.02195649355
0.02195649355
0.02195649355
0.02195649355
0.02195649355
0.02195649355
0.02195649355
0.02195649355
0.02195649355
0.02195649355
0.02195649355
0.02195649355
0.02195649355
0.02195649355
0.02195649355
0.02195649355
0.02195649355
0.02195649355
0.02195649355
0.02195649355
0.02195649355
0.02195649355
0.02195649355
0.02195649355
0.02195649355
0.02195649355
0.02195649355
0.2961519061
0.2959486298
0.295780291
0.2954960078
0.2951092413
0.2946325677
0.2940771452
0.2934523966
0.2927654252
0.2920211115
0.291222377
0.2903705781
0.2894656819
0.2885066168
0.2874916454
0.28641859
0.2852850057
0.2840883011
0.2828258146
0.2814948557
0.2800927227
0.2786167031
0.2770640666
0.2754320547
0.2737178724
0.2719186839
0.2700316172
0.2680537801
0.2659822914
0.2638143408
0.2615473013
0.2591789602
0.2567080106
0.2541350875
0.2514648046
0.2487091736
0.2458912665
0.2430413571
0.2401604895
0.23712225
0.233545238
0.2285066902
0.2189934153
0.1924694086
0.1057421299
0.02206968595
0.02195654971
0.02195649358
0.02195649355
0.02195649355
0.02195649355
0.02195649355
0.02195649355
0.02195649355
0.02195649355
0.02195649355
0.02195649355
0.02195649355
0.02195649355
0.02195649355
0.02195649355
0.02195649355
0.02195649355
0.02195649355
0.02195649355
0.02195649355
0.02195649355
0.02195649355
0.02195649355
0.02195649355
0.02195649355
0.02195649355
0.02195649355
0.02195649355
0.02195649355
0.02195649355
0.02195649355
0.02195649355
0.02195649355
0.02195649355
0.02195649355
0.02195649355
0.02195649355
0.02195649355
0.02195649355
0.02195649355
0.02195649355
0.02195649355
0.02195649355
0.02195649355
0.02195649355
0.02195649355
0.02195649355
0.02195649355
0.02195649355
0.02195649355
0.02195649355
0.02195649355
0.02195649355
0.02195649355
0.02195649355
0.02195649355
0.02195649355
0.02195649355
0.02195649355
0.02195649355
0.02195649355
0.02195649355
0.02195649355
0.02195649355
0.02195649355
0.02195649355
0.02195649355
0.02195649355
0.02195649355
0.02195649355
0.02195649355
0.02195649355
0.02195649355
0.02195649355
0.02195649355
0.02195649355
0.02195649355
0.02195649355
0.02195649355
0.02195649355
0.02195649355
0.02195649355
0.02195649355
0.02195649355
0.02195649355
0.02195649355
0.02195649355
0.02195649355
0.02195649355
0.02195649355
0.02195649355
0.02195649355
0.02195649355
0.02195649355
0.02195649355
0.02195649355
0.02195649355
0.02195649355
0.02195649355
0.02195649355
0.02195649355
0.02195649355
0.02195649355
0.02195649355
0.02195649355
0.02195649355
0.02195649355
0.02195649355
0.02195649355
0.02195649355
0.02195649355
0.02195649355
0.02195649355
0.02195649355
0.02195649355
0.02195649355
0.02195649355
0.02195649355
0.02195649355
0.02195649355
0.02195649355
0.02195649355
0.02195649355
0.02195649355
0.02195649355
0.02195649355
0.02195649355
0.02195649355
0.02195649355
0.02195649355
0.02195649355
0.02195649355
0.02195649355
0.02195649355
0.02195649355
0.02195649355
0.02195649355
0.02195649355
0.02195649355
0.02195649355
0.02195649355
0.02195649355
0.02195649355
0.02195649355
0.02195649355
0.02195649355
0.02195649355
0.02195649355
0.02195649355
0.02195649355
0.02195649355
0.02195649355
0.02195649355
0.02195649355
0.2957364407
0.2955191276
0.2953318828
0.2950125161
0.2945716727
0.2940211201
0.293373154
0.2926398531
0.2918325082
0.2909608313
0.2900326745
0.2890539675
0.2880286983
0.2869590434
0.285845657
0.2846880694
0.2834845836
0.2822327558
0.2809296057
0.279571781
0.2781556892
0.2766775974
0.2751337057
0.2735201976
0.2718332796
0.2700692103
0.2682243326
0.2662951097
0.2642781815
0.2621704515
0.2599692388
0.2576725559
0.2552796225
0.252791791
0.2502140489
0.2475568973
0.2448368867
0.2420700119
0.2392435632
0.2362588938
0.2328903872
0.2287700283
0.2228426647
0.2101178341
0.1710690792
0.04769914605
0.0219724022
0.02195650332
0.02195649355
0.02195649355
0.02195649355
0.02195649355
0.02195649355
0.02195649355
0.02195649355
0.02195649355
0.02195649355
0.02195649355
0.02195649355
0.02195649355
0.02195649355
0.02195649355
0.02195649355
0.02195649355
0.02195649355
0.02195649355
0.02195649355
0.02195649355
0.02195649355
0.02195649355
0.02195649355
0.02195649355
0.02195649355
0.02195649355
0.02195649355
0.02195649355
0.02195649355
0.02195649355
0.02195649355
0.02195649355
0.02195649355
0.02195649355
0.02195649355
0.02195649355
0.02195649355
0.02195649355
0.02195649355
0.02195649355
0.02195649355
0.02195649355
0.02195649355
0.02195649355
0.02195649355
0.02195649355
0.02195649355
0.02195649355
0.02195649355
0.02195649355
0.02195649355
0.02195649355
0.02195649355
0.02195649355
0.02195649355
0.02195649355
0.02195649355
0.02195649355
0.02195649355
0.02195649355
0.02195649355
0.02195649355
0.02195649355
0.02195649355
0.02195649355
0.02195649355
0.02195649355
0.02195649355
0.02195649355
0.02195649355
0.02195649355
0.02195649355
0.02195649355
0.02195649355
0.02195649355
0.02195649355
0.02195649355
0.02195649355
0.02195649355
0.02195649355
0.02195649355
0.02195649355
0.02195649355
0.02195649355
0.02195649355
0.02195649355
0.02195649355
0.02195649355
0.02195649355
0.02195649355
0.02195649355
0.02195649355
0.02195649355
0.02195649355
0.02195649355
0.02195649355
0.02195649355
0.02195649355
0.02195649355
0.02195649355
0.02195649355
0.02195649355
0.02195649355
0.02195649355
0.02195649355
0.02195649355
0.02195649355
0.02195649355
0.02195649355
0.02195649355
0.02195649355
0.02195649355
0.02195649355
0.02195649355
0.02195649355
0.02195649355
0.02195649355
0.02195649355
0.02195649355
0.02195649355
0.02195649355
0.02195649355
0.02195649355
0.02195649355
0.02195649355
0.02195649355
0.02195649355
0.02195649355
0.02195649355
0.02195649355
0.02195649355
0.02195649355
0.02195649355
0.02195649355
0.02195649355
0.02195649355
0.02195649355
0.02195649355
0.02195649355
0.02195649355
0.02195649355
0.02195649355
0.02195649355
0.02195649355
0.02195649355
0.02195649355
0.02195649355
0.02195649355
0.02195649355
0.02195649355
0.02195649355
0.02195649355
0.2953001437
0.2950842866
0.2948914728
0.2945592514
0.2940950085
0.2935078593
0.2928083867
0.2920081444
0.2911190034
0.290152607
0.2891197132
0.2880296703
0.2868901938
0.2857071967
0.2844847813
0.2832253069
0.2819294533
0.2805964938
0.2792246709
0.2778111991
0.276352532
0.2748446615
0.2732832714
0.2716638741
0.2699819245
0.2682329158
0.2664124642
0.2645163877
0.2625407957
0.2604822024
0.2583376967
0.2561052103
0.2537839516
0.2513750578
0.2488823933
0.2463129584
0.2436752228
0.2409715172
0.2381787193
0.235216589
0.2319375004
0.2281688172
0.2235755608
0.2163695485
0.1982074665
0.1377107377
0.02216998897
0.02195659828
0.02195649362
0.02195649355
0.02195649355
0.02195649355
0.02195649355
0.02195649355
0.02195649355
0.02195649355
0.02195649355
0.02195649355
0.02195649355
0.02195649355
0.02195649355
0.02195649355
0.02195649355
0.02195649355
0.02195649355
0.02195649355
0.02195649355
0.02195649355
0.02195649355
0.02195649355
0.02195649355
0.02195649355
0.02195649355
0.02195649355
0.02195649355
0.02195649355
0.02195649355
0.02195649355
0.02195649355
0.02195649355
0.02195649355
0.02195649355
0.02195649355
0.02195649355
0.02195649355
0.02195649355
0.02195649355
0.02195649355
0.02195649355
0.02195649355
0.02195649355
0.02195649355
0.02195649355
0.02195649355
0.02195649355
0.02195649355
0.02195649355
0.02195649355
0.02195649355
0.02195649355
0.02195649355
0.02195649355
0.02195649355
0.02195649355
0.02195649355
0.02195649355
0.02195649355
0.02195649355
0.02195649355
0.02195649355
0.02195649355
0.02195649355
0.02195649355
0.02195649355
0.02195649355
0.02195649355
0.02195649355
0.02195649355
0.02195649355
0.02195649355
0.02195649355
0.02195649355
0.02195649355
0.02195649355
0.02195649355
0.02195649355
0.02195649355
0.02195649355
0.02195649355
0.02195649355
0.02195649355
0.02195649355
0.02195649355
0.02195649355
0.02195649355
0.02195649355
0.02195649355
0.02195649355
0.02195649355
0.02195649355
0.02195649355
0.02195649355
0.02195649355
0.02195649355
0.02195649355
0.02195649355
0.02195649355
0.02195649355
0.02195649355
0.02195649355
0.02195649355
0.02195649355
0.02195649355
0.02195649355
0.02195649355
0.02195649355
0.02195649355
0.02195649355
0.02195649355
0.02195649355
0.02195649355
0.02195649355
0.02195649355
0.02195649355
0.02195649355
0.02195649355
0.02195649355
0.02195649355
0.02195649355
0.02195649355
0.02195649355
0.02195649355
0.02195649355
0.02195649355
0.02195649355
0.02195649355
0.02195649355
0.02195649355
0.02195649355
0.02195649355
0.02195649355
0.02195649355
0.02195649355
0.02195649355
0.02195649355
0.02195649355
0.02195649355
0.02195649355
0.02195649355
0.02195649355
0.02195649355
0.02195649355
0.02195649355
0.02195649355
0.02195649355
0.02195649355
0.02195649355
0.02195649355
0.02195649355
0.02195649355
0.2948567806
0.2946445638
0.2944498877
0.2941129922
0.2936390465
0.2930348484
0.2923088052
0.2914707096
0.2905313212
0.2895018813
0.2883937111
0.287217671
0.2859836143
0.2847001449
0.283374367
0.2820117078
0.2806158303
0.2791886945
0.2777306923
0.2762407538
0.2747165927
0.2731551104
0.271552359
0.2699038279
0.2682047356
0.2664501822
0.2646352931
0.2627553528
0.2608059345
0.2587830401
0.2566832718
0.2545040609
0.2522439713
0.2499030333
0.2474828933
0.2449861434
0.2424134776
0.2397566138
0.2369857197
0.2340336961
0.2308002622
0.2271927461
0.2231396667
0.2180977466
0.2086354366
0.1799853225
0.08208115831
0.02201741364
0.02195652565
0.02195649357
0.02195649355
0.02195649355
0.02195649355
0.02195649355
0.02195649355
0.02195649355
0.02195649355
0.02195649355
0.02195649355
0.02195649355
0.02195649355
0.02195649355
0.02195649355
0.02195649355
0.02195649355
0.02195649355
0.02195649355
0.02195649355
0.02195649355
0.02195649355
0.02195649355
0.02195649355
0.02195649355
0.02195649355
0.02195649355
0.02195649355
0.02195649355
0.02195649355
0.02195649355
0.02195649355
0.02195649355
0.02195649355
0.02195649355
0.02195649355
0.02195649355
0.02195649355
0.02195649355
0.02195649355
0.02195649355
0.02195649355
0.02195649355
0.02195649355
0.02195649355
0.02195649355
0.02195649355
0.02195649355
0.02195649355
0.02195649355
0.02195649355
0.02195649355
0.02195649355
0.02195649355
0.02195649355
0.02195649355
0.02195649355
0.02195649355
0.02195649355
0.02195649355
0.02195649355
0.02195649355
0.02195649355
0.02195649355
0.02195649355
0.02195649355
0.02195649355
0.02195649355
0.02195649355
0.02195649355
0.02195649355
0.02195649355
0.02195649355
0.02195649355
0.02195649355
0.02195649355
0.02195649355
0.02195649355
0.02195649355
0.02195649355
0.02195649355
0.02195649355
0.02195649355
0.02195649355
0.02195649355
0.02195649355
0.02195649355
0.02195649355
0.02195649355
0.02195649355
0.02195649355
0.02195649355
0.02195649355
0.02195649355
0.02195649355
0.02195649355
0.02195649355
0.02195649355
0.02195649355
0.02195649355
0.02195649355
0.02195649355
0.02195649355
0.02195649355
0.02195649355
0.02195649355
0.02195649355
0.02195649355
0.02195649355
0.02195649355
0.02195649355
0.02195649355
0.02195649355
0.02195649355
0.02195649355
0.02195649355
0.02195649355
0.02195649355
0.02195649355
0.02195649355
0.02195649355
0.02195649355
0.02195649355
0.02195649355
0.02195649355
0.02195649355
0.02195649355
0.02195649355
0.02195649355
0.02195649355
0.02195649355
0.02195649355
0.02195649355
0.02195649355
0.02195649355
0.02195649355
0.02195649355
0.02195649355
0.02195649355
0.02195649355
0.02195649355
0.02195649355
0.02195649355
0.02195649355
0.02195649355
0.02195649355
0.02195649355
0.02195649355
0.02195649355
0.02195649355
0.02195649355
0.02195649355
0.2944120348
0.2942026348
0.2940067483
0.2936676498
0.2931892606
0.2925768737
0.2918372205
0.290978395
0.2900096096
0.2889408854
0.2877827135
0.2865458059
0.2852406194
0.2838769332
0.2824636185
0.2810083472
0.2795173538
0.2779952911
0.2764451681
0.2748683545
0.2732647041
0.2716327411
0.2699697834
0.2682722211
0.2665359557
0.2647562048
0.2629279677
0.261046229
0.2591061191
0.257103079
0.2550330348
0.2528925848
0.2506791722
0.2483911416
0.2460273966
0.2435860842
0.2410613886
0.2384376734
0.235681632
0.2327365515
0.2295318289
0.2260203717
0.2222132311
0.2180342958
0.212156278
0.197524372
0.147335987
0.02221755567
0.02195662765
0.02195649364
0.02195649355
0.02195649355
0.02195649355
0.02195649355
0.02195649355
0.02195649355
0.02195649355
0.02195649355
0.02195649355
0.02195649355
0.02195649355
0.02195649355
0.02195649355
0.02195649355
0.02195649355
0.02195649355
0.02195649355
0.02195649355
0.02195649355
0.02195649355
0.02195649355
0.02195649355
0.02195649355
0.02195649355
0.02195649355
0.02195649355
0.02195649355
0.02195649355
0.02195649355
0.02195649355
0.02195649355
0.02195649355
0.02195649355
0.02195649355
0.02195649355
0.02195649355
0.02195649355
0.02195649355
0.02195649355
0.02195649355
0.02195649355
0.02195649355
0.02195649355
0.02195649355
0.02195649355
0.02195649355
0.02195649355
0.02195649355
0.02195649355
0.02195649355
0.02195649355
0.02195649355
0.02195649355
0.02195649355
0.02195649355
0.02195649355
0.02195649355
0.02195649355
0.02195649355
0.02195649355
0.02195649355
0.02195649355
0.02195649355
0.02195649355
0.02195649355
0.02195649355
0.02195649355
0.02195649355
0.02195649355
0.02195649355
0.02195649355
0.02195649355
0.02195649355
0.02195649355
0.02195649355
0.02195649355
0.02195649355
0.02195649355
0.02195649355
0.02195649355
0.02195649355
0.02195649355
0.02195649355
0.02195649355
0.02195649355
0.02195649355
0.02195649355
0.02195649355
0.02195649355
0.02195649355
0.02195649355
0.02195649355
0.02195649355
0.02195649355
0.02195649355
0.02195649355
0.02195649355
0.02195649355
0.02195649355
0.02195649355
0.02195649355
0.02195649355
0.02195649355
0.02195649355
0.02195649355
0.02195649355
0.02195649355
0.02195649355
0.02195649355
0.02195649355
0.02195649355
0.02195649355
0.02195649355
0.02195649355
0.02195649355
0.02195649355
0.02195649355
0.02195649355
0.02195649355
0.02195649355
0.02195649355
0.02195649355
0.02195649355
0.02195649355
0.02195649355
0.02195649355
0.02195649355
0.02195649355
0.02195649355
0.02195649355
0.02195649355
0.02195649355
0.02195649355
0.02195649355
0.02195649355
0.02195649355
0.02195649355
0.02195649355
0.02195649355
0.02195649355
0.02195649355
0.02195649355
0.02195649355
0.02195649355
0.02195649355
0.02195649355
0.02195649355
0.02195649355
0.02195649355
0.02195649355
0.2939683509
0.2937607277
0.2935635291
0.2932227367
0.2927416133
0.2921245908
0.2913773357
0.2905067203
0.2895206575
0.2884278909
0.2872377744
0.2859600425
0.2846047055
0.2831815709
0.2817000231
0.280168802
0.2785957288
0.2769874611
0.2753492948
0.2736850277
0.2719969132
0.2702856849
0.2685506322
0.2667897908
0.2650001565
0.2631777974
0.2613181945
0.2594166226
0.2574679381
0.255467114
0.2534093906
0.25129042
0.2491063339
0.2468535895
0.2445283111
0.2421246794
0.2396318647
0.2370295007
0.2342832
0.2313446109
0.2281624001
0.2247141204
0.2210422921
0.2172231147
0.2128515417
0.2047323459
0.1792883417
0.08867785519
0.02202888553
0.02195653086
0.02195649357
0.02195649355
0.02195649355
0.02195649355
0.02195649355
0.02195649355
0.02195649355
0.02195649355
0.02195649355
0.02195649355
0.02195649355
0.02195649355
0.02195649355
0.02195649355
0.02195649355
0.02195649355
0.02195649355
0.02195649355
0.02195649355
0.02195649355
0.02195649355
0.02195649355
0.02195649355
0.02195649355
0.02195649355
0.02195649355
0.02195649355
0.02195649355
0.02195649355
0.02195649355
0.02195649355
0.02195649355
0.02195649355
0.02195649355
0.02195649355
0.02195649355
0.02195649355
0.02195649355
0.02195649355
0.02195649355
0.02195649355
0.02195649355
0.02195649355
0.02195649355
0.02195649355
0.02195649355
0.02195649355
0.02195649355
0.02195649355
0.02195649355
0.02195649355
0.02195649355
0.02195649355
0.02195649355
0.02195649355
0.02195649355
0.02195649355
0.02195649355
0.02195649355
0.02195649355
0.02195649355
0.02195649355
0.02195649355
0.02195649355
0.02195649355
0.02195649355
0.02195649355
0.02195649355
0.02195649355
0.02195649355
0.02195649355
0.02195649355
0.02195649355
0.02195649355
0.02195649355
0.02195649355
0.02195649355
0.02195649355
0.02195649355
0.02195649355
0.02195649355
0.02195649355
0.02195649355
0.02195649355
0.02195649355
0.02195649355
0.02195649355
0.02195649355
0.02195649355
0.02195649355
0.02195649355
0.02195649355
0.02195649355
0.02195649355
0.02195649355
0.02195649355
0.02195649355
0.02195649355
0.02195649355
0.02195649355
0.02195649355
0.02195649355
0.02195649355
0.02195649355
0.02195649355
0.02195649355
0.02195649355
0.02195649355
0.02195649355
0.02195649355
0.02195649355
0.02195649355
0.02195649355
0.02195649355
0.02195649355
0.02195649355
0.02195649355
0.02195649355
0.02195649355
0.02195649355
0.02195649355
0.02195649355
0.02195649355
0.02195649355
0.02195649355
0.02195649355
0.02195649355
0.02195649355
0.02195649355
0.02195649355
0.02195649355
0.02195649355
0.02195649355
0.02195649355
0.02195649355
0.02195649355
0.02195649355
0.02195649355
0.02195649355
0.02195649355
0.02195649355
0.02195649355
0.02195649355
0.02195649355
0.02195649355
0.02195649355
0.02195649355
0.02195649355
0.02195649355
0.02195649355
0.2935272137
0.2933206008
0.293121907
0.2927793937
0.2922959653
0.2916755788
0.2909232798
0.2900451741
0.2890482815
0.2879403606
0.2867297405
0.2854251656
0.2840356651
0.28257051
0.2810387666
0.2794492611
0.2778103725
0.2761297978
0.274414318
0.272669584
0.2708999459
0.2691083374
0.2672962257
0.2654636507
0.2636093164
0.2617307164
0.2598243778
0.2578860822
0.2559109892
0.2538939928
0.2518300357
0.2497138929
0.2475404531
0.2453043872
0.2429993096
0.2406161129
0.2381402936
0.2355486747
0.2328073398
0.2298746272
0.2267122582
0.223311812
0.2197274518
0.2160755276
0.2123370447
0.2071510823
0.1934377861
0.1442999496
0.02220652804
0.02195662437
0.02195649364
0.02195649355
0.02195649355
0.02195649355
0.02195649355
0.02195649355
0.02195649355
0.02195649355
0.02195649355
0.02195649355
0.02195649355
0.02195649355
0.02195649355
0.02195649355
0.02195649355
0.02195649355
0.02195649355
0.02195649355
0.02195649355
0.02195649355
0.02195649355
0.02195649355
0.02195649355
0.02195649355
0.02195649355
0.02195649355
0.02195649355
0.02195649355
0.02195649355
0.02195649355
0.02195649355
0.02195649355
0.02195649355
0.02195649355
0.02195649355
0.02195649355
0.02195649355
0.02195649355
0.02195649355
0.02195649355
0.02195649355
0.02195649355
0.02195649355
0.02195649355
0.02195649355
0.02195649355
0.02195649355
0.02195649355
0.02195649355
0.02195649355
0.02195649355
0.02195649355
0.02195649355
0.02195649355
0.02195649355
0.02195649355
0.02195649355
0.02195649355
0.02195649355
0.02195649355
0.02195649355
0.02195649355
0.02195649355
0.02195649355
0.02195649355
0.02195649355
0.02195649355
0.02195649355
0.02195649355
0.02195649355
0.02195649355
0.02195649355
0.02195649355
0.02195649355
0.02195649355
0.02195649355
0.02195649355
0.02195649355
0.02195649355
0.02195649355
0.02195649355
0.02195649355
0.02195649355
0.02195649355
0.02195649355
0.02195649355
0.02195649355
0.02195649355
0.02195649355
0.02195649355
0.02195649355
0.02195649355
0.02195649355
0.02195649355
0.02195649355
0.02195649355
0.02195649355
0.02195649355
0.02195649355
0.02195649355
0.02195649355
0.02195649355
0.02195649355
0.02195649355
0.02195649355
0.02195649355
0.02195649355
0.02195649355
0.02195649355
0.02195649355
0.02195649355
0.02195649355
0.02195649355
0.02195649355
0.02195649355
0.02195649355
0.02195649355
0.02195649355
0.02195649355
0.02195649355
0.02195649355
0.02195649355
0.02195649355
0.02195649355
0.02195649355
0.02195649355
0.02195649355
0.02195649355
0.02195649355
0.02195649355
0.02195649355
0.02195649355
0.02195649355
0.02195649355
0.02195649355
0.02195649355
0.02195649355
0.02195649355
0.02195649355
0.02195649355
0.02195649355
0.02195649355
0.02195649355
0.02195649355
0.02195649355
0.02195649355
0.02195649355
0.02195649355
0.02195649355
0.02195649355
0.2930901359
0.292883982
0.2926836759
0.2923393421
0.2918536676
0.2912303373
0.2904740392
0.2895904256
0.288585962
0.2874677531
0.2862433825
0.2849207817
0.2835081226
0.2820138179
0.2804463178
0.2788139639
0.277124945
0.275387142
0.2736079386
0.271794014
0.2699511325
0.2680839507
0.2661958586
0.2642888826
0.2623636473
0.260419405
0.2584541561
0.2564647998
0.2544473071
0.2523969888
0.2503086879
0.2481767989
0.245995329
0.2437576054
0.241455086
0.2390760556
0.2366034196
0.2340125219
0.2312707732
0.2283420001
0.2251969975
0.2218353737
0.2183129583
0.2147549068
0.2112785313
0.2073968604
0.1995032099
0.1728122409
0.07512439025
0.02200498335
0.02195651955
0.02195649356
0.02195649355
0.02195649355
0.02195649355
0.02195649355
0.02195649355
0.02195649355
0.02195649355
0.02195649355
0.02195649355
0.02195649355
0.02195649355
0.02195649355
0.02195649355
0.02195649355
0.02195649355
0.02195649355
0.02195649355
0.02195649355
0.02195649355
0.02195649355
0.02195649355
0.02195649355
0.02195649355
0.02195649355
0.02195649355
0.02195649355
0.02195649355
0.02195649355
0.02195649355
0.02195649355
0.02195649355
0.02195649355
0.02195649355
0.02195649355
0.02195649355
0.02195649355
0.02195649355
0.02195649355
0.02195649355
0.02195649355
0.02195649355
0.02195649355
0.02195649355
0.02195649355
0.02195649355
0.02195649355
0.02195649355
0.02195649355
0.02195649355
0.02195649355
0.02195649355
0.02195649355
0.02195649355
0.02195649355
0.02195649355
0.02195649355
0.02195649355
0.02195649355
0.02195649355
0.02195649355
0.02195649355
0.02195649355
0.02195649355
0.02195649355
0.02195649355
0.02195649355
0.02195649355
0.02195649355
0.02195649355
0.02195649355
0.02195649355
0.02195649355
0.02195649355
0.02195649355
0.02195649355
0.02195649355
0.02195649355
0.02195649355
0.02195649355
0.02195649355
0.02195649355
0.02195649355
0.02195649355
0.02195649355
0.02195649355
0.02195649355
0.02195649355
0.02195649355
0.02195649355
0.02195649355
0.02195649355
0.02195649355
0.02195649355
0.02195649355
0.02195649355
0.02195649355
0.02195649355
0.02195649355
0.02195649355
0.02195649355
0.02195649355
0.02195649355
0.02195649355
0.02195649355
0.02195649355
0.02195649355
0.02195649355
0.02195649355
0.02195649355
0.02195649355
0.02195649355
0.02195649355
0.02195649355
0.02195649355
0.02195649355
0.02195649355
0.02195649355
0.02195649355
0.02195649355
0.02195649355
0.02195649355
0.02195649355
0.02195649355
0.02195649355
0.02195649355
0.02195649355
0.02195649355
0.02195649355
0.02195649355
0.02195649355
0.02195649355
0.02195649355
0.02195649355
0.02195649355
0.02195649355
0.02195649355
0.02195649355
0.02195649355
0.02195649355
0.02195649355
0.02195649355
0.02195649355
0.02195649355
0.02195649355
0.02195649355
0.02195649355
0.02195649355
0.02195649355
0.2926590958
0.2924529328
0.2922509619
0.2919047433
0.2914168124
0.290790681
0.2900308202
0.2891426108
0.2881321871
0.2870062514
0.2857719053
0.2844365118
0.2830075961
0.2814927891
0.2798998711
0.2782364982
0.2765102841
0.2747287366
0.2728991501
0.2710284612
0.2691230741
0.2671886645
0.265229981
0.2632506664
0.2612531155
0.2592383904
0.257206212
0.2551550097
0.2530820294
0.2509834998
0.248854762
0.2466903044
0.2444836938
0.2422271459
0.2399105883
0.237520432
0.2350379084
0.2324377501
0.2296891993
0.2267605351
0.2236291148
0.220299286
0.2168250782
0.213327713
0.2099661472
0.2066708489
0.2017182075
0.1867617213
0.1301388336
0.02214705736
0.02195659403
0.02195649362
0.02195649355
0.02195649355
0.02195649355
0.02195649355
0.02195649355
0.02195649355
0.02195649355
0.02195649355
0.02195649355
0.02195649355
0.02195649355
0.02195649355
0.02195649355
0.02195649355
0.02195649355
0.02195649355
0.02195649355
0.02195649355
0.02195649355
0.02195649355
0.02195649355
0.02195649355
0.02195649355
0.02195649355
0.02195649355
0.02195649355
0.02195649355
0.02195649355
0.02195649355
0.02195649355
0.02195649355
0.02195649355
0.02195649355
0.02195649355
0.02195649355
0.02195649355
0.02195649355
0.02195649355
0.02195649355
0.02195649355
0.02195649355
0.02195649355
0.02195649355
0.02195649355
0.02195649355
0.02195649355
0.02195649355
0.02195649355
0.02195649355
0.02195649355
0.02195649355
0.02195649355
0.02195649355
0.02195649355
0.02195649355
0.02195649355
0.02195649355
0.02195649355
0.02195649355
0.02195649355
0.02195649355
0.02195649355
0.02195649355
0.02195649355
0.02195649355
0.02195649355
0.02195649355
0.02195649355
0.02195649355
0.02195649355
0.02195649355
0.02195649355
0.02195649355
0.02195649355
0.02195649355
0.02195649355
0.02195649355
0.02195649355
0.02195649355
0.02195649355
0.02195649355
0.02195649355
0.02195649355
0.02195649355
0.02195649355
0.02195649355
0.02195649355
0.02195649355
0.02195649355
0.02195649355
0.02195649355
0.02195649355
0.02195649355
0.02195649355
0.02195649355
0.02195649355
0.02195649355
0.02195649355
0.02195649355
0.02195649355
0.02195649355
0.02195649355
0.02195649355
0.02195649355
0.02195649355
0.02195649355
0.02195649355
0.02195649355
0.02195649355
0.02195649355
0.02195649355
0.02195649355
0.02195649355
0.02195649355
0.02195649355
0.02195649355
0.02195649355
0.02195649355
0.02195649355
0.02195649355
0.02195649355
0.02195649355
0.02195649355
0.02195649355
0.02195649355
0.02195649355
0.02195649355
0.02195649355
0.02195649355
0.02195649355
0.02195649355
0.02195649355
0.02195649355
0.02195649355
0.02195649355
0.02195649355
0.02195649355
0.02195649355
0.02195649355
0.02195649355
0.02195649355
0.02195649355
0.02195649355
0.02195649355
0.02195649355
0.02195649355
0.02195649355
0.02195649355
0.2922366129
0.2920299751
0.2918263209
0.2914781801
0.2909879692
0.290359076
0.2895958238
0.288703419
0.2876877904
0.2865553967
0.2853130429
0.2839677279
0.2825265303
0.2809965338
0.2793848804
0.2776985988
0.2759446254
0.2741298427
0.2722610499
0.2703448989
0.2683877916
0.2663957393
0.2643741899
0.2623278377
0.2602604347
0.2581746268
0.2560718351
0.2539521901
0.2518145234
0.2496564048
0.2474741657
0.245262854
0.2430160541
0.2407254212
0.2383798799
0.2359645821
0.2334598023
0.2308405178
0.2280779827
0.2251444291
0.2220223269
0.2187191725
0.2152861964
0.2118355108
0.2085337235
0.2054745687
0.2018670729
0.192825422
0.1595981263
0.03790773682
0.02196437803
0.0219564987
0.02195649355
0.02195649355
0.02195649355
0.02195649355
0.02195649355
0.02195649355
0.02195649355
0.02195649355
0.02195649355
0.02195649355
0.02195649355
0.02195649355
0.02195649355
0.02195649355
0.02195649355
0.02195649355
0.02195649355
0.02195649355
0.02195649355
0.02195649355
0.02195649355
0.02195649355
0.02195649355
0.02195649355
0.02195649355
0.02195649355
0.02195649355
0.02195649355
0.02195649355
0.02195649355
0.02195649355
0.02195649355
0.02195649355
0.02195649355
0.02195649355
0.02195649355
0.02195649355
0.02195649355
0.02195649355
0.02195649355
0.02195649355
0.02195649355
0.02195649355
0.02195649355
0.02195649355
0.02195649355
0.02195649355
0.02195649355
0.02195649355
0.02195649355
0.02195649355
0.02195649355
0.02195649355
0.02195649355
0.02195649355
0.02195649355
0.02195649355
0.02195649355
0.02195649355
0.02195649355
0.02195649355
0.02195649355
0.02195649355
0.02195649355
0.02195649355
0.02195649355
0.02195649355
0.02195649355
0.02195649355
0.02195649355
0.02195649355
0.02195649355
0.02195649355
0.02195649355
0.02195649355
0.02195649355
0.02195649355
0.02195649355
0.02195649355
0.02195649355
0.02195649355
0.02195649355
0.02195649355
0.02195649355
0.02195649355
0.02195649355
0.02195649355
0.02195649355
0.02195649355
0.02195649355
0.02195649355
0.02195649355
0.02195649355
0.02195649355
0.02195649355
0.02195649355
0.02195649355
0.02195649355
0.02195649355
0.02195649355
0.02195649355
0.02195649355
0.02195649355
0.02195649355
0.02195649355
0.02195649355
0.02195649355
0.02195649355
0.02195649355
0.02195649355
0.02195649355
0.02195649355
0.02195649355
0.02195649355
0.02195649355
0.02195649355
0.02195649355
0.02195649355
0.02195649355
0.02195649355
0.02195649355
0.02195649355
0.02195649355
0.02195649355
0.02195649355
0.02195649355
0.02195649355
0.02195649355
0.02195649355
0.02195649355
0.02195649355
0.02195649355
0.02195649355
0.02195649355
0.02195649355
0.02195649355
0.02195649355
0.02195649355
0.02195649355
0.02195649355
0.02195649355
0.02195649355
0.02195649355
0.02195649355
0.02195649355
0.02195649355
0.02195649355
0.02195649355
0.2918256684
0.291618037
0.291412672
0.2910625484
0.2905699846
0.2899382681
0.2891716091
0.2882750866
0.287254489
0.2861161179
0.2848665952
0.2835126939
0.2820612066
0.2805188548
0.2788922867
0.2771880283
0.2754124049
0.273571644
0.2716719018
0.2697192667
0.2677197337
0.26567914
0.2636030597
0.2614966581
0.259364517
0.2572104463
0.2550373009
0.252846818
0.2506394835
0.2484144229
0.2461692819
0.2439000494
0.2416007662
0.2392630353
0.2368753285
0.2344222029
0.2318837022
0.2292355837
0.2264513183
0.2235067714
0.2203884838
0.217105942
0.213706863
0.2102924032
0.2070209949
0.2040457467
0.2010992186
0.195531499
0.1760485909
0.09927026794
0.02205150205
0.02195654325
0.02195649358
0.02195649355
0.02195649355
0.02195649355
0.02195649355
0.02195649355
0.02195649355
0.02195649355
0.02195649355
0.02195649355
0.02195649355
0.02195649355
0.02195649355
0.02195649355
0.02195649355
0.02195649355
0.02195649355
0.02195649355
0.02195649355
0.02195649355
0.02195649355
0.02195649355
0.02195649355
0.02195649355
0.02195649355
0.02195649355
0.02195649355
0.02195649355
0.02195649355
0.02195649355
0.02195649355
0.02195649355
0.02195649355
0.02195649355
0.02195649355
0.02195649355
0.02195649355
0.02195649355
0.02195649355
0.02195649355
0.02195649355
0.02195649355
0.02195649355
0.02195649355
0.02195649355
0.02195649355
0.02195649355
0.02195649355
0.02195649355
0.02195649355
0.02195649355
0.02195649355
0.02195649355
0.02195649355
0.02195649355
0.02195649355
0.02195649355
0.02195649355
0.02195649355
0.02195649355
0.02195649355
0.02195649355
0.02195649355
0.02195649355
0.02195649355
0.02195649355
0.02195649355
0.02195649355
0.02195649355
0.02195649355
0.02195649355
0.02195649355
0.02195649355
0.02195649355
0.02195649355
0.02195649355
0.02195649355
0.02195649355
0.02195649355
0.02195649355
0.02195649355
0.02195649355
0.02195649355
0.02195649355
0.02195649355
0.02195649355
0.02195649355
0.02195649355
0.02195649355
0.02195649355
0.02195649355
0.02195649355
0.02195649355
0.02195649355
0.02195649355
0.02195649355
0.02195649355
0.02195649355
0.02195649355
0.02195649355
0.02195649355
0.02195649355
0.02195649355
0.02195649355
0.02195649355
0.02195649355
0.02195649355
0.02195649355
0.02195649355
0.02195649355
0.02195649355
0.02195649355
0.02195649355
0.02195649355
0.02195649355
0.02195649355
0.02195649355
0.02195649355
0.02195649355
0.02195649355
0.02195649355
0.02195649355
0.02195649355
0.02195649355
0.02195649355
0.02195649355
0.02195649355
0.02195649355
0.02195649355
0.02195649355
0.02195649355
0.02195649355
0.02195649355
0.02195649355
0.02195649355
0.02195649355
0.02195649355
0.02195649355
0.02195649355
0.02195649355
0.02195649355
0.02195649355
0.02195649355
0.02195649355
0.02195649355
0.02195649355
0.02195649355
0.02195649355
0.291429404
0.2912202014
0.2910130529
0.290660813
0.2901657167
0.2895309669
0.2887606774
0.2878598233
0.2868340843
0.2856896495
0.2844330193
0.2830708249
0.2816096809
0.280056077
0.2784163231
0.2766965816
0.2749027007
0.2730403463
0.2711150585
0.2691322973
0.2670974773
0.2650159747
0.2628930983
0.2607340157
0.2585436334
0.2563264342
0.2540862813
0.2518262005
0.2495481481
0.2472527677
0.244939118
0.2426043502
0.2402432996
0.2378479653
0.2354069148
0.2329047508
0.230321936
0.2276354963
0.2248212978
0.221858563
0.2187371749
0.215467914
0.2120950422
0.2087096294
0.2054581662
0.2025180374
0.1998907505
0.1961993934
0.1842985579
0.1366857697
0.02218155306
0.02195661799
0.02195649364
0.02195649355
0.02195649355
0.02195649355
0.02195649355
0.02195649355
0.02195649355
0.02195649355
0.02195649355
0.02195649355
0.02195649355
0.02195649355
0.02195649355
0.02195649355
0.02195649355
0.02195649355
0.02195649355
0.02195649355
0.02195649355
0.02195649355
0.02195649355
0.02195649355
0.02195649355
0.02195649355
0.02195649355
0.02195649355
0.02195649355
0.02195649355
0.02195649355
0.02195649355
0.02195649355
0.02195649355
0.02195649355
0.02195649355
0.02195649355
0.02195649355
0.02195649355
0.02195649355
0.02195649355
0.02195649355
0.02195649355
0.02195649355
0.02195649355
0.02195649355
0.02195649355
0.02195649355
0.02195649355
0.02195649355
0.02195649355
0.02195649355
0.02195649355
0.02195649355
0.02195649355
0.02195649355
0.02195649355
0.02195649355
0.02195649355
0.02195649355
0.02195649355
0.02195649355
0.02195649355
0.02195649355
0.02195649355
0.02195649355
0.02195649355
0.02195649355
0.02195649355
0.02195649355
0.02195649355
0.02195649355
0.02195649355
0.02195649355
0.02195649355
0.02195649355
0.02195649355
0.02195649355
0.02195649355
0.02195649355
0.02195649355
0.02195649355
0.02195649355
0.02195649355
0.02195649355
0.02195649355
0.02195649355
0.02195649355
0.02195649355
0.02195649355
0.02195649355
0.02195649355
0.02195649355
0.02195649355
0.02195649355
0.02195649355
0.02195649355
0.02195649355
0.02195649355
0.02195649355
0.02195649355
0.02195649355
0.02195649355
0.02195649355
0.02195649355
0.02195649355
0.02195649355
0.02195649355
0.02195649355
0.02195649355
0.02195649355
0.02195649355
0.02195649355
0.02195649355
0.02195649355
0.02195649355
0.02195649355
0.02195649355
0.02195649355
0.02195649355
0.02195649355
0.02195649355
0.02195649355
0.02195649355
0.02195649355
0.02195649355
0.02195649355
0.02195649355
0.02195649355
0.02195649355
0.02195649355
0.02195649355
0.02195649355
0.02195649355
0.02195649355
0.02195649355
0.02195649355
0.02195649355
0.02195649355
0.02195649355
0.02195649355
0.02195649355
0.02195649355
0.02195649355
0.02195649355
0.02195649355
0.02195649355
0.02195649355
0.02195649355
0.02195649355
0.2910507379
0.2908393524
0.2906302789
0.2902756812
0.2897777253
0.2891395404
0.2883651565
0.287459458
0.2864280335
0.2852769831
0.2840127193
0.2826417805
0.2811706715
0.27960574
0.2779530897
0.2762186327
0.2744078917
0.2725261125
0.2705783346
0.2685694589
0.2665043164
0.2643877272
0.2622245359
0.2600196086
0.2577777823
0.2555037577
0.2532019316
0.2508761698
0.248529523
0.2461638866
0.2437796054
0.2413750177
0.2389459413
0.2364851215
0.2339817143
0.231420965
0.2287843614
0.2260506757
0.223198396
0.2202100032
0.2170784122
0.2138156263
0.2104632931
0.2071044264
0.2038736447
0.2009506231
0.1984486252
0.1956672051
0.1879672493
0.1575550133
0.03984163655
0.02196560826
0.02195649942
0.02195649355
0.02195649355
0.02195649355
0.02195649355
0.02195649355
0.02195649355
0.02195649355
0.02195649355
0.02195649355
0.02195649355
0.02195649355
0.02195649355
0.02195649355
0.02195649355
0.02195649355
0.02195649355
0.02195649355
0.02195649355
0.02195649355
0.02195649355
0.02195649355
0.02195649355
0.02195649355
0.02195649355
0.02195649355
0.02195649355
0.02195649355
0.02195649355
0.02195649355
0.02195649355
0.02195649355
0.02195649355
0.02195649355
0.02195649355
0.02195649355
0.02195649355
0.02195649355
0.02195649355
0.02195649355
0.02195649355
0.02195649355
0.02195649355
0.02195649355
0.02195649355
0.02195649355
0.02195649355
0.02195649355
0.02195649355
0.02195649355
0.02195649355
0.02195649355
0.02195649355
0.02195649355
0.02195649355
0.02195649355
0.02195649355
0.02195649355
0.02195649355
0.02195649355
0.02195649355
0.02195649355
0.02195649355
0.02195649355
0.02195649355
0.02195649355
0.02195649355
0.02195649355
0.02195649355
0.02195649355
0.02195649355
0.02195649355
0.02195649355
0.02195649355
0.02195649355
0.02195649355
0.02195649355
0.02195649355
0.02195649355
0.02195649355
0.02195649355
0.02195649355
0.02195649355
0.02195649355
0.02195649355
0.02195649355
0.02195649355
0.02195649355
0.02195649355
0.02195649355
0.02195649355
0.02195649355
0.02195649355
0.02195649355
0.02195649355
0.02195649355
0.02195649355
0.02195649355
0.02195649355
0.02195649355
0.02195649355
0.02195649355
0.02195649355
0.02195649355
0.02195649355
0.02195649355
0.02195649355
0.02195649355
0.02195649355
0.02195649355
0.02195649355
0.02195649355
0.02195649355
0.02195649355
0.02195649355
0.02195649355
0.02195649355
0.02195649355
0.02195649355
0.02195649355
0.02195649355
0.02195649355
0.02195649355
0.02195649355
0.02195649355
0.02195649355
0.02195649355
0.02195649355
0.02195649355
0.02195649355
0.02195649355
0.02195649355
0.02195649355
0.02195649355
0.02195649355
0.02195649355
0.02195649355
0.02195649355
0.02195649355
0.02195649355
0.02195649355
0.02195649355
0.02195649355
0.02195649355
0.02195649355
0.02195649355
0.02195649355
0.02195649355
0.2906920016
0.2904778245
0.2902666036
0.2899092858
0.2894079821
0.2887657592
0.2879865742
0.2870752331
0.2860372468
0.284878643
0.2836057686
0.2822251003
0.2807430784
0.2791659712
0.2774997756
0.2757502452
0.2739227108
0.272022141
0.2700532203
0.2680204196
0.2659280804
0.2637805009
0.2615820132
0.2593370353
0.2570500824
0.2547257202
0.2523684477
0.2499824966
0.2475715404
0.2451383121
0.2426841337
0.2402083725
0.2377078525
0.2351762821
0.2326038
0.2299768162
0.2272783982
0.2244895285
0.2215915827
0.2185703228
0.2154215715
0.2121585758
0.2088209001
0.2054845212
0.2022717478
0.1993524753
0.1968837559
0.1945835794
0.1896342
0.1702644257
0.09034445389
0.0220330629
0.02195653512
0.02195649358
0.02195649355
0.02195649355
0.02195649355
0.02195649355
0.02195649355
0.02195649355
0.02195649355
0.02195649355
0.02195649355
0.02195649355
0.02195649355
0.02195649355
0.02195649355
0.02195649355
0.02195649355
0.02195649355
0.02195649355
0.02195649355
0.02195649355
0.02195649355
0.02195649355
0.02195649355
0.02195649355
0.02195649355
0.02195649355
0.02195649355
0.02195649355
0.02195649355
0.02195649355
0.02195649355
0.02195649355
0.02195649355
0.02195649355
0.02195649355
0.02195649355
0.02195649355
0.02195649355
0.02195649355
0.02195649355
0.02195649355
0.02195649355
0.02195649355
0.02195649355
0.02195649355
0.02195649355
0.02195649355
0.02195649355
0.02195649355
0.02195649355
0.02195649355
0.02195649355
0.02195649355
0.02195649355
0.02195649355
0.02195649355
0.02195649355
0.02195649355
0.02195649355
0.02195649355
0.02195649355
0.02195649355
0.02195649355
0.02195649355
0.02195649355
0.02195649355
0.02195649355
0.02195649355
0.02195649355
0.02195649355
0.02195649355
0.02195649355
0.02195649355
0.02195649355
0.02195649355
0.02195649355
0.02195649355
0.02195649355
0.02195649355
0.02195649355
0.02195649355
0.02195649355
0.02195649355
0.02195649355
0.02195649355
0.02195649355
0.02195649355
0.02195649355
0.02195649355
0.02195649355
0.02195649355
0.02195649355
0.02195649355
0.02195649355
0.02195649355
0.02195649355
0.02195649355
0.02195649355
0.02195649355
0.02195649355
0.02195649355
0.02195649355
0.02195649355
0.02195649355
0.02195649355
0.02195649355
0.02195649355
0.02195649355
0.02195649355
0.02195649355
0.02195649355
0.02195649355
0.02195649355
0.02195649355
0.02195649355
0.02195649355
0.02195649355
0.02195649355
0.02195649355
0.02195649355
0.02195649355
0.02195649355
0.02195649355
0.02195649355
0.02195649355
0.02195649355
0.02195649355
0.02195649355
0.02195649355
0.02195649355
0.02195649355
0.02195649355
0.02195649355
0.02195649355
0.02195649355
0.02195649355
0.02195649355
0.02195649355
0.02195649355
0.02195649355
0.02195649355
0.02195649355
0.02195649355
0.02195649355
0.02195649355
0.02195649355
0.02195649355
0.2903545992
0.2901370884
0.28992343
0.2895629277
0.2890576516
0.2884106185
0.2876257252
0.2867077135
0.2856620314
0.284494651
0.2832118733
0.2818201386
0.280325857
0.2787352648
0.2770543161
0.2752886945
0.2734436365
0.2715239575
0.2695341244
0.2674783197
0.2653605249
0.2631846156
0.260954458
0.2586739926
0.2563472883
0.2539785468
0.2515720368
0.2491319382
0.2466620802
0.2441655652
0.2416442826
0.2390983361
0.2365254311
0.2339203079
0.2312743469
0.2285755252
0.2258089484
0.2229582108
0.2200078218
0.2169468715
0.2137740098
0.2105037258
0.2071738696
0.203854338
0.2006563467
0.1977380008
0.1952776872
0.1932397932
0.1899740555
0.177319457
0.1236787677
0.02213394312
0.02195659427
0.02195649362
0.02195649355
0.02195649355
0.02195649355
0.02195649355
0.02195649355
0.02195649355
0.02195649355
0.02195649355
0.02195649355
0.02195649355
0.02195649355
0.02195649355
0.02195649355
0.02195649355
0.02195649355
0.02195649355
0.02195649355
0.02195649355
0.02195649355
0.02195649355
0.02195649355
0.02195649355
0.02195649355
0.02195649355
0.02195649355
0.02195649355
0.02195649355
0.02195649355
0.02195649355
0.02195649355
0.02195649355
0.02195649355
0.02195649355
0.02195649355
0.02195649355
0.02195649355
0.02195649355
0.02195649355
0.02195649355
0.02195649355
0.02195649355
0.02195649355
0.02195649355
0.02195649355
0.02195649355
0.02195649355
0.02195649355
0.02195649355
0.02195649355
0.02195649355
0.02195649355
0.02195649355
0.02195649355
0.02195649355
0.02195649355
0.02195649355
0.02195649355
0.02195649355
0.02195649355
0.02195649355
0.02195649355
0.02195649355
0.02195649355
0.02195649355
0.02195649355
0.02195649355
0.02195649355
0.02195649355
0.02195649355
0.02195649355
0.02195649355
0.02195649355
0.02195649355
0.02195649355
0.02195649355
0.02195649355
0.02195649355
0.02195649355
0.02195649355
0.02195649355
0.02195649355
0.02195649355
0.02195649355
0.02195649355
0.02195649355
0.02195649355
0.02195649355
0.02195649355
0.02195649355
0.02195649355
0.02195649355
0.02195649355
0.02195649355
0.02195649355
0.02195649355
0.02195649355
0.02195649355
0.02195649355
0.02195649355
0.02195649355
0.02195649355
0.02195649355
0.02195649355
0.02195649355
0.02195649355
0.02195649355
0.02195649355
0.02195649355
0.02195649355
0.02195649355
0.02195649355
0.02195649355
0.02195649355
0.02195649355
0.02195649355
0.02195649355
0.02195649355
0.02195649355
0.02195649355
0.02195649355
0.02195649355
0.02195649355
0.02195649355
0.02195649355
0.02195649355
0.02195649355
0.02195649355
0.02195649355
0.02195649355
0.02195649355
0.02195649355
0.02195649355
0.02195649355
0.02195649355
0.02195649355
0.02195649355
0.02195649355
0.02195649355
0.02195649355
0.02195649355
0.02195649355
0.02195649355
0.02195649355
0.02195649355
0.02195649355
0.02195649355
0.2900388745
0.2898175988
0.2896011664
0.2892369499
0.2887269916
0.2880742716
0.2872826411
0.2863567935
0.285302132
0.2841245918
0.2828304487
0.2814261311
0.279918048
0.2783124414
0.276615271
0.2748322194
0.2729685025
0.2710288793
0.2690177121
0.2669390198
0.2647965519
0.2625938786
0.2603344893
0.2580218881
0.2556596685
0.2532515505
0.2508013558
0.2483128986
0.2457897709
0.2432350092
0.2406506437
0.2380371564
0.2353929016
0.2327135851
0.2299919374
0.2272177556
0.2243785115
0.2214607227
0.2184522486
0.2153456035
0.2121423174
0.2088583363
0.2055304938
0.2022241527
0.1990419177
0.1961312716
0.1936749782
0.1917547871
0.1893905895
0.1806798383
0.1433760375
0.02222989407
0.02195665821
0.02195649368
0.02195649355
0.02195649355
0.02195649355
0.02195649355
0.02195649355
0.02195649355
0.02195649355
0.02195649355
0.02195649355
0.02195649355
0.02195649355
0.02195649355
0.02195649355
0.02195649355
0.02195649355
0.02195649355
0.02195649355
0.02195649355
0.02195649355
0.02195649355
0.02195649355
0.02195649355
0.02195649355
0.02195649355
0.02195649355
0.02195649355
0.02195649355
0.02195649355
0.02195649355
0.02195649355
0.02195649355
0.02195649355
0.02195649355
0.02195649355
0.02195649355
0.02195649355
0.02195649355
0.02195649355
0.02195649355
0.02195649355
0.02195649355
0.02195649355
0.02195649355
0.02195649355
0.02195649355
0.02195649355
0.02195649355
0.02195649355
0.02195649355
0.02195649355
0.02195649355
0.02195649355
0.02195649355
0.02195649355
0.02195649355
0.02195649355
0.02195649355
0.02195649355
0.02195649355
0.02195649355
0.02195649355
0.02195649355
0.02195649355
0.02195649355
0.02195649355
0.02195649355
0.02195649355
0.02195649355
0.02195649355
0.02195649355
0.02195649355
0.02195649355
0.02195649355
0.02195649355
0.02195649355
0.02195649355
0.02195649355
0.02195649355
0.02195649355
0.02195649355
0.02195649355
0.02195649355
0.02195649355
0.02195649355
0.02195649355
0.02195649355
0.02195649355
0.02195649355
0.02195649355
0.02195649355
0.02195649355
0.02195649355
0.02195649355
0.02195649355
0.02195649355
0.02195649355
0.02195649355
0.02195649355
0.02195649355
0.02195649355
0.02195649355
0.02195649355
0.02195649355
0.02195649355
0.02195649355
0.02195649355
0.02195649355
0.02195649355
0.02195649355
0.02195649355
0.02195649355
0.02195649355
0.02195649355
0.02195649355
0.02195649355
0.02195649355
0.02195649355
0.02195649355
0.02195649355
0.02195649355
0.02195649355
0.02195649355
0.02195649355
0.02195649355
0.02195649355
0.02195649355
0.02195649355
0.02195649355
0.02195649355
0.02195649355
0.02195649355
0.02195649355
0.02195649355
0.02195649355
0.02195649355
0.02195649355
0.02195649355
0.02195649355
0.02195649355
0.02195649355
0.02195649355
0.02195649355
0.02195649355
0.02195649355
0.02195649355
0.02195649355
0.2897440932
0.2895187734
0.2892992188
0.2889307445
0.288415377
0.2877560724
0.2869566518
0.2860217779
0.2849568277
0.2837677201
0.2824607279
0.2810422906
0.2795188428
0.2778966635
0.2761817555
0.2743798534
0.2724962051
0.2705355838
0.2685023326
0.2664004045
0.2642334232
0.2620047609
0.2597176283
0.2573751647
0.2549805174
0.2525368911
0.2500475487
0.2475157403
0.2449445391
0.2423365699
0.2396936302
0.2370162265
0.2343030809
0.2315507007
0.2287531412
0.2259021226
0.2229876719
0.2199994425
0.2169288252
0.213771902
0.2105332519
0.2072306223
0.2039005449
0.2006050451
0.1974394229
0.194539602
0.1920785387
0.1901808922
0.1882810924
0.1821805269
0.1558995338
0.04611680626
0.02197025484
0.02195650204
0.02195649355
0.02195649355
0.02195649355
0.02195649355
0.02195649355
0.02195649355
0.02195649355
0.02195649355
0.02195649355
0.02195649355
0.02195649355
0.02195649355
0.02195649355
0.02195649355
0.02195649355
0.02195649355
0.02195649355
0.02195649355
0.02195649355
0.02195649355
0.02195649355
0.02195649355
0.02195649355
0.02195649355
0.02195649355
0.02195649355
0.02195649355
0.02195649355
0.02195649355
0.02195649355
0.02195649355
0.02195649355
0.02195649355
0.02195649355
0.02195649355
0.02195649355
0.02195649355
0.02195649355
0.02195649355
0.02195649355
0.02195649355
0.02195649355
0.02195649355
0.02195649355
0.02195649355
0.02195649355
0.02195649355
0.02195649355
0.02195649355
0.02195649355
0.02195649355
0.02195649355
0.02195649355
0.02195649355
0.02195649355
0.02195649355
0.02195649355
0.02195649355
0.02195649355
0.02195649355
0.02195649355
0.02195649355
0.02195649355
0.02195649355
0.02195649355
0.02195649355
0.02195649355
0.02195649355
0.02195649355
0.02195649355
0.02195649355
0.02195649355
0.02195649355
0.02195649355
0.02195649355
0.02195649355
0.02195649355
0.02195649355
0.02195649355
0.02195649355
0.02195649355
0.02195649355
0.02195649355
0.02195649355
0.02195649355
0.02195649355
0.02195649355
0.02195649355
0.02195649355
0.02195649355
0.02195649355
0.02195649355
0.02195649355
0.02195649355
0.02195649355
0.02195649355
0.02195649355
0.02195649355
0.02195649355
0.02195649355
0.02195649355
0.02195649355
0.02195649355
0.02195649355
0.02195649355
0.02195649355
0.02195649355
0.02195649355
0.02195649355
0.02195649355
0.02195649355
0.02195649355
0.02195649355
0.02195649355
0.02195649355
0.02195649355
0.02195649355
0.02195649355
0.02195649355
0.02195649355
0.02195649355
0.02195649355
0.02195649355
0.02195649355
0.02195649355
0.02195649355
0.02195649355
0.02195649355
0.02195649355
0.02195649355
0.02195649355
0.02195649355
0.02195649355
0.02195649355
0.02195649355
0.02195649355
0.02195649355
0.02195649355
0.02195649355
0.02195649355
0.02195649355
0.02195649355
0.02195649355
0.02195649355
0.02195649355
0.02195649355
0.2894685927
0.2892391202
0.2890161185
0.2886428814
0.2881214288
0.2874547049
0.2866465148
0.2857015071
0.2846250516
0.2834230704
0.2821018537
0.2806678743
0.2791276153
0.2774874182
0.2757533579
0.2739312595
0.2720264398
0.270043735
0.2679875282
0.2658617762
0.2636700563
0.261415629
0.2591015128
0.2567305606
0.2543055298
0.2518291303
0.2493040355
0.2467328364
0.2441179223
0.2414612762
0.2387641852
0.2360268864
0.2332481982
0.230425218
0.2275532021
0.224625763
0.2216355253
0.2185753601
0.2154402761
0.2122300018
0.2089522632
0.2056267852
0.202290095
0.1990012432
0.1958483609
0.1929549137
0.1904792544
0.1885657222
0.1869483324
0.1827898857
0.1642757487
0.08336356662
0.02202145084
0.02195653088
0.02195649357
0.02195649355
0.02195649355
0.02195649355
0.02195649355
0.02195649355
0.02195649355
0.02195649355
0.02195649355
0.02195649355
0.02195649355
0.02195649355
0.02195649355
0.02195649355
0.02195649355
0.02195649355
0.02195649355
0.02195649355
0.02195649355
0.02195649355
0.02195649355
0.02195649355
0.02195649355
0.02195649355
0.02195649355
0.02195649355
0.02195649355
0.02195649355
0.02195649355
0.02195649355
0.02195649355
0.02195649355
0.02195649355
0.02195649355
0.02195649355
0.02195649355
0.02195649355
0.02195649355
0.02195649355
0.02195649355
0.02195649355
0.02195649355
0.02195649355
0.02195649355
0.02195649355
0.02195649355
0.02195649355
0.02195649355
0.02195649355
0.02195649355
0.02195649355
0.02195649355
0.02195649355
0.02195649355
0.02195649355
0.02195649355
0.02195649355
0.02195649355
0.02195649355
0.02195649355
0.02195649355
0.02195649355
0.02195649355
0.02195649355
0.02195649355
0.02195649355
0.02195649355
0.02195649355
0.02195649355
0.02195649355
0.02195649355
0.02195649355
0.02195649355
0.02195649355
0.02195649355
0.02195649355
0.02195649355
0.02195649355
0.02195649355
0.02195649355
0.02195649355
0.02195649355
0.02195649355
0.02195649355
0.02195649355
0.02195649355
0.02195649355
0.02195649355
0.02195649355
0.02195649355
0.02195649355
0.02195649355
0.02195649355
0.02195649355
0.02195649355
0.02195649355
0.02195649355
0.02195649355
0.02195649355
0.02195649355
0.02195649355
0.02195649355
0.02195649355
0.02195649355
0.02195649355
0.02195649355
0.02195649355
0.02195649355
0.02195649355
0.02195649355
0.02195649355
0.02195649355
0.02195649355
0.02195649355
0.02195649355
0.02195649355
0.02195649355
0.02195649355
0.02195649355
0.02195649355
0.02195649355
0.02195649355
0.02195649355
0.02195649355
0.02195649355
0.02195649355
0.02195649355
0.02195649355
0.02195649355
0.02195649355
0.02195649355
0.02195649355
0.02195649355
0.02195649355
0.02195649355
0.02195649355
0.02195649355
0.02195649355
0.02195649355
0.02195649355
0.02195649355
0.02195649355
0.02195649355
0.02195649355
0.02195649355
0.02195649355
0.2892100644
0.2889764864
0.288749761
0.2883713343
0.2878432255
0.2871683758
0.2863505867
0.2853945066
0.2843055134
0.2830895497
0.28175294
0.2803022083
0.2787439048
0.2770844526
0.27533002
0.2734865487
0.2715594485
0.2695536502
0.2674736151
0.2653233503
0.2631064412
0.2608260992
0.2584852187
0.2560864365
0.2536321848
0.2511247289
0.2485661755
0.2459584412
0.2433031679
0.2406015803
0.2378542885
0.2350610563
0.2322205768
0.229330324
0.2263865699
0.2233846751
0.2203197566
0.217187823
0.213987431
0.2107218884
0.2074020178
0.204049519
0.2007010155
0.1974128868
0.1942668697
0.1913758886
0.1888871109
0.1869601932
0.1855326458
0.1827214547
0.1694052199
0.1095600276
0.02209220589
0.02195657431
0.02195649361
0.02195649355
0.02195649355
0.02195649355
0.02195649355
0.02195649355
0.02195649355
0.02195649355
0.02195649355
0.02195649355
0.02195649355
0.02195649355
0.02195649355
0.02195649355
0.02195649355
0.02195649355
0.02195649355
0.02195649355
0.02195649355
0.02195649355
0.02195649355
0.02195649355
0.02195649355
0.02195649355
0.02195649355
0.02195649355
0.02195649355
0.02195649355
0.02195649355
0.02195649355
0.02195649355
0.02195649355
0.02195649355
0.02195649355
0.02195649355
0.02195649355
0.02195649355
0.02195649355
0.02195649355
0.02195649355
0.02195649355
0.02195649355
0.02195649355
0.02195649355
0.02195649355
0.02195649355
0.02195649355
0.02195649355
0.02195649355
0.02195649355
0.02195649355
0.02195649355
0.02195649355
0.02195649355
0.02195649355
0.02195649355
0.02195649355
0.02195649355
0.02195649355
0.02195649355
0.02195649355
0.02195649355
0.02195649355
0.02195649355
0.02195649355
0.02195649355
0.02195649355
0.02195649355
0.02195649355
0.02195649355
0.02195649355
0.02195649355
0.02195649355
0.02195649355
0.02195649355
0.02195649355
0.02195649355
0.02195649355
0.02195649355
0.02195649355
0.02195649355
0.02195649355
0.02195649355
0.02195649355
0.02195649355
0.02195649355
0.02195649355
0.02195649355
0.02195649355
0.02195649355
0.02195649355
0.02195649355
0.02195649355
0.02195649355
0.02195649355
0.02195649355
0.02195649355
0.02195649355
0.02195649355
0.02195649355
0.02195649355
0.02195649355
0.02195649355
0.02195649355
0.02195649355
0.02195649355
0.02195649355
0.02195649355
0.02195649355
0.02195649355
0.02195649355
0.02195649355
0.02195649355
0.02195649355
0.02195649355
0.02195649355
0.02195649355
0.02195649355
0.02195649355
0.02195649355
0.02195649355
0.02195649355
0.02195649355
0.02195649355
0.02195649355
0.02195649355
0.02195649355
0.02195649355
0.02195649355
0.02195649355
0.02195649355
0.02195649355
0.02195649355
0.02195649355
0.02195649355
0.02195649355
0.02195649355
0.02195649355
0.02195649355
0.02195649355
0.02195649355
0.02195649355
0.02195649355
0.02195649355
0.02195649355
0.02195649355
0.2889658439
0.2887283392
0.28849768
0.2881137404
0.2875785418
0.2868950287
0.2860670069
0.2850991351
0.2839968112
0.2827660095
0.281413102
0.2799446756
0.2783673602
0.2766876732
0.2749118931
0.2730460884
0.2710957785
0.2690660073
0.2669613371
0.2647858531
0.2625431832
0.2602365318
0.2578687195
0.2554422237
0.252959213
0.2504215688
0.2478308852
0.2451884425
0.2424951476
0.2397514444
0.2369572018
0.2341116014
0.2312130611
0.2282592463
0.2252472366
0.2221739181
0.2190366743
0.2158344281
0.2125690738
0.2092473218
0.2058829876
0.2024997889
0.1991347669
0.1958424832
0.1927001221
0.189813482
0.187322724
0.1853955784
0.1840839076
0.1821175474
0.1722101793
0.1265706607
0.02216071211
0.02195662101
0.02195649365
0.02195649355
0.02195649355
0.02195649355
0.02195649355
0.02195649355
0.02195649355
0.02195649355
0.02195649355
0.02195649355
0.02195649355
0.02195649355
0.02195649355
0.02195649355
0.02195649355
0.02195649355
0.02195649355
0.02195649355
0.02195649355
0.02195649355
0.02195649355
0.02195649355
0.02195649355
0.02195649355
0.02195649355
0.02195649355
0.02195649355
0.02195649355
0.02195649355
0.02195649355
0.02195649355
0.02195649355
0.02195649355
0.02195649355
0.02195649355
0.02195649355
0.02195649355
0.02195649355
0.02195649355
0.02195649355
0.02195649355
0.02195649355
0.02195649355
0.02195649355
0.02195649355
0.02195649355
0.02195649355
0.02195649355
0.02195649355
0.02195649355
0.02195649355
0.02195649355
0.02195649355
0.02195649355
0.02195649355
0.02195649355
0.02195649355
0.02195649355
0.02195649355
0.02195649355
0.02195649355
0.02195649355
0.02195649355
0.02195649355
0.02195649355
0.02195649355
0.02195649355
0.02195649355
0.02195649355
0.02195649355
0.02195649355
0.02195649355
0.02195649355
0.02195649355
0.02195649355
0.02195649355
0.02195649355
0.02195649355
0.02195649355
0.02195649355
0.02195649355
0.02195649355
0.02195649355
0.02195649355
0.02195649355
0.02195649355
0.02195649355
0.02195649355
0.02195649355
0.02195649355
0.02195649355
0.02195649355
0.02195649355
0.02195649355
0.02195649355
0.02195649355
0.02195649355
0.02195649355
0.02195649355
0.02195649355
0.02195649355
0.02195649355
0.02195649355
0.02195649355
0.02195649355
0.02195649355
0.02195649355
0.02195649355
0.02195649355
0.02195649355
0.02195649355
0.02195649355
0.02195649355
0.02195649355
0.02195649355
0.02195649355
0.02195649355
0.02195649355
0.02195649355
0.02195649355
0.02195649355
0.02195649355
0.02195649355
0.02195649355
0.02195649355
0.02195649355
0.02195649355
0.02195649355
0.02195649355
0.02195649355
0.02195649355
0.02195649355
0.02195649355
0.02195649355
0.02195649355
0.02195649355
0.02195649355
0.02195649355
0.02195649355
0.02195649355
0.02195649355
0.02195649355
0.02195649355
0.02195649355
0.02195649355
0.02195649355
0.288733207
0.2884920491
0.2882573186
0.287867654
0.2873250792
0.2866325447
0.2857938657
0.2848137174
0.2836975236
0.2824512981
0.2810814664
0.2795946854
0.2779976703
0.276297039
0.2744991953
0.2726103257
0.2706360733
0.2685816037
0.2664515913
0.2642502133
0.2619811605
0.2596476561
0.2572524808
0.2547979957
0.2522861582
0.2497185269
0.2470962505
0.2444200408
0.2416901315
0.2389062306
0.236067483
0.2331724653
0.2302192459
0.22720555
0.2241290722
0.2209879787
0.217781633
0.2145115717
0.2111827488
0.2078050735
0.2043952962
0.2009793408
0.1975952407
0.1942968822
0.1911587638
0.1882818684
0.185799832
0.1838766259
0.1826099857
0.1811151947
0.1734813993
0.1377235341
0.02221756976
0.02195666346
0.0219564937
0.02195649355
0.02195649355
0.02195649355
0.02195649355
0.02195649355
0.02195649355
0.02195649355
0.02195649355
0.02195649355
0.02195649355
0.02195649355
0.02195649355
0.02195649355
0.02195649355
0.02195649355
0.02195649355
0.02195649355
0.02195649355
0.02195649355
0.02195649355
0.02195649355
0.02195649355
0.02195649355
0.02195649355
0.02195649355
0.02195649355
0.02195649355
0.02195649355
0.02195649355
0.02195649355
0.02195649355
0.02195649355
0.02195649355
0.02195649355
0.02195649355
0.02195649355
0.02195649355
0.02195649355
0.02195649355
0.02195649355
0.02195649355
0.02195649355
0.02195649355
0.02195649355
0.02195649355
0.02195649355
0.02195649355
0.02195649355
0.02195649355
0.02195649355
0.02195649355
0.02195649355
0.02195649355
0.02195649355
0.02195649355
0.02195649355
0.02195649355
0.02195649355
0.02195649355
0.02195649355
0.02195649355
0.02195649355
0.02195649355
0.02195649355
0.02195649355
0.02195649355
0.02195649355
0.02195649355
0.02195649355
0.02195649355
0.02195649355
0.02195649355
0.02195649355
0.02195649355
0.02195649355
0.02195649355
0.02195649355
0.02195649355
0.02195649355
0.02195649355
0.02195649355
0.02195649355
0.02195649355
0.02195649355
0.02195649355
0.02195649355
0.02195649355
0.02195649355
0.02195649355
0.02195649355
0.02195649355
0.02195649355
0.02195649355
0.02195649355
0.02195649355
0.02195649355
0.02195649355
0.02195649355
0.02195649355
0.02195649355
0.02195649355
0.02195649355
0.02195649355
0.02195649355
0.02195649355
0.02195649355
0.02195649355
0.02195649355
0.02195649355
0.02195649355
0.02195649355
0.02195649355
0.02195649355
0.02195649355
0.02195649355
0.02195649355
0.02195649355
0.02195649355
0.02195649355
0.02195649355
0.02195649355
0.02195649355
0.02195649355
0.02195649355
0.02195649355
0.02195649355
0.02195649355
0.02195649355
0.02195649355
0.02195649355
0.02195649355
0.02195649355
0.02195649355
0.02195649355
0.02195649355
0.02195649355
0.02195649355
0.02195649355
0.02195649355
0.02195649355
0.02195649355
0.02195649355
0.02195649355
0.02195649355
0.02195649355
0.2885096456
0.2882651487
0.288026273
0.2876307712
0.2870806673
0.2863789179
0.2855293492
0.2845366549
0.2834062875
0.2821443018
0.2807571788
0.2792516462
0.2776345057
0.2759124757
0.2740920884
0.2721796432
0.270180908
0.2681011718
0.2659452232
0.2637173377
0.2614212769
0.2590602971
0.2566371603
0.2541541415
0.2516130288
0.2490151132
0.2463611666
0.2436514134
0.2408855026
0.2380624951
0.2351808879
0.2322386997
0.2292336504
0.2261634616
0.2230263043
0.2198214084
0.2165498387
0.2132154353
0.2098259204
0.2063941984
0.2029399148
0.199491404
0.1960882046
0.1927843445
0.1896525357
0.1867891357
0.1843185977
0.1823899448
0.1811057134
0.1798338366
0.1737721865
0.1451771534
0.02226234068
0.02195669875
0.02195649374
0.02195649355
0.02195649355
0.02195649355
0.02195649355
0.02195649355
0.02195649355
0.02195649355
0.02195649355
0.02195649355
0.02195649355
0.02195649355
0.02195649355
0.02195649355
0.02195649355
0.02195649355
0.02195649355
0.02195649355
0.02195649355
0.02195649355
0.02195649355
0.02195649355
0.02195649355
0.02195649355
0.02195649355
0.02195649355
0.02195649355
0.02195649355
0.02195649355
0.02195649355
0.02195649355
0.02195649355
0.02195649355
0.02195649355
0.02195649355
0.02195649355
0.02195649355
0.02195649355
0.02195649355
0.02195649355
0.02195649355
0.02195649355
0.02195649355
0.02195649355
0.02195649355
0.02195649355
0.02195649355
0.02195649355
0.02195649355
0.02195649355
0.02195649355
0.02195649355
0.02195649355
0.02195649355
0.02195649355
0.02195649355
0.02195649355
0.02195649355
0.02195649355
0.02195649355
0.02195649355
0.02195649355
0.02195649355
0.02195649355
0.02195649355
0.02195649355
0.02195649355
0.02195649355
0.02195649355
0.02195649355
0.02195649355
0.02195649355
0.02195649355
0.02195649355
0.02195649355
0.02195649355
0.02195649355
0.02195649355
0.02195649355
0.02195649355
0.02195649355
0.02195649355
0.02195649355
0.02195649355
0.02195649355
0.02195649355
0.02195649355
0.02195649355
0.02195649355
0.02195649355
0.02195649355
0.02195649355
0.02195649355
0.02195649355
0.02195649355
0.02195649355
0.02195649355
0.02195649355
0.02195649355
0.02195649355
0.02195649355
0.02195649355
0.02195649355
0.02195649355
0.02195649355
0.02195649355
0.02195649355
0.02195649355
0.02195649355
0.02195649355
0.02195649355
0.02195649355
0.02195649355
0.02195649355
0.02195649355
0.02195649355
0.02195649355
0.02195649355
0.02195649355
0.02195649355
0.02195649355
0.02195649355
0.02195649355
0.02195649355
0.02195649355
0.02195649355
0.02195649355
0.02195649355
0.02195649355
0.02195649355
0.02195649355
0.02195649355
0.02195649355
0.02195649355
0.02195649355
0.02195649355
0.02195649355
0.02195649355
0.02195649355
0.02195649355
0.02195649355
0.02195649355
0.02195649355
0.02195649355
0.02195649355
0.02195649355
0.2882930066
0.2880454929
0.2878024522
0.2874010823
0.2868434042
0.2861323791
0.2852718435
0.2842665091
0.2831218561
0.2818439788
0.2804394114
0.2789149493
0.277277477
0.2755338095
0.2736906033
0.2717542632
0.2697306767
0.2676252517
0.265442888
0.2631879567
0.2608642914
0.2584751864
0.256023396
0.2535111294
0.250940037
0.248311189
0.2456250452
0.2428814263
0.2400794982
0.2372177887
0.2342942626
0.2313064831
0.2282518883
0.2251282056
0.2219340144
0.2186694525
0.2153370475
0.2119426472
0.2084964349
0.2050140473
0.2015178665
0.1980386152
0.1946174257
0.1913085285
0.1881825536
0.1853300365
0.1828636884
0.1809141295
0.1795819174
0.1784524719
0.173749891
0.1508343258
0.0438077323
0.02196832631
0.02195650101
0.02195649355
0.02195649355
0.02195649355
0.02195649355
0.02195649355
0.02195649355
0.02195649355
0.02195649355
0.02195649355
0.02195649355
0.02195649355
0.02195649355
0.02195649355
0.02195649355
0.02195649355
0.02195649355
0.02195649355
0.02195649355
0.02195649355
0.02195649355
0.02195649355
0.02195649355
0.02195649355
0.02195649355
0.02195649355
0.02195649355
0.02195649355
0.02195649355
0.02195649355
0.02195649355
0.02195649355
0.02195649355
0.02195649355
0.02195649355
0.02195649355
0.02195649355
0.02195649355
0.02195649355
0.02195649355
0.02195649355
0.02195649355
0.02195649355
0.02195649355
0.02195649355
0.02195649355
0.02195649355
0.02195649355
0.02195649355
0.02195649355
0.02195649355
0.02195649355
0.02195649355
0.02195649355
0.02195649355
0.02195649355
0.02195649355
0.02195649355
0.02195649355
0.02195649355
0.02195649355
0.02195649355
0.02195649355
0.02195649355
0.02195649355
0.02195649355
0.02195649355
0.02195649355
0.02195649355
0.02195649355
0.02195649355
0.02195649355
0.02195649355
0.02195649355
0.02195649355
0.02195649355
0.02195649355
0.02195649355
0.02195649355
0.02195649355
0.02195649355
0.02195649355
0.02195649355
0.02195649355
0.02195649355
0.02195649355
0.02195649355
0.02195649355
0.02195649355
0.02195649355
0.02195649355
0.02195649355
0.02195649355
0.02195649355
0.02195649355
0.02195649355
0.02195649355
0.02195649355
0.02195649355
0.02195649355
0.02195649355
0.02195649355
0.02195649355
0.02195649355
0.02195649355
0.02195649355
0.02195649355
0.02195649355
0.02195649355
0.02195649355
0.02195649355
0.02195649355
0.02195649355
0.02195649355
0.02195649355
0.02195649355
0.02195649355
0.02195649355
0.02195649355
0.02195649355
0.02195649355
0.02195649355
0.02195649355
0.02195649355
0.02195649355
0.02195649355
0.02195649355
0.02195649355
0.02195649355
0.02195649355
0.02195649355
0.02195649355
0.02195649355
0.02195649355
0.02195649355
0.02195649355
0.02195649355
0.02195649355
0.02195649355
0.02195649355
0.02195649355
0.02195649355
0.02195649355
0.02195649355
0.02195649355
0.02195649355
0.2880816189
0.287831376
0.287584185
0.2871769698
0.2866117451
0.2858914743
0.2850200022
0.2840020563
0.2828431414
0.2815493878
0.2801273779
0.2785839696
0.2769261231
0.2751607423
0.2732946017
0.2713341997
0.2692855344
0.2671541238
0.2649449707
0.2626625344
0.2603107156
0.2578928447
0.2554116721
0.2528693529
0.2502674236
0.2476067726
0.2448876064
0.2421094237
0.2392710128
0.236370495
0.2334054431
0.2303731025
0.227270746
0.2240961748
0.2208483709
0.2175282803
0.2141396909
0.2106901638
0.207191985
0.2036631416
0.2001283828
0.1966204773
0.1931818045
0.1898663663
0.1867421405
0.1838933851
0.1814220318
0.1794459536
0.1780745009
0.1770851281
0.1735542419
0.1550167823
0.06654029044
0.02199535557
0.0219565181
0.02195649356
0.02195649355
0.02195649355
0.02195649355
0.02195649355
0.02195649355
0.02195649355
0.02195649355
0.02195649355
0.02195649355
0.02195649355
0.02195649355
0.02195649355
0.02195649355
0.02195649355
0.02195649355
0.02195649355
0.02195649355
0.02195649355
0.02195649355
0.02195649355
0.02195649355
0.02195649355
0.02195649355
0.02195649355
0.02195649355
0.02195649355
0.02195649355
0.02195649355
0.02195649355
0.02195649355
0.02195649355
0.02195649355
0.02195649355
0.02195649355
0.02195649355
0.02195649355
0.02195649355
0.02195649355
0.02195649355
0.02195649355
0.02195649355
0.02195649355
0.02195649355
0.02195649355
0.02195649355
0.02195649355
0.02195649355
0.02195649355
0.02195649355
0.02195649355
0.02195649355
0.02195649355
0.02195649355
0.02195649355
0.02195649355
0.02195649355
0.02195649355
0.02195649355
0.02195649355
0.02195649355
0.02195649355
0.02195649355
0.02195649355
0.02195649355
0.02195649355
0.02195649355
0.02195649355
0.02195649355
0.02195649355
0.02195649355
0.02195649355
0.02195649355
0.02195649355
0.02195649355
0.02195649355
0.02195649355
0.02195649355
0.02195649355
0.02195649355
0.02195649355
0.02195649355
0.02195649355
0.02195649355
0.02195649355
0.02195649355
0.02195649355
0.02195649355
0.02195649355
0.02195649355
0.02195649355
0.02195649355
0.02195649355
0.02195649355
0.02195649355
0.02195649355
0.02195649355
0.02195649355
0.02195649355
0.02195649355
0.02195649355
0.02195649355
0.02195649355
0.02195649355
0.02195649355
0.02195649355
0.02195649355
0.02195649355
0.02195649355
0.02195649355
0.02195649355
0.02195649355
0.02195649355
0.02195649355
0.02195649355
0.02195649355
0.02195649355
0.02195649355
0.02195649355
0.02195649355
0.02195649355
0.02195649355
0.02195649355
0.02195649355
0.02195649355
0.02195649355
0.02195649355
0.02195649355
0.02195649355
0.02195649355
0.02195649355
0.02195649355
0.02195649355
0.02195649355
0.02195649355
0.02195649355
0.02195649355
0.02195649355
0.02195649355
0.02195649355
0.02195649355
0.02195649355
0.02195649355
0.02195649355
0.02195649355
0.2878742946
0.2876215565
0.2873702484
0.286957239
0.2863845338
0.2856550961
0.2847727769
0.2837423165
0.282569241
0.2812597119
0.2798203546
0.2782580821
0.2765799225
0.2747928592
0.2729037765
0.2709192529
0.2688453853
0.2666877902
0.2644515612
0.2621412355
0.2597607709
0.2573135277
0.254802251
0.2522290476
0.2495953578
0.2469019208
0.2441487429
0.2413350777
0.2384594392
0.2355196712
0.2325131017
0.2294368132
0.2262880535
0.2230647986
0.2197664643
0.2163947382
0.2129544873
0.2094546839
0.2059093087
0.2023382184
0.1987680148
0.1952330075
0.1917763772
0.1884516154
0.185324223
0.1824735747
0.1799949837
0.1780021792
0.1766207279
0.175773136
0.1731653796
0.1578477246
0.08365358269
0.02202990011
0.02195654135
0.02195649358
0.02195649355
0.02195649355
0.02195649355
0.02195649355
0.02195649355
0.02195649355
0.02195649355
0.02195649355
0.02195649355
0.02195649355
0.02195649355
0.02195649355
0.02195649355
0.02195649355
0.02195649355
0.02195649355
0.02195649355
0.02195649355
0.02195649355
0.02195649355
0.02195649355
0.02195649355
0.02195649355
0.02195649355
0.02195649355
0.02195649355
0.02195649355
0.02195649355
0.02195649355
0.02195649355
0.02195649355
0.02195649355
0.02195649355
0.02195649355
0.02195649355
0.02195649355
0.02195649355
0.02195649355
0.02195649355
0.02195649355
0.02195649355
0.02195649355
0.02195649355
0.02195649355
0.02195649355
0.02195649355
0.02195649355
0.02195649355
0.02195649355
0.02195649355
0.02195649355
0.02195649355
0.02195649355
0.02195649355
0.02195649355
0.02195649355
0.02195649355
0.02195649355
0.02195649355
0.02195649355
0.02195649355
0.02195649355
0.02195649355
0.02195649355
0.02195649355
0.02195649355
0.02195649355
0.02195649355
0.02195649355
0.02195649355
0.02195649355
0.02195649355
0.02195649355
0.02195649355
0.02195649355
0.02195649355
0.02195649355
0.02195649355
0.02195649355
0.02195649355
0.02195649355
0.02195649355
0.02195649355
0.02195649355
0.02195649355
0.02195649355
0.02195649355
0.02195649355
0.02195649355
0.02195649355
0.02195649355
0.02195649355
0.02195649355
0.02195649355
0.02195649355
0.02195649355
0.02195649355
0.02195649355
0.02195649355
0.02195649355
0.02195649355
0.02195649355
0.02195649355
0.02195649355
0.02195649355
0.02195649355
0.02195649355
0.02195649355
0.02195649355
0.02195649355
0.02195649355
0.02195649355
0.02195649355
0.02195649355
0.02195649355
0.02195649355
0.02195649355
0.02195649355
0.02195649355
0.02195649355
0.02195649355
0.02195649355
0.02195649355
0.02195649355
0.02195649355
0.02195649355
0.02195649355
0.02195649355
0.02195649355
0.02195649355
0.02195649355
0.02195649355
0.02195649355
0.02195649355
0.02195649355
0.02195649355
0.02195649355
0.02195649355
0.02195649355
0.02195649355
0.02195649355
0.02195649355
0.02195649355
0.02195649355
0.2876702933
0.2874152309
0.2871598444
0.2867410987
0.2861609885
0.2854224752
0.2845294145
0.2834865571
0.2822994474
0.280974274
0.2795176997
0.277936686
0.276238321
0.2744296584
0.2725176833
0.2705090402
0.2684099118
0.2662259997
0.2639624749
0.2616239391
0.2592143949
0.2567372231
0.254195158
0.2515902606
0.2489238871
0.2461966555
0.2434084181
0.2405582535
0.2376444973
0.2346648361
0.2316164951
0.2284965447
0.2253023494
0.2220321684
0.218685897
0.2152659185
0.2117780171
0.2082322918
0.2046440206
0.2010344521
0.1974315456
0.1938707271
0.1903957621
0.1870598518
0.1839270772
0.1810744374
0.1785951325
0.176604194
0.1752407259
0.174517339
0.1725807296
0.1595982592
0.09588934811
0.02206422882
0.02195656603
0.02195649361
0.02195649355
0.02195649355
0.02195649355
0.02195649355
0.02195649355
0.02195649355
0.02195649355
0.02195649355
0.02195649355
0.02195649355
0.02195649355
0.02195649355
0.02195649355
0.02195649355
0.02195649355
0.02195649355
0.02195649355
0.02195649355
0.02195649355
0.02195649355
0.02195649355
0.02195649355
0.02195649355
0.02195649355
0.02195649355
0.02195649355
0.02195649355
0.02195649355
0.02195649355
0.02195649355
0.02195649355
0.02195649355
0.02195649355
0.02195649355
0.02195649355
0.02195649355
0.02195649355
0.02195649355
0.02195649355
0.02195649355
0.02195649355
0.02195649355
0.02195649355
0.02195649355
0.02195649355
0.02195649355
0.02195649355
0.02195649355
0.02195649355
0.02195649355
0.02195649355
0.02195649355
0.02195649355
0.02195649355
0.02195649355
0.02195649355
0.02195649355
0.02195649355
0.02195649355
0.02195649355
0.02195649355
0.02195649355
0.02195649355
0.02195649355
0.02195649355
0.02195649355
0.02195649355
0.02195649355
0.02195649355
0.02195649355
0.02195649355
0.02195649355
0.02195649355
0.02195649355
0.02195649355
0.02195649355
0.02195649355
0.02195649355
0.02195649355
0.02195649355
0.02195649355
0.02195649355
0.02195649355
0.02195649355
0.02195649355
0.02195649355
0.02195649355
0.02195649355
0.02195649355
0.02195649355
0.02195649355
0.02195649355
0.02195649355
0.02195649355
0.02195649355
0.02195649355
0.02195649355
0.02195649355
0.02195649355
0.02195649355
0.02195649355
0.02195649355
0.02195649355
0.02195649355
0.02195649355
0.02195649355
0.02195649355
0.02195649355
0.02195649355
0.02195649355
0.02195649355
0.02195649355
0.02195649355
0.02195649355
0.02195649355
0.02195649355
0.02195649355
0.02195649355
0.02195649355
0.02195649355
0.02195649355
0.02195649355
0.02195649355
0.02195649355
0.02195649355
0.02195649355
0.02195649355
0.02195649355
0.02195649355
0.02195649355
0.02195649355
0.02195649355
0.02195649355
0.02195649355
0.02195649355
0.02195649355
0.02195649355
0.02195649355
0.02195649355
0.02195649355
0.02195649355
0.02195649355
0.02195649355
0.02195649355
0.2874692791
0.2872119899
0.2869525551
0.2865281186
0.2859406638
0.2851931498
0.2842894355
0.283234281
0.2820332466
0.2806925451
0.2792188726
0.2776192338
0.2759007695
0.2740705953
0.2721357894
0.2701030487
0.2679786287
0.2657683024
0.2634773038
0.2611102844
0.2586712785
0.2561636751
0.2535901904
0.2509528383
0.2482528997
0.2454908932
0.2426665566
0.2397788539
0.2368260253
0.2338057071
0.2307151467
0.227551537
0.224312489
0.2209966486
0.2176044433
0.2141389293
0.21060669
0.2070187292
0.2033913093
0.199746706
0.1961138892
0.1925291845
0.1890370148
0.1856908712
0.1825547552
0.1797055208
0.1772368721
0.1752657416
0.1739358228
0.1733038196
0.1718266854
0.1605530104
0.1045960918
0.02209432523
0.02195658893
0.02195649363
0.02195649355
0.02195649355
0.02195649355
0.02195649355
0.02195649355
0.02195649355
0.02195649355
0.02195649355
0.02195649355
0.02195649355
0.02195649355
0.02195649355
0.02195649355
0.02195649355
0.02195649355
0.02195649355
0.02195649355
0.02195649355
0.02195649355
0.02195649355
0.02195649355
0.02195649355
0.02195649355
0.02195649355
0.02195649355
0.02195649355
0.02195649355
0.02195649355
0.02195649355
0.02195649355
0.02195649355
0.02195649355
0.02195649355
0.02195649355
0.02195649355
0.02195649355
0.02195649355
0.02195649355
0.02195649355
0.02195649355
0.02195649355
0.02195649355
0.02195649355
0.02195649355
0.02195649355
0.02195649355
0.02195649355
0.02195649355
0.02195649355
0.02195649355
0.02195649355
0.02195649355
0.02195649355
0.02195649355
0.02195649355
0.02195649355
0.02195649355
0.02195649355
0.02195649355
0.02195649355
0.02195649355
0.02195649355
0.02195649355
0.02195649355
0.02195649355
0.02195649355
0.02195649355
0.02195649355
0.02195649355
0.02195649355
0.02195649355
0.02195649355
0.02195649355
0.02195649355
0.02195649355
0.02195649355
0.02195649355
0.02195649355
0.02195649355
0.02195649355
0.02195649355
0.02195649355
0.02195649355
0.02195649355
0.02195649355
0.02195649355
0.02195649355
0.02195649355
0.02195649355
0.02195649355
0.02195649355
0.02195649355
0.02195649355
0.02195649355
0.02195649355
0.02195649355
0.02195649355
0.02195649355
0.02195649355
0.02195649355
0.02195649355
0.02195649355
0.02195649355
0.02195649355
0.02195649355
0.02195649355
0.02195649355
0.02195649355
0.02195649355
0.02195649355
0.02195649355
0.02195649355
0.02195649355
0.02195649355
0.02195649355
0.02195649355
0.02195649355
0.02195649355
0.02195649355
0.02195649355
0.02195649355
0.02195649355
0.02195649355
0.02195649355
0.02195649355
0.02195649355
0.02195649355
0.02195649355
0.02195649355
0.02195649355
0.02195649355
0.02195649355
0.02195649355
0.02195649355
0.02195649355
0.02195649355
0.02195649355
0.02195649355
0.02195649355
0.02195649355
0.02195649355
0.02195649355
0.02195649355
0.02195649355
0.2872712041
0.2870117263
0.2867482603
0.2863181571
0.2857233896
0.2849669147
0.2840525951
0.2829851998
0.2817703045
0.2804141447
0.2789234472
0.2773052559
0.2755667594
0.2737151282
0.2717575278
0.2697006946
0.2675509455
0.2653141114
0.2629954755
0.2605997241
0.2581309086
0.2555924136
0.2529869276
0.2503164136
0.2475820816
0.2447843674
0.2419229261
0.2389966561
0.2360037723
0.2329419504
0.2298085661
0.2266010516
0.2233173805
0.2199566846
0.2165199893
0.2130110372
0.2094371575
0.2058101344
0.2021470287
0.1984709301
0.1948116412
0.1912063379
0.1877002996
0.1843478753
0.1812139531
0.1783763432
0.1759295386
0.1739897356
0.1726957668
0.1721185261
0.1709434448
0.1609423564
0.1107851182
0.02211888206
0.02195660852
0.02195649365
0.02195649355
0.02195649355
0.02195649355
0.02195649355
0.02195649355
0.02195649355
0.02195649355
0.02195649355
0.02195649355
0.02195649355
0.02195649355
0.02195649355
0.02195649355
0.02195649355
0.02195649355
0.02195649355
0.02195649355
0.02195649355
0.02195649355
0.02195649355
0.02195649355
0.02195649355
0.02195649355
0.02195649355
0.02195649355
0.02195649355
0.02195649355
0.02195649355
0.02195649355
0.02195649355
0.02195649355
0.02195649355
0.02195649355
0.02195649355
0.02195649355
0.02195649355
0.02195649355
0.02195649355
0.02195649355
0.02195649355
0.02195649355
0.02195649355
0.02195649355
0.02195649355
0.02195649355
0.02195649355
0.02195649355
0.02195649355
0.02195649355
0.02195649355
0.02195649355
0.02195649355
0.02195649355
0.02195649355
0.02195649355
0.02195649355
0.02195649355
0.02195649355
0.02195649355
0.02195649355
0.02195649355
0.02195649355
0.02195649355
0.02195649355
0.02195649355
0.02195649355
0.02195649355
0.02195649355
0.02195649355
0.02195649355
0.02195649355
0.02195649355
0.02195649355
0.02195649355
0.02195649355
0.02195649355
0.02195649355
0.02195649355
0.02195649355
0.02195649355
0.02195649355
0.02195649355
0.02195649355
0.02195649355
0.02195649355
0.02195649355
0.02195649355
0.02195649355
0.02195649355
0.02195649355
0.02195649355
0.02195649355
0.02195649355
0.02195649355
0.02195649355
0.02195649355
0.02195649355
0.02195649355
0.02195649355
0.02195649355
0.02195649355
0.02195649355
0.02195649355
0.02195649355
0.02195649355
0.02195649355
0.02195649355
0.02195649355
0.02195649355
0.02195649355
0.02195649355
0.02195649355
0.02195649355
0.02195649355
0.02195649355
0.02195649355
0.02195649355
0.02195649355
0.02195649355
0.02195649355
0.02195649355
0.02195649355
0.02195649355
0.02195649355
0.02195649355
0.02195649355
0.02195649355
0.02195649355
0.02195649355
0.02195649355
0.02195649355
0.02195649355
0.02195649355
0.02195649355
0.02195649355
0.02195649355
0.02195649355
0.02195649355
0.02195649355
0.02195649355
0.02195649355
0.02195649355
0.02195649355
0.02195649355
0.2870762559
0.2868145695
0.2865470705
0.2861112961
0.28550921
0.2847437686
0.2838188393
0.282739201
0.2815104455
0.2801388306
0.2786311128
0.2769943731
0.2752358428
0.2733627617
0.2713823452
0.2693013762
0.267126222
0.2648627593
0.2625163064
0.2600915701
0.2575926043
0.2550227758
0.2523847344
0.2496803863
0.2469108722
0.2440765566
0.2411770365
0.2382111862
0.2351772531
0.2320730277
0.2288961068
0.2256442649
0.2223159457
0.2189108697
0.215430745
0.2118800552
0.2082668903
0.2046037835
0.2009085236
0.197204922
0.1935235387
0.1899023963
0.1863877569
0.1830350951
0.1799104782
0.1770925882
0.1746754433
0.1727710221
0.1715069239
0.1709533069
0.1699730958
0.1609355346
0.1151411007
0.0221379405
0.02195662438
0.02195649367
0.02195649355
0.02195649355
0.02195649355
0.02195649355
0.02195649355
0.02195649355
0.02195649355
0.02195649355
0.02195649355
0.02195649355
0.02195649355
0.02195649355
0.02195649355
0.02195649355
0.02195649355
0.02195649355
0.02195649355
0.02195649355
0.02195649355
0.02195649355
0.02195649355
0.02195649355
0.02195649355
0.02195649355
0.02195649355
0.02195649355
0.02195649355
0.02195649355
0.02195649355
0.02195649355
0.02195649355
0.02195649355
0.02195649355
0.02195649355
0.02195649355
0.02195649355
0.02195649355
0.02195649355
0.02195649355
0.02195649355
0.02195649355
0.02195649355
0.02195649355
0.02195649355
0.02195649355
0.02195649355
0.02195649355
0.02195649355
0.02195649355
0.02195649355
0.02195649355
0.02195649355
0.02195649355
0.02195649355
0.02195649355
0.02195649355
0.02195649355
0.02195649355
0.02195649355
0.02195649355
0.02195649355
0.02195649355
0.02195649355
0.02195649355
0.02195649355
0.02195649355
0.02195649355
0.02195649355
0.02195649355
0.02195649355
0.02195649355
0.02195649355
0.02195649355
0.02195649355
0.02195649355
0.02195649355
0.02195649355
0.02195649355
0.02195649355
0.02195649355
0.02195649355
0.02195649355
0.02195649355
0.02195649355
0.02195649355
0.02195649355
0.02195649355
0.02195649355
0.02195649355
0.02195649355
0.02195649355
0.02195649355
0.02195649355
0.02195649355
0.02195649355
0.02195649355
0.02195649355
0.02195649355
0.02195649355
0.02195649355
0.02195649355
0.02195649355
0.02195649355
0.02195649355
0.02195649355
0.02195649355
0.02195649355
0.02195649355
0.02195649355
0.02195649355
0.02195649355
0.02195649355
0.02195649355
0.02195649355
0.02195649355
0.02195649355
0.02195649355
0.02195649355
0.02195649355
0.02195649355
0.02195649355
0.02195649355
0.02195649355
0.02195649355
0.02195649355
0.02195649355
0.02195649355
0.02195649355
0.02195649355
0.02195649355
0.02195649355
0.02195649355
0.02195649355
0.02195649355
0.02195649355
0.02195649355
0.02195649355
0.02195649355
0.02195649355
0.02195649355
0.02195649355
0.02195649355
0.02195649355
0.02195649355
0.2868847626
0.2866208043
0.2863492518
0.2859077717
0.2852983218
0.2845238595
0.283588259
0.2824963112
0.2812536252
0.2798664827
0.2783416703
0.2766863052
0.2749076608
0.2730130512
0.2710097223
0.2689045026
0.2667038021
0.2644135322
0.2620390342
0.2595850217
0.2570555375
0.254453917
0.2517827609
0.2490439115
0.2462384406
0.2433666507
0.2404281025
0.2374216812
0.2343457187
0.2311981894
0.2279769941
0.2246803471
0.2213072673
0.2178581706
0.2143355483
0.2107447106
0.2070945697
0.203398438
0.199674827
0.1959482351
0.1922499257
0.1886187112
0.1851017785
0.1817556228
0.1786471754
0.1758551504
0.1734713487
0.1716008968
0.1703577393
0.1698066253
0.1689533274
0.160651989
0.1181233847
0.02215205953
0.02195663667
0.02195649369
0.02195649355
0.02195649355
0.02195649355
0.02195649355
0.02195649355
0.02195649355
0.02195649355
0.02195649355
0.02195649355
0.02195649355
0.02195649355
0.02195649355
0.02195649355
0.02195649355
0.02195649355
0.02195649355
0.02195649355
0.02195649355
0.02195649355
0.02195649355
0.02195649355
0.02195649355
0.02195649355
0.02195649355
0.02195649355
0.02195649355
0.02195649355
0.02195649355
0.02195649355
0.02195649355
0.02195649355
0.02195649355
0.02195649355
0.02195649355
0.02195649355
0.02195649355
0.02195649355
0.02195649355
0.02195649355
0.02195649355
0.02195649355
0.02195649355
0.02195649355
0.02195649355
0.02195649355
0.02195649355
0.02195649355
0.02195649355
0.02195649355
0.02195649355
0.02195649355
0.02195649355
0.02195649355
0.02195649355
0.02195649355
0.02195649355
0.02195649355
0.02195649355
0.02195649355
0.02195649355
0.02195649355
0.02195649355
0.02195649355
0.02195649355
0.02195649355
0.02195649355
0.02195649355
0.02195649355
0.02195649355
0.02195649355
0.02195649355
0.02195649355
0.02195649355
0.02195649355
0.02195649355
0.02195649355
0.02195649355
0.02195649355
0.02195649355
0.02195649355
0.02195649355
0.02195649355
0.02195649355
0.02195649355
0.02195649355
0.02195649355
0.02195649355
0.02195649355
0.02195649355
0.02195649355
0.02195649355
0.02195649355
0.02195649355
0.02195649355
0.02195649355
0.02195649355
0.02195649355
0.02195649355
0.02195649355
0.02195649355
0.02195649355
0.02195649355
0.02195649355
0.02195649355
0.02195649355
0.02195649355
0.02195649355
0.02195649355
0.02195649355
0.02195649355
0.02195649355
0.02195649355
0.02195649355
0.02195649355
0.02195649355
0.02195649355
0.02195649355
0.02195649355
0.02195649355
0.02195649355
0.02195649355
0.02195649355
0.02195649355
0.02195649355
0.02195649355
0.02195649355
0.02195649355
0.02195649355
0.02195649355
0.02195649355
0.02195649355
0.02195649355
0.02195649355
0.02195649355
0.02195649355
0.02195649355
0.02195649355
0.02195649355
0.02195649355
0.02195649355
0.02195649355
0.02195649355
0.02195649355
0.02195649355
0.2866971252
0.2864308033
0.2861551598
0.2857079123
0.2850910156
0.284307431
0.2833610418
0.2822566535
0.2809998951
0.279597074
0.2780550087
0.2763808539
0.2745819252
0.2726656113
0.270639181
0.2685095042
0.2662830268
0.2639656865
0.2615628364
0.2590791858
0.2565187532
0.253884832
0.251179964
0.2484059235
0.2455637144
0.2426535882
0.2396750912
0.2366271555
0.2335082481
0.2303165926
0.2270504751
0.2237086422
0.2202907896
0.2167981338
0.2132340522
0.2096047743
0.2059201084
0.2021941942
0.1984462782
0.1947015136
0.1909917851
0.1873565514
0.1838436911
0.1805103298
0.1774235972
0.1746611657
0.1723111804
0.1704707589
0.1692410417
0.1686818427
0.1679149429
0.1601742893
0.1200425695
0.02216191409
0.02195664574
0.0219564937
0.02195649355
0.02195649355
0.02195649355
0.02195649355
0.02195649355
0.02195649355
0.02195649355
0.02195649355
0.02195649355
0.02195649355
0.02195649355
0.02195649355
0.02195649355
0.02195649355
0.02195649355
0.02195649355
0.02195649355
0.02195649355
0.02195649355
0.02195649355
0.02195649355
0.02195649355
0.02195649355
0.02195649355
0.02195649355
0.02195649355
0.02195649355
0.02195649355
0.02195649355
0.02195649355
0.02195649355
0.02195649355
0.02195649355
0.02195649355
0.02195649355
0.02195649355
0.02195649355
0.02195649355
0.02195649355
0.02195649355
0.02195649355
0.02195649355
0.02195649355
0.02195649355
0.02195649355
0.02195649355
0.02195649355
0.02195649355
0.02195649355
0.02195649355
0.02195649355
0.02195649355
0.02195649355
0.02195649355
0.02195649355
0.02195649355
0.02195649355
0.02195649355
0.02195649355
0.02195649355
0.02195649355
0.02195649355
0.02195649355
0.02195649355
0.02195649355
0.02195649355
0.02195649355
0.02195649355
0.02195649355
0.02195649355
0.02195649355
0.02195649355
0.02195649355
0.02195649355
0.02195649355
0.02195649355
0.02195649355
0.02195649355
0.02195649355
0.02195649355
0.02195649355
0.02195649355
0.02195649355
0.02195649355
0.02195649355
0.02195649355
0.02195649355
0.02195649355
0.02195649355
0.02195649355
0.02195649355
0.02195649355
0.02195649355
0.02195649355
0.02195649355
0.02195649355
0.02195649355
0.02195649355
0.02195649355
0.02195649355
0.02195649355
0.02195649355
0.02195649355
0.02195649355
0.02195649355
0.02195649355
0.02195649355
0.02195649355
0.02195649355
0.02195649355
0.02195649355
0.02195649355
0.02195649355
0.02195649355
0.02195649355
0.02195649355
0.02195649355
0.02195649355
0.02195649355
0.02195649355
0.02195649355
0.02195649355
0.02195649355
0.02195649355
0.02195649355
0.02195649355
0.02195649355
0.02195649355
0.02195649355
0.02195649355
0.02195649355
0.02195649355
0.02195649355
0.02195649355
0.02195649355
0.02195649355
0.02195649355
0.02195649355
0.02195649355
0.02195649355
0.02195649355
0.02195649355
0.02195649355
0.02195649355
0.2865137902
0.2862449864
0.2859651964
0.2855120925
0.28488763
0.2840947768
0.283137428
0.2820204063
0.2807493635
0.2793306354
0.2777710747
0.2760778751
0.2742583953
0.2723200987
0.2702702736
0.2681158268
0.2658632352
0.2635184555
0.2610868446
0.2585730975
0.2559812002
0.2533143955
0.2505751613
0.2477652031
0.2448854638
0.2419361589
0.2389168467
0.2358265453
0.2326639089
0.2294274757
0.2261159941
0.222728829
0.2192664439
0.2157309476
0.2121266903
0.2084608969
0.2047443308
0.2009919913
0.1972238575
0.1934656879
0.1897498731
0.1861163113
0.1826132366
0.1792978865
0.1762368439
0.1735058155
0.1711885124
0.1693742645
0.1681539556
0.16758492
0.1668814676
0.1595584834
0.1211099821
0.02216812928
0.02195665202
0.02195649371
0.02195649355
0.02195649355
0.02195649355
0.02195649355
0.02195649355
0.02195649355
0.02195649355
0.02195649355
0.02195649355
0.02195649355
0.02195649355
0.02195649355
0.02195649355
0.02195649355
0.02195649355
0.02195649355
0.02195649355
0.02195649355
0.02195649355
0.02195649355
0.02195649355
0.02195649355
0.02195649355
0.02195649355
0.02195649355
0.02195649355
0.02195649355
0.02195649355
0.02195649355
0.02195649355
0.02195649355
0.02195649355
0.02195649355
0.02195649355
0.02195649355
0.02195649355
0.02195649355
0.02195649355
0.02195649355
0.02195649355
0.02195649355
0.02195649355
0.02195649355
0.02195649355
0.02195649355
0.02195649355
0.02195649355
0.02195649355
0.02195649355
0.02195649355
0.02195649355
0.02195649355
0.02195649355
0.02195649355
0.02195649355
0.02195649355
0.02195649355
0.02195649355
0.02195649355
0.02195649355
0.02195649355
0.02195649355
0.02195649355
0.02195649355
0.02195649355
0.02195649355
0.02195649355
0.02195649355
0.02195649355
0.02195649355
0.02195649355
0.02195649355
0.02195649355
0.02195649355
0.02195649355
0.02195649355
0.02195649355
0.02195649355
0.02195649355
0.02195649355
0.02195649355
0.02195649355
0.02195649355
0.02195649355
0.02195649355
0.02195649355
0.02195649355
0.02195649355
0.02195649355
0.02195649355
0.02195649355
0.02195649355
0.02195649355
0.02195649355
0.02195649355
0.02195649355
0.02195649355
0.02195649355
0.02195649355
0.02195649355
0.02195649355
0.02195649355
0.02195649355
0.02195649355
0.02195649355
0.02195649355
0.02195649355
0.02195649355
0.02195649355
0.02195649355
0.02195649355
0.02195649355
0.02195649355
0.02195649355
0.02195649355
0.02195649355
0.02195649355
0.02195649355
0.02195649355
0.02195649355
0.02195649355
0.02195649355
0.02195649355
0.02195649355
0.02195649355
0.02195649355
0.02195649355
0.02195649355
0.02195649355
0.02195649355
0.02195649355
0.02195649355
0.02195649355
0.02195649355
0.02195649355
0.02195649355
0.02195649355
0.02195649355
0.02195649355
0.02195649355
0.02195649355
0.02195649355
0.02195649355
0.02195649355
0.2863351718
0.2860637599
0.2857797539
0.2853206818
0.2846885026
0.2838861938
0.2829176652
0.2817877593
0.2805021536
0.2790672155
0.2774898341
0.2757772444
0.2739368489
0.2719761871
0.2699025642
0.2677229212
0.2654437625
0.2630710591
0.2606101658
0.2580657581
0.255441784
0.252741433
0.24996712
0.2471204875
0.2442024303
0.2412131501
0.2381522492
0.2350188742
0.2318119205
0.2285303039
0.2251733043
0.2217409776
0.2182346274
0.214657321
0.2110144387
0.2073142448
0.2035684851
0.1997930254
0.1960085547
0.1922413716
0.188524245
0.1848972914
0.181408749
0.1781154595
0.1750828237
0.1723839894
0.1700981173
0.1683078626
0.1670968724
0.1665225087
0.1658697524
0.1588416164
0.1214689597
0.02217122611
0.02195665588
0.02195649371
0.02195649355
0.02195649355
0.02195649355
0.02195649355
0.02195649355
0.02195649355
0.02195649355
0.02195649355
0.02195649355
0.02195649355
0.02195649355
0.02195649355
0.02195649355
0.02195649355
0.02195649355
0.02195649355
0.02195649355
0.02195649355
0.02195649355
0.02195649355
0.02195649355
0.02195649355
0.02195649355
0.02195649355
0.02195649355
0.02195649355
0.02195649355
0.02195649355
0.02195649355
0.02195649355
0.02195649355
0.02195649355
0.02195649355
0.02195649355
0.02195649355
0.02195649355
0.02195649355
0.02195649355
0.02195649355
0.02195649355
0.02195649355
0.02195649355
0.02195649355
0.02195649355
0.02195649355
0.02195649355
0.02195649355
0.02195649355
0.02195649355
0.02195649355
0.02195649355
0.02195649355
0.02195649355
0.02195649355
0.02195649355
0.02195649355
0.02195649355
0.02195649355
0.02195649355
0.02195649355
0.02195649355
0.02195649355
0.02195649355
0.02195649355
0.02195649355
0.02195649355
0.02195649355
0.02195649355
0.02195649355
0.02195649355
0.02195649355
0.02195649355
0.02195649355
0.02195649355
0.02195649355
0.02195649355
0.02195649355
0.02195649355
0.02195649355
0.02195649355
0.02195649355
0.02195649355
0.02195649355
0.02195649355
0.02195649355
0.02195649355
0.02195649355
0.02195649355
0.02195649355
0.02195649355
0.02195649355
0.02195649355
0.02195649355
0.02195649355
0.02195649355
0.02195649355
0.02195649355
0.02195649355
0.02195649355
0.02195649355
0.02195649355
0.02195649355
0.02195649355
0.02195649355
0.02195649355
0.02195649355
0.02195649355
0.02195649355
0.02195649355
0.02195649355
0.02195649355
0.02195649355
0.02195649355
0.02195649355
0.02195649355
0.02195649355
0.02195649355
0.02195649355
0.02195649355
0.02195649355
0.02195649355
0.02195649355
0.02195649355
0.02195649355
0.02195649355
0.02195649355
0.02195649355
0.02195649355
0.02195649355
0.02195649355
0.02195649355
0.02195649355
0.02195649355
0.02195649355
0.02195649355
0.02195649355
0.02195649355
0.02195649355
0.02195649355
0.02195649355
0.02195649355
0.02195649355
0.02195649355
0.02195649355
0.2861616438
0.2858874892
0.2855991828
0.285134008
0.2844939314
0.2836819422
0.2827019675
0.2815588727
0.2802583639
0.2788068425
0.277211237
0.2754788256
0.2736170563
0.2716335462
0.2695356163
0.2673302411
0.2650239504
0.2626227271
0.2601319222
0.2575561898
0.2548994404
0.2521648133
0.2493546675
0.2464705957
0.2435134647
0.2404834903
0.2373803558
0.234203382
0.230951757
0.2276248305
0.2242224713
0.2207454805
0.2171960477
0.2135782349
0.2098984752
0.206166082
0.2023937805
0.1985982864
0.1948009648
0.1910285915
0.1873141998
0.1836979312
0.1802277257
0.1769596196
0.1739573933
0.1712913927
0.1690365911
0.167270452
0.1660721367
0.1655006761
0.1648909439
0.1580469991
0.1212146991
0.02217161492
0.02195665762
0.02195649372
0.02195649355
0.02195649355
0.02195649355
0.02195649355
0.02195649355
0.02195649355
0.02195649355
0.02195649355
0.02195649355
0.02195649355
0.02195649355
0.02195649355
0.02195649355
0.02195649355
0.02195649355
0.02195649355
0.02195649355
0.02195649355
0.02195649355
0.02195649355
0.02195649355
0.02195649355
0.02195649355
0.02195649355
0.02195649355
0.02195649355
0.02195649355
0.02195649355
0.02195649355
0.02195649355
0.02195649355
0.02195649355
0.02195649355
0.02195649355
0.02195649355
0.02195649355
0.02195649355
0.02195649355
0.02195649355
0.02195649355
0.02195649355
0.02195649355
0.02195649355
0.02195649355
0.02195649355
0.02195649355
0.02195649355
0.02195649355
0.02195649355
0.02195649355
0.02195649355
0.02195649355
0.02195649355
0.02195649355
0.02195649355
0.02195649355
0.02195649355
0.02195649355
0.02195649355
0.02195649355
0.02195649355
0.02195649355
0.02195649355
0.02195649355
0.02195649355
0.02195649355
0.02195649355
0.02195649355
0.02195649355
0.02195649355
0.02195649355
0.02195649355
0.02195649355
0.02195649355
0.02195649355
0.02195649355
0.02195649355
0.02195649355
0.02195649355
0.02195649355
0.02195649355
0.02195649355
0.02195649355
0.02195649355
0.02195649355
0.02195649355
0.02195649355
0.02195649355
0.02195649355
0.02195649355
0.02195649355
0.02195649355
0.02195649355
0.02195649355
0.02195649355
0.02195649355
0.02195649355
0.02195649355
0.02195649355
0.02195649355
0.02195649355
0.02195649355
0.02195649355
0.02195649355
0.02195649355
0.02195649355
0.02195649355
0.02195649355
0.02195649355
0.02195649355
0.02195649355
0.02195649355
0.02195649355
0.02195649355
0.02195649355
0.02195649355
0.02195649355
0.02195649355
0.02195649355
0.02195649355
0.02195649355
0.02195649355
0.02195649355
0.02195649355
0.02195649355
0.02195649355
0.02195649355
0.02195649355
0.02195649355
0.02195649355
0.02195649355
0.02195649355
0.02195649355
0.02195649355
0.02195649355
0.02195649355
0.02195649355
0.02195649355
0.02195649355
0.02195649355
0.02195649355
0.02195649355
0.02195649355
0.02195649355
0.2859934839
0.285716455
0.2854237508
0.2849523193
0.2843041376
0.2834822094
0.2824904814
0.2813338447
0.2800180365
0.2785494952
0.2769351912
0.2751824474
0.2732987691
0.271291837
0.2691689968
0.2669372566
0.2646031717
0.2621727377
0.2596513029
0.257043503
0.2543532164
0.2515835409
0.2487367934
0.2458145357
0.2428176326
0.2397463471
0.2366004824
0.2333795775
0.2300831605
0.2267110615
0.2232637798
0.2197428942
0.2161515012
0.2124946638
0.2087798613
0.205017439
0.2012210778
0.1974083157
0.1936011618
0.1898268224
0.1861185135
0.1825162578
0.1790674759
0.1758271204
0.1728571199
0.1702250529
0.1680023243
0.1662626834
0.1650828778
0.1645241989
0.1639515004
0.1571878681
0.1204069778
0.02216960651
0.02195665749
0.02195649372
0.02195649355
0.02195649355
0.02195649355
0.02195649355
0.02195649355
0.02195649355
0.02195649355
0.02195649355
0.02195649355
0.02195649355
0.02195649355
0.02195649355
0.02195649355
0.02195649355
0.02195649355
0.02195649355
0.02195649355
0.02195649355
0.02195649355
0.02195649355
0.02195649355
0.02195649355
0.02195649355
0.02195649355
0.02195649355
0.02195649355
0.02195649355
0.02195649355
0.02195649355
0.02195649355
0.02195649355
0.02195649355
0.02195649355
0.02195649355
0.02195649355
0.02195649355
0.02195649355
0.02195649355
0.02195649355
0.02195649355
0.02195649355
0.02195649355
0.02195649355
0.02195649355
0.02195649355
0.02195649355
0.02195649355
0.02195649355
0.02195649355
0.02195649355
0.02195649355
0.02195649355
0.02195649355
0.02195649355
0.02195649355
0.02195649355
0.02195649355
0.02195649355
0.02195649355
0.02195649355
0.02195649355
0.02195649355
0.02195649355
0.02195649355
0.02195649355
0.02195649355
0.02195649355
0.02195649355
0.02195649355
0.02195649355
0.02195649355
0.02195649355
0.02195649355
0.02195649355
0.02195649355
0.02195649355
0.02195649355
0.02195649355
0.02195649355
0.02195649355
0.02195649355
0.02195649355
0.02195649355
0.02195649355
0.02195649355
0.02195649355
0.02195649355
0.02195649355
0.02195649355
0.02195649355
0.02195649355
0.02195649355
0.02195649355
0.02195649355
0.02195649355
0.02195649355
0.02195649355
0.02195649355
0.02195649355
0.02195649355
0.02195649355
0.02195649355
0.02195649355
0.02195649355
0.02195649355
0.02195649355
0.02195649355
0.02195649355
0.02195649355
0.02195649355
0.02195649355
0.02195649355
0.02195649355
0.02195649355
0.02195649355
0.02195649355
0.02195649355
0.02195649355
0.02195649355
0.02195649355
0.02195649355
0.02195649355
0.02195649355
0.02195649355
0.02195649355
0.02195649355
0.02195649355
0.02195649355
0.02195649355
0.02195649355
0.02195649355
0.02195649355
0.02195649355
0.02195649355
0.02195649355
0.02195649355
0.02195649355
0.02195649355
0.02195649355
0.02195649355
0.02195649355
0.02195649355
0.02195649355
0.02195649355
0.2858308402
0.2855508178
0.2852536089
0.2847757511
0.2841192351
0.2832870815
0.2822832592
0.2811126873
0.2797811374
0.2782950875
0.2766615522
0.2748879016
0.2729817181
0.2709507189
0.268802291
0.2665434787
0.2641808652
0.2617204612
0.2591676173
0.2565269575
0.2538023375
0.2509968272
0.2481127196
0.2451515697
0.242114269
0.2390011622
0.2358122116
0.2325472148
0.2292060797
0.2257891518
0.2222975871
0.2187337561
0.2151016617
0.2114073532
0.2076593297
0.2038689358
0.2000507757
0.1962231836
0.1924087906
0.1886352078
0.184935787
0.1813503437
0.1779256415
0.1747153984
0.1717796298
0.1691833549
0.1669950796
0.1652862634
0.164132182
0.1635962766
0.1630541085
0.1562699165
0.1190781585
0.02216542792
0.02195665569
0.02195649372
0.02195649355
0.02195649355
0.02195649355
0.02195649355
0.02195649355
0.02195649355
0.02195649355
0.02195649355
0.02195649355
0.02195649355
0.02195649355
0.02195649355
0.02195649355
0.02195649355
0.02195649355
0.02195649355
0.02195649355
0.02195649355
0.02195649355
0.02195649355
0.02195649355
0.02195649355
0.02195649355
0.02195649355
0.02195649355
0.02195649355
0.02195649355
0.02195649355
0.02195649355
0.02195649355
0.02195649355
0.02195649355
0.02195649355
0.02195649355
0.02195649355
0.02195649355
0.02195649355
0.02195649355
0.02195649355
0.02195649355
0.02195649355
0.02195649355
0.02195649355
0.02195649355
0.02195649355
0.02195649355
0.02195649355
0.02195649355
0.02195649355
0.02195649355
0.02195649355
0.02195649355
0.02195649355
0.02195649355
0.02195649355
0.02195649355
0.02195649355
0.02195649355
0.02195649355
0.02195649355
0.02195649355
0.02195649355
0.02195649355
0.02195649355
0.02195649355
0.02195649355
0.02195649355
0.02195649355
0.02195649355
0.02195649355
0.02195649355
0.02195649355
0.02195649355
0.02195649355
0.02195649355
0.02195649355
0.02195649355
0.02195649355
0.02195649355
0.02195649355
0.02195649355
0.02195649355
0.02195649355
0.02195649355
0.02195649355
0.02195649355
0.02195649355
0.02195649355
0.02195649355
0.02195649355
0.02195649355
0.02195649355
0.02195649355
0.02195649355
0.02195649355
0.02195649355
0.02195649355
0.02195649355
0.02195649355
0.02195649355
0.02195649355
0.02195649355
0.02195649355
0.02195649355
0.02195649355
0.02195649355
0.02195649355
0.02195649355
0.02195649355
0.02195649355
0.02195649355
0.02195649355
0.02195649355
0.02195649355
0.02195649355
0.02195649355
0.02195649355
0.02195649355
0.02195649355
0.02195649355
0.02195649355
0.02195649355
0.02195649355
0.02195649355
0.02195649355
0.02195649355
0.02195649355
0.02195649355
0.02195649355
0.02195649355
0.02195649355
0.02195649355
0.02195649355
0.02195649355
0.02195649355
0.02195649355
0.02195649355
0.02195649355
0.02195649355
0.02195649355
0.02195649355
0.02195649355
0.02195649355
0.02195649355
0.2856737327
0.2853906091
0.2850887792
0.2846043127
0.2839392166
0.2830965305
0.2820802482
0.2808953193
0.2795475527
0.2780434693
0.2763901313
0.2745949601
0.272665622
0.2706098667
0.268435128
0.266148491
0.263756571
0.2612653998
0.2586803366
0.2560060032
0.2532462456
0.2504041223
0.247481923
0.2444812217
0.2414029674
0.2382476202
0.2350153374
0.2317062118
0.2283205629
0.2248592767
0.2213241802
0.2177184366
0.2140469415
0.2103167044
0.2065372094
0.2027207639
0.1988828643
0.1950426198
0.191223274
0.1874528358
0.1837647739
0.1801986529
0.1768005147
0.1736227969
0.1707236659
0.1681658827
0.1660156881
0.1643431321
0.1632225341
0.1627185042
0.1621984512
0.1552930315
0.1172380376
0.02215923804
0.02195665234
0.02195649371
0.02195649355
0.02195649355
0.02195649355
0.02195649355
0.02195649355
0.02195649355
0.02195649355
0.02195649355
0.02195649355
0.02195649355
0.02195649355
0.02195649355
0.02195649355
0.02195649355
0.02195649355
0.02195649355
0.02195649355
0.02195649355
0.02195649355
0.02195649355
0.02195649355
0.02195649355
0.02195649355
0.02195649355
0.02195649355
0.02195649355
0.02195649355
0.02195649355
0.02195649355
0.02195649355
0.02195649355
0.02195649355
0.02195649355
0.02195649355
0.02195649355
0.02195649355
0.02195649355
0.02195649355
0.02195649355
0.02195649355
0.02195649355
0.02195649355
0.02195649355
0.02195649355
0.02195649355
0.02195649355
0.02195649355
0.02195649355
0.02195649355
0.02195649355
0.02195649355
0.02195649355
0.02195649355
0.02195649355
0.02195649355
0.02195649355
0.02195649355
0.02195649355
0.02195649355
0.02195649355
0.02195649355
0.02195649355
0.02195649355
0.02195649355
0.02195649355
0.02195649355
0.02195649355
0.02195649355
0.02195649355
0.02195649355
0.02195649355
0.02195649355
0.02195649355
0.02195649355
0.02195649355
0.02195649355
0.02195649355
0.02195649355
0.02195649355
0.02195649355
0.02195649355
0.02195649355
0.02195649355
0.02195649355
0.02195649355
0.02195649355
0.02195649355
0.02195649355
0.02195649355
0.02195649355
0.02195649355
0.02195649355
0.02195649355
0.02195649355
0.02195649355
0.02195649355
0.02195649355
0.02195649355
0.02195649355
0.02195649355
0.02195649355
0.02195649355
0.02195649355
0.02195649355
0.02195649355
0.02195649355
0.02195649355
0.02195649355
0.02195649355
0.02195649355
0.02195649355
0.02195649355
0.02195649355
0.02195649355
0.02195649355
0.02195649355
0.02195649355
0.02195649355
0.02195649355
0.02195649355
0.02195649355
0.02195649355
0.02195649355
0.02195649355
0.02195649355
0.02195649355
0.02195649355
0.02195649355
0.02195649355
0.02195649355
0.02195649355
0.02195649355
0.02195649355
0.02195649355
0.02195649355
0.02195649355
0.02195649355
0.02195649355
0.02195649355
0.02195649355
0.02195649355
0.02195649355
0.02195649355
0.02195649355
0.2855220307
0.2852357182
0.2849291461
0.2844378821
0.2837639516
0.2829104158
0.2818812951
0.2806815732
0.2793170988
0.2777944394
0.2761207086
0.2743033831
0.2723502183
0.2702689975
0.2680672053
0.2657519731
0.2633299535
0.260807206
0.2581891072
0.2554802875
0.2526845971
0.2498051007
0.2468441072
0.2438032351
0.2406835207
0.2374855723
0.2342097752
0.2308565483
0.2274266502
0.2239215255
0.22034368
0.2166970643
0.2129874489
0.2092227748
0.2054134764
0.2015727902
0.1977170789
0.1938662122
0.1900440428
0.1862789795
0.1826046067
0.1790602269
0.1756911513
0.1725485691
0.1696889382
0.1671730764
0.1650654466
0.163435139
0.1623555637
0.1618910017
0.161381824
0.1542524753
0.1148763313
0.02215114137
0.02195664754
0.02195649371
0.02195649355
0.02195649355
0.02195649355
0.02195649355
0.02195649355
0.02195649355
0.02195649355
0.02195649355
0.02195649355
0.02195649355
0.02195649355
0.02195649355
0.02195649355
0.02195649355
0.02195649355
0.02195649355
0.02195649355
0.02195649355
0.02195649355
0.02195649355
0.02195649355
0.02195649355
0.02195649355
0.02195649355
0.02195649355
0.02195649355
0.02195649355
0.02195649355
0.02195649355
0.02195649355
0.02195649355
0.02195649355
0.02195649355
0.02195649355
0.02195649355
0.02195649355
0.02195649355
0.02195649355
0.02195649355
0.02195649355
0.02195649355
0.02195649355
0.02195649355
0.02195649355
0.02195649355
0.02195649355
0.02195649355
0.02195649355
0.02195649355
0.02195649355
0.02195649355
0.02195649355
0.02195649355
0.02195649355
0.02195649355
0.02195649355
0.02195649355
0.02195649355
0.02195649355
0.02195649355
0.02195649355
0.02195649355
0.02195649355
0.02195649355
0.02195649355
0.02195649355
0.02195649355
0.02195649355
0.02195649355
0.02195649355
0.02195649355
0.02195649355
0.02195649355
0.02195649355
0.02195649355
0.02195649355
0.02195649355
0.02195649355
0.02195649355
0.02195649355
0.02195649355
0.02195649355
0.02195649355
0.02195649355
0.02195649355
0.02195649355
0.02195649355
0.02195649355
0.02195649355
0.02195649355
0.02195649355
0.02195649355
0.02195649355
0.02195649355
0.02195649355
0.02195649355
0.02195649355
0.02195649355
0.02195649355
0.02195649355
0.02195649355
0.02195649355
0.02195649355
0.02195649355
0.02195649355
0.02195649355
0.02195649355
0.02195649355
0.02195649355
0.02195649355
0.02195649355
0.02195649355
0.02195649355
0.02195649355
0.02195649355
0.02195649355
0.02195649355
0.02195649355
0.02195649355
0.02195649355
0.02195649355
0.02195649355
0.02195649355
0.02195649355
0.02195649355
0.02195649355
0.02195649355
0.02195649355
0.02195649355
0.02195649355
0.02195649355
0.02195649355
0.02195649355
0.02195649355
0.02195649355
0.02195649355
0.02195649355
0.02195649355
0.02195649355
0.02195649355
0.02195649355
0.02195649355
0.02195649355
0.02195649355
0.2853754619
0.2850858986
0.2847744645
0.2842762158
0.2835931984
0.282728497
0.2816861614
0.2804712118
0.2790895404
0.2775477644
0.2758530526
0.2740129407
0.2720352789
0.2699278861
0.2676983016
0.2653537081
0.2629008016
0.2603456763
0.2576937348
0.2549496277
0.2521172232
0.2491996105
0.2461991389
0.2431174972
0.2399558372
0.2367149461
0.2333954683
0.2299981781
0.2265242966
0.2229758441
0.2193560113
0.2156695314
0.2119230333
0.2081253646
0.2042878812
0.2004247198
0.1965530865
0.1926935994
0.1888707172
0.1851132508
0.1814549048
0.1779347294
0.1745973339
0.1714927382
0.1686758576
0.1662058229
0.1641458495
0.1625637526
0.1615319655
0.161112616
0.1605996135
0.1531396418
0.1119632073
0.02214119994
0.02195664135
0.02195649371
0.02195649355
0.02195649355
0.02195649355
0.02195649355
0.02195649355
0.02195649355
0.02195649355
0.02195649355
0.02195649355
0.02195649355
0.02195649355
0.02195649355
0.02195649355
0.02195649355
0.02195649355
0.02195649355
0.02195649355
0.02195649355
0.02195649355
0.02195649355
0.02195649355
0.02195649355
0.02195649355
0.02195649355
0.02195649355
0.02195649355
0.02195649355
0.02195649355
0.02195649355
0.02195649355
0.02195649355
0.02195649355
0.02195649355
0.02195649355
0.02195649355
0.02195649355
0.02195649355
0.02195649355
0.02195649355
0.02195649355
0.02195649355
0.02195649355
0.02195649355
0.02195649355
0.02195649355
0.02195649355
0.02195649355
0.02195649355
0.02195649355
0.02195649355
0.02195649355
0.02195649355
0.02195649355
0.02195649355
0.02195649355
0.02195649355
0.02195649355
0.02195649355
0.02195649355
0.02195649355
0.02195649355
0.02195649355
0.02195649355
0.02195649355
0.02195649355
0.02195649355
0.02195649355
0.02195649355
0.02195649355
0.02195649355
0.02195649355
0.02195649355
0.02195649355
0.02195649355
0.02195649355
0.02195649355
0.02195649355
0.02195649355
0.02195649355
0.02195649355
0.02195649355
0.02195649355
0.02195649355
0.02195649355
0.02195649355
0.02195649355
0.02195649355
0.02195649355
0.02195649355
0.02195649355
0.02195649355
0.02195649355
0.02195649355
0.02195649355
0.02195649355
0.02195649355
0.02195649355
0.02195649355
0.02195649355
0.02195649355
0.02195649355
0.02195649355
0.02195649355
0.02195649355
0.02195649355
0.02195649355
0.02195649355
0.02195649355
0.02195649355
0.02195649355
0.02195649355
0.02195649355
0.02195649355
0.02195649355
0.02195649355
0.02195649355
0.02195649355
0.02195649355
0.02195649355
0.02195649355
0.02195649355
0.02195649355
0.02195649355
0.02195649355
0.02195649355
0.02195649355
0.02195649355
0.02195649355
0.02195649355
0.02195649355
0.02195649355
0.02195649355
0.02195649355
0.02195649355
0.02195649355
0.02195649355
0.02195649355
0.02195649355
0.02195649355
0.02195649355
0.02195649355
0.02195649355
0.02195649355
0.02195649355
0.2852336695
0.2849408106
0.2846243974
0.2841189827
0.2834266349
0.2825504637
0.2814945506
0.2802639544
0.2788646139
0.2773031993
0.2755869378
0.2737234276
0.2717206188
0.2695863675
0.2673282718
0.2649535701
0.2624690072
0.2598807185
0.2571941413
0.2544139568
0.2515440658
0.2485875989
0.2455469667
0.242423953
0.2392198534
0.2359356636
0.2325723179
0.2291309746
0.2256133424
0.2220220348
0.2183609369
0.2146355633
0.210853391
0.2070241551
0.2031601087
0.1992762645
0.1953906507
0.1915246169
0.1877032174
0.1839556625
0.180315781
0.1768223907
0.1735194515
0.1704559198
0.1676853381
0.1652653627
0.1632581269
0.1617298618
0.1607515216
0.1603811464
0.1598456562
0.1519424892
0.1084480181
0.02212944435
0.0219566338
0.0219564937
0.02195649355
0.02195649355
0.02195649355
0.02195649355
0.02195649355
0.02195649355
0.02195649355
0.02195649355
0.02195649355
0.02195649355
0.02195649355
0.02195649355
0.02195649355
0.02195649355
0.02195649355
0.02195649355
0.02195649355
0.02195649355
0.02195649355
0.02195649355
0.02195649355
0.02195649355
0.02195649355
0.02195649355
0.02195649355
0.02195649355
0.02195649355
0.02195649355
0.02195649355
0.02195649355
0.02195649355
0.02195649355
0.02195649355
0.02195649355
0.02195649355
0.02195649355
0.02195649355
0.02195649355
0.02195649355
0.02195649355
0.02195649355
0.02195649355
0.02195649355
0.02195649355
0.02195649355
0.02195649355
0.02195649355
0.02195649355
0.02195649355
0.02195649355
0.02195649355
0.02195649355
0.02195649355
0.02195649355
0.02195649355
0.02195649355
0.02195649355
0.02195649355
0.02195649355
0.02195649355
0.02195649355
0.02195649355
0.02195649355
0.02195649355
0.02195649355
0.02195649355
0.02195649355
0.02195649355
0.02195649355
0.02195649355
0.02195649355
0.02195649355
0.02195649355
0.02195649355
0.02195649355
0.02195649355
0.02195649355
0.02195649355
0.02195649355
0.02195649355
0.02195649355
0.02195649355
0.02195649355
0.02195649355
0.02195649355
0.02195649355
0.02195649355
0.02195649355
0.02195649355
0.02195649355
0.02195649355
0.02195649355
0.02195649355
0.02195649355
0.02195649355
0.02195649355
0.02195649355
0.02195649355
0.02195649355
0.02195649355
0.02195649355
0.02195649355
0.02195649355
0.02195649355
0.02195649355
0.02195649355
0.02195649355
0.02195649355
0.02195649355
0.02195649355
0.02195649355
0.02195649355
0.02195649355
0.02195649355
0.02195649355
0.02195649355
0.02195649355
0.02195649355
0.02195649355
0.02195649355
0.02195649355
0.02195649355
0.02195649355
0.02195649355
0.02195649355
0.02195649355
0.02195649355
0.02195649355
0.02195649355
0.02195649355
0.02195649355
0.02195649355
0.02195649355
0.02195649355
0.02195649355
0.02195649355
0.02195649355
0.02195649355
0.02195649355
0.02195649355
0.02195649355
0.02195649355
0.02195649355
0.02195649355
0.2850962218
0.2848000463
0.2844785458
0.2839657971
0.2832638922
0.2823759674
0.2813061372
0.2800595017
0.2786420485
0.2770605031
0.275322154
0.2734346642
0.2714060887
0.2692443215
0.2669570223
0.2645514891
0.2620345202
0.2594122978
0.2566903018
0.2538732545
0.2509651021
0.2479690338
0.2448875428
0.2417225324
0.23847547
0.2351475911
0.2317401512
0.2282547236
0.2246935317
0.2210598045
0.2173581352
0.2135948246
0.2097781932
0.2059188498
0.2020299245
0.1981272818
0.1942297462
0.1903593757
0.1865418003
0.1828066162
0.1791877777
0.175723895
0.1724583416
0.1694391205
0.1667185445
0.1643529197
0.1624032259
0.1609337327
0.1600131974
0.159693565
0.1591124948
0.1506456934
0.104255926
0.02211588494
0.02195662489
0.02195649369
0.02195649355
0.02195649355
0.02195649355
0.02195649355
0.02195649355
0.02195649355
0.02195649355
0.02195649355
0.02195649355
0.02195649355
0.02195649355
0.02195649355
0.02195649355
0.02195649355
0.02195649355
0.02195649355
0.02195649355
0.02195649355
0.02195649355
0.02195649355
0.02195649355
0.02195649355
0.02195649355
0.02195649355
0.02195649355
0.02195649355
0.02195649355
0.02195649355
0.02195649355
0.02195649355
0.02195649355
0.02195649355
0.02195649355
0.02195649355
0.02195649355
0.02195649355
0.02195649355
0.02195649355
0.02195649355
0.02195649355
0.02195649355
0.02195649355
0.02195649355
0.02195649355
0.02195649355
0.02195649355
0.02195649355
0.02195649355
0.02195649355
0.02195649355
0.02195649355
0.02195649355
0.02195649355
0.02195649355
0.02195649355
0.02195649355
0.02195649355
0.02195649355
0.02195649355
0.02195649355
0.02195649355
0.02195649355
0.02195649355
0.02195649355
0.02195649355
0.02195649355
0.02195649355
0.02195649355
0.02195649355
0.02195649355
0.02195649355
0.02195649355
0.02195649355
0.02195649355
0.02195649355
0.02195649355
0.02195649355
0.02195649355
0.02195649355
0.02195649355
0.02195649355
0.02195649355
0.02195649355
0.02195649355
0.02195649355
0.02195649355
0.02195649355
0.02195649355
0.02195649355
0.02195649355
0.02195649355
0.02195649355
0.02195649355
0.02195649355
0.02195649355
0.02195649355
0.02195649355
0.02195649355
0.02195649355
0.02195649355
0.02195649355
0.02195649355
0.02195649355
0.02195649355
0.02195649355
0.02195649355
0.02195649355
0.02195649355
0.02195649355
0.02195649355
0.02195649355
0.02195649355
0.02195649355
0.02195649355
0.02195649355
0.02195649355
0.02195649355
0.02195649355
0.02195649355
0.02195649355
0.02195649355
0.02195649355
0.02195649355
0.02195649355
0.02195649355
0.02195649355
0.02195649355
0.02195649355
0.02195649355
0.02195649355
0.02195649355
0.02195649355
0.02195649355
0.02195649355
0.02195649355
0.02195649355
0.02195649355
0.02195649355
0.02195649355
0.02195649355
0.02195649355
0.02195649355
0.02195649355
0.02195649355
0.2849626932
0.2846631892
0.2843365013
0.2838162642
0.2831045942
0.2822046548
0.281120595
0.2798575573
0.2784215794
0.2768194438
0.2750585012
0.2731464892
0.2710915574
0.268901645
0.2665844749
0.2641474071
0.2615972968
0.2589403786
0.2561821818
0.25332748
0.2503802782
0.2473438414
0.2442207668
0.241013103
0.2377225194
0.2343505235
0.2308987266
0.2273691508
0.2237645659
0.2200888418
0.2163472986
0.2125470332
0.2086972079
0.2048092953
0.2008972829
0.1969778598
0.1930706159
0.1891982839
0.1853870397
0.1816668437
0.1780717709
0.1746402482
0.1714151224
0.1684435318
0.1657766372
0.1634696288
0.1615817256
0.1601750279
0.1593152738
0.1590462195
0.1583915478
0.1492305363
0.09928188598
0.02210052559
0.02195661461
0.02195649368
0.02195649355
0.02195649355
0.02195649355
0.02195649355
0.02195649355
0.02195649355
0.02195649355
0.02195649355
0.02195649355
0.02195649355
0.02195649355
0.02195649355
0.02195649355
0.02195649355
0.02195649355
0.02195649355
0.02195649355
0.02195649355
0.02195649355
0.02195649355
0.02195649355
0.02195649355
0.02195649355
0.02195649355
0.02195649355
0.02195649355
0.02195649355
0.02195649355
0.02195649355
0.02195649355
0.02195649355
0.02195649355
0.02195649355
0.02195649355
0.02195649355
0.02195649355
0.02195649355
0.02195649355
0.02195649355
0.02195649355
0.02195649355
0.02195649355
0.02195649355
0.02195649355
0.02195649355
0.02195649355
0.02195649355
0.02195649355
0.02195649355
0.02195649355
0.02195649355
0.02195649355
0.02195649355
0.02195649355
0.02195649355
0.02195649355
0.02195649355
0.02195649355
0.02195649355
0.02195649355
0.02195649355
0.02195649355
0.02195649355
0.02195649355
0.02195649355
0.02195649355
0.02195649355
0.02195649355
0.02195649355
0.02195649355
0.02195649355
0.02195649355
0.02195649355
0.02195649355
0.02195649355
0.02195649355
0.02195649355
0.02195649355
0.02195649355
0.02195649355
0.02195649355
0.02195649355
0.02195649355
0.02195649355
0.02195649355
0.02195649355
0.02195649355
0.02195649355
0.02195649355
0.02195649355
0.02195649355
0.02195649355
0.02195649355
0.02195649355
0.02195649355
0.02195649355
0.02195649355
0.02195649355
0.02195649355
0.02195649355
0.02195649355
0.02195649355
0.02195649355
0.02195649355
0.02195649355
0.02195649355
0.02195649355
0.02195649355
0.02195649355
0.02195649355
0.02195649355
0.02195649355
0.02195649355
0.02195649355
0.02195649355
0.02195649355
0.02195649355
0.02195649355
0.02195649355
0.02195649355
0.02195649355
0.02195649355
0.02195649355
0.02195649355
0.02195649355
0.02195649355
0.02195649355
0.02195649355
0.02195649355
0.02195649355
0.02195649355
0.02195649355
0.02195649355
0.02195649355
0.02195649355
0.02195649355
0.02195649355
0.02195649355
0.02195649355
0.02195649355
0.02195649355
0.02195649355
0.02195649355
0.02195649355
0.2848326866
0.2845298484
0.2841978816
0.2836700149
0.2829483891
0.2820361954
0.2809376176
0.2796578412
0.2782029542
0.2765797965
0.2747957806
0.2728587417
0.2707768861
0.268558218
0.2662105251
0.2637412301
0.2611572478
0.2584648698
0.2556696822
0.2527765199
0.2497894609
0.2467118643
0.2435464544
0.2402954531
0.2369607635
0.2335442006
0.230047769
0.2264739763
0.2228261732
0.2191089003
0.2153282259
0.2114920545
0.2076103917
0.2036955624
0.1997623894
0.1958283554
0.1919137776
0.1880420227
0.184239773
0.1805373247
0.1769688644
0.1735726543
0.170391064
0.1674704326
0.1648608164
0.1626162497
0.1607937637
0.1594528597
0.1586554927
0.1584350111
0.1576732033
0.1476745361
0.09338068928
0.02208338317
0.02195660296
0.02195649367
0.02195649355
0.02195649355
0.02195649355
0.02195649355
0.02195649355
0.02195649355
0.02195649355
0.02195649355
0.02195649355
0.02195649355
0.02195649355
0.02195649355
0.02195649355
0.02195649355
0.02195649355
0.02195649355
0.02195649355
0.02195649355
0.02195649355
0.02195649355
0.02195649355
0.02195649355
0.02195649355
0.02195649355
0.02195649355
0.02195649355
0.02195649355
0.02195649355
0.02195649355
0.02195649355
0.02195649355
0.02195649355
0.02195649355
0.02195649355
0.02195649355
0.02195649355
0.02195649355
0.02195649355
0.02195649355
0.02195649355
0.02195649355
0.02195649355
0.02195649355
0.02195649355
0.02195649355
0.02195649355
0.02195649355
0.02195649355
0.02195649355
0.02195649355
0.02195649355
0.02195649355
0.02195649355
0.02195649355
0.02195649355
0.02195649355
0.02195649355
0.02195649355
0.02195649355
0.02195649355
0.02195649355
0.02195649355
0.02195649355
0.02195649355
0.02195649355
0.02195649355
0.02195649355
0.02195649355
0.02195649355
0.02195649355
0.02195649355
0.02195649355
0.02195649355
0.02195649355
0.02195649355
0.02195649355
0.02195649355
0.02195649355
0.02195649355
0.02195649355
0.02195649355
0.02195649355
0.02195649355
0.02195649355
0.02195649355
0.02195649355
0.02195649355
0.02195649355
0.02195649355
0.02195649355
0.02195649355
0.02195649355
0.02195649355
0.02195649355
0.02195649355
0.02195649355
0.02195649355
0.02195649355
0.02195649355
0.02195649355
0.02195649355
0.02195649355
0.02195649355
0.02195649355
0.02195649355
0.02195649355
0.02195649355
0.02195649355
0.02195649355
0.02195649355
0.02195649355
0.02195649355
0.02195649355
0.02195649355
0.02195649355
0.02195649355
0.02195649355
0.02195649355
0.02195649355
0.02195649355
0.02195649355
0.02195649355
0.02195649355
0.02195649355
0.02195649355
0.02195649355
0.02195649355
0.02195649355
0.02195649355
0.02195649355
0.02195649355
0.02195649355
0.02195649355
0.02195649355
0.02195649355
0.02195649355
0.02195649355
0.02195649355
0.02195649355
0.02195649355
0.02195649355
0.02195649355
0.02195649355
0.02195649355
0.2847058594
0.2843996834
0.2840623534
0.2835267261
0.2827949667
0.2818702941
0.2807569269
0.2794600932
0.2779859318
0.2763413395
0.2745337915
0.2725712249
0.2704618937
0.2682138692
0.2658350053
0.2633327895
0.2607141991
0.2579855875
0.2551526051
0.2522201595
0.2491924172
0.2460728515
0.2428643389
0.239569305
0.2361899209
0.2327283473
0.2291870215
0.2255689764
0.2218781793
0.2181198722
0.2143008939
0.2104299679
0.2065179424
0.2025779808
0.198625716
0.194679388
0.1907599972
0.1868914974
0.1831010339
0.179419205
0.1758802944
0.17252241
0.1693874735
0.1665210527
0.1639720787
0.1617932596
0.1600390555
0.1587658724
0.158031207
0.1578555456
0.1569468458
0.1459507745
0.08635058057
0.02206451848
0.0219565899
0.02195649365
0.02195649355
0.02195649355
0.02195649355
0.02195649355
0.02195649355
0.02195649355
0.02195649355
0.02195649355
0.02195649355
0.02195649355
0.02195649355
0.02195649355
0.02195649355
0.02195649355
0.02195649355
0.02195649355
0.02195649355
0.02195649355
0.02195649355
0.02195649355
0.02195649355
0.02195649355
0.02195649355
0.02195649355
0.02195649355
0.02195649355
0.02195649355
0.02195649355
0.02195649355
0.02195649355
0.02195649355
0.02195649355
0.02195649355
0.02195649355
0.02195649355
0.02195649355
0.02195649355
0.02195649355
0.02195649355
0.02195649355
0.02195649355
0.02195649355
0.02195649355
0.02195649355
0.02195649355
0.02195649355
0.02195649355
0.02195649355
0.02195649355
0.02195649355
0.02195649355
0.02195649355
0.02195649355
0.02195649355
0.02195649355
0.02195649355
0.02195649355
0.02195649355
0.02195649355
0.02195649355
0.02195649355
0.02195649355
0.02195649355
0.02195649355
0.02195649355
0.02195649355
0.02195649355
0.02195649355
0.02195649355
0.02195649355
0.02195649355
0.02195649355
0.02195649355
0.02195649355
0.02195649355
0.02195649355
0.02195649355
0.02195649355
0.02195649355
0.02195649355
0.02195649355
0.02195649355
0.02195649355
0.02195649355
0.02195649355
0.02195649355
0.02195649355
0.02195649355
0.02195649355
0.02195649355
0.02195649355
0.02195649355
0.02195649355
0.02195649355
0.02195649355
0.02195649355
0.02195649355
0.02195649355
0.02195649355
0.02195649355
0.02195649355
0.02195649355
0.02195649355
0.02195649355
0.02195649355
0.02195649355
0.02195649355
0.02195649355
0.02195649355
0.02195649355
0.02195649355
0.02195649355
0.02195649355
0.02195649355
0.02195649355
0.02195649355
0.02195649355
0.02195649355
0.02195649355
0.02195649355
0.02195649355
0.02195649355
0.02195649355
0.02195649355
0.02195649355
0.02195649355
0.02195649355
0.02195649355
0.02195649355
0.02195649355
0.02195649355
0.02195649355
0.02195649355
0.02195649355
0.02195649355
0.02195649355
0.02195649355
0.02195649355
0.02195649355
0.02195649355
0.02195649355
0.02195649355
0.02195649355
0.02195649355
0.2845819587
0.2842724284
0.2839296517
0.2833861349
0.2826440678
0.2817066962
0.2805782732
0.279264069
0.2777702725
0.2761038372
0.2742723005
0.2722837027
0.2701463412
0.267868354
0.2654576629
0.2629218219
0.2602678741
0.2575022404
0.2546306449
0.2516580805
0.2485888195
0.245426472
0.242174094
0.2388343471
0.2354097074
0.231902721
0.2283162987
0.2246540386
0.220920561
0.2171218381
0.2132654996
0.2093610965
0.2054203149
0.2014571402
0.1974879848
0.1935318059
0.1896102404
0.1857477792
0.1819719845
0.1783137208
0.1748073482
0.1714908133
0.1684055869
0.1655964322
0.1631112405
0.1610008329
0.1593169331
0.1581123409
0.157439531
0.1573032615
0.1562008276
0.1440268827
0.07790541805
0.0220440898
0.02195657546
0.02195649364
0.02195649355
0.02195649355
0.02195649355
0.02195649355
0.02195649355
0.02195649355
0.02195649355
0.02195649355
0.02195649355
0.02195649355
0.02195649355
0.02195649355
0.02195649355
0.02195649355
0.02195649355
0.02195649355
0.02195649355
0.02195649355
0.02195649355
0.02195649355
0.02195649355
0.02195649355
0.02195649355
0.02195649355
0.02195649355
0.02195649355
0.02195649355
0.02195649355
0.02195649355
0.02195649355
0.02195649355
0.02195649355
0.02195649355
0.02195649355
0.02195649355
0.02195649355
0.02195649355
0.02195649355
0.02195649355
0.02195649355
0.02195649355
0.02195649355
0.02195649355
0.02195649355
0.02195649355
0.02195649355
0.02195649355
0.02195649355
0.02195649355
0.02195649355
0.02195649355
0.02195649355
0.02195649355
0.02195649355
0.02195649355
0.02195649355
0.02195649355
0.02195649355
0.02195649355
0.02195649355
0.02195649355
0.02195649355
0.02195649355
0.02195649355
0.02195649355
0.02195649355
0.02195649355
0.02195649355
0.02195649355
0.02195649355
0.02195649355
0.02195649355
0.02195649355
0.02195649355
0.02195649355
0.02195649355
0.02195649355
0.02195649355
0.02195649355
0.02195649355
0.02195649355
0.02195649355
0.02195649355
0.02195649355
0.02195649355
0.02195649355
0.02195649355
0.02195649355
0.02195649355
0.02195649355
0.02195649355
0.02195649355
0.02195649355
0.02195649355
0.02195649355
0.02195649355
0.02195649355
0.02195649355
0.02195649355
0.02195649355
0.02195649355
0.02195649355
0.02195649355
0.02195649355
0.02195649355
0.02195649355
0.02195649355
0.02195649355
0.02195649355
0.02195649355
0.02195649355
0.02195649355
0.02195649355
0.02195649355
0.02195649355
0.02195649355
0.02195649355
0.02195649355
0.02195649355
0.02195649355
0.02195649355
0.02195649355
0.02195649355
0.02195649355
0.02195649355
0.02195649355
0.02195649355
0.02195649355
0.02195649355
0.02195649355
0.02195649355
0.02195649355
0.02195649355
0.02195649355
0.02195649355
0.02195649355
0.02195649355
0.02195649355
0.02195649355
0.02195649355
0.02195649355
0.02195649355
0.02195649355
0.02195649355
0.2844607781
0.2841478706
0.2837995627
0.283248025
0.2824954721
0.2815451763
0.2804014244
0.2790695284
0.2775557264
0.275867028
0.2740110324
0.2719958838
0.2698299204
0.2675213468
0.2650781541
0.2625079654
0.2598178943
0.2570144367
0.254103401
0.2510898803
0.247978272
0.2447723474
0.2414753719
0.238090277
0.2346198819
0.2310671585
0.2274355319
0.2237292035
0.2199534801
0.2161150907
0.2122224714
0.2082860048
0.2043182064
0.2003338611
0.1963501279
0.1923866388
0.1884656188
0.1846120472
0.1808538567
0.1772221395
0.1737513029
0.1704791085
0.1674465435
0.164697506
0.1622787664
0.1602388172
0.1586263978
0.1574902783
0.1568774914
0.1567735443
0.1554224059
0.1418636362
0.06762353221
0.02202244997
0.02195655969
0.02195649362
0.02195649355
0.02195649355
0.02195649355
0.02195649355
0.02195649355
0.02195649355
0.02195649355
0.02195649355
0.02195649355
0.02195649355
0.02195649355
0.02195649355
0.02195649355
0.02195649355
0.02195649355
0.02195649355
0.02195649355
0.02195649355
0.02195649355
0.02195649355
0.02195649355
0.02195649355
0.02195649355
0.02195649355
0.02195649355
0.02195649355
0.02195649355
0.02195649355
0.02195649355
0.02195649355
0.02195649355
0.02195649355
0.02195649355
0.02195649355
0.02195649355
0.02195649355
0.02195649355
0.02195649355
0.02195649355
0.02195649355
0.02195649355
0.02195649355
0.02195649355
0.02195649355
0.02195649355
0.02195649355
0.02195649355
0.02195649355
0.02195649355
0.02195649355
0.02195649355
0.02195649355
0.02195649355
0.02195649355
0.02195649355
0.02195649355
0.02195649355
0.02195649355
0.02195649355
0.02195649355
0.02195649355
0.02195649355
0.02195649355
0.02195649355
0.02195649355
0.02195649355
0.02195649355
0.02195649355
0.02195649355
0.02195649355
0.02195649355
0.02195649355
0.02195649355
0.02195649355
0.02195649355
0.02195649355
0.02195649355
0.02195649355
0.02195649355
0.02195649355
0.02195649355
0.02195649355
0.02195649355
0.02195649355
0.02195649355
0.02195649355
0.02195649355
0.02195649355
0.02195649355
0.02195649355
0.02195649355
0.02195649355
0.02195649355
0.02195649355
0.02195649355
0.02195649355
0.02195649355
0.02195649355
0.02195649355
0.02195649355
0.02195649355
0.02195649355
0.02195649355
0.02195649355
0.02195649355
0.02195649355
0.02195649355
0.02195649355
0.02195649355
0.02195649355
0.02195649355
0.02195649355
0.02195649355
0.02195649355
0.02195649355
0.02195649355
0.02195649355
0.02195649355
0.02195649355
0.02195649355
0.02195649355
0.02195649355
0.02195649355
0.02195649355
0.02195649355
0.02195649355
0.02195649355
0.02195649355
0.02195649355
0.02195649355
0.02195649355
0.02195649355
0.02195649355
0.02195649355
0.02195649355
0.02195649355
0.02195649355
0.02195649355
0.02195649355
0.02195649355
0.02195649355
0.02195649355
0.02195649355
0.02195649355
0.2843421643
0.2840258412
0.2836719102
0.2831122105
0.2823489813
0.2813855211
0.2802261497
0.2788762206
0.2773420208
0.2756306154
0.2737496648
0.2717074195
0.2695122564
0.2671724475
0.2646960558
0.2620907774
0.2593638029
0.2565217125
0.2535704112
0.2505151094
0.2473603513
0.2441100957
0.2407678483
0.2373368459
0.2338202886
0.2302216135
0.2265447986
0.2227946843
0.2189772936
0.2151001329
0.2111724553
0.2072054739
0.2032125191
0.19920915
0.1952132373
0.1912450445
0.1873273382
0.1834855385
0.1797479044
0.1761457145
0.1727133836
0.169488444
0.1665113353
0.163824985
0.1614748517
0.1595067629
0.1579661873
0.1568975509
0.1563421898
0.1562618462
0.1545976966
0.1394131042
0.05483969249
0.02200033249
0.0219565428
0.02195649361
0.02195649355
0.02195649355
0.02195649355
0.02195649355
0.02195649355
0.02195649355
0.02195649355
0.02195649355
0.02195649355
0.02195649355
0.02195649355
0.02195649355
0.02195649355
0.02195649355
0.02195649355
0.02195649355
0.02195649355
0.02195649355
0.02195649355
0.02195649355
0.02195649355
0.02195649355
0.02195649355
0.02195649355
0.02195649355
0.02195649355
0.02195649355
0.02195649355
0.02195649355
0.02195649355
0.02195649355
0.02195649355
0.02195649355
0.02195649355
0.02195649355
0.02195649355
0.02195649355
0.02195649355
0.02195649355
0.02195649355
0.02195649355
0.02195649355
0.02195649355
0.02195649355
0.02195649355
0.02195649355
0.02195649355
0.02195649355
0.02195649355
0.02195649355
0.02195649355
0.02195649355
0.02195649355
0.02195649355
0.02195649355
0.02195649355
0.02195649355
0.02195649355
0.02195649355
0.02195649355
0.02195649355
0.02195649355
0.02195649355
0.02195649355
0.02195649355
0.02195649355
0.02195649355
0.02195649355
0.02195649355
0.02195649355
0.02195649355
0.02195649355
0.02195649355
0.02195649355
0.02195649355
0.02195649355
0.02195649355
0.02195649355
0.02195649355
0.02195649355
0.02195649355
0.02195649355
0.02195649355
0.02195649355
0.02195649355
0.02195649355
0.02195649355
0.02195649355
0.02195649355
0.02195649355
0.02195649355
0.02195649355
0.02195649355
0.02195649355
0.02195649355
0.02195649355
0.02195649355
0.02195649355
0.02195649355
0.02195649355
0.02195649355
0.02195649355
0.02195649355
0.02195649355
0.02195649355
0.02195649355
0.02195649355
0.02195649355
0.02195649355
0.02195649355
0.02195649355
0.02195649355
0.02195649355
0.02195649355
0.02195649355
0.02195649355
0.02195649355
0.02195649355
0.02195649355
0.02195649355
0.02195649355
0.02195649355
0.02195649355
0.02195649355
0.02195649355
0.02195649355
0.02195649355
0.02195649355
0.02195649355
0.02195649355
0.02195649355
0.02195649355
0.02195649355
0.02195649355
0.02195649355
0.02195649355
0.02195649355
0.02195649355
0.02195649355
0.02195649355
0.02195649355
0.02195649355
0.02195649355
0.02195649355
0.2842259626
0.2839061766
0.2835465218
0.282978506
0.2822043928
0.2812275071
0.2800522019
0.2786838717
0.2771288525
0.2753942652
0.2734878317
0.2714179123
0.2691929217
0.2668212019
0.2643108915
0.2616697656
0.2589051001
0.2560235705
0.2530311938
0.2499333161
0.246734652
0.2434393753
0.2400512636
0.2365738942
0.2330108853
0.2293661765
0.225644334
0.221850868
0.2179925421
0.2140776553
0.2101162823
0.2061204591
0.2021043133
0.1980841497
0.1940785138
0.19010826
0.1861966527
0.1823695084
0.1786553678
0.1750856509
0.1716947276
0.1685198299
0.1656007452
0.1629793624
0.1606994436
0.1588039635
0.157334852
0.1563320062
0.1558309994
0.1557638757
0.153711815
0.1366165101
0.0383509062
0.02197924019
0.02195652525
0.02195649359
0.02195649355
0.02195649355
0.02195649355
0.02195649355
0.02195649355
0.02195649355
0.02195649355
0.02195649355
0.02195649355
0.02195649355
0.02195649355
0.02195649355
0.02195649355
0.02195649355
0.02195649355
0.02195649355
0.02195649355
0.02195649355
0.02195649355
0.02195649355
0.02195649355
0.02195649355
0.02195649355
0.02195649355
0.02195649355
0.02195649355
0.02195649355
0.02195649355
0.02195649355
0.02195649355
0.02195649355
0.02195649355
0.02195649355
0.02195649355
0.02195649355
0.02195649355
0.02195649355
0.02195649355
0.02195649355
0.02195649355
0.02195649355
0.02195649355
0.02195649355
0.02195649355
0.02195649355
0.02195649355
0.02195649355
0.02195649355
0.02195649355
0.02195649355
0.02195649355
0.02195649355
0.02195649355
0.02195649355
0.02195649355
0.02195649355
0.02195649355
0.02195649355
0.02195649355
0.02195649355
0.02195649355
0.02195649355
0.02195649355
0.02195649355
0.02195649355
0.02195649355
0.02195649355
0.02195649355
0.02195649355
0.02195649355
0.02195649355
0.02195649355
0.02195649355
0.02195649355
0.02195649355
0.02195649355
0.02195649355
0.02195649355
0.02195649355
0.02195649355
0.02195649355
0.02195649355
0.02195649355
0.02195649355
0.02195649355
0.02195649355
0.02195649355
0.02195649355
0.02195649355
0.02195649355
0.02195649355
0.02195649355
0.02195649355
0.02195649355
0.02195649355
0.02195649355
0.02195649355
0.02195649355
0.02195649355
0.02195649355
0.02195649355
0.02195649355
0.02195649355
0.02195649355
0.02195649355
0.02195649355
0.02195649355
0.02195649355
0.02195649355
0.02195649355
0.02195649355
0.02195649355
0.02195649355
0.02195649355
0.02195649355
0.02195649355
0.02195649355
0.02195649355
0.02195649355
0.02195649355
0.02195649355
0.02195649355
0.02195649355
0.02195649355
0.02195649355
0.02195649355
0.02195649355
0.02195649355
0.02195649355
0.02195649355
0.02195649355
0.02195649355
0.02195649355
0.02195649355
0.02195649355
0.02195649355
0.02195649355
0.02195649355
0.02195649355
0.02195649355
0.02195649355
0.02195649355
0.02195649355
0.02195649355
0.2841119771
0.2837886798
0.2834231925
0.2828466934
0.2820614714
0.2810708779
0.2798792993
0.2784921721
0.2769158819
0.2751576065
0.2732251307
0.2711269303
0.2688714576
0.2664671289
0.2639221641
0.2612444255
0.2584412844
0.255519525
0.2524852928
0.249344091
0.2461008285
0.2427599227
0.2393254552
0.2358013777
0.2321917614
0.2285010823
0.2247345265
0.2208982999
0.2169999243
0.2130485007
0.2090549235
0.2050320397
0.2009947515
0.1969600792
0.1929472068
0.1889775393
0.185074796
0.1812651457
0.1775773611
0.174042942
0.1706961312
0.1675737426
0.1647147404
0.1621598741
0.1599506538
0.1581271687
0.1567279972
0.1557900968
0.1553489916
0.1553179958
0.1529040106
0.1337191333
0.02876462542
0.02196686526
0.02195651169
0.02195649357
0.02195649355
0.02195649355
0.02195649355
0.02195649355
0.02195649355
0.02195649355
0.02195649355
0.02195649355
0.02195649355
0.02195649355
0.02195649355
0.02195649355
0.02195649355
0.02195649355
0.02195649355
0.02195649355
0.02195649355
0.02195649355
0.02195649355
0.02195649355
0.02195649355
0.02195649355
0.02195649355
0.02195649355
0.02195649355
0.02195649355
0.02195649355
0.02195649355
0.02195649355
0.02195649355
0.02195649355
0.02195649355
0.02195649355
0.02195649355
0.02195649355
0.02195649355
0.02195649355
0.02195649355
0.02195649355
0.02195649355
0.02195649355
0.02195649355
0.02195649355
0.02195649355
0.02195649355
0.02195649355
0.02195649355
0.02195649355
0.02195649355
0.02195649355
0.02195649355
0.02195649355
0.02195649355
0.02195649355
0.02195649355
0.02195649355
0.02195649355
0.02195649355
0.02195649355
0.02195649355
0.02195649355
0.02195649355
0.02195649355
0.02195649355
0.02195649355
0.02195649355
0.02195649355
0.02195649355
0.02195649355
0.02195649355
0.02195649355
0.02195649355
0.02195649355
0.02195649355
0.02195649355
0.02195649355
0.02195649355
0.02195649355
0.02195649355
0.02195649355
0.02195649355
0.02195649355
0.02195649355
0.02195649355
0.02195649355
0.02195649355
0.02195649355
0.02195649355
0.02195649355
0.02195649355
0.02195649355
0.02195649355
0.02195649355
0.02195649355
0.02195649355
0.02195649355
0.02195649355
0.02195649355
0.02195649355
0.02195649355
0.02195649355
0.02195649355
0.02195649355
0.02195649355
0.02195649355
0.02195649355
0.02195649355
0.02195649355
0.02195649355
0.02195649355
0.02195649355
0.02195649355
0.02195649355
0.02195649355
0.02195649355
0.02195649355
0.02195649355
0.02195649355
0.02195649355
0.02195649355
0.02195649355
0.02195649355
0.02195649355
0.02195649355
0.02195649355
0.02195649355
0.02195649355
0.02195649355
0.02195649355
0.02195649355
0.02195649355
0.02195649355
0.02195649355
0.02195649355
0.02195649355
0.02195649355
0.02195649355
0.02195649355
0.02195649355
0.02195649355
0.02195649355
0.02195649355
0.02195649355
0.02195649355
0.2839999626
0.2836731029
0.2833016647
0.2827165024
0.2819199307
0.2809153278
0.2797071145
0.2783007696
0.2767027293
0.2749202282
0.272961147
0.2708340316
0.2685474016
0.2661097525
0.2635293923
0.2608142798
0.2579718938
0.2550091429
0.2519323194
0.2487471051
0.2454586293
0.2420715817
0.2385903786
0.2350193786
0.2313631385
0.2276267014
0.2238158991
0.2199376534
0.216000257
0.2120136147
0.2079894338
0.2039413544
0.1998850275
0.1958381561
0.1918205245
0.1878540465
0.1839628506
0.1801734039
0.176514645
0.1730180648
0.1697176556
0.1666496473
0.1638519815
0.1613640554
0.1592249508
0.1574723112
0.1561429446
0.1552750681
0.1549130799
0.1549577864
0.1521862743
0.1306481586
0.02463590043
0.02196098656
0.02195650313
0.02195649356
0.02195649355
0.02195649355
0.02195649355
0.02195649355
0.02195649355
0.02195649355
0.02195649355
0.02195649355
0.02195649355
0.02195649355
0.02195649355
0.02195649355
0.02195649355
0.02195649355
0.02195649355
0.02195649355
0.02195649355
0.02195649355
0.02195649355
0.02195649355
0.02195649355
0.02195649355
0.02195649355
0.02195649355
0.02195649355
0.02195649355
0.02195649355
0.02195649355
0.02195649355
0.02195649355
0.02195649355
0.02195649355
0.02195649355
0.02195649355
0.02195649355
0.02195649355
0.02195649355
0.02195649355
0.02195649355
0.02195649355
0.02195649355
0.02195649355
0.02195649355
0.02195649355
0.02195649355
0.02195649355
0.02195649355
0.02195649355
0.02195649355
0.02195649355
0.02195649355
0.02195649355
0.02195649355
0.02195649355
0.02195649355
0.02195649355
0.02195649355
0.02195649355
0.02195649355
0.02195649355
0.02195649355
0.02195649355
0.02195649355
0.02195649355
0.02195649355
0.02195649355
0.02195649355
0.02195649355
0.02195649355
0.02195649355
0.02195649355
0.02195649355
0.02195649355
0.02195649355
0.02195649355
0.02195649355
0.02195649355
0.02195649355
0.02195649355
0.02195649355
0.02195649355
0.02195649355
0.02195649355
0.02195649355
0.02195649355
0.02195649355
0.02195649355
0.02195649355
0.02195649355
0.02195649355
0.02195649355
0.02195649355
0.02195649355
0.02195649355
0.02195649355
0.02195649355
0.02195649355
0.02195649355
0.02195649355
0.02195649355
0.02195649355
0.02195649355
0.02195649355
0.02195649355
0.02195649355
0.02195649355
0.02195649355
0.02195649355
0.02195649355
0.02195649355
0.02195649355
0.02195649355
0.02195649355
0.02195649355
0.02195649355
0.02195649355
0.02195649355
0.02195649355
0.02195649355
0.02195649355
0.02195649355
0.02195649355
0.02195649355
0.02195649355
0.02195649355
0.02195649355
0.02195649355
0.02195649355
0.02195649355
0.02195649355
0.02195649355
0.02195649355
0.02195649355
0.02195649355
0.02195649355
0.02195649355
0.02195649355
0.02195649355
0.02195649355
0.02195649355
0.02195649355
0.02195649355
0.02195649355
0.02195649355
0.2838895871
0.2835591209
0.2831816074
0.2825875939
0.2817794213
0.2807604953
0.279535272
0.2781092742
0.2764889908
0.274681717
0.2726954451
0.2705387756
0.2682203085
0.265748628
0.2631321395
0.2603789094
0.2574965381
0.2544920749
0.2513719792
0.2481421347
0.2448079164
0.2413743148
0.2378461114
0.2342281017
0.2305253577
0.2267435157
0.2228890747
0.2189696867
0.2149944209
0.210973983
0.206920879
0.2028495198
0.1987762747
0.1947194917
0.1906995135
0.1867387152
0.1828615801
0.1790948076
0.1754674159
0.1720107747
0.1687584845
0.1657460333
0.163010212
0.1605890379
0.1585195697
0.1568382803
0.155582927
0.1547976
0.1545407022
0.1546877512
0.1514950331
0.1272386403
0.02305795729
0.02195843289
0.02195649836
0.02195649356
0.02195649355
0.02195649355
0.02195649355
0.02195649355
0.02195649355
0.02195649355
0.02195649355
0.02195649355
0.02195649355
0.02195649355
0.02195649355
0.02195649355
0.02195649355
0.02195649355
0.02195649355
0.02195649355
0.02195649355
0.02195649355
0.02195649355
0.02195649355
0.02195649355
0.02195649355
0.02195649355
0.02195649355
0.02195649355
0.02195649355
0.02195649355
0.02195649355
0.02195649355
0.02195649355
0.02195649355
0.02195649355
0.02195649355
0.02195649355
0.02195649355
0.02195649355
0.02195649355
0.02195649355
0.02195649355
0.02195649355
0.02195649355
0.02195649355
0.02195649355
0.02195649355
0.02195649355
0.02195649355
0.02195649355
0.02195649355
0.02195649355
0.02195649355
0.02195649355
0.02195649355
0.02195649355
0.02195649355
0.02195649355
0.02195649355
0.02195649355
0.02195649355
0.02195649355
0.02195649355
0.02195649355
0.02195649355
0.02195649355
0.02195649355
0.02195649355
0.02195649355
0.02195649355
0.02195649355
0.02195649355
0.02195649355
0.02195649355
0.02195649355
0.02195649355
0.02195649355
0.02195649355
0.02195649355
0.02195649355
0.02195649355
0.02195649355
0.02195649355
0.02195649355
0.02195649355
0.02195649355
0.02195649355
0.02195649355
0.02195649355
0.02195649355
0.02195649355
0.02195649355
0.02195649355
0.02195649355
0.02195649355
0.02195649355
0.02195649355
0.02195649355
0.02195649355
0.02195649355
0.02195649355
0.02195649355
0.02195649355
0.02195649355
0.02195649355
0.02195649355
0.02195649355
0.02195649355
0.02195649355
0.02195649355
0.02195649355
0.02195649355
0.02195649355
0.02195649355
0.02195649355
0.02195649355
0.02195649355
0.02195649355
0.02195649355
0.02195649355
0.02195649355
0.02195649355
0.02195649355
0.02195649355
0.02195649355
0.02195649355
0.02195649355
0.02195649355
0.02195649355
0.02195649355
0.02195649355
0.02195649355
0.02195649355
0.02195649355
0.02195649355
0.02195649355
0.02195649355
0.02195649355
0.02195649355
0.02195649355
0.02195649355
0.02195649355
0.02195649355
0.02195649355
0.02195649355
0.02195649355
0.02195649355
0.2837804242
0.2834463222
0.2830626084
0.2824595542
0.2816395273
0.2806059619
0.2793633506
0.2779172627
0.2762742425
0.2744416503
0.2724275992
0.270240743
0.2678897699
0.2653833629
0.2627300355
0.2599379747
0.2570149178
0.2539680731
0.2508040878
0.2475290706
0.2441486689
0.2406682016
0.2370928436
0.2334278561
0.2296788519
0.2258520825
0.2219547303
0.2179951865
0.2139832964
0.2099305565
0.2058502523
0.2017575372
0.1976694625
0.1936049795
0.1895849418
0.185632132
0.1817713263
0.178029382
0.1744353079
0.1710202481
0.1678173065
0.1648611657
0.1621875783
0.1598334279
0.1578347497
0.1562285782
0.1550561575
0.1543697472
0.15423994
0.1544883225
0.1507572535
0.1233638683
0.02248493691
0.02195737163
0.02195649591
0.02195649355
0.02195649355
0.02195649355
0.02195649355
0.02195649355
0.02195649355
0.02195649355
0.02195649355
0.02195649355
0.02195649355
0.02195649355
0.02195649355
0.02195649355
0.02195649355
0.02195649355
0.02195649355
0.02195649355
0.02195649355
0.02195649355
0.02195649355
0.02195649355
0.02195649355
0.02195649355
0.02195649355
0.02195649355
0.02195649355
0.02195649355
0.02195649355
0.02195649355
0.02195649355
0.02195649355
0.02195649355
0.02195649355
0.02195649355
0.02195649355
0.02195649355
0.02195649355
0.02195649355
0.02195649355
0.02195649355
0.02195649355
0.02195649355
0.02195649355
0.02195649355
0.02195649355
0.02195649355
0.02195649355
0.02195649355
0.02195649355
0.02195649355
0.02195649355
0.02195649355
0.02195649355
0.02195649355
0.02195649355
0.02195649355
0.02195649355
0.02195649355
0.02195649355
0.02195649355
0.02195649355
0.02195649355
0.02195649355
0.02195649355
0.02195649355
0.02195649355
0.02195649355
0.02195649355
0.02195649355
0.02195649355
0.02195649355
0.02195649355
0.02195649355
0.02195649355
0.02195649355
0.02195649355
0.02195649355
0.02195649355
0.02195649355
0.02195649355
0.02195649355
0.02195649355
0.02195649355
0.02195649355
0.02195649355
0.02195649355
0.02195649355
0.02195649355
0.02195649355
0.02195649355
0.02195649355
0.02195649355
0.02195649355
0.02195649355
0.02195649355
0.02195649355
0.02195649355
0.02195649355
0.02195649355
0.02195649355
0.02195649355
0.02195649355
0.02195649355
0.02195649355
0.02195649355
0.02195649355
0.02195649355
0.02195649355
0.02195649355
0.02195649355
0.02195649355
0.02195649355
0.02195649355
0.02195649355
0.02195649355
0.02195649355
0.02195649355
0.02195649355
0.02195649355
0.02195649355
0.02195649355
0.02195649355
0.02195649355
0.02195649355
0.02195649355
0.02195649355
0.02195649355
0.02195649355
0.02195649355
0.02195649355
0.02195649355
0.02195649355
0.02195649355
0.02195649355
0.02195649355
0.02195649355
0.02195649355
0.02195649355
0.02195649355
0.02195649355
0.02195649355
0.02195649355
0.02195649355
0.02195649355
0.02195649355
0.2836719892
0.2833342308
0.2829441917
0.2823319097
0.2814997795
0.2804512646
0.2791908956
0.2777242902
0.2760580516
0.2741996095
0.2721572062
0.2699395509
0.2675554278
0.2650136285
0.2623227869
0.2594912242
0.256526831
0.2534369932
0.2502285674
0.2469079112
0.2434809701
0.2399534181
0.2363308506
0.2326190198
0.2288241022
0.2249529826
0.2210135379
0.2170149018
0.2129676901
0.2088841741
0.204778394
0.2006662121
0.1965653214
0.1924952306
0.188477254
0.1845345279
0.1806920615
0.1769768051
0.1734176909
0.1700455821
0.1668930737
0.1639941348
0.1613838532
0.1590984399
0.1571741409
0.155649997
0.1545718703
0.1539991364
0.1540073786
0.1543288089
0.1499152323
0.1189288794
0.02227438605
0.02195693877
0.02195649472
0.02195649355
0.02195649355
0.02195649355
0.02195649355
0.02195649355
0.02195649355
0.02195649355
0.02195649355
0.02195649355
0.02195649355
0.02195649355
0.02195649355
0.02195649355
0.02195649355
0.02195649355
0.02195649355
0.02195649355
0.02195649355
0.02195649355
0.02195649355
0.02195649355
0.02195649355
0.02195649355
0.02195649355
0.02195649355
0.02195649355
0.02195649355
0.02195649355
0.02195649355
0.02195649355
0.02195649355
0.02195649355
0.02195649355
0.02195649355
0.02195649355
0.02195649355
0.02195649355
0.02195649355
0.02195649355
0.02195649355
0.02195649355
0.02195649355
0.02195649355
0.02195649355
0.02195649355
0.02195649355
0.02195649355
0.02195649355
0.02195649355
0.02195649355
0.02195649355
0.02195649355
0.02195649355
0.02195649355
0.02195649355
0.02195649355
0.02195649355
0.02195649355
0.02195649355
0.02195649355
0.02195649355
0.02195649355
0.02195649355
0.02195649355
0.02195649355
0.02195649355
0.02195649355
0.02195649355
0.02195649355
0.02195649355
0.02195649355
0.02195649355
0.02195649355
0.02195649355
0.02195649355
0.02195649355
0.02195649355
0.02195649355
0.02195649355
0.02195649355
0.02195649355
0.02195649355
0.02195649355
0.02195649355
0.02195649355
0.02195649355
0.02195649355
0.02195649355
0.02195649355
0.02195649355
0.02195649355
0.02195649355
0.02195649355
0.02195649355
0.02195649355
0.02195649355
0.02195649355
0.02195649355
0.02195649355
0.02195649355
0.02195649355
0.02195649355
0.02195649355
0.02195649355
0.02195649355
0.02195649355
0.02195649355
0.02195649355
0.02195649355
0.02195649355
0.02195649355
0.02195649355
0.02195649355
0.02195649355
0.02195649355
0.02195649355
0.02195649355
0.02195649355
0.02195649355
0.02195649355
0.02195649355
0.02195649355
0.02195649355
0.02195649355
0.02195649355
0.02195649355
0.02195649355
0.02195649355
0.02195649355
0.02195649355
0.02195649355
0.02195649355
0.02195649355
0.02195649355
0.02195649355
0.02195649355
0.02195649355
0.02195649355
0.02195649355
0.02195649355
0.02195649355
0.02195649355
0.02195649355
0.02195649355
0.02195649355
0.283563728
0.2832223111
0.2828258283
0.2822041411
0.2813596712
0.2802959119
0.2790174333
0.2775299039
0.275839989
0.2739551915
0.2718838919
0.2696348577
0.2672169766
0.2646391597
0.2619101727
0.2590384861
0.2560321604
0.2528987781
0.2496454268
0.246278737
0.2428049767
0.2392302011
0.2355604513
0.2318019939
0.2279615882
0.2240467664
0.2200661077
0.2160294862
0.2119482774
0.2078355082
0.203705944
0.1995761203
0.1954643303
0.1913905953
0.1873766439
0.1834459195
0.1796236204
0.175936753
0.1724141522
0.1690864186
0.1659857364
0.1631456001
0.1606008715
0.1583877291
0.1565435278
0.1551099059
0.1541366685
0.1536866335
0.1538311969
0.1541777052
0.1489290754
0.1138418864
0.02218907189
0.02195676038
0.02195649416
0.02195649355
0.02195649355
0.02195649355
0.02195649355
0.02195649355
0.02195649355
0.02195649355
0.02195649355
0.02195649355
0.02195649355
0.02195649355
0.02195649355
0.02195649355
0.02195649355
0.02195649355
0.02195649355
0.02195649355
0.02195649355
0.02195649355
0.02195649355
0.02195649355
0.02195649355
0.02195649355
0.02195649355
0.02195649355
0.02195649355
0.02195649355
0.02195649355
0.02195649355
0.02195649355
0.02195649355
0.02195649355
0.02195649355
0.02195649355
0.02195649355
0.02195649355
0.02195649355
0.02195649355
0.02195649355
0.02195649355
0.02195649355
0.02195649355
0.02195649355
0.02195649355
0.02195649355
0.02195649355
0.02195649355
0.02195649355
0.02195649355
0.02195649355
0.02195649355
0.02195649355
0.02195649355
0.02195649355
0.02195649355
0.02195649355
0.02195649355
0.02195649355
0.02195649355
0.02195649355
0.02195649355
0.02195649355
0.02195649355
0.02195649355
0.02195649355
0.02195649355
0.02195649355
0.02195649355
0.02195649355
0.02195649355
0.02195649355
0.02195649355
0.02195649355
0.02195649355
0.02195649355
0.02195649355
0.02195649355
0.02195649355
0.02195649355
0.02195649355
0.02195649355
0.02195649355
0.02195649355
0.02195649355
0.02195649355
0.02195649355
0.02195649355
0.02195649355
0.02195649355
0.02195649355
0.02195649355
0.02195649355
0.02195649355
0.02195649355
0.02195649355
0.02195649355
0.02195649355
0.02195649355
0.02195649355
0.02195649355
0.02195649355
0.02195649355
0.02195649355
0.02195649355
0.02195649355
0.02195649355
0.02195649355
0.02195649355
0.02195649355
0.02195649355
0.02195649355
0.02195649355
0.02195649355
0.02195649355
0.02195649355
0.02195649355
0.02195649355
0.02195649355
0.02195649355
0.02195649355
0.02195649355
0.02195649355
0.02195649355
0.02195649355
0.02195649355
0.02195649355
0.02195649355
0.02195649355
0.02195649355
0.02195649355
0.02195649355
0.02195649355
0.02195649355
0.02195649355
0.02195649355
0.02195649355
0.02195649355
0.02195649355
0.02195649355
0.02195649355
0.02195649355
0.02195649355
0.02195649355
0.02195649355
0.02195649355
0.2834550804
0.2831100101
0.2827069719
0.2820757136
0.2812186835
0.2801394053
0.2788424897
0.2773336578
0.2756196399
0.2737080157
0.2716073132
0.2693263606
0.2668741574
0.2642597437
0.2614920298
0.2585796493
0.2555308497
0.2523534297
0.2490547288
0.2456416733
0.2421208785
0.2384988052
0.2347819634
0.2309771551
0.2270917395
0.2231339075
0.2191129438
0.2150394593
0.2109255758
0.2067850532
0.2026333534
0.1984876493
0.1943667961
0.1902912897
0.1862832375
0.1823663605
0.1785660275
0.1749092993
0.1714249455
0.1681433907
0.1650965818
0.162317834
0.1598422005
0.1577063055
0.1559489343
0.1546138778
0.1537527682
0.1534270856
0.1536957336
0.1540081142
0.1477713635
0.1079914777
0.022145705
0.02195668207
0.0219564939
0.02195649355
0.02195649355
0.02195649355
0.02195649355
0.02195649355
0.02195649355
0.02195649355
0.02195649355
0.02195649355
0.02195649355
0.02195649355
0.02195649355
0.02195649355
0.02195649355
0.02195649355
0.02195649355
0.02195649355
0.02195649355
0.02195649355
0.02195649355
0.02195649355
0.02195649355
0.02195649355
0.02195649355
0.02195649355
0.02195649355
0.02195649355
0.02195649355
0.02195649355
0.02195649355
0.02195649355
0.02195649355
0.02195649355
0.02195649355
0.02195649355
0.02195649355
0.02195649355
0.02195649355
0.02195649355
0.02195649355
0.02195649355
0.02195649355
0.02195649355
0.02195649355
0.02195649355
0.02195649355
0.02195649355
0.02195649355
0.02195649355
0.02195649355
0.02195649355
0.02195649355
0.02195649355
0.02195649355
0.02195649355
0.02195649355
0.02195649355
0.02195649355
0.02195649355
0.02195649355
0.02195649355
0.02195649355
0.02195649355
0.02195649355
0.02195649355
0.02195649355
0.02195649355
0.02195649355
0.02195649355
0.02195649355
0.02195649355
0.02195649355
0.02195649355
0.02195649355
0.02195649355
0.02195649355
0.02195649355
0.02195649355
0.02195649355
0.02195649355
0.02195649355
0.02195649355
0.02195649355
0.02195649355
0.02195649355
0.02195649355
0.02195649355
0.02195649355
0.02195649355
0.02195649355
0.02195649355
0.02195649355
0.02195649355
0.02195649355
0.02195649355
0.02195649355
0.02195649355
0.02195649355
0.02195649355
0.02195649355
0.02195649355
0.02195649355
0.02195649355
0.02195649355
0.02195649355
0.02195649355
0.02195649355
0.02195649355
0.02195649355
0.02195649355
0.02195649355
0.02195649355
0.02195649355
0.02195649355
0.02195649355
0.02195649355
0.02195649355
0.02195649355
0.02195649355
0.02195649355
0.02195649355
0.02195649355
0.02195649355
0.02195649355
0.02195649355
0.02195649355
0.02195649355
0.02195649355
0.02195649355
0.02195649355
0.02195649355
0.02195649355
0.02195649355
0.02195649355
0.02195649355
0.02195649355
0.02195649355
0.02195649355
0.02195649355
0.02195649355
0.02195649355
0.02195649355
0.02195649355
0.02195649355
0.02195649355
0.2833454919
0.2829967814
0.2825870844
0.2819461025
0.28107631
0.279981261
0.2786656078
0.2771351258
0.2753966122
0.2734577275
0.2713271556
0.2690137879
0.2665267431
0.2638752002
0.2610682262
0.2581146321
0.2550228687
0.2518009695
0.2484565472
0.2449968462
0.2414288526
0.2377594559
0.2339956578
0.2301448146
0.226214901
0.2222147758
0.2181544319
0.2140452109
0.2098999676
0.205733174
0.2015609612
0.1974011093
0.1932730052
0.1891975912
0.1851973325
0.1812962181
0.1775197938
0.1738952069
0.1704512301
0.1672182343
0.1642281205
0.1615142806
0.1591122366
0.1570591882
0.1553950446
0.1541644613
0.1534180727
0.1532115424
0.1535852607
0.1537992812
0.1464207947
0.1012290263
0.02211562753
0.02195664196
0.02195649378
0.02195649355
0.02195649355
0.02195649355
0.02195649355
0.02195649355
0.02195649355
0.02195649355
0.02195649355
0.02195649355
0.02195649355
0.02195649355
0.02195649355
0.02195649355
0.02195649355
0.02195649355
0.02195649355
0.02195649355
0.02195649355
0.02195649355
0.02195649355
0.02195649355
0.02195649355
0.02195649355
0.02195649355
0.02195649355
0.02195649355
0.02195649355
0.02195649355
0.02195649355
0.02195649355
0.02195649355
0.02195649355
0.02195649355
0.02195649355
0.02195649355
0.02195649355
0.02195649355
0.02195649355
0.02195649355
0.02195649355
0.02195649355
0.02195649355
0.02195649355
0.02195649355
0.02195649355
0.02195649355
0.02195649355
0.02195649355
0.02195649355
0.02195649355
0.02195649355
0.02195649355
0.02195649355
0.02195649355
0.02195649355
0.02195649355
0.02195649355
0.02195649355
0.02195649355
0.02195649355
0.02195649355
0.02195649355
0.02195649355
0.02195649355
0.02195649355
0.02195649355
0.02195649355
0.02195649355
0.02195649355
0.02195649355
0.02195649355
0.02195649355
0.02195649355
0.02195649355
0.02195649355
0.02195649355
0.02195649355
0.02195649355
0.02195649355
0.02195649355
0.02195649355
0.02195649355
0.02195649355
0.02195649355
0.02195649355
0.02195649355
0.02195649355
0.02195649355
0.02195649355
0.02195649355
0.02195649355
0.02195649355
0.02195649355
0.02195649355
0.02195649355
0.02195649355
0.02195649355
0.02195649355
0.02195649355
0.02195649355
0.02195649355
0.02195649355
0.02195649355
0.02195649355
0.02195649355
0.02195649355
0.02195649355
0.02195649355
0.02195649355
0.02195649355
0.02195649355
0.02195649355
0.02195649355
0.02195649355
0.02195649355
0.02195649355
0.02195649355
0.02195649355
0.02195649355
0.02195649355
0.02195649355
0.02195649355
0.02195649355
0.02195649355
0.02195649355
0.02195649355
0.02195649355
0.02195649355
0.02195649355
0.02195649355
0.02195649355
0.02195649355
0.02195649355
0.02195649355
0.02195649355
0.02195649355
0.02195649355
0.02195649355
0.02195649355
0.02195649355
0.02195649355
0.02195649355
0.02195649355
0.02195649355
0.02195649355
0.2832344387
0.2828821067
0.282465657
0.2818148128
0.2809320733
0.2798210228
0.2784863553
0.2769339004
0.275170522
0.2732040072
0.2710431298
0.2686968855
0.2661745191
0.2634853565
0.260638632
0.2576433479
0.2545081745
0.2512413984
0.2478509258
0.2443443416
0.2407290252
0.2370123178
0.2332017337
0.2293052028
0.2253313296
0.22128965
0.2171908675
0.2130470501
0.2088717741
0.2046802057
0.2004891232
0.1963168911
0.1921834054
0.1881100385
0.1841196065
0.1802363718
0.1764860813
0.1728960179
0.1694950384
0.1663135784
0.1633836423
0.1607388441
0.1584152358
0.156450336
0.1548843589
0.153761075
0.1531273129
0.15302962
0.1534862318
0.1535359233
0.1448570584
0.0933499663
0.02208910299
0.02195661577
0.02195649371
0.02195649355
0.02195649355
0.02195649355
0.02195649355
0.02195649355
0.02195649355
0.02195649355
0.02195649355
0.02195649355
0.02195649355
0.02195649355
0.02195649355
0.02195649355
0.02195649355
0.02195649355
0.02195649355
0.02195649355
0.02195649355
0.02195649355
0.02195649355
0.02195649355
0.02195649355
0.02195649355
0.02195649355
0.02195649355
0.02195649355
0.02195649355
0.02195649355
0.02195649355
0.02195649355
0.02195649355
0.02195649355
0.02195649355
0.02195649355
0.02195649355
0.02195649355
0.02195649355
0.02195649355
0.02195649355
0.02195649355
0.02195649355
0.02195649355
0.02195649355
0.02195649355
0.02195649355
0.02195649355
0.02195649355
0.02195649355
0.02195649355
0.02195649355
0.02195649355
0.02195649355
0.02195649355
0.02195649355
0.02195649355
0.02195649355
0.02195649355
0.02195649355
0.02195649355
0.02195649355
0.02195649355
0.02195649355
0.02195649355
0.02195649355
0.02195649355
0.02195649355
0.02195649355
0.02195649355
0.02195649355
0.02195649355
0.02195649355
0.02195649355
0.02195649355
0.02195649355
0.02195649355
0.02195649355
0.02195649355
0.02195649355
0.02195649355
0.02195649355
0.02195649355
0.02195649355
0.02195649355
0.02195649355
0.02195649355
0.02195649355
0.02195649355
0.02195649355
0.02195649355
0.02195649355
0.02195649355
0.02195649355
0.02195649355
0.02195649355
0.02195649355
0.02195649355
0.02195649355
0.02195649355
0.02195649355
0.02195649355
0.02195649355
0.02195649355
0.02195649355
0.02195649355
0.02195649355
0.02195649355
0.02195649355
0.02195649355
0.02195649355
0.02195649355
0.02195649355
0.02195649355
0.02195649355
0.02195649355
0.02195649355
0.02195649355
0.02195649355
0.02195649355
0.02195649355
0.02195649355
0.02195649355
0.02195649355
0.02195649355
0.02195649355
0.02195649355
0.02195649355
0.02195649355
0.02195649355
0.02195649355
0.02195649355
0.02195649355
0.02195649355
0.02195649355
0.02195649355
0.02195649355
0.02195649355
0.02195649355
0.02195649355
0.02195649355
0.02195649355
0.02195649355
0.02195649355
0.02195649355
0.02195649355
0.02195649355
0.2831214698
0.2827655277
0.2823422363
0.2816813996
0.280785541
0.2796582744
0.2783043357
0.2767296099
0.2749410308
0.2729465263
0.2707549434
0.2683753943
0.2658172593
0.26309002
0.2602030894
0.2571656743
0.2539866803
0.2506746656
0.2472378499
0.2436841803
0.2400214525
0.236257482
0.2324003172
0.2284584803
0.2244412207
0.2203587615
0.2162225211
0.2120452918
0.2078413627
0.2036265808
0.1994183558
0.1952356188
0.1910987611
0.1870295768
0.183051233
0.1791882792
0.1754666925
0.1719139385
0.1685590251
0.1654325327
0.1625666358
0.1599952022
0.1577545799
0.1558820709
0.1544170657
0.1534006259
0.152873499
0.1528713113
0.1533881682
0.1532067129
0.1430571544
0.08406634655
0.02206296569
0.02195659415
0.02195649367
0.02195649355
0.02195649355
0.02195649355
0.02195649355
0.02195649355
0.02195649355
0.02195649355
0.02195649355
0.02195649355
0.02195649355
0.02195649355
0.02195649355
0.02195649355
0.02195649355
0.02195649355
0.02195649355
0.02195649355
0.02195649355
0.02195649355
0.02195649355
0.02195649355
0.02195649355
0.02195649355
0.02195649355
0.02195649355
0.02195649355
0.02195649355
0.02195649355
0.02195649355
0.02195649355
0.02195649355
0.02195649355
0.02195649355
0.02195649355
0.02195649355
0.02195649355
0.02195649355
0.02195649355
0.02195649355
0.02195649355
0.02195649355
0.02195649355
0.02195649355
0.02195649355
0.02195649355
0.02195649355
0.02195649355
0.02195649355
0.02195649355
0.02195649355
0.02195649355
0.02195649355
0.02195649355
0.02195649355
0.02195649355
0.02195649355
0.02195649355
0.02195649355
0.02195649355
0.02195649355
0.02195649355
0.02195649355
0.02195649355
0.02195649355
0.02195649355
0.02195649355
0.02195649355
0.02195649355
0.02195649355
0.02195649355
0.02195649355
0.02195649355
0.02195649355
0.02195649355
0.02195649355
0.02195649355
0.02195649355
0.02195649355
0.02195649355
0.02195649355
0.02195649355
0.02195649355
0.02195649355
0.02195649355
0.02195649355
0.02195649355
0.02195649355
0.02195649355
0.02195649355
0.02195649355
0.02195649355
0.02195649355
0.02195649355
0.02195649355
0.02195649355
0.02195649355
0.02195649355
0.02195649355
0.02195649355
0.02195649355
0.02195649355
0.02195649355
0.02195649355
0.02195649355
0.02195649355
0.02195649355
0.02195649355
0.02195649355
0.02195649355
0.02195649355
0.02195649355
0.02195649355
0.02195649355
0.02195649355
0.02195649355
0.02195649355
0.02195649355
0.02195649355
0.02195649355
0.02195649355
0.02195649355
0.02195649355
0.02195649355
0.02195649355
0.02195649355
0.02195649355
0.02195649355
0.02195649355
0.02195649355
0.02195649355
0.02195649355
0.02195649355
0.02195649355
0.02195649355
0.02195649355
0.02195649355
0.02195649355
0.02195649355
0.02195649355
0.02195649355
0.02195649355
0.02195649355
0.02195649355
0.02195649355
0.02195649355
0.2830061789
0.282646636
0.2822164186
0.2815454658
0.2806363244
0.2794926376
0.2781191835
0.276521904
0.2747078052
0.272684963
0.2704622946
0.2680490341
0.2654547058
0.2626889568
0.2597613898
0.2566814301
0.2534582344
0.2501006507
0.2466172331
0.243016313
0.2393061251
0.2354949824
0.2315914897
0.2276047812
0.2235447675
0.2194223705
0.2152497294
0.2110403607
0.2068092612
0.2025729494
0.1983494529
0.1941582571
0.1900202376
0.1859576045
0.1819938774
0.1781539037
0.1744639121
0.1709515825
0.167646108
0.1645782329
0.1617802664
0.159286307
0.1571323873
0.1553549719
0.1539913941
0.1530784124
0.1526492054
0.15272808
0.153283664
0.1528027292
0.1409927417
0.07295854046
0.02203647273
0.02195657357
0.02195649365
0.02195649355
0.02195649355
0.02195649355
0.02195649355
0.02195649355
0.02195649355
0.02195649355
0.02195649355
0.02195649355
0.02195649355
0.02195649355
0.02195649355
0.02195649355
0.02195649355
0.02195649355
0.02195649355
0.02195649355
0.02195649355
0.02195649355
0.02195649355
0.02195649355
0.02195649355
0.02195649355
0.02195649355
0.02195649355
0.02195649355
0.02195649355
0.02195649355
0.02195649355
0.02195649355
0.02195649355
0.02195649355
0.02195649355
0.02195649355
0.02195649355
0.02195649355
0.02195649355
0.02195649355
0.02195649355
0.02195649355
0.02195649355
0.02195649355
0.02195649355
0.02195649355
0.02195649355
0.02195649355
0.02195649355
0.02195649355
0.02195649355
0.02195649355
0.02195649355
0.02195649355
0.02195649355
0.02195649355
0.02195649355
0.02195649355
0.02195649355
0.02195649355
0.02195649355
0.02195649355
0.02195649355
0.02195649355
0.02195649355
0.02195649355
0.02195649355
0.02195649355
0.02195649355
0.02195649355
0.02195649355
0.02195649355
0.02195649355
0.02195649355
0.02195649355
0.02195649355
0.02195649355
0.02195649355
0.02195649355
0.02195649355
0.02195649355
0.02195649355
0.02195649355
0.02195649355
0.02195649355
0.02195649355
0.02195649355
0.02195649355
0.02195649355
0.02195649355
0.02195649355
0.02195649355
0.02195649355
0.02195649355
0.02195649355
0.02195649355
0.02195649355
0.02195649355
0.02195649355
0.02195649355
0.02195649355
0.02195649355
0.02195649355
0.02195649355
0.02195649355
0.02195649355
0.02195649355
0.02195649355
0.02195649355
0.02195649355
0.02195649355
0.02195649355
0.02195649355
0.02195649355
0.02195649355
0.02195649355
0.02195649355
0.02195649355
0.02195649355
0.02195649355
0.02195649355
0.02195649355
0.02195649355
0.02195649355
0.02195649355
0.02195649355
0.02195649355
0.02195649355
0.02195649355
0.02195649355
0.02195649355
0.02195649355
0.02195649355
0.02195649355
0.02195649355
0.02195649355
0.02195649355
0.02195649355
0.02195649355
0.02195649355
0.02195649355
0.02195649355
0.02195649355
0.02195649355
0.02195649355
0.02195649355
0.02195649355
0.2828882249
0.2825250787
0.2820878503
0.2814066581
0.2804840712
0.2793237621
0.2779305518
0.2763104401
0.2744705078
0.272418985
0.2701648589
0.267717491
0.2650865579
0.2622818819
0.2593132675
0.2561903723
0.2529226213
0.2495191715
0.2459889325
0.2423406427
0.238583
0.234724839
0.2307753433
0.2267442801
0.2226422383
0.2184808511
0.2142729859
0.2100328852
0.205776249
0.2015202586
0.1972835483
0.1930861444
0.1889493956
0.1848959193
0.1809495846
0.1771355384
0.1734802671
0.1700116704
0.1667591214
0.1637534872
0.1610270952
0.1586140417
0.1565494235
0.1548680883
0.1536041898
0.1527890041
0.1524474928
0.152593362
0.1531679811
0.152316274
0.1386280982
0.05937547313
0.0220100476
0.02195655293
0.02195649362
0.02195649355
0.02195649355
0.02195649355
0.02195649355
0.02195649355
0.02195649355
0.02195649355
0.02195649355
0.02195649355
0.02195649355
0.02195649355
0.02195649355
0.02195649355
0.02195649355
0.02195649355
0.02195649355
0.02195649355
0.02195649355
0.02195649355
0.02195649355
0.02195649355
0.02195649355
0.02195649355
0.02195649355
0.02195649355
0.02195649355
0.02195649355
0.02195649355
0.02195649355
0.02195649355
0.02195649355
0.02195649355
0.02195649355
0.02195649355
0.02195649355
0.02195649355
0.02195649355
0.02195649355
0.02195649355
0.02195649355
0.02195649355
0.02195649355
0.02195649355
0.02195649355
0.02195649355
0.02195649355
0.02195649355
0.02195649355
0.02195649355
0.02195649355
0.02195649355
0.02195649355
0.02195649355
0.02195649355
0.02195649355
0.02195649355
0.02195649355
0.02195649355
0.02195649355
0.02195649355
0.02195649355
0.02195649355
0.02195649355
0.02195649355
0.02195649355
0.02195649355
0.02195649355
0.02195649355
0.02195649355
0.02195649355
0.02195649355
0.02195649355
0.02195649355
0.02195649355
0.02195649355
0.02195649355
0.02195649355
0.02195649355
0.02195649355
0.02195649355
0.02195649355
0.02195649355
0.02195649355
0.02195649355
0.02195649355
0.02195649355
0.02195649355
0.02195649355
0.02195649355
0.02195649355
0.02195649355
0.02195649355
0.02195649355
0.02195649355
0.02195649355
0.02195649355
0.02195649355
0.02195649355
0.02195649355
0.02195649355
0.02195649355
0.02195649355
0.02195649355
0.02195649355
0.02195649355
0.02195649355
0.02195649355
0.02195649355
0.02195649355
0.02195649355
0.02195649355
0.02195649355
0.02195649355
0.02195649355
0.02195649355
0.02195649355
0.02195649355
0.02195649355
0.02195649355
0.02195649355
0.02195649355
0.02195649355
0.02195649355
0.02195649355
0.02195649355
0.02195649355
0.02195649355
0.02195649355
0.02195649355
0.02195649355
0.02195649355
0.02195649355
0.02195649355
0.02195649355
0.02195649355
0.02195649355
0.02195649355
0.02195649355
0.02195649355
0.02195649355
0.02195649355
0.02195649355
0.02195649355
0.02195649355
0.02195649355
0.2827672905
0.2824005306
0.2819562037
0.2812646452
0.2803284461
0.2791513084
0.2777380967
0.2760948703
0.2742287871
0.2721482384
0.2698622826
0.2673804147
0.2647124722
0.2618684633
0.2588584075
0.2556922105
0.2523795832
0.2489300118
0.2453527837
0.2416570686
0.2378520526
0.2339471159
0.2299520451
0.2258772611
0.2217340483
0.2175347639
0.21329301
0.2090237553
0.2047433984
0.2004697729
0.1962221056
0.1920209482
0.1878881064
0.1838465904
0.1799206062
0.1761355899
0.1725182735
0.1690967549
0.1659005395
0.1629605172
0.1603088369
0.1579792374
0.1560052462
0.1544193129
0.1532515074
0.1525269393
0.1522624681
0.1524627026
0.1530386035
0.1517402897
0.1359185873
0.04216968584
0.02198517769
0.02195653223
0.0219564936
0.02195649355
0.02195649355
0.02195649355
0.02195649355
0.02195649355
0.02195649355
0.02195649355
0.02195649355
0.02195649355
0.02195649355
0.02195649355
0.02195649355
0.02195649355
0.02195649355
0.02195649355
0.02195649355
0.02195649355
0.02195649355
0.02195649355
0.02195649355
0.02195649355
0.02195649355
0.02195649355
0.02195649355
0.02195649355
0.02195649355
0.02195649355
0.02195649355
0.02195649355
0.02195649355
0.02195649355
0.02195649355
0.02195649355
0.02195649355
0.02195649355
0.02195649355
0.02195649355
0.02195649355
0.02195649355
0.02195649355
0.02195649355
0.02195649355
0.02195649355
0.02195649355
0.02195649355
0.02195649355
0.02195649355
0.02195649355
0.02195649355
0.02195649355
0.02195649355
0.02195649355
0.02195649355
0.02195649355
0.02195649355
0.02195649355
0.02195649355
0.02195649355
0.02195649355
0.02195649355
0.02195649355
0.02195649355
0.02195649355
0.02195649355
0.02195649355
0.02195649355
0.02195649355
0.02195649355
0.02195649355
0.02195649355
0.02195649355
0.02195649355
0.02195649355
0.02195649355
0.02195649355
0.02195649355
0.02195649355
0.02195649355
0.02195649355
0.02195649355
0.02195649355
0.02195649355
0.02195649355
0.02195649355
0.02195649355
0.02195649355
0.02195649355
0.02195649355
0.02195649355
0.02195649355
0.02195649355
0.02195649355
0.02195649355
0.02195649355
0.02195649355
0.02195649355
0.02195649355
0.02195649355
0.02195649355
0.02195649355
0.02195649355
0.02195649355
0.02195649355
0.02195649355
0.02195649355
0.02195649355
0.02195649355
0.02195649355
0.02195649355
0.02195649355
0.02195649355
0.02195649355
0.02195649355
0.02195649355
0.02195649355
0.02195649355
0.02195649355
0.02195649355
0.02195649355
0.02195649355
0.02195649355
0.02195649355
0.02195649355
0.02195649355
0.02195649355
0.02195649355
0.02195649355
0.02195649355
0.02195649355
0.02195649355
0.02195649355
0.02195649355
0.02195649355
0.02195649355
0.02195649355
0.02195649355
0.02195649355
0.02195649355
0.02195649355
0.02195649355
0.02195649355
0.02195649355
0.02195649355
0.02195649355
0.02195649355
0.2826430465
0.2822726608
0.2818211452
0.2811190889
0.2801691047
0.2789749247
0.2775414583
0.2758748268
0.2739822677
0.2718723423
0.2695541823
0.2670374236
0.2643320744
0.2614483412
0.2583964729
0.2551866401
0.2518288593
0.2483329677
0.2447086543
0.240965545
0.237113339
0.233161988
0.229121904
0.2250041821
0.2208208181
0.2165849031
0.2123107782
0.208014136
0.2037120643
0.1994230344
0.1951668474
0.1909645592
0.1868384099
0.1828117807
0.1789091922
0.1751563449
0.1715801829
0.1682089489
0.1650721864
0.1622006386
0.1596260272
0.1573812096
0.1554975258
0.1540042768
0.152926832
0.1522842561
0.1520874762
0.1523390431
0.1529313684
0.1512064975
0.1330930608
0.030586514
0.02196971948
0.02195651591
0.02195649358
0.02195649355
0.02195649355
0.02195649355
0.02195649355
0.02195649355
0.02195649355
0.02195649355
0.02195649355
0.02195649355
0.02195649355
0.02195649355
0.02195649355
0.02195649355
0.02195649355
0.02195649355
0.02195649355
0.02195649355
0.02195649355
0.02195649355
0.02195649355
0.02195649355
0.02195649355
0.02195649355
0.02195649355
0.02195649355
0.02195649355
0.02195649355
0.02195649355
0.02195649355
0.02195649355
0.02195649355
0.02195649355
0.02195649355
0.02195649355
0.02195649355
0.02195649355
0.02195649355
0.02195649355
0.02195649355
0.02195649355
0.02195649355
0.02195649355
0.02195649355
0.02195649355
0.02195649355
0.02195649355
0.02195649355
0.02195649355
0.02195649355
0.02195649355
0.02195649355
0.02195649355
0.02195649355
0.02195649355
0.02195649355
0.02195649355
0.02195649355
0.02195649355
0.02195649355
0.02195649355
0.02195649355
0.02195649355
0.02195649355
0.02195649355
0.02195649355
0.02195649355
0.02195649355
0.02195649355
0.02195649355
0.02195649355
0.02195649355
0.02195649355
0.02195649355
0.02195649355
0.02195649355
0.02195649355
0.02195649355
0.02195649355
0.02195649355
0.02195649355
0.02195649355
0.02195649355
0.02195649355
0.02195649355
0.02195649355
0.02195649355
0.02195649355
0.02195649355
0.02195649355
0.02195649355
0.02195649355
0.02195649355
0.02195649355
0.02195649355
0.02195649355
0.02195649355
0.02195649355
0.02195649355
0.02195649355
0.02195649355
0.02195649355
0.02195649355
0.02195649355
0.02195649355
0.02195649355
0.02195649355
0.02195649355
0.02195649355
0.02195649355
0.02195649355
0.02195649355
0.02195649355
0.02195649355
0.02195649355
0.02195649355
0.02195649355
0.02195649355
0.02195649355
0.02195649355
0.02195649355
0.02195649355
0.02195649355
0.02195649355
0.02195649355
0.02195649355
0.02195649355
0.02195649355
0.02195649355
0.02195649355
0.02195649355
0.02195649355
0.02195649355
0.02195649355
0.02195649355
0.02195649355
0.02195649355
0.02195649355
0.02195649355
0.02195649355
0.02195649355
0.02195649355
0.02195649355
0.02195649355
0.02195649355
0.02195649355
0.282515144
0.2821411152
0.2816823148
0.2809696224
0.2800056726
0.2787942283
0.2773402453
0.2756499084
0.2737305518
0.2715908949
0.269240157
0.2666881241
0.263944986
0.261021161
0.2579271438
0.2546733886
0.2512702384
0.2477279048
0.2440565027
0.2402661399
0.2363670546
0.2323697935
0.2282854163
0.2241257099
0.219903394
0.2156323001
0.2113275075
0.207005425
0.2026838152
0.1983817669
0.1941196305
0.1899189385
0.1858023362
0.1817935451
0.1779173661
0.174199722
0.1706677096
0.1673496225
0.1642748886
0.1614738555
0.1589776122
0.1568173127
0.1550217135
0.1536164814
0.1526224417
0.1520543921
0.1519224601
0.1522380204
0.1528846132
0.15075413
0.1301503207
0.02536368193
0.02196222026
0.02195650542
0.02195649357
0.02195649355
0.02195649355
0.02195649355
0.02195649355
0.02195649355
0.02195649355
0.02195649355
0.02195649355
0.02195649355
0.02195649355
0.02195649355
0.02195649355
0.02195649355
0.02195649355
0.02195649355
0.02195649355
0.02195649355
0.02195649355
0.02195649355
0.02195649355
0.02195649355
0.02195649355
0.02195649355
0.02195649355
0.02195649355
0.02195649355
0.02195649355
0.02195649355
0.02195649355
0.02195649355
0.02195649355
0.02195649355
0.02195649355
0.02195649355
0.02195649355
0.02195649355
0.02195649355
0.02195649355
0.02195649355
0.02195649355
0.02195649355
0.02195649355
0.02195649355
0.02195649355
0.02195649355
0.02195649355
0.02195649355
0.02195649355
0.02195649355
0.02195649355
0.02195649355
0.02195649355
0.02195649355
0.02195649355
0.02195649355
0.02195649355
0.02195649355
0.02195649355
0.02195649355
0.02195649355
0.02195649355
0.02195649355
0.02195649355
0.02195649355
0.02195649355
0.02195649355
0.02195649355
0.02195649355
0.02195649355
0.02195649355
0.02195649355
0.02195649355
0.02195649355
0.02195649355
0.02195649355
0.02195649355
0.02195649355
0.02195649355
0.02195649355
0.02195649355
0.02195649355
0.02195649355
0.02195649355
0.02195649355
0.02195649355
0.02195649355
0.02195649355
0.02195649355
0.02195649355
0.02195649355
0.02195649355
0.02195649355
0.02195649355
0.02195649355
0.02195649355
0.02195649355
0.02195649355
0.02195649355
0.02195649355
0.02195649355
0.02195649355
0.02195649355
0.02195649355
0.02195649355
0.02195649355
0.02195649355
0.02195649355
0.02195649355
0.02195649355
0.02195649355
0.02195649355
0.02195649355
0.02195649355
0.02195649355
0.02195649355
0.02195649355
0.02195649355
0.02195649355
0.02195649355
0.02195649355
0.02195649355
0.02195649355
0.02195649355
0.02195649355
0.02195649355
0.02195649355
0.02195649355
0.02195649355
0.02195649355
0.02195649355
0.02195649355
0.02195649355
0.02195649355
0.02195649355
0.02195649355
0.02195649355
0.02195649355
0.02195649355
0.02195649355
0.02195649355
0.02195649355
0.02195649355
0.02195649355
0.02195649355
0.02195649355
0.2823831546
0.2820054752
0.2815392927
0.2808158239
0.2798377252
0.2786087911
0.2771340252
0.2754196776
0.2734732273
0.2713034874
0.2689198084
0.266332137
0.2635508565
0.2605866121
0.2574501615
0.254152263
0.2507036085
0.2471148078
0.2433964272
0.2395590816
0.2356135726
0.2315710645
0.2274432835
0.2232427221
0.2189828319
0.214678186
0.2103445949
0.2059991692
0.2016603253
0.1973477426
0.1930822895
0.1888859406
0.1847817101
0.1807936183
0.1769466989
0.1732670343
0.169781785
0.1665191627
0.1635082821
0.1607788196
0.1583608727
0.1562833646
0.1545722415
0.1532497254
0.1523334027
0.1518371213
0.1517762556
0.1521785584
0.1529095604
0.1503323193
0.1269444492
0.02332142779
0.02195893833
0.02195649952
0.02195649356
0.02195649355
0.02195649355
0.02195649355
0.02195649355
0.02195649355
0.02195649355
0.02195649355
0.02195649355
0.02195649355
0.02195649355
0.02195649355
0.02195649355
0.02195649355
0.02195649355
0.02195649355
0.02195649355
0.02195649355
0.02195649355
0.02195649355
0.02195649355
0.02195649355
0.02195649355
0.02195649355
0.02195649355
0.02195649355
0.02195649355
0.02195649355
0.02195649355
0.02195649355
0.02195649355
0.02195649355
0.02195649355
0.02195649355
0.02195649355
0.02195649355
0.02195649355
0.02195649355
0.02195649355
0.02195649355
0.02195649355
0.02195649355
0.02195649355
0.02195649355
0.02195649355
0.02195649355
0.02195649355
0.02195649355
0.02195649355
0.02195649355
0.02195649355
0.02195649355
0.02195649355
0.02195649355
0.02195649355
0.02195649355
0.02195649355
0.02195649355
0.02195649355
0.02195649355
0.02195649355
0.02195649355
0.02195649355
0.02195649355
0.02195649355
0.02195649355
0.02195649355
0.02195649355
0.02195649355
0.02195649355
0.02195649355
0.02195649355
0.02195649355
0.02195649355
0.02195649355
0.02195649355
0.02195649355
0.02195649355
0.02195649355
0.02195649355
0.02195649355
0.02195649355
0.02195649355
0.02195649355
0.02195649355
0.02195649355
0.02195649355
0.02195649355
0.02195649355
0.02195649355
0.02195649355
0.02195649355
0.02195649355
0.02195649355
0.02195649355
0.02195649355
0.02195649355
0.02195649355
0.02195649355
0.02195649355
0.02195649355
0.02195649355
0.02195649355
0.02195649355
0.02195649355
0.02195649355
0.02195649355
0.02195649355
0.02195649355
0.02195649355
0.02195649355
0.02195649355
0.02195649355
0.02195649355
0.02195649355
0.02195649355
0.02195649355
0.02195649355
0.02195649355
0.02195649355
0.02195649355
0.02195649355
0.02195649355
0.02195649355
0.02195649355
0.02195649355
0.02195649355
0.02195649355
0.02195649355
0.02195649355
0.02195649355
0.02195649355
0.02195649355
0.02195649355
0.02195649355
0.02195649355
0.02195649355
0.02195649355
0.02195649355
0.02195649355
0.02195649355
0.02195649355
0.02195649355
0.02195649355
0.02195649355
0.02195649355
0.2822465878
0.2818652576
0.2813915959
0.2806572125
0.2796647855
0.278418143
0.2769223398
0.2751836974
0.2732098549
0.2710097108
0.2685927601
0.2659691253
0.2631493975
0.2601444654
0.2569653689
0.2536231917
0.2501289976
0.2464938191
0.2427286987
0.2388447825
0.2348534578
0.2307665264
0.2265963954
0.2223562723
0.218060343
0.2137239159
0.2093635197
0.2049969458
0.2006432364
0.196322628
0.1920564695
0.1878671372
0.1837779687
0.179813233
0.1759981352
0.1723588362
0.1689224475
0.1657169418
0.1627709098
0.1601130974
0.157772303
0.1557750311
0.1541446248
0.1529007846
0.1520599691
0.1516385705
0.1516611035
0.152171797
0.1529917238
0.1498732794
0.1233640857
0.02257701717
0.02195757296
0.02195649646
0.02195649355
0.02195649355
0.02195649355
0.02195649355
0.02195649355
0.02195649355
0.02195649355
0.02195649355
0.02195649355
0.02195649355
0.02195649355
0.02195649355
0.02195649355
0.02195649355
0.02195649355
0.02195649355
0.02195649355
0.02195649355
0.02195649355
0.02195649355
0.02195649355
0.02195649355
0.02195649355
0.02195649355
0.02195649355
0.02195649355
0.02195649355
0.02195649355
0.02195649355
0.02195649355
0.02195649355
0.02195649355
0.02195649355
0.02195649355
0.02195649355
0.02195649355
0.02195649355
0.02195649355
0.02195649355
0.02195649355
0.02195649355
0.02195649355
0.02195649355
0.02195649355
0.02195649355
0.02195649355
0.02195649355
0.02195649355
0.02195649355
0.02195649355
0.02195649355
0.02195649355
0.02195649355
0.02195649355
0.02195649355
0.02195649355
0.02195649355
0.02195649355
0.02195649355
0.02195649355
0.02195649355
0.02195649355
0.02195649355
0.02195649355
0.02195649355
0.02195649355
0.02195649355
0.02195649355
0.02195649355
0.02195649355
0.02195649355
0.02195649355
0.02195649355
0.02195649355
0.02195649355
0.02195649355
0.02195649355
0.02195649355
0.02195649355
0.02195649355
0.02195649355
0.02195649355
0.02195649355
0.02195649355
0.02195649355
0.02195649355
0.02195649355
0.02195649355
0.02195649355
0.02195649355
0.02195649355
0.02195649355
0.02195649355
0.02195649355
0.02195649355
0.02195649355
0.02195649355
0.02195649355
0.02195649355
0.02195649355
0.02195649355
0.02195649355
0.02195649355
0.02195649355
0.02195649355
0.02195649355
0.02195649355
0.02195649355
0.02195649355
0.02195649355
0.02195649355
0.02195649355
0.02195649355
0.02195649355
0.02195649355
0.02195649355
0.02195649355
0.02195649355
0.02195649355
0.02195649355
0.02195649355
0.02195649355
0.02195649355
0.02195649355
0.02195649355
0.02195649355
0.02195649355
0.02195649355
0.02195649355
0.02195649355
0.02195649355
0.02195649355
0.02195649355
0.02195649355
0.02195649355
0.02195649355
0.02195649355
0.02195649355
0.02195649355
0.02195649355
0.02195649355
0.02195649355
0.02195649355
0.02195649355
0.02195649355
0.02195649355
0.2821048773
0.2817199115
0.2812386792
0.2804932525
0.2794863319
0.2782217813
0.2767047108
0.2749415188
0.2729400165
0.2707091894
0.2682586876
0.2655988237
0.2627404125
0.2596946036
0.2564727395
0.2530862504
0.2495465952
0.2458652527
0.2420537651
0.238123832
0.2340874464
0.2299570623
0.2257457785
0.2214675208
0.2171372054
0.2127708645
0.2083857247
0.2040002307
0.1996340168
0.1953078379
0.1910434812
0.1868636778
0.182792039
0.1788530252
0.1750719423
0.1714749398
0.1680889622
0.1649415919
0.1620607177
0.1594740003
0.1572087782
0.155289332
0.1537370293
0.1525703851
0.1518068116
0.1514674468
0.1515861862
0.1522174341
0.1531037735
0.1493241569
0.1193420404
0.02230774811
0.02195701856
0.02195649497
0.02195649355
0.02195649355
0.02195649355
0.02195649355
0.02195649355
0.02195649355
0.02195649355
0.02195649355
0.02195649355
0.02195649355
0.02195649355
0.02195649355
0.02195649355
0.02195649355
0.02195649355
0.02195649355
0.02195649355
0.02195649355
0.02195649355
0.02195649355
0.02195649355
0.02195649355
0.02195649355
0.02195649355
0.02195649355
0.02195649355
0.02195649355
0.02195649355
0.02195649355
0.02195649355
0.02195649355
0.02195649355
0.02195649355
0.02195649355
0.02195649355
0.02195649355
0.02195649355
0.02195649355
0.02195649355
0.02195649355
0.02195649355
0.02195649355
0.02195649355
0.02195649355
0.02195649355
0.02195649355
0.02195649355
0.02195649355
0.02195649355
0.02195649355
0.02195649355
0.02195649355
0.02195649355
0.02195649355
0.02195649355
0.02195649355
0.02195649355
0.02195649355
0.02195649355
0.02195649355
0.02195649355
0.02195649355
0.02195649355
0.02195649355
0.02195649355
0.02195649355
0.02195649355
0.02195649355
0.02195649355
0.02195649355
0.02195649355
0.02195649355
0.02195649355
0.02195649355
0.02195649355
0.02195649355
0.02195649355
0.02195649355
0.02195649355
0.02195649355
0.02195649355
0.02195649355
0.02195649355
0.02195649355
0.02195649355
0.02195649355
0.02195649355
0.02195649355
0.02195649355
0.02195649355
0.02195649355
0.02195649355
0.02195649355
0.02195649355
0.02195649355
0.02195649355
0.02195649355
0.02195649355
0.02195649355
0.02195649355
0.02195649355
0.02195649355
0.02195649355
0.02195649355
0.02195649355
0.02195649355
0.02195649355
0.02195649355
0.02195649355
0.02195649355
0.02195649355
0.02195649355
0.02195649355
0.02195649355
0.02195649355
0.02195649355
0.02195649355
0.02195649355
0.02195649355
0.02195649355
0.02195649355
0.02195649355
0.02195649355
0.02195649355
0.02195649355
0.02195649355
0.02195649355
0.02195649355
0.02195649355
0.02195649355
0.02195649355
0.02195649355
0.02195649355
0.02195649355
0.02195649355
0.02195649355
0.02195649355
0.02195649355
0.02195649355
0.02195649355
0.02195649355
0.02195649355
0.02195649355
0.02195649355
0.02195649355
0.02195649355
0.2819573996
0.2815688338
0.2810799521
0.2803233722
0.2793018178
0.278019191
0.2764806611
0.2746927097
0.2726633312
0.2704016023
0.2679173392
0.2652210581
0.2623238137
0.2592370345
0.2559723847
0.2525416627
0.2489567446
0.2452295776
0.241372225
0.2373969592
0.2333163945
0.2291436489
0.2248925178
0.220577644
0.2162146637
0.2118203155
0.2074124989
0.2030102796
0.198633846
0.1943044302
0.1900442118
0.1858762299
0.1818243179
0.1779130691
0.1741678218
0.1706146295
0.1672801674
0.1641915118
0.1613757404
0.1588594966
0.1566685297
0.1548254718
0.1533505252
0.1522622668
0.1515803639
0.1513309492
0.1515543865
0.1523061333
0.1532169958
0.1486525851
0.1148292112
0.02220377407
0.02195679338
0.02195649427
0.02195649355
0.02195649355
0.02195649355
0.02195649355
0.02195649355
0.02195649355
0.02195649355
0.02195649355
0.02195649355
0.02195649355
0.02195649355
0.02195649355
0.02195649355
0.02195649355
0.02195649355
0.02195649355
0.02195649355
0.02195649355
0.02195649355
0.02195649355
0.02195649355
0.02195649355
0.02195649355
0.02195649355
0.02195649355
0.02195649355
0.02195649355
0.02195649355
0.02195649355
0.02195649355
0.02195649355
0.02195649355
0.02195649355
0.02195649355
0.02195649355
0.02195649355
0.02195649355
0.02195649355
0.02195649355
0.02195649355
0.02195649355
0.02195649355
0.02195649355
0.02195649355
0.02195649355
0.02195649355
0.02195649355
0.02195649355
0.02195649355
0.02195649355
0.02195649355
0.02195649355
0.02195649355
0.02195649355
0.02195649355
0.02195649355
0.02195649355
0.02195649355
0.02195649355
0.02195649355
0.02195649355
0.02195649355
0.02195649355
0.02195649355
0.02195649355
0.02195649355
0.02195649355
0.02195649355
0.02195649355
0.02195649355
0.02195649355
0.02195649355
0.02195649355
0.02195649355
0.02195649355
0.02195649355
0.02195649355
0.02195649355
0.02195649355
0.02195649355
0.02195649355
0.02195649355
0.02195649355
0.02195649355
0.02195649355
0.02195649355
0.02195649355
0.02195649355
0.02195649355
0.02195649355
0.02195649355
0.02195649355
0.02195649355
0.02195649355
0.02195649355
0.02195649355
0.02195649355
0.02195649355
0.02195649355
0.02195649355
0.02195649355
0.02195649355
0.02195649355
0.02195649355
0.02195649355
0.02195649355
0.02195649355
0.02195649355
0.02195649355
0.02195649355
0.02195649355
0.02195649355
0.02195649355
0.02195649355
0.02195649355
0.02195649355
0.02195649355
0.02195649355
0.02195649355
0.02195649355
0.02195649355
0.02195649355
0.02195649355
0.02195649355
0.02195649355
0.02195649355
0.02195649355
0.02195649355
0.02195649355
0.02195649355
0.02195649355
0.02195649355
0.02195649355
0.02195649355
0.02195649355
0.02195649355
0.02195649355
0.02195649355
0.02195649355
0.02195649355
0.02195649355
0.02195649355
0.02195649355
0.02195649355
0.02195649355
0.02195649355
0.2818035372
0.2814114183
0.2809148225
0.2801470031
0.279110707
0.2778098768
0.2762497451
0.2744368819
0.2723794767
0.2700867017
0.2675685497
0.264835754
0.2618996243
0.2587718853
0.2554645417
0.2519897799
0.2483599132
0.2445873777
0.2406847762
0.2366649698
0.2325412064
0.2283272746
0.2240376675
0.2196877379
0.2152938288
0.2108733631
0.2064448847
0.2020280462
0.1976435515
0.1933130673
0.1890591234
0.1849050218
0.1808747713
0.1769930481
0.1732851655
0.1697770167
0.1664949395
0.1634654479
0.1607147996
0.1582687034
0.1561515043
0.1543847453
0.1529882078
0.1519813021
0.1513861565
0.1512324298
0.1515624503
0.1524241239
0.153307765
0.1478420417
0.1097740404
0.02215576284
0.02195669805
0.02195649395
0.02195649355
0.02195649355
0.02195649355
0.02195649355
0.02195649355
0.02195649355
0.02195649355
0.02195649355
0.02195649355
0.02195649355
0.02195649355
0.02195649355
0.02195649355
0.02195649355
0.02195649355
0.02195649355
0.02195649355
0.02195649355
0.02195649355
0.02195649355
0.02195649355
0.02195649355
0.02195649355
0.02195649355
0.02195649355
0.02195649355
0.02195649355
0.02195649355
0.02195649355
0.02195649355
0.02195649355
0.02195649355
0.02195649355
0.02195649355
0.02195649355
0.02195649355
0.02195649355
0.02195649355
0.02195649355
0.02195649355
0.02195649355
0.02195649355
0.02195649355
0.02195649355
0.02195649355
0.02195649355
0.02195649355
0.02195649355
0.02195649355
0.02195649355
0.02195649355
0.02195649355
0.02195649355
0.02195649355
0.02195649355
0.02195649355
0.02195649355
0.02195649355
0.02195649355
0.02195649355
0.02195649355
0.02195649355
0.02195649355
0.02195649355
0.02195649355
0.02195649355
0.02195649355
0.02195649355
0.02195649355
0.02195649355
0.02195649355
0.02195649355
0.02195649355
0.02195649355
0.02195649355
0.02195649355
0.02195649355
0.02195649355
0.02195649355
0.02195649355
0.02195649355
0.02195649355
0.02195649355
0.02195649355
0.02195649355
0.02195649355
0.02195649355
0.02195649355
0.02195649355
0.02195649355
0.02195649355
0.02195649355
0.02195649355
0.02195649355
0.02195649355
0.02195649355
0.02195649355
0.02195649355
0.02195649355
0.02195649355
0.02195649355
0.02195649355
0.02195649355
0.02195649355
0.02195649355
0.02195649355
0.02195649355
0.02195649355
0.02195649355
0.02195649355
0.02195649355
0.02195649355
0.02195649355
0.02195649355
0.02195649355
0.02195649355
0.02195649355
0.02195649355
0.02195649355
0.02195649355
0.02195649355
0.02195649355
0.02195649355
0.02195649355
0.02195649355
0.02195649355
0.02195649355
0.02195649355
0.02195649355
0.02195649355
0.02195649355
0.02195649355
0.02195649355
0.02195649355
0.02195649355
0.02195649355
0.02195649355
0.02195649355
0.02195649355
0.02195649355
0.02195649355
0.02195649355
0.02195649355
0.02195649355
0.02195649355
0.02195649355
0.2816427095
0.2812470948
0.2807427385
0.2799636212
0.2789125129
0.2775933991
0.2760115793
0.2741737167
0.2720882075
0.2697643233
0.2672122434
0.2644429304
0.2614679631
0.2582993783
0.2549495384
0.2514310354
0.2477566382
0.2439392886
0.2399921445
0.2359286683
0.23176275
0.2275088523
0.2231821629
0.2187987351
0.214375602
0.2099308481
0.2054836321
0.2010541599
0.1966636147
0.192334061
0.1880883405
0.1839499818
0.1799431326
0.1760925145
0.172423377
0.1689614147
0.1657325978
0.1627628742
0.1600777335
0.157702079
0.1556591276
0.1539697808
0.15265385
0.1517317177
0.1512272008
0.1511710384
0.1516030252
0.1525573006
0.1533596456
0.1468854173
0.1041109935
0.02212615352
0.02195665271
0.0219564938
0.02195649355
0.02195649355
0.02195649355
0.02195649355
0.02195649355
0.02195649355
0.02195649355
0.02195649355
0.02195649355
0.02195649355
0.02195649355
0.02195649355
0.02195649355
0.02195649355
0.02195649355
0.02195649355
0.02195649355
0.02195649355
0.02195649355
0.02195649355
0.02195649355
0.02195649355
0.02195649355
0.02195649355
0.02195649355
0.02195649355
0.02195649355
0.02195649355
0.02195649355
0.02195649355
0.02195649355
0.02195649355
0.02195649355
0.02195649355
0.02195649355
0.02195649355
0.02195649355
0.02195649355
0.02195649355
0.02195649355
0.02195649355
0.02195649355
0.02195649355
0.02195649355
0.02195649355
0.02195649355
0.02195649355
0.02195649355
0.02195649355
0.02195649355
0.02195649355
0.02195649355
0.02195649355
0.02195649355
0.02195649355
0.02195649355
0.02195649355
0.02195649355
0.02195649355
0.02195649355
0.02195649355
0.02195649355
0.02195649355
0.02195649355
0.02195649355
0.02195649355
0.02195649355
0.02195649355
0.02195649355
0.02195649355
0.02195649355
0.02195649355
0.02195649355
0.02195649355
0.02195649355
0.02195649355
0.02195649355
0.02195649355
0.02195649355
0.02195649355
0.02195649355
0.02195649355
0.02195649355
0.02195649355
0.02195649355
0.02195649355
0.02195649355
0.02195649355
0.02195649355
0.02195649355
0.02195649355
0.02195649355
0.02195649355
0.02195649355
0.02195649355
0.02195649355
0.02195649355
0.02195649355
0.02195649355
0.02195649355
0.02195649355
0.02195649355
0.02195649355
0.02195649355
0.02195649355
0.02195649355
0.02195649355
0.02195649355
0.02195649355
0.02195649355
0.02195649355
0.02195649355
0.02195649355
0.02195649355
0.02195649355
0.02195649355
0.02195649355
0.02195649355
0.02195649355
0.02195649355
0.02195649355
0.02195649355
0.02195649355
0.02195649355
0.02195649355
0.02195649355
0.02195649355
0.02195649355
0.02195649355
0.02195649355
0.02195649355
0.02195649355
0.02195649355
0.02195649355
0.02195649355
0.02195649355
0.02195649355
0.02195649355
0.02195649355
0.02195649355
0.02195649355
0.02195649355
0.02195649355
0.02195649355
0.02195649355
0.02195649355
0.2814744198
0.2810753733
0.2805632299
0.279772785
0.2787068316
0.2773693986
0.2757658535
0.2739029928
0.2717893689
0.2694343881
0.2668484246
0.2640426802
0.2610290151
0.2578197917
0.2544277449
0.2508658881
0.2471474612
0.243285926
0.2392950081
0.235188781
0.2309817818
0.2266891483
0.2223267577
0.2179113532
0.2134606408
0.2089933438
0.2045292096
0.2000889678
0.19569425
0.191367488
0.1871318074
0.1830109368
0.1790291385
0.1752111563
0.171582155
0.1681676138
0.1649931322
0.1620841175
0.1594653666
0.1571611138
0.1551936762
0.1535835632
0.1523506926
0.1515159885
0.1511035777
0.15114266
0.1516670791
0.1526937814
0.1533628802
0.145779923
0.09775372517
0.02210221743
0.02195662608
0.02195649373
0.02195649355
0.02195649355
0.02195649355
0.02195649355
0.02195649355
0.02195649355
0.02195649355
0.02195649355
0.02195649355
0.02195649355
0.02195649355
0.02195649355
0.02195649355
0.02195649355
0.02195649355
0.02195649355
0.02195649355
0.02195649355
0.02195649355
0.02195649355
0.02195649355
0.02195649355
0.02195649355
0.02195649355
0.02195649355
0.02195649355
0.02195649355
0.02195649355
0.02195649355
0.02195649355
0.02195649355
0.02195649355
0.02195649355
0.02195649355
0.02195649355
0.02195649355
0.02195649355
0.02195649355
0.02195649355
0.02195649355
0.02195649355
0.02195649355
0.02195649355
0.02195649355
0.02195649355
0.02195649355
0.02195649355
0.02195649355
0.02195649355
0.02195649355
0.02195649355
0.02195649355
0.02195649355
0.02195649355
0.02195649355
0.02195649355
0.02195649355
0.02195649355
0.02195649355
0.02195649355
0.02195649355
0.02195649355
0.02195649355
0.02195649355
0.02195649355
0.02195649355
0.02195649355
0.02195649355
0.02195649355
0.02195649355
0.02195649355
0.02195649355
0.02195649355
0.02195649355
0.02195649355
0.02195649355
0.02195649355
0.02195649355
0.02195649355
0.02195649355
0.02195649355
0.02195649355
0.02195649355
0.02195649355
0.02195649355
0.02195649355
0.02195649355
0.02195649355
0.02195649355
0.02195649355
0.02195649355
0.02195649355
0.02195649355
0.02195649355
0.02195649355
0.02195649355
0.02195649355
0.02195649355
0.02195649355
0.02195649355
0.02195649355
0.02195649355
0.02195649355
0.02195649355
0.02195649355
0.02195649355
0.02195649355
0.02195649355
0.02195649355
0.02195649355
0.02195649355
0.02195649355
0.02195649355
0.02195649355
0.02195649355
0.02195649355
0.02195649355
0.02195649355
0.02195649355
0.02195649355
0.02195649355
0.02195649355
0.02195649355
0.02195649355
0.02195649355
0.02195649355
0.02195649355
0.02195649355
0.02195649355
0.02195649355
0.02195649355
0.02195649355
0.02195649355
0.02195649355
0.02195649355
0.02195649355
0.02195649355
0.02195649355
0.02195649355
0.02195649355
0.02195649355
0.02195649355
0.02195649355
0.02195649355
0.02195649355
0.02195649355
0.2812983238
0.2808958983
0.2803759562
0.2795741776
0.2784933778
0.2771376306
0.2755123741
0.2736245726
0.2714828873
0.2690968891
0.2664771573
0.2636351416
0.2605829933
0.2573334126
0.2538995199
0.250294763
0.2465328654
0.2426278211
0.2385939335
0.2344458942
0.2301988919
0.2258687382
0.2214719946
0.2170260834
0.2125493684
0.2080611928
0.2035818702
0.1991326305
0.1947355306
0.1904133475
0.1861894716
0.1820878149
0.1781327398
0.1743489999
0.1707616642
0.1673959913
0.1642772161
0.1614302342
0.1588792115
0.156647812
0.154757561
0.1532285988
0.1520806887
0.1513344911
0.1510128797
0.1511413294
0.1517458366
0.1528249666
0.1533128197
0.1445238567
0.09058886746
0.02207974109
0.02195660614
0.02195649369
0.02195649355
0.02195649355
0.02195649355
0.02195649355
0.02195649355
0.02195649355
0.02195649355
0.02195649355
0.02195649355
0.02195649355
0.02195649355
0.02195649355
0.02195649355
0.02195649355
0.02195649355
0.02195649355
0.02195649355
0.02195649355
0.02195649355
0.02195649355
0.02195649355
0.02195649355
0.02195649355
0.02195649355
0.02195649355
0.02195649355
0.02195649355
0.02195649355
0.02195649355
0.02195649355
0.02195649355
0.02195649355
0.02195649355
0.02195649355
0.02195649355
0.02195649355
0.02195649355
0.02195649355
0.02195649355
0.02195649355
0.02195649355
0.02195649355
0.02195649355
0.02195649355
0.02195649355
0.02195649355
0.02195649355
0.02195649355
0.02195649355
0.02195649355
0.02195649355
0.02195649355
0.02195649355
0.02195649355
0.02195649355
0.02195649355
0.02195649355
0.02195649355
0.02195649355
0.02195649355
0.02195649355
0.02195649355
0.02195649355
0.02195649355
0.02195649355
0.02195649355
0.02195649355
0.02195649355
0.02195649355
0.02195649355
0.02195649355
0.02195649355
0.02195649355
0.02195649355
0.02195649355
0.02195649355
0.02195649355
0.02195649355
0.02195649355
0.02195649355
0.02195649355
0.02195649355
0.02195649355
0.02195649355
0.02195649355
0.02195649355
0.02195649355
0.02195649355
0.02195649355
0.02195649355
0.02195649355
0.02195649355
0.02195649355
0.02195649355
0.02195649355
0.02195649355
0.02195649355
0.02195649355
0.02195649355
0.02195649355
0.02195649355
0.02195649355
0.02195649355
0.02195649355
0.02195649355
0.02195649355
0.02195649355
0.02195649355
0.02195649355
0.02195649355
0.02195649355
0.02195649355
0.02195649355
0.02195649355
0.02195649355
0.02195649355
0.02195649355
0.02195649355
0.02195649355
0.02195649355
0.02195649355
0.02195649355
0.02195649355
0.02195649355
0.02195649355
0.02195649355
0.02195649355
0.02195649355
0.02195649355
0.02195649355
0.02195649355
0.02195649355
0.02195649355
0.02195649355
0.02195649355
0.02195649355
0.02195649355
0.02195649355
0.02195649355
0.02195649355
0.02195649355
0.02195649355
0.02195649355
0.02195649355
0.02195649355
0.02195649355
0.2811142227
0.280708461
0.2801807221
0.2793676225
0.2782720005
0.2768979766
0.2752510637
0.2733384038
0.271168759
0.268751873
0.2660985393
0.2632204637
0.2601300986
0.2568404918
0.2533651602
0.2497179973
0.2459132217
0.2419653695
0.2378893303
0.23370042
0.2294144813
0.2250479995
0.2206182156
0.2161432227
0.2116420305
0.207134587
0.2026417557
0.1981852494
0.1937875343
0.1894717188
0.1852614453
0.1811807987
0.1772542324
0.1735064993
0.1699625631
0.1666474536
0.1635860398
0.1608027153
0.1583210593
0.1561641591
0.1543527411
0.1529063964
0.151844242
0.1511857205
0.1509510501
0.1511605525
0.1518319591
0.1529455687
0.1532082535
0.1431148611
0.08246747323
0.02205746788
0.02195658835
0.02195649366
0.02195649355
0.02195649355
0.02195649355
0.02195649355
0.02195649355
0.02195649355
0.02195649355
0.02195649355
0.02195649355
0.02195649355
0.02195649355
0.02195649355
0.02195649355
0.02195649355
0.02195649355
0.02195649355
0.02195649355
0.02195649355
0.02195649355
0.02195649355
0.02195649355
0.02195649355
0.02195649355
0.02195649355
0.02195649355
0.02195649355
0.02195649355
0.02195649355
0.02195649355
0.02195649355
0.02195649355
0.02195649355
0.02195649355
0.02195649355
0.02195649355
0.02195649355
0.02195649355
0.02195649355
0.02195649355
0.02195649355
0.02195649355
0.02195649355
0.02195649355
0.02195649355
0.02195649355
0.02195649355
0.02195649355
0.02195649355
0.02195649355
0.02195649355
0.02195649355
0.02195649355
0.02195649355
0.02195649355
0.02195649355
0.02195649355
0.02195649355
0.02195649355
0.02195649355
0.02195649355
0.02195649355
0.02195649355
0.02195649355
0.02195649355
0.02195649355
0.02195649355
0.02195649355
0.02195649355
0.02195649355
0.02195649355
0.02195649355
0.02195649355
0.02195649355
0.02195649355
0.02195649355
0.02195649355
0.02195649355
0.02195649355
0.02195649355
0.02195649355
0.02195649355
0.02195649355
0.02195649355
0.02195649355
0.02195649355
0.02195649355
0.02195649355
0.02195649355
0.02195649355
0.02195649355
0.02195649355
0.02195649355
0.02195649355
0.02195649355
0.02195649355
0.02195649355
0.02195649355
0.02195649355
0.02195649355
0.02195649355
0.02195649355
0.02195649355
0.02195649355
0.02195649355
0.02195649355
0.02195649355
0.02195649355
0.02195649355
0.02195649355
0.02195649355
0.02195649355
0.02195649355
0.02195649355
0.02195649355
0.02195649355
0.02195649355
0.02195649355
0.02195649355
0.02195649355
0.02195649355
0.02195649355
0.02195649355
0.02195649355
0.02195649355
0.02195649355
0.02195649355
0.02195649355
0.02195649355
0.02195649355
0.02195649355
0.02195649355
0.02195649355
0.02195649355
0.02195649355
0.02195649355
0.02195649355
0.02195649355
0.02195649355
0.02195649355
0.02195649355
0.02195649355
0.02195649355
0.02195649355
0.02195649355
0.02195649355
0.02195649355
0.2809220987
0.2805130185
0.2799774898
0.2791530904
0.2780426822
0.2766504343
0.2749819379
0.2730445183
0.2708470382
0.2683994186
0.2657126749
0.2627987769
0.2596704866
0.2563412091
0.2528248674
0.249135811
0.2452887635
0.2412988125
0.2371814414
0.2329525961
0.228628777
0.2242271432
0.2197656125
0.215262943
0.2107387815
0.2062136708
0.2017090125
0.1972469913
0.1928504712
0.1885428817
0.1843481082
0.1802903989
0.176394286
0.1726845077
0.1691859041
0.1659232557
0.1629210431
0.1602031326
0.1577926024
0.1557117122
0.1539803703
0.1526172837
0.1516403216
0.1510668025
0.1509132612
0.1511942717
0.151920052
0.153053122
0.1530500777
0.1415491767
0.07319080646
0.02203524073
0.0219565711
0.02195649364
0.02195649355
0.02195649355
0.02195649355
0.02195649355
0.02195649355
0.02195649355
0.02195649355
0.02195649355
0.02195649355
0.02195649355
0.02195649355
0.02195649355
0.02195649355
0.02195649355
0.02195649355
0.02195649355
0.02195649355
0.02195649355
0.02195649355
0.02195649355
0.02195649355
0.02195649355
0.02195649355
0.02195649355
0.02195649355
0.02195649355
0.02195649355
0.02195649355
0.02195649355
0.02195649355
0.02195649355
0.02195649355
0.02195649355
0.02195649355
0.02195649355
0.02195649355
0.02195649355
0.02195649355
0.02195649355
0.02195649355
0.02195649355
0.02195649355
0.02195649355
0.02195649355
0.02195649355
0.02195649355
0.02195649355
0.02195649355
0.02195649355
0.02195649355
0.02195649355
0.02195649355
0.02195649355
0.02195649355
0.02195649355
0.02195649355
0.02195649355
0.02195649355
0.02195649355
0.02195649355
0.02195649355
0.02195649355
0.02195649355
0.02195649355
0.02195649355
0.02195649355
0.02195649355
0.02195649355
0.02195649355
0.02195649355
0.02195649355
0.02195649355
0.02195649355
0.02195649355
0.02195649355
0.02195649355
0.02195649355
0.02195649355
0.02195649355
0.02195649355
0.02195649355
0.02195649355
0.02195649355
0.02195649355
0.02195649355
0.02195649355
0.02195649355
0.02195649355
0.02195649355
0.02195649355
0.02195649355
0.02195649355
0.02195649355
0.02195649355
0.02195649355
0.02195649355
0.02195649355
0.02195649355
0.02195649355
0.02195649355
0.02195649355
0.02195649355
0.02195649355
0.02195649355
0.02195649355
0.02195649355
0.02195649355
0.02195649355
0.02195649355
0.02195649355
0.02195649355
0.02195649355
0.02195649355
0.02195649355
0.02195649355
0.02195649355
0.02195649355
0.02195649355
0.02195649355
0.02195649355
0.02195649355
0.02195649355
0.02195649355
0.02195649355
0.02195649355
0.02195649355
0.02195649355
0.02195649355
0.02195649355
0.02195649355
0.02195649355
0.02195649355
0.02195649355
0.02195649355
0.02195649355
0.02195649355
0.02195649355
0.02195649355
0.02195649355
0.02195649355
0.02195649355
0.02195649355
0.02195649355
0.02195649355
0.02195649355
0.02195649355
0.280722078
0.2803096717
0.2797663597
0.2789306805
0.2778055203
0.2763950998
0.274705091
0.2727430077
0.2705178146
0.2680396156
0.2653196542
0.2623701721
0.2592042493
0.2558356573
0.2522787354
0.2485482991
0.2446595864
0.2406282458
0.2364703626
0.2322025191
0.2278418775
0.2234062724
0.2189142978
0.2143853731
0.209839777
0.2052986396
0.2007838925
0.1963181827
0.1919247633
0.1876273748
0.1834501343
0.1794174389
0.1755538814
0.1718841605
0.1684329615
0.1652247787
0.1622836636
0.1596329109
0.1572950614
0.1552913436
0.1536406706
0.1523604764
0.1514667876
0.1509740766
0.1508946309
0.1512374311
0.1520067118
0.1531473335
0.1528404112
0.1398215102
0.06248344012
0.02201342066
0.02195655393
0.02195649362
0.02195649355
0.02195649355
0.02195649355
0.02195649355
0.02195649355
0.02195649355
0.02195649355
0.02195649355
0.02195649355
0.02195649355
0.02195649355
0.02195649355
0.02195649355
0.02195649355
0.02195649355
0.02195649355
0.02195649355
0.02195649355
0.02195649355
0.02195649355
0.02195649355
0.02195649355
0.02195649355
0.02195649355
0.02195649355
0.02195649355
0.02195649355
0.02195649355
0.02195649355
0.02195649355
0.02195649355
0.02195649355
0.02195649355
0.02195649355
0.02195649355
0.02195649355
0.02195649355
0.02195649355
0.02195649355
0.02195649355
0.02195649355
0.02195649355
0.02195649355
0.02195649355
0.02195649355
0.02195649355
0.02195649355
0.02195649355
0.02195649355
0.02195649355
0.02195649355
0.02195649355
0.02195649355
0.02195649355
0.02195649355
0.02195649355
0.02195649355
0.02195649355
0.02195649355
0.02195649355
0.02195649355
0.02195649355
0.02195649355
0.02195649355
0.02195649355
0.02195649355
0.02195649355
0.02195649355
0.02195649355
0.02195649355
0.02195649355
0.02195649355
0.02195649355
0.02195649355
0.02195649355
0.02195649355
0.02195649355
0.02195649355
0.02195649355
0.02195649355
0.02195649355
0.02195649355
0.02195649355
0.02195649355
0.02195649355
0.02195649355
0.02195649355
0.02195649355
0.02195649355
0.02195649355
0.02195649355
0.02195649355
0.02195649355
0.02195649355
0.02195649355
0.02195649355
0.02195649355
0.02195649355
0.02195649355
0.02195649355
0.02195649355
0.02195649355
0.02195649355
0.02195649355
0.02195649355
0.02195649355
0.02195649355
0.02195649355
0.02195649355
0.02195649355
0.02195649355
0.02195649355
0.02195649355
0.02195649355
0.02195649355
0.02195649355
0.02195649355
0.02195649355
0.02195649355
0.02195649355
0.02195649355
0.02195649355
0.02195649355
0.02195649355
0.02195649355
0.02195649355
0.02195649355
0.02195649355
0.02195649355
0.02195649355
0.02195649355
0.02195649355
0.02195649355
0.02195649355
0.02195649355
0.02195649355
0.02195649355
0.02195649355
0.02195649355
0.02195649355
0.02195649355
0.02195649355
0.02195649355
0.02195649355
0.02195649355
0.02195649355
0.2805143868
0.2800986249
0.2795475313
0.2787005829
0.2775606928
0.2761321352
0.2744206667
0.2724339953
0.2701811908
0.2676725454
0.2649195383
0.2619346912
0.2587314112
0.2553238464
0.2517267626
0.247955452
0.244025678
0.2399536596
0.2357560929
0.231450204
0.2270538218
0.2225854597
0.2180643879
0.2135106856
0.208945259
0.2043898188
0.1998668186
0.1953993584
0.1910110688
0.186725988
0.1825684476
0.178562972
0.1747341853
0.1711067102
0.167705033
0.1645533089
0.1616750998
0.1590930563
0.1568290826
0.1549031684
0.1533329833
0.1521342953
0.151320784
0.15090361
0.1508907116
0.1512862156
0.1520903241
0.1532294873
0.1525821325
0.1379253339
0.04993298271
0.02199276664
0.02195653693
0.0219564936
0.02195649355
0.02195649355
0.02195649355
0.02195649355
0.02195649355
0.02195649355
0.02195649355
0.02195649355
0.02195649355
0.02195649355
0.02195649355
0.02195649355
0.02195649355
0.02195649355
0.02195649355
0.02195649355
0.02195649355
0.02195649355
0.02195649355
0.02195649355
0.02195649355
0.02195649355
0.02195649355
0.02195649355
0.02195649355
0.02195649355
0.02195649355
0.02195649355
0.02195649355
0.02195649355
0.02195649355
0.02195649355
0.02195649355
0.02195649355
0.02195649355
0.02195649355
0.02195649355
0.02195649355
0.02195649355
0.02195649355
0.02195649355
0.02195649355
0.02195649355
0.02195649355
0.02195649355
0.02195649355
0.02195649355
0.02195649355
0.02195649355
0.02195649355
0.02195649355
0.02195649355
0.02195649355
0.02195649355
0.02195649355
0.02195649355
0.02195649355
0.02195649355
0.02195649355
0.02195649355
0.02195649355
0.02195649355
0.02195649355
0.02195649355
0.02195649355
0.02195649355
0.02195649355
0.02195649355
0.02195649355
0.02195649355
0.02195649355
0.02195649355
0.02195649355
0.02195649355
0.02195649355
0.02195649355
0.02195649355
0.02195649355
0.02195649355
0.02195649355
0.02195649355
0.02195649355
0.02195649355
0.02195649355
0.02195649355
0.02195649355
0.02195649355
0.02195649355
0.02195649355
0.02195649355
0.02195649355
0.02195649355
0.02195649355
0.02195649355
0.02195649355
0.02195649355
0.02195649355
0.02195649355
0.02195649355
0.02195649355
0.02195649355
0.02195649355
0.02195649355
0.02195649355
0.02195649355
0.02195649355
0.02195649355
0.02195649355
0.02195649355
0.02195649355
0.02195649355
0.02195649355
0.02195649355
0.02195649355
0.02195649355
0.02195649355
0.02195649355
0.02195649355
0.02195649355
0.02195649355
0.02195649355
0.02195649355
0.02195649355
0.02195649355
0.02195649355
0.02195649355
0.02195649355
0.02195649355
0.02195649355
0.02195649355
0.02195649355
0.02195649355
0.02195649355
0.02195649355
0.02195649355
0.02195649355
0.02195649355
0.02195649355
0.02195649355
0.02195649355
0.02195649355
0.02195649355
0.02195649355
0.02195649355
0.02195649355
0.02195649355
0.2802993238
0.2798801505
0.2793212646
0.2784630402
0.2773084196
0.2758617341
0.2741288288
0.272117612
0.2698372635
0.2672982708
0.2645123571
0.2614923335
0.2582519451
0.2548057276
0.2511688855
0.2473571997
0.2433869706
0.2392749988
0.2350386013
0.2306956557
0.2262646642
0.2217648217
0.2172160755
0.212639162
0.2080556095
0.2034877018
0.1989584037
0.1944912553
0.1901102483
0.1858396986
0.181704128
0.1777281562
0.1739364002
0.1703533594
0.1670032639
0.1639098652
0.1610961588
0.1585840557
0.1563946863
0.1545465891
0.1530559222
0.151936436
0.1511991005
0.1508515782
0.1508977604
0.1513380689
0.1521707728
0.1533020064
0.1522788209
0.1358536882
0.03481531993
0.02197453229
0.02195652052
0.02195649359
0.02195649355
0.02195649355
0.02195649355
0.02195649355
0.02195649355
0.02195649355
0.02195649355
0.02195649355
0.02195649355
0.02195649355
0.02195649355
0.02195649355
0.02195649355
0.02195649355
0.02195649355
0.02195649355
0.02195649355
0.02195649355
0.02195649355
0.02195649355
0.02195649355
0.02195649355
0.02195649355
0.02195649355
0.02195649355
0.02195649355
0.02195649355
0.02195649355
0.02195649355
0.02195649355
0.02195649355
0.02195649355
0.02195649355
0.02195649355
0.02195649355
0.02195649355
0.02195649355
0.02195649355
0.02195649355
0.02195649355
0.02195649355
0.02195649355
0.02195649355
0.02195649355
0.02195649355
0.02195649355
0.02195649355
0.02195649355
0.02195649355
0.02195649355
0.02195649355
0.02195649355
0.02195649355
0.02195649355
0.02195649355
0.02195649355
0.02195649355
0.02195649355
0.02195649355
0.02195649355
0.02195649355
0.02195649355
0.02195649355
0.02195649355
0.02195649355
0.02195649355
0.02195649355
0.02195649355
0.02195649355
0.02195649355
0.02195649355
0.02195649355
0.02195649355
0.02195649355
0.02195649355
0.02195649355
0.02195649355
0.02195649355
0.02195649355
0.02195649355
0.02195649355
0.02195649355
0.02195649355
0.02195649355
0.02195649355
0.02195649355
0.02195649355
0.02195649355
0.02195649355
0.02195649355
0.02195649355
0.02195649355
0.02195649355
0.02195649355
0.02195649355
0.02195649355
0.02195649355
0.02195649355
0.02195649355
0.02195649355
0.02195649355
0.02195649355
0.02195649355
0.02195649355
0.02195649355
0.02195649355
0.02195649355
0.02195649355
0.02195649355
0.02195649355
0.02195649355
0.02195649355
0.02195649355
0.02195649355
0.02195649355
0.02195649355
0.02195649355
0.02195649355
0.02195649355
0.02195649355
0.02195649355
0.02195649355
0.02195649355
0.02195649355
0.02195649355
0.02195649355
0.02195649355
0.02195649355
0.02195649355
0.02195649355
0.02195649355
0.02195649355
0.02195649355
0.02195649355
0.02195649355
0.02195649355
0.02195649355
0.02195649355
0.02195649355
0.02195649355
0.02195649355
0.02195649355
0.02195649355
0.02195649355
0.02195649355
0.02195649355
0.2800771694
0.2796545193
0.2790878189
0.2782182934
0.2770489166
0.2755840808
0.2738297343
0.2717939768
0.2694861129
0.2669168341
0.2640981173
0.2610430743
0.2577658003
0.2542812319
0.2506050259
0.2467534656
0.2427434018
0.2385922291
0.2343178956
0.2299389394
0.2254745411
0.22094458
0.2163696798
0.2117712294
0.2071713713
0.2025929505
0.198059428
0.1935947647
0.1892232911
0.1849695737
0.1808582907
0.1769141179
0.1731616171
0.1696251076
0.1663284974
0.1632950552
0.1605471127
0.1581057845
0.1559911446
0.1542201218
0.1528070633
0.1517633694
0.151097038
0.1508122911
0.1509098279
0.1513889568
0.15225252
0.1533987861
0.1520581985
0.1338662781
0.0271319131
0.02196454885
0.02195650858
0.02195649357
0.02195649355
0.02195649355
0.02195649355
0.02195649355
0.02195649355
0.02195649355
0.02195649355
0.02195649355
0.02195649355
0.02195649355
0.02195649355
0.02195649355
0.02195649355
0.02195649355
0.02195649355
0.02195649355
0.02195649355
0.02195649355
0.02195649355
0.02195649355
0.02195649355
0.02195649355
0.02195649355
0.02195649355
0.02195649355
0.02195649355
0.02195649355
0.02195649355
0.02195649355
0.02195649355
0.02195649355
0.02195649355
0.02195649355
0.02195649355
0.02195649355
0.02195649355
0.02195649355
0.02195649355
0.02195649355
0.02195649355
0.02195649355
0.02195649355
0.02195649355
0.02195649355
0.02195649355
0.02195649355
0.02195649355
0.02195649355
0.02195649355
0.02195649355
0.02195649355
0.02195649355
0.02195649355
0.02195649355
0.02195649355
0.02195649355
0.02195649355
0.02195649355
0.02195649355
0.02195649355
0.02195649355
0.02195649355
0.02195649355
0.02195649355
0.02195649355
0.02195649355
0.02195649355
0.02195649355
0.02195649355
0.02195649355
0.02195649355
0.02195649355
0.02195649355
0.02195649355
0.02195649355
0.02195649355
0.02195649355
0.02195649355
0.02195649355
0.02195649355
0.02195649355
0.02195649355
0.02195649355
0.02195649355
0.02195649355
0.02195649355
0.02195649355
0.02195649355
0.02195649355
0.02195649355
0.02195649355
0.02195649355
0.02195649355
0.02195649355
0.02195649355
0.02195649355
0.02195649355
0.02195649355
0.02195649355
0.02195649355
0.02195649355
0.02195649355
0.02195649355
0.02195649355
0.02195649355
0.02195649355
0.02195649355
0.02195649355
0.02195649355
0.02195649355
0.02195649355
0.02195649355
0.02195649355
0.02195649355
0.02195649355
0.02195649355
0.02195649355
0.02195649355
0.02195649355
0.02195649355
0.02195649355
0.02195649355
0.02195649355
0.02195649355
0.02195649355
0.02195649355
0.02195649355
0.02195649355
0.02195649355
0.02195649355
0.02195649355
0.02195649355
0.02195649355
0.02195649355
0.02195649355
0.02195649355
0.02195649355
0.02195649355
0.02195649355
0.02195649355
0.02195649355
0.02195649355
0.02195649355
0.02195649355
0.02195649355
0.02195649355
0.2798481652
0.2794219639
0.2788474139
0.2779665423
0.2767823578
0.2752993157
0.2735235166
0.2714631865
0.2691278001
0.2665282641
0.2636768193
0.260586891
0.2572729385
0.2537503146
0.2500351433
0.2461442257
0.2420949775
0.2379054004
0.2335940844
0.2291802358
0.2246837187
0.2201250977
0.2155256688
0.2109074658
0.2062932326
0.2017063584
0.1971707794
0.1927108524
0.1883512167
0.1841166543
0.1800319596
0.1761218171
0.1724106777
0.1689226155
0.1656811398
0.1627089433
0.1600275778
0.1576573207
0.1556167773
0.1539211542
0.1525826912
0.1516102041
0.1510087441
0.1507797883
0.150922932
0.1514409846
0.1523498128
0.1535472189
0.1519265837
0.1319049244
0.02399038913
0.02195995846
0.02195650133
0.02195649356
0.02195649355
0.02195649355
0.02195649355
0.02195649355
0.02195649355
0.02195649355
0.02195649355
0.02195649355
0.02195649355
0.02195649355
0.02195649355
0.02195649355
0.02195649355
0.02195649355
0.02195649355
0.02195649355
0.02195649355
0.02195649355
0.02195649355
0.02195649355
0.02195649355
0.02195649355
0.02195649355
0.02195649355
0.02195649355
0.02195649355
0.02195649355
0.02195649355
0.02195649355
0.02195649355
0.02195649355
0.02195649355
0.02195649355
0.02195649355
0.02195649355
0.02195649355
0.02195649355
0.02195649355
0.02195649355
0.02195649355
0.02195649355
0.02195649355
0.02195649355
0.02195649355
0.02195649355
0.02195649355
0.02195649355
0.02195649355
0.02195649355
0.02195649355
0.02195649355
0.02195649355
0.02195649355
0.02195649355
0.02195649355
0.02195649355
0.02195649355
0.02195649355
0.02195649355
0.02195649355
0.02195649355
0.02195649355
0.02195649355
0.02195649355
0.02195649355
0.02195649355
0.02195649355
0.02195649355
0.02195649355
0.02195649355
0.02195649355
0.02195649355
0.02195649355
0.02195649355
0.02195649355
0.02195649355
0.02195649355
0.02195649355
0.02195649355
0.02195649355
0.02195649355
0.02195649355
0.02195649355
0.02195649355
0.02195649355
0.02195649355
0.02195649355
0.02195649355
0.02195649355
0.02195649355
0.02195649355
0.02195649355
0.02195649355
0.02195649355
0.02195649355
0.02195649355
0.02195649355
0.02195649355
0.02195649355
0.02195649355
0.02195649355
0.02195649355
0.02195649355
0.02195649355
0.02195649355
0.02195649355
0.02195649355
0.02195649355
0.02195649355
0.02195649355
0.02195649355
0.02195649355
0.02195649355
0.02195649355
0.02195649355
0.02195649355
0.02195649355
0.02195649355
0.02195649355
0.02195649355
0.02195649355
0.02195649355
0.02195649355
0.02195649355
0.02195649355
0.02195649355
0.02195649355
0.02195649355
0.02195649355
0.02195649355
0.02195649355
0.02195649355
0.02195649355
0.02195649355
0.02195649355
0.02195649355
0.02195649355
0.02195649355
0.02195649355
0.02195649355
0.02195649355
0.02195649355
0.02195649355
0.02195649355
0.02195649355
0.02195649355
0.2796124576
0.279182636
0.2786001929
0.2777079192
0.2765088626
0.2750075493
0.2732102459
0.2711252988
0.2687623669
0.2661325871
0.263248478
0.2601237929
0.2567733712
0.2532129978
0.2494592814
0.245529557
0.24144182
0.2372146921
0.232867416
0.2284198733
0.2238926139
0.2193068856
0.2146846496
0.2100485717
0.2054219802
0.2008287863
0.1962933736
0.1918404629
0.1874949662
0.1832818397
0.1792259468
0.1753519261
0.171684055
0.1682460889
0.1650610509
0.1621509547
0.1595364486
0.15723682
0.1552689306
0.153646098
0.1523782969
0.1514718116
0.1509293151
0.1507510802
0.1509386347
0.1515029506
0.1524774552
0.1537516454
0.1518380794
0.1298759108
0.02282999983
0.02195800474
0.02195649741
0.02195649356
0.02195649355
0.02195649355
0.02195649355
0.02195649355
0.02195649355
0.02195649355
0.02195649355
0.02195649355
0.02195649355
0.02195649355
0.02195649355
0.02195649355
0.02195649355
0.02195649355
0.02195649355
0.02195649355
0.02195649355
0.02195649355
0.02195649355
0.02195649355
0.02195649355
0.02195649355
0.02195649355
0.02195649355
0.02195649355
0.02195649355
0.02195649355
0.02195649355
0.02195649355
0.02195649355
0.02195649355
0.02195649355
0.02195649355
0.02195649355
0.02195649355
0.02195649355
0.02195649355
0.02195649355
0.02195649355
0.02195649355
0.02195649355
0.02195649355
0.02195649355
0.02195649355
0.02195649355
0.02195649355
0.02195649355
0.02195649355
0.02195649355
0.02195649355
0.02195649355
0.02195649355
0.02195649355
0.02195649355
0.02195649355
0.02195649355
0.02195649355
0.02195649355
0.02195649355
0.02195649355
0.02195649355
0.02195649355
0.02195649355
0.02195649355
0.02195649355
0.02195649355
0.02195649355
0.02195649355
0.02195649355
0.02195649355
0.02195649355
0.02195649355
0.02195649355
0.02195649355
0.02195649355
0.02195649355
0.02195649355
0.02195649355
0.02195649355
0.02195649355
0.02195649355
0.02195649355
0.02195649355
0.02195649355
0.02195649355
0.02195649355
0.02195649355
0.02195649355
0.02195649355
0.02195649355
0.02195649355
0.02195649355
0.02195649355
0.02195649355
0.02195649355
0.02195649355
0.02195649355
0.02195649355
0.02195649355
0.02195649355
0.02195649355
0.02195649355
0.02195649355
0.02195649355
0.02195649355
0.02195649355
0.02195649355
0.02195649355
0.02195649355
0.02195649355
0.02195649355
0.02195649355
0.02195649355
0.02195649355
0.02195649355
0.02195649355
0.02195649355
0.02195649355
0.02195649355
0.02195649355
0.02195649355
0.02195649355
0.02195649355
0.02195649355
0.02195649355
0.02195649355
0.02195649355
0.02195649355
0.02195649355
0.02195649355
0.02195649355
0.02195649355
0.02195649355
0.02195649355
0.02195649355
0.02195649355
0.02195649355
0.02195649355
0.02195649355
0.02195649355
0.02195649355
0.02195649355
0.02195649355
0.02195649355
0.02195649355
0.02195649355
0.279370077
0.2789365832
0.2783462027
0.2774424693
0.2762284744
0.2747088224
0.2728899554
0.2707803458
0.268389848
0.2657298434
0.2628131436
0.259653846
0.256267187
0.2526694015
0.2488775997
0.2449096671
0.240784194
0.2365204346
0.2321382932
0.2276583315
0.2231017853
0.21849058
0.2138473313
0.2091953203
0.2045584363
0.1999610847
0.1954280644
0.1909844225
0.1866553012
0.1824657842
0.1784407506
0.1746047328
0.1709817654
0.167595204
0.164467491
0.1616198486
0.1590718919
0.1568417436
0.1549443571
0.1533910829
0.1521897154
0.15134446
0.1508567116
0.1507275353
0.1509631826
0.1515851911
0.1526429136
0.1539990134
0.1517467331
0.1277362999
0.02241844076
0.02195720595
0.02195649545
0.02195649355
0.02195649355
0.02195649355
0.02195649355
0.02195649355
0.02195649355
0.02195649355
0.02195649355
0.02195649355
0.02195649355
0.02195649355
0.02195649355
0.02195649355
0.02195649355
0.02195649355
0.02195649355
0.02195649355
0.02195649355
0.02195649355
0.02195649355
0.02195649355
0.02195649355
0.02195649355
0.02195649355
0.02195649355
0.02195649355
0.02195649355
0.02195649355
0.02195649355
0.02195649355
0.02195649355
0.02195649355
0.02195649355
0.02195649355
0.02195649355
0.02195649355
0.02195649355
0.02195649355
0.02195649355
0.02195649355
0.02195649355
0.02195649355
0.02195649355
0.02195649355
0.02195649355
0.02195649355
0.02195649355
0.02195649355
0.02195649355
0.02195649355
0.02195649355
0.02195649355
0.02195649355
0.02195649355
0.02195649355
0.02195649355
0.02195649355
0.02195649355
0.02195649355
0.02195649355
0.02195649355
0.02195649355
0.02195649355
0.02195649355
0.02195649355
0.02195649355
0.02195649355
0.02195649355
0.02195649355
0.02195649355
0.02195649355
0.02195649355
0.02195649355
0.02195649355
0.02195649355
0.02195649355
0.02195649355
0.02195649355
0.02195649355
0.02195649355
0.02195649355
0.02195649355
0.02195649355
0.02195649355
0.02195649355
0.02195649355
0.02195649355
0.02195649355
0.02195649355
0.02195649355
0.02195649355
0.02195649355
0.02195649355
0.02195649355
0.02195649355
0.02195649355
0.02195649355
0.02195649355
0.02195649355
0.02195649355
0.02195649355
0.02195649355
0.02195649355
0.02195649355
0.02195649355
0.02195649355
0.02195649355
0.02195649355
0.02195649355
0.02195649355
0.02195649355
0.02195649355
0.02195649355
0.02195649355
0.02195649355
0.02195649355
0.02195649355
0.02195649355
0.02195649355
0.02195649355
0.02195649355
0.02195649355
0.02195649355
0.02195649355
0.02195649355
0.02195649355
0.02195649355
0.02195649355
0.02195649355
0.02195649355
0.02195649355
0.02195649355
0.02195649355
0.02195649355
0.02195649355
0.02195649355
0.02195649355
0.02195649355
0.02195649355
0.02195649355
0.02195649355
0.02195649355
0.02195649355
0.02195649355
0.02195649355
0.02195649355
0.02195649355
0.2791209642
0.2786837621
0.2780854032
0.2771701585
0.2759411683
0.2744031213
0.2725626452
0.2704283456
0.2680102845
0.2653201017
0.2623709174
0.2591771898
0.2557545693
0.2521197583
0.2482903857
0.2442849034
0.2401225105
0.2358231047
0.2314072592
0.226896218
0.2223119
0.2176768996
0.2130144716
0.2083484915
0.2037033832
0.1991040139
0.19457556
0.1901433537
0.185832721
0.1816688209
0.177676491
0.1738800931
0.1703033451
0.1669691194
0.1638991825
0.1611138595
0.1586316206
0.1564692897
0.1546398806
0.1531528689
0.1520142203
0.151226833
0.1507921405
0.1507137548
0.1510041332
0.1516947544
0.1528448286
0.1542696211
0.151623513
0.1254818215
0.02227110808
0.02195688552
0.02195649451
0.02195649355
0.02195649355
0.02195649355
0.02195649355
0.02195649355
0.02195649355
0.02195649355
0.02195649355
0.02195649355
0.02195649355
0.02195649355
0.02195649355
0.02195649355
0.02195649355
0.02195649355
0.02195649355
0.02195649355
0.02195649355
0.02195649355
0.02195649355
0.02195649355
0.02195649355
0.02195649355
0.02195649355
0.02195649355
0.02195649355
0.02195649355
0.02195649355
0.02195649355
0.02195649355
0.02195649355
0.02195649355
0.02195649355
0.02195649355
0.02195649355
0.02195649355
0.02195649355
0.02195649355
0.02195649355
0.02195649355
0.02195649355
0.02195649355
0.02195649355
0.02195649355
0.02195649355
0.02195649355
0.02195649355
0.02195649355
0.02195649355
0.02195649355
0.02195649355
0.02195649355
0.02195649355
0.02195649355
0.02195649355
0.02195649355
0.02195649355
0.02195649355
0.02195649355
0.02195649355
0.02195649355
0.02195649355
0.02195649355
0.02195649355
0.02195649355
0.02195649355
0.02195649355
0.02195649355
0.02195649355
0.02195649355
0.02195649355
0.02195649355
0.02195649355
0.02195649355
0.02195649355
0.02195649355
0.02195649355
0.02195649355
0.02195649355
0.02195649355
0.02195649355
0.02195649355
0.02195649355
0.02195649355
0.02195649355
0.02195649355
0.02195649355
0.02195649355
0.02195649355
0.02195649355
0.02195649355
0.02195649355
0.02195649355
0.02195649355
0.02195649355
0.02195649355
0.02195649355
0.02195649355
0.02195649355
0.02195649355
0.02195649355
0.02195649355
0.02195649355
0.02195649355
0.02195649355
0.02195649355
0.02195649355
0.02195649355
0.02195649355
0.02195649355
0.02195649355
0.02195649355
0.02195649355
0.02195649355
0.02195649355
0.02195649355
0.02195649355
0.02195649355
0.02195649355
0.02195649355
0.02195649355
0.02195649355
0.02195649355
0.02195649355
0.02195649355
0.02195649355
0.02195649355
0.02195649355
0.02195649355
0.02195649355
0.02195649355
0.02195649355
0.02195649355
0.02195649355
0.02195649355
0.02195649355
0.02195649355
0.02195649355
0.02195649355
0.02195649355
0.02195649355
0.02195649355
0.02195649355
0.02195649355
0.02195649355
0.02195649355
0.02195649355
0.2788649771
0.2784240529
0.2778176847
0.276890893
0.2756468711
0.2740903986
0.2722282989
0.2700693188
0.2676237392
0.2649034724
0.2619219619
0.2586940429
0.2552357966
0.2515644093
0.2476980448
0.2436557358
0.2394573025
0.2351232947
0.2306749591
0.2261342222
0.22152368
0.2168665837
0.2121868096
0.2075088032
0.2028574932
0.1982581733
0.1937363576
0.1893176181
0.1850274157
0.1808909314
0.1769329019
0.1731774526
0.1696479134
0.1663665943
0.1633545016
0.1606309792
0.1582133267
0.1561169428
0.1543530575
0.1529295238
0.1518510109
0.1511199776
0.1507390245
0.1507152886
0.1510672807
0.1518335175
0.1530756835
0.1545450286
0.1514562151
0.1231260559
0.0222143579
0.02195675658
0.02195649408
0.02195649355
0.02195649355
0.02195649355
0.02195649355
0.02195649355
0.02195649355
0.02195649355
0.02195649355
0.02195649355
0.02195649355
0.02195649355
0.02195649355
0.02195649355
0.02195649355
0.02195649355
0.02195649355
0.02195649355
0.02195649355
0.02195649355
0.02195649355
0.02195649355
0.02195649355
0.02195649355
0.02195649355
0.02195649355
0.02195649355
0.02195649355
0.02195649355
0.02195649355
0.02195649355
0.02195649355
0.02195649355
0.02195649355
0.02195649355
0.02195649355
0.02195649355
0.02195649355
0.02195649355
0.02195649355
0.02195649355
0.02195649355
0.02195649355
0.02195649355
0.02195649355
0.02195649355
0.02195649355
0.02195649355
0.02195649355
0.02195649355
0.02195649355
0.02195649355
0.02195649355
0.02195649355
0.02195649355
0.02195649355
0.02195649355
0.02195649355
0.02195649355
0.02195649355
0.02195649355
0.02195649355
0.02195649355
0.02195649355
0.02195649355
0.02195649355
0.02195649355
0.02195649355
0.02195649355
0.02195649355
0.02195649355
0.02195649355
0.02195649355
0.02195649355
0.02195649355
0.02195649355
0.02195649355
0.02195649355
0.02195649355
0.02195649355
0.02195649355
0.02195649355
0.02195649355
0.02195649355
0.02195649355
0.02195649355
0.02195649355
0.02195649355
0.02195649355
0.02195649355
0.02195649355
0.02195649355
0.02195649355
0.02195649355
0.02195649355
0.02195649355
0.02195649355
0.02195649355
0.02195649355
0.02195649355
0.02195649355
0.02195649355
0.02195649355
0.02195649355
0.02195649355
0.02195649355
0.02195649355
0.02195649355
0.02195649355
0.02195649355
0.02195649355
0.02195649355
0.02195649355
0.02195649355
0.02195649355
0.02195649355
0.02195649355
0.02195649355
0.02195649355
0.02195649355
0.02195649355
0.02195649355
0.02195649355
0.02195649355
0.02195649355
0.02195649355
0.02195649355
0.02195649355
0.02195649355
0.02195649355
0.02195649355
0.02195649355
0.02195649355
0.02195649355
0.02195649355
0.02195649355
0.02195649355
0.02195649355
0.02195649355
0.02195649355
0.02195649355
0.02195649355
0.02195649355
0.02195649355
0.02195649355
0.02195649355
0.02195649355
0.02195649355
0.2786019251
0.2781572899
0.2775428978
0.2766045471
0.2753454879
0.2737705971
0.2718869035
0.2697033028
0.2672303061
0.2644801106
0.2614664976
0.2582046938
0.2547112265
0.2510037814
0.2471010704
0.2430227201
0.238789181
0.2344216619
0.2299420849
0.225373056
0.2207378397
0.2160603301
0.2113650044
0.2066768522
0.2020212753
0.1974239574
0.1929107091
0.1885072976
0.1842392692
0.1801317739
0.1762093907
0.1724959481
0.1690143233
0.1657861994
0.1628317629
0.1601693312
0.1578150841
0.155782916
0.1540825635
0.1527206077
0.1517009872
0.1510264517
0.150701428
0.1507366286
0.1511551805
0.1519988211
0.1533254824
0.1548117904
0.1512443332
0.1206887471
0.02218833776
0.02195670252
0.02195649388
0.02195649355
0.02195649355
0.02195649355
0.02195649355
0.02195649355
0.02195649355
0.02195649355
0.02195649355
0.02195649355
0.02195649355
0.02195649355
0.02195649355
0.02195649355
0.02195649355
0.02195649355
0.02195649355
0.02195649355
0.02195649355
0.02195649355
0.02195649355
0.02195649355
0.02195649355
0.02195649355
0.02195649355
0.02195649355
0.02195649355
0.02195649355
0.02195649355
0.02195649355
0.02195649355
0.02195649355
0.02195649355
0.02195649355
0.02195649355
0.02195649355
0.02195649355
0.02195649355
0.02195649355
0.02195649355
0.02195649355
0.02195649355
0.02195649355
0.02195649355
0.02195649355
0.02195649355
0.02195649355
0.02195649355
0.02195649355
0.02195649355
0.02195649355
0.02195649355
0.02195649355
0.02195649355
0.02195649355
0.02195649355
0.02195649355
0.02195649355
0.02195649355
0.02195649355
0.02195649355
0.02195649355
0.02195649355
0.02195649355
0.02195649355
0.02195649355
0.02195649355
0.02195649355
0.02195649355
0.02195649355
0.02195649355
0.02195649355
0.02195649355
0.02195649355
0.02195649355
0.02195649355
0.02195649355
0.02195649355
0.02195649355
0.02195649355
0.02195649355
0.02195649355
0.02195649355
0.02195649355
0.02195649355
0.02195649355
0.02195649355
0.02195649355
0.02195649355
0.02195649355
0.02195649355
0.02195649355
0.02195649355
0.02195649355
0.02195649355
0.02195649355
0.02195649355
0.02195649355
0.02195649355
0.02195649355
0.02195649355
0.02195649355
0.02195649355
0.02195649355
0.02195649355
0.02195649355
0.02195649355
0.02195649355
0.02195649355
0.02195649355
0.02195649355
0.02195649355
0.02195649355
0.02195649355
0.02195649355
0.02195649355
0.02195649355
0.02195649355
0.02195649355
0.02195649355
0.02195649355
0.02195649355
0.02195649355
0.02195649355
0.02195649355
0.02195649355
0.02195649355
0.02195649355
0.02195649355
0.02195649355
0.02195649355
0.02195649355
0.02195649355
0.02195649355
0.02195649355
0.02195649355
0.02195649355
0.02195649355
0.02195649355
0.02195649355
0.02195649355
0.02195649355
0.02195649355
0.02195649355
0.02195649355
0.02195649355
0.02195649355
0.02195649355
0.2783316411
0.2778833166
0.2772609021
0.2763110058
0.2750369383
0.2734436787
0.2715384712
0.2693303667
0.2668301168
0.2640502154
0.2610047935
0.2577094829
0.2541812701
0.2504383523
0.2465000023
0.2423864495
0.2381187821
0.2337188714
0.2292093147
0.2246133919
0.2199550261
0.2152587381
0.2105495845
0.2058530725
0.2011950455
0.1966015411
0.1920986271
0.1877122224
0.1834679132
0.1793907692
0.1755051612
0.1718345691
0.1684013676
0.1652265696
0.1623295128
0.1597274917
0.1574356075
0.1554663416
0.1538282105
0.1525268937
0.1515660689
0.1509492199
0.1506827175
0.1507801455
0.1512671808
0.1521852543
0.153584632
0.1550621248
0.1509940227
0.118191333
0.02217274788
0.0219566773
0.0219564938
0.02195649355
0.02195649355
0.02195649355
0.02195649355
0.02195649355
0.02195649355
0.02195649355
0.02195649355
0.02195649355
0.02195649355
0.02195649355
0.02195649355
0.02195649355
0.02195649355
0.02195649355
0.02195649355
0.02195649355
0.02195649355
0.02195649355
0.02195649355
0.02195649355
0.02195649355
0.02195649355
0.02195649355
0.02195649355
0.02195649355
0.02195649355
0.02195649355
0.02195649355
0.02195649355
0.02195649355
0.02195649355
0.02195649355
0.02195649355
0.02195649355
0.02195649355
0.02195649355
0.02195649355
0.02195649355
0.02195649355
0.02195649355
0.02195649355
0.02195649355
0.02195649355
0.02195649355
0.02195649355
0.02195649355
0.02195649355
0.02195649355
0.02195649355
0.02195649355
0.02195649355
0.02195649355
0.02195649355
0.02195649355
0.02195649355
0.02195649355
0.02195649355
0.02195649355
0.02195649355
0.02195649355
0.02195649355
0.02195649355
0.02195649355
0.02195649355
0.02195649355
0.02195649355
0.02195649355
0.02195649355
0.02195649355
0.02195649355
0.02195649355
0.02195649355
0.02195649355
0.02195649355
0.02195649355
0.02195649355
0.02195649355
0.02195649355
0.02195649355
0.02195649355
0.02195649355
0.02195649355
0.02195649355
0.02195649355
0.02195649355
0.02195649355
0.02195649355
0.02195649355
0.02195649355
0.02195649355
0.02195649355
0.02195649355
0.02195649355
0.02195649355
0.02195649355
0.02195649355
0.02195649355
0.02195649355
0.02195649355
0.02195649355
0.02195649355
0.02195649355
0.02195649355
0.02195649355
0.02195649355
0.02195649355
0.02195649355
0.02195649355
0.02195649355
0.02195649355
0.02195649355
0.02195649355
0.02195649355
0.02195649355
0.02195649355
0.02195649355
0.02195649355
0.02195649355
0.02195649355
0.02195649355
0.02195649355
0.02195649355
0.02195649355
0.02195649355
0.02195649355
0.02195649355
0.02195649355
0.02195649355
0.02195649355
0.02195649355
0.02195649355
0.02195649355
0.02195649355
0.02195649355
0.02195649355
0.02195649355
0.02195649355
0.02195649355
0.02195649355
0.02195649355
0.02195649355
0.02195649355
0.02195649355
0.02195649355
0.02195649355
0.02195649355
0.2780539908
0.2776020127
0.2769715963
0.2760101951
0.2747211832
0.2731096473
0.2711830553
0.2689506197
0.2664233413
0.2636140205
0.2605371492
0.2572087748
0.2536463543
0.2498686069
0.2458953747
0.2417474975
0.2374467057
0.2330155341
0.2284772523
0.2238558076
0.2191757693
0.2144622685
0.2097409201
0.2050377229
0.2003789322
0.1957909062
0.1912999335
0.1869320458
0.1827128282
0.1786672294
0.1748193699
0.1711923419
0.1678079842
0.1646866165
0.1618467262
0.1593046156
0.1570743688
0.1551672049
0.1535906651
0.1523498295
0.1514484085
0.1508907428
0.150684814
0.1508459526
0.1514003105
0.1523864787
0.1538455144
0.1552930085
0.1507145997
0.1156560191
0.02216077444
0.02195666311
0.02195649375
0.02195649355
0.02195649355
0.02195649355
0.02195649355
0.02195649355
0.02195649355
0.02195649355
0.02195649355
0.02195649355
0.02195649355
0.02195649355
0.02195649355
0.02195649355
0.02195649355
0.02195649355
0.02195649355
0.02195649355
0.02195649355
0.02195649355
0.02195649355
0.02195649355
0.02195649355
0.02195649355
0.02195649355
0.02195649355
0.02195649355
0.02195649355
0.02195649355
0.02195649355
0.02195649355
0.02195649355
0.02195649355
0.02195649355
0.02195649355
0.02195649355
0.02195649355
0.02195649355
0.02195649355
0.02195649355
0.02195649355
0.02195649355
0.02195649355
0.02195649355
0.02195649355
0.02195649355
0.02195649355
0.02195649355
0.02195649355
0.02195649355
0.02195649355
0.02195649355
0.02195649355
0.02195649355
0.02195649355
0.02195649355
0.02195649355
0.02195649355
0.02195649355
0.02195649355
0.02195649355
0.02195649355
0.02195649355
0.02195649355
0.02195649355
0.02195649355
0.02195649355
0.02195649355
0.02195649355
0.02195649355
0.02195649355
0.02195649355
0.02195649355
0.02195649355
0.02195649355
0.02195649355
0.02195649355
0.02195649355
0.02195649355
0.02195649355
0.02195649355
0.02195649355
0.02195649355
0.02195649355
0.02195649355
0.02195649355
0.02195649355
0.02195649355
0.02195649355
0.02195649355
0.02195649355
0.02195649355
0.02195649355
0.02195649355
0.02195649355
0.02195649355
0.02195649355
0.02195649355
0.02195649355
0.02195649355
0.02195649355
0.02195649355
0.02195649355
0.02195649355
0.02195649355
0.02195649355
0.02195649355
0.02195649355
0.02195649355
0.02195649355
0.02195649355
0.02195649355
0.02195649355
0.02195649355
0.02195649355
0.02195649355
0.02195649355
0.02195649355
0.02195649355
0.02195649355
0.02195649355
0.02195649355
0.02195649355
0.02195649355
0.02195649355
0.02195649355
0.02195649355
0.02195649355
0.02195649355
0.02195649355
0.02195649355
0.02195649355
0.02195649355
0.02195649355
0.02195649355
0.02195649355
0.02195649355
0.02195649355
0.02195649355
0.02195649355
0.02195649355
0.02195649355
0.02195649355
0.02195649355
0.02195649355
0.02195649355
0.02195649355
0.02195649355
0.2777689391
0.27731334
0.2766749562
0.2757021126
0.2743982494
0.2727685655
0.2708207601
0.2685642126
0.2660101808
0.2631717799
0.2600638717
0.2567029286
0.2531068866
0.2492949948
0.2452876713
0.2411063707
0.2367734679
0.2323121604
0.227746386
0.2231007503
0.218400457
0.213671231
0.2089392255
0.2042309068
0.1995729152
0.1949919002
0.1905143393
0.1861663447
0.181973467
0.1779604998
0.1741512824
0.1705684916
0.1672334096
0.1641656568
0.1613828838
0.1589004437
0.1567314761
0.1548860851
0.1533710252
0.1521909688
0.1513497618
0.1508524546
0.1507080325
0.1509323577
0.1515503922
0.1525965508
0.1541029646
0.155504788
0.1504164994
0.1131061211
0.02215017269
0.02195665315
0.02195649373
0.02195649355
0.02195649355
0.02195649355
0.02195649355
0.02195649355
0.02195649355
0.02195649355
0.02195649355
0.02195649355
0.02195649355
0.02195649355
0.02195649355
0.02195649355
0.02195649355
0.02195649355
0.02195649355
0.02195649355
0.02195649355
0.02195649355
0.02195649355
0.02195649355
0.02195649355
0.02195649355
0.02195649355
0.02195649355
0.02195649355
0.02195649355
0.02195649355
0.02195649355
0.02195649355
0.02195649355
0.02195649355
0.02195649355
0.02195649355
0.02195649355
0.02195649355
0.02195649355
0.02195649355
0.02195649355
0.02195649355
0.02195649355
0.02195649355
0.02195649355
0.02195649355
0.02195649355
0.02195649355
0.02195649355
0.02195649355
0.02195649355
0.02195649355
0.02195649355
0.02195649355
0.02195649355
0.02195649355
0.02195649355
0.02195649355
0.02195649355
0.02195649355
0.02195649355
0.02195649355
0.02195649355
0.02195649355
0.02195649355
0.02195649355
0.02195649355
0.02195649355
0.02195649355
0.02195649355
0.02195649355
0.02195649355
0.02195649355
0.02195649355
0.02195649355
0.02195649355
0.02195649355
0.02195649355
0.02195649355
0.02195649355
0.02195649355
0.02195649355
0.02195649355
0.02195649355
0.02195649355
0.02195649355
0.02195649355
0.02195649355
0.02195649355
0.02195649355
0.02195649355
0.02195649355
0.02195649355
0.02195649355
0.02195649355
0.02195649355
0.02195649355
0.02195649355
0.02195649355
0.02195649355
0.02195649355
0.02195649355
0.02195649355
0.02195649355
0.02195649355
0.02195649355
0.02195649355
0.02195649355
0.02195649355
0.02195649355
0.02195649355
0.02195649355
0.02195649355
0.02195649355
0.02195649355
0.02195649355
0.02195649355
0.02195649355
0.02195649355
0.02195649355
0.02195649355
0.02195649355
0.02195649355
0.02195649355
0.02195649355
0.02195649355
0.02195649355
0.02195649355
0.02195649355
0.02195649355
0.02195649355
0.02195649355
0.02195649355
0.02195649355
0.02195649355
0.02195649355
0.02195649355
0.02195649355
0.02195649355
0.02195649355
0.02195649355
0.02195649355
0.02195649355
0.02195649355
0.02195649355
0.02195649355
0.02195649355
0.02195649355
0.02195649355
0.2774765484
0.277017354
0.2763710471
0.275386837
0.2740682316
0.2724205672
0.2704517452
0.268171335
0.2655908582
0.2627237518
0.2595852544
0.2561922706
0.2525632223
0.2487178948
0.244677287
0.2404634709
0.236099466
0.2316091302
0.2270170638
0.2223485223
0.2176293318
0.2128857952
0.2081445853
0.2034326152
0.1987768865
0.1942043154
0.189741542
0.1854147318
0.1812493744
0.1772700831
0.1735003918
0.1699625426
0.1666772503
0.1636634354
0.1609379293
0.1585151768
0.1564074401
0.1546238203
0.1531704029
0.1520515299
0.1512711248
0.1508346258
0.1507513208
0.1510365427
0.1517129919
0.1528106372
0.1543540793
0.1556998862
0.1501102415
0.1105666354
0.02214024373
0.02195664492
0.02195649372
0.02195649355
0.02195649355
0.02195649355
0.02195649355
0.02195649355
0.02195649355
0.02195649355
0.02195649355
0.02195649355
0.02195649355
0.02195649355
0.02195649355
0.02195649355
0.02195649355
0.02195649355
0.02195649355
0.02195649355
0.02195649355
0.02195649355
0.02195649355
0.02195649355
0.02195649355
0.02195649355
0.02195649355
0.02195649355
0.02195649355
0.02195649355
0.02195649355
0.02195649355
0.02195649355
0.02195649355
0.02195649355
0.02195649355
0.02195649355
0.02195649355
0.02195649355
0.02195649355
0.02195649355
0.02195649355
0.02195649355
0.02195649355
0.02195649355
0.02195649355
0.02195649355
0.02195649355
0.02195649355
0.02195649355
0.02195649355
0.02195649355
0.02195649355
0.02195649355
0.02195649355
0.02195649355
0.02195649355
0.02195649355
0.02195649355
0.02195649355
0.02195649355
0.02195649355
0.02195649355
0.02195649355
0.02195649355
0.02195649355
0.02195649355
0.02195649355
0.02195649355
0.02195649355
0.02195649355
0.02195649355
0.02195649355
0.02195649355
0.02195649355
0.02195649355
0.02195649355
0.02195649355
0.02195649355
0.02195649355
0.02195649355
0.02195649355
0.02195649355
0.02195649355
0.02195649355
0.02195649355
0.02195649355
0.02195649355
0.02195649355
0.02195649355
0.02195649355
0.02195649355
0.02195649355
0.02195649355
0.02195649355
0.02195649355
0.02195649355
0.02195649355
0.02195649355
0.02195649355
0.02195649355
0.02195649355
0.02195649355
0.02195649355
0.02195649355
0.02195649355
0.02195649355
0.02195649355
0.02195649355
0.02195649355
0.02195649355
0.02195649355
0.02195649355
0.02195649355
0.02195649355
0.02195649355
0.02195649355
0.02195649355
0.02195649355
0.02195649355
0.02195649355
0.02195649355
0.02195649355
0.02195649355
0.02195649355
0.02195649355
0.02195649355
0.02195649355
0.02195649355
0.02195649355
0.02195649355
0.02195649355
0.02195649355
0.02195649355
0.02195649355
0.02195649355
0.02195649355
0.02195649355
0.02195649355
0.02195649355
0.02195649355
0.02195649355
0.02195649355
0.02195649355
0.02195649355
0.02195649355
0.02195649355
0.02195649355
0.02195649355
0.02195649355
0.2771769745
0.276714201
0.2760600213
0.2750645282
0.2737312995
0.2720658395
0.270076211
0.2677722011
0.2651656027
0.2622701802
0.2591015555
0.2556770718
0.2520156426
0.2481375942
0.2440645091
0.2398190786
0.2354249665
0.2309066876
0.2262894986
0.2215992967
0.2168625179
0.2121060296
0.2073570074
0.2026427929
0.1979907291
0.1934279771
0.1889813187
0.1846769509
0.1805402806
0.1765957196
0.172866478
0.169374348
0.1661394665
0.1631800538
0.1605121347
0.1581492749
0.1561029084
0.1543811987
0.1529896133
0.151932145
0.1512126299
0.1508364975
0.1508126821
0.1511552139
0.1518840574
0.1530252427
0.1545977276
0.1558818173
0.1498059836
0.1080647341
0.02213081142
0.02195663749
0.02195649371
0.02195649355
0.02195649355
0.02195649355
0.02195649355
0.02195649355
0.02195649355
0.02195649355
0.02195649355
0.02195649355
0.02195649355
0.02195649355
0.02195649355
0.02195649355
0.02195649355
0.02195649355
0.02195649355
0.02195649355
0.02195649355
0.02195649355
0.02195649355
0.02195649355
0.02195649355
0.02195649355
0.02195649355
0.02195649355
0.02195649355
0.02195649355
0.02195649355
0.02195649355
0.02195649355
0.02195649355
0.02195649355
0.02195649355
0.02195649355
0.02195649355
0.02195649355
0.02195649355
0.02195649355
0.02195649355
0.02195649355
0.02195649355
0.02195649355
0.02195649355
0.02195649355
0.02195649355
0.02195649355
0.02195649355
0.02195649355
0.02195649355
0.02195649355
0.02195649355
0.02195649355
0.02195649355
0.02195649355
0.02195649355
0.02195649355
0.02195649355
0.02195649355
0.02195649355
0.02195649355
0.02195649355
0.02195649355
0.02195649355
0.02195649355
0.02195649355
0.02195649355
0.02195649355
0.02195649355
0.02195649355
0.02195649355
0.02195649355
0.02195649355
0.02195649355
0.02195649355
0.02195649355
0.02195649355
0.02195649355
0.02195649355
0.02195649355
0.02195649355
0.02195649355
0.02195649355
0.02195649355
0.02195649355
0.02195649355
0.02195649355
0.02195649355
0.02195649355
0.02195649355
0.02195649355
0.02195649355
0.02195649355
0.02195649355
0.02195649355
0.02195649355
0.02195649355
0.02195649355
0.02195649355
0.02195649355
0.02195649355
0.02195649355
0.02195649355
0.02195649355
0.02195649355
0.02195649355
0.02195649355
0.02195649355
0.02195649355
0.02195649355
0.02195649355
0.02195649355
0.02195649355
0.02195649355
0.02195649355
0.02195649355
0.02195649355
0.02195649355
0.02195649355
0.02195649355
0.02195649355
0.02195649355
0.02195649355
0.02195649355
0.02195649355
0.02195649355
0.02195649355
0.02195649355
0.02195649355
0.02195649355
0.02195649355
0.02195649355
0.02195649355
0.02195649355
0.02195649355
0.02195649355
0.02195649355
0.02195649355
0.02195649355
0.02195649355
0.02195649355
0.02195649355
0.02195649355
0.02195649355
0.02195649355
0.02195649355
0.02195649355
0.02195649355
0.2768704729
0.2764041161
0.2757421125
0.2747354196
0.2733876898
0.2717046031
0.2696943799
0.2673670324
0.2647346333
0.2618112809
0.2586129868
0.2551575389
0.2514643475
0.247554284
0.2434495179
0.2391733608
0.2347501192
0.230204962
0.2255637966
0.2208531526
0.2161000662
0.2113319556
0.2065764845
0.2018614059
0.197214387
0.1926628158
0.1882335962
0.1839529381
0.1798461462
0.1759374122
0.1722496041
0.1688040475
0.165620289
0.1627158425
0.1601059287
0.1578032485
0.1558184351
0.1541587378
0.1528290019
0.1518327892
0.1511736303
0.1508565534
0.1508896171
0.1512850981
0.1520602491
0.153238136
0.1548340108
0.156054519
0.1495133607
0.1056300394
0.02212187575
0.02195663058
0.0219564937
0.02195649355
0.02195649355
0.02195649355
0.02195649355
0.02195649355
0.02195649355
0.02195649355
0.02195649355
0.02195649355
0.02195649355
0.02195649355
0.02195649355
0.02195649355
0.02195649355
0.02195649355
0.02195649355
0.02195649355
0.02195649355
0.02195649355
0.02195649355
0.02195649355
0.02195649355
0.02195649355
0.02195649355
0.02195649355
0.02195649355
0.02195649355
0.02195649355
0.02195649355
0.02195649355
0.02195649355
0.02195649355
0.02195649355
0.02195649355
0.02195649355
0.02195649355
0.02195649355
0.02195649355
0.02195649355
0.02195649355
0.02195649355
0.02195649355
0.02195649355
0.02195649355
0.02195649355
0.02195649355
0.02195649355
0.02195649355
0.02195649355
0.02195649355
0.02195649355
0.02195649355
0.02195649355
0.02195649355
0.02195649355
0.02195649355
0.02195649355
0.02195649355
0.02195649355
0.02195649355
0.02195649355
0.02195649355
0.02195649355
0.02195649355
0.02195649355
0.02195649355
0.02195649355
0.02195649355
0.02195649355
0.02195649355
0.02195649355
0.02195649355
0.02195649355
0.02195649355
0.02195649355
0.02195649355
0.02195649355
0.02195649355
0.02195649355
0.02195649355
0.02195649355
0.02195649355
0.02195649355
0.02195649355
0.02195649355
0.02195649355
0.02195649355
0.02195649355
0.02195649355
0.02195649355
0.02195649355
0.02195649355
0.02195649355
0.02195649355
0.02195649355
0.02195649355
0.02195649355
0.02195649355
0.02195649355
0.02195649355
0.02195649355
0.02195649355
0.02195649355
0.02195649355
0.02195649355
0.02195649355
0.02195649355
0.02195649355
0.02195649355
0.02195649355
0.02195649355
0.02195649355
0.02195649355
0.02195649355
0.02195649355
0.02195649355
0.02195649355
0.02195649355
0.02195649355
0.02195649355
0.02195649355
0.02195649355
0.02195649355
0.02195649355
0.02195649355
0.02195649355
0.02195649355
0.02195649355
0.02195649355
0.02195649355
0.02195649355
0.02195649355
0.02195649355
0.02195649355
0.02195649355
0.02195649355
0.02195649355
0.02195649355
0.02195649355
0.02195649355
0.02195649355
0.02195649355
0.02195649355
0.02195649355
0.02195649355
0.02195649355
0.02195649355
0.2765573325
0.276087378
0.2754175962
0.2743997804
0.2730376621
0.2713371023
0.2693064814
0.2669560432
0.2642981472
0.2613472333
0.2581197096
0.2546338148
0.250909462
0.2469680722
0.2428324053
0.2385263942
0.2340749881
0.2295040061
0.224840001
0.2201101274
0.2153420104
0.2105636069
0.2058030544
0.2010885018
0.1964479231
0.1919089157
0.1874984875
0.1832428418
0.1791671618
0.1752953989
0.1716500582
0.1682519789
0.1651200996
0.1622712136
0.1597197309
0.1574774879
0.1555543241
0.1539565675
0.1526884012
0.1517528406
0.1511528841
0.1508928242
0.1509794905
0.1514232563
0.1522390407
0.1534481244
0.1550637873
0.1562219352
0.149241448
0.1032945676
0.02211349466
0.02195662411
0.02195649369
0.02195649355
0.02195649355
0.02195649355
0.02195649355
0.02195649355
0.02195649355
0.02195649355
0.02195649355
0.02195649355
0.02195649355
0.02195649355
0.02195649355
0.02195649355
0.02195649355
0.02195649355
0.02195649355
0.02195649355
0.02195649355
0.02195649355
0.02195649355
0.02195649355
0.02195649355
0.02195649355
0.02195649355
0.02195649355
0.02195649355
0.02195649355
0.02195649355
0.02195649355
0.02195649355
0.02195649355
0.02195649355
0.02195649355
0.02195649355
0.02195649355
0.02195649355
0.02195649355
0.02195649355
0.02195649355
0.02195649355
0.02195649355
0.02195649355
0.02195649355
0.02195649355
0.02195649355
0.02195649355
0.02195649355
0.02195649355
0.02195649355
0.02195649355
0.02195649355
0.02195649355
0.02195649355
0.02195649355
0.02195649355
0.02195649355
0.02195649355
0.02195649355
0.02195649355
0.02195649355
0.02195649355
0.02195649355
0.02195649355
0.02195649355
0.02195649355
0.02195649355
0.02195649355
0.02195649355
0.02195649355
0.02195649355
0.02195649355
0.02195649355
0.02195649355
0.02195649355
0.02195649355
0.02195649355
0.02195649355
0.02195649355
0.02195649355
0.02195649355
0.02195649355
0.02195649355
0.02195649355
0.02195649355
0.02195649355
0.02195649355
0.02195649355
0.02195649355
0.02195649355
0.02195649355
0.02195649355
0.02195649355
0.02195649355
0.02195649355
0.02195649355
0.02195649355
0.02195649355
0.02195649355
0.02195649355
0.02195649355
0.02195649355
0.02195649355
0.02195649355
0.02195649355
0.02195649355
0.02195649355
0.02195649355
0.02195649355
0.02195649355
0.02195649355
0.02195649355
0.02195649355
0.02195649355
0.02195649355
0.02195649355
0.02195649355
0.02195649355
0.02195649355
0.02195649355
0.02195649355
0.02195649355
0.02195649355
0.02195649355
0.02195649355
0.02195649355
0.02195649355
0.02195649355
0.02195649355
0.02195649355
0.02195649355
0.02195649355
0.02195649355
0.02195649355
0.02195649355
0.02195649355
0.02195649355
0.02195649355
0.02195649355
0.02195649355
0.02195649355
0.02195649355
0.02195649355
0.02195649355
0.02195649355
0.02195649355
0.02195649355
0.02195649355
0.2762378636
0.2757642825
0.2750867595
0.2740578852
0.2726814743
0.270963574
0.26891273
0.2665394238
0.2638563099
0.2608781773
0.2576218385
0.2541059907
0.2503510563
0.2463790117
0.2422132106
0.2378782095
0.2333995999
0.2288038494
0.2241181504
0.2193702743
0.2145884249
0.2098010852
0.2050368513
0.2003242517
0.1956915495
0.1911665317
0.1867762906
0.1825470016
0.1785037043
0.1746700857
0.1710682642
0.167718568
0.1646393042
0.1618465257
0.1593538155
0.1571721581
0.1553105538
0.1537744087
0.1525671807
0.151691213
0.1511487685
0.1509431549
0.1510797909
0.1515672371
0.1524186746
0.1536547891
0.1552883053
0.1563877739
0.1489987502
0.1010924753
0.02210574327
0.02195661808
0.02195649368
0.02195649355
0.02195649355
0.02195649355
0.02195649355
0.02195649355
0.02195649355
0.02195649355
0.02195649355
0.02195649355
0.02195649355
0.02195649355
0.02195649355
0.02195649355
0.02195649355
0.02195649355
0.02195649355
0.02195649355
0.02195649355
0.02195649355
0.02195649355
0.02195649355
0.02195649355
0.02195649355
0.02195649355
0.02195649355
0.02195649355
0.02195649355
0.02195649355
0.02195649355
0.02195649355
0.02195649355
0.02195649355
0.02195649355
0.02195649355
0.02195649355
0.02195649355
0.02195649355
0.02195649355
0.02195649355
0.02195649355
0.02195649355
0.02195649355
0.02195649355
0.02195649355
0.02195649355
0.02195649355
0.02195649355
0.02195649355
0.02195649355
0.02195649355
0.02195649355
0.02195649355
0.02195649355
0.02195649355
0.02195649355
0.02195649355
0.02195649355
0.02195649355
0.02195649355
0.02195649355
0.02195649355
0.02195649355
0.02195649355
0.02195649355
0.02195649355
0.02195649355
0.02195649355
0.02195649355
0.02195649355
0.02195649355
0.02195649355
0.02195649355
0.02195649355
0.02195649355
0.02195649355
0.02195649355
0.02195649355
0.02195649355
0.02195649355
0.02195649355
0.02195649355
0.02195649355
0.02195649355
0.02195649355
0.02195649355
0.02195649355
0.02195649355
0.02195649355
0.02195649355
0.02195649355
0.02195649355
0.02195649355
0.02195649355
0.02195649355
0.02195649355
0.02195649355
0.02195649355
0.02195649355
0.02195649355
0.02195649355
0.02195649355
0.02195649355
0.02195649355
0.02195649355
0.02195649355
0.02195649355
0.02195649355
0.02195649355
0.02195649355
0.02195649355
0.02195649355
0.02195649355
0.02195649355
0.02195649355
0.02195649355
0.02195649355
0.02195649355
0.02195649355
0.02195649355
0.02195649355
0.02195649355
0.02195649355
0.02195649355
0.02195649355
0.02195649355
0.02195649355
0.02195649355
0.02195649355
0.02195649355
0.02195649355
0.02195649355
0.02195649355
0.02195649355
0.02195649355
0.02195649355
0.02195649355
0.02195649355
0.02195649355
0.02195649355
0.02195649355
0.02195649355
0.02195649355
0.02195649355
0.02195649355
0.02195649355
0.02195649355
0.02195649355
0.2759123358
0.2754350948
0.2747498589
0.273709977
0.272319352
0.2705842231
0.2685133071
0.2661173311
0.2634092528
0.2604042196
0.2571194572
0.2535741299
0.2497891772
0.2457871376
0.241591964
0.2372288393
0.2327239979
0.2281045528
0.2233983313
0.2186337134
0.2138394708
0.209044598
0.2042781332
0.1995689655
0.1949456267
0.1904360718
0.1860674535
0.1818658946
0.1778562647
0.1740619595
0.1705046822
0.1672042214
0.1641782263
0.1614419852
0.1590082327
0.1568871538
0.1550867731
0.1536116183
0.1524643477
0.1516465125
0.151159477
0.1510054081
0.1511882845
0.1517151176
0.1525980435
0.1538582354
0.1555089407
0.1565553704
0.1487931763
0.09905942727
0.0220986991
0.02195661255
0.02195649368
0.02195649355
0.02195649355
0.02195649355
0.02195649355
0.02195649355
0.02195649355
0.02195649355
0.02195649355
0.02195649355
0.02195649355
0.02195649355
0.02195649355
0.02195649355
0.02195649355
0.02195649355
0.02195649355
0.02195649355
0.02195649355
0.02195649355
0.02195649355
0.02195649355
0.02195649355
0.02195649355
0.02195649355
0.02195649355
0.02195649355
0.02195649355
0.02195649355
0.02195649355
0.02195649355
0.02195649355
0.02195649355
0.02195649355
0.02195649355
0.02195649355
0.02195649355
0.02195649355
0.02195649355
0.02195649355
0.02195649355
0.02195649355
0.02195649355
0.02195649355
0.02195649355
0.02195649355
0.02195649355
0.02195649355
0.02195649355
0.02195649355
0.02195649355
0.02195649355
0.02195649355
0.02195649355
0.02195649355
0.02195649355
0.02195649355
0.02195649355
0.02195649355
0.02195649355
0.02195649355
0.02195649355
0.02195649355
0.02195649355
0.02195649355
0.02195649355
0.02195649355
0.02195649355
0.02195649355
0.02195649355
0.02195649355
0.02195649355
0.02195649355
0.02195649355
0.02195649355
0.02195649355
0.02195649355
0.02195649355
0.02195649355
0.02195649355
0.02195649355
0.02195649355
0.02195649355
0.02195649355
0.02195649355
0.02195649355
0.02195649355
0.02195649355
0.02195649355
0.02195649355
0.02195649355
0.02195649355
0.02195649355
0.02195649355
0.02195649355
0.02195649355
0.02195649355
0.02195649355
0.02195649355
0.02195649355
0.02195649355
0.02195649355
0.02195649355
0.02195649355
0.02195649355
0.02195649355
0.02195649355
0.02195649355
0.02195649355
0.02195649355
0.02195649355
0.02195649355
0.02195649355
0.02195649355
0.02195649355
0.02195649355
0.02195649355
0.02195649355
0.02195649355
0.02195649355
0.02195649355
0.02195649355
0.02195649355
0.02195649355
0.02195649355
0.02195649355
0.02195649355
0.02195649355
0.02195649355
0.02195649355
0.02195649355
0.02195649355
0.02195649355
0.02195649355
0.02195649355
0.02195649355
0.02195649355
0.02195649355
0.02195649355
0.02195649355
0.02195649355
0.02195649355
0.02195649355
0.02195649355
0.02195649355
0.02195649355
0.02195649355
0.02195649355
0.275580935
0.2751000081
0.2744070822
0.2733562347
0.2719514613
0.2701992002
0.2681083464
0.2656898811
0.2629570747
0.2599254429
0.256612635
0.2530382921
0.2492238801
0.2451925073
0.2409687314
0.2365783658
0.2320482883
0.2274062554
0.2226807232
0.2179006716
0.2130954264
0.2082944779
0.2035272878
0.1988230837
0.1942106416
0.1897180584
0.1853725197
0.1812000669
0.1772253695
0.1734715011
0.1699597187
0.1667092422
0.1637370359
0.1610576023
0.1586828158
0.1566220642
0.1548823342
0.1534672693
0.1523786662
0.1516171845
0.1511831752
0.1510775992
0.1513030869
0.1518654724
0.1527765493
0.1540588846
0.1557270215
0.1567276162
0.1486319919
0.09723174022
0.02209243632
0.02195660757
0.02195649367
0.02195649355
0.02195649355
0.02195649355
0.02195649355
0.02195649355
0.02195649355
0.02195649355
0.02195649355
0.02195649355
0.02195649355
0.02195649355
0.02195649355
0.02195649355
0.02195649355
0.02195649355
0.02195649355
0.02195649355
0.02195649355
0.02195649355
0.02195649355
0.02195649355
0.02195649355
0.02195649355
0.02195649355
0.02195649355
0.02195649355
0.02195649355
0.02195649355
0.02195649355
0.02195649355
0.02195649355
0.02195649355
0.02195649355
0.02195649355
0.02195649355
0.02195649355
0.02195649355
0.02195649355
0.02195649355
0.02195649355
0.02195649355
0.02195649355
0.02195649355
0.02195649355
0.02195649355
0.02195649355
0.02195649355
0.02195649355
0.02195649355
0.02195649355
0.02195649355
0.02195649355
0.02195649355
0.02195649355
0.02195649355
0.02195649355
0.02195649355
0.02195649355
0.02195649355
0.02195649355
0.02195649355
0.02195649355
0.02195649355
0.02195649355
0.02195649355
0.02195649355
0.02195649355
0.02195649355
0.02195649355
0.02195649355
0.02195649355
0.02195649355
0.02195649355
0.02195649355
0.02195649355
0.02195649355
0.02195649355
0.02195649355
0.02195649355
0.02195649355
0.02195649355
0.02195649355
0.02195649355
0.02195649355
0.02195649355
0.02195649355
0.02195649355
0.02195649355
0.02195649355
0.02195649355
0.02195649355
0.02195649355
0.02195649355
0.02195649355
0.02195649355
0.02195649355
0.02195649355
0.02195649355
0.02195649355
0.02195649355
0.02195649355
0.02195649355
0.02195649355
0.02195649355
0.02195649355
0.02195649355
0.02195649355
0.02195649355
0.02195649355
0.02195649355
0.02195649355
0.02195649355
0.02195649355
0.02195649355
0.02195649355
0.02195649355
0.02195649355
0.02195649355
0.02195649355
0.02195649355
0.02195649355
0.02195649355
0.02195649355
0.02195649355
0.02195649355
0.02195649355
0.02195649355
0.02195649355
0.02195649355
0.02195649355
0.02195649355
0.02195649355
0.02195649355
0.02195649355
0.02195649355
0.02195649355
0.02195649355
0.02195649355
0.02195649355
0.02195649355
0.02195649355
0.02195649355
0.02195649355
0.02195649355
0.02195649355
0.02195649355
0.02195649355
0.2752437599
0.2747591291
0.2740585317
0.2729967556
0.271577894
0.2698085916
0.2676979286
0.2652571499
0.2624998488
0.25944192
0.2561014477
0.2524985607
0.2486552611
0.2445952352
0.2403436523
0.2359269598
0.2313726796
0.2267092092
0.2219656267
0.2171715004
0.2123566963
0.2075511816
0.2027848186
0.1980871482
0.1934871631
0.1890130719
0.1846920615
0.1805500596
0.1766115026
0.1728991092
0.169433659
0.1662337746
0.1633157118
0.1606931706
0.1583771567
0.156376249
0.1546963655
0.1533402447
0.1523087698
0.1516016342
0.1512181122
0.1511579718
0.1514226763
0.1520173062
0.1529539638
0.1542573135
0.1559437175
0.1569069218
0.1485217366
0.09564527908
0.02208702313
0.02195660317
0.02195649367
0.02195649355
0.02195649355
0.02195649355
0.02195649355
0.02195649355
0.02195649355
0.02195649355
0.02195649355
0.02195649355
0.02195649355
0.02195649355
0.02195649355
0.02195649355
0.02195649355
0.02195649355
0.02195649355
0.02195649355
0.02195649355
0.02195649355
0.02195649355
0.02195649355
0.02195649355
0.02195649355
0.02195649355
0.02195649355
0.02195649355
0.02195649355
0.02195649355
0.02195649355
0.02195649355
0.02195649355
0.02195649355
0.02195649355
0.02195649355
0.02195649355
0.02195649355
0.02195649355
0.02195649355
0.02195649355
0.02195649355
0.02195649355
0.02195649355
0.02195649355
0.02195649355
0.02195649355
0.02195649355
0.02195649355
0.02195649355
0.02195649355
0.02195649355
0.02195649355
0.02195649355
0.02195649355
0.02195649355
0.02195649355
0.02195649355
0.02195649355
0.02195649355
0.02195649355
0.02195649355
0.02195649355
0.02195649355
0.02195649355
0.02195649355
0.02195649355
0.02195649355
0.02195649355
0.02195649355
0.02195649355
0.02195649355
0.02195649355
0.02195649355
0.02195649355
0.02195649355
0.02195649355
0.02195649355
0.02195649355
0.02195649355
0.02195649355
0.02195649355
0.02195649355
0.02195649355
0.02195649355
0.02195649355
0.02195649355
0.02195649355
0.02195649355
0.02195649355
0.02195649355
0.02195649355
0.02195649355
0.02195649355
0.02195649355
0.02195649355
0.02195649355
0.02195649355
0.02195649355
0.02195649355
0.02195649355
0.02195649355
0.02195649355
0.02195649355
0.02195649355
0.02195649355
0.02195649355
0.02195649355
0.02195649355
0.02195649355
0.02195649355
0.02195649355
0.02195649355
0.02195649355
0.02195649355
0.02195649355
0.02195649355
0.02195649355
0.02195649355
0.02195649355
0.02195649355
0.02195649355
0.02195649355
0.02195649355
0.02195649355
0.02195649355
0.02195649355
0.02195649355
0.02195649355
0.02195649355
0.02195649355
0.02195649355
0.02195649355
0.02195649355
0.02195649355
0.02195649355
0.02195649355
0.02195649355
0.02195649355
0.02195649355
0.02195649355
0.02195649355
0.02195649355
0.02195649355
0.02195649355
0.02195649355
0.02195649355
0.02195649355
0.02195649355
0.2749007932
0.2744124596
0.273704212
0.2726315482
0.2711986642
0.2694124189
0.2672820854
0.2648191819
0.2620376351
0.2589537303
0.2555859979
0.2519550652
0.248083481
0.2439955181
0.2397169636
0.2352749023
0.2306975004
0.2260137916
0.2212534684
0.2164466749
0.2116237998
0.2068152656
0.2020513104
0.1973617598
0.1927757916
0.1883216934
0.184026619
0.1799163471
0.1760150468
0.1723450493
0.1689266269
0.1657777796
0.162914036
0.1603482822
0.1580906487
0.1561488926
0.1545278479
0.1532293255
0.1522532549
0.1515983156
0.1512626898
0.1512450299
0.1515458716
0.1521699736
0.1531303077
0.1544541376
0.1561599764
0.1570951982
0.1484681185
0.09433407014
0.02208252041
0.02195659943
0.02195649366
0.02195649355
0.02195649355
0.02195649355
0.02195649355
0.02195649355
0.02195649355
0.02195649355
0.02195649355
0.02195649355
0.02195649355
0.02195649355
0.02195649355
0.02195649355
0.02195649355
0.02195649355
0.02195649355
0.02195649355
0.02195649355
0.02195649355
0.02195649355
0.02195649355
0.02195649355
0.02195649355
0.02195649355
0.02195649355
0.02195649355
0.02195649355
0.02195649355
0.02195649355
0.02195649355
0.02195649355
0.02195649355
0.02195649355
0.02195649355
0.02195649355
0.02195649355
0.02195649355
0.02195649355
0.02195649355
0.02195649355
0.02195649355
0.02195649355
0.02195649355
0.02195649355
0.02195649355
0.02195649355
0.02195649355
0.02195649355
0.02195649355
0.02195649355
0.02195649355
0.02195649355
0.02195649355
0.02195649355
0.02195649355
0.02195649355
0.02195649355
0.02195649355
0.02195649355
0.02195649355
0.02195649355
0.02195649355
0.02195649355
0.02195649355
0.02195649355
0.02195649355
0.02195649355
0.02195649355
0.02195649355
0.02195649355
0.02195649355
0.02195649355
0.02195649355
0.02195649355
0.02195649355
0.02195649355
0.02195649355
0.02195649355
0.02195649355
0.02195649355
0.02195649355
0.02195649355
0.02195649355
0.02195649355
0.02195649355
0.02195649355
0.02195649355
0.02195649355
0.02195649355
0.02195649355
0.02195649355
0.02195649355
0.02195649355
0.02195649355
0.02195649355
0.02195649355
0.02195649355
0.02195649355
0.02195649355
0.02195649355
0.02195649355
0.02195649355
0.02195649355
0.02195649355
0.02195649355
0.02195649355
0.02195649355
0.02195649355
0.02195649355
0.02195649355
0.02195649355
0.02195649355
0.02195649355
0.02195649355
0.02195649355
0.02195649355
0.02195649355
0.02195649355
0.02195649355
0.02195649355
0.02195649355
0.02195649355
0.02195649355
0.02195649355
0.02195649355
0.02195649355
0.02195649355
0.02195649355
0.02195649355
0.02195649355
0.02195649355
0.02195649355
0.02195649355
0.02195649355
0.02195649355
0.02195649355
0.02195649355
0.02195649355
0.02195649355
0.02195649355
0.02195649355
0.02195649355
0.02195649355
0.02195649355
0.02195649355
0.02195649355
0.02195649355
0.2745519065
0.2740598995
0.2733440326
0.2722605364
0.2708137141
0.2690106475
0.2668608095
0.264376001
0.2615704932
0.258460973
0.255066428
0.2514079952
0.2475087791
0.2433936472
0.2390890095
0.2346225906
0.2300231993
0.2253205006
0.2205447906
0.2157267744
0.2108973442
0.2060873543
0.2013273906
0.1966475328
0.1920771103
0.1876444542
0.1833766494
0.1792992906
0.1754362454
0.1718094263
0.1684385715
0.1653410377
0.1625316124
0.1600223614
0.157822538
0.1559390645
0.1543756856
0.1531332653
0.1522107513
0.1516057902
0.1513154988
0.1513375404
0.1516717922
0.1523230986
0.1533057523
0.1546499284
0.1563764907
0.1572938499
0.1484759064
0.09332893403
0.02207898117
0.02195659637
0.02195649366
0.02195649355
0.02195649355
0.02195649355
0.02195649355
0.02195649355
0.02195649355
0.02195649355
0.02195649355
0.02195649355
0.02195649355
0.02195649355
0.02195649355
0.02195649355
0.02195649355
0.02195649355
0.02195649355
0.02195649355
0.02195649355
0.02195649355
0.02195649355
0.02195649355
0.02195649355
0.02195649355
0.02195649355
0.02195649355
0.02195649355
0.02195649355
0.02195649355
0.02195649355
0.02195649355
0.02195649355
0.02195649355
0.02195649355
0.02195649355
0.02195649355
0.02195649355
0.02195649355
0.02195649355
0.02195649355
0.02195649355
0.02195649355
0.02195649355
0.02195649355
0.02195649355
0.02195649355
0.02195649355
0.02195649355
0.02195649355
0.02195649355
0.02195649355
0.02195649355
0.02195649355
0.02195649355
0.02195649355
0.02195649355
0.02195649355
0.02195649355
0.02195649355
0.02195649355
0.02195649355
0.02195649355
0.02195649355
0.02195649355
0.02195649355
0.02195649355
0.02195649355
0.02195649355
0.02195649355
0.02195649355
0.02195649355
0.02195649355
0.02195649355
0.02195649355
0.02195649355
0.02195649355
0.02195649355
0.02195649355
0.02195649355
0.02195649355
0.02195649355
0.02195649355
0.02195649355
0.02195649355
0.02195649355
0.02195649355
0.02195649355
0.02195649355
0.02195649355
0.02195649355
0.02195649355
0.02195649355
0.02195649355
0.02195649355
0.02195649355
0.02195649355
0.02195649355
0.02195649355
0.02195649355
0.02195649355
0.02195649355
0.02195649355
0.02195649355
0.02195649355
0.02195649355
0.02195649355
0.02195649355
0.02195649355
0.02195649355
0.02195649355
0.02195649355
0.02195649355
0.02195649355
0.02195649355
0.02195649355
0.02195649355
0.02195649355
0.02195649355
0.02195649355
0.02195649355
0.02195649355
0.02195649355
0.02195649355
0.02195649355
0.02195649355
0.02195649355
0.02195649355
0.02195649355
0.02195649355
0.02195649355
0.02195649355
0.02195649355
0.02195649355
0.02195649355
0.02195649355
0.02195649355
0.02195649355
0.02195649355
0.02195649355
0.02195649355
0.02195649355
0.02195649355
0.02195649355
0.02195649355
0.02195649355
0.02195649355
0.02195649355
0.02195649355
0.2741969367
0.2737013999
0.2729779865
0.2718837471
0.2704231055
0.2686033784
0.2664342464
0.2639278029
0.2610986735
0.2579639569
0.2545431081
0.2508577831
0.2469316506
0.2427901786
0.2384604041
0.2339706916
0.2293504894
0.2246300858
0.2198403688
0.215012588
0.2101781181
0.2053682197
0.2006137976
0.1959451534
0.1913917342
0.1869818793
0.1827425691
0.1786991798
0.1748752457
0.1712922321
0.1679693203
0.1649232078
0.1621679324
0.1597147369
0.1575719977
0.1557457911
0.1542387745
0.1530508507
0.152179972
0.1516227589
0.1513753261
0.1514345076
0.1517997986
0.1524764882
0.1534805256
0.1548451442
0.1565936703
0.1575037599
0.1485488027
0.09265602041
0.0220764542
0.02195659405
0.02195649365
0.02195649355
0.02195649355
0.02195649355
0.02195649355
0.02195649355
0.02195649355
0.02195649355
0.02195649355
0.02195649355
0.02195649355
0.02195649355
0.02195649355
0.02195649355
0.02195649355
0.02195649355
0.02195649355
0.02195649355
0.02195649355
0.02195649355
0.02195649355
0.02195649355
0.02195649355
0.02195649355
0.02195649355
0.02195649355
0.02195649355
0.02195649355
0.02195649355
0.02195649355
0.02195649355
0.02195649355
0.02195649355
0.02195649355
0.02195649355
0.02195649355
0.02195649355
0.02195649355
0.02195649355
0.02195649355
0.02195649355
0.02195649355
0.02195649355
0.02195649355
0.02195649355
0.02195649355
0.02195649355
0.02195649355
0.02195649355
0.02195649355
0.02195649355
0.02195649355
0.02195649355
0.02195649355
0.02195649355
0.02195649355
0.02195649355
0.02195649355
0.02195649355
0.02195649355
0.02195649355
0.02195649355
0.02195649355
0.02195649355
0.02195649355
0.02195649355
0.02195649355
0.02195649355
0.02195649355
0.02195649355
0.02195649355
0.02195649355
0.02195649355
0.02195649355
0.02195649355
0.02195649355
0.02195649355
0.02195649355
0.02195649355
0.02195649355
0.02195649355
0.02195649355
0.02195649355
0.02195649355
0.02195649355
0.02195649355
0.02195649355
0.02195649355
0.02195649355
0.02195649355
0.02195649355
0.02195649355
0.02195649355
0.02195649355
0.02195649355
0.02195649355
0.02195649355
0.02195649355
0.02195649355
0.02195649355
0.02195649355
0.02195649355
0.02195649355
0.02195649355
0.02195649355
0.02195649355
0.02195649355
0.02195649355
0.02195649355
0.02195649355
0.02195649355
0.02195649355
0.02195649355
0.02195649355
0.02195649355
0.02195649355
0.02195649355
0.02195649355
0.02195649355
0.02195649355
0.02195649355
0.02195649355
0.02195649355
0.02195649355
0.02195649355
0.02195649355
0.02195649355
0.02195649355
0.02195649355
0.02195649355
0.02195649355
0.02195649355
0.02195649355
0.02195649355
0.02195649355
0.02195649355
0.02195649355
0.02195649355
0.02195649355
0.02195649355
0.02195649355
0.02195649355
0.02195649355
0.02195649355
0.02195649355
0.02195649355
0.02195649355
0.02195649355
)
;

boundaryField
{
    inlet
    {
        type            calculated;
        value           uniform 0.02195649355;
    }
    object
    {
        type            calculated;
        value           nonuniform List<scalar> 
300
(
0.02519263731
0.0251924562
0.02519238774
0.02519235016
0.02519232825
0.02519231641
0.02519231184
0.02519231287
0.02519231839
0.02519232761
0.02519233991
0.02519235485
0.02519237207
0.02519239127
0.02519241223
0.02519243478
0.02519245877
0.02519248409
0.02519251067
0.02519253843
0.02519256733
0.02519259733
0.02519262841
0.02519266054
0.02519269372
0.02519272795
0.02519276322
0.02519279954
0.02519283692
0.02519287537
0.0251929149
0.02519295555
0.02519299732
0.02519304025
0.02519308438
0.02519312973
0.02519317635
0.02519322429
0.0251932736
0.02519332433
0.02519337655
0.0251934303
0.02519348565
0.02519354264
0.02519360132
0.02519366172
0.02519372385
0.02519378774
0.02519385336
0.02519392071
0.02519398976
0.02519406048
0.02519413284
0.02519420681
0.02519428233
0.0251943594
0.02519443797
0.02519451803
0.02519459958
0.0251946826
0.02519476713
0.0251948532
0.02519494085
0.02519503016
0.0251951212
0.02519521408
0.02519530891
0.0251954058
0.02519550485
0.02519560615
0.02519570976
0.0251958157
0.02519592397
0.02519603452
0.02519614729
0.02519626219
0.02519637914
0.02519649805
0.02519661883
0.02519674143
0.02519686581
0.02519699198
0.02519711998
0.0251972499
0.02519738188
0.02519751611
0.02519765282
0.02519779225
0.02519793464
0.02519808018
0.02519822899
0.02519838114
0.02519853659
0.02519869524
0.02519885695
0.02519902154
0.02519918884
0.02519935871
0.02519953107
0.02519970588
0.02519988319
0.02520006305
0.02520024555
0.02520043078
0.02520061883
0.02520080978
0.02520100371
0.02520120068
0.02520140076
0.02520160398
0.02520181046
0.02520202036
0.02520223398
0.02520245168
0.0252026738
0.02520290063
0.02520313237
0.02520336889
0.0252036104
0.02520385625
0.02520410618
0.02520436031
0.02520461916
0.02520488654
0.02520516051
0.02520542349
0.02520568698
0.02520595374
0.0252062252
0.02520650209
0.02520678473
0.02520707318
0.02520736733
0.02520766694
0.02520797177
0.02520828161
0.02520859636
0.02520891598
0.02520924057
0.02520957029
0.02520990533
0.02521024587
0.0252105921
0.02521094415
0.02521130213
0.02521166609
0.02521203609
0.02521241219
0.02521279445
0.02521318297
0.02521357782
0.02521397913
0.025214387
0.02521480155
0.0252152229
0.02521565116
0.02521608645
0.02521652889
0.0252169786
0.02521743569
0.02521790031
0.02521837257
0.02521885262
0.02521934059
0.02521983661
0.02522034084
0.02522085342
0.02522137448
0.0252219042
0.0252224427
0.02522299014
0.02522354668
0.02522411247
0.02522468767
0.02522527245
0.02522586696
0.02522647139
0.0252270859
0.02522771065
0.02522834584
0.02522899164
0.02522964823
0.0252303158
0.02523099456
0.02523168469
0.02523238639
0.02523309988
0.02523382536
0.02523456304
0.02523531315
0.02523607591
0.02523685152
0.02523764025
0.0252384423
0.02523925792
0.02524008736
0.02524093088
0.02524178872
0.02524266115
0.02524354828
0.02524468313
0.02524485694
0.025244954
0.02524510474
0.02524529862
0.02524551433
0.02524573929
0.02524596753
0.02524619605
0.02524642284
0.02524664576
0.02524686213
0.0252470685
0.02524726075
0.02524743446
0.02524758537
0.02524770987
0.0252478055
0.02524787116
0.02524790721
0.0252479153
0.02524789802
0.02524785858
0.02524780037
0.0252477266
0.02524764007
0.02524754302
0.02524743706
0.02524732323
0.02524720202
0.02524707352
0.0252469375
0.02524679354
0.02524664108
0.02524647949
0.02524630819
0.02524612661
0.02524593433
0.02524573108
0.02524551676
0.02524529146
0.02524505547
0.02524480919
0.02524455314
0.02524428781
0.02524401372
0.02524373128
0.02524344079
0.02524314251
0.02524283661
0.02524252328
0.02524220274
0.02524187524
0.02524154118
0.02524120103
0.02524085538
0.02524050486
0.02524015012
0.02523979183
0.02523943059
0.02523906694
0.02523870133
0.02523833416
0.02523796578
0.02523759655
0.02523722683
0.02523685709
0.02523648786
0.02523611976
0.02523575347
0.02523538968
0.02523502904
0.02523467211
0.02523431928
0.02523397077
0.02523362662
0.0252332867
0.02523295076
0.02523261845
0.02523228946
0.0252319635
0.0252316404
0.02523132011
0.02523100268
0.02523068827
0.0252303771
0.02523006937
0.02522976526
0.02522946486
0.02522916817
0.02522887506
0.02522858533
0.02522829873
0.02522801497
0.02522773384
0.02522745517
0.02522717891
0.02522690513
0.02522663403
0.02522636581
)
;
    }
    outlet
    {
        type            calculated;
        value           nonuniform List<scalar> 
200
(
0.2741969367
0.2737013999
0.2729779865
0.2718837471
0.2704231055
0.2686033784
0.2664342464
0.2639278029
0.2610986735
0.2579639569
0.2545431081
0.2508577831
0.2469316506
0.2427901786
0.2384604041
0.2339706916
0.2293504894
0.2246300858
0.2198403688
0.215012588
0.2101781181
0.2053682197
0.2006137976
0.1959451534
0.1913917342
0.1869818793
0.1827425691
0.1786991798
0.1748752457
0.1712922321
0.1679693203
0.1649232078
0.1621679324
0.1597147369
0.1575719977
0.1557457911
0.1542387745
0.1530508507
0.152179972
0.1516227589
0.1513753261
0.1514345076
0.1517997986
0.1524764882
0.1534805256
0.1548451442
0.1565936703
0.1575037599
0.1485488027
0.09265602041
0.0220764542
0.02195659405
0.02195649365
0.02195649355
0.02195649355
0.02195649355
0.02195649355
0.02195649355
0.02195649355
0.02195649355
0.02195649355
0.02195649355
0.02195649355
0.02195649355
0.02195649355
0.02195649355
0.02195649355
0.02195649355
0.02195649355
0.02195649355
0.02195649355
0.02195649355
0.02195649355
0.02195649355
0.02195649355
0.02195649355
0.02195649355
0.02195649355
0.02195649355
0.02195649355
0.02195649355
0.02195649355
0.02195649355
0.02195649355
0.02195649355
0.02195649355
0.02195649355
0.02195649355
0.02195649355
0.02195649355
0.02195649355
0.02195649355
0.02195649355
0.02195649355
0.02195649355
0.02195649355
0.02195649355
0.02195649355
0.02195649355
0.02195649355
0.02195649355
0.02195649355
0.02195649355
0.02195649355
0.02195649355
0.02195649355
0.02195649355
0.02195649355
0.02195649355
0.02195649355
0.02195649355
0.02195649355
0.02195649355
0.02195649355
0.02195649355
0.02195649355
0.02195649355
0.02195649355
0.02195649355
0.02195649355
0.02195649355
0.02195649355
0.02195649355
0.02195649355
0.02195649355
0.02195649355
0.02195649355
0.02195649355
0.02195649355
0.02195649355
0.02195649355
0.02195649355
0.02195649355
0.02195649355
0.02195649355
0.02195649355
0.02195649355
0.02195649355
0.02195649355
0.02195649355
0.02195649355
0.02195649355
0.02195649355
0.02195649355
0.02195649355
0.02195649355
0.02195649355
0.02195649355
0.02195649355
0.02195649355
0.02195649355
0.02195649355
0.02195649355
0.02195649355
0.02195649355
0.02195649355
0.02195649355
0.02195649355
0.02195649355
0.02195649355
0.02195649355
0.02195649355
0.02195649355
0.02195649355
0.02195649355
0.02195649355
0.02195649355
0.02195649355
0.02195649355
0.02195649355
0.02195649355
0.02195649355
0.02195649355
0.02195649355
0.02195649355
0.02195649355
0.02195649355
0.02195649355
0.02195649355
0.02195649355
0.02195649355
0.02195649355
0.02195649355
0.02195649355
0.02195649355
0.02195649355
0.02195649355
0.02195649355
0.02195649355
0.02195649355
0.02195649355
0.02195649355
0.02195649355
0.02195649355
0.02195649355
0.02195649355
0.02195649355
0.02195649355
0.02195649355
0.02195649355
)
;
    }
    front
    {
        type            wedge;
    }
    back
    {
        type            wedge;
    }
}


// ************************************************************************* //
