/*--------------------------------*- C++ -*----------------------------------*\
| =========                 |                                                 |
| \\      /  F ield         | OpenFOAM: The Open Source CFD Toolbox           |
|  \\    /   O peration     | Version:  v1706                                 |
|   \\  /    A nd           | Web:      www.OpenFOAM.com                      |
|    \\/     M anipulation  |                                                 |
\*---------------------------------------------------------------------------*/
FoamFile
{
    version     2.0;
    format      ascii;
    class       volScalarField;
    location    "0.00163";
    object      nD_N;
}
// * * * * * * * * * * * * * * * * * * * * * * * * * * * * * * * * * * * * * //

dimensions      [0 -3 0 0 0 0 0];


internalField   nonuniform List<scalar> 
19837
(
2.055626262e-21
2.038260044e-21
2.017991818e-21
2.002577217e-21
1.985531859e-21
1.967951418e-21
1.950212485e-21
1.933186602e-21
1.913439329e-21
1.896452877e-21
1.879525849e-21
1.862229313e-21
1.844110243e-21
1.818251844e-21
1.803737183e-21
1.786334624e-21
1.771097978e-21
1.74835563e-21
1.729377894e-21
1.712235249e-21
1.69187467e-21
1.673323543e-21
1.65457036e-21
1.636295758e-21
1.616926851e-21
1.597281527e-21
1.578993051e-21
1.554878723e-21
1.538733739e-21
1.520276195e-21
1.49750818e-21
1.476874929e-21
1.457460052e-21
1.436261361e-21
1.416974782e-21
1.39634197e-21
1.375931342e-21
1.35618216e-21
1.334252631e-21
1.313095465e-21
1.291211129e-21
1.26817963e-21
1.247722737e-21
1.228566852e-21
1.206890232e-21
1.187253985e-21
1.16335167e-21
1.143413725e-21
1.117532456e-21
1.098222775e-21
1.07484218e-21
1.05027409e-21
1.028962804e-21
1.006608648e-21
9.78287056e-22
9.563911114e-22
9.316898222e-22
9.084963088e-22
8.820975474e-22
8.607405575e-22
8.231678678e-22
8.055869528e-22
7.854714187e-22
7.633508459e-22
7.409276028e-22
7.160258577e-22
6.925101577e-22
6.704593596e-22
6.45744407e-22
6.132198783e-22
5.961099321e-22
5.658805607e-22
5.431420644e-22
5.177661536e-22
4.927590054e-22
4.676121808e-22
4.423735049e-22
4.143114677e-22
3.891446897e-22
3.63412484e-22
3.369312655e-22
3.105009677e-22
2.862433139e-22
2.558620379e-22
2.267443881e-22
2.016198512e-22
1.765810205e-22
1.502631313e-22
1.2239662e-22
9.687564839e-23
7.147381712e-23
4.944481601e-23
2.645171409e-23
1.04398373e-23
2.053216054e-21
2.03138513e-21
2.014898775e-21
1.998223917e-21
1.980775237e-21
1.964640938e-21
1.948799633e-21
1.931935285e-21
1.914938678e-21
1.893878386e-21
1.876011667e-21
1.858491148e-21
1.842098695e-21
1.824225037e-21
1.805187238e-21
1.785836301e-21
1.768889347e-21
1.749452592e-21
1.729916827e-21
1.713123851e-21
1.694224499e-21
1.671993185e-21
1.656007765e-21
1.635402542e-21
1.614670749e-21
1.597327031e-21
1.575575988e-21
1.556455924e-21
1.540537274e-21
1.51518474e-21
1.498687624e-21
1.476059624e-21
1.460074996e-21
1.439431785e-21
1.416082367e-21
1.396763809e-21
1.376226524e-21
1.356265779e-21
1.331165897e-21
1.312027796e-21
1.292005078e-21
1.273535741e-21
1.25569447e-21
1.229409894e-21
1.199420448e-21
1.182306194e-21
1.160278773e-21
1.140522885e-21
1.118852972e-21
1.095382868e-21
1.074364779e-21
1.050519814e-21
1.02677762e-21
1.001161951e-21
9.780637706e-22
9.571943234e-22
9.331327294e-22
9.057592605e-22
8.829555864e-22
8.559746904e-22
8.326535014e-22
8.101187308e-22
7.862502108e-22
7.641580625e-22
7.410603664e-22
7.159702387e-22
6.926193847e-22
6.659146121e-22
6.435450109e-22
6.199776944e-22
5.941647561e-22
5.707708449e-22
5.432726925e-22
5.17412071e-22
4.960296633e-22
4.649802295e-22
4.379934878e-22
4.137515281e-22
3.888899374e-22
3.653535138e-22
3.356380279e-22
3.092200533e-22
2.821536357e-22
2.576546437e-22
2.253257419e-22
2.039324265e-22
1.779170625e-22
1.510996171e-22
1.221782431e-22
9.405802217e-23
7.148241043e-23
4.862248711e-23
2.779806303e-23
1.071918376e-23
2.053426933e-21
2.036985601e-21
2.020650857e-21
2.003516103e-21
1.985673495e-21
1.968740256e-21
1.95033208e-21
1.931692182e-21
1.91388656e-21
1.895574363e-21
1.878435839e-21
1.861606818e-21
1.844499865e-21
1.8184493e-21
1.80492839e-21
1.783445356e-21
1.764092759e-21
1.747655462e-21
1.72939299e-21
1.708400754e-21
1.692592239e-21
1.673906214e-21
1.655480026e-21
1.636979363e-21
1.61813547e-21
1.596802553e-21
1.576721679e-21
1.556546984e-21
1.53945622e-21
1.51646932e-21
1.497640624e-21
1.477884148e-21
1.46043946e-21
1.428341736e-21
1.41438176e-21
1.398825934e-21
1.371605467e-21
1.354066282e-21
1.334305985e-21
1.313009521e-21
1.292949812e-21
1.275070157e-21
1.248189596e-21
1.234574931e-21
1.216215902e-21
1.192600033e-21
1.159314252e-21
1.144510357e-21
1.128069745e-21
1.107854174e-21
1.077756036e-21
1.033438693e-21
1.018759031e-21
9.871508292e-22
9.733259826e-22
9.5243397e-22
9.318595191e-22
9.095197615e-22
8.853616058e-22
8.572040535e-22
8.36992557e-22
8.122866256e-22
7.859251412e-22
7.626544356e-22
7.376110989e-22
7.140775778e-22
6.916419769e-22
6.685380789e-22
6.447775762e-22
6.162812413e-22
5.881230716e-22
5.672876518e-22
5.425296326e-22
5.19439513e-22
4.94666533e-22
4.690327633e-22
4.417246534e-22
4.150979869e-22
3.832284996e-22
3.643162202e-22
3.403275691e-22
3.128251259e-22
2.771945666e-22
2.524694052e-22
2.272747707e-22
2.01795708e-22
1.761837464e-22
1.495361621e-22
1.225845104e-22
9.707244407e-23
7.212228278e-23
4.718752947e-23
2.723258811e-23
1.054406353e-23
2.06841153e-21
2.050075365e-21
2.035688348e-21
2.019107407e-21
2.000979844e-21
1.98268601e-21
1.968923879e-21
1.95189335e-21
1.929937039e-21
1.908897443e-21
1.89638533e-21
1.88030472e-21
1.857708446e-21
1.843191644e-21
1.825409869e-21
1.808925175e-21
1.787982675e-21
1.764641354e-21
1.752829678e-21
1.734951546e-21
1.714564633e-21
1.697626467e-21
1.679326166e-21
1.658736129e-21
1.638800226e-21
1.609716122e-21
1.591905907e-21
1.571537405e-21
1.552272065e-21
1.53406424e-21
1.515773557e-21
1.493454342e-21
1.474626585e-21
1.456278995e-21
1.433183714e-21
1.413131365e-21
1.395321453e-21
1.375419821e-21
1.354260079e-21
1.333771737e-21
1.3145176e-21
1.296203447e-21
1.276989882e-21
1.257496321e-21
1.239253298e-21
1.219586787e-21
1.199758424e-21
1.175047759e-21
1.126541682e-21
1.096191373e-21
1.082789593e-21
1.067514825e-21
1.04881642e-21
1.025721635e-21
9.993987469e-22
9.803542952e-22
9.467981028e-22
9.295962238e-22
9.099898812e-22
8.864085651e-22
8.572076784e-22
8.376647203e-22
8.145941471e-22
7.942871115e-22
7.673356884e-22
7.318081248e-22
7.145869721e-22
6.892701609e-22
6.697496273e-22
6.461922162e-22
6.1532545e-22
5.91099668e-22
5.680324723e-22
5.4234799e-22
5.176354459e-22
4.916792751e-22
4.669767099e-22
4.419621131e-22
4.170080863e-22
3.884535899e-22
3.577608111e-22
3.368070449e-22
3.065930404e-22
2.808146054e-22
2.562617705e-22
2.305632555e-22
2.042961964e-22
1.774700555e-22
1.455541887e-22
1.221470887e-22
9.604826782e-23
7.212232464e-23
4.861685396e-23
2.744075287e-23
1.038583206e-23
2.088029453e-21
2.073939342e-21
2.055691216e-21
2.038989727e-21
2.020985504e-21
2.003766156e-21
1.985807489e-21
1.96767771e-21
1.946628706e-21
1.928583994e-21
1.909904798e-21
1.891687175e-21
1.8732551e-21
1.855632635e-21
1.84160451e-21
1.824605053e-21
1.799224167e-21
1.785229668e-21
1.764958589e-21
1.751191579e-21
1.733140779e-21
1.716220728e-21
1.689321179e-21
1.675095339e-21
1.656149914e-21
1.636909437e-21
1.616881743e-21
1.595354673e-21
1.577972116e-21
1.556938632e-21
1.541223878e-21
1.512828007e-21
1.495108061e-21
1.47061289e-21
1.456398891e-21
1.437677346e-21
1.41659814e-21
1.396739353e-21
1.37554364e-21
1.353894368e-21
1.332205006e-21
1.311759966e-21
1.293222964e-21
1.273450134e-21
1.255880488e-21
1.227095874e-21
1.212936929e-21
1.193078221e-21
1.161924674e-21
1.137992273e-21
1.115022391e-21
1.092926923e-21
1.074168967e-21
1.045117596e-21
1.027744918e-21
1.008815075e-21
9.745363887e-22
9.434035516e-22
9.278778542e-22
9.075682123e-22
8.846405859e-22
8.643994714e-22
8.410816488e-22
8.133910606e-22
7.885549458e-22
7.547478956e-22
7.377652864e-22
7.145408341e-22
6.938458881e-22
6.654792428e-22
6.431607538e-22
6.162707342e-22
5.923437726e-22
5.700207906e-22
5.44899988e-22
5.16675592e-22
4.969252357e-22
4.598556797e-22
4.406943974e-22
4.14825489e-22
3.901967337e-22
3.639341072e-22
3.382224283e-22
3.070852319e-22
2.843073456e-22
2.554949581e-22
2.300057629e-22
2.028628219e-22
1.751749025e-22
1.459003226e-22
1.236492828e-22
9.695123086e-23
7.26154542e-23
4.647790415e-23
2.776661753e-23
9.892497317e-24
2.083938116e-21
2.06876903e-21
2.050039939e-21
2.037349115e-21
2.020041617e-21
2.001978155e-21
1.98372768e-21
1.964208059e-21
1.949355457e-21
1.928525634e-21
1.912135899e-21
1.895512993e-21
1.877497657e-21
1.858459433e-21
1.841738104e-21
1.819592776e-21
1.802882861e-21
1.784708994e-21
1.768043741e-21
1.749355648e-21
1.730913872e-21
1.71221761e-21
1.691942591e-21
1.673590697e-21
1.651697151e-21
1.633644815e-21
1.613791087e-21
1.595661403e-21
1.576072267e-21
1.558254719e-21
1.537472278e-21
1.513477289e-21
1.495809586e-21
1.476403908e-21
1.457085283e-21
1.437312528e-21
1.417610063e-21
1.396686913e-21
1.375198739e-21
1.354101669e-21
1.333309955e-21
1.319298409e-21
1.290777144e-21
1.268608662e-21
1.247354183e-21
1.229998535e-21
1.20832259e-21
1.187024733e-21
1.163960805e-21
1.139952359e-21
1.119182351e-21
1.091789454e-21
1.071887098e-21
1.050490728e-21
1.028387677e-21
1.004690458e-21
9.794270464e-22
9.52156282e-22
9.300696876e-22
8.991673344e-22
8.824940586e-22
8.619232068e-22
8.340546041e-22
8.142379805e-22
7.87515321e-22
7.66044395e-22
7.415074728e-22
7.140459144e-22
6.923351439e-22
6.640954355e-22
6.409576771e-22
6.189053654e-22
5.941622519e-22
5.696175174e-22
5.449678152e-22
5.185527047e-22
4.927720196e-22
4.668722613e-22
4.431506123e-22
4.100037561e-22
3.909350369e-22
3.61402569e-22
3.371274944e-22
3.119684617e-22
2.849216491e-22
2.560455634e-22
2.304661096e-22
2.039108368e-22
1.729482702e-22
1.488557631e-22
1.248370434e-22
9.776487085e-23
7.023693789e-23
4.784991916e-23
2.561878383e-23
1.074725032e-23
2.088402242e-21
2.069921763e-21
2.052561456e-21
2.038338338e-21
2.02192211e-21
2.004163306e-21
1.986649821e-21
1.969995479e-21
1.951366407e-21
1.933998826e-21
1.913146448e-21
1.892808107e-21
1.873822532e-21
1.860279969e-21
1.843643031e-21
1.824487886e-21
1.807108274e-21
1.789238767e-21
1.766576052e-21
1.743923329e-21
1.730989858e-21
1.713644611e-21
1.695700853e-21
1.672775031e-21
1.657127731e-21
1.633833842e-21
1.614933697e-21
1.597205496e-21
1.5792058e-21
1.559952869e-21
1.538699982e-21
1.51325818e-21
1.492522572e-21
1.474875209e-21
1.454250327e-21
1.434331826e-21
1.416155177e-21
1.396813744e-21
1.377999212e-21
1.35634965e-21
1.338471108e-21
1.317386371e-21
1.300154007e-21
1.279475231e-21
1.258988081e-21
1.233924885e-21
1.206487694e-21
1.184846232e-21
1.164626818e-21
1.136720748e-21
1.124036056e-21
1.106460797e-21
1.068495974e-21
1.042554534e-21
1.023039075e-21
1.003198145e-21
9.808673038e-22
9.547628206e-22
9.332272961e-22
9.002441586e-22
8.814496536e-22
8.573861961e-22
8.324137292e-22
7.985317122e-22
7.848804265e-22
7.616584008e-22
7.388920888e-22
7.140751344e-22
6.908313755e-22
6.649198705e-22
6.428843803e-22
6.175576703e-22
5.953994912e-22
5.674401527e-22
5.394821476e-22
5.181672784e-22
4.898889696e-22
4.673774371e-22
4.411950248e-22
4.138237999e-22
3.86406729e-22
3.628732675e-22
3.371463535e-22
3.108924202e-22
2.817801545e-22
2.562775041e-22
2.316222333e-22
2.01407958e-22
1.764509996e-22
1.494283791e-22
1.229966601e-22
9.707238465e-23
7.225534262e-23
4.897129871e-23
2.778806043e-23
1.052951252e-23
2.088568405e-21
2.072095039e-21
2.053039277e-21
2.037273e-21
2.020456818e-21
2.00347811e-21
1.985588339e-21
1.965024734e-21
1.950317159e-21
1.932413436e-21
1.916029821e-21
1.894772728e-21
1.881031795e-21
1.861566855e-21
1.843195987e-21
1.82245386e-21
1.808673151e-21
1.78621572e-21
1.771265469e-21
1.750102018e-21
1.734040026e-21
1.712856619e-21
1.694419048e-21
1.674811906e-21
1.657186233e-21
1.637992629e-21
1.616840966e-21
1.598978988e-21
1.578879185e-21
1.557985603e-21
1.537786957e-21
1.517726396e-21
1.498018289e-21
1.475437946e-21
1.452960423e-21
1.434870125e-21
1.416593147e-21
1.397722211e-21
1.37894749e-21
1.359804073e-21
1.341701177e-21
1.314137718e-21
1.294027149e-21
1.271170931e-21
1.257234143e-21
1.223991086e-21
1.206656617e-21
1.187780373e-21
1.168659751e-21
1.137840699e-21
1.11091264e-21
1.091306798e-21
1.072314029e-21
1.049861986e-21
1.028855046e-21
1.00958537e-21
9.83603249e-22
9.624616693e-22
9.353254524e-22
9.089965679e-22
8.724960042e-22
8.437940059e-22
8.258294905e-22
8.088906633e-22
7.837205702e-22
7.612206901e-22
7.380637276e-22
7.151563383e-22
6.898690543e-22
6.659815909e-22
6.410683312e-22
6.190256417e-22
5.935484944e-22
5.70368701e-22
5.472663515e-22
5.218513162e-22
4.950050485e-22
4.675499205e-22
4.361156403e-22
4.16108089e-22
3.920658317e-22
3.626666491e-22
3.346575177e-22
3.0733885e-22
2.829117132e-22
2.596726131e-22
2.274922083e-22
2.031221582e-22
1.74564874e-22
1.45590576e-22
1.186864202e-22
9.78555947e-23
7.277436489e-23
4.660289741e-23
2.706716137e-23
1.074543993e-23
2.089217312e-21
2.070743469e-21
2.055321156e-21
2.036031421e-21
2.02001058e-21
2.000937775e-21
1.984972432e-21
1.967986301e-21
1.953406736e-21
1.929218664e-21
1.910768407e-21
1.896819847e-21
1.879852105e-21
1.86188406e-21
1.841117848e-21
1.822263792e-21
1.806544825e-21
1.789489826e-21
1.770986354e-21
1.753259164e-21
1.734451927e-21
1.716739615e-21
1.697155484e-21
1.67619377e-21
1.65143184e-21
1.63138744e-21
1.616372391e-21
1.599865458e-21
1.581683984e-21
1.563727753e-21
1.542222407e-21
1.512084637e-21
1.484991719e-21
1.472759257e-21
1.456305125e-21
1.439120736e-21
1.417792081e-21
1.398691447e-21
1.371299186e-21
1.355972981e-21
1.33678295e-21
1.316267879e-21
1.296348266e-21
1.270582001e-21
1.256166726e-21
1.232049692e-21
1.210917933e-21
1.194663036e-21
1.170168117e-21
1.14451648e-21
1.115161356e-21
1.099192356e-21
1.073954613e-21
1.0414285e-21
1.026484531e-21
9.951715643e-22
9.686567136e-22
9.507406352e-22
9.27560202e-22
9.01015149e-22
8.807699457e-22
8.585456102e-22
8.334578135e-22
8.108874379e-22
7.857036845e-22
7.64608418e-22
7.327625888e-22
7.168365648e-22
6.931519513e-22
6.70767286e-22
6.373545164e-22
6.194283856e-22
5.948935149e-22
5.74008133e-22
5.427739216e-22
5.21988138e-22
4.955169164e-22
4.676413223e-22
4.368675099e-22
4.142811227e-22
3.873423915e-22
3.604680082e-22
3.357587017e-22
3.114930646e-22
2.810891551e-22
2.555009113e-22
2.300938523e-22
2.034811332e-22
1.755849545e-22
1.479353645e-22
1.232422337e-22
9.784564153e-23
6.95805583e-23
4.828510381e-23
2.780856342e-23
1.029821435e-23
2.088498163e-21
2.071907419e-21
2.053210634e-21
2.037576497e-21
2.017061036e-21
2.00221093e-21
1.985261182e-21
1.966897534e-21
1.950965271e-21
1.931639142e-21
1.915334427e-21
1.897060921e-21
1.881052019e-21
1.863128925e-21
1.840736324e-21
1.823425817e-21
1.806209601e-21
1.78757693e-21
1.768917628e-21
1.750363324e-21
1.73186922e-21
1.713007034e-21
1.693626323e-21
1.675321819e-21
1.656681298e-21
1.637903862e-21
1.618721698e-21
1.598272693e-21
1.579094163e-21
1.5579537e-21
1.538378119e-21
1.518380711e-21
1.494853302e-21
1.47705667e-21
1.453664466e-21
1.427911609e-21
1.415694525e-21
1.396181658e-21
1.374488824e-21
1.355350823e-21
1.334052913e-21
1.312632234e-21
1.292649315e-21
1.272796483e-21
1.25348448e-21
1.234028808e-21
1.213205524e-21
1.191695568e-21
1.168305974e-21
1.147632182e-21
1.122820828e-21
1.099172043e-21
1.074903104e-21
1.055440614e-21
1.021562851e-21
1.001577494e-21
9.829926197e-22
9.603057073e-22
9.377353243e-22
9.025854687e-22
8.69768085e-22
8.544039015e-22
8.297145374e-22
8.068067115e-22
7.852348653e-22
7.542738912e-22
7.381224531e-22
7.177154642e-22
6.968897973e-22
6.698647103e-22
6.434879561e-22
6.209011621e-22
5.957934253e-22
5.68194702e-22
5.378767107e-22
5.120116737e-22
4.902401871e-22
4.615165969e-22
4.39573893e-22
4.1394672e-22
3.89914661e-22
3.612218337e-22
3.383605711e-22
3.133633017e-22
2.848615892e-22
2.584209812e-22
2.275888274e-22
2.009980329e-22
1.75927639e-22
1.483059666e-22
1.232354471e-22
9.540557677e-23
7.000349008e-23
4.835590073e-23
2.762354295e-23
1.03890794e-23
2.089368649e-21
2.071425752e-21
2.054103717e-21
2.036923809e-21
2.020584904e-21
2.004366979e-21
1.987162444e-21
1.968981316e-21
1.952528055e-21
1.935671323e-21
1.920326283e-21
1.895559578e-21
1.875167472e-21
1.863543817e-21
1.841778756e-21
1.826684857e-21
1.809260579e-21
1.791480179e-21
1.773714154e-21
1.75383827e-21
1.735418682e-21
1.716577404e-21
1.695390168e-21
1.671801184e-21
1.657706624e-21
1.638374444e-21
1.613545727e-21
1.595503052e-21
1.576985303e-21
1.560701647e-21
1.532995253e-21
1.511959199e-21
1.489291576e-21
1.470386554e-21
1.453271306e-21
1.43816772e-21
1.413563736e-21
1.396253635e-21
1.375021061e-21
1.353195818e-21
1.33264582e-21
1.314655359e-21
1.293735443e-21
1.274923578e-21
1.254536434e-21
1.230518155e-21
1.211154576e-21
1.190020859e-21
1.167031553e-21
1.141278278e-21
1.125167164e-21
1.103673045e-21
1.078121757e-21
1.050145125e-21
1.036176141e-21
1.015167956e-21
9.918915379e-22
9.598908437e-22
9.098099552e-22
8.888602328e-22
8.744449311e-22
8.580245255e-22
8.34977986e-22
8.167271989e-22
7.916041901e-22
7.518872046e-22
7.27933133e-22
7.107982443e-22
6.915535804e-22
6.693051062e-22
6.474577634e-22
6.196641719e-22
5.917123689e-22
5.653268672e-22
5.42808092e-22
5.136701659e-22
4.92017895e-22
4.624258768e-22
4.413141485e-22
4.153518615e-22
3.897546511e-22
3.654034512e-22
3.375395695e-22
3.086649833e-22
2.850165049e-22
2.57330834e-22
2.223864708e-22
2.003438249e-22
1.757531121e-22
1.492258043e-22
1.226089168e-22
9.747000679e-23
7.059521264e-23
4.868810446e-23
2.73524524e-23
1.068998371e-23
2.08991409e-21
2.073183739e-21
2.055967909e-21
2.039324414e-21
2.018125211e-21
1.998700264e-21
1.987724302e-21
1.971278559e-21
1.956225305e-21
1.938300977e-21
1.920896037e-21
1.89919797e-21
1.872936472e-21
1.855725977e-21
1.84034473e-21
1.825453382e-21
1.810406111e-21
1.791705847e-21
1.772302765e-21
1.753490473e-21
1.735598118e-21
1.71379216e-21
1.694924366e-21
1.672841649e-21
1.653899579e-21
1.633756276e-21
1.613871174e-21
1.593499794e-21
1.57312555e-21
1.555484725e-21
1.537299102e-21
1.517243639e-21
1.488903987e-21
1.476046674e-21
1.458069576e-21
1.436463377e-21
1.413115918e-21
1.394116533e-21
1.373714004e-21
1.355157658e-21
1.335144411e-21
1.316897668e-21
1.292969009e-21
1.272078034e-21
1.251761497e-21
1.231939492e-21
1.208726698e-21
1.18969271e-21
1.166994599e-21
1.138718531e-21
1.122731397e-21
1.101192834e-21
1.077981998e-21
1.052737768e-21
1.034034453e-21
1.007818536e-21
9.83523959e-22
9.548490857e-22
9.3807166e-22
8.991934849e-22
8.85890293e-22
8.534594034e-22
8.23516684e-22
8.028086474e-22
7.818933589e-22
7.590838753e-22
7.380651509e-22
7.120093083e-22
6.897300332e-22
6.680400093e-22
6.431452817e-22
6.1747778e-22
5.928578372e-22
5.697317451e-22
5.423724726e-22
5.189408895e-22
4.895984988e-22
4.670060876e-22
4.401808763e-22
4.145196808e-22
3.876155494e-22
3.639909538e-22
3.342090938e-22
3.103906965e-22
2.832780268e-22
2.562487688e-22
2.278961458e-22
2.02104268e-22
1.777000862e-22
1.485073944e-22
1.232629191e-22
9.731961909e-23
7.25124896e-23
4.895342046e-23
2.736030217e-23
9.793490643e-24
2.092784555e-21
2.072295147e-21
2.053568617e-21
2.035341584e-21
2.016812469e-21
2.000120275e-21
1.98394757e-21
1.968441146e-21
1.952353263e-21
1.936122992e-21
1.909012238e-21
1.892875051e-21
1.878109821e-21
1.860394765e-21
1.842316368e-21
1.82529455e-21
1.807356149e-21
1.789836519e-21
1.769160026e-21
1.752091911e-21
1.733186799e-21
1.713923677e-21
1.69516145e-21
1.676174848e-21
1.658233249e-21
1.639705964e-21
1.622146184e-21
1.58670431e-21
1.569386062e-21
1.553408736e-21
1.533900121e-21
1.511382311e-21
1.496806531e-21
1.475862473e-21
1.45657018e-21
1.434737941e-21
1.414608716e-21
1.394589931e-21
1.375193027e-21
1.356450825e-21
1.336895287e-21
1.311638971e-21
1.293296109e-21
1.272913099e-21
1.25383089e-21
1.229290643e-21
1.212261482e-21
1.190301544e-21
1.161854201e-21
1.135984744e-21
1.118111802e-21
1.09729043e-21
1.074657471e-21
1.048108009e-21
1.027257706e-21
1.00524223e-21
9.833065616e-22
9.597204856e-22
9.398919312e-22
9.09476555e-22
8.881945908e-22
8.550540363e-22
8.371747083e-22
8.138934434e-22
7.770571156e-22
7.546937023e-22
7.35177245e-22
7.143440036e-22
6.888325198e-22
6.683543637e-22
6.438783054e-22
6.202699589e-22
5.973773792e-22
5.747761943e-22
5.496972094e-22
5.137484522e-22
4.878976216e-22
4.641172892e-22
4.390827369e-22
4.114103853e-22
3.869144199e-22
3.59824199e-22
3.357461635e-22
3.105142028e-22
2.813131026e-22
2.567837509e-22
2.302306106e-22
2.032575962e-22
1.761399643e-22
1.481540484e-22
1.233125236e-22
9.70931826e-23
7.208419866e-23
4.894332899e-23
2.783659511e-23
1.072830676e-23
2.091160244e-21
2.073477384e-21
2.05654952e-21
2.039145893e-21
2.018117735e-21
2.000830991e-21
1.984368974e-21
1.968401874e-21
1.951156389e-21
1.933959854e-21
1.915295662e-21
1.896946188e-21
1.877301612e-21
1.858124812e-21
1.837531941e-21
1.824258546e-21
1.806962981e-21
1.78881264e-21
1.76930923e-21
1.747185739e-21
1.730378309e-21
1.712908799e-21
1.693987634e-21
1.675547433e-21
1.655833933e-21
1.635366881e-21
1.615827845e-21
1.59703213e-21
1.576782355e-21
1.560066452e-21
1.534309188e-21
1.521320768e-21
1.496058013e-21
1.472235947e-21
1.447542013e-21
1.433744635e-21
1.415843007e-21
1.394393813e-21
1.375376308e-21
1.356738507e-21
1.333859708e-21
1.315638733e-21
1.294097609e-21
1.273190536e-21
1.248012655e-21
1.231880998e-21
1.211025519e-21
1.189736646e-21
1.167344209e-21
1.144489933e-21
1.122602936e-21
1.095485115e-21
1.072713476e-21
1.0536017e-21
1.023939213e-21
1.001126471e-21
9.781893977e-22
9.530508335e-22
9.311634861e-22
9.07782024e-22
8.866031777e-22
8.680400117e-22
8.318743945e-22
8.090133884e-22
7.770881067e-22
7.624643067e-22
7.393661258e-22
7.170629386e-22
6.95234804e-22
6.706814492e-22
6.400608433e-22
6.209142423e-22
5.98517058e-22
5.708294482e-22
5.445614295e-22
5.162760423e-22
4.868087558e-22
4.615541487e-22
4.388830745e-22
4.123738081e-22
3.855108645e-22
3.607010939e-22
3.360995554e-22
3.108805703e-22
2.835707162e-22
2.58164462e-22
2.313627191e-22
2.047431795e-22
1.755144384e-22
1.495376543e-22
1.188042291e-22
9.636765982e-23
7.203183499e-23
4.895314118e-23
2.77296827e-23
1.053285112e-23
2.090558921e-21
2.07319396e-21
2.056066766e-21
2.038949251e-21
2.022462743e-21
2.004022831e-21
1.988471911e-21
1.971755158e-21
1.953921548e-21
1.936286576e-21
1.912378752e-21
1.89320729e-21
1.876963337e-21
1.858204211e-21
1.840389366e-21
1.823219904e-21
1.803968253e-21
1.787225595e-21
1.768897279e-21
1.751259091e-21
1.730113502e-21
1.714259757e-21
1.694189484e-21
1.672042072e-21
1.656755758e-21
1.636986734e-21
1.618335841e-21
1.600589917e-21
1.580048591e-21
1.559410001e-21
1.53703746e-21
1.516268179e-21
1.492293209e-21
1.468854432e-21
1.453843371e-21
1.433765499e-21
1.417529589e-21
1.396639358e-21
1.372984601e-21
1.355393588e-21
1.337466918e-21
1.313525899e-21
1.294770618e-21
1.273040527e-21
1.250528366e-21
1.227509355e-21
1.208160512e-21
1.188708347e-21
1.16854012e-21
1.147477753e-21
1.125409696e-21
1.088117215e-21
1.069314137e-21
1.046469848e-21
1.024455535e-21
1.007331138e-21
9.850176331e-22
9.577008465e-22
9.170591965e-22
8.990994827e-22
8.819172198e-22
8.632194286e-22
8.418830057e-22
8.142255108e-22
7.820104633e-22
7.652798473e-22
7.394624411e-22
7.178088148e-22
6.944788591e-22
6.715607348e-22
6.463598338e-22
6.19219104e-22
5.856374251e-22
5.669284726e-22
5.425666287e-22
5.151296025e-22
4.926770344e-22
4.67673753e-22
4.42790847e-22
4.162912195e-22
3.919664133e-22
3.587735219e-22
3.3466248e-22
3.094366883e-22
2.851331673e-22
2.527350016e-22
2.285867451e-22
2.035174279e-22
1.769140488e-22
1.499559861e-22
1.212950799e-22
9.418261566e-23
7.246263148e-23
4.850008778e-23
2.691187165e-23
1.074712553e-23
2.091381791e-21
2.074594168e-21
2.05831636e-21
2.041243406e-21
2.022646723e-21
2.005876171e-21
1.985499751e-21
1.970484971e-21
1.953945805e-21
1.937132048e-21
1.915504803e-21
1.898688277e-21
1.879535172e-21
1.862213523e-21
1.836075827e-21
1.823454968e-21
1.802731907e-21
1.778233584e-21
1.76658372e-21
1.748321051e-21
1.731325344e-21
1.713365151e-21
1.693549057e-21
1.675375692e-21
1.656027186e-21
1.636901456e-21
1.61912947e-21
1.599878914e-21
1.580298627e-21
1.559580115e-21
1.536093111e-21
1.519192969e-21
1.490079726e-21
1.471136272e-21
1.450353274e-21
1.435753638e-21
1.417505864e-21
1.396006133e-21
1.378095031e-21
1.361655649e-21
1.327153085e-21
1.3106669e-21
1.294038447e-21
1.273335142e-21
1.252672538e-21
1.229171727e-21
1.206432704e-21
1.18278355e-21
1.166079832e-21
1.143861413e-21
1.122188876e-21
1.102387092e-21
1.073404368e-21
1.057978134e-21
1.032716503e-21
1.003222041e-21
9.664608147e-22
9.534736003e-22
9.353682689e-22
9.098218101e-22
8.766541936e-22
8.631376574e-22
8.342563767e-22
8.104909632e-22
7.890736203e-22
7.678756142e-22
7.34573165e-22
7.125947407e-22
6.896136314e-22
6.676996882e-22
6.433758723e-22
6.184724372e-22
5.917631982e-22
5.674038912e-22
5.418550628e-22
5.175014065e-22
4.922393641e-22
4.686190025e-22
4.421603425e-22
4.15443587e-22
3.899506562e-22
3.633690854e-22
3.37113951e-22
3.084317671e-22
2.790999644e-22
2.56240232e-22
2.297426866e-22
2.035830748e-22
1.734758873e-22
1.496891677e-22
1.222452164e-22
9.738360688e-23
7.251954176e-23
4.873582763e-23
2.70991776e-23
1.074882708e-23
2.090957891e-21
2.074547467e-21
2.057316083e-21
2.041704608e-21
2.025431706e-21
2.001515352e-21
1.985265099e-21
1.969499124e-21
1.952096362e-21
1.934658757e-21
1.917667145e-21
1.899405629e-21
1.879392105e-21
1.858970685e-21
1.841915959e-21
1.821406074e-21
1.801767016e-21
1.787758507e-21
1.767874918e-21
1.748025493e-21
1.73186981e-21
1.713356791e-21
1.695441728e-21
1.676073922e-21
1.654251736e-21
1.639381486e-21
1.614659877e-21
1.592848906e-21
1.576934953e-21
1.55730067e-21
1.536927497e-21
1.519474354e-21
1.492297649e-21
1.476723974e-21
1.457529384e-21
1.438454948e-21
1.414535629e-21
1.397079526e-21
1.376296467e-21
1.354947797e-21
1.334784522e-21
1.313022504e-21
1.293297069e-21
1.273059017e-21
1.251234962e-21
1.234216301e-21
1.21030331e-21
1.188760373e-21
1.169564542e-21
1.144870326e-21
1.110552116e-21
1.094922047e-21
1.06657353e-21
1.051027727e-21
1.024907359e-21
1.003829057e-21
9.747626755e-22
9.558341686e-22
9.308095854e-22
9.082552867e-22
8.879061171e-22
8.613989071e-22
8.350287514e-22
8.142571408e-22
7.869989418e-22
7.597300285e-22
7.361882815e-22
7.160660484e-22
6.911678621e-22
6.662006929e-22
6.442859613e-22
6.164881707e-22
5.948032676e-22
5.675461128e-22
5.447876372e-22
5.19049603e-22
4.940125397e-22
4.681461628e-22
4.426142973e-22
4.159258742e-22
3.906578932e-22
3.60535969e-22
3.368510755e-22
3.120024684e-22
2.849301648e-22
2.559665451e-22
2.273144863e-22
2.032373642e-22
1.768356701e-22
1.480567795e-22
1.195724081e-22
9.700854459e-23
7.222268968e-23
4.902996603e-23
2.783927799e-23
1.005266579e-23
2.08595343e-21
2.072915901e-21
2.05431223e-21
2.038937822e-21
2.022537923e-21
2.00366233e-21
1.987111812e-21
1.970437813e-21
1.953205376e-21
1.935892427e-21
1.918116273e-21
1.899689793e-21
1.878089697e-21
1.861425802e-21
1.841344564e-21
1.823490766e-21
1.805118183e-21
1.785914849e-21
1.768527501e-21
1.749986154e-21
1.731131915e-21
1.712187346e-21
1.693923043e-21
1.676573241e-21
1.65424732e-21
1.637871572e-21
1.617722931e-21
1.599225081e-21
1.57916235e-21
1.557727274e-21
1.530887494e-21
1.517615086e-21
1.496215214e-21
1.476899945e-21
1.457639513e-21
1.436384733e-21
1.418530653e-21
1.39548581e-21
1.377364834e-21
1.35816428e-21
1.336068801e-21
1.316648249e-21
1.294806401e-21
1.275571655e-21
1.256347714e-21
1.228002072e-21
1.212281854e-21
1.187636274e-21
1.16787749e-21
1.148401173e-21
1.118955121e-21
1.083447348e-21
1.067359491e-21
1.047719273e-21
1.021823977e-21
1.001771341e-21
9.78052769e-22
9.591190643e-22
9.25160023e-22
9.068063914e-22
8.795915248e-22
8.620020828e-22
8.350449512e-22
8.142422061e-22
7.921576873e-22
7.57802142e-22
7.412503232e-22
7.163335544e-22
6.962260099e-22
6.626477262e-22
6.447338758e-22
6.167250568e-22
5.934459184e-22
5.669718445e-22
5.463623842e-22
5.221749095e-22
4.878081282e-22
4.686287963e-22
4.422664751e-22
4.172862062e-22
3.918713314e-22
3.635977521e-22
3.362356492e-22
3.11362773e-22
2.780633601e-22
2.557461251e-22
2.293711893e-22
2.02860984e-22
1.776111727e-22
1.520439775e-22
1.198856567e-22
9.675712022e-23
7.193188411e-23
4.896869065e-23
2.74017005e-23
9.908813531e-24
2.08864365e-21
2.072857217e-21
2.055769616e-21
2.039016738e-21
2.022659954e-21
2.005863512e-21
1.987697384e-21
1.972633648e-21
1.95767522e-21
1.93574159e-21
1.91746366e-21
1.897413314e-21
1.876686823e-21
1.856702463e-21
1.841875102e-21
1.824596258e-21
1.807811149e-21
1.789509076e-21
1.768909653e-21
1.750636049e-21
1.733656269e-21
1.715556213e-21
1.693528597e-21
1.670762288e-21
1.653999672e-21
1.635639621e-21
1.617655423e-21
1.598782935e-21
1.576968725e-21
1.557853029e-21
1.534372616e-21
1.516337478e-21
1.495891033e-21
1.476613513e-21
1.458246706e-21
1.437820088e-21
1.417435444e-21
1.39710715e-21
1.378198444e-21
1.3561822e-21
1.337002708e-21
1.317449308e-21
1.29676183e-21
1.27653789e-21
1.256356826e-21
1.235557605e-21
1.213129259e-21
1.188247121e-21
1.166450973e-21
1.143915438e-21
1.115569058e-21
1.08052844e-21
1.064989908e-21
1.047118264e-21
1.023991956e-21
1.001909796e-21
9.798508937e-22
9.561447638e-22
9.349943721e-22
9.00800122e-22
8.834408624e-22
8.609679036e-22
8.411852671e-22
8.090100288e-22
7.9257453e-22
7.626644095e-22
7.439298033e-22
7.151388287e-22
6.908215691e-22
6.669325927e-22
6.404639439e-22
6.175270125e-22
5.883881675e-22
5.70151514e-22
5.444623921e-22
5.212329217e-22
4.955909087e-22
4.695572723e-22
4.404275467e-22
4.186203756e-22
3.861514636e-22
3.633921363e-22
3.310519609e-22
3.081240484e-22
2.830342056e-22
2.572619991e-22
2.315624187e-22
2.04648549e-22
1.804458844e-22
1.445884664e-22
1.209440844e-22
9.731449968e-23
7.127570783e-23
4.709244792e-23
2.787935638e-23
1.073408496e-23
2.12221995e-21
2.107399481e-21
2.08882464e-21
2.070269453e-21
2.054082434e-21
2.039784064e-21
2.023289122e-21
2.007672879e-21
1.986266191e-21
1.970965003e-21
1.950220503e-21
1.933388558e-21
1.914906696e-21
1.901157536e-21
1.875087659e-21
1.861273833e-21
1.837801765e-21
1.826256925e-21
1.809634122e-21
1.792842657e-21
1.764136668e-21
1.753599557e-21
1.738914489e-21
1.708219578e-21
1.685488033e-21
1.675343813e-21
1.654103821e-21
1.634954124e-21
1.616080253e-21
1.595363843e-21
1.576899265e-21
1.555926619e-21
1.538449945e-21
1.518510376e-21
1.499362226e-21
1.479545801e-21
1.4616386e-21
1.43727775e-21
1.416592369e-21
1.398592084e-21
1.378098819e-21
1.353910122e-21
1.335224941e-21
1.317166079e-21
1.298645281e-21
1.274241483e-21
1.256604347e-21
1.237783688e-21
1.217046455e-21
1.194039406e-21
1.16104624e-21
1.138937995e-21
1.104444814e-21
1.085390868e-21
1.068625886e-21
1.048428773e-21
1.026748021e-21
1.002411209e-21
9.794543764e-22
9.577842149e-22
9.346434169e-22
9.117565678e-22
8.847672365e-22
8.551350837e-22
8.345968606e-22
8.12491801e-22
7.929169642e-22
7.594918043e-22
7.381842583e-22
7.183538764e-22
6.968114371e-22
6.633547943e-22
6.409366178e-22
6.166173556e-22
5.965878775e-22
5.641349324e-22
5.429931084e-22
5.179305906e-22
4.960133377e-22
4.713965417e-22
4.365101723e-22
4.129173207e-22
3.894902567e-22
3.638524946e-22
3.364016973e-22
3.108088299e-22
2.842781225e-22
2.574258776e-22
2.308961867e-22
2.042650562e-22
1.727354283e-22
1.471652269e-22
1.239450223e-22
9.711367676e-23
7.258450769e-23
4.787156499e-23
2.791081357e-23
1.012221892e-23
2.125514803e-21
2.108117635e-21
2.088884149e-21
2.076564625e-21
2.062461785e-21
2.038235051e-21
2.016889219e-21
2.002121399e-21
1.986100424e-21
1.965288677e-21
1.951690591e-21
1.935132277e-21
1.916359663e-21
1.890699853e-21
1.878143364e-21
1.86105254e-21
1.845799794e-21
1.824497713e-21
1.805732293e-21
1.785316259e-21
1.768994667e-21
1.750113341e-21
1.732070378e-21
1.712959657e-21
1.695291021e-21
1.673518209e-21
1.6565943e-21
1.638146326e-21
1.611888062e-21
1.594031293e-21
1.577927148e-21
1.558943893e-21
1.540714095e-21
1.521888258e-21
1.501873794e-21
1.481086498e-21
1.458764468e-21
1.437131249e-21
1.412498106e-21
1.39861154e-21
1.378952541e-21
1.357510379e-21
1.337503165e-21
1.317754985e-21
1.292372637e-21
1.274898265e-21
1.251105288e-21
1.231095626e-21
1.208425036e-21
1.187944556e-21
1.163067739e-21
1.141294349e-21
1.11590135e-21
1.0942885e-21
1.07520745e-21
1.05070256e-21
1.030054486e-21
1.002660822e-21
9.760440722e-22
9.577165159e-22
9.31887747e-22
9.081183038e-22
8.823788856e-22
8.533120959e-22
8.364259757e-22
8.087284182e-22
7.922607598e-22
7.648623787e-22
7.351640648e-22
7.155345044e-22
6.924131858e-22
6.688038529e-22
6.41145901e-22
6.167078719e-22
5.955460115e-22
5.647255602e-22
5.450825071e-22
5.193207345e-22
4.952322371e-22
4.696720288e-22
4.415262098e-22
4.184610382e-22
3.902889923e-22
3.632682452e-22
3.35603839e-22
3.095490111e-22
2.82845414e-22
2.570395808e-22
2.312272585e-22
1.992508109e-22
1.768841112e-22
1.507184738e-22
1.228679138e-22
9.771924616e-23
7.254027102e-23
4.683332817e-23
2.692056858e-23
9.945575915e-24
2.124929421e-21
2.107485355e-21
2.090931863e-21
2.074310638e-21
2.056582039e-21
2.039058248e-21
2.021836197e-21
2.005523878e-21
1.982100207e-21
1.967838808e-21
1.951625625e-21
1.93127384e-21
1.915058139e-21
1.897324531e-21
1.878551744e-21
1.862760607e-21
1.844733321e-21
1.825795474e-21
1.80539932e-21
1.784832951e-21
1.769136962e-21
1.748675552e-21
1.730277687e-21
1.711851209e-21
1.69406915e-21
1.675068776e-21
1.656369885e-21
1.637097764e-21
1.617618942e-21
1.597635564e-21
1.576712039e-21
1.558895173e-21
1.538800449e-21
1.519689359e-21
1.500740016e-21
1.479013826e-21
1.460092977e-21
1.441576494e-21
1.412151949e-21
1.398882162e-21
1.378537903e-21
1.352624592e-21
1.337330944e-21
1.318687009e-21
1.30053275e-21
1.275553175e-21
1.256680906e-21
1.23396394e-21
1.20338335e-21
1.18265268e-21
1.162956747e-21
1.139143492e-21
1.115619815e-21
1.093748108e-21
1.073507636e-21
1.052873665e-21
1.032045989e-21
1.007755426e-21
9.813902429e-22
9.571281501e-22
9.367828961e-22
9.068870259e-22
8.823895904e-22
8.534109159e-22
8.28131668e-22
8.074750198e-22
7.807037436e-22
7.599788676e-22
7.394395127e-22
7.166297864e-22
6.933793396e-22
6.69907487e-22
6.459085666e-22
6.18266361e-22
5.969359457e-22
5.730052014e-22
5.396441849e-22
5.2155533e-22
4.966079502e-22
4.70880955e-22
4.469744725e-22
4.118598037e-22
3.841369608e-22
3.634950877e-22
3.338106933e-22
3.109585114e-22
2.811218604e-22
2.581463364e-22
2.326043684e-22
2.021457671e-22
1.722060105e-22
1.506152482e-22
1.239403451e-22
9.730877113e-23
7.131583537e-23
4.658364013e-23
2.771246479e-23
1.031968638e-23
2.124818965e-21
2.108521337e-21
2.089601421e-21
2.073313843e-21
2.05635826e-21
2.039504441e-21
2.022783121e-21
2.00286041e-21
1.983967294e-21
1.967365322e-21
1.951178255e-21
1.933410269e-21
1.912785308e-21
1.898829185e-21
1.882381072e-21
1.863636164e-21
1.841708563e-21
1.827181999e-21
1.807755914e-21
1.785834873e-21
1.762284443e-21
1.748211652e-21
1.730658815e-21
1.713048093e-21
1.69442821e-21
1.675486634e-21
1.657408723e-21
1.63854391e-21
1.620120783e-21
1.598808063e-21
1.58078992e-21
1.56282061e-21
1.540024088e-21
1.516559152e-21
1.497059129e-21
1.475950892e-21
1.457661292e-21
1.43683708e-21
1.413533834e-21
1.395605586e-21
1.377455651e-21
1.357509949e-21
1.337330402e-21
1.318722276e-21
1.300634684e-21
1.279196687e-21
1.257185131e-21
1.240689115e-21
1.22110851e-21
1.184049934e-21
1.151678886e-21
1.134791013e-21
1.116338359e-21
1.096062332e-21
1.076507647e-21
1.051263099e-21
1.030747706e-21
1.004911429e-21
9.815715885e-22
9.534320521e-22
9.297121942e-22
9.073378903e-22
8.851802808e-22
8.530418243e-22
8.308357827e-22
8.096019172e-22
7.820249059e-22
7.61716892e-22
7.383166824e-22
7.157209543e-22
6.91685893e-22
6.69366295e-22
6.454319304e-22
6.202725563e-22
5.951403626e-22
5.708150303e-22
5.462667766e-22
5.221315274e-22
4.994537073e-22
4.654655105e-22
4.41205546e-22
4.183955737e-22
3.912960175e-22
3.569010668e-22
3.291319319e-22
3.081083391e-22
2.830376591e-22
2.554957945e-22
2.30307943e-22
2.042460461e-22
1.772422928e-22
1.480196944e-22
1.235359506e-22
9.841844528e-23
7.061977261e-23
4.831730911e-23
2.787464049e-23
1.072379934e-23
2.125080734e-21
2.10712559e-21
2.091059519e-21
2.073813348e-21
2.058209698e-21
2.041578041e-21
2.023397234e-21
2.004443461e-21
1.983640384e-21
1.969812155e-21
1.952802303e-21
1.927087494e-21
1.914210187e-21
1.897564881e-21
1.87831825e-21
1.86303386e-21
1.843806851e-21
1.827078522e-21
1.807943145e-21
1.78689066e-21
1.768653677e-21
1.750478135e-21
1.732317633e-21
1.713632584e-21
1.69520352e-21
1.673931737e-21
1.657253433e-21
1.637598173e-21
1.618284664e-21
1.598236261e-21
1.579180365e-21
1.55847731e-21
1.539934108e-21
1.518548398e-21
1.499214927e-21
1.4796018e-21
1.458373527e-21
1.436960572e-21
1.415509753e-21
1.394744063e-21
1.37800963e-21
1.355995171e-21
1.336568333e-21
1.316940475e-21
1.296660605e-21
1.276574162e-21
1.255529326e-21
1.23428742e-21
1.211897183e-21
1.190070179e-21
1.168139538e-21
1.14654045e-21
1.119704477e-21
1.100354348e-21
1.073304975e-21
1.047088486e-21
1.021067935e-21
1.003698647e-21
9.819533042e-22
9.585417237e-22
9.245650899e-22
9.097842467e-22
8.860992939e-22
8.601292882e-22
8.344590944e-22
8.108731586e-22
7.87555431e-22
7.63529412e-22
7.408685861e-22
7.088267186e-22
6.934568105e-22
6.698646529e-22
6.446327694e-22
6.229903756e-22
5.954203313e-22
5.610155507e-22
5.430048362e-22
5.208996581e-22
4.884210513e-22
4.640838902e-22
4.410757848e-22
4.153741556e-22
3.896489956e-22
3.64878605e-22
3.403964254e-22
3.157619337e-22
2.778202011e-22
2.537793436e-22
2.331573182e-22
2.037749396e-22
1.766046662e-22
1.482534857e-22
1.210494917e-22
9.550865998e-23
7.30121503e-23
4.725178649e-23
2.642639137e-23
9.993076718e-24
2.128381462e-21
2.107187306e-21
2.089513916e-21
2.072819867e-21
2.057997277e-21
2.042064541e-21
2.021628924e-21
2.006007551e-21
1.988590557e-21
1.968768821e-21
1.954344613e-21
1.931773066e-21
1.907234e-21
1.894352734e-21
1.879556626e-21
1.862868406e-21
1.844945183e-21
1.826020862e-21
1.80921268e-21
1.790373274e-21
1.772119852e-21
1.754954812e-21
1.728929404e-21
1.713730641e-21
1.693631409e-21
1.677655234e-21
1.655604997e-21
1.63680216e-21
1.617651216e-21
1.599253089e-21
1.576434225e-21
1.559997354e-21
1.540216426e-21
1.519729132e-21
1.498484495e-21
1.477595503e-21
1.458708223e-21
1.438734845e-21
1.41383416e-21
1.398320362e-21
1.376084587e-21
1.357531422e-21
1.335628024e-21
1.314660777e-21
1.295106939e-21
1.273486894e-21
1.255348201e-21
1.230725646e-21
1.212678155e-21
1.191878785e-21
1.169928869e-21
1.147237253e-21
1.117697519e-21
1.099748368e-21
1.069295952e-21
1.048899321e-21
1.025317095e-21
1.002417764e-21
9.813100848e-22
9.567521621e-22
9.350920641e-22
9.062622999e-22
8.882481081e-22
8.649002665e-22
8.27686334e-22
8.133351609e-22
7.886612855e-22
7.63308437e-22
7.386253451e-22
7.186222351e-22
6.955310024e-22
6.702418996e-22
6.432778447e-22
6.164384677e-22
5.922123777e-22
5.692146654e-22
5.43428063e-22
5.153878616e-22
4.916675341e-22
4.622746035e-22
4.415877508e-22
4.157831891e-22
3.916645386e-22
3.602070445e-22
3.393063195e-22
3.141069713e-22
2.774357645e-22
2.561196352e-22
2.29783492e-22
2.049527944e-22
1.766474467e-22
1.486003439e-22
1.161424485e-22
9.661718397e-23
7.192299257e-23
4.857156984e-23
2.773282494e-23
1.071383267e-23
2.127159043e-21
2.110935822e-21
2.090041727e-21
2.07460663e-21
2.059382966e-21
2.042119972e-21
2.02438498e-21
2.00651274e-21
1.98944848e-21
1.972906697e-21
1.954283871e-21
1.936528881e-21
1.906288029e-21
1.894516973e-21
1.876674357e-21
1.859146547e-21
1.842498531e-21
1.825955768e-21
1.809339884e-21
1.788802076e-21
1.771758273e-21
1.752870138e-21
1.735251184e-21
1.717180483e-21
1.695675634e-21
1.677144645e-21
1.654390547e-21
1.637174347e-21
1.619812122e-21
1.59992072e-21
1.582407803e-21
1.559008418e-21
1.539435933e-21
1.517911139e-21
1.4972056e-21
1.476938743e-21
1.457284999e-21
1.437932011e-21
1.416907887e-21
1.398879978e-21
1.376374166e-21
1.3565539e-21
1.335149755e-21
1.316641045e-21
1.296241768e-21
1.275430638e-21
1.255550434e-21
1.23523863e-21
1.210198507e-21
1.18925876e-21
1.163008575e-21
1.14453441e-21
1.118798685e-21
1.096878789e-21
1.073786532e-21
1.051539649e-21
1.028209002e-21
1.002755084e-21
9.778997911e-22
9.496625122e-22
9.346999855e-22
9.100518518e-22
8.887866933e-22
8.708119267e-22
8.44905253e-22
8.045529541e-22
7.8388421e-22
7.646061194e-22
7.392967052e-22
7.122175916e-22
6.867094036e-22
6.66944901e-22
6.432918545e-22
6.199998535e-22
5.988210152e-22
5.626802744e-22
5.433182692e-22
5.17410776e-22
4.928460671e-22
4.690302505e-22
4.415733583e-22
4.174932635e-22
3.889320722e-22
3.612946877e-22
3.396878402e-22
3.105498192e-22
2.753098304e-22
2.560873634e-22
2.324179822e-22
2.065075568e-22
1.738592255e-22
1.482572346e-22
1.236041783e-22
9.288257066e-23
7.207228469e-23
4.820697979e-23
2.752076608e-23
1.005227713e-23
2.127444753e-21
2.107686036e-21
2.09177291e-21
2.076331327e-21
2.060602432e-21
2.041957645e-21
2.024467822e-21
2.004582592e-21
1.988592572e-21
1.971019999e-21
1.95344578e-21
1.935364039e-21
1.916940824e-21
1.89735342e-21
1.877646202e-21
1.857915188e-21
1.837761483e-21
1.825448866e-21
1.807258869e-21
1.788182423e-21
1.772671413e-21
1.754791007e-21
1.737266863e-21
1.717061361e-21
1.699298957e-21
1.677354615e-21
1.649114793e-21
1.635600848e-21
1.617178133e-21
1.598818724e-21
1.579609165e-21
1.559424805e-21
1.539423631e-21
1.520088244e-21
1.50103347e-21
1.481594216e-21
1.45939849e-21
1.4405655e-21
1.415801066e-21
1.39617455e-21
1.378180289e-21
1.354592761e-21
1.336200162e-21
1.317287013e-21
1.298910011e-21
1.275500702e-21
1.256433511e-21
1.2320092e-21
1.21209327e-21
1.188225038e-21
1.165769464e-21
1.142642019e-21
1.116954728e-21
1.096592473e-21
1.07390758e-21
1.0481024e-21
1.029535807e-21
1.005518067e-21
9.765652204e-22
9.554930478e-22
9.314204886e-22
9.081550189e-22
8.830939855e-22
8.612105634e-22
8.388805782e-22
8.13526197e-22
7.87006806e-22
7.682502058e-22
7.369039172e-22
7.172851007e-22
6.901101341e-22
6.685199321e-22
6.443317075e-22
6.185105007e-22
5.933857686e-22
5.725488504e-22
5.486916244e-22
5.104100417e-22
4.937892605e-22
4.669214501e-22
4.424626137e-22
4.148978952e-22
3.856331675e-22
3.624725205e-22
3.374414268e-22
3.104268605e-22
2.830394043e-22
2.572876991e-22
2.27750133e-22
2.049088085e-22
1.754592705e-22
1.46540276e-22
1.225151855e-22
9.681234421e-23
7.186419524e-23
4.833777746e-23
2.761895839e-23
1.070553733e-23
2.126558812e-21
2.1093171e-21
2.09306825e-21
2.0755597e-21
2.059166171e-21
2.041292276e-21
2.024660299e-21
2.008133484e-21
1.991587005e-21
1.975447041e-21
1.959137512e-21
1.931689199e-21
1.914084849e-21
1.893533605e-21
1.87136511e-21
1.858036296e-21
1.842247825e-21
1.820319297e-21
1.806316726e-21
1.789450342e-21
1.771656454e-21
1.753122283e-21
1.734516049e-21
1.716956905e-21
1.696453624e-21
1.677329568e-21
1.657169454e-21
1.636069408e-21
1.617560267e-21
1.598745591e-21
1.575701889e-21
1.55754487e-21
1.539477569e-21
1.520252283e-21
1.499399231e-21
1.479176816e-21
1.458166131e-21
1.439344511e-21
1.419286871e-21
1.398878771e-21
1.378533718e-21
1.357755474e-21
1.336667294e-21
1.315923538e-21
1.296922702e-21
1.274346428e-21
1.257310708e-21
1.236282587e-21
1.212304481e-21
1.187824307e-21
1.170637936e-21
1.141908163e-21
1.123892411e-21
1.100674699e-21
1.079381961e-21
1.04515203e-21
1.023673534e-21
1.003453305e-21
9.788155588e-22
9.531748393e-22
9.291296502e-22
9.080058408e-22
8.813724223e-22
8.597812654e-22
8.343472591e-22
8.106939004e-22
7.888149953e-22
7.650547667e-22
7.431670056e-22
7.180771393e-22
6.939000059e-22
6.669425026e-22
6.431699836e-22
6.202398661e-22
5.951669739e-22
5.722962189e-22
5.440845674e-22
5.174732364e-22
4.879979162e-22
4.680196647e-22
4.44380062e-22
4.147537663e-22
3.910514516e-22
3.61443846e-22
3.371878375e-22
3.126359554e-22
2.764352404e-22
2.567032555e-22
2.277217975e-22
2.036798019e-22
1.748985163e-22
1.49467391e-22
1.233672256e-22
9.767186758e-23
7.316774676e-23
4.8188778e-23
2.655468108e-23
1.077740261e-23
2.127645884e-21
2.111279862e-21
2.094611375e-21
2.075981922e-21
2.059977037e-21
2.042162913e-21
2.025302249e-21
2.008299043e-21
1.990068427e-21
1.972359389e-21
1.954575881e-21
1.937383239e-21
1.912684016e-21
1.887118901e-21
1.869246415e-21
1.856678413e-21
1.842186091e-21
1.825492982e-21
1.80519021e-21
1.790234764e-21
1.770456405e-21
1.753590482e-21
1.734749135e-21
1.714578164e-21
1.69546626e-21
1.676189657e-21
1.657179604e-21
1.63672589e-21
1.619115189e-21
1.597938645e-21
1.579318014e-21
1.559553907e-21
1.540043773e-21
1.520595741e-21
1.501083316e-21
1.481933626e-21
1.456360048e-21
1.441159745e-21
1.420079167e-21
1.399567033e-21
1.376889877e-21
1.358309342e-21
1.333755352e-21
1.316636219e-21
1.298040639e-21
1.278750049e-21
1.257055973e-21
1.229250262e-21
1.20800171e-21
1.190362212e-21
1.171617383e-21
1.152933508e-21
1.121612267e-21
1.108195654e-21
1.075619304e-21
1.04627354e-21
1.027038889e-21
1.001621875e-21
9.835231567e-22
9.589037924e-22
9.214913972e-22
9.085784351e-22
8.851907682e-22
8.593037016e-22
8.283715499e-22
8.097906177e-22
7.859854303e-22
7.628565305e-22
7.398156625e-22
7.176367793e-22
6.94232157e-22
6.665081523e-22
6.442097327e-22
6.174383602e-22
5.953867756e-22
5.708190752e-22
5.447008455e-22
5.175358819e-22
4.938705424e-22
4.694756088e-22
4.427877843e-22
4.137641888e-22
3.883578322e-22
3.608352512e-22
3.364608843e-22
3.134637047e-22
2.800327172e-22
2.558964193e-22
2.300242219e-22
2.044788601e-22
1.794367047e-22
1.440195034e-22
1.232028e-22
9.801208371e-23
7.233590728e-23
4.806629233e-23
2.76663931e-23
1.018695056e-23
2.127848025e-21
2.110785999e-21
2.09397406e-21
2.077050505e-21
2.059662683e-21
2.041488797e-21
2.02347277e-21
2.005984148e-21
1.98925118e-21
1.971779755e-21
1.954675717e-21
1.935383284e-21
1.914166731e-21
1.888883149e-21
1.873660399e-21
1.855051371e-21
1.841464539e-21
1.824874856e-21
1.807334287e-21
1.789561625e-21
1.771614549e-21
1.75306215e-21
1.735577282e-21
1.715010642e-21
1.695657059e-21
1.678722068e-21
1.655861313e-21
1.638438751e-21
1.620005176e-21
1.600063627e-21
1.581443061e-21
1.559752993e-21
1.539458336e-21
1.518305254e-21
1.501213104e-21
1.478100718e-21
1.460656532e-21
1.440850986e-21
1.420577698e-21
1.400623139e-21
1.382188338e-21
1.357848888e-21
1.336853273e-21
1.321514141e-21
1.293565098e-21
1.270977271e-21
1.255042412e-21
1.232588398e-21
1.210958571e-21
1.191215851e-21
1.169832281e-21
1.15034829e-21
1.119559938e-21
1.097371357e-21
1.084553832e-21
1.046782687e-21
1.028397425e-21
1.002904864e-21
9.814527914e-22
9.622805825e-22
9.320708657e-22
9.111078624e-22
8.798864926e-22
8.522109862e-22
8.391207883e-22
8.12329204e-22
7.883160376e-22
7.584241395e-22
7.354153331e-22
7.138257758e-22
6.915295651e-22
6.666121647e-22
6.425150797e-22
6.186175087e-22
5.937962075e-22
5.715413233e-22
5.456901808e-22
5.224398714e-22
4.941571282e-22
4.756962793e-22
4.386283913e-22
4.105071523e-22
3.903946335e-22
3.595423842e-22
3.358252711e-22
3.08454575e-22
2.842679908e-22
2.559481969e-22
2.300488309e-22
2.035937925e-22
1.773211065e-22
1.481085023e-22
1.223515803e-22
9.758483226e-23
7.197196341e-23
4.824965552e-23
2.784140089e-23
1.038148696e-23
2.1296014e-21
2.112064312e-21
2.09119498e-21
2.075226475e-21
2.057503723e-21
2.040568036e-21
2.023454246e-21
2.006791714e-21
1.991327898e-21
1.970097268e-21
1.951597667e-21
1.937378824e-21
1.916564706e-21
1.897515954e-21
1.873809934e-21
1.851988167e-21
1.841580051e-21
1.825789668e-21
1.809168209e-21
1.79029512e-21
1.773115315e-21
1.751023879e-21
1.735730707e-21
1.717493899e-21
1.696772346e-21
1.678402823e-21
1.656858881e-21
1.637857588e-21
1.618238255e-21
1.598078982e-21
1.580695914e-21
1.560877766e-21
1.539288255e-21
1.519508263e-21
1.498985474e-21
1.479223366e-21
1.460601907e-21
1.440836673e-21
1.419918869e-21
1.399740513e-21
1.379626756e-21
1.358937319e-21
1.336697683e-21
1.318248833e-21
1.295964941e-21
1.276596442e-21
1.25766985e-21
1.237114471e-21
1.215473717e-21
1.2000842e-21
1.173717584e-21
1.136563837e-21
1.118204424e-21
1.086091982e-21
1.070694716e-21
1.055989291e-21
1.027193485e-21
1.001642704e-21
9.832601169e-22
9.602344635e-22
9.362949136e-22
9.063412904e-22
8.838357485e-22
8.591736598e-22
8.392846395e-22
8.156007633e-22
7.944664733e-22
7.625170707e-22
7.307175635e-22
7.099544652e-22
6.879882845e-22
6.662828788e-22
6.427872261e-22
6.195342519e-22
5.94837662e-22
5.692681981e-22
5.456779024e-22
5.208558609e-22
4.977865697e-22
4.710160222e-22
4.428271126e-22
4.152417664e-22
3.881102722e-22
3.599438574e-22
3.331662102e-22
3.085193118e-22
2.838235762e-22
2.584843691e-22
2.290562777e-22
2.036223159e-22
1.773762979e-22
1.487600096e-22
1.234874019e-22
9.619576551e-23
7.129179122e-23
4.883560501e-23
2.77610837e-23
1.050850909e-23
2.129583938e-21
2.108790111e-21
2.094560611e-21
2.077609145e-21
2.060858286e-21
2.041627294e-21
2.019002317e-21
2.005397206e-21
1.984806072e-21
1.970195564e-21
1.955510659e-21
1.930373366e-21
1.913266836e-21
1.897958942e-21
1.880191284e-21
1.860977963e-21
1.844095159e-21
1.827018922e-21
1.808541111e-21
1.791506428e-21
1.773135909e-21
1.75292396e-21
1.734247578e-21
1.71659182e-21
1.698924123e-21
1.68032538e-21
1.66096048e-21
1.631668381e-21
1.616065913e-21
1.600922009e-21
1.580917007e-21
1.56298963e-21
1.541259534e-21
1.516624e-21
1.498864552e-21
1.480351944e-21
1.460230639e-21
1.439308657e-21
1.419597657e-21
1.398526407e-21
1.379011682e-21
1.358105005e-21
1.338109029e-21
1.318359271e-21
1.298220882e-21
1.277581062e-21
1.256592073e-21
1.234883444e-21
1.214702134e-21
1.19699523e-21
1.165848203e-21
1.139087567e-21
1.113806454e-21
1.101969795e-21
1.07890797e-21
1.047279545e-21
1.02493446e-21
1.006666534e-21
9.79549638e-22
9.600462158e-22
9.390788085e-22
9.186262229e-22
8.918718244e-22
8.601593245e-22
8.325483283e-22
8.055563992e-22
7.825671658e-22
7.615471042e-22
7.356063122e-22
7.152385483e-22
6.868070885e-22
6.670481634e-22
6.44260631e-22
6.214811203e-22
5.957185173e-22
5.689805082e-22
5.444957923e-22
5.153381068e-22
4.934952076e-22
4.71353601e-22
4.397987477e-22
4.177395471e-22
3.881608918e-22
3.621198015e-22
3.366830067e-22
3.101887462e-22
2.845622112e-22
2.56689858e-22
2.306185458e-22
2.030881532e-22
1.771855217e-22
1.505402912e-22
1.222197986e-22
9.705638035e-23
7.125620245e-23
4.897142293e-23
2.789903596e-23
1.075453968e-23
2.12894446e-21
2.112680444e-21
2.088046568e-21
2.074495927e-21
2.057984246e-21
2.040669065e-21
2.022709657e-21
2.005088171e-21
1.986545352e-21
1.969737471e-21
1.952822929e-21
1.934269304e-21
1.91724447e-21
1.901739424e-21
1.880183314e-21
1.86373457e-21
1.844964878e-21
1.826059676e-21
1.810855786e-21
1.792594494e-21
1.768643842e-21
1.754290563e-21
1.733998026e-21
1.716106489e-21
1.697959224e-21
1.677997542e-21
1.659481198e-21
1.637588758e-21
1.620146241e-21
1.6016993e-21
1.582466011e-21
1.558363189e-21
1.537308573e-21
1.521895678e-21
1.501176358e-21
1.477299826e-21
1.459909103e-21
1.439202606e-21
1.418990671e-21
1.399267636e-21
1.379540657e-21
1.358888689e-21
1.341014027e-21
1.318635346e-21
1.291819175e-21
1.276023423e-21
1.2558362e-21
1.235127913e-21
1.213873604e-21
1.192072268e-21
1.169569603e-21
1.137305238e-21
1.125097547e-21
1.092295408e-21
1.08053824e-21
1.055807393e-21
1.022665105e-21
1.001608728e-21
9.83617654e-22
9.632877257e-22
9.377925831e-22
9.174673505e-22
8.940385405e-22
8.580035346e-22
8.332990513e-22
8.123713071e-22
7.841585249e-22
7.601650428e-22
7.355942313e-22
7.13824262e-22
6.887791826e-22
6.653671847e-22
6.435070828e-22
6.173035154e-22
5.951942541e-22
5.697741831e-22
5.444079566e-22
5.176794155e-22
4.928247847e-22
4.679293321e-22
4.427253329e-22
4.163811357e-22
3.898231643e-22
3.644226286e-22
3.368189101e-22
3.094890919e-22
2.845018373e-22
2.573506571e-22
2.302420401e-22
2.039066277e-22
1.768601231e-22
1.495509251e-22
1.230138618e-22
9.703186659e-23
7.20778693e-23
4.893053413e-23
2.755554588e-23
1.079463168e-23
2.129352199e-21
2.105634922e-21
2.091602866e-21
2.074479388e-21
2.058689951e-21
2.041957953e-21
2.025297773e-21
2.008359606e-21
1.985131021e-21
1.97176087e-21
1.954876327e-21
1.936452419e-21
1.921474802e-21
1.899287244e-21
1.882398954e-21
1.863502707e-21
1.844433685e-21
1.829653414e-21
1.811471832e-21
1.789468447e-21
1.770766259e-21
1.754436923e-21
1.732889562e-21
1.711560637e-21
1.694676064e-21
1.678303378e-21
1.659327636e-21
1.641144555e-21
1.62187866e-21
1.599288194e-21
1.582665895e-21
1.562260327e-21
1.541899495e-21
1.521706017e-21
1.502593011e-21
1.482425023e-21
1.459946363e-21
1.438067741e-21
1.416667768e-21
1.396695597e-21
1.377389083e-21
1.359591339e-21
1.339782054e-21
1.313791148e-21
1.297573375e-21
1.278108924e-21
1.259380753e-21
1.23604534e-21
1.215140656e-21
1.179052876e-21
1.164003521e-21
1.146489928e-21
1.123126142e-21
1.097291872e-21
1.078981629e-21
1.045959742e-21
1.029322875e-21
1.004376328e-21
9.776909766e-22
9.587426987e-22
9.363015575e-22
9.133395799e-22
8.911967177e-22
8.694934495e-22
8.419502677e-22
8.129234019e-22
7.866517918e-22
7.55759453e-22
7.388837504e-22
7.150319572e-22
6.907776347e-22
6.682371904e-22
6.416644722e-22
6.144655225e-22
5.936491303e-22
5.70935891e-22
5.429404367e-22
5.18495027e-22
4.942942861e-22
4.690776918e-22
4.429322108e-22
4.160871961e-22
3.896397302e-22
3.632801592e-22
3.367988049e-22
3.112069418e-22
2.857008275e-22
2.575573328e-22
2.304052686e-22
2.020529148e-22
1.777118854e-22
1.515444746e-22
1.205381247e-22
9.713405478e-23
7.252247604e-23
4.895512465e-23
2.749921051e-23
1.062402635e-23
2.123785867e-21
2.109969833e-21
2.092085705e-21
2.076318162e-21
2.059551624e-21
2.042584307e-21
2.025587499e-21
2.008098976e-21
1.989635002e-21
1.971996727e-21
1.953765546e-21
1.936381663e-21
1.918206234e-21
1.900472749e-21
1.882271188e-21
1.864587056e-21
1.843261951e-21
1.827303192e-21
1.808685619e-21
1.790741387e-21
1.772212724e-21
1.753435878e-21
1.734505162e-21
1.716179543e-21
1.698847802e-21
1.677850038e-21
1.65928076e-21
1.6401732e-21
1.621898743e-21
1.602411582e-21
1.582802444e-21
1.562634665e-21
1.541550408e-21
1.522735085e-21
1.502402793e-21
1.482631368e-21
1.457571383e-21
1.437175641e-21
1.417364875e-21
1.39670781e-21
1.377838498e-21
1.358344734e-21
1.33804259e-21
1.317295394e-21
1.298011419e-21
1.278042416e-21
1.254950548e-21
1.235307875e-21
1.214722627e-21
1.193606432e-21
1.166958657e-21
1.145549098e-21
1.122395223e-21
1.098114479e-21
1.078917077e-21
1.048213295e-21
1.02293109e-21
1.005116142e-21
9.817074386e-22
9.553298714e-22
9.374774116e-22
9.109167833e-22
8.871262172e-22
8.679073079e-22
8.327334839e-22
8.093952547e-22
7.870783872e-22
7.644736507e-22
7.412153677e-22
7.154285361e-22
6.913656868e-22
6.691923998e-22
6.44043354e-22
6.204542324e-22
5.961600432e-22
5.674613173e-22
5.418531244e-22
5.199649302e-22
4.948704166e-22
4.680519274e-22
4.432699046e-22
4.160141625e-22
3.901251789e-22
3.654656551e-22
3.364546248e-22
3.097843224e-22
2.850002602e-22
2.590075662e-22
2.289566637e-22
2.040206369e-22
1.76784755e-22
1.506313828e-22
1.207988978e-22
9.752113992e-23
7.161848708e-23
4.82695409e-23
2.769411924e-23
1.0710041e-23
2.126018741e-21
2.110664578e-21
2.094745158e-21
2.076653573e-21
2.058706769e-21
2.041511894e-21
2.025179811e-21
2.008218959e-21
1.990122195e-21
1.972357001e-21
1.954486112e-21
1.935231906e-21
1.91892275e-21
1.899874319e-21
1.882806555e-21
1.864902722e-21
1.847119261e-21
1.826548309e-21
1.80852418e-21
1.788305013e-21
1.772379861e-21
1.754445875e-21
1.735471246e-21
1.716385475e-21
1.697600128e-21
1.679102145e-21
1.658935865e-21
1.640662617e-21
1.622006985e-21
1.60268952e-21
1.582956403e-21
1.563363516e-21
1.542963291e-21
1.519456533e-21
1.501140038e-21
1.481691738e-21
1.460969993e-21
1.439513861e-21
1.419152294e-21
1.401755287e-21
1.374842336e-21
1.357889801e-21
1.337821299e-21
1.321391669e-21
1.295647303e-21
1.278219058e-21
1.255785632e-21
1.233071963e-21
1.213593321e-21
1.192644551e-21
1.172410099e-21
1.151418689e-21
1.130933233e-21
1.098390549e-21
1.068376957e-21
1.047204834e-21
1.022289078e-21
1.003358714e-21
9.799869122e-22
9.567376273e-22
9.333245899e-22
9.076920852e-22
8.871573453e-22
8.636470321e-22
8.361577365e-22
8.095728983e-22
7.886572678e-22
7.674195722e-22
7.357107179e-22
7.180094679e-22
6.93197124e-22
6.713264214e-22
6.44944769e-22
6.209282345e-22
5.971516065e-22
5.711575567e-22
5.472656424e-22
5.221164659e-22
4.97570248e-22
4.699887121e-22
4.395006051e-22
4.151441796e-22
3.879876296e-22
3.665569054e-22
3.396778343e-22
3.143876376e-22
2.933495616e-22
2.504316824e-22
2.241830682e-22
1.96562716e-22
1.768079186e-22
1.49809176e-22
1.223726103e-22
9.806923422e-23
6.969873753e-23
4.863694137e-23
2.780787606e-23
1.055709884e-23
2.127591896e-21
2.111125205e-21
2.09392593e-21
2.077322812e-21
2.060260068e-21
2.041731245e-21
2.024347113e-21
2.008237024e-21
1.988949972e-21
1.974193952e-21
1.95560443e-21
1.934109124e-21
1.919995809e-21
1.90026964e-21
1.883129491e-21
1.865876007e-21
1.847536771e-21
1.826681257e-21
1.808318573e-21
1.790030252e-21
1.772973601e-21
1.753412047e-21
1.734539813e-21
1.717570884e-21
1.699526962e-21
1.677901489e-21
1.660320201e-21
1.640180084e-21
1.620958811e-21
1.602358218e-21
1.583992405e-21
1.564779809e-21
1.541602606e-21
1.523262691e-21
1.501128233e-21
1.48030941e-21
1.46053742e-21
1.43945872e-21
1.418687643e-21
1.399420771e-21
1.380656208e-21
1.357659668e-21
1.339229269e-21
1.319438728e-21
1.300057464e-21
1.280714201e-21
1.263649785e-21
1.238376176e-21
1.209668966e-21
1.194106849e-21
1.168769126e-21
1.149506703e-21
1.12166e-21
1.097156871e-21
1.074846245e-21
1.050495173e-21
1.028495154e-21
1.000658386e-21
9.737887566e-22
9.567644038e-22
9.347019238e-22
9.075463707e-22
8.851225606e-22
8.539788242e-22
8.359632417e-22
8.111624362e-22
7.890480235e-22
7.660858032e-22
7.428840096e-22
7.157715907e-22
6.951657254e-22
6.68870973e-22
6.46020993e-22
6.222896075e-22
5.954053169e-22
5.726708108e-22
5.44880544e-22
5.230585914e-22
4.96738774e-22
4.725383477e-22
4.383902865e-22
4.167217782e-22
3.869914432e-22
3.658693827e-22
3.370161604e-22
3.139121377e-22
2.870890909e-22
2.537240806e-22
2.270367434e-22
2.023690592e-22
1.751537305e-22
1.511872455e-22
1.212043974e-22
9.785585012e-23
7.227483962e-23
4.694741052e-23
2.807364234e-23
1.047883224e-23
2.128092494e-21
2.11222373e-21
2.093756177e-21
2.077076045e-21
2.060609157e-21
2.040877094e-21
2.024364655e-21
2.007493157e-21
1.988476856e-21
1.972731474e-21
1.955210933e-21
1.938458298e-21
1.919488862e-21
1.901788992e-21
1.883975419e-21
1.866653589e-21
1.845123276e-21
1.829064657e-21
1.809999666e-21
1.791143123e-21
1.772252733e-21
1.753856139e-21
1.735415521e-21
1.717392744e-21
1.698878371e-21
1.67910917e-21
1.660850636e-21
1.638796076e-21
1.62037462e-21
1.601680249e-21
1.582902866e-21
1.564348584e-21
1.545021185e-21
1.521626819e-21
1.502216271e-21
1.481530711e-21
1.462363691e-21
1.441388053e-21
1.419625154e-21
1.398276211e-21
1.380671368e-21
1.360276291e-21
1.337852062e-21
1.318963531e-21
1.299387565e-21
1.278626014e-21
1.259147536e-21
1.235435222e-21
1.212743326e-21
1.192319857e-21
1.171446122e-21
1.148582833e-21
1.125754956e-21
1.107151262e-21
1.079586615e-21
1.049244374e-21
1.013750147e-21
1.00018734e-21
9.756669752e-22
9.536415633e-22
9.358428412e-22
9.050942581e-22
8.842076286e-22
8.614755454e-22
8.379844604e-22
8.134379882e-22
7.899780481e-22
7.668547509e-22
7.435495267e-22
7.216771095e-22
6.866975046e-22
6.696227095e-22
6.456437938e-22
6.218422881e-22
5.972412167e-22
5.704672488e-22
5.458449953e-22
5.215098998e-22
4.968074692e-22
4.719800152e-22
4.376773366e-22
4.183100624e-22
3.89753221e-22
3.631840309e-22
3.34735758e-22
3.128062847e-22
2.859665922e-22
2.584134097e-22
2.312134111e-22
2.032185714e-22
1.76946075e-22
1.461531904e-22
1.244158647e-22
9.359395201e-23
7.2445824e-23
4.828890015e-23
2.816919437e-23
1.057882882e-23
2.128693502e-21
2.108737076e-21
2.094946241e-21
2.075625239e-21
2.060940349e-21
2.045647761e-21
2.022096906e-21
2.004422899e-21
1.98967592e-21
1.973442358e-21
1.957051454e-21
1.93867681e-21
1.918424604e-21
1.90270798e-21
1.885432994e-21
1.867949577e-21
1.847460346e-21
1.829144441e-21
1.811242393e-21
1.792140806e-21
1.774437365e-21
1.750006413e-21
1.73590645e-21
1.717198631e-21
1.697042166e-21
1.678886316e-21
1.659643418e-21
1.639947084e-21
1.622068377e-21
1.603423171e-21
1.586102887e-21
1.567926449e-21
1.548713636e-21
1.520589619e-21
1.49576468e-21
1.48092789e-21
1.460496175e-21
1.44128937e-21
1.422232145e-21
1.404528641e-21
1.37375798e-21
1.360485884e-21
1.3417087e-21
1.316419335e-21
1.300141172e-21
1.278090502e-21
1.255323306e-21
1.232726936e-21
1.214334236e-21
1.191103695e-21
1.169331485e-21
1.148533962e-21
1.129121085e-21
1.100399919e-21
1.074790603e-21
1.04897218e-21
1.022942338e-21
1.002646167e-21
9.757114055e-22
9.565061932e-22
9.345781589e-22
9.120929257e-22
8.885384872e-22
8.597237631e-22
8.379725975e-22
8.117352476e-22
7.897009646e-22
7.645525136e-22
7.403712963e-22
7.156516536e-22
6.926464196e-22
6.691591262e-22
6.469960133e-22
6.214850511e-22
5.973335666e-22
5.717467001e-22
5.477785229e-22
5.170139134e-22
4.934522631e-22
4.688729271e-22
4.437119016e-22
4.169328628e-22
3.907932628e-22
3.627126115e-22
3.372487008e-22
3.113765649e-22
2.847164627e-22
2.573846174e-22
2.315552776e-22
2.029147444e-22
1.769892032e-22
1.503387265e-22
1.223969095e-22
9.64175228e-23
7.274795258e-23
4.913027438e-23
2.802309949e-23
1.079644025e-23
2.125373951e-21
2.113922513e-21
2.0979334e-21
2.074811078e-21
2.056303132e-21
2.03780091e-21
2.022305552e-21
2.006429684e-21
1.98965911e-21
1.972489379e-21
1.95610697e-21
1.938923032e-21
1.921737474e-21
1.900962398e-21
1.884622034e-21
1.86716361e-21
1.84866149e-21
1.831042686e-21
1.807341299e-21
1.792337601e-21
1.773394667e-21
1.754755277e-21
1.737391828e-21
1.714012423e-21
1.698976115e-21
1.677246582e-21
1.660269401e-21
1.641931704e-21
1.622511901e-21
1.601316799e-21
1.584252444e-21
1.56490592e-21
1.543668825e-21
1.523937419e-21
1.500365461e-21
1.482278425e-21
1.46247459e-21
1.442511457e-21
1.421392403e-21
1.399768236e-21
1.380761124e-21
1.359533705e-21
1.340093192e-21
1.32007045e-21
1.296573103e-21
1.277593031e-21
1.258000918e-21
1.236146703e-21
1.216317626e-21
1.188428319e-21
1.169290888e-21
1.15006469e-21
1.127016875e-21
1.106381657e-21
1.075068199e-21
1.044536029e-21
1.015270239e-21
1.001940981e-21
9.811206421e-22
9.57803737e-22
9.348379168e-22
9.103489399e-22
8.877927069e-22
8.652824891e-22
8.399621338e-22
8.164372736e-22
7.944353961e-22
7.561435124e-22
7.412211092e-22
7.182500633e-22
6.894495622e-22
6.732223093e-22
6.448592455e-22
6.194399249e-22
5.962594588e-22
5.700756369e-22
5.440872573e-22
5.179809638e-22
4.938629889e-22
4.682917394e-22
4.431442039e-22
4.176059035e-22
3.905857216e-22
3.652773157e-22
3.419801891e-22
3.061755002e-22
2.847767075e-22
2.581917467e-22
2.324599639e-22
2.049622235e-22
1.767642358e-22
1.485514934e-22
1.238827806e-22
9.640611456e-23
7.12525581e-23
4.893649994e-23
2.786532579e-23
1.081760812e-23
2.131169535e-21
2.111169584e-21
2.097625713e-21
2.080909624e-21
2.061328214e-21
2.041393583e-21
2.023865765e-21
2.000942045e-21
1.985856423e-21
1.971099177e-21
1.954766984e-21
1.93690705e-21
1.921334579e-21
1.902393298e-21
1.886327668e-21
1.866307698e-21
1.848896934e-21
1.830602411e-21
1.808802252e-21
1.793482345e-21
1.774467925e-21
1.756080854e-21
1.7354301e-21
1.715716894e-21
1.697629537e-21
1.678948577e-21
1.660049931e-21
1.639574349e-21
1.621421249e-21
1.602221624e-21
1.583810919e-21
1.564374174e-21
1.544100936e-21
1.522904853e-21
1.502395353e-21
1.483034959e-21
1.463073444e-21
1.44311026e-21
1.420998269e-21
1.402475405e-21
1.381445861e-21
1.359379614e-21
1.339190639e-21
1.31732614e-21
1.299553345e-21
1.275131986e-21
1.257777111e-21
1.238276355e-21
1.213546751e-21
1.195068978e-21
1.173302768e-21
1.151202675e-21
1.127434261e-21
1.10751186e-21
1.06513656e-21
1.045099865e-21
1.022403345e-21
1.003906944e-21
9.843651984e-22
9.584079331e-22
9.388061927e-22
9.158912298e-22
8.974803598e-22
8.523771401e-22
8.326532615e-22
8.115731575e-22
7.864167569e-22
7.606375341e-22
7.407728617e-22
7.167812104e-22
6.930410271e-22
6.724005596e-22
6.503931736e-22
6.180397142e-22
5.998811675e-22
5.736874388e-22
5.399142304e-22
5.200508679e-22
4.936775428e-22
4.673771736e-22
4.446425381e-22
4.197758837e-22
3.877835028e-22
3.651075939e-22
3.371767554e-22
3.096372367e-22
2.849456476e-22
2.597987836e-22
2.290793547e-22
2.024909466e-22
1.771787029e-22
1.501420669e-22
1.219934037e-22
9.755897889e-23
7.271225087e-23
4.826282757e-23
2.778944647e-23
1.034637886e-23
2.131224998e-21
2.114452622e-21
2.096448948e-21
2.080390266e-21
2.063738997e-21
2.037411154e-21
2.021066485e-21
2.003422218e-21
1.987650524e-21
1.972164987e-21
1.955270773e-21
1.93560553e-21
1.920089738e-21
1.903552237e-21
1.88660095e-21
1.867098682e-21
1.850150057e-21
1.828303241e-21
1.812294046e-21
1.794124769e-21
1.775370699e-21
1.755325472e-21
1.737371332e-21
1.716996184e-21
1.698738775e-21
1.6790102e-21
1.659982751e-21
1.639202521e-21
1.622585957e-21
1.600901551e-21
1.583538589e-21
1.562895226e-21
1.544665255e-21
1.523318756e-21
1.505726167e-21
1.481781401e-21
1.464215348e-21
1.440802547e-21
1.421111569e-21
1.400339154e-21
1.381782242e-21
1.361320364e-21
1.34119727e-21
1.319194415e-21
1.297195395e-21
1.276966892e-21
1.256476835e-21
1.236683263e-21
1.215543239e-21
1.193850777e-21
1.170745957e-21
1.148955941e-21
1.126198967e-21
1.102083816e-21
1.07780362e-21
1.057890898e-21
1.023955385e-21
1.006226764e-21
9.773081831e-22
9.546417477e-22
9.330712672e-22
9.116368968e-22
8.893588436e-22
8.639507109e-22
8.396257596e-22
8.181590055e-22
7.877053688e-22
7.628927606e-22
7.406527326e-22
7.146220297e-22
6.931242653e-22
6.653539295e-22
6.43129814e-22
6.220506274e-22
5.970772842e-22
5.731220191e-22
5.462374237e-22
5.215545027e-22
4.976839233e-22
4.676836205e-22
4.474352452e-22
4.116369194e-22
3.903490486e-22
3.642393816e-22
3.379021225e-22
3.126383808e-22
2.860282749e-22
2.564264649e-22
2.282146621e-22
2.022969175e-22
1.782157886e-22
1.523265731e-22
1.182481659e-22
9.708144359e-23
7.203217377e-23
4.868683181e-23
2.797514662e-23
1.077284995e-23
2.131407417e-21
2.115174638e-21
2.099040415e-21
2.079814181e-21
2.061152476e-21
2.034235447e-21
2.022586176e-21
2.006210623e-21
1.98542121e-21
1.972620909e-21
1.956255565e-21
1.938544047e-21
1.919926185e-21
1.902483887e-21
1.884858189e-21
1.867708458e-21
1.848505559e-21
1.831192066e-21
1.812176218e-21
1.792975357e-21
1.775661705e-21
1.75759829e-21
1.734552281e-21
1.719199543e-21
1.700246991e-21
1.678878725e-21
1.661265878e-21
1.640777193e-21
1.621959107e-21
1.602599583e-21
1.583608394e-21
1.561554937e-21
1.543888973e-21
1.524257501e-21
1.504073153e-21
1.482949981e-21
1.463715036e-21
1.443629775e-21
1.419832396e-21
1.402051088e-21
1.380300355e-21
1.361542877e-21
1.341716945e-21
1.320016089e-21
1.29939433e-21
1.278280365e-21
1.260411195e-21
1.231802429e-21
1.216319341e-21
1.194444509e-21
1.170569466e-21
1.150837392e-21
1.126384406e-21
1.104101219e-21
1.077810875e-21
1.058509157e-21
1.032100337e-21
1.008227282e-21
9.829723729e-22
9.589101361e-22
9.289817998e-22
9.000348254e-22
8.834319864e-22
8.646253348e-22
8.331561181e-22
8.138754774e-22
7.875827583e-22
7.656731879e-22
7.418717055e-22
7.185923647e-22
6.952165266e-22
6.665363894e-22
6.467069076e-22
6.224648488e-22
5.989249542e-22
5.741984163e-22
5.490171853e-22
5.247777881e-22
4.879190898e-22
4.689980366e-22
4.419129836e-22
4.201880791e-22
3.901486829e-22
3.631252105e-22
3.329157644e-22
3.103988717e-22
2.854137804e-22
2.565176044e-22
2.315342172e-22
2.052706612e-22
1.738937046e-22
1.50487868e-22
1.234025432e-22
9.799540569e-23
7.095466223e-23
4.805725469e-23
2.774773814e-23
1.082517059e-23
2.133188096e-21
2.116031006e-21
2.101002757e-21
2.080814001e-21
2.048902026e-21
2.037654093e-21
2.024706074e-21
2.006115764e-21
1.988720475e-21
1.973172829e-21
1.956723356e-21
1.937734329e-21
1.920617097e-21
1.90375908e-21
1.886150653e-21
1.867095472e-21
1.848518955e-21
1.830561181e-21
1.813153734e-21
1.794070829e-21
1.77613915e-21
1.755410826e-21
1.73735255e-21
1.719797464e-21
1.69770213e-21
1.680186335e-21
1.660424504e-21
1.642895718e-21
1.624213892e-21
1.60101926e-21
1.583777424e-21
1.563445244e-21
1.542901742e-21
1.523132578e-21
1.503692206e-21
1.484281257e-21
1.462617843e-21
1.443227706e-21
1.421222933e-21
1.401378869e-21
1.380813562e-21
1.361214599e-21
1.341247573e-21
1.321111681e-21
1.297763532e-21
1.280349975e-21
1.260522878e-21
1.23347172e-21
1.215682794e-21
1.192111233e-21
1.172184979e-21
1.151427179e-21
1.125892768e-21
1.102645376e-21
1.081026309e-21
1.056639597e-21
1.030660337e-21
1.007579917e-21
9.845818303e-22
9.594156166e-22
9.344402158e-22
9.081229769e-22
8.906464739e-22
8.647056067e-22
8.267604147e-22
8.1143308e-22
7.833160965e-22
7.62355896e-22
7.430365217e-22
7.174048008e-22
6.954454616e-22
6.713697784e-22
6.480019602e-22
6.217866048e-22
5.977789517e-22
5.72371911e-22
5.460894588e-22
5.203573636e-22
4.942357329e-22
4.692797342e-22
4.434832498e-22
4.149733781e-22
3.905400419e-22
3.652935475e-22
3.36426786e-22
3.123216169e-22
2.873504164e-22
2.615841791e-22
2.318439495e-22
1.994892035e-22
1.782793048e-22
1.492512698e-22
1.201214957e-22
9.400937392e-23
7.235830227e-23
4.880521002e-23
2.801170285e-23
1.028251123e-23
2.129328669e-21
2.113461066e-21
2.097303495e-21
2.078295782e-21
2.06057965e-21
2.04215668e-21
2.022514867e-21
2.007169807e-21
1.990928957e-21
1.974660832e-21
1.957371356e-21
1.938606988e-21
1.921548567e-21
1.904264585e-21
1.885215976e-21
1.867707345e-21
1.851172514e-21
1.832886928e-21
1.811671599e-21
1.7956131e-21
1.774640538e-21
1.757071755e-21
1.737554281e-21
1.719431897e-21
1.700783508e-21
1.680988089e-21
1.658405827e-21
1.641150283e-21
1.622334017e-21
1.603880038e-21
1.582458554e-21
1.564629428e-21
1.543746476e-21
1.523087512e-21
1.504905286e-21
1.4830425e-21
1.462227747e-21
1.444170591e-21
1.419815353e-21
1.400393795e-21
1.381659258e-21
1.36139644e-21
1.339254612e-21
1.320614557e-21
1.300356226e-21
1.281159609e-21
1.262908115e-21
1.234076598e-21
1.216329024e-21
1.197126199e-21
1.173750787e-21
1.150871974e-21
1.129573565e-21
1.10817696e-21
1.085879189e-21
1.049511787e-21
1.028545789e-21
1.009156328e-21
9.882447485e-22
9.661881651e-22
9.294066157e-22
8.95949748e-22
8.825413154e-22
8.615679914e-22
8.343593434e-22
8.120114944e-22
7.875427778e-22
7.632567998e-22
7.407723705e-22
7.178716159e-22
6.94128938e-22
6.714446242e-22
6.47710148e-22
6.232209527e-22
5.9857921e-22
5.744118062e-22
5.441602705e-22
5.188509109e-22
4.970909599e-22
4.712190269e-22
4.368460991e-22
4.170335463e-22
3.915273255e-22
3.659487631e-22
3.38477023e-22
3.107705023e-22
2.827220482e-22
2.578968291e-22
2.311641599e-22
2.035112343e-22
1.768495668e-22
1.50249379e-22
1.242143535e-22
9.663874403e-23
7.10248135e-23
4.907260994e-23
2.772428016e-23
1.043505646e-23
2.127223058e-21
2.1067057e-21
2.095115604e-21
2.078371625e-21
2.061510255e-21
2.04392569e-21
2.027352697e-21
2.008240607e-21
1.993102238e-21
1.975917962e-21
1.958682997e-21
1.938441334e-21
1.923105737e-21
1.905476357e-21
1.886125184e-21
1.868799507e-21
1.8507147e-21
1.832371023e-21
1.812705157e-21
1.794148233e-21
1.773911171e-21
1.757807107e-21
1.738268106e-21
1.720293952e-21
1.701800016e-21
1.680812648e-21
1.661891525e-21
1.642842655e-21
1.62589036e-21
1.599316686e-21
1.581270734e-21
1.562580932e-21
1.543562878e-21
1.525287715e-21
1.502891925e-21
1.485755975e-21
1.462628013e-21
1.442372467e-21
1.422141712e-21
1.4005136e-21
1.381949304e-21
1.361645945e-21
1.341956417e-21
1.322018912e-21
1.296477006e-21
1.280404369e-21
1.261269467e-21
1.240891045e-21
1.218106816e-21
1.194919401e-21
1.172107597e-21
1.150070838e-21
1.128605412e-21
1.104738876e-21
1.082964255e-21
1.054795581e-21
1.028154173e-21
1.007299243e-21
9.870958551e-22
9.592232277e-22
9.302746152e-22
9.093874544e-22
8.836605991e-22
8.614650073e-22
8.38556151e-22
8.162811384e-22
7.844905733e-22
7.639742857e-22
7.427551391e-22
7.127713546e-22
6.936950395e-22
6.706687223e-22
6.471122935e-22
6.21699459e-22
5.985624753e-22
5.723517013e-22
5.456075972e-22
5.213250686e-22
4.975023943e-22
4.691839616e-22
4.389237861e-22
4.183282056e-22
3.924763168e-22
3.648016436e-22
3.355552494e-22
3.14133246e-22
2.855345692e-22
2.60437127e-22
2.284110439e-22
2.042596843e-22
1.746143592e-22
1.46709117e-22
1.239536955e-22
9.747937242e-23
7.262714984e-23
4.908835024e-23
2.790043687e-23
1.027811838e-23
2.129332475e-21
2.111037796e-21
2.095460947e-21
2.078799002e-21
2.062757777e-21
2.044456378e-21
2.027654307e-21
2.011157435e-21
1.994285672e-21
1.976479418e-21
1.959153986e-21
1.941550271e-21
1.925113126e-21
1.902769601e-21
1.888120029e-21
1.869703008e-21
1.849698909e-21
1.831889693e-21
1.812470014e-21
1.793847514e-21
1.776128128e-21
1.757816459e-21
1.739008846e-21
1.721418925e-21
1.698398965e-21
1.68290353e-21
1.662332716e-21
1.641953107e-21
1.624564201e-21
1.604308641e-21
1.584795967e-21
1.564632319e-21
1.549223757e-21
1.520108578e-21
1.507487415e-21
1.477788302e-21
1.462696672e-21
1.442706655e-21
1.423040243e-21
1.404052756e-21
1.385202769e-21
1.35822116e-21
1.340509914e-21
1.321501991e-21
1.296457336e-21
1.280418381e-21
1.260787171e-21
1.241032185e-21
1.219604766e-21
1.200378553e-21
1.166965117e-21
1.15252106e-21
1.130311232e-21
1.108104094e-21
1.081680117e-21
1.061122999e-21
1.02541191e-21
1.011204471e-21
9.849661657e-22
9.541906545e-22
9.258467467e-22
9.07420509e-22
8.861674907e-22
8.593230873e-22
8.377474577e-22
8.144951318e-22
7.904481268e-22
7.668816646e-22
7.383769348e-22
7.126989749e-22
6.947417316e-22
6.710343961e-22
6.482957943e-22
6.22806521e-22
5.9921253e-22
5.730814585e-22
5.461256043e-22
5.188716265e-22
4.965189984e-22
4.663772822e-22
4.416939051e-22
4.157116777e-22
3.902313256e-22
3.646752753e-22
3.386352891e-22
3.136618464e-22
2.877808393e-22
2.558334997e-22
2.312915087e-22
2.040795535e-22
1.765135656e-22
1.489301181e-22
1.2326912e-22
9.770239179e-23
7.255754942e-23
4.975084728e-23
2.658640592e-23
1.068692561e-23
2.129092032e-21
2.112576055e-21
2.097161258e-21
2.079880962e-21
2.062737234e-21
2.047046281e-21
2.027413452e-21
2.012288514e-21
1.995344135e-21
1.977170314e-21
1.96074566e-21
1.939039308e-21
1.923048877e-21
1.904569268e-21
1.887745531e-21
1.870507857e-21
1.84973454e-21
1.832753678e-21
1.814393076e-21
1.794864965e-21
1.777228433e-21
1.758571138e-21
1.739386361e-21
1.720250239e-21
1.702013479e-21
1.682068287e-21
1.660498792e-21
1.645576092e-21
1.621976548e-21
1.604104137e-21
1.584413975e-21
1.565080025e-21
1.545940085e-21
1.524587527e-21
1.504911189e-21
1.483170537e-21
1.462740187e-21
1.444002568e-21
1.421662651e-21
1.403369539e-21
1.381010147e-21
1.362192776e-21
1.342779755e-21
1.322006292e-21
1.300564477e-21
1.280675423e-21
1.259676648e-21
1.239311958e-21
1.217395717e-21
1.19868882e-21
1.167094079e-21
1.151667294e-21
1.127068103e-21
1.105063647e-21
1.081275757e-21
1.058892167e-21
1.032867068e-21
1.009700726e-21
9.815565966e-22
9.544643355e-22
9.328753444e-22
9.127300759e-22
8.806197703e-22
8.635166223e-22
8.349786411e-22
8.155745861e-22
7.8936726e-22
7.665345813e-22
7.438498617e-22
7.213671852e-22
6.874325495e-22
6.718322915e-22
6.475903344e-22
6.249830468e-22
5.955343665e-22
5.728824691e-22
5.472427154e-22
5.234983504e-22
4.951900571e-22
4.667172415e-22
4.388679494e-22
4.162803182e-22
3.919883374e-22
3.659676002e-22
3.385652851e-22
3.102440624e-22
2.864842048e-22
2.552161292e-22
2.314301517e-22
2.035773247e-22
1.771465629e-22
1.502747011e-22
1.242059549e-22
9.717486914e-23
7.279469978e-23
4.873094757e-23
2.813366149e-23
1.02875056e-23
2.131053125e-21
2.114719794e-21
2.098138326e-21
2.079911763e-21
2.063524584e-21
2.046993969e-21
2.029506757e-21
2.012920606e-21
1.995293105e-21
1.97999535e-21
1.958715918e-21
1.94330044e-21
1.922661756e-21
1.905301052e-21
1.887591708e-21
1.868920224e-21
1.850552511e-21
1.832302537e-21
1.814313022e-21
1.795923852e-21
1.77704371e-21
1.759539722e-21
1.739596053e-21
1.721232937e-21
1.701634701e-21
1.681655378e-21
1.662607704e-21
1.644616478e-21
1.624594298e-21
1.606057461e-21
1.586076039e-21
1.5630387e-21
1.545735168e-21
1.52589219e-21
1.502625067e-21
1.483958975e-21
1.46411634e-21
1.444051949e-21
1.423568194e-21
1.403321423e-21
1.383500889e-21
1.364545994e-21
1.344893585e-21
1.326675206e-21
1.300033181e-21
1.279949551e-21
1.261733955e-21
1.241690305e-21
1.210041001e-21
1.190641719e-21
1.171320736e-21
1.149297833e-21
1.128885006e-21
1.10756548e-21
1.083252718e-21
1.060273925e-21
1.032038678e-21
1.010993069e-21
9.702886471e-22
9.560165014e-22
9.301715888e-22
9.107953078e-22
8.873589543e-22
8.594849989e-22
8.380010749e-22
8.165594694e-22
7.93647042e-22
7.690690833e-22
7.365514396e-22
7.182478198e-22
6.948587366e-22
6.719064768e-22
6.48517029e-22
6.238954092e-22
5.984785806e-22
5.730630877e-22
5.520858608e-22
5.173994099e-22
4.896351286e-22
4.676308262e-22
4.420886828e-22
4.168780471e-22
3.916930833e-22
3.65403513e-22
3.388251506e-22
3.104335705e-22
2.856523352e-22
2.604053785e-22
2.282001876e-22
2.051233581e-22
1.782422029e-22
1.507584645e-22
1.208231795e-22
9.773747673e-23
7.349044095e-23
4.810078254e-23
2.826638568e-23
1.013328888e-23
2.132832298e-21
2.115664467e-21
2.098044411e-21
2.078608556e-21
2.063913815e-21
2.048103301e-21
2.029671814e-21
2.013856123e-21
1.996379812e-21
1.979524285e-21
1.961737731e-21
1.943220774e-21
1.925281505e-21
1.90733215e-21
1.888335191e-21
1.870996122e-21
1.848240698e-21
1.831062701e-21
1.813491936e-21
1.795544775e-21
1.777708639e-21
1.758629966e-21
1.739931046e-21
1.721138343e-21
1.702076834e-21
1.681729364e-21
1.662898993e-21
1.642810071e-21
1.624890518e-21
1.606646787e-21
1.586012899e-21
1.566120048e-21
1.546688832e-21
1.526982473e-21
1.503387961e-21
1.484338012e-21
1.462835022e-21
1.444490554e-21
1.42406275e-21
1.403287691e-21
1.382510131e-21
1.363925012e-21
1.343826877e-21
1.323090926e-21
1.304439419e-21
1.284353691e-21
1.262750085e-21
1.240652353e-21
1.212895762e-21
1.194564606e-21
1.171090823e-21
1.14890975e-21
1.129849842e-21
1.107973254e-21
1.075649253e-21
1.058804927e-21
1.038005747e-21
1.003788512e-21
9.715638306e-22
9.577149988e-22
9.405362676e-22
9.103858235e-22
8.839097064e-22
8.623155441e-22
8.388103453e-22
8.150823108e-22
7.924648767e-22
7.648181511e-22
7.404285934e-22
7.181132488e-22
6.961586445e-22
6.727849158e-22
6.497699015e-22
6.259768957e-22
5.920878563e-22
5.703533244e-22
5.458745791e-22
5.213518159e-22
4.93972796e-22
4.68776333e-22
4.426045498e-22
4.163090898e-22
3.908778556e-22
3.653745351e-22
3.386611449e-22
3.115691753e-22
2.851869377e-22
2.588306745e-22
2.301258656e-22
2.035877826e-22
1.777544261e-22
1.510356071e-22
1.25620339e-22
9.633012153e-23
7.358348008e-23
4.687489065e-23
2.799341277e-23
1.043881553e-23
2.132872343e-21
2.114863913e-21
2.097160529e-21
2.07942517e-21
2.065308158e-21
2.048352547e-21
2.029969265e-21
2.014653837e-21
1.997248396e-21
1.980214828e-21
1.963809424e-21
1.945062503e-21
1.928185801e-21
1.907305878e-21
1.88848963e-21
1.866099289e-21
1.850722859e-21
1.832513047e-21
1.813287695e-21
1.795334924e-21
1.776602221e-21
1.758411391e-21
1.740570062e-21
1.722116955e-21
1.700477612e-21
1.68489947e-21
1.664057088e-21
1.646867855e-21
1.624425405e-21
1.602662687e-21
1.58669056e-21
1.56630261e-21
1.543992356e-21
1.52606246e-21
1.504955901e-21
1.484973767e-21
1.464385138e-21
1.44375813e-21
1.424526512e-21
1.404774383e-21
1.384351224e-21
1.364544199e-21
1.340421158e-21
1.323939326e-21
1.302781685e-21
1.281946377e-21
1.261978678e-21
1.24192361e-21
1.214104162e-21
1.196247793e-21
1.173756289e-21
1.150451368e-21
1.125310834e-21
1.097383762e-21
1.080045522e-21
1.058816502e-21
1.038789209e-21
1.011485482e-21
9.773386576e-22
9.603934424e-22
9.338652272e-22
9.112678853e-22
8.873856415e-22
8.595860424e-22
8.43803612e-22
8.194555773e-22
7.962488968e-22
7.666393119e-22
7.392590394e-22
7.196826814e-22
6.891470135e-22
6.704599641e-22
6.452930509e-22
6.230527369e-22
5.931001612e-22
5.701391063e-22
5.484704257e-22
5.189958481e-22
4.951165277e-22
4.730751726e-22
4.414265923e-22
4.15267298e-22
3.911322899e-22
3.644980097e-22
3.399465994e-22
3.11908338e-22
2.852455445e-22
2.585707252e-22
2.310623952e-22
2.048218752e-22
1.761443337e-22
1.505375647e-22
1.251809679e-22
9.708805686e-23
7.310333125e-23
4.807276903e-23
2.792832699e-23
1.066930625e-23
2.13209144e-21
2.115033864e-21
2.09840821e-21
2.082552203e-21
2.066538648e-21
2.049320814e-21
2.031595464e-21
2.012237365e-21
1.99706168e-21
1.979251289e-21
1.961978983e-21
1.9443226e-21
1.925260577e-21
1.906936414e-21
1.888290633e-21
1.869362938e-21
1.851955342e-21
1.833624849e-21
1.814885961e-21
1.796527905e-21
1.778142414e-21
1.760961428e-21
1.739832206e-21
1.720118268e-21
1.702793063e-21
1.683901553e-21
1.664425456e-21
1.646481904e-21
1.623889481e-21
1.605890309e-21
1.585315552e-21
1.567281069e-21
1.546086255e-21
1.526708095e-21
1.505358736e-21
1.485350962e-21
1.465217619e-21
1.444914529e-21
1.424326631e-21
1.402298988e-21
1.382714579e-21
1.36296507e-21
1.342950123e-21
1.322967673e-21
1.301524962e-21
1.282008439e-21
1.258794474e-21
1.2408593e-21
1.219437766e-21
1.199704547e-21
1.168085901e-21
1.150055064e-21
1.126541103e-21
1.103815957e-21
1.084917541e-21
1.062664952e-21
1.037380667e-21
1.01998693e-21
9.753957769e-22
9.547336154e-22
9.386039105e-22
9.010860696e-22
8.85158351e-22
8.633729836e-22
8.41665532e-22
8.188981224e-22
7.979138369e-22
7.615641007e-22
7.440705336e-22
7.141693907e-22
6.927399732e-22
6.707748429e-22
6.475918197e-22
6.201164742e-22
5.969218131e-22
5.712241328e-22
5.48122024e-22
5.173022896e-22
4.961658859e-22
4.726141506e-22
4.425234384e-22
4.157177863e-22
3.920581465e-22
3.656748028e-22
3.394489225e-22
3.124896038e-22
2.869216983e-22
2.580672034e-22
2.291185034e-22
2.052159511e-22
1.772268682e-22
1.504510617e-22
1.219525101e-22
9.829615428e-23
7.317702338e-23
4.925661018e-23
2.801948116e-23
1.064090135e-23
2.133302655e-21
2.115895638e-21
2.099092306e-21
2.083811511e-21
2.067493149e-21
2.049934398e-21
2.030320948e-21
2.013477499e-21
1.996373403e-21
1.977829239e-21
1.960695796e-21
1.944098358e-21
1.92597322e-21
1.907784779e-21
1.889588769e-21
1.869871294e-21
1.852003035e-21
1.834935141e-21
1.816647102e-21
1.798669744e-21
1.778482432e-21
1.761634612e-21
1.739516006e-21
1.722154012e-21
1.70271971e-21
1.684242832e-21
1.664853266e-21
1.645132091e-21
1.625631124e-21
1.605524124e-21
1.585806276e-21
1.568120337e-21
1.546790575e-21
1.528240351e-21
1.505961833e-21
1.486841075e-21
1.463421292e-21
1.444944507e-21
1.42315401e-21
1.402834015e-21
1.382680727e-21
1.364112298e-21
1.344174764e-21
1.322905111e-21
1.29937479e-21
1.28066624e-21
1.26161168e-21
1.238458881e-21
1.218427398e-21
1.197782138e-21
1.173084168e-21
1.151383256e-21
1.131459945e-21
1.099603162e-21
1.083684346e-21
1.060274785e-21
1.041168474e-21
1.016698113e-21
9.793360549e-22
9.64933936e-22
9.281074424e-22
9.041525903e-22
8.860268862e-22
8.675666498e-22
8.387185455e-22
8.16880718e-22
7.949562242e-22
7.692437148e-22
7.422919759e-22
7.136792999e-22
6.929050586e-22
6.686224373e-22
6.471091099e-22
6.196546958e-22
5.9638108e-22
5.730254829e-22
5.477209995e-22
5.225524236e-22
4.964684249e-22
4.696055347e-22
4.434432147e-22
4.17661197e-22
3.913846658e-22
3.648467249e-22
3.37373774e-22
3.124881935e-22
2.85276724e-22
2.589189703e-22
2.305490627e-22
2.056333968e-22
1.758954559e-22
1.509984146e-22
1.255499238e-22
9.664843753e-23
7.194209428e-23
4.906141785e-23
2.804046532e-23
1.067558763e-23
2.133423444e-21
2.117119204e-21
2.101399138e-21
2.081962158e-21
2.066525146e-21
2.049539754e-21
2.032285639e-21
2.014767038e-21
1.996845321e-21
1.977901801e-21
1.960471051e-21
1.943323275e-21
1.925536264e-21
1.90799788e-21
1.890028212e-21
1.871819464e-21
1.853473059e-21
1.835231898e-21
1.816918298e-21
1.798496013e-21
1.778977508e-21
1.761589545e-21
1.740959823e-21
1.721344432e-21
1.703681394e-21
1.683736601e-21
1.664978414e-21
1.64594048e-21
1.626531798e-21
1.607075526e-21
1.586640242e-21
1.567067708e-21
1.547493666e-21
1.527286771e-21
1.507234841e-21
1.486715454e-21
1.46563891e-21
1.445433949e-21
1.424702746e-21
1.404319354e-21
1.38240833e-21
1.36240454e-21
1.342813737e-21
1.321798662e-21
1.301123452e-21
1.281465002e-21
1.261455548e-21
1.240628619e-21
1.219313196e-21
1.202305404e-21
1.17223699e-21
1.155311495e-21
1.121130435e-21
1.107686721e-21
1.081671023e-21
1.063218846e-21
1.035665995e-21
1.005557209e-21
9.871588758e-22
9.625286156e-22
9.364872577e-22
9.09453248e-22
8.795835923e-22
8.598674639e-22
8.417718136e-22
8.206246078e-22
7.980568586e-22
7.623962693e-22
7.449359002e-22
7.185826906e-22
6.905686549e-22
6.708330679e-22
6.475461222e-22
6.218059912e-22
5.961536903e-22
5.721957309e-22
5.479029383e-22
5.225965664e-22
4.963987177e-22
4.686820959e-22
4.445732564e-22
4.160939537e-22
3.945567549e-22
3.680662563e-22
3.376533187e-22
3.079080744e-22
2.844879582e-22
2.5935177e-22
2.321636256e-22
2.040745056e-22
1.748101539e-22
1.512147491e-22
1.236270011e-22
9.766598594e-23
7.285533861e-23
4.939635935e-23
2.769686648e-23
1.074453913e-23
2.13530005e-21
2.116869823e-21
2.099505779e-21
2.084191709e-21
2.066047792e-21
2.049966634e-21
2.031763854e-21
2.013900284e-21
1.998012818e-21
1.979251335e-21
1.961020701e-21
1.942380458e-21
1.925700651e-21
1.908262231e-21
1.889977651e-21
1.872339342e-21
1.854109777e-21
1.836146229e-21
1.815229544e-21
1.798770058e-21
1.779803448e-21
1.762679788e-21
1.741569122e-21
1.723616762e-21
1.703977043e-21
1.68450142e-21
1.666873361e-21
1.648021607e-21
1.629175591e-21
1.610406938e-21
1.58737596e-21
1.56230177e-21
1.545517204e-21
1.527076259e-21
1.508747287e-21
1.485585601e-21
1.467031641e-21
1.44778129e-21
1.421785991e-21
1.404973866e-21
1.385375369e-21
1.367319297e-21
1.344181664e-21
1.321532141e-21
1.297971049e-21
1.279567487e-21
1.261231298e-21
1.24150817e-21
1.222340717e-21
1.193631785e-21
1.176040504e-21
1.148592139e-21
1.124524804e-21
1.105956268e-21
1.083615839e-21
1.057795134e-21
1.038694655e-21
1.017763319e-21
9.903073923e-22
9.513061019e-22
9.344344705e-22
9.096394798e-22
8.793263869e-22
8.632625384e-22
8.412929759e-22
8.200185644e-22
7.960935827e-22
7.714805692e-22
7.438018314e-22
7.105644345e-22
6.957705558e-22
6.708746126e-22
6.459717264e-22
6.237254751e-22
5.970024455e-22
5.748531967e-22
5.503142532e-22
5.191918135e-22
4.966594819e-22
4.727391279e-22
4.434833652e-22
4.141555013e-22
3.907666647e-22
3.646509202e-22
3.380448428e-22
3.118191404e-22
2.863457653e-22
2.604059586e-22
2.33930713e-22
2.02322306e-22
1.749814778e-22
1.542216971e-22
1.217875684e-22
9.809805244e-23
7.164760491e-23
4.944760397e-23
2.739666911e-23
1.086114404e-23
2.134881394e-21
2.118324304e-21
2.101426416e-21
2.085034711e-21
2.067456909e-21
2.048926698e-21
2.032465557e-21
2.014188183e-21
1.998055541e-21
1.979100682e-21
1.962073991e-21
1.944362992e-21
1.927050787e-21
1.909790493e-21
1.889639792e-21
1.873645848e-21
1.851443266e-21
1.835751199e-21
1.818110514e-21
1.79813785e-21
1.780589226e-21
1.761004447e-21
1.743704943e-21
1.724878333e-21
1.706687426e-21
1.685690804e-21
1.668474461e-21
1.65016657e-21
1.627263865e-21
1.608961505e-21
1.582100451e-21
1.564041082e-21
1.545267863e-21
1.526853647e-21
1.508108713e-21
1.486004725e-21
1.467100895e-21
1.446616997e-21
1.426393678e-21
1.407083288e-21
1.384168251e-21
1.365354878e-21
1.343651851e-21
1.323912831e-21
1.298193805e-21
1.281070116e-21
1.26010764e-21
1.241323373e-21
1.22063883e-21
1.198509122e-21
1.176956631e-21
1.146482422e-21
1.128503755e-21
1.106114573e-21
1.084643707e-21
1.056394107e-21
1.032348549e-21
1.009936963e-21
9.84221213e-22
9.614794366e-22
9.347218561e-22
9.120433101e-22
8.913038643e-22
8.584812389e-22
8.39624158e-22
8.167566497e-22
7.938652436e-22
7.730578988e-22
7.425553862e-22
7.204843293e-22
6.924048608e-22
6.729336441e-22
6.491931439e-22
6.239696727e-22
5.965208048e-22
5.738623169e-22
5.508428879e-22
5.222273655e-22
4.976367797e-22
4.662425941e-22
4.447767802e-22
4.147450034e-22
3.904188883e-22
3.633331472e-22
3.385222448e-22
3.121055979e-22
2.863070368e-22
2.585887941e-22
2.324370414e-22
2.054196259e-22
1.763635163e-22
1.513645431e-22
1.242378939e-22
9.822187911e-23
7.158185634e-23
4.860176866e-23
2.7449565e-23
1.088719464e-23
2.136379601e-21
2.118095989e-21
2.101290233e-21
2.08613114e-21
2.06930084e-21
2.050037279e-21
2.031831215e-21
2.014228496e-21
1.997956553e-21
1.978543619e-21
1.963092352e-21
1.94535722e-21
1.927117599e-21
1.908991469e-21
1.89130596e-21
1.871590894e-21
1.855459076e-21
1.836630704e-21
1.817126271e-21
1.800210497e-21
1.7816367e-21
1.762745469e-21
1.744233447e-21
1.726552186e-21
1.70836371e-21
1.691832259e-21
1.667097275e-21
1.651142631e-21
1.628888256e-21
1.602165851e-21
1.580107645e-21
1.56207561e-21
1.544783691e-21
1.527152047e-21
1.508836596e-21
1.485863867e-21
1.467867182e-21
1.447784564e-21
1.425678684e-21
1.406632105e-21
1.385861184e-21
1.365242275e-21
1.344854884e-21
1.32520818e-21
1.294975419e-21
1.282842334e-21
1.262659561e-21
1.244724957e-21
1.221274266e-21
1.19362803e-21
1.177962241e-21
1.155600853e-21
1.133306156e-21
1.107214905e-21
1.075617646e-21
1.05859408e-21
1.033983784e-21
1.006483987e-21
9.837662258e-22
9.617746827e-22
9.406889088e-22
9.148444981e-22
8.810837935e-22
8.550829763e-22
8.413196151e-22
8.206375592e-22
7.963258598e-22
7.747393681e-22
7.382270044e-22
7.191094936e-22
6.946907684e-22
6.732816703e-22
6.51095115e-22
6.173424877e-22
5.992239494e-22
5.757243619e-22
5.472563916e-22
5.215659666e-22
4.972892229e-22
4.735034924e-22
4.361944107e-22
4.159389059e-22
3.90175561e-22
3.653399046e-22
3.373614311e-22
3.130596793e-22
2.868151722e-22
2.602822002e-22
2.330484095e-22
2.052664667e-22
1.746489457e-22
1.511630502e-22
1.256737911e-22
9.615143087e-23
7.300653675e-23
4.844495235e-23
2.782263667e-23
1.064590318e-23
2.137315237e-21
2.120225064e-21
2.102307242e-21
2.085722841e-21
2.069232111e-21
2.051841787e-21
2.033920637e-21
2.015396373e-21
1.99608545e-21
1.980959479e-21
1.963751609e-21
1.94664948e-21
1.927423983e-21
1.908147857e-21
1.892105733e-21
1.872751155e-21
1.854523761e-21
1.83758643e-21
1.820563147e-21
1.799684145e-21
1.782091852e-21
1.76285785e-21
1.746005531e-21
1.728244424e-21
1.707928296e-21
1.689893301e-21
1.670816324e-21
1.649657318e-21
1.628250203e-21
1.602840486e-21
1.578371405e-21
1.562811163e-21
1.545106694e-21
1.527031081e-21
1.508965673e-21
1.487933052e-21
1.467798635e-21
1.44889178e-21
1.42918416e-21
1.404887402e-21
1.389373654e-21
1.36736274e-21
1.344795658e-21
1.315606352e-21
1.297662716e-21
1.280196513e-21
1.262683892e-21
1.240864311e-21
1.221057536e-21
1.200588394e-21
1.177968165e-21
1.156877866e-21
1.135014564e-21
1.103758329e-21
1.083944682e-21
1.052225555e-21
1.034398788e-21
1.01025721e-21
9.863931111e-22
9.610879272e-22
9.395763124e-22
9.111099091e-22
8.821892223e-22
8.554835621e-22
8.398664352e-22
8.180532676e-22
7.981645143e-22
7.696717102e-22
7.500094512e-22
7.207514588e-22
6.967490232e-22
6.711630893e-22
6.45513257e-22
6.198228237e-22
5.987409786e-22
5.762803187e-22
5.528776315e-22
5.158287597e-22
4.93759666e-22
4.68045728e-22
4.427133476e-22
4.16410469e-22
3.915806537e-22
3.662520893e-22
3.391547231e-22
3.13942544e-22
2.864920777e-22
2.602870965e-22
2.311450828e-22
2.040259304e-22
1.774979694e-22
1.495879244e-22
1.248297079e-22
9.858336364e-23
7.131407081e-23
4.935982072e-23
2.76352714e-23
1.085209517e-23
2.137998464e-21
2.121270494e-21
2.103454761e-21
2.086992638e-21
2.068286191e-21
2.050671301e-21
2.034028442e-21
2.016065665e-21
1.998431795e-21
1.982249934e-21
1.963825951e-21
1.944549266e-21
1.928273763e-21
1.910416245e-21
1.892214702e-21
1.873096208e-21
1.855814692e-21
1.837686361e-21
1.819642209e-21
1.801566186e-21
1.784376501e-21
1.761757527e-21
1.747145772e-21
1.726937124e-21
1.710717683e-21
1.686918555e-21
1.670749583e-21
1.649584979e-21
1.629370314e-21
1.605898359e-21
1.577590717e-21
1.564068026e-21
1.546307627e-21
1.525788356e-21
1.508665642e-21
1.48822998e-21
1.468874475e-21
1.448940715e-21
1.427262406e-21
1.407621492e-21
1.385709929e-21
1.366491216e-21
1.345639801e-21
1.31996009e-21
1.300545923e-21
1.280748606e-21
1.264545414e-21
1.246190832e-21
1.219738005e-21
1.198078394e-21
1.178887337e-21
1.156029843e-21
1.132672486e-21
1.10550299e-21
1.085701081e-21
1.057008052e-21
1.038167883e-21
9.999259185e-22
9.851456257e-22
9.624306549e-22
9.440511581e-22
9.14127956e-22
8.807179322e-22
8.535324653e-22
8.350974003e-22
8.181322405e-22
7.92102946e-22
7.733025849e-22
7.500649046e-22
7.242012783e-22
6.999530283e-22
6.685770468e-22
6.441395319e-22
6.20853817e-22
5.991317693e-22
5.759519429e-22
5.50928448e-22
5.217300975e-22
4.952713565e-22
4.695477849e-22
4.396206233e-22
4.18574429e-22
3.945670909e-22
3.621414379e-22
3.399822346e-22
3.14025717e-22
2.870445731e-22
2.593437035e-22
2.324714014e-22
2.012083009e-22
1.781785545e-22
1.515039766e-22
1.251893426e-22
9.581064773e-23
7.244115197e-23
4.937488713e-23
2.797630115e-23
1.064465417e-23
2.138650806e-21
2.12023794e-21
2.1038261e-21
2.085548256e-21
2.068913175e-21
2.052201661e-21
2.035665839e-21
2.017335277e-21
1.998970278e-21
1.981737925e-21
1.964280908e-21
1.945461374e-21
1.928613858e-21
1.910613802e-21
1.892339116e-21
1.875304732e-21
1.854807198e-21
1.838440001e-21
1.820135476e-21
1.801776406e-21
1.78377427e-21
1.763884128e-21
1.746307726e-21
1.72559874e-21
1.709574529e-21
1.690294892e-21
1.670019772e-21
1.644859107e-21
1.629525459e-21
1.608412413e-21
1.586596995e-21
1.563083923e-21
1.5456243e-21
1.527786144e-21
1.508953662e-21
1.489652075e-21
1.469223008e-21
1.450376579e-21
1.427028544e-21
1.404241264e-21
1.386026548e-21
1.360033858e-21
1.343865066e-21
1.323814834e-21
1.304252266e-21
1.283491946e-21
1.263957697e-21
1.243547706e-21
1.219847085e-21
1.200536368e-21
1.176822766e-21
1.149056843e-21
1.131782728e-21
1.109135685e-21
1.085824437e-21
1.058660849e-21
1.036722996e-21
1.010805879e-21
9.856033668e-22
9.592229729e-22
9.43706484e-22
9.145328626e-22
8.91664355e-22
8.547200517e-22
8.30388459e-22
8.137123344e-22
7.948155136e-22
7.749442386e-22
7.53403263e-22
7.175624167e-22
6.937371367e-22
6.710226346e-22
6.464878954e-22
6.232978703e-22
6.015615796e-22
5.754128313e-22
5.538458979e-22
5.201282674e-22
4.932162124e-22
4.680629168e-22
4.427627482e-22
4.201877568e-22
3.950783545e-22
3.676219133e-22
3.392621404e-22
3.188107901e-22
2.790764206e-22
2.556063602e-22
2.319096312e-22
2.03434443e-22
1.766521039e-22
1.513590338e-22
1.260800225e-22
9.652809434e-23
7.244824133e-23
4.889949161e-23
2.797541711e-23
1.083338061e-23
2.139384758e-21
2.121046088e-21
2.106283065e-21
2.085309625e-21
2.069886023e-21
2.050668494e-21
2.036197696e-21
2.017394052e-21
2.001904837e-21
1.983978915e-21
1.966202351e-21
1.942242683e-21
1.930536635e-21
1.909665714e-21
1.893808318e-21
1.874214696e-21
1.856712443e-21
1.839108614e-21
1.820044537e-21
1.800663297e-21
1.782703289e-21
1.764729116e-21
1.744741458e-21
1.726598562e-21
1.70705044e-21
1.688365811e-21
1.670050589e-21
1.647198521e-21
1.629062184e-21
1.609305236e-21
1.586025181e-21
1.568041847e-21
1.549041544e-21
1.526354108e-21
1.508512649e-21
1.488880646e-21
1.468697412e-21
1.449419096e-21
1.428180391e-21
1.404363254e-21
1.384616358e-21
1.364856291e-21
1.344993296e-21
1.324633855e-21
1.304497633e-21
1.284203372e-21
1.26335136e-21
1.240766396e-21
1.218424645e-21
1.19812428e-21
1.177372756e-21
1.154351412e-21
1.132031865e-21
1.109993351e-21
1.086732044e-21
1.058262343e-21
1.034293606e-21
1.011153735e-21
9.860962491e-22
9.623619224e-22
9.399408661e-22
9.11946714e-22
8.900313365e-22
8.653077006e-22
8.306519381e-22
8.166212365e-22
7.940466826e-22
7.673710743e-22
7.449137917e-22
7.217676256e-22
6.980191942e-22
6.758019172e-22
6.487637639e-22
6.249991073e-22
6.0054484e-22
5.757797329e-22
5.480962006e-22
5.234069322e-22
4.980932225e-22
4.682825399e-22
4.43841591e-22
4.212037665e-22
3.917706763e-22
3.657831545e-22
3.385481223e-22
3.144806941e-22
2.828651954e-22
2.593251777e-22
2.32062257e-22
2.034443405e-22
1.783721647e-22
1.501947993e-22
1.243941775e-22
9.786091077e-23
7.255066431e-23
4.944066529e-23
2.807147355e-23
1.089260096e-23
2.138796014e-21
2.122040511e-21
2.103971593e-21
2.087778273e-21
2.069896699e-21
2.053242874e-21
2.034914427e-21
2.018464162e-21
2.00114201e-21
1.984278432e-21
1.966363822e-21
1.944841709e-21
1.93028085e-21
1.910546923e-21
1.893766037e-21
1.875893059e-21
1.856318223e-21
1.839561754e-21
1.820938621e-21
1.800994614e-21
1.783698222e-21
1.763950795e-21
1.746734344e-21
1.724745365e-21
1.708992293e-21
1.686843015e-21
1.668982719e-21
1.646217221e-21
1.627106593e-21
1.60805606e-21
1.589680842e-21
1.569287973e-21
1.549792126e-21
1.529337931e-21
1.508786536e-21
1.489006684e-21
1.46917419e-21
1.448860489e-21
1.42685851e-21
1.406446518e-21
1.386156996e-21
1.364782705e-21
1.344923083e-21
1.324849456e-21
1.304396229e-21
1.283615402e-21
1.262910693e-21
1.242204969e-21
1.221730331e-21
1.19999773e-21
1.17443586e-21
1.155605745e-21
1.131060278e-21
1.109018476e-21
1.081489517e-21
1.060608656e-21
1.037139815e-21
1.010877466e-21
9.871538454e-22
9.641177661e-22
9.400669833e-22
9.141526815e-22
8.886219662e-22
8.594962021e-22
8.389871901e-22
8.147241716e-22
7.92434071e-22
7.690373527e-22
7.440180678e-22
7.223313621e-22
6.989231573e-22
6.75603974e-22
6.535918804e-22
6.255317723e-22
6.002938363e-22
5.770973531e-22
5.505687694e-22
5.259183142e-22
4.943386154e-22
4.69322934e-22
4.428184503e-22
4.175050712e-22
3.9157065e-22
3.684819986e-22
3.365467697e-22
3.147450883e-22
2.845783295e-22
2.597783218e-22
2.321068771e-22
2.047398446e-22
1.770061496e-22
1.509792737e-22
1.25231222e-22
9.799316599e-23
7.194541719e-23
4.922072481e-23
2.769491276e-23
1.076465755e-23
2.139392459e-21
2.122505284e-21
2.104713574e-21
2.08807609e-21
2.070908628e-21
2.054451536e-21
2.035107249e-21
2.017793622e-21
2.001170519e-21
1.983439108e-21
1.967276821e-21
1.947675383e-21
1.929114461e-21
1.911964474e-21
1.893083307e-21
1.876280978e-21
1.858065919e-21
1.842132813e-21
1.818202347e-21
1.802141592e-21
1.78380064e-21
1.765090935e-21
1.745820387e-21
1.727106907e-21
1.708451167e-21
1.688706369e-21
1.667681752e-21
1.646534224e-21
1.627970755e-21
1.609556485e-21
1.59034257e-21
1.570918981e-21
1.548735865e-21
1.528475138e-21
1.510088767e-21
1.490214271e-21
1.469033713e-21
1.450373688e-21
1.430792119e-21
1.399987971e-21
1.387288177e-21
1.36707412e-21
1.344070609e-21
1.323364131e-21
1.305130513e-21
1.284249072e-21
1.264207252e-21
1.240519848e-21
1.221210026e-21
1.200704699e-21
1.177892058e-21
1.155771113e-21
1.134174848e-21
1.100184084e-21
1.085178418e-21
1.062549891e-21
1.036888063e-21
1.009219143e-21
9.908991435e-22
9.680546838e-22
9.388287536e-22
9.159716765e-22
8.899274712e-22
8.614702367e-22
8.340610175e-22
8.173940866e-22
7.916167598e-22
7.700750957e-22
7.454448279e-22
7.217559146e-22
6.969655696e-22
6.746957075e-22
6.51223367e-22
6.268746384e-22
6.022643253e-22
5.741503145e-22
5.498999417e-22
5.244236796e-22
4.97855624e-22
4.715621306e-22
4.457246849e-22
4.159472571e-22
3.947680586e-22
3.650304743e-22
3.398371052e-22
3.199193857e-22
2.816555608e-22
2.579212686e-22
2.310889742e-22
2.077586e-22
1.755586978e-22
1.519338615e-22
1.225520393e-22
9.714520341e-23
7.244314037e-23
4.778617318e-23
2.82745863e-23
1.08224417e-23
2.141305376e-21
2.125419712e-21
2.102272814e-21
2.089032094e-21
2.06940982e-21
2.054094483e-21
2.036562432e-21
2.019661213e-21
2.002364747e-21
1.983482161e-21
1.965561577e-21
1.948474967e-21
1.931102223e-21
1.912861061e-21
1.892714423e-21
1.876157591e-21
1.85867923e-21
1.840708122e-21
1.820751528e-21
1.803088179e-21
1.783045976e-21
1.764933928e-21
1.747660785e-21
1.727633405e-21
1.709104105e-21
1.688188945e-21
1.668396733e-21
1.648773221e-21
1.629678187e-21
1.608666367e-21
1.590824672e-21
1.569717485e-21
1.550864226e-21
1.531021905e-21
1.511640788e-21
1.486392118e-21
1.470686543e-21
1.449019657e-21
1.433131535e-21
1.402841666e-21
1.384957658e-21
1.364035321e-21
1.344280607e-21
1.324021494e-21
1.305130202e-21
1.283656793e-21
1.262873537e-21
1.243876393e-21
1.223809626e-21
1.199080167e-21
1.177343625e-21
1.155494991e-21
1.131136616e-21
1.110060462e-21
1.087843372e-21
1.06374439e-21
1.026322838e-21
1.008899756e-21
9.874348408e-22
9.653434224e-22
9.38936415e-22
9.182659304e-22
8.865729623e-22
8.642749467e-22
8.397466758e-22
8.211124713e-22
7.969153348e-22
7.702957823e-22
7.483211549e-22
7.229276798e-22
7.014110435e-22
6.766301295e-22
6.491482758e-22
6.187363662e-22
5.97906745e-22
5.739556375e-22
5.517819972e-22
5.274867848e-22
4.967280113e-22
4.696298775e-22
4.411226484e-22
4.185119246e-22
3.946034013e-22
3.698563671e-22
3.37788883e-22
3.160232519e-22
2.899397338e-22
2.562224976e-22
2.327338928e-22
2.016486099e-22
1.785775073e-22
1.532582535e-22
1.2778805e-22
9.542135749e-23
6.953224618e-23
4.796917559e-23
2.752221774e-23
1.04386248e-23
2.141208678e-21
2.123676217e-21
2.105286159e-21
2.088348962e-21
2.070769344e-21
2.05498245e-21
2.037730681e-21
2.019458577e-21
2.002816962e-21
1.985621128e-21
1.96612043e-21
1.948796806e-21
1.930923372e-21
1.912719747e-21
1.89453298e-21
1.877018588e-21
1.859315309e-21
1.840889143e-21
1.822210301e-21
1.801495154e-21
1.784332131e-21
1.765697676e-21
1.745590356e-21
1.727899495e-21
1.708507391e-21
1.689502787e-21
1.670042696e-21
1.64872043e-21
1.629041519e-21
1.610941724e-21
1.59200358e-21
1.57031522e-21
1.551713355e-21
1.531196037e-21
1.512608182e-21
1.487277956e-21
1.469311315e-21
1.447863891e-21
1.428501724e-21
1.409145058e-21
1.388117574e-21
1.363890764e-21
1.346200755e-21
1.329122967e-21
1.302780033e-21
1.28121644e-21
1.262733724e-21
1.243895124e-21
1.223059848e-21
1.200730872e-21
1.177109586e-21
1.154151572e-21
1.133680937e-21
1.111973492e-21
1.085636717e-21
1.057200128e-21
1.032892608e-21
1.009487766e-21
9.8682298e-22
9.609665129e-22
9.389308215e-22
9.15152112e-22
8.912774141e-22
8.685471077e-22
8.481808336e-22
8.259222443e-22
7.98700315e-22
7.627761181e-22
7.452212769e-22
7.241199963e-22
6.976576951e-22
6.729465142e-22
6.485943004e-22
6.251638118e-22
5.958677742e-22
5.752238025e-22
5.505417663e-22
5.257169208e-22
4.97687462e-22
4.725097133e-22
4.441364333e-22
4.232682348e-22
3.889751689e-22
3.678686871e-22
3.400933193e-22
3.147189563e-22
2.874772691e-22
2.577757074e-22
2.303426592e-22
2.043808684e-22
1.786820113e-22
1.520548775e-22
1.251847395e-22
9.831801324e-23
7.320737456e-23
4.743182788e-23
2.758422618e-23
1.064300197e-23
2.140979138e-21
2.124052763e-21
2.106018509e-21
2.089914172e-21
2.072141968e-21
2.055006036e-21
2.03663235e-21
2.021572054e-21
2.003341563e-21
1.984603072e-21
1.967442655e-21
1.950254151e-21
1.931150894e-21
1.914233264e-21
1.896065043e-21
1.876956076e-21
1.858067489e-21
1.841229633e-21
1.821636894e-21
1.803379923e-21
1.784979106e-21
1.766409321e-21
1.746003837e-21
1.726694578e-21
1.710004079e-21
1.687711088e-21
1.671656813e-21
1.647591961e-21
1.631302169e-21
1.611172228e-21
1.591858459e-21
1.571748731e-21
1.551224909e-21
1.531406281e-21
1.511826852e-21
1.490478192e-21
1.469692155e-21
1.448226267e-21
1.430308255e-21
1.410683442e-21
1.386361397e-21
1.36331447e-21
1.34836478e-21
1.325865582e-21
1.307486059e-21
1.282197803e-21
1.263802907e-21
1.243528709e-21
1.224287885e-21
1.203045717e-21
1.180513176e-21
1.155613406e-21
1.125047373e-21
1.108751366e-21
1.085585395e-21
1.064558342e-21
1.035495961e-21
1.006758682e-21
9.903157009e-22
9.565602929e-22
9.378757267e-22
9.161022744e-22
8.925370722e-22
8.683438124e-22
8.466359445e-22
8.245907679e-22
7.967024034e-22
7.712407965e-22
7.43771052e-22
7.19694353e-22
6.970861886e-22
6.727880254e-22
6.49490382e-22
6.261112534e-22
6.0109283e-22
5.732435346e-22
5.488094681e-22
5.238530262e-22
5.005188615e-22
4.725388319e-22
4.442866668e-22
4.201217602e-22
3.95817725e-22
3.647534189e-22
3.400425831e-22
3.135394854e-22
2.878545578e-22
2.62526738e-22
2.275090665e-22
2.062406772e-22
1.776717647e-22
1.514190795e-22
1.239991626e-22
9.824219235e-23
7.256628578e-23
4.886615331e-23
2.801181129e-23
1.086842909e-23
2.142934866e-21
2.126183549e-21
2.106550188e-21
2.089171566e-21
2.069680156e-21
2.056858351e-21
2.037233755e-21
2.021797951e-21
2.00495582e-21
1.985315175e-21
1.967989823e-21
1.951872249e-21
1.929046458e-21
1.913958188e-21
1.896238575e-21
1.877851678e-21
1.860064598e-21
1.84151736e-21
1.82269434e-21
1.803797431e-21
1.785524796e-21
1.766019862e-21
1.746914093e-21
1.728330218e-21
1.708579798e-21
1.689765616e-21
1.672352611e-21
1.648105773e-21
1.627865028e-21
1.612431043e-21
1.593180624e-21
1.57098793e-21
1.552229725e-21
1.532934679e-21
1.511612512e-21
1.490655561e-21
1.472997177e-21
1.45320445e-21
1.423645832e-21
1.407968755e-21
1.389242188e-21
1.36690042e-21
1.345521499e-21
1.327274985e-21
1.306978032e-21
1.286412044e-21
1.264436522e-21
1.244183681e-21
1.224109829e-21
1.204208343e-21
1.178803223e-21
1.153460882e-21
1.134405694e-21
1.111671178e-21
1.089713796e-21
1.057622749e-21
1.025412022e-21
1.010644509e-21
9.883611464e-22
9.637674456e-22
9.405692006e-22
9.131647305e-22
8.904889021e-22
8.715395104e-22
8.425696155e-22
8.215506973e-22
7.961630071e-22
7.719078354e-22
7.463805219e-22
7.232631971e-22
6.967329518e-22
6.748998109e-22
6.482187761e-22
6.266184645e-22
5.99720358e-22
5.747067216e-22
5.484545298e-22
5.221385878e-22
4.975777161e-22
4.743085501e-22
4.473505422e-22
4.216944766e-22
3.955231541e-22
3.659917647e-22
3.404090767e-22
3.108843993e-22
2.864063014e-22
2.605707622e-22
2.337606302e-22
2.071301513e-22
1.778102092e-22
1.509225675e-22
1.24525897e-22
9.59913094e-23
7.225087709e-23
4.964468555e-23
2.724191255e-23
1.076635079e-23
2.143029284e-21
2.126702983e-21
2.107344742e-21
2.090681783e-21
2.071246621e-21
2.055432579e-21
2.039121671e-21
2.020939193e-21
2.004662042e-21
1.987066768e-21
1.968685911e-21
1.95023131e-21
1.932342413e-21
1.914477252e-21
1.897723262e-21
1.877171518e-21
1.861019174e-21
1.844341662e-21
1.818944615e-21
1.804639618e-21
1.786134435e-21
1.766522059e-21
1.747502525e-21
1.728419087e-21
1.708466132e-21
1.689563901e-21
1.668159582e-21
1.651321491e-21
1.629860816e-21
1.611020499e-21
1.592012397e-21
1.572604152e-21
1.552367929e-21
1.532798673e-21
1.512971347e-21
1.493994152e-21
1.475095388e-21
1.450001553e-21
1.430132506e-21
1.404555218e-21
1.38775294e-21
1.368092067e-21
1.346647738e-21
1.3284397e-21
1.306418922e-21
1.287336777e-21
1.264579862e-21
1.241321771e-21
1.224927775e-21
1.205829105e-21
1.177099234e-21
1.158920334e-21
1.131932983e-21
1.108493128e-21
1.089920104e-21
1.064218602e-21
1.034416502e-21
1.004689397e-21
9.893277848e-22
9.660288744e-22
9.454941245e-22
9.083352895e-22
8.931016352e-22
8.654132049e-22
8.408662447e-22
8.211294713e-22
7.958801701e-22
7.687663477e-22
7.485439903e-22
7.229214475e-22
6.987309588e-22
6.748800965e-22
6.499248513e-22
6.255422448e-22
5.992884637e-22
5.753707606e-22
5.498079554e-22
5.226144888e-22
4.991401312e-22
4.741964811e-22
4.482515866e-22
4.205872802e-22
3.966843831e-22
3.67480463e-22
3.380732467e-22
3.136822711e-22
2.873878075e-22
2.595866419e-22
2.340177098e-22
2.063108956e-22
1.777649787e-22
1.497443642e-22
1.231472126e-22
9.810481178e-23
7.290463476e-23
4.949336722e-23
2.76588403e-23
1.057188148e-23
2.143159074e-21
2.126209125e-21
2.108829797e-21
2.091073891e-21
2.073607067e-21
2.055983515e-21
2.039839326e-21
2.021878221e-21
2.004517617e-21
1.987908498e-21
1.967701886e-21
1.950874561e-21
1.933588207e-21
1.915249472e-21
1.897012899e-21
1.879054513e-21
1.861931562e-21
1.841563161e-21
1.823843798e-21
1.80567811e-21
1.786314211e-21
1.767262468e-21
1.747928249e-21
1.726203052e-21
1.705232146e-21
1.688239454e-21
1.670150086e-21
1.651284516e-21
1.631446891e-21
1.611379711e-21
1.592390445e-21
1.572951073e-21
1.553376494e-21
1.533168394e-21
1.512059802e-21
1.493912243e-21
1.47417416e-21
1.452900095e-21
1.429040732e-21
1.408321919e-21
1.388385949e-21
1.368375133e-21
1.347132132e-21
1.327005245e-21
1.307339082e-21
1.287341664e-21
1.263177452e-21
1.243925334e-21
1.224228335e-21
1.203425867e-21
1.18112537e-21
1.159205478e-21
1.136133411e-21
1.107454132e-21
1.086555601e-21
1.060737883e-21
1.037552121e-21
1.013409052e-21
9.873543388e-22
9.71678295e-22
9.33908558e-22
9.158911166e-22
8.87341266e-22
8.670691283e-22
8.450965195e-22
8.170307748e-22
7.992742935e-22
7.735006389e-22
7.459856816e-22
7.232868848e-22
6.985074114e-22
6.763471358e-22
6.481261672e-22
6.256175941e-22
6.008543947e-22
5.781744157e-22
5.501291934e-22
5.206514331e-22
4.988088663e-22
4.741697329e-22
4.479504764e-22
4.211586091e-22
3.947241666e-22
3.666765908e-22
3.415959382e-22
3.139068808e-22
2.886198479e-22
2.570880794e-22
2.334232011e-22
2.054662432e-22
1.783977432e-22
1.513297076e-22
1.242496435e-22
9.978552994e-23
7.045244547e-23
4.956467037e-23
2.785489222e-23
1.070653721e-23
2.143324651e-21
2.126145557e-21
2.10854307e-21
2.092201236e-21
2.072694773e-21
2.058264373e-21
2.039227567e-21
2.022730462e-21
2.005789995e-21
1.987108883e-21
1.969283423e-21
1.953217688e-21
1.933267406e-21
1.917519616e-21
1.897249477e-21
1.878423499e-21
1.861524953e-21
1.842314735e-21
1.824330077e-21
1.805761038e-21
1.787831971e-21
1.767517496e-21
1.746526888e-21
1.722033319e-21
1.70725294e-21
1.689996246e-21
1.671445077e-21
1.651916063e-21
1.631456685e-21
1.612560048e-21
1.592845508e-21
1.573977573e-21
1.55484527e-21
1.535380314e-21
1.510769769e-21
1.493337099e-21
1.472080403e-21
1.452123427e-21
1.431207816e-21
1.410645634e-21
1.389644766e-21
1.368673647e-21
1.34671593e-21
1.328086599e-21
1.306809826e-21
1.285719045e-21
1.265821074e-21
1.244815195e-21
1.22477765e-21
1.202358504e-21
1.179716352e-21
1.156084168e-21
1.136285521e-21
1.106325771e-21
1.08460748e-21
1.060997323e-21
1.038594548e-21
1.017377672e-21
9.877415692e-22
9.721821019e-22
9.33363697e-22
9.158219346e-22
8.904338064e-22
8.688437108e-22
8.458351574e-22
8.209928683e-22
7.958179446e-22
7.704542177e-22
7.486981597e-22
7.243866219e-22
7.013678445e-22
6.740040876e-22
6.515414593e-22
6.259717627e-22
5.997090391e-22
5.759979635e-22
5.509905082e-22
5.253093284e-22
5.003063444e-22
4.746367829e-22
4.474147006e-22
4.2197843e-22
3.98136055e-22
3.627761142e-22
3.386930794e-22
3.153912421e-22
2.878605235e-22
2.590320077e-22
2.319502782e-22
2.047209951e-22
1.769612097e-22
1.511518674e-22
1.24592121e-22
9.87116422e-23
7.325299365e-23
4.981952616e-23
2.818049735e-23
1.065465332e-23
2.145076732e-21
2.124830513e-21
2.108860772e-21
2.092009466e-21
2.074387154e-21
2.058606496e-21
2.03941962e-21
2.022816656e-21
2.005571724e-21
1.987921657e-21
1.971020709e-21
1.951241744e-21
1.935321501e-21
1.916066423e-21
1.89889474e-21
1.881070183e-21
1.860605813e-21
1.842687305e-21
1.824786876e-21
1.807338951e-21
1.785820278e-21
1.765915005e-21
1.745506464e-21
1.72755376e-21
1.707635294e-21
1.691583435e-21
1.671668312e-21
1.651621007e-21
1.632373409e-21
1.61313039e-21
1.593479111e-21
1.573533157e-21
1.553816897e-21
1.534066497e-21
1.513822609e-21
1.493930176e-21
1.473980008e-21
1.451721642e-21
1.431345373e-21
1.409712239e-21
1.390258981e-21
1.369447186e-21
1.348620481e-21
1.32842509e-21
1.307934494e-21
1.286904319e-21
1.264719468e-21
1.244958979e-21
1.223163617e-21
1.202994184e-21
1.177279122e-21
1.156438711e-21
1.134574083e-21
1.113810988e-21
1.085305742e-21
1.057935422e-21
1.042001786e-21
1.014773446e-21
9.913380983e-22
9.706457064e-22
9.372854352e-22
9.137766735e-22
8.913299573e-22
8.690078393e-22
8.457695155e-22
8.210404417e-22
7.986258412e-22
7.683720451e-22
7.487737467e-22
7.272122826e-22
6.988755973e-22
6.763194568e-22
6.499294901e-22
6.257469526e-22
6.012868544e-22
5.765267618e-22
5.519115829e-22
5.253420021e-22
4.987956381e-22
4.744018225e-22
4.479318079e-22
4.207530648e-22
3.94675843e-22
3.667120972e-22
3.406022973e-22
3.147121193e-22
2.880997385e-22
2.590557029e-22
2.328034576e-22
2.054799893e-22
1.762422542e-22
1.515965355e-22
1.252518074e-22
9.886683458e-23
7.33997602e-23
4.967230774e-23
2.764618459e-23
1.082722194e-23
2.143797314e-21
2.127726655e-21
2.109079609e-21
2.093748155e-21
2.076781954e-21
2.058653397e-21
2.038601268e-21
2.022867628e-21
2.006469207e-21
1.989309202e-21
1.971390635e-21
1.95090084e-21
1.934684667e-21
1.916833131e-21
1.899114826e-21
1.880414866e-21
1.862683208e-21
1.843335195e-21
1.826463609e-21
1.80611754e-21
1.786900365e-21
1.764630357e-21
1.745566731e-21
1.728448304e-21
1.709108632e-21
1.691681356e-21
1.673318148e-21
1.654467637e-21
1.632357774e-21
1.61310748e-21
1.594303049e-21
1.575305429e-21
1.55542523e-21
1.535592922e-21
1.513417305e-21
1.489282236e-21
1.473231179e-21
1.45346848e-21
1.431664326e-21
1.410623964e-21
1.391766833e-21
1.369283966e-21
1.3489384e-21
1.329092807e-21
1.308502553e-21
1.28756007e-21
1.26697229e-21
1.245337002e-21
1.222897527e-21
1.200621966e-21
1.179504012e-21
1.160172815e-21
1.130452364e-21
1.106566825e-21
1.087731091e-21
1.064743539e-21
1.039640606e-21
1.01616984e-21
9.887498559e-22
9.678601311e-22
9.414385985e-22
9.158641204e-22
8.952754412e-22
8.670397792e-22
8.455194368e-22
8.210081881e-22
8.006728516e-22
7.672918365e-22
7.485061611e-22
7.253281947e-22
7.016485752e-22
6.758889457e-22
6.514676843e-22
6.26697589e-22
6.025946953e-22
5.78114325e-22
5.52456451e-22
5.228408392e-22
5.008625733e-22
4.753241464e-22
4.4985912e-22
4.186744439e-22
3.952367025e-22
3.656060004e-22
3.408197829e-22
3.133316029e-22
2.86987789e-22
2.603043237e-22
2.307098175e-22
2.0609411e-22
1.78428984e-22
1.517684892e-22
1.255667475e-22
9.933413631e-23
7.248121247e-23
4.953807037e-23
2.83178453e-23
1.025067768e-23
2.144532973e-21
2.128384176e-21
2.11015498e-21
2.093522917e-21
2.075976099e-21
2.059674497e-21
2.041612164e-21
2.025252203e-21
2.004648035e-21
1.989509681e-21
1.971340171e-21
1.952592617e-21
1.935390528e-21
1.917565897e-21
1.897904617e-21
1.881833533e-21
1.864306802e-21
1.84393434e-21
1.826016902e-21
1.806079746e-21
1.787071918e-21
1.765879782e-21
1.745778792e-21
1.728971918e-21
1.708512681e-21
1.692258242e-21
1.673778934e-21
1.655647373e-21
1.637500601e-21
1.615743559e-21
1.588736218e-21
1.575520522e-21
1.556554749e-21
1.53480138e-21
1.51071891e-21
1.49437354e-21
1.475026222e-21
1.450061513e-21
1.433647795e-21
1.411070534e-21
1.391172529e-21
1.37056754e-21
1.350563471e-21
1.330030518e-21
1.309169693e-21
1.291666157e-21
1.265486767e-21
1.245283895e-21
1.221812789e-21
1.201785665e-21
1.178296182e-21
1.155595107e-21
1.132783996e-21
1.110428171e-21
1.089257577e-21
1.061800298e-21
1.037717201e-21
1.01519585e-21
9.911701286e-22
9.694905468e-22
9.396314714e-22
9.197548311e-22
8.975599941e-22
8.640485672e-22
8.4674257e-22
8.208438734e-22
7.960916094e-22
7.73054242e-22
7.493680246e-22
7.260401604e-22
7.003666227e-22
6.773259958e-22
6.521920339e-22
6.261288447e-22
6.022981598e-22
5.768659128e-22
5.520245333e-22
5.265612984e-22
4.999796375e-22
4.757489918e-22
4.48635456e-22
4.225977607e-22
3.950386253e-22
3.677171639e-22
3.406060506e-22
3.136486967e-22
2.829297616e-22
2.600947045e-22
2.329741332e-22
2.049690472e-22
1.797283783e-22
1.527846545e-22
1.259756383e-22
9.795562404e-23
7.353192246e-23
4.884283887e-23
2.666453133e-23
1.045552688e-23
2.146558707e-21
2.128615293e-21
2.109718706e-21
2.094754708e-21
2.077580405e-21
2.060223567e-21
2.040232199e-21
2.025558003e-21
2.007890269e-21
1.989268869e-21
1.970826112e-21
1.952874754e-21
1.934990868e-21
1.917693065e-21
1.899675012e-21
1.882650995e-21
1.862754694e-21
1.846570246e-21
1.828396678e-21
1.803982677e-21
1.787511697e-21
1.76958405e-21
1.749711261e-21
1.726147679e-21
1.709709218e-21
1.691059102e-21
1.67504809e-21
1.653268484e-21
1.635570725e-21
1.615677549e-21
1.59648502e-21
1.573102724e-21
1.553676143e-21
1.534580979e-21
1.514330365e-21
1.495290226e-21
1.474515573e-21
1.455002932e-21
1.435301881e-21
1.409702551e-21
1.392213711e-21
1.369732817e-21
1.349133998e-21
1.329860302e-21
1.308722812e-21
1.290157399e-21
1.266795372e-21
1.246884007e-21
1.224622941e-21
1.203731256e-21
1.18123502e-21
1.154878189e-21
1.133147019e-21
1.108406399e-21
1.087325286e-21
1.063408483e-21
1.041533735e-21
1.016235484e-21
9.94668027e-22
9.630450143e-22
9.450909424e-22
9.183649046e-22
8.914425353e-22
8.735670779e-22
8.43941812e-22
8.222106735e-22
7.990022743e-22
7.736264196e-22
7.471875589e-22
7.2577822e-22
7.023862541e-22
6.786492049e-22
6.51935715e-22
6.253593739e-22
6.023736253e-22
5.752219468e-22
5.500740733e-22
5.257843807e-22
5.014526148e-22
4.745347814e-22
4.503516695e-22
4.217007015e-22
3.965751226e-22
3.659744984e-22
3.407363479e-22
3.139899214e-22
2.864329362e-22
2.565202219e-22
2.341672269e-22
2.073863783e-22
1.804188104e-22
1.501793687e-22
1.237740556e-22
9.774137114e-23
7.330163414e-23
4.927520566e-23
2.794693406e-23
1.086679482e-23
2.146358257e-21
2.128660971e-21
2.112865099e-21
2.093964074e-21
2.076301012e-21
2.061752464e-21
2.040093597e-21
2.026797595e-21
2.00687422e-21
1.989629151e-21
1.972462715e-21
1.955403413e-21
1.936297072e-21
1.917161944e-21
1.900614745e-21
1.881630803e-21
1.862473572e-21
1.844141163e-21
1.826562088e-21
1.807044616e-21
1.788352455e-21
1.769051086e-21
1.750552324e-21
1.730338118e-21
1.710937338e-21
1.692374608e-21
1.67494438e-21
1.656610836e-21
1.637852048e-21
1.613225356e-21
1.595833747e-21
1.577905169e-21
1.552134336e-21
1.535925342e-21
1.515594898e-21
1.493742935e-21
1.47512347e-21
1.452618789e-21
1.432922963e-21
1.411951359e-21
1.391535952e-21
1.371441441e-21
1.350950936e-21
1.330040031e-21
1.310008522e-21
1.290465486e-21
1.267563177e-21
1.246492665e-21
1.222588948e-21
1.203276378e-21
1.182127954e-21
1.15961029e-21
1.133709212e-21
1.112994548e-21
1.084802024e-21
1.065564425e-21
1.036473395e-21
1.016551234e-21
9.891321451e-22
9.697381258e-22
9.44437883e-22
9.207557733e-22
8.946121766e-22
8.692420112e-22
8.473065574e-22
8.249306872e-22
7.962583713e-22
7.745925701e-22
7.495159445e-22
7.288168155e-22
7.068075974e-22
6.835855751e-22
6.47397044e-22
6.230716175e-22
5.96490166e-22
5.740808898e-22
5.509439025e-22
5.265361456e-22
5.003268204e-22
4.748338523e-22
4.481720077e-22
4.222106328e-22
3.932526786e-22
3.681927476e-22
3.416050584e-22
3.117776352e-22
2.899671339e-22
2.605213515e-22
2.338121615e-22
2.057002125e-22
1.800489337e-22
1.494904628e-22
1.242597165e-22
9.77442256e-23
7.289537785e-23
4.991109617e-23
2.769353248e-23
1.097713021e-23
2.147700417e-21
2.127753328e-21
2.113668427e-21
2.09374845e-21
2.078413342e-21
2.061267947e-21
2.04307058e-21
2.026719134e-21
2.009665333e-21
1.991126356e-21
1.971781943e-21
1.956980122e-21
1.937217659e-21
1.918627344e-21
1.900049384e-21
1.884364087e-21
1.861245789e-21
1.843978387e-21
1.824747756e-21
1.806612255e-21
1.789010288e-21
1.769030574e-21
1.751484887e-21
1.731033524e-21
1.713162184e-21
1.693554644e-21
1.676078809e-21
1.654105066e-21
1.636378448e-21
1.616246898e-21
1.598002099e-21
1.575334848e-21
1.555143823e-21
1.535566237e-21
1.514684751e-21
1.49570367e-21
1.474916442e-21
1.45592328e-21
1.432056561e-21
1.412962282e-21
1.392813672e-21
1.372406217e-21
1.352062149e-21
1.33198205e-21
1.312249783e-21
1.289435234e-21
1.265899418e-21
1.248704172e-21
1.223361467e-21
1.203598817e-21
1.18309456e-21
1.158089241e-21
1.131893458e-21
1.111186272e-21
1.088746172e-21
1.066608461e-21
1.035424028e-21
1.0153139e-21
9.924804002e-22
9.707589811e-22
9.42457756e-22
9.198736821e-22
8.982409991e-22
8.739653721e-22
8.511127979e-22
8.28079577e-22
7.993853069e-22
7.673122404e-22
7.493023723e-22
7.263259203e-22
7.030619983e-22
6.823558932e-22
6.545098505e-22
6.174923351e-22
5.970460788e-22
5.739563513e-22
5.514814131e-22
5.271692225e-22
5.025753835e-22
4.75343828e-22
4.44117923e-22
4.222468376e-22
3.963105792e-22
3.663396713e-22
3.389560693e-22
3.155806686e-22
2.889980214e-22
2.631467392e-22
2.287620677e-22
2.068881434e-22
1.792660801e-22
1.515226271e-22
1.253194093e-22
9.719030208e-23
7.25025316e-23
4.982080771e-23
2.828008708e-23
1.089486288e-23
2.147232998e-21
2.130419859e-21
2.113849626e-21
2.096933157e-21
2.07984016e-21
2.062280409e-21
2.043591737e-21
2.025561143e-21
2.009968402e-21
1.991604105e-21
1.974257227e-21
1.957455777e-21
1.940271069e-21
1.919923317e-21
1.895885756e-21
1.882612521e-21
1.862888051e-21
1.846513928e-21
1.823379545e-21
1.807264306e-21
1.788284445e-21
1.770786689e-21
1.751708397e-21
1.731885799e-21
1.713348424e-21
1.694023296e-21
1.676313806e-21
1.657815405e-21
1.63631768e-21
1.618373947e-21
1.594204712e-21
1.575969095e-21
1.556361795e-21
1.536985842e-21
1.517317398e-21
1.497041191e-21
1.473958041e-21
1.456679769e-21
1.434033391e-21
1.413539149e-21
1.391730279e-21
1.373612981e-21
1.35255796e-21
1.331502869e-21
1.312139618e-21
1.28787567e-21
1.268962488e-21
1.248526933e-21
1.225046178e-21
1.20475715e-21
1.183905967e-21
1.161948173e-21
1.138267218e-21
1.106324364e-21
1.083709429e-21
1.062996904e-21
1.038486389e-21
1.015711794e-21
9.926688003e-22
9.689074908e-22
9.450047519e-22
9.219909872e-22
8.977047617e-22
8.738241879e-22
8.518429447e-22
8.266139166e-22
8.048759963e-22
7.813046634e-22
7.430600805e-22
7.150058029e-22
7.007456254e-22
6.794870977e-22
6.538976395e-22
6.253494302e-22
5.955699104e-22
5.74828938e-22
5.510030842e-22
5.263522914e-22
5.030201513e-22
4.728581346e-22
4.487650101e-22
4.209783811e-22
3.958040379e-22
3.67576424e-22
3.414605315e-22
3.181155643e-22
2.828678185e-22
2.61178416e-22
2.331504486e-22
2.068924101e-22
1.784973088e-22
1.532015942e-22
1.24095073e-22
9.829408171e-23
7.339810532e-23
4.981962153e-23
2.790716129e-23
1.086944912e-23
2.148066599e-21
2.131049819e-21
2.11329089e-21
2.09740886e-21
2.07924571e-21
2.06285969e-21
2.045669189e-21
2.028634808e-21
2.011086428e-21
1.994104718e-21
1.975197948e-21
1.957803992e-21
1.939202886e-21
1.915508411e-21
1.898760843e-21
1.880545e-21
1.861993215e-21
1.845599733e-21
1.827224115e-21
1.809926312e-21
1.793370702e-21
1.767262967e-21
1.752767263e-21
1.732331918e-21
1.713380428e-21
1.695650587e-21
1.676423612e-21
1.657558621e-21
1.636480919e-21
1.617780394e-21
1.596207811e-21
1.577034864e-21
1.557348357e-21
1.537993359e-21
1.520125382e-21
1.492044436e-21
1.477119784e-21
1.457173583e-21
1.436318198e-21
1.413082645e-21
1.392856496e-21
1.37315425e-21
1.352509906e-21
1.33275657e-21
1.311971353e-21
1.29338648e-21
1.265879414e-21
1.249874357e-21
1.228815854e-21
1.207267585e-21
1.18498928e-21
1.164044407e-21
1.141459743e-21
1.109473149e-21
1.076329765e-21
1.060297826e-21
1.036841945e-21
1.016166315e-21
9.951293399e-22
9.66266985e-22
9.482914684e-22
9.219356969e-22
8.961096893e-22
8.744900734e-22
8.474222859e-22
8.246260714e-22
8.007146551e-22
7.762080949e-22
7.49243128e-22
7.205863216e-22
7.006616221e-22
6.770341683e-22
6.530992323e-22
6.277934144e-22
6.02994547e-22
5.801574012e-22
5.54590344e-22
5.218925721e-22
4.970962763e-22
4.749736082e-22
4.48470384e-22
4.1896147e-22
3.94969346e-22
3.701331081e-22
3.425607575e-22
3.137314424e-22
2.898453282e-22
2.587060713e-22
2.338995012e-22
2.060488743e-22
1.788125443e-22
1.53104788e-22
1.26855812e-22
9.523354394e-23
7.371375037e-23
4.94672822e-23
2.793041522e-23
1.095698782e-23
2.148411085e-21
2.132137248e-21
2.113996711e-21
2.097123074e-21
2.080551191e-21
2.063171086e-21
2.046963984e-21
2.02897346e-21
2.011895364e-21
1.994549917e-21
1.97610081e-21
1.955580733e-21
1.93381301e-21
1.918558033e-21
1.90075476e-21
1.881926481e-21
1.863157905e-21
1.846599571e-21
1.828253681e-21
1.809738884e-21
1.791004763e-21
1.772002937e-21
1.753375249e-21
1.733623193e-21
1.714860436e-21
1.696437428e-21
1.676106313e-21
1.657649277e-21
1.637870406e-21
1.618712135e-21
1.599954906e-21
1.574626517e-21
1.556675035e-21
1.5371979e-21
1.518146992e-21
1.49726266e-21
1.476537452e-21
1.457329851e-21
1.437417489e-21
1.414019235e-21
1.393303237e-21
1.374508675e-21
1.353177905e-21
1.33361057e-21
1.315261095e-21
1.290295608e-21
1.273025971e-21
1.251534875e-21
1.232660108e-21
1.21013535e-21
1.179952562e-21
1.163969342e-21
1.135136128e-21
1.114475082e-21
1.074114005e-21
1.058845637e-21
1.037274214e-21
1.015492466e-21
9.925543985e-22
9.71243431e-22
9.448619192e-22
9.213695187e-22
8.971265008e-22
8.767193557e-22
8.47895553e-22
8.266042851e-22
8.018012465e-22
7.709565015e-22
7.50674813e-22
7.239750134e-22
7.005855263e-22
6.747860606e-22
6.53299364e-22
6.294198431e-22
6.055579861e-22
5.786153665e-22
5.509176462e-22
5.249743274e-22
4.980164377e-22
4.731583289e-22
4.481202504e-22
4.216370842e-22
3.95642733e-22
3.704760924e-22
3.436012008e-22
3.122328788e-22
2.887523519e-22
2.622686229e-22
2.317208312e-22
2.100684261e-22
1.750937938e-22
1.509782729e-22
1.257463506e-22
9.887470321e-23
7.351732981e-23
4.948730421e-23
2.841973905e-23
1.084803077e-23
2.148453838e-21
2.130362745e-21
2.114831226e-21
2.098655607e-21
2.081339124e-21
2.063527225e-21
2.046631698e-21
2.02790444e-21
2.012265276e-21
1.99633603e-21
1.977878376e-21
1.949283611e-21
1.936475833e-21
1.923517099e-21
1.899951514e-21
1.881430089e-21
1.866240114e-21
1.848779154e-21
1.826746459e-21
1.810037811e-21
1.79137845e-21
1.773629328e-21
1.75345668e-21
1.735652631e-21
1.716331108e-21
1.695995191e-21
1.677232526e-21
1.657818647e-21
1.637796975e-21
1.619458345e-21
1.600468769e-21
1.576438681e-21
1.558873136e-21
1.537600771e-21
1.516442714e-21
1.49683463e-21
1.477677548e-21
1.457549326e-21
1.437234511e-21
1.417216013e-21
1.394739165e-21
1.376716107e-21
1.352125093e-21
1.333793065e-21
1.31435675e-21
1.29426472e-21
1.274113839e-21
1.250925089e-21
1.232977634e-21
1.214600088e-21
1.179441414e-21
1.156272393e-21
1.134733495e-21
1.108020812e-21
1.077942526e-21
1.057945138e-21
1.040284153e-21
1.014414609e-21
9.930100508e-22
9.717730095e-22
9.464587372e-22
9.23227208e-22
8.978376658e-22
8.758145613e-22
8.476622865e-22
8.266366101e-22
8.012765131e-22
7.765756106e-22
7.513127538e-22
7.259990902e-22
6.978434434e-22
6.799623555e-22
6.507766055e-22
6.271614846e-22
6.034660317e-22
5.792285035e-22
5.529897452e-22
5.269736561e-22
4.97263486e-22
4.755950774e-22
4.510493025e-22
4.182737318e-22
3.962143598e-22
3.702501476e-22
3.443633045e-22
3.149250912e-22
2.859339555e-22
2.590427277e-22
2.356405322e-22
2.046553393e-22
1.791802758e-22
1.513122386e-22
1.25385574e-22
9.872858337e-23
7.389046801e-23
4.922816007e-23
2.820918222e-23
1.080865676e-23
2.150052139e-21
2.132470945e-21
2.11569849e-21
2.098258704e-21
2.081522582e-21
2.062986279e-21
2.046832079e-21
2.028492504e-21
2.012174155e-21
1.993112475e-21
1.974141489e-21
1.954600393e-21
1.938213942e-21
1.920965135e-21
1.90325323e-21
1.884929663e-21
1.866124007e-21
1.848589363e-21
1.830818324e-21
1.811219915e-21
1.791626223e-21
1.773376767e-21
1.753954716e-21
1.735009012e-21
1.716627613e-21
1.69700789e-21
1.678167379e-21
1.658449727e-21
1.639159739e-21
1.619148072e-21
1.600858172e-21
1.580394095e-21
1.558518188e-21
1.53771315e-21
1.518312358e-21
1.497142295e-21
1.477989177e-21
1.458039757e-21
1.438123132e-21
1.418186144e-21
1.395748331e-21
1.377222575e-21
1.353870639e-21
1.336182174e-21
1.314037329e-21
1.294775866e-21
1.275571226e-21
1.253319435e-21
1.233312673e-21
1.209109574e-21
1.175581494e-21
1.152038807e-21
1.130507201e-21
1.108721474e-21
1.085317635e-21
1.063422268e-21
1.037187761e-21
1.018536634e-21
9.97424175e-22
9.69532287e-22
9.4510002e-22
9.222759531e-22
8.983982428e-22
8.729363148e-22
8.491728119e-22
8.25933482e-22
8.010131918e-22
7.772834052e-22
7.534087524e-22
7.250889888e-22
7.021001561e-22
6.773149575e-22
6.524168555e-22
6.304943463e-22
6.022693897e-22
5.782773153e-22
5.539432348e-22
5.273779581e-22
4.965516076e-22
4.776432103e-22
4.451889752e-22
4.220117157e-22
3.968562053e-22
3.720956379e-22
3.386754785e-22
3.156729061e-22
2.885895374e-22
2.598342933e-22
2.335389319e-22
2.063935006e-22
1.799904573e-22
1.531328747e-22
1.249404479e-22
9.845233097e-23
7.439192525e-23
4.879190561e-23
2.844506633e-23
1.06765236e-23
2.15050292e-21
2.133274732e-21
2.115963456e-21
2.098880427e-21
2.081562447e-21
2.064976132e-21
2.046528092e-21
2.02764407e-21
2.011976232e-21
1.993581766e-21
1.976106372e-21
1.956717208e-21
1.938973485e-21
1.921034297e-21
1.903868055e-21
1.886150422e-21
1.867806888e-21
1.849174294e-21
1.830625105e-21
1.811745157e-21
1.792893317e-21
1.773775124e-21
1.75393402e-21
1.735991877e-21
1.717486836e-21
1.698285104e-21
1.678604125e-21
1.660357809e-21
1.63801177e-21
1.620920676e-21
1.599340954e-21
1.580802499e-21
1.561541789e-21
1.537569495e-21
1.520578186e-21
1.500510419e-21
1.477677349e-21
1.458351548e-21
1.438242797e-21
1.418807668e-21
1.396686226e-21
1.375913637e-21
1.357283226e-21
1.337344431e-21
1.316824486e-21
1.296524632e-21
1.277635133e-21
1.255388104e-21
1.227991018e-21
1.199669046e-21
1.169640496e-21
1.153738051e-21
1.130125965e-21
1.112256959e-21
1.085516304e-21
1.06677255e-21
1.039404817e-21
1.019439574e-21
9.93738384e-22
9.742951038e-22
9.524621916e-22
9.190421777e-22
9.022832593e-22
8.714263109e-22
8.453796808e-22
8.246786148e-22
8.002296663e-22
7.762970131e-22
7.539576238e-22
7.231738482e-22
7.027227708e-22
6.795618688e-22
6.553397179e-22
6.318761141e-22
6.037816341e-22
5.757151248e-22
5.533137373e-22
5.258958271e-22
4.993976625e-22
4.74490996e-22
4.519729597e-22
4.198662552e-22
3.97302992e-22
3.725852165e-22
3.371132653e-22
3.16706241e-22
2.897925706e-22
2.645694633e-22
2.318685427e-22
2.083846926e-22
1.783449468e-22
1.516615829e-22
1.269692303e-22
9.783423066e-23
7.036943681e-23
4.882873978e-23
2.845158112e-23
1.086173891e-23
2.15217663e-21
2.133352149e-21
2.117734163e-21
2.097589409e-21
2.081875415e-21
2.065139112e-21
2.047894389e-21
2.027486193e-21
2.012644966e-21
1.994267859e-21
1.976545487e-21
1.958349357e-21
1.940455944e-21
1.922210292e-21
1.905436919e-21
1.886668087e-21
1.870176981e-21
1.848134773e-21
1.831838425e-21
1.811124817e-21
1.793541605e-21
1.774145206e-21
1.757061444e-21
1.735448484e-21
1.720017426e-21
1.697477193e-21
1.678818084e-21
1.660860901e-21
1.641588205e-21
1.61833931e-21
1.600460551e-21
1.582076574e-21
1.561790781e-21
1.538962696e-21
1.521905478e-21
1.499216289e-21
1.480419156e-21
1.459790242e-21
1.438463846e-21
1.418547854e-21
1.396414409e-21
1.376807472e-21
1.357759185e-21
1.337258318e-21
1.31688457e-21
1.297267902e-21
1.272984833e-21
1.254247972e-21
1.221601436e-21
1.194820025e-21
1.175819494e-21
1.156498823e-21
1.133737077e-21
1.112050988e-21
1.088704251e-21
1.064704236e-21
1.041249015e-21
1.018651379e-21
9.973874805e-22
9.758181511e-22
9.529310649e-22
9.195714617e-22
8.999948838e-22
8.79155321e-22
8.445687937e-22
8.225690476e-22
8.006684584e-22
7.759119279e-22
7.486814994e-22
7.280340612e-22
7.059045937e-22
6.793171013e-22
6.550092015e-22
6.293439826e-22
6.028945173e-22
5.783861019e-22
5.536127006e-22
5.268784146e-22
5.002086991e-22
4.749329658e-22
4.48913172e-22
4.228724241e-22
3.964175653e-22
3.694080633e-22
3.39929073e-22
3.159255023e-22
2.896352835e-22
2.645448316e-22
2.316447774e-22
2.070418032e-22
1.806326167e-22
1.544016868e-22
1.226710664e-22
9.819851674e-23
7.263097866e-23
4.982281418e-23
2.828782329e-23
1.101009765e-23
2.152050018e-21
2.134997726e-21
2.118098661e-21
2.100402592e-21
2.083263118e-21
2.064584842e-21
2.048895457e-21
2.028712051e-21
2.012304262e-21
1.995564687e-21
1.977819906e-21
1.959844807e-21
1.941599282e-21
1.923856206e-21
1.906160721e-21
1.887583117e-21
1.869947702e-21
1.849380703e-21
1.831385767e-21
1.813765568e-21
1.793707891e-21
1.776025446e-21
1.758005422e-21
1.73817043e-21
1.716488086e-21
1.699040162e-21
1.679904538e-21
1.659976037e-21
1.641018136e-21
1.6208329e-21
1.601757506e-21
1.583218749e-21
1.562617283e-21
1.538491001e-21
1.521436871e-21
1.501825372e-21
1.482475256e-21
1.460799497e-21
1.438158618e-21
1.417903998e-21
1.398581948e-21
1.37832038e-21
1.357939384e-21
1.336605912e-21
1.316947119e-21
1.299129349e-21
1.270909977e-21
1.239265898e-21
1.223486388e-21
1.198649016e-21
1.179426503e-21
1.158445011e-21
1.137443302e-21
1.111174752e-21
1.09051359e-21
1.064805917e-21
1.04238569e-21
1.01917379e-21
9.975126399e-22
9.733863628e-22
9.492321376e-22
9.229020873e-22
9.022239719e-22
8.740156081e-22
8.500234171e-22
8.24440374e-22
7.99104486e-22
7.759094406e-22
7.522013455e-22
7.274189662e-22
7.054947367e-22
6.813928644e-22
6.537924863e-22
6.28658289e-22
6.036193843e-22
5.795785901e-22
5.548452123e-22
5.278618322e-22
5.003527763e-22
4.75465418e-22
4.483682806e-22
4.227259164e-22
3.959527697e-22
3.684422679e-22
3.429808128e-22
3.170915321e-22
2.897366822e-22
2.576990697e-22
2.340288806e-22
2.064754592e-22
1.798921336e-22
1.541543368e-22
1.238181165e-22
9.959924862e-23
7.331545139e-23
5.008234688e-23
2.854424676e-23
1.1054286e-23
2.153856779e-21
2.133911334e-21
2.119849787e-21
2.100457447e-21
2.084421794e-21
2.065790208e-21
2.047563442e-21
2.030072459e-21
2.014058078e-21
1.994996305e-21
1.97885231e-21
1.961294377e-21
1.943976517e-21
1.922639145e-21
1.906788231e-21
1.88943358e-21
1.871690421e-21
1.849800705e-21
1.831529705e-21
1.81411739e-21
1.795515869e-21
1.776271715e-21
1.757220116e-21
1.737678086e-21
1.719938052e-21
1.700846937e-21
1.682093582e-21
1.661648889e-21
1.640115077e-21
1.622315841e-21
1.603985046e-21
1.578304825e-21
1.56230789e-21
1.541760902e-21
1.522787686e-21
1.501675882e-21
1.482567815e-21
1.459763699e-21
1.440488416e-21
1.419838087e-21
1.398079924e-21
1.378492053e-21
1.359167068e-21
1.331901344e-21
1.312412127e-21
1.291199629e-21
1.270778371e-21
1.245138146e-21
1.223783742e-21
1.201952408e-21
1.181064072e-21
1.159282773e-21
1.137613927e-21
1.114593034e-21
1.088120257e-21
1.068150338e-21
1.045479094e-21
1.019007535e-21
9.984015281e-22
9.756022511e-22
9.507525767e-22
9.233832278e-22
8.992743276e-22
8.75504457e-22
8.500007841e-22
8.256368987e-22
7.986114657e-22
7.750714192e-22
7.507828511e-22
7.286105228e-22
7.073319073e-22
6.787481944e-22
6.572139472e-22
6.301275991e-22
6.022156608e-22
5.811918942e-22
5.531907111e-22
5.280321822e-22
5.018702941e-22
4.77675956e-22
4.467585373e-22
4.232638467e-22
3.961053737e-22
3.721282907e-22
3.388335437e-22
3.151490986e-22
2.881445319e-22
2.629439261e-22
2.34827482e-22
2.05022471e-22
1.803093237e-22
1.535306132e-22
1.239280087e-22
1.005228655e-22
7.272717474e-23
4.9965292e-23
2.857169235e-23
1.106923599e-23
2.15474135e-21
2.1352648e-21
2.11894674e-21
2.101129845e-21
2.084457495e-21
2.06639616e-21
2.04943509e-21
2.031476857e-21
2.015415011e-21
1.998449312e-21
1.97927102e-21
1.962247968e-21
1.94206939e-21
1.925517229e-21
1.909186298e-21
1.890840503e-21
1.87052127e-21
1.850135028e-21
1.831459186e-21
1.814533224e-21
1.795639688e-21
1.777242777e-21
1.758545927e-21
1.73940658e-21
1.719232336e-21
1.700981604e-21
1.68164693e-21
1.66238794e-21
1.640914739e-21
1.622723665e-21
1.602781812e-21
1.583558665e-21
1.562584181e-21
1.542396346e-21
1.52296094e-21
1.50236143e-21
1.483211615e-21
1.459749107e-21
1.439248182e-21
1.418982299e-21
1.397507761e-21
1.377558675e-21
1.35547814e-21
1.332675092e-21
1.312938406e-21
1.292443164e-21
1.270340524e-21
1.250899814e-21
1.221825507e-21
1.205445513e-21
1.18244851e-21
1.159980881e-21
1.138171699e-21
1.114999825e-21
1.091291475e-21
1.069478383e-21
1.046516313e-21
1.020485307e-21
9.953522724e-22
9.751930037e-22
9.50916608e-22
9.26260489e-22
9.009201009e-22
8.741244444e-22
8.488283923e-22
8.240870635e-22
8.004997677e-22
7.768123267e-22
7.49477893e-22
7.285112748e-22
7.055447633e-22
6.816338201e-22
6.592222197e-22
6.265125098e-22
6.046064075e-22
5.80249995e-22
5.545047671e-22
5.277992373e-22
5.00806577e-22
4.756893164e-22
4.501844694e-22
4.237754001e-22
3.990605271e-22
3.661664629e-22
3.434112633e-22
3.159555462e-22
2.891875518e-22
2.620135779e-22
2.331511127e-22
2.058719694e-22
1.813999671e-22
1.551840547e-22
1.227508054e-22
9.874305322e-23
7.428715773e-23
5.056027144e-23
2.728640984e-23
1.079985619e-23
2.154045687e-21
2.136540231e-21
2.11906664e-21
2.101859437e-21
2.086286658e-21
2.068064912e-21
2.047853469e-21
2.033929335e-21
2.018632152e-21
1.997034238e-21
1.981021893e-21
1.961107181e-21
1.944060933e-21
1.926369992e-21
1.908457164e-21
1.890022044e-21
1.87068802e-21
1.85242245e-21
1.83343709e-21
1.81563628e-21
1.796093133e-21
1.777617816e-21
1.759136686e-21
1.739976047e-21
1.720353743e-21
1.700982636e-21
1.682073328e-21
1.662608906e-21
1.643153766e-21
1.623636511e-21
1.603805655e-21
1.58320941e-21
1.562817605e-21
1.54366628e-21
1.523650218e-21
1.503220728e-21
1.481309184e-21
1.457176291e-21
1.44002961e-21
1.420262815e-21
1.395339899e-21
1.376694973e-21
1.355953452e-21
1.33554916e-21
1.316182564e-21
1.290600986e-21
1.269694055e-21
1.25098298e-21
1.228185831e-21
1.206121506e-21
1.183558786e-21
1.15989077e-21
1.137403579e-21
1.117395643e-21
1.095522679e-21
1.070276364e-21
1.042778384e-21
1.02334676e-21
9.99816123e-22
9.762837509e-22
9.544785386e-22
9.266613725e-22
8.916379841e-22
8.741952939e-22
8.516623393e-22
8.213697786e-22
8.013122685e-22
7.741189182e-22
7.525919183e-22
7.287094882e-22
7.043773151e-22
6.810274874e-22
6.568016334e-22
6.30013282e-22
6.075598785e-22
5.802024848e-22
5.552230185e-22
5.254633418e-22
5.018104534e-22
4.754294125e-22
4.494191883e-22
4.240130665e-22
4.013990349e-22
3.672793918e-22
3.439898998e-22
3.164798589e-22
2.907532704e-22
2.609709565e-22
2.338138018e-22
2.039395835e-22
1.801812643e-22
1.532996458e-22
1.246802601e-22
9.969373071e-23
7.37806899e-23
4.897520612e-23
2.844186099e-23
1.098688665e-23
2.154634405e-21
2.137805186e-21
2.120045566e-21
2.10310589e-21
2.086475262e-21
2.069213698e-21
2.051519738e-21
2.034108341e-21
2.01714615e-21
1.999413779e-21
1.982027163e-21
1.963243103e-21
1.944072443e-21
1.927307286e-21
1.909028243e-21
1.891941927e-21
1.869844922e-21
1.853656405e-21
1.833602689e-21
1.81645109e-21
1.797793242e-21
1.7799013e-21
1.761194868e-21
1.738025292e-21
1.721978662e-21
1.70125534e-21
1.682969811e-21
1.663806423e-21
1.644279184e-21
1.624223234e-21
1.603610815e-21
1.582916299e-21
1.563136766e-21
1.545924849e-21
1.519182719e-21
1.503256233e-21
1.481020421e-21
1.458104181e-21
1.43875125e-21
1.419717835e-21
1.398357514e-21
1.376875176e-21
1.355763212e-21
1.336163272e-21
1.315728683e-21
1.293397864e-21
1.2715516e-21
1.249888478e-21
1.228538628e-21
1.208484921e-21
1.18587974e-21
1.165239005e-21
1.138216214e-21
1.11934712e-21
1.093513845e-21
1.072073508e-21
1.052866768e-21
1.028400771e-21
9.955456576e-22
9.690812305e-22
9.468261645e-22
9.226201034e-22
8.994142507e-22
8.749087594e-22
8.483707028e-22
8.262489427e-22
8.025736035e-22
7.759163544e-22
7.538291149e-22
7.289070673e-22
6.999515699e-22
6.791392786e-22
6.554208539e-22
6.334166486e-22
6.045261813e-22
5.816440471e-22
5.537903841e-22
5.307751527e-22
5.075519985e-22
4.700523958e-22
4.484018229e-22
4.232357604e-22
3.981884148e-22
3.716757532e-22
3.422754423e-22
3.170262849e-22
2.897859598e-22
2.613092742e-22
2.32272921e-22
2.070878412e-22
1.805774001e-22
1.532467485e-22
1.252279704e-22
9.920279248e-23
7.35981352e-23
4.985506696e-23
2.833187645e-23
1.099910874e-23
2.155565451e-21
2.138777483e-21
2.121014566e-21
2.104546883e-21
2.087140216e-21
2.070830759e-21
2.054661592e-21
2.032152531e-21
2.018520542e-21
1.999301303e-21
1.982525957e-21
1.964625577e-21
1.946623162e-21
1.927621059e-21
1.907465538e-21
1.890488077e-21
1.873344746e-21
1.853643752e-21
1.835074394e-21
1.816300214e-21
1.79845951e-21
1.779809743e-21
1.761388988e-21
1.741255961e-21
1.722730592e-21
1.704298536e-21
1.685064324e-21
1.666989217e-21
1.643515003e-21
1.621786868e-21
1.603028169e-21
1.582195825e-21
1.560602584e-21
1.542974037e-21
1.522360161e-21
1.502256398e-21
1.480450776e-21
1.460565558e-21
1.441409012e-21
1.419597385e-21
1.397731055e-21
1.37790817e-21
1.356824374e-21
1.3369433e-21
1.316394068e-21
1.295043273e-21
1.272395644e-21
1.252061614e-21
1.228726579e-21
1.208150537e-21
1.187588415e-21
1.16650718e-21
1.142831362e-21
1.119689468e-21
1.092862806e-21
1.075751192e-21
1.055672678e-21
1.027633004e-21
9.989823681e-22
9.611239222e-22
9.451650359e-22
9.230601934e-22
8.988907536e-22
8.747931325e-22
8.484158428e-22
8.25740083e-22
8.045470024e-22
7.789637578e-22
7.524767838e-22
7.305191786e-22
7.030805043e-22
6.811465248e-22
6.534047699e-22
6.32830679e-22
6.03650508e-22
5.773737882e-22
5.547262348e-22
5.308385889e-22
5.060174859e-22
4.806261621e-22
4.434873923e-22
4.237249861e-22
3.976153911e-22
3.698683134e-22
3.442527455e-22
3.177412997e-22
2.880565769e-22
2.616000012e-22
2.352547639e-22
2.063615284e-22
1.824385158e-22
1.493466655e-22
1.260138924e-22
9.970106478e-23
7.416204043e-23
5.034091684e-23
2.754059421e-23
1.107718967e-23
2.157439842e-21
2.138475015e-21
2.122401531e-21
2.104953416e-21
2.087790189e-21
2.070089306e-21
2.053964343e-21
2.036364085e-21
2.018627248e-21
2.000381337e-21
1.982495195e-21
1.965554899e-21
1.946465762e-21
1.928418516e-21
1.908878258e-21
1.893193339e-21
1.874076193e-21
1.85342945e-21
1.836506052e-21
1.818913037e-21
1.797794916e-21
1.780707825e-21
1.762145594e-21
1.742320374e-21
1.721177898e-21
1.704606687e-21
1.685609172e-21
1.662820289e-21
1.644187847e-21
1.624534338e-21
1.60297308e-21
1.581928212e-21
1.563596841e-21
1.542754096e-21
1.521628588e-21
1.501849239e-21
1.4820422e-21
1.460204217e-21
1.440893435e-21
1.4207383e-21
1.400559443e-21
1.3792101e-21
1.358342669e-21
1.338812397e-21
1.316840093e-21
1.294934054e-21
1.272532978e-21
1.252956504e-21
1.231293066e-21
1.210106285e-21
1.188441827e-21
1.164488115e-21
1.144314445e-21
1.12107225e-21
1.099683589e-21
1.074276221e-21
1.050363336e-21
1.023015863e-21
1.001346613e-21
9.636907858e-22
9.458321625e-22
9.242836047e-22
8.955899304e-22
8.751342989e-22
8.506506586e-22
8.28818296e-22
8.028482226e-22
7.796201873e-22
7.529528611e-22
7.279272975e-22
7.040441583e-22
6.813471164e-22
6.562914909e-22
6.308842982e-22
6.055418217e-22
5.76873072e-22
5.557801723e-22
5.293407719e-22
5.051126278e-22
4.802186328e-22
4.472344941e-22
4.268726308e-22
3.955785423e-22
3.707908159e-22
3.436763517e-22
3.168584622e-22
2.877898332e-22
2.646650395e-22
2.312658145e-22
2.082997534e-22
1.808711594e-22
1.530245475e-22
1.261127617e-22
1.002620733e-22
7.349050113e-23
4.783398916e-23
2.8611721e-23
1.052083428e-23
2.157973511e-21
2.139634436e-21
2.12356771e-21
2.102838959e-21
2.088380849e-21
2.071009702e-21
2.053510775e-21
2.037050545e-21
2.019465393e-21
2.002640493e-21
1.983986886e-21
1.968638925e-21
1.942028489e-21
1.929812453e-21
1.913356377e-21
1.894024094e-21
1.870797539e-21
1.856181955e-21
1.839452254e-21
1.81545059e-21
1.799762763e-21
1.780280651e-21
1.760669366e-21
1.742632352e-21
1.72252232e-21
1.703968873e-21
1.683528945e-21
1.664923821e-21
1.643633318e-21
1.623957952e-21
1.604658167e-21
1.584725529e-21
1.565072891e-21
1.543956255e-21
1.521064582e-21
1.503401121e-21
1.48223629e-21
1.462742588e-21
1.442660815e-21
1.420328207e-21
1.398814545e-21
1.379928083e-21
1.359752333e-21
1.338345463e-21
1.318944073e-21
1.296860577e-21
1.274411749e-21
1.254232501e-21
1.234300922e-21
1.212099612e-21
1.187759672e-21
1.166889584e-21
1.142150299e-21
1.121394212e-21
1.098007044e-21
1.074516141e-21
1.051206904e-21
1.022608534e-21
1.004663165e-21
9.627430369e-22
9.435871904e-22
9.240149634e-22
9.021431112e-22
8.771971799e-22
8.462961583e-22
8.274250645e-22
8.034581232e-22
7.799292641e-22
7.534475888e-22
7.293738858e-22
7.036629932e-22
6.798957418e-22
6.550670521e-22
6.321402873e-22
6.053519849e-22
5.815720484e-22
5.565867222e-22
5.279820076e-22
5.043238943e-22
4.770240697e-22
4.524552446e-22
4.25964632e-22
3.985490724e-22
3.71897723e-22
3.414327551e-22
3.183493446e-22
2.853252935e-22
2.632539728e-22
2.332939449e-22
2.079965308e-22
1.803887045e-22
1.528412734e-22
1.257231988e-22
9.874511853e-23
7.449439339e-23
4.944527097e-23
2.813187258e-23
1.104005905e-23
2.157107605e-21
2.140679355e-21
2.123013431e-21
2.10588049e-21
2.089299377e-21
2.07257235e-21
2.053821632e-21
2.037549355e-21
2.019809814e-21
2.002852217e-21
1.984347469e-21
1.966945148e-21
1.947354601e-21
1.929592577e-21
1.913201078e-21
1.893098968e-21
1.875875047e-21
1.855766834e-21
1.837575153e-21
1.817828179e-21
1.799966114e-21
1.778194572e-21
1.761435228e-21
1.742018126e-21
1.72275574e-21
1.703746932e-21
1.683865667e-21
1.665662401e-21
1.644258206e-21
1.625915943e-21
1.606401694e-21
1.583517099e-21
1.565058635e-21
1.544920223e-21
1.524696126e-21
1.502887953e-21
1.48332594e-21
1.463408465e-21
1.443111053e-21
1.420931205e-21
1.4008862e-21
1.379590862e-21
1.359778365e-21
1.339421505e-21
1.318399613e-21
1.298881961e-21
1.279697606e-21
1.254612728e-21
1.233244501e-21
1.215376463e-21
1.187889086e-21
1.170019523e-21
1.144204833e-21
1.121852678e-21
1.099149475e-21
1.069752251e-21
1.048913118e-21
1.014974596e-21
9.996068776e-22
9.753817804e-22
9.423120745e-22
9.250684123e-22
9.002965053e-22
8.779200393e-22
8.525004218e-22
8.317115646e-22
8.008187343e-22
7.792171165e-22
7.534706556e-22
7.293685756e-22
7.043386462e-22
6.821251803e-22
6.609097585e-22
6.267557903e-22
6.057205086e-22
5.795597864e-22
5.548537894e-22
5.310018057e-22
5.050861316e-22
4.791403651e-22
4.531413973e-22
4.296236037e-22
3.923484554e-22
3.684214226e-22
3.43448855e-22
3.151714035e-22
2.895090312e-22
2.627105571e-22
2.347651077e-22
2.079707956e-22
1.806640509e-22
1.516558752e-22
1.260635728e-22
9.92446079e-23
7.331247143e-23
5.027844245e-23
2.867315628e-23
1.063123684e-23
2.158416241e-21
2.141412634e-21
2.124583773e-21
2.106503697e-21
2.089889768e-21
2.073780446e-21
2.055997927e-21
2.037312179e-21
2.020977859e-21
2.00377631e-21
1.98425624e-21
1.96737795e-21
1.948344396e-21
1.931673728e-21
1.912181735e-21
1.89330537e-21
1.875652217e-21
1.8565542e-21
1.838670669e-21
1.820975542e-21
1.804863335e-21
1.775164111e-21
1.761092877e-21
1.740966374e-21
1.723908939e-21
1.702925073e-21
1.683216215e-21
1.665382541e-21
1.645220189e-21
1.626065815e-21
1.606512119e-21
1.586873465e-21
1.564676592e-21
1.544532374e-21
1.525524152e-21
1.50554751e-21
1.486125196e-21
1.460942301e-21
1.442760889e-21
1.422670754e-21
1.402824978e-21
1.379851536e-21
1.360648692e-21
1.34085171e-21
1.31787573e-21
1.299700017e-21
1.277286972e-21
1.25670913e-21
1.235622745e-21
1.215123316e-21
1.192722699e-21
1.167482724e-21
1.148050442e-21
1.125406242e-21
1.10053384e-21
1.072001639e-21
1.035415899e-21
1.015037229e-21
9.964245045e-22
9.699337246e-22
9.490695818e-22
9.268178828e-22
9.028561393e-22
8.79471623e-22
8.55762463e-22
8.277275969e-22
8.052351485e-22
7.795920123e-22
7.549714432e-22
7.316372224e-22
7.04956568e-22
6.820531494e-22
6.596272248e-22
6.329538417e-22
6.018148824e-22
5.804936789e-22
5.551968648e-22
5.267531713e-22
5.058475033e-22
4.803517739e-22
4.56855783e-22
4.311070983e-22
3.931693341e-22
3.645827131e-22
3.393485891e-22
3.178686888e-22
2.917415231e-22
2.666096825e-22
2.322420997e-22
2.04876446e-22
1.825719412e-22
1.508095521e-22
1.275672683e-22
9.705087724e-23
7.335992435e-23
5.047507649e-23
2.865957072e-23
1.065540714e-23
2.161271126e-21
2.144943202e-21
2.122152889e-21
2.10857701e-21
2.093297463e-21
2.076368659e-21
2.054866076e-21
2.0385571e-21
2.021245518e-21
2.001781934e-21
1.986499664e-21
1.967257365e-21
1.946533556e-21
1.931028342e-21
1.912243061e-21
1.894589705e-21
1.876269519e-21
1.857265105e-21
1.839307345e-21
1.820239794e-21
1.801664764e-21
1.782404196e-21
1.762338838e-21
1.743021179e-21
1.721947725e-21
1.702792925e-21
1.685009994e-21
1.66607496e-21
1.645169393e-21
1.626425562e-21
1.605648599e-21
1.588425727e-21
1.565083106e-21
1.547816328e-21
1.524901475e-21
1.505663982e-21
1.485366797e-21
1.464611594e-21
1.443719946e-21
1.422787894e-21
1.403303048e-21
1.381766662e-21
1.359086239e-21
1.339647566e-21
1.320127865e-21
1.298751126e-21
1.279454268e-21
1.259702981e-21
1.232400497e-21
1.215309657e-21
1.194973295e-21
1.168066647e-21
1.15063275e-21
1.126537037e-21
1.102076755e-21
1.063227016e-21
1.036935813e-21
1.017180904e-21
9.975585466e-22
9.736733434e-22
9.496294172e-22
9.256840983e-22
9.066303699e-22
8.762899893e-22
8.589807762e-22
8.361525392e-22
8.022451607e-22
7.751139138e-22
7.574882736e-22
7.310195975e-22
7.032160058e-22
6.819882805e-22
6.572992754e-22
6.307762869e-22
6.035531841e-22
5.793182964e-22
5.541362747e-22
5.303603641e-22
5.065332613e-22
4.813565963e-22
4.508578565e-22
4.260146478e-22
3.979716141e-22
3.703323627e-22
3.442705568e-22
3.157379514e-22
2.914740167e-22
2.622191019e-22
2.347669283e-22
2.072365137e-22
1.798389607e-22
1.516866688e-22
1.267530792e-22
9.89179277e-23
7.455498399e-23
5.034089984e-23
2.756604273e-23
1.103126484e-23
2.161110178e-21
2.144456711e-21
2.126201439e-21
2.110953115e-21
2.094580728e-21
2.07878964e-21
2.064334619e-21
2.037416865e-21
2.020747655e-21
2.001726042e-21
1.983445722e-21
1.96638378e-21
1.946842641e-21
1.930931612e-21
1.9126282e-21
1.894874161e-21
1.877002262e-21
1.858351069e-21
1.839451629e-21
1.821545589e-21
1.803529249e-21
1.784656517e-21
1.768976641e-21
1.744856379e-21
1.718195098e-21
1.703912109e-21
1.684651535e-21
1.66392209e-21
1.646789451e-21
1.625603332e-21
1.606629752e-21
1.587424506e-21
1.56727694e-21
1.547550657e-21
1.528179606e-21
1.507524496e-21
1.486471619e-21
1.464847544e-21
1.44333461e-21
1.421789985e-21
1.40173824e-21
1.381196703e-21
1.362053044e-21
1.339525631e-21
1.320654617e-21
1.300791664e-21
1.280879183e-21
1.260732982e-21
1.234994784e-21
1.213113928e-21
1.190968822e-21
1.17264585e-21
1.148724791e-21
1.128955101e-21
1.106676997e-21
1.068728004e-21
1.037851034e-21
1.019447439e-21
9.913828383e-22
9.691498934e-22
9.567725433e-22
9.245470934e-22
9.0074461e-22
8.815006905e-22
8.581852753e-22
8.287027216e-22
8.043210713e-22
7.780017381e-22
7.537254686e-22
7.298881387e-22
7.057855218e-22
6.823722237e-22
6.578826626e-22
6.320739995e-22
6.088348838e-22
5.754885951e-22
5.552023923e-22
5.314652682e-22
5.046409911e-22
4.801347859e-22
4.537258493e-22
4.265118202e-22
3.963619771e-22
3.683506627e-22
3.440707741e-22
3.172156919e-22
2.904062562e-22
2.626765938e-22
2.352911589e-22
2.082320286e-22
1.808891523e-22
1.536296284e-22
1.274580354e-22
9.889143618e-23
7.327563636e-23
5.02962685e-23
2.880896976e-23
1.070284677e-23
2.162691117e-21
2.147044116e-21
2.127885735e-21
2.112564053e-21
2.09244756e-21
2.078462203e-21
2.061251096e-21
2.043238084e-21
2.023654066e-21
2.001100582e-21
1.983647761e-21
1.965636099e-21
1.946900104e-21
1.931877173e-21
1.913135533e-21
1.895142364e-21
1.877481497e-21
1.859405291e-21
1.840860753e-21
1.823179832e-21
1.803529338e-21
1.78579875e-21
1.765219721e-21
1.746768151e-21
1.7253697e-21
1.705938321e-21
1.684169861e-21
1.662724759e-21
1.646971843e-21
1.626578141e-21
1.607401786e-21
1.588220887e-21
1.568647555e-21
1.549008054e-21
1.529924863e-21
1.509327969e-21
1.489465918e-21
1.462186751e-21
1.441503832e-21
1.423294531e-21
1.400652338e-21
1.38233261e-21
1.3613552e-21
1.341037192e-21
1.320560824e-21
1.298505236e-21
1.278052541e-21
1.259580892e-21
1.23578162e-21
1.215030517e-21
1.194020212e-21
1.171740555e-21
1.147940436e-21
1.122380694e-21
1.101405445e-21
1.073411335e-21
1.044388257e-21
1.020159667e-21
9.984843765e-22
9.740855956e-22
9.483324621e-22
9.291695135e-22
9.040272441e-22
8.807039081e-22
8.55018304e-22
8.304854465e-22
8.05932898e-22
7.755193273e-22
7.560224534e-22
7.286676266e-22
7.062138327e-22
6.812564875e-22
6.58731657e-22
6.336428684e-22
6.066851593e-22
5.781732922e-22
5.564571469e-22
5.311812103e-22
5.054534951e-22
4.791021594e-22
4.529515442e-22
4.256774593e-22
3.973386324e-22
3.703093708e-22
3.442197925e-22
3.178983518e-22
2.909639909e-22
2.641086408e-22
2.369334794e-22
2.067569681e-22
1.798582413e-22
1.540282931e-22
1.271412033e-22
9.903896594e-23
7.489860766e-23
4.947388482e-23
2.835793385e-23
1.05563609e-23
2.163595136e-21
2.147049948e-21
2.130897225e-21
2.114348888e-21
2.094993346e-21
2.078158975e-21
2.062270868e-21
2.042332707e-21
2.023280714e-21
2.004618757e-21
1.986436996e-21
1.961330761e-21
1.948367279e-21
1.93200345e-21
1.914382703e-21
1.895716424e-21
1.877686505e-21
1.861079489e-21
1.842337401e-21
1.821132956e-21
1.805138094e-21
1.785407452e-21
1.767132797e-21
1.74691123e-21
1.727483912e-21
1.706684258e-21
1.684908283e-21
1.665364653e-21
1.646811733e-21
1.628438641e-21
1.609265386e-21
1.5898732e-21
1.56938388e-21
1.550499002e-21
1.529476051e-21
1.508049655e-21
1.486873178e-21
1.464642438e-21
1.440350323e-21
1.42334794e-21
1.403227981e-21
1.38275893e-21
1.362060225e-21
1.340592548e-21
1.321303154e-21
1.298813483e-21
1.277949239e-21
1.257959168e-21
1.235790937e-21
1.213128818e-21
1.193778642e-21
1.169111704e-21
1.147472559e-21
1.123178848e-21
1.100017287e-21
1.072215938e-21
1.049976397e-21
1.025032922e-21
1.004440102e-21
9.742901953e-22
9.562035841e-22
9.321894652e-22
8.955499903e-22
8.798991355e-22
8.547804011e-22
8.280268417e-22
8.074070851e-22
7.742109325e-22
7.559715299e-22
7.308440388e-22
7.067206979e-22
6.829283566e-22
6.593096514e-22
6.333496083e-22
6.072298954e-22
5.812765713e-22
5.59872264e-22
5.252700595e-22
5.064523846e-22
4.791432229e-22
4.539960794e-22
4.233189842e-22
3.984988509e-22
3.712293812e-22
3.444972752e-22
3.185292849e-22
2.90665098e-22
2.650100119e-22
2.340832469e-22
2.097608013e-22
1.829599069e-22
1.522497455e-22
1.25554438e-22
1.003373205e-22
7.207509142e-23
5.044034616e-23
2.836588216e-23
1.10035611e-23
2.162676346e-21
2.146968555e-21
2.131230084e-21
2.114778321e-21
2.095966579e-21
2.07968854e-21
2.06244673e-21
2.04401992e-21
2.02051833e-21
2.005378596e-21
1.987027894e-21
1.965038385e-21
1.950312633e-21
1.932677053e-21
1.913771926e-21
1.897789036e-21
1.878484527e-21
1.860008738e-21
1.842658494e-21
1.823787693e-21
1.805621455e-21
1.785363679e-21
1.768001678e-21
1.748874599e-21
1.728973482e-21
1.708724427e-21
1.688573692e-21
1.667913853e-21
1.644451963e-21
1.629267305e-21
1.609368139e-21
1.590413866e-21
1.571781486e-21
1.555440625e-21
1.526993534e-21
1.50163894e-21
1.482711615e-21
1.464942612e-21
1.444429482e-21
1.42429715e-21
1.404461178e-21
1.383938558e-21
1.363601912e-21
1.341336249e-21
1.321956897e-21
1.29752551e-21
1.278273251e-21
1.257322897e-21
1.236759313e-21
1.211309532e-21
1.19339306e-21
1.172176188e-21
1.149731707e-21
1.119684311e-21
1.099524619e-21
1.072996187e-21
1.051455614e-21
1.028062108e-21
1.002876516e-21
9.813807429e-22
9.520957391e-22
9.285328601e-22
9.026701059e-22
8.816222418e-22
8.515906873e-22
8.291110199e-22
8.02008569e-22
7.802041565e-22
7.561057626e-22
7.335954782e-22
7.087097286e-22
6.909472423e-22
6.52400009e-22
6.285443583e-22
6.084240524e-22
5.807833852e-22
5.568544925e-22
5.302139256e-22
5.069368394e-22
4.779192099e-22
4.543606297e-22
4.238267364e-22
4.005252163e-22
3.708793488e-22
3.438463609e-22
3.187644172e-22
2.887552188e-22
2.654309567e-22
2.379264361e-22
2.104188948e-22
1.813112551e-22
1.569484513e-22
1.246793146e-22
9.522379314e-23
7.479948326e-23
4.836194657e-23
2.821252677e-23
1.113548997e-23
2.16491535e-21
2.148330946e-21
2.132309822e-21
2.115084469e-21
2.097323638e-21
2.079717842e-21
2.060800405e-21
2.040963811e-21
2.023341513e-21
2.006458763e-21
1.987507233e-21
1.968867208e-21
1.950056154e-21
1.933266418e-21
1.916132284e-21
1.89792894e-21
1.880362606e-21
1.861796615e-21
1.844508068e-21
1.822806389e-21
1.806735092e-21
1.786143231e-21
1.768915448e-21
1.749708968e-21
1.73026127e-21
1.709654084e-21
1.690474632e-21
1.667570869e-21
1.650753456e-21
1.633517058e-21
1.604779927e-21
1.592199849e-21
1.569262932e-21
1.546546997e-21
1.52760089e-21
1.505585693e-21
1.486240428e-21
1.46576253e-21
1.443183239e-21
1.424852581e-21
1.404060344e-21
1.384157895e-21
1.363160158e-21
1.341748884e-21
1.322138877e-21
1.301151007e-21
1.280415499e-21
1.254860273e-21
1.236470542e-21
1.216137618e-21
1.190160336e-21
1.171734373e-21
1.147454834e-21
1.123370899e-21
1.100935964e-21
1.075211162e-21
1.0565472e-21
1.026324376e-21
1.002892433e-21
9.799318828e-22
9.551550901e-22
9.292927921e-22
9.024503664e-22
8.771843141e-22
8.540939468e-22
8.302681889e-22
8.06693233e-22
7.852310005e-22
7.541978273e-22
7.291127614e-22
7.068341423e-22
6.847109186e-22
6.587831442e-22
6.308083082e-22
6.108868289e-22
5.83087302e-22
5.517864082e-22
5.313361544e-22
5.057725907e-22
4.791471037e-22
4.53520224e-22
4.250651403e-22
3.996970482e-22
3.709039852e-22
3.452707834e-22
3.176360797e-22
2.91378229e-22
2.6626945e-22
2.37911586e-22
2.08496064e-22
1.814402713e-22
1.548294878e-22
1.226403031e-22
9.921711567e-23
7.423041636e-23
4.996055043e-23
2.868408508e-23
1.088597961e-23
2.166480809e-21
2.149258058e-21
2.131967064e-21
2.114745424e-21
2.097651821e-21
2.08034961e-21
2.060735538e-21
2.042972763e-21
2.024030129e-21
2.00643791e-21
1.989187842e-21
1.969604385e-21
1.952504745e-21
1.934563868e-21
1.916718563e-21
1.899527487e-21
1.881121688e-21
1.865049985e-21
1.840918499e-21
1.824998818e-21
1.80772942e-21
1.7877213e-21
1.769320879e-21
1.7508383e-21
1.729265465e-21
1.710973437e-21
1.691754209e-21
1.669176686e-21
1.65182898e-21
1.632337603e-21
1.60935082e-21
1.587394388e-21
1.571169969e-21
1.545874194e-21
1.527520662e-21
1.506593708e-21
1.486904229e-21
1.465267245e-21
1.445814592e-21
1.425730456e-21
1.404859613e-21
1.384339763e-21
1.365457613e-21
1.340845967e-21
1.322460621e-21
1.301886702e-21
1.279114249e-21
1.257835957e-21
1.237899598e-21
1.217733969e-21
1.191199129e-21
1.171964158e-21
1.148633398e-21
1.123170473e-21
1.103033411e-21
1.075286691e-21
1.0556207e-21
1.029030645e-21
1.004525495e-21
9.805612577e-22
9.567301686e-22
9.28382443e-22
9.055764288e-22
8.806503728e-22
8.474155847e-22
8.309004015e-22
8.069016461e-22
7.80724321e-22
7.565940525e-22
7.325875818e-22
7.085302718e-22
6.77832647e-22
6.584111621e-22
6.347552806e-22
6.097041589e-22
5.829667481e-22
5.563376296e-22
5.30068956e-22
5.061450755e-22
4.783480385e-22
4.520174832e-22
4.250469557e-22
4.00003644e-22
3.728212947e-22
3.473087829e-22
3.186523563e-22
2.933638569e-22
2.643455557e-22
2.387489831e-22
2.070080897e-22
1.80201115e-22
1.53429445e-22
1.24284957e-22
9.877051424e-23
7.481804689e-23
5.075685931e-23
2.803940456e-23
1.076691376e-23
2.167856706e-21
2.149826719e-21
2.133292523e-21
2.113828868e-21
2.098219867e-21
2.081145239e-21
2.060179032e-21
2.044040979e-21
2.02557076e-21
2.007969022e-21
1.988897187e-21
1.971630795e-21
1.9537351e-21
1.935679769e-21
1.917915098e-21
1.89981763e-21
1.881630029e-21
1.863465319e-21
1.845709876e-21
1.824987423e-21
1.808196397e-21
1.788965373e-21
1.771269235e-21
1.751589215e-21
1.728208792e-21
1.711918604e-21
1.691767819e-21
1.670671805e-21
1.650368972e-21
1.631676419e-21
1.60913047e-21
1.58950942e-21
1.570140726e-21
1.547661481e-21
1.52861343e-21
1.508303277e-21
1.487316131e-21
1.468614643e-21
1.445358956e-21
1.426813576e-21
1.405750109e-21
1.386170497e-21
1.363056553e-21
1.342866924e-21
1.323956213e-21
1.301453988e-21
1.280039088e-21
1.260009799e-21
1.238785793e-21
1.216677741e-21
1.194522303e-21
1.167446912e-21
1.149555462e-21
1.123562916e-21
1.101361797e-21
1.07809029e-21
1.057076241e-21
1.031930683e-21
1.00597495e-21
9.846900068e-22
9.583102317e-22
9.258661518e-22
9.064010439e-22
8.816617677e-22
8.477809697e-22
8.296633832e-22
8.048561574e-22
7.812964372e-22
7.59587715e-22
7.25426132e-22
7.070553461e-22
6.82117251e-22
6.621149366e-22
6.361950462e-22
6.135613616e-22
5.755047053e-22
5.595585265e-22
5.299230485e-22
5.064671505e-22
4.794571847e-22
4.51938469e-22
4.260748198e-22
4.002417054e-22
3.733420844e-22
3.489144409e-22
3.157362549e-22
2.930425205e-22
2.650260566e-22
2.370837446e-22
2.096418845e-22
1.800235652e-22
1.511516278e-22
1.240869424e-22
1.002724706e-22
7.484945579e-23
5.027537215e-23
2.876595991e-23
1.053561407e-23
2.168017153e-21
2.150820298e-21
2.133121978e-21
2.116997263e-21
2.09917422e-21
2.07991463e-21
2.061294201e-21
2.044975197e-21
2.028066781e-21
2.008730782e-21
1.98911272e-21
1.97240861e-21
1.95487336e-21
1.936587405e-21
1.918992997e-21
1.901407848e-21
1.883195323e-21
1.863650229e-21
1.847603226e-21
1.825070315e-21
1.808181324e-21
1.7884224e-21
1.770144265e-21
1.751277817e-21
1.731722636e-21
1.711898091e-21
1.691397027e-21
1.671851923e-21
1.652003268e-21
1.631631637e-21
1.612056519e-21
1.589344031e-21
1.569070234e-21
1.550691496e-21
1.528866263e-21
1.508193148e-21
1.491053643e-21
1.466173484e-21
1.447916201e-21
1.425780898e-21
1.406680153e-21
1.387822545e-21
1.362417731e-21
1.343825107e-21
1.323654243e-21
1.302922452e-21
1.283128182e-21
1.261015389e-21
1.238059638e-21
1.216277679e-21
1.193244703e-21
1.173066392e-21
1.146689325e-21
1.125475717e-21
1.100442484e-21
1.078157927e-21
1.056220446e-21
1.032750331e-21
1.007427152e-21
9.826415407e-22
9.553738894e-22
9.303556637e-22
9.063947292e-22
8.809661116e-22
8.522727761e-22
8.294673469e-22
8.047864046e-22
7.792730828e-22
7.562270508e-22
7.311359624e-22
7.07632396e-22
6.843761079e-22
6.606156051e-22
6.346440846e-22
6.112442604e-22
5.8767159e-22
5.546690228e-22
5.346409407e-22
5.034793762e-22
4.816458525e-22
4.519311355e-22
4.249273661e-22
3.983236189e-22
3.714969231e-22
3.464510528e-22
3.195961394e-22
2.898287284e-22
2.649198444e-22
2.38024362e-22
2.103977336e-22
1.792097383e-22
1.52456223e-22
1.262849799e-22
1.008440783e-22
7.498133024e-23
4.98804629e-23
2.86064087e-23
1.107764944e-23
2.169240695e-21
2.151896285e-21
2.13550458e-21
2.116871721e-21
2.097567372e-21
2.083018149e-21
2.063276553e-21
2.045140662e-21
2.027751456e-21
2.010147278e-21
1.992781197e-21
1.974439477e-21
1.952397555e-21
1.936778116e-21
1.919804212e-21
1.902186563e-21
1.88388602e-21
1.865308699e-21
1.845241466e-21
1.82707978e-21
1.80883383e-21
1.790059755e-21
1.772096571e-21
1.750720143e-21
1.731688044e-21
1.712481379e-21
1.692072568e-21
1.674531651e-21
1.648941752e-21
1.63359622e-21
1.611584375e-21
1.591168146e-21
1.570880192e-21
1.549875637e-21
1.529229078e-21
1.509997676e-21
1.490781565e-21
1.467378935e-21
1.449458403e-21
1.426718395e-21
1.407538703e-21
1.386173076e-21
1.365657788e-21
1.345383241e-21
1.324440303e-21
1.300632301e-21
1.281873844e-21
1.260771043e-21
1.239281369e-21
1.21738984e-21
1.194009072e-21
1.172759454e-21
1.150982576e-21
1.129237479e-21
1.104590721e-21
1.071151088e-21
1.056094541e-21
1.031847944e-21
1.008969607e-21
9.843160836e-22
9.542059839e-22
9.311288455e-22
9.084926206e-22
8.798911107e-22
8.522368175e-22
8.323574979e-22
8.015190197e-22
7.815103792e-22
7.565902172e-22
7.329364354e-22
7.082827965e-22
6.832912717e-22
6.603118872e-22
6.348814433e-22
6.111226235e-22
5.872776521e-22
5.582687874e-22
5.319079669e-22
5.057200972e-22
4.801917392e-22
4.537721324e-22
4.265857347e-22
4.007730869e-22
3.70223088e-22
3.424094401e-22
3.189764056e-22
2.918420713e-22
2.636303982e-22
2.375411801e-22
2.090130963e-22
1.809842219e-22
1.544873378e-22
1.269475982e-22
1.008072314e-22
7.487986766e-23
5.042375041e-23
2.881165278e-23
1.118808875e-23
2.171197842e-21
2.155576639e-21
2.134535159e-21
2.11340419e-21
2.099950703e-21
2.083210325e-21
2.065408742e-21
2.046624581e-21
2.028604351e-21
2.010809936e-21
1.992335861e-21
1.97447852e-21
1.955913633e-21
1.938725356e-21
1.920115822e-21
1.903121175e-21
1.885771474e-21
1.863554571e-21
1.846217142e-21
1.827986323e-21
1.809188025e-21
1.790660317e-21
1.771646168e-21
1.751962287e-21
1.732520538e-21
1.712545938e-21
1.693008343e-21
1.673010154e-21
1.650642925e-21
1.633149422e-21
1.612328815e-21
1.593259573e-21
1.572648611e-21
1.549851569e-21
1.530550357e-21
1.510869465e-21
1.491200433e-21
1.468841683e-21
1.449480359e-21
1.429085001e-21
1.408719753e-21
1.385458403e-21
1.366687376e-21
1.345003095e-21
1.325028479e-21
1.30303726e-21
1.281269801e-21
1.260661889e-21
1.238565521e-21
1.217576078e-21
1.19513809e-21
1.175448956e-21
1.148670902e-21
1.128353227e-21
1.102928091e-21
1.076674423e-21
1.059112467e-21
1.028335838e-21
1.006411028e-21
9.795735803e-22
9.565072719e-22
9.317787375e-22
9.094667704e-22
8.813017073e-22
8.579001516e-22
8.288971889e-22
8.082141922e-22
7.801278018e-22
7.603366155e-22
7.367076048e-22
7.133238599e-22
6.77901166e-22
6.566583497e-22
6.355355581e-22
6.100849956e-22
5.866831837e-22
5.607944433e-22
5.332187858e-22
5.09919808e-22
4.754920885e-22
4.547799117e-22
4.244071367e-22
4.009146941e-22
3.693105221e-22
3.454871666e-22
3.191671971e-22
2.916883064e-22
2.647228325e-22
2.390114558e-22
2.070232886e-22
1.822693982e-22
1.538006531e-22
1.278967036e-22
1.013623565e-22
7.585256358e-23
4.775319684e-23
2.885688001e-23
1.116368401e-23
2.169861065e-21
2.153486724e-21
2.13716449e-21
2.117238285e-21
2.101180764e-21
2.08435662e-21
2.066093556e-21
2.047899074e-21
2.032781726e-21
2.017984031e-21
1.993437602e-21
1.968905367e-21
1.958578967e-21
1.938703674e-21
1.920769671e-21
1.902915127e-21
1.884555097e-21
1.865334783e-21
1.847798448e-21
1.828481115e-21
1.810710664e-21
1.789347735e-21
1.770974934e-21
1.752749805e-21
1.733993291e-21
1.711355738e-21
1.692465088e-21
1.672884159e-21
1.653687017e-21
1.634536034e-21
1.611503188e-21
1.59375963e-21
1.572539376e-21
1.552174076e-21
1.532232672e-21
1.510989037e-21
1.491201791e-21
1.47055589e-21
1.450345947e-21
1.431197345e-21
1.407523522e-21
1.388615892e-21
1.365068734e-21
1.345152255e-21
1.324767948e-21
1.302958205e-21
1.28234107e-21
1.261464259e-21
1.240608437e-21
1.21845629e-21
1.195382628e-21
1.173245391e-21
1.152864598e-21
1.127640387e-21
1.101446702e-21
1.076902409e-21
1.057395281e-21
1.029243261e-21
1.006432602e-21
9.804135834e-22
9.586498079e-22
9.329507838e-22
9.112869034e-22
8.836033481e-22
8.498409996e-22
8.341265807e-22
8.108559961e-22
7.784368464e-22
7.611013095e-22
7.383053307e-22
7.111894782e-22
6.780010527e-22
6.611216807e-22
6.37152188e-22
6.103718946e-22
5.865644204e-22
5.557415207e-22
5.341161555e-22
5.070861353e-22
4.800180378e-22
4.543118681e-22
4.260582196e-22
4.023598875e-22
3.701070059e-22
3.465441242e-22
3.198949666e-22
2.901329827e-22
2.640699346e-22
2.378049428e-22
2.094919677e-22
1.821623592e-22
1.552401133e-22
1.306866441e-22
9.709422789e-23
7.403519982e-23
5.013598569e-23
2.927923111e-23
1.063035196e-23
2.171451283e-21
2.153527847e-21
2.137020779e-21
2.1197697e-21
2.102706827e-21
2.085005898e-21
2.068362631e-21
2.048865063e-21
2.032505908e-21
2.016663512e-21
1.993333793e-21
1.974219813e-21
1.957840736e-21
1.941003475e-21
1.923359401e-21
1.905781247e-21
1.882538304e-21
1.866996732e-21
1.848639375e-21
1.830649506e-21
1.813213261e-21
1.791485041e-21
1.771393762e-21
1.753353396e-21
1.728316828e-21
1.711360906e-21
1.692974901e-21
1.673993113e-21
1.654353781e-21
1.634442185e-21
1.613566949e-21
1.594074906e-21
1.573176195e-21
1.553284496e-21
1.533002036e-21
1.512059031e-21
1.491544725e-21
1.472046149e-21
1.45071928e-21
1.430607636e-21
1.409932873e-21
1.389132262e-21
1.367868238e-21
1.345107502e-21
1.325467425e-21
1.302895901e-21
1.282025834e-21
1.261500513e-21
1.240726006e-21
1.218580238e-21
1.196071683e-21
1.172469725e-21
1.151891806e-21
1.127500273e-21
1.104964269e-21
1.07577938e-21
1.055159837e-21
1.033998697e-21
1.007914478e-21
9.798646678e-22
9.590087841e-22
9.290194326e-22
9.086144062e-22
8.816113922e-22
8.598677168e-22
8.333129286e-22
8.100226615e-22
7.833222409e-22
7.585478321e-22
7.34125074e-22
7.106145091e-22
6.850899929e-22
6.611629434e-22
6.350758147e-22
6.117752652e-22
5.866439371e-22
5.582995174e-22
5.346445843e-22
5.084672135e-22
4.809955486e-22
4.532414692e-22
4.264260449e-22
4.041529607e-22
3.777031996e-22
3.412865792e-22
3.140818426e-22
2.921581314e-22
2.661730394e-22
2.362974772e-22
2.113213e-22
1.836521349e-22
1.515412911e-22
1.288312428e-22
1.005744573e-22
7.364429883e-23
5.041982125e-23
2.853805306e-23
1.114924922e-23
2.173276989e-21
2.154766658e-21
2.138993386e-21
2.121067248e-21
2.103768827e-21
2.085601271e-21
2.067850771e-21
2.05284688e-21
2.031693877e-21
2.010365191e-21
1.994760982e-21
1.976404764e-21
1.959569252e-21
1.94242468e-21
1.924815819e-21
1.905026112e-21
1.886259263e-21
1.86905264e-21
1.851035884e-21
1.83367087e-21
1.81322269e-21
1.794523423e-21
1.768636969e-21
1.752284779e-21
1.730786626e-21
1.709427184e-21
1.692864303e-21
1.673978525e-21
1.655121158e-21
1.635197992e-21
1.613708555e-21
1.594369275e-21
1.574744278e-21
1.554011322e-21
1.535309094e-21
1.511976222e-21
1.493407131e-21
1.472253132e-21
1.452403428e-21
1.432712686e-21
1.409383043e-21
1.389340556e-21
1.367332883e-21
1.346124888e-21
1.324377069e-21
1.306710324e-21
1.281434494e-21
1.264535378e-21
1.23958637e-21
1.222840448e-21
1.196505771e-21
1.168071557e-21
1.151444657e-21
1.129641677e-21
1.104640553e-21
1.079550969e-21
1.055341074e-21
1.030286755e-21
1.006977087e-21
9.832790044e-22
9.563527749e-22
9.298582261e-22
9.084806041e-22
8.825498583e-22
8.595705852e-22
8.341729539e-22
8.07976394e-22
7.829645456e-22
7.593363008e-22
7.35038798e-22
7.114523167e-22
6.870732249e-22
6.628621149e-22
6.382925358e-22
6.122708042e-22
5.865007551e-22
5.59484238e-22
5.330706636e-22
5.081069663e-22
4.804294455e-22
4.53858329e-22
4.28175102e-22
4.03266357e-22
3.745921257e-22
3.472814895e-22
3.172837072e-22
2.8732827e-22
2.655551984e-22
2.390945003e-22
2.09450548e-22
1.826778672e-22
1.54816313e-22
1.282587661e-22
1.020068517e-22
7.332425498e-23
4.985435553e-23
2.758060168e-23
1.121497372e-23
2.175781808e-21
2.158393654e-21
2.139395602e-21
2.122054029e-21
2.103577698e-21
2.088260606e-21
2.066380954e-21
2.047675545e-21
2.029327931e-21
2.011924787e-21
1.996024185e-21
1.979106009e-21
1.960231779e-21
1.944081009e-21
1.924014999e-21
1.906369789e-21
1.888686296e-21
1.870520326e-21
1.851134738e-21
1.833142648e-21
1.814416767e-21
1.79581348e-21
1.776139156e-21
1.750445403e-21
1.73267212e-21
1.709498641e-21
1.692059348e-21
1.673024401e-21
1.653859952e-21
1.635152241e-21
1.615375049e-21
1.59542011e-21
1.576606493e-21
1.55287314e-21
1.534914632e-21
1.515004788e-21
1.492362877e-21
1.473569538e-21
1.453878091e-21
1.431854383e-21
1.412555085e-21
1.391236319e-21
1.368847455e-21
1.344555577e-21
1.326086788e-21
1.304670592e-21
1.284251329e-21
1.263044548e-21
1.240603409e-21
1.219185182e-21
1.197130832e-21
1.174355058e-21
1.152739873e-21
1.129714948e-21
1.104383757e-21
1.0819081e-21
1.054583576e-21
1.031199986e-21
1.005223522e-21
9.811064561e-22
9.565613417e-22
9.330729046e-22
9.085431138e-22
8.850858194e-22
8.585742649e-22
8.333368965e-22
8.08148734e-22
7.848575152e-22
7.599004267e-22
7.368095619e-22
7.103698572e-22
6.87880414e-22
6.632298706e-22
6.381121639e-22
6.134226071e-22
5.89135714e-22
5.621757231e-22
5.296138591e-22
5.070902535e-22
4.806764496e-22
4.545544776e-22
4.290571064e-22
4.035096144e-22
3.733492596e-22
3.442748486e-22
3.174555062e-22
2.920539901e-22
2.674318056e-22
2.343832662e-22
2.106606796e-22
1.820434618e-22
1.551300216e-22
1.278189904e-22
1.008328637e-22
7.499998798e-23
5.122626088e-23
2.803570518e-23
1.122757693e-23
2.178649079e-21
2.158508303e-21
2.14111377e-21
2.12383938e-21
2.100457384e-21
2.08278209e-21
2.065211776e-21
2.04850503e-21
2.03138304e-21
2.014367034e-21
1.997280971e-21
1.979764155e-21
1.960595342e-21
1.944330353e-21
1.926129794e-21
1.907989094e-21
1.889751761e-21
1.87159145e-21
1.852407105e-21
1.833813208e-21
1.814869308e-21
1.79680795e-21
1.776285611e-21
1.756384562e-21
1.734253363e-21
1.706123227e-21
1.692748096e-21
1.672389363e-21
1.653720122e-21
1.635747218e-21
1.615880245e-21
1.596049219e-21
1.576394665e-21
1.555702624e-21
1.535522648e-21
1.516261061e-21
1.494037679e-21
1.472847055e-21
1.454073478e-21
1.433865746e-21
1.411597285e-21
1.393552864e-21
1.369886148e-21
1.349285318e-21
1.326911356e-21
1.30333539e-21
1.283319834e-21
1.263080874e-21
1.24114627e-21
1.221366326e-21
1.200525416e-21
1.173557228e-21
1.156146593e-21
1.130830669e-21
1.101175787e-21
1.080858197e-21
1.05503242e-21
1.0322478e-21
1.006168504e-21
9.788592143e-22
9.574672009e-22
9.332702399e-22
9.098626097e-22
8.857567772e-22
8.592675704e-22
8.358499335e-22
8.042335559e-22
7.860844364e-22
7.613069527e-22
7.343625821e-22
7.125237629e-22
6.894409421e-22
6.63602559e-22
6.381306989e-22
6.13938718e-22
5.891113787e-22
5.600606544e-22
5.326443524e-22
5.065584757e-22
4.804956734e-22
4.540601107e-22
4.286200399e-22
4.020596982e-22
3.761982912e-22
3.494061563e-22
3.14363078e-22
2.912823995e-22
2.651389306e-22
2.373563276e-22
2.108016258e-22
1.841831204e-22
1.562688854e-22
1.258924302e-22
9.899898151e-23
7.541738213e-23
5.111380212e-23
2.908293094e-23
1.106992746e-23
2.1803468e-21
2.160629215e-21
2.137187779e-21
2.120919772e-21
2.101576152e-21
2.082694182e-21
2.063499671e-21
2.048738077e-21
2.03215611e-21
2.01580272e-21
1.998113736e-21
1.982235192e-21
1.961879172e-21
1.946252345e-21
1.926858435e-21
1.909148284e-21
1.890573996e-21
1.871619778e-21
1.853262762e-21
1.83499447e-21
1.816131444e-21
1.797213442e-21
1.778885711e-21
1.756251385e-21
1.737593874e-21
1.706073748e-21
1.69344825e-21
1.670463971e-21
1.654193357e-21
1.636355242e-21
1.61677845e-21
1.598230544e-21
1.578327778e-21
1.555565325e-21
1.536140326e-21
1.515286134e-21
1.495061838e-21
1.474236979e-21
1.453998364e-21
1.433412718e-21
1.413277689e-21
1.391023266e-21
1.371174398e-21
1.351578871e-21
1.331099579e-21
1.306804361e-21
1.285557904e-21
1.259224139e-21
1.242854526e-21
1.222115849e-21
1.201331318e-21
1.17807183e-21
1.150424177e-21
1.13273936e-21
1.102639586e-21
1.08372603e-21
1.052044368e-21
1.031890667e-21
1.00436433e-21
9.829176879e-22
9.601260815e-22
9.30127281e-22
9.081742161e-22
8.8443676e-22
8.594044169e-22
8.342224457e-22
8.085266729e-22
7.87621142e-22
7.648639784e-22
7.341122283e-22
7.149914719e-22
6.901215801e-22
6.607439643e-22
6.365205665e-22
6.138329027e-22
5.882415995e-22
5.65280242e-22
5.316948377e-22
5.086609857e-22
4.767904457e-22
4.555706171e-22
4.288545975e-22
4.024386622e-22
3.786534126e-22
3.416947194e-22
3.200188766e-22
2.927727941e-22
2.645777104e-22
2.397839033e-22
2.098038288e-22
1.815557138e-22
1.550043742e-22
1.27825925e-22
9.921272009e-23
7.563049e-23
5.120830743e-23
2.905368545e-23
1.123895589e-23
2.182873901e-21
2.16154742e-21
2.132883942e-21
2.120401329e-21
2.098268331e-21
2.083620552e-21
2.06683431e-21
2.050791544e-21
2.032978271e-21
2.017296676e-21
1.99948687e-21
1.982220705e-21
1.96439574e-21
1.946807351e-21
1.928645434e-21
1.910538228e-21
1.891356349e-21
1.873597106e-21
1.85404721e-21
1.838050035e-21
1.815031654e-21
1.796206449e-21
1.779136156e-21
1.757822893e-21
1.73916064e-21
1.708218938e-21
1.688798065e-21
1.673898124e-21
1.654067748e-21
1.637074507e-21
1.61832622e-21
1.599108274e-21
1.578635632e-21
1.556090607e-21
1.537033263e-21
1.517588986e-21
1.494844376e-21
1.475466955e-21
1.452683489e-21
1.434027858e-21
1.413697099e-21
1.392714122e-21
1.372815957e-21
1.352769395e-21
1.329219844e-21
1.307614032e-21
1.286777433e-21
1.263902681e-21
1.243314199e-21
1.221377579e-21
1.200631748e-21
1.178713478e-21
1.151061304e-21
1.130830882e-21
1.107099986e-21
1.0777314e-21
1.055328324e-21
1.033223073e-21
1.01030229e-21
9.842364968e-22
9.584217941e-22
9.310947431e-22
9.085809799e-22
8.840511137e-22
8.582591766e-22
8.356332584e-22
8.068102802e-22
7.872683717e-22
7.632374364e-22
7.384751184e-22
7.157678772e-22
6.882653417e-22
6.604525008e-22
6.382294767e-22
6.132885752e-22
5.865468891e-22
5.609233462e-22
5.356471814e-22
5.096971241e-22
4.792905512e-22
4.554694547e-22
4.28697304e-22
4.021987418e-22
3.758242794e-22
3.47020617e-22
3.21827394e-22
2.934790503e-22
2.628092194e-22
2.386326613e-22
2.111906952e-22
1.843301629e-22
1.570117383e-22
1.236194607e-22
9.960428545e-23
7.523562865e-23
5.121010024e-23
2.910082524e-23
1.11566694e-23
2.182446918e-21
2.164376632e-21
2.133916829e-21
2.117789098e-21
2.099853125e-21
2.085736055e-21
2.067191557e-21
2.051750015e-21
2.035076065e-21
2.018482438e-21
2.001235293e-21
1.984607574e-21
1.964812862e-21
1.948407732e-21
1.929236398e-21
1.90941295e-21
1.892681689e-21
1.8734039e-21
1.85543226e-21
1.838461105e-21
1.817900058e-21
1.798363172e-21
1.77861739e-21
1.759269468e-21
1.735149504e-21
1.711768789e-21
1.688371923e-21
1.67414004e-21
1.656276797e-21
1.638385733e-21
1.620802776e-21
1.597546929e-21
1.577659663e-21
1.558407714e-21
1.538504438e-21
1.517273301e-21
1.496214693e-21
1.476082252e-21
1.455610973e-21
1.435345352e-21
1.414410824e-21
1.393122539e-21
1.373097559e-21
1.352430504e-21
1.330665507e-21
1.308843088e-21
1.287115162e-21
1.266151838e-21
1.247236798e-21
1.220387443e-21
1.199214176e-21
1.175551751e-21
1.154916548e-21
1.128118518e-21
1.105212172e-21
1.081398213e-21
1.058072697e-21
1.037236257e-21
1.009095869e-21
9.891097129e-22
9.512566547e-22
9.319077395e-22
9.093616464e-22
8.833750509e-22
8.600035725e-22
8.35788013e-22
8.082999014e-22
7.851037377e-22
7.633378593e-22
7.405691887e-22
7.157996364e-22
6.853705787e-22
6.633844291e-22
6.394100287e-22
6.138792964e-22
5.880074646e-22
5.56966129e-22
5.348539908e-22
5.08409584e-22
4.82265551e-22
4.56806383e-22
4.308622803e-22
4.024013729e-22
3.743285591e-22
3.485288753e-22
3.205825316e-22
2.93796885e-22
2.655723643e-22
2.370290255e-22
2.119630906e-22
1.820637651e-22
1.556134977e-22
1.268425103e-22
1.005752317e-22
7.550776387e-23
5.096895947e-23
2.916264191e-23
1.075335063e-23
2.180281942e-21
2.161347454e-21
2.139167698e-21
2.119593989e-21
2.101367261e-21
2.085753262e-21
2.069067896e-21
2.052874052e-21
2.036355525e-21
2.018564081e-21
2.002284379e-21
1.983907882e-21
1.966535878e-21
1.948827404e-21
1.930726854e-21
1.911980706e-21
1.893159155e-21
1.875597677e-21
1.85464657e-21
1.838245048e-21
1.818638632e-21
1.801391988e-21
1.777254624e-21
1.759844467e-21
1.734908155e-21
1.710998544e-21
1.694854623e-21
1.673146125e-21
1.656774929e-21
1.638962545e-21
1.620218057e-21
1.598975939e-21
1.579278524e-21
1.559321284e-21
1.539310704e-21
1.51925424e-21
1.496118019e-21
1.477694254e-21
1.457916903e-21
1.43625214e-21
1.413897745e-21
1.395605306e-21
1.373134184e-21
1.353180704e-21
1.328836563e-21
1.310465209e-21
1.289128983e-21
1.264073823e-21
1.246079735e-21
1.224133846e-21
1.200580612e-21
1.177575087e-21
1.153235109e-21
1.133316603e-21
1.104304063e-21
1.081549449e-21
1.056281728e-21
1.03524255e-21
1.013805838e-21
9.897013004e-22
9.536246989e-22
9.303029858e-22
9.091202264e-22
8.875606816e-22
8.596943159e-22
8.316458386e-22
8.10873735e-22
7.854638099e-22
7.638101623e-22
7.41411003e-22
7.119937928e-22
6.866994833e-22
6.650469592e-22
6.411868112e-22
6.130225961e-22
5.845492252e-22
5.612859732e-22
5.356786739e-22
5.079340205e-22
4.837474427e-22
4.58351236e-22
4.293924956e-22
4.06207137e-22
3.727596746e-22
3.479055245e-22
3.228000569e-22
2.896895438e-22
2.667347615e-22
2.373668699e-22
2.112665542e-22
1.828621613e-22
1.5487112e-22
1.286504485e-22
9.97657708e-23
7.544083782e-23
5.119171125e-23
2.925398289e-23
1.063948275e-23
2.182576854e-21
2.161318182e-21
2.145295882e-21
2.120527017e-21
2.100634562e-21
2.086653981e-21
2.069436767e-21
2.053920281e-21
2.036659309e-21
2.020761333e-21
2.002353567e-21
1.985218947e-21
1.967177175e-21
1.948969972e-21
1.930441304e-21
1.912734053e-21
1.89469948e-21
1.876145297e-21
1.858487037e-21
1.837145643e-21
1.820618942e-21
1.798871568e-21
1.779725873e-21
1.753139816e-21
1.736089487e-21
1.713997658e-21
1.695952887e-21
1.678317648e-21
1.657669177e-21
1.640341116e-21
1.620908245e-21
1.600834782e-21
1.580997835e-21
1.562513539e-21
1.536878428e-21
1.519269804e-21
1.498944892e-21
1.478401958e-21
1.456888268e-21
1.437063864e-21
1.415396103e-21
1.395501802e-21
1.374152111e-21
1.352445694e-21
1.33119482e-21
1.308696828e-21
1.288379159e-21
1.266922707e-21
1.246220594e-21
1.224702711e-21
1.201487441e-21
1.179578773e-21
1.155042597e-21
1.132442e-21
1.103332956e-21
1.083070909e-21
1.06083897e-21
1.026259696e-21
1.009089267e-21
9.880411544e-22
9.568317472e-22
9.36962341e-22
9.133846054e-22
8.89480293e-22
8.626299598e-22
8.298652643e-22
8.129725795e-22
7.879173956e-22
7.638222458e-22
7.368949976e-22
7.127775893e-22
6.864691124e-22
6.646776981e-22
6.385040924e-22
6.140446075e-22
5.873171118e-22
5.619365104e-22
5.359953746e-22
5.088791869e-22
4.836148351e-22
4.579443547e-22
4.301898719e-22
4.042471947e-22
3.770104033e-22
3.496196647e-22
3.189723921e-22
2.949743929e-22
2.630045561e-22
2.380551165e-22
2.110109572e-22
1.825422327e-22
1.557260863e-22
1.283960649e-22
1.010395958e-22
7.542885845e-23
5.141937738e-23
2.911771833e-23
1.094584303e-23
2.181708292e-21
2.164733685e-21
2.14552551e-21
2.126329778e-21
2.107832085e-21
2.085628157e-21
2.069735324e-21
2.053343171e-21
2.037923531e-21
2.021863501e-21
2.004103707e-21
1.986601483e-21
1.967904318e-21
1.947807882e-21
1.932180148e-21
1.912786032e-21
1.895448242e-21
1.877699176e-21
1.857051306e-21
1.839396349e-21
1.819067398e-21
1.799710189e-21
1.774286625e-21
1.758350256e-21
1.73666796e-21
1.715408924e-21
1.699208084e-21
1.681352493e-21
1.658698158e-21
1.641572628e-21
1.622207006e-21
1.602132667e-21
1.5816574e-21
1.561083658e-21
1.54039607e-21
1.519490982e-21
1.499370864e-21
1.479336018e-21
1.459609418e-21
1.434716506e-21
1.416318123e-21
1.396029023e-21
1.375051623e-21
1.353226106e-21
1.329823556e-21
1.310297361e-21
1.289574636e-21
1.26891426e-21
1.246022046e-21
1.224782677e-21
1.203418744e-21
1.183352946e-21
1.153894977e-21
1.129862552e-21
1.108179437e-21
1.08414349e-21
1.05118157e-21
1.028386934e-21
1.00812746e-21
9.875458809e-22
9.589446321e-22
9.375250559e-22
9.138087688e-22
8.895479346e-22
8.629428759e-22
8.369793401e-22
8.149711036e-22
7.92822218e-22
7.567672361e-22
7.371197261e-22
7.133309048e-22
6.890120042e-22
6.667031218e-22
6.34965561e-22
6.148274746e-22
5.879392582e-22
5.618889815e-22
5.360395628e-22
5.100342298e-22
4.842748376e-22
4.5810168e-22
4.313617397e-22
4.044235148e-22
3.77209681e-22
3.458359579e-22
3.213481359e-22
2.93857019e-22
2.653148481e-22
2.38378099e-22
2.112242084e-22
1.836966326e-22
1.565570254e-22
1.267260285e-22
1.015292601e-22
7.601614861e-23
5.058786783e-23
2.913056491e-23
1.116374289e-23
2.182496654e-21
2.16393526e-21
2.146334492e-21
2.128063936e-21
2.108362708e-21
2.090844187e-21
2.072750654e-21
2.055549646e-21
2.037770452e-21
2.022900178e-21
2.004695581e-21
1.985015529e-21
1.968190325e-21
1.949778028e-21
1.932329702e-21
1.913883385e-21
1.895752617e-21
1.877757342e-21
1.856832647e-21
1.83801012e-21
1.818789609e-21
1.79950308e-21
1.777134317e-21
1.760179692e-21
1.739431599e-21
1.719139007e-21
1.701782271e-21
1.682093824e-21
1.65981118e-21
1.643359966e-21
1.624011731e-21
1.602681288e-21
1.581616786e-21
1.56172057e-21
1.541583536e-21
1.520702752e-21
1.500301339e-21
1.47952665e-21
1.459494141e-21
1.437985099e-21
1.414725916e-21
1.396535504e-21
1.374681565e-21
1.353210765e-21
1.331445325e-21
1.311250508e-21
1.291191868e-21
1.267553129e-21
1.246492726e-21
1.226252868e-21
1.203389343e-21
1.182654689e-21
1.15633038e-21
1.135736965e-21
1.114311931e-21
1.084533608e-21
1.049640158e-21
1.02367216e-21
1.011758083e-21
9.832504937e-22
9.592527977e-22
9.389945816e-22
9.145747898e-22
8.885362867e-22
8.663770307e-22
8.363325247e-22
8.160908348e-22
7.876243027e-22
7.61588052e-22
7.362924518e-22
7.140153066e-22
6.891002843e-22
6.649074248e-22
6.390072518e-22
6.146583285e-22
5.900433387e-22
5.662689391e-22
5.324970777e-22
5.088476912e-22
4.850996288e-22
4.594252982e-22
4.294134676e-22
4.051435123e-22
3.747098462e-22
3.476166281e-22
3.215203679e-22
2.941814491e-22
2.673293432e-22
2.388196259e-22
2.121721357e-22
1.836248671e-22
1.557065769e-22
1.277053457e-22
1.007368814e-22
7.546967382e-23
5.127346232e-23
2.897651393e-23
1.105904355e-23
2.1830764e-21
2.16404067e-21
2.148824868e-21
2.127314682e-21
2.111501472e-21
2.09387424e-21
2.076744736e-21
2.054379558e-21
2.040328907e-21
2.025382299e-21
2.003417555e-21
1.985775473e-21
1.967797628e-21
1.95034709e-21
1.933003654e-21
1.914397925e-21
1.896422338e-21
1.876296279e-21
1.858282979e-21
1.837003806e-21
1.819595153e-21
1.798662315e-21
1.780846971e-21
1.761651625e-21
1.741132437e-21
1.721978218e-21
1.703667394e-21
1.682754817e-21
1.663707926e-21
1.644850847e-21
1.62470429e-21
1.601967105e-21
1.582980221e-21
1.563182566e-21
1.543386169e-21
1.519819777e-21
1.501638459e-21
1.478288348e-21
1.459222345e-21
1.438378004e-21
1.416840424e-21
1.39715417e-21
1.375741259e-21
1.354978952e-21
1.335453032e-21
1.315246352e-21
1.292493844e-21
1.262728767e-21
1.243563261e-21
1.22700573e-21
1.206865557e-21
1.179629665e-21
1.159309087e-21
1.138434467e-21
1.117134031e-21
1.084578839e-21
1.045774906e-21
1.026679023e-21
1.008072397e-21
9.880641998e-22
9.596055251e-22
9.396325868e-22
9.146412583e-22
8.857529932e-22
8.661969687e-22
8.409143036e-22
8.147502106e-22
7.876311582e-22
7.622974711e-22
7.378683978e-22
7.150958053e-22
6.908735286e-22
6.620981556e-22
6.398232374e-22
6.142677192e-22
5.898634281e-22
5.640564208e-22
5.368738035e-22
5.100137195e-22
4.858926545e-22
4.592504268e-22
4.317251342e-22
4.028863597e-22
3.74705921e-22
3.495735868e-22
3.226906333e-22
2.957660975e-22
2.689017436e-22
2.377716125e-22
2.085654231e-22
1.840472952e-22
1.566659047e-22
1.275832355e-22
1.012705181e-22
7.408772013e-23
5.130871257e-23
2.922534381e-23
1.111155661e-23
2.183488611e-21
2.165396387e-21
2.147110327e-21
2.130492989e-21
2.113100571e-21
2.095274394e-21
2.075412584e-21
2.05926352e-21
2.042013581e-21
2.023227946e-21
2.005307188e-21
1.988205135e-21
1.968938564e-21
1.950636668e-21
1.933599909e-21
1.91676384e-21
1.894258204e-21
1.87703477e-21
1.858985985e-21
1.837259277e-21
1.820578978e-21
1.802053894e-21
1.779751725e-21
1.762843754e-21
1.743622585e-21
1.724632195e-21
1.70483587e-21
1.684453693e-21
1.662449988e-21
1.64469918e-21
1.625005955e-21
1.604918856e-21
1.584758168e-21
1.563478642e-21
1.54094711e-21
1.521511377e-21
1.501596163e-21
1.481080639e-21
1.459815379e-21
1.439726191e-21
1.419354388e-21
1.396183326e-21
1.375617849e-21
1.355834386e-21
1.334505377e-21
1.313479631e-21
1.290945638e-21
1.266019156e-21
1.247641884e-21
1.227781449e-21
1.207060924e-21
1.176854978e-21
1.1592159e-21
1.13448153e-21
1.112672829e-21
1.087613463e-21
1.060221025e-21
1.033082742e-21
1.00258891e-21
9.872689577e-22
9.647578574e-22
9.431982528e-22
9.111670278e-22
8.884194137e-22
8.666211295e-22
8.335237651e-22
8.138567723e-22
7.885438727e-22
7.636191437e-22
7.402439305e-22
7.141707396e-22
6.916069973e-22
6.64392984e-22
6.38400542e-22
6.147337707e-22
5.906288075e-22
5.653250323e-22
5.371765831e-22
5.139069093e-22
4.828823084e-22
4.596921192e-22
4.297951053e-22
4.040804986e-22
3.76631412e-22
3.503981186e-22
3.230605525e-22
2.960914171e-22
2.670679809e-22
2.351201172e-22
2.113250699e-22
1.857916221e-22
1.556031801e-22
1.292258171e-22
1.002487909e-22
7.340238416e-23
5.143919817e-23
2.952067182e-23
1.066642797e-23
2.184862355e-21
2.166006784e-21
2.147311868e-21
2.131221222e-21
2.114165237e-21
2.094868697e-21
2.078116295e-21
2.060923563e-21
2.041178407e-21
2.024750113e-21
2.00640808e-21
1.988160711e-21
1.970394341e-21
1.952159321e-21
1.933677729e-21
1.915946052e-21
1.895974291e-21
1.877981368e-21
1.858899667e-21
1.840433249e-21
1.820907934e-21
1.802209797e-21
1.782269137e-21
1.762855435e-21
1.745003312e-21
1.726164415e-21
1.70408439e-21
1.684926752e-21
1.665537029e-21
1.645902074e-21
1.625386209e-21
1.605618991e-21
1.585012304e-21
1.564589144e-21
1.544109904e-21
1.522002536e-21
1.500647577e-21
1.482066928e-21
1.46032043e-21
1.440060745e-21
1.419514953e-21
1.397384322e-21
1.376421855e-21
1.356301427e-21
1.33428268e-21
1.313197213e-21
1.290784767e-21
1.268749224e-21
1.249003994e-21
1.228064512e-21
1.203090002e-21
1.180835639e-21
1.15812228e-21
1.136091555e-21
1.111533271e-21
1.088385949e-21
1.060760897e-21
1.039960419e-21
1.00419446e-21
9.89450027e-22
9.679291065e-22
9.389759926e-22
9.155756759e-22
8.909805899e-22
8.67857668e-22
8.304873573e-22
8.138754304e-22
7.875859618e-22
7.623110587e-22
7.380829456e-22
7.14778029e-22
6.911583189e-22
6.663845669e-22
6.398702788e-22
6.163401167e-22
5.905488436e-22
5.633574529e-22
5.38124105e-22
5.120606627e-22
4.865221726e-22
4.597375212e-22
4.347118544e-22
4.032037609e-22
3.745111807e-22
3.500575657e-22
3.228665803e-22
2.933590223e-22
2.667196047e-22
2.38461481e-22
2.114120303e-22
1.846921288e-22
1.562626693e-22
1.286188746e-22
1.010139548e-22
7.527858064e-23
5.130134023e-23
2.87704612e-23
1.098507105e-23
2.187073771e-21
2.166422405e-21
2.147758096e-21
2.131484136e-21
2.114882116e-21
2.09642721e-21
2.07904041e-21
2.061772433e-21
2.044110761e-21
2.02367158e-21
2.007606916e-21
1.990121035e-21
1.971136816e-21
1.953619978e-21
1.933149302e-21
1.915735737e-21
1.897701278e-21
1.878802785e-21
1.861350783e-21
1.840910172e-21
1.822693029e-21
1.802284847e-21
1.783743181e-21
1.765049152e-21
1.743856499e-21
1.726021007e-21
1.706164869e-21
1.686869409e-21
1.665636691e-21
1.647224005e-21
1.62535169e-21
1.605420816e-21
1.586148383e-21
1.56525263e-21
1.543687999e-21
1.522664557e-21
1.502876947e-21
1.482147614e-21
1.461628953e-21
1.440600318e-21
1.420185631e-21
1.399025532e-21
1.37749708e-21
1.356115888e-21
1.336039634e-21
1.313960294e-21
1.292883704e-21
1.271120347e-21
1.248035204e-21
1.224362496e-21
1.204938135e-21
1.180538253e-21
1.157899464e-21
1.135065084e-21
1.113206092e-21
1.085282149e-21
1.063532506e-21
1.039702285e-21
1.014036946e-21
9.899756573e-22
9.682765221e-22
9.406825375e-22
9.166378123e-22
8.935633347e-22
8.670503989e-22
8.335317458e-22
8.080087062e-22
7.869959274e-22
7.625854806e-22
7.390268869e-22
7.156801419e-22
6.898222723e-22
6.65679329e-22
6.416933314e-22
6.168134115e-22
5.906685524e-22
5.648723991e-22
5.391121757e-22
5.131258398e-22
4.844907794e-22
4.593717519e-22
4.330442924e-22
4.067797279e-22
3.770313525e-22
3.488878512e-22
3.190394464e-22
2.943095095e-22
2.667653638e-22
2.398019447e-22
2.127214618e-22
1.844028797e-22
1.562935273e-22
1.279911684e-22
1.015173026e-22
7.533383278e-23
5.124611099e-23
2.942580195e-23
1.078591893e-23
2.184624572e-21
2.166018595e-21
2.150807306e-21
2.133098717e-21
2.115251057e-21
2.097187855e-21
2.080441816e-21
2.062053193e-21
2.044813795e-21
2.026703943e-21
2.008354474e-21
1.990901961e-21
1.972641469e-21
1.953829299e-21
1.935164325e-21
1.917069179e-21
1.898865719e-21
1.882547568e-21
1.856982246e-21
1.841089996e-21
1.823920147e-21
1.80209612e-21
1.785377388e-21
1.765358003e-21
1.745657558e-21
1.726786329e-21
1.707942146e-21
1.68533669e-21
1.666585544e-21
1.647683849e-21
1.626704436e-21
1.607051732e-21
1.586127804e-21
1.566547699e-21
1.544530119e-21
1.525107041e-21
1.504328432e-21
1.483399134e-21
1.463152904e-21
1.43854392e-21
1.421394722e-21
1.400166317e-21
1.377932666e-21
1.35765054e-21
1.335657648e-21
1.314256679e-21
1.293584217e-21
1.272637576e-21
1.250896501e-21
1.222987535e-21
1.203992732e-21
1.182239835e-21
1.158816718e-21
1.136526137e-21
1.11411506e-21
1.084668604e-21
1.063649192e-21
1.041609052e-21
1.0155695e-21
9.935907884e-22
9.699210836e-22
9.406095006e-22
9.162552105e-22
8.933084132e-22
8.611303998e-22
8.358689968e-22
8.059117244e-22
7.877214469e-22
7.636329718e-22
7.399066384e-22
7.164667166e-22
6.919868325e-22
6.71141466e-22
6.385987114e-22
6.173034274e-22
5.928077988e-22
5.672819287e-22
5.374414709e-22
5.162127823e-22
4.819961528e-22
4.566602091e-22
4.332934734e-22
4.046304349e-22
3.793899379e-22
3.521461004e-22
3.194208512e-22
2.958565158e-22
2.639611322e-22
2.406262118e-22
2.140639057e-22
1.842247707e-22
1.541493137e-22
1.286143761e-22
1.01282777e-22
7.570140791e-23
5.201749247e-23
2.854549086e-23
1.105588476e-23
2.186387439e-21
2.169985933e-21
2.151231298e-21
2.136013185e-21
2.114627156e-21
2.097152843e-21
2.081242478e-21
2.063741632e-21
2.045966898e-21
2.027928089e-21
2.009878024e-21
1.991925955e-21
1.973123806e-21
1.954313874e-21
1.936455281e-21
1.918270239e-21
1.901074113e-21
1.878659457e-21
1.861575e-21
1.842851809e-21
1.821833685e-21
1.803938517e-21
1.785605874e-21
1.766332661e-21
1.746322529e-21
1.726476704e-21
1.707686105e-21
1.688220819e-21
1.667728594e-21
1.646475183e-21
1.627784135e-21
1.607800724e-21
1.587775143e-21
1.566644882e-21
1.547226476e-21
1.525431317e-21
1.505424336e-21
1.484677076e-21
1.465677596e-21
1.441065518e-21
1.421633932e-21
1.398821479e-21
1.379160224e-21
1.359095768e-21
1.337123811e-21
1.315531456e-21
1.293652872e-21
1.268817626e-21
1.250523537e-21
1.228502779e-21
1.206126582e-21
1.183428829e-21
1.161115529e-21
1.133558689e-21
1.113033543e-21
1.088035656e-21
1.065096773e-21
1.041694394e-21
1.017672296e-21
9.94023648e-22
9.662963652e-22
9.416170337e-22
9.16612786e-22
8.925936827e-22
8.592071048e-22
8.335997505e-22
8.11259779e-22
7.885745185e-22
7.655707019e-22
7.376737594e-22
7.171233445e-22
6.930699067e-22
6.689796217e-22
6.416720024e-22
6.181109228e-22
5.917865368e-22
5.6615414e-22
5.401850303e-22
5.125312063e-22
4.85337473e-22
4.579456445e-22
4.327921775e-22
4.0723233e-22
3.785007488e-22
3.507026355e-22
3.199458299e-22
2.952467994e-22
2.677940622e-22
2.410946327e-22
2.132188562e-22
1.811357456e-22
1.564812752e-22
1.298852321e-22
1.005475308e-22
7.595758249e-23
5.118270372e-23
2.921945559e-23
1.120176423e-23
2.187969755e-21
2.171238536e-21
2.153349148e-21
2.136887632e-21
2.120064961e-21
2.095250832e-21
2.082624714e-21
2.065121151e-21
2.047523865e-21
2.029142882e-21
2.01041489e-21
1.993650047e-21
1.973090504e-21
1.955790929e-21
1.936905031e-21
1.918979916e-21
1.899670161e-21
1.881728354e-21
1.861427814e-21
1.842179517e-21
1.823873934e-21
1.805118571e-21
1.786437456e-21
1.767260769e-21
1.747885418e-21
1.727821252e-21
1.706757769e-21
1.68851625e-21
1.668037029e-21
1.648379688e-21
1.62803077e-21
1.608994179e-21
1.589386232e-21
1.567643955e-21
1.547420901e-21
1.526630329e-21
1.506109525e-21
1.487531571e-21
1.462220541e-21
1.444447292e-21
1.422189191e-21
1.401044047e-21
1.379905715e-21
1.361324161e-21
1.34139616e-21
1.317077679e-21
1.287782618e-21
1.273736876e-21
1.253111053e-21
1.23056144e-21
1.206727417e-21
1.18168332e-21
1.159158853e-21
1.136614866e-21
1.113852785e-21
1.089450791e-21
1.067236166e-21
1.041496254e-21
1.015636141e-21
9.934027161e-22
9.681289087e-22
9.409922968e-22
9.173292409e-22
8.909081874e-22
8.544995844e-22
8.354978272e-22
8.139730976e-22
7.898063698e-22
7.646643752e-22
7.426315419e-22
7.184732241e-22
6.921962233e-22
6.674443616e-22
6.429656017e-22
6.173722545e-22
5.920221149e-22
5.665526112e-22
5.416715487e-22
5.169341522e-22
4.81278931e-22
4.595846933e-22
4.325719614e-22
4.060190271e-22
3.774753554e-22
3.503712075e-22
3.230235599e-22
2.945592246e-22
2.674633885e-22
2.401203832e-22
2.121584803e-22
1.835578507e-22
1.566720232e-22
1.293209674e-22
1.020526172e-22
7.593485187e-23
5.155697701e-23
2.92501286e-23
1.104203493e-23
2.189343245e-21
2.173068283e-21
2.153638223e-21
2.136448124e-21
2.119159221e-21
2.100821041e-21
2.082716595e-21
2.066123521e-21
2.049055665e-21
2.032450321e-21
2.008514802e-21
1.994396346e-21
1.975597261e-21
1.957826338e-21
1.939730626e-21
1.919985087e-21
1.90134329e-21
1.883311649e-21
1.857398019e-21
1.842723922e-21
1.824577442e-21
1.806341482e-21
1.786592452e-21
1.767937777e-21
1.749275203e-21
1.730006839e-21
1.711490211e-21
1.686950353e-21
1.669334666e-21
1.648427806e-21
1.630001783e-21
1.606912322e-21
1.590506991e-21
1.568057974e-21
1.549203433e-21
1.527489416e-21
1.506833772e-21
1.484746168e-21
1.463674828e-21
1.444171665e-21
1.423615558e-21
1.402587413e-21
1.382009219e-21
1.361386634e-21
1.341362653e-21
1.316881629e-21
1.293746363e-21
1.277027951e-21
1.256281171e-21
1.233634469e-21
1.204517301e-21
1.183095455e-21
1.160419088e-21
1.141955444e-21
1.114765869e-21
1.083985695e-21
1.064193915e-21
1.041317064e-21
1.016366833e-21
9.924748732e-22
9.691605523e-22
9.453740524e-22
9.093792198e-22
8.891438274e-22
8.591204663e-22
8.384050343e-22
8.171639149e-22
7.850361496e-22
7.6660639e-22
7.438720744e-22
7.19154228e-22
6.935598745e-22
6.663622101e-22
6.43429839e-22
6.180075431e-22
5.924039806e-22
5.664292586e-22
5.406605694e-22
5.146968552e-22
4.868882824e-22
4.601969892e-22
4.344147442e-22
4.044220604e-22
3.781821922e-22
3.506366821e-22
3.218423348e-22
2.94840007e-22
2.678861167e-22
2.406199398e-22
2.126241778e-22
1.829701576e-22
1.566669261e-22
1.31130355e-22
1.002566062e-22
7.597930708e-23
5.164084868e-23
2.92532091e-23
1.127665106e-23
2.190350317e-21
2.173371651e-21
2.156262147e-21
2.139006982e-21
2.118727485e-21
2.102589287e-21
2.082216656e-21
2.067372389e-21
2.051195544e-21
2.029153003e-21
2.0132116e-21
1.995269915e-21
1.977545091e-21
1.95992745e-21
1.939527013e-21
1.921512876e-21
1.900573807e-21
1.880837748e-21
1.859710431e-21
1.843940864e-21
1.826051188e-21
1.807384246e-21
1.788101682e-21
1.769449718e-21
1.750165509e-21
1.730288692e-21
1.710616956e-21
1.689647237e-21
1.670306049e-21
1.648661051e-21
1.629639325e-21
1.611124848e-21
1.588177824e-21
1.570307789e-21
1.549607001e-21
1.530092576e-21
1.506625424e-21
1.48649371e-21
1.463243881e-21
1.444013748e-21
1.424362216e-21
1.403179921e-21
1.38348085e-21
1.361034396e-21
1.340933296e-21
1.319523744e-21
1.297627829e-21
1.278462464e-21
1.25591766e-21
1.234328642e-21
1.211317614e-21
1.182822795e-21
1.15905662e-21
1.139416328e-21
1.114700538e-21
1.091232038e-21
1.06144169e-21
1.043653659e-21
1.011136724e-21
9.902504391e-22
9.690606458e-22
9.410374886e-22
9.152222545e-22
8.907711758e-22
8.613314853e-22
8.391162963e-22
8.163929084e-22
7.872365511e-22
7.673969099e-22
7.44227101e-22
7.203070743e-22
6.944531197e-22
6.680147766e-22
6.446007902e-22
6.177686206e-22
5.935812374e-22
5.709328947e-22
5.3466315e-22
5.122824574e-22
4.874930265e-22
4.609648611e-22
4.349411537e-22
4.097406648e-22
3.734826838e-22
3.513713551e-22
3.220378644e-22
2.954071808e-22
2.6869226e-22
2.418585836e-22
2.130821095e-22
1.816122364e-22
1.574904274e-22
1.293266389e-22
1.032960507e-22
7.423753296e-23
5.159159604e-23
2.939728383e-23
1.136054286e-23
2.191325416e-21
2.17338472e-21
2.156660986e-21
2.13926645e-21
2.121053934e-21
2.103350754e-21
2.085450781e-21
2.067854209e-21
2.048975644e-21
2.032272126e-21
2.014584227e-21
1.996636992e-21
1.978366719e-21
1.960643659e-21
1.941235307e-21
1.921779856e-21
1.900353312e-21
1.881163656e-21
1.862076439e-21
1.845446681e-21
1.827668803e-21
1.807568819e-21
1.788347635e-21
1.769288391e-21
1.750941328e-21
1.731362394e-21
1.710983355e-21
1.691814426e-21
1.672572269e-21
1.652645288e-21
1.627360424e-21
1.610809618e-21
1.590520397e-21
1.57105885e-21
1.550548119e-21
1.529547826e-21
1.507552676e-21
1.486454871e-21
1.46557e-21
1.445575481e-21
1.425095222e-21
1.404036694e-21
1.385084679e-21
1.36466555e-21
1.338773774e-21
1.322842312e-21
1.300949284e-21
1.28169531e-21
1.255212257e-21
1.235365708e-21
1.208305552e-21
1.183878869e-21
1.161094843e-21
1.145644257e-21
1.118622552e-21
1.088714015e-21
1.054514084e-21
1.039187513e-21
1.017823526e-21
9.862392458e-22
9.685108079e-22
9.405715726e-22
9.137511497e-22
8.900275093e-22
8.648619209e-22
8.418930503e-22
8.163087804e-22
7.911912202e-22
7.686318829e-22
7.448605315e-22
7.204202493e-22
6.936562157e-22
6.68872648e-22
6.449645942e-22
6.192326618e-22
5.912280584e-22
5.680165849e-22
5.398922696e-22
5.132217574e-22
4.875674e-22
4.606852162e-22
4.336707797e-22
4.061054645e-22
3.779037788e-22
3.515832635e-22
3.247630924e-22
2.956143743e-22
2.694941907e-22
2.409191061e-22
2.114982486e-22
1.831269046e-22
1.571651978e-22
1.298826711e-22
1.026719108e-22
7.536796241e-23
5.179703304e-23
2.970056814e-23
1.089108251e-23
2.192468914e-21
2.176424765e-21
2.156316648e-21
2.139708225e-21
2.121837757e-21
2.104296233e-21
2.086398898e-21
2.069160663e-21
2.04961263e-21
2.033613108e-21
2.015591184e-21
1.997279103e-21
1.979751277e-21
1.960968443e-21
1.944392014e-21
1.919252619e-21
1.903884794e-21
1.879845538e-21
1.863815605e-21
1.845307025e-21
1.827990969e-21
1.809277774e-21
1.789608939e-21
1.770940764e-21
1.751366946e-21
1.731048284e-21
1.712196337e-21
1.692393358e-21
1.672575864e-21
1.652357195e-21
1.631502777e-21
1.612031977e-21
1.591948929e-21
1.571496576e-21
1.5513174e-21
1.528290181e-21
1.509098647e-21
1.48859518e-21
1.467074257e-21
1.447810824e-21
1.425043833e-21
1.404885253e-21
1.386780215e-21
1.36071872e-21
1.342663103e-21
1.3224766e-21
1.301622669e-21
1.279625441e-21
1.255552987e-21
1.235958047e-21
1.213823102e-21
1.186306758e-21
1.162665757e-21
1.139138874e-21
1.116141747e-21
1.089970031e-21
1.062515966e-21
1.037467916e-21
1.016205909e-21
9.896089368e-22
9.676010896e-22
9.388249134e-22
9.175687907e-22
8.906131703e-22
8.655790162e-22
8.423168372e-22
8.196815985e-22
7.919141167e-22
7.708092601e-22
7.422110474e-22
7.197378881e-22
6.948737821e-22
6.705459894e-22
6.449773592e-22
6.229866774e-22
5.932867054e-22
5.638631404e-22
5.409839915e-22
5.137084488e-22
4.885247794e-22
4.630611926e-22
4.337652858e-22
4.039676753e-22
3.787599223e-22
3.527379923e-22
3.245089659e-22
2.948563893e-22
2.702583115e-22
2.383574237e-22
2.117314676e-22
1.837709035e-22
1.571902657e-22
1.296177084e-22
1.02613652e-22
7.636654708e-23
5.210926903e-23
2.927981085e-23
1.112087858e-23
2.193737351e-21
2.176820771e-21
2.158209897e-21
2.14137764e-21
2.122923319e-21
2.104979588e-21
2.087562796e-21
2.069925436e-21
2.051298357e-21
2.035357435e-21
2.015476283e-21
1.99935784e-21
1.98257218e-21
1.957654811e-21
1.943945056e-21
1.924693615e-21
1.902451947e-21
1.882830791e-21
1.863362593e-21
1.846357998e-21
1.828834242e-21
1.810195543e-21
1.790346929e-21
1.771148608e-21
1.752826837e-21
1.732663249e-21
1.712706616e-21
1.693968774e-21
1.672934056e-21
1.654031589e-21
1.632584276e-21
1.616270518e-21
1.591937478e-21
1.568433739e-21
1.55196349e-21
1.530826926e-21
1.508949067e-21
1.488766664e-21
1.46900709e-21
1.447273411e-21
1.426498977e-21
1.404724297e-21
1.385396171e-21
1.364771551e-21
1.34515424e-21
1.319890499e-21
1.301176245e-21
1.279730755e-21
1.257179299e-21
1.236642889e-21
1.214626422e-21
1.187406701e-21
1.167459686e-21
1.137051925e-21
1.113170383e-21
1.09324428e-21
1.055746149e-21
1.039683401e-21
1.015503708e-21
9.925983834e-22
9.670500641e-22
9.411857706e-22
9.190727429e-22
8.944190271e-22
8.659243388e-22
8.436968797e-22
8.179222554e-22
7.948690877e-22
7.709364181e-22
7.449813382e-22
7.198758239e-22
6.946157512e-22
6.711364121e-22
6.428206695e-22
6.199928728e-22
5.940780139e-22
5.674435623e-22
5.429530125e-22
5.163377757e-22
4.875346146e-22
4.637060873e-22
4.382659829e-22
4.025530281e-22
3.780501807e-22
3.526983051e-22
3.256243262e-22
2.924179133e-22
2.698449209e-22
2.39329432e-22
2.13456521e-22
1.857995637e-22
1.544331527e-22
1.301415967e-22
1.02992527e-22
7.676335691e-23
5.131750276e-23
2.881613615e-23
1.097769736e-23
2.19488823e-21
2.175196517e-21
2.158713219e-21
2.142419662e-21
2.124298308e-21
2.105919674e-21
2.088358021e-21
2.071158664e-21
2.052733322e-21
2.035613905e-21
2.017181834e-21
1.999266985e-21
1.981021073e-21
1.963206798e-21
1.944934921e-21
1.928559435e-21
1.898336758e-21
1.884057039e-21
1.865786772e-21
1.846744281e-21
1.829323885e-21
1.810495864e-21
1.79157306e-21
1.772257847e-21
1.753425938e-21
1.734170353e-21
1.713418366e-21
1.694506575e-21
1.674708652e-21
1.654027594e-21
1.63474486e-21
1.61559149e-21
1.59234652e-21
1.572083239e-21
1.55277587e-21
1.530767209e-21
1.51111937e-21
1.489069217e-21
1.468669427e-21
1.448421802e-21
1.427625488e-21
1.406006793e-21
1.385727806e-21
1.364466083e-21
1.343962276e-21
1.322608689e-21
1.301878366e-21
1.279687683e-21
1.255550637e-21
1.234153616e-21
1.21396809e-21
1.1929623e-21
1.170512549e-21
1.13180107e-21
1.113902041e-21
1.090523238e-21
1.06158558e-21
1.041341693e-21
1.017318152e-21
9.926648719e-22
9.683665099e-22
9.42048376e-22
9.201888725e-22
8.932974351e-22
8.685806406e-22
8.454366198e-22
8.21156136e-22
7.945998163e-22
7.70540287e-22
7.4534161e-22
7.203240707e-22
6.942439859e-22
6.711357562e-22
6.438511872e-22
6.208386235e-22
5.935477275e-22
5.673343589e-22
5.429454421e-22
5.165988045e-22
4.897154759e-22
4.6276782e-22
4.354308233e-22
4.065463561e-22
3.789267789e-22
3.525274718e-22
3.256297521e-22
2.949727296e-22
2.677351474e-22
2.415899108e-22
2.119149076e-22
1.855441444e-22
1.560143769e-22
1.309930327e-22
1.019994429e-22
7.625035094e-23
5.170586594e-23
2.903964745e-23
1.104342217e-23
2.194937058e-21
2.177364737e-21
2.159882447e-21
2.142295095e-21
2.125310082e-21
2.108039429e-21
2.088674947e-21
2.071992153e-21
2.054375269e-21
2.036519139e-21
2.018298366e-21
1.999931023e-21
1.981491082e-21
1.963763338e-21
1.946456e-21
1.926169611e-21
1.906081977e-21
1.885637387e-21
1.8665656e-21
1.846762644e-21
1.830654552e-21
1.811398994e-21
1.792925053e-21
1.772773371e-21
1.754484398e-21
1.735199689e-21
1.712700708e-21
1.694696457e-21
1.675417347e-21
1.655640705e-21
1.63589087e-21
1.615664221e-21
1.593560435e-21
1.573086982e-21
1.553381513e-21
1.532104472e-21
1.512111914e-21
1.491008676e-21
1.470763926e-21
1.448154943e-21
1.428109975e-21
1.407415657e-21
1.385827731e-21
1.365313297e-21
1.344257341e-21
1.321988652e-21
1.301323023e-21
1.279366291e-21
1.256661126e-21
1.236358236e-21
1.213736189e-21
1.185393263e-21
1.167741914e-21
1.141744991e-21
1.112971645e-21
1.091449263e-21
1.063264954e-21
1.044348142e-21
1.02081268e-21
9.918663513e-22
9.704641224e-22
9.437479916e-22
9.185209687e-22
8.957361478e-22
8.705356133e-22
8.465840202e-22
8.201910987e-22
7.953801305e-22
7.722382285e-22
7.449304156e-22
7.214594313e-22
6.957193462e-22
6.705945107e-22
6.429354761e-22
6.218202615e-22
5.947010397e-22
5.699494376e-22
5.442470147e-22
5.152637556e-22
4.866972007e-22
4.643268581e-22
4.331660729e-22
4.076622586e-22
3.795500814e-22
3.507117968e-22
3.248034708e-22
2.978238109e-22
2.674118815e-22
2.417564815e-22
2.133202656e-22
1.866194781e-22
1.547524565e-22
1.299787566e-22
1.028528801e-22
7.658686264e-23
5.16530028e-23
2.916817282e-23
1.119201952e-23
2.196285757e-21
2.178703304e-21
2.161352739e-21
2.143802831e-21
2.12590905e-21
2.109016733e-21
2.089758431e-21
2.07366053e-21
2.055406574e-21
2.039066748e-21
2.018781091e-21
1.999018188e-21
1.982787703e-21
1.964781022e-21
1.946443645e-21
1.926556668e-21
1.90584016e-21
1.887692858e-21
1.867113841e-21
1.850132956e-21
1.831503749e-21
1.81355828e-21
1.793649583e-21
1.773348193e-21
1.754442365e-21
1.735089656e-21
1.715166665e-21
1.69636032e-21
1.677083711e-21
1.65680826e-21
1.636439505e-21
1.616211606e-21
1.595057695e-21
1.572850382e-21
1.554170513e-21
1.533155775e-21
1.513095938e-21
1.491408717e-21
1.470323596e-21
1.450044011e-21
1.429355406e-21
1.408397287e-21
1.386652797e-21
1.365493862e-21
1.344143235e-21
1.323334986e-21
1.301738986e-21
1.279648858e-21
1.255837991e-21
1.23510248e-21
1.214099943e-21
1.188405045e-21
1.165235239e-21
1.143292034e-21
1.116785616e-21
1.09376366e-21
1.06089704e-21
1.044822258e-21
1.021437142e-21
9.954779416e-22
9.703712574e-22
9.467421757e-22
9.189820444e-22
8.967522473e-22
8.717579673e-22
8.476065155e-22
8.237464328e-22
7.935146459e-22
7.712889151e-22
7.46588121e-22
7.20642898e-22
6.975321308e-22
6.753323156e-22
6.42513875e-22
6.236428008e-22
5.960332754e-22
5.697838039e-22
5.391892359e-22
5.115607149e-22
4.891103709e-22
4.646646743e-22
4.358232827e-22
4.069689082e-22
3.80112825e-22
3.510712325e-22
3.237133283e-22
2.979511028e-22
2.699881215e-22
2.414700132e-22
2.113508516e-22
1.854421361e-22
1.571649233e-22
1.301335566e-22
1.033710295e-22
7.682274293e-23
5.175066262e-23
2.786372294e-23
1.139873581e-23
2.197609599e-21
2.180216285e-21
2.162631272e-21
2.144587104e-21
2.126862699e-21
2.108333575e-21
2.091720148e-21
2.074437098e-21
2.056951255e-21
2.039867394e-21
2.020225729e-21
2.00258291e-21
1.981712143e-21
1.965558671e-21
1.946913769e-21
1.928200223e-21
1.907302026e-21
1.886295215e-21
1.867115389e-21
1.85173635e-21
1.832780162e-21
1.814557009e-21
1.79484559e-21
1.77462079e-21
1.755501589e-21
1.735951001e-21
1.716765016e-21
1.697428616e-21
1.678258094e-21
1.659455491e-21
1.638119309e-21
1.614232043e-21
1.59603323e-21
1.575245222e-21
1.555541832e-21
1.533881786e-21
1.514149705e-21
1.492666428e-21
1.471481965e-21
1.449281577e-21
1.430131822e-21
1.409548919e-21
1.387770789e-21
1.367844952e-21
1.34524971e-21
1.324232423e-21
1.298847544e-21
1.27941513e-21
1.256382069e-21
1.236951393e-21
1.21144668e-21
1.190833348e-21
1.165275e-21
1.14324556e-21
1.114589688e-21
1.093926997e-21
1.069297016e-21
1.043764985e-21
1.022528602e-21
9.973162251e-22
9.732271531e-22
9.47257608e-22
9.209787565e-22
8.983312084e-22
8.742907927e-22
8.468994311e-22
8.224746337e-22
7.980135106e-22
7.674077147e-22
7.452372577e-22
7.222585651e-22
6.976674582e-22
6.721786691e-22
6.461053817e-22
6.227250301e-22
5.983474535e-22
5.728257762e-22
5.346859886e-22
5.120193511e-22
4.896395578e-22
4.633764325e-22
4.373045498e-22
4.129920521e-22
3.775954013e-22
3.480594569e-22
3.251527589e-22
2.972733875e-22
2.699735303e-22
2.418098604e-22
2.134257189e-22
1.851679287e-22
1.58742129e-22
1.293131196e-22
1.022509045e-22
7.671658519e-23
5.131804586e-23
2.940364627e-23
1.078226767e-23
2.198920682e-21
2.179925182e-21
2.164213166e-21
2.14624558e-21
2.128372463e-21
2.110202913e-21
2.093033462e-21
2.074155645e-21
2.057801252e-21
2.039682622e-21
2.022137622e-21
2.00121355e-21
1.984916358e-21
1.967733788e-21
1.947933043e-21
1.925413571e-21
1.906183931e-21
1.887566739e-21
1.870251794e-21
1.853348794e-21
1.83473286e-21
1.816260878e-21
1.794374755e-21
1.776348684e-21
1.757002233e-21
1.737670406e-21
1.718583272e-21
1.697824657e-21
1.678458475e-21
1.65851648e-21
1.638524559e-21
1.618284412e-21
1.596511886e-21
1.576998084e-21
1.555842972e-21
1.536318569e-21
1.514715042e-21
1.492435236e-21
1.472077537e-21
1.45037076e-21
1.431012377e-21
1.410038942e-21
1.388938416e-21
1.366540567e-21
1.346584472e-21
1.324761227e-21
1.300615427e-21
1.280112031e-21
1.255769988e-21
1.236439907e-21
1.214147236e-21
1.191114771e-21
1.164418431e-21
1.144416096e-21
1.118931696e-21
1.095718779e-21
1.068798071e-21
1.045112121e-21
1.021920683e-21
9.96296463e-22
9.743201212e-22
9.496881246e-22
9.243819097e-22
9.006750111e-22
8.748749525e-22
8.473760471e-22
8.198775022e-22
7.952243358e-22
7.713746104e-22
7.462963688e-22
7.211942472e-22
6.966334893e-22
6.717102096e-22
6.486308143e-22
6.218015731e-22
5.99564011e-22
5.684676331e-22
5.373854106e-22
5.157158294e-22
4.896574003e-22
4.630311535e-22
4.381780237e-22
4.072158755e-22
3.789353459e-22
3.517786268e-22
3.263139925e-22
2.988311141e-22
2.737808115e-22
2.389453256e-22
2.13255867e-22
1.85399583e-22
1.594425228e-22
1.276409704e-22
1.020480999e-22
7.638973207e-23
5.150854136e-23
2.949238762e-23
1.114722429e-23
2.199757387e-21
2.182550707e-21
2.165984651e-21
2.146567398e-21
2.129356404e-21
2.112407957e-21
2.095228166e-21
2.074729509e-21
2.058918107e-21
2.039553969e-21
2.022117667e-21
2.003483123e-21
1.985577374e-21
1.969016395e-21
1.945448012e-21
1.925478988e-21
1.907750084e-21
1.890875924e-21
1.872743006e-21
1.855299418e-21
1.835550144e-21
1.817438557e-21
1.799450209e-21
1.773297802e-21
1.760478837e-21
1.735680382e-21
1.719627472e-21
1.699060934e-21
1.679447114e-21
1.659787476e-21
1.638683026e-21
1.619073933e-21
1.597745812e-21
1.577857146e-21
1.555945544e-21
1.536433504e-21
1.515626456e-21
1.494414855e-21
1.47280617e-21
1.452487254e-21
1.433932068e-21
1.408505548e-21
1.388080509e-21
1.368280456e-21
1.346700105e-21
1.324141675e-21
1.303209778e-21
1.28158068e-21
1.256967548e-21
1.235561912e-21
1.215637576e-21
1.188758686e-21
1.167355568e-21
1.144475253e-21
1.119890894e-21
1.097168737e-21
1.068666075e-21
1.045120287e-21
1.024555119e-21
9.972717556e-22
9.756158675e-22
9.522880771e-22
9.236570003e-22
8.994887705e-22
8.745804552e-22
8.485001985e-22
8.227404244e-22
7.983663994e-22
7.699865369e-22
7.46133875e-22
7.222234649e-22
6.962275606e-22
6.715889846e-22
6.491875524e-22
6.181912659e-22
5.965303721e-22
5.709246975e-22
5.412036794e-22
5.170213553e-22
4.907312691e-22
4.638351185e-22
4.378102705e-22
4.052410806e-22
3.81074318e-22
3.570598427e-22
3.208697582e-22
2.994174777e-22
2.704066479e-22
2.441417351e-22
2.125791022e-22
1.855905285e-22
1.581616814e-22
1.287212668e-22
1.032228307e-22
7.658249285e-23
5.092902438e-23
2.940075428e-23
1.142495605e-23
2.200946528e-21
2.183657134e-21
2.165321117e-21
2.148829804e-21
2.130949059e-21
2.114668082e-21
2.094791525e-21
2.07632939e-21
2.059974311e-21
2.040306588e-21
2.023016957e-21
2.005256705e-21
1.98588521e-21
1.967089886e-21
1.947262693e-21
1.927163838e-21
1.91003909e-21
1.892874991e-21
1.874913304e-21
1.855594218e-21
1.83648929e-21
1.817290813e-21
1.798585669e-21
1.777274413e-21
1.759162342e-21
1.739541119e-21
1.721189272e-21
1.699079135e-21
1.680167379e-21
1.66105178e-21
1.638333106e-21
1.619925158e-21
1.599986942e-21
1.578985841e-21
1.557344888e-21
1.536025275e-21
1.516715021e-21
1.495972772e-21
1.473273503e-21
1.453117018e-21
1.432335362e-21
1.410963841e-21
1.389700814e-21
1.368317445e-21
1.346790605e-21
1.325191835e-21
1.304406622e-21
1.283686532e-21
1.257507575e-21
1.235430244e-21
1.214802861e-21
1.191225999e-21
1.166956435e-21
1.144314966e-21
1.121483308e-21
1.099414925e-21
1.067904029e-21
1.047820626e-21
1.022924181e-21
1.000699824e-21
9.763898391e-22
9.534784493e-22
9.235101459e-22
9.022532536e-22
8.78546056e-22
8.4769323e-22
8.180404387e-22
7.96182351e-22
7.72006312e-22
7.465517749e-22
7.223047603e-22
6.982091163e-22
6.749946697e-22
6.436203542e-22
6.213447446e-22
5.967985197e-22
5.712107607e-22
5.445109135e-22
5.174351029e-22
4.898423037e-22
4.616243974e-22
4.369599972e-22
4.084577456e-22
3.820866703e-22
3.52023717e-22
3.258743946e-22
2.985450683e-22
2.704559976e-22
2.425980661e-22
2.142097201e-22
1.850447743e-22
1.581438203e-22
1.30411524e-22
1.036859321e-22
7.749410236e-23
5.099409658e-23
2.922618188e-23
1.154047762e-23
2.201848559e-21
2.184524864e-21
2.166332645e-21
2.150397478e-21
2.131726299e-21
2.114725706e-21
2.09600777e-21
2.078942111e-21
2.061536806e-21
2.040892964e-21
2.022225898e-21
2.005395107e-21
1.986478282e-21
1.967330716e-21
1.946329342e-21
1.929915957e-21
1.912514348e-21
1.893698341e-21
1.876198191e-21
1.856118952e-21
1.838488934e-21
1.818486704e-21
1.799030463e-21
1.779128422e-21
1.760370498e-21
1.741016522e-21
1.721501943e-21
1.701400443e-21
1.681461998e-21
1.661349897e-21
1.640031047e-21
1.62074065e-21
1.600178357e-21
1.578858506e-21
1.55899476e-21
1.538674626e-21
1.518641085e-21
1.495383902e-21
1.474354903e-21
1.453837798e-21
1.432534983e-21
1.411626444e-21
1.390215902e-21
1.369235633e-21
1.34816734e-21
1.326920474e-21
1.306098327e-21
1.279385061e-21
1.258948593e-21
1.236826407e-21
1.215380925e-21
1.192393323e-21
1.166623823e-21
1.145572373e-21
1.122616079e-21
1.096782303e-21
1.073520191e-21
1.048396792e-21
1.02304917e-21
9.994014524e-22
9.759290354e-22
9.518892707e-22
9.270353602e-22
9.007370944e-22
8.76470378e-22
8.514441327e-22
8.227438115e-22
7.951090201e-22
7.727342788e-22
7.472358539e-22
7.240779464e-22
7.005907698e-22
6.709676798e-22
6.463651595e-22
6.225867133e-22
5.960228484e-22
5.710578132e-22
5.440125484e-22
5.175595559e-22
4.908563871e-22
4.626327584e-22
4.372225727e-22
4.105052793e-22
3.830959694e-22
3.550242166e-22
3.251942843e-22
2.983315565e-22
2.680484892e-22
2.444825451e-22
2.139846458e-22
1.840716652e-22
1.590687327e-22
1.323488222e-22
1.015375292e-22
7.704005947e-23
5.192141459e-23
2.914899769e-23
1.114636631e-23
2.202675088e-21
2.185090844e-21
2.167837771e-21
2.151349106e-21
2.132769883e-21
2.11549169e-21
2.097360345e-21
2.080282017e-21
2.062573118e-21
2.042554884e-21
2.024786241e-21
2.007304204e-21
1.983925095e-21
1.966823308e-21
1.947889679e-21
1.931355646e-21
1.914267921e-21
1.89555619e-21
1.876809266e-21
1.859433402e-21
1.837405438e-21
1.819984914e-21
1.800081186e-21
1.781040456e-21
1.761880679e-21
1.742380242e-21
1.722321785e-21
1.702545713e-21
1.682215073e-21
1.662044694e-21
1.64184609e-21
1.62241134e-21
1.599242634e-21
1.580702283e-21
1.56023939e-21
1.539414825e-21
1.51730663e-21
1.497214675e-21
1.475528999e-21
1.455580421e-21
1.433404971e-21
1.41116965e-21
1.390887566e-21
1.36980037e-21
1.348887019e-21
1.326529009e-21
1.30455925e-21
1.282110124e-21
1.260086781e-21
1.238116805e-21
1.216176069e-21
1.193527185e-21
1.169482574e-21
1.143089587e-21
1.121445525e-21
1.097798018e-21
1.074886903e-21
1.050166804e-21
1.024592175e-21
1.000715222e-21
9.792819203e-22
9.505196964e-22
9.245273533e-22
9.007520111e-22
8.754018728e-22
8.502340097e-22
8.244759999e-22
7.977547757e-22
7.739974242e-22
7.498969009e-22
7.249249036e-22
6.99797573e-22
6.723942958e-22
6.485570143e-22
6.201710826e-22
5.975220023e-22
5.707446359e-22
5.446187086e-22
5.178979002e-22
4.910723585e-22
4.641940772e-22
4.379117474e-22
4.107241548e-22
3.834431176e-22
3.569353905e-22
3.233676766e-22
2.968768505e-22
2.69562474e-22
2.436307487e-22
2.151387522e-22
1.870802975e-22
1.611953578e-22
1.265068932e-22
1.032087966e-22
7.686106329e-23
5.168169304e-23
2.962156544e-23
1.14592458e-23
2.202928136e-21
2.186499861e-21
2.169786307e-21
2.151686519e-21
2.134381068e-21
2.116633582e-21
2.098354995e-21
2.081139458e-21
2.062246695e-21
2.044162545e-21
2.024350657e-21
2.003847019e-21
1.987133713e-21
1.968955367e-21
1.950701624e-21
1.933581703e-21
1.915672726e-21
1.897128101e-21
1.878329533e-21
1.859309528e-21
1.839957556e-21
1.821114029e-21
1.801436516e-21
1.782003919e-21
1.762738357e-21
1.743398602e-21
1.723498255e-21
1.703360536e-21
1.68302627e-21
1.66406018e-21
1.642504455e-21
1.622401126e-21
1.601949485e-21
1.581881279e-21
1.559790966e-21
1.540043294e-21
1.518451099e-21
1.497458605e-21
1.476368448e-21
1.45581212e-21
1.434182903e-21
1.414215307e-21
1.389948982e-21
1.370478872e-21
1.349673547e-21
1.32586171e-21
1.305553241e-21
1.283724077e-21
1.261431597e-21
1.239602742e-21
1.21919694e-21
1.192554731e-21
1.167290059e-21
1.146609238e-21
1.125409278e-21
1.097496549e-21
1.072875918e-21
1.051116346e-21
1.025937932e-21
1.001182156e-21
9.764826351e-22
9.521220435e-22
9.270018548e-22
8.99444572e-22
8.755415687e-22
8.502582373e-22
8.262662636e-22
7.991075161e-22
7.757457376e-22
7.47692678e-22
7.252557635e-22
6.999400655e-22
6.743311055e-22
6.492959368e-22
6.252494431e-22
5.941225106e-22
5.707301469e-22
5.454577704e-22
5.188231007e-22
4.908202489e-22
4.65117122e-22
4.377907482e-22
4.105782713e-22
3.835624083e-22
3.557446535e-22
3.26590513e-22
2.98186097e-22
2.70121645e-22
2.464586308e-22
2.116797064e-22
1.894661439e-22
1.550080974e-22
1.298293154e-22
1.041606485e-22
7.627917533e-23
5.171951229e-23
2.945264922e-23
1.154018654e-23
2.204884789e-21
2.187646917e-21
2.170743249e-21
2.153290401e-21
2.136331966e-21
2.117358534e-21
2.098941408e-21
2.080077077e-21
2.061701298e-21
2.043481011e-21
2.025529143e-21
2.007436181e-21
1.989449597e-21
1.970719175e-21
1.953270886e-21
1.935098286e-21
1.917204739e-21
1.898009766e-21
1.879251365e-21
1.860431972e-21
1.8415773e-21
1.822795553e-21
1.802321408e-21
1.783188318e-21
1.76336466e-21
1.744193998e-21
1.724408503e-21
1.704573341e-21
1.684824998e-21
1.664355082e-21
1.643937271e-21
1.623572625e-21
1.602788239e-21
1.581629307e-21
1.561901824e-21
1.541167669e-21
1.519303822e-21
1.498989756e-21
1.475396172e-21
1.456966597e-21
1.433998879e-21
1.413764508e-21
1.392244916e-21
1.371728507e-21
1.34863374e-21
1.327569563e-21
1.305611381e-21
1.2841804e-21
1.262860195e-21
1.241431354e-21
1.216722282e-21
1.193711018e-21
1.170582026e-21
1.148302007e-21
1.124842752e-21
1.100464319e-21
1.072974173e-21
1.051272275e-21
1.027370249e-21
9.9994088e-22
9.78036434e-22
9.523369834e-22
9.260854657e-22
8.99504272e-22
8.765647445e-22
8.5151845e-22
8.262769019e-22
8.003315823e-22
7.757443986e-22
7.518651882e-22
7.240456083e-22
7.001430285e-22
6.763135149e-22
6.485452145e-22
6.231934859e-22
5.963847868e-22
5.71424755e-22
5.455265475e-22
5.191010367e-22
4.933934152e-22
4.642327679e-22
4.390402653e-22
4.118077375e-22
3.842281118e-22
3.570935044e-22
3.223251556e-22
2.993354604e-22
2.709272595e-22
2.433753823e-22
2.145532651e-22
1.867744075e-22
1.576417023e-22
1.299627479e-22
1.034033878e-22
7.706793642e-23
5.243562611e-23
2.95482838e-23
1.146565363e-23
2.206836071e-21
2.188740615e-21
2.171878661e-21
2.154627849e-21
2.136696432e-21
2.117657716e-21
2.098850894e-21
2.079415375e-21
2.062618008e-21
2.045567079e-21
2.027359063e-21
2.009868159e-21
1.99139043e-21
1.97335525e-21
1.954030081e-21
1.936668393e-21
1.917162756e-21
1.899332271e-21
1.881028533e-21
1.862142444e-21
1.843138878e-21
1.824042215e-21
1.802834286e-21
1.784291431e-21
1.764984947e-21
1.745078449e-21
1.725136193e-21
1.705027766e-21
1.685167782e-21
1.666015761e-21
1.644599488e-21
1.624384162e-21
1.603566304e-21
1.583022691e-21
1.562781558e-21
1.541228195e-21
1.520990103e-21
1.499127646e-21
1.478520763e-21
1.457962523e-21
1.436237284e-21
1.412101829e-21
1.392771953e-21
1.371116893e-21
1.349745678e-21
1.328110986e-21
1.3068952e-21
1.285366672e-21
1.263377515e-21
1.241543819e-21
1.218861096e-21
1.196865355e-21
1.174819642e-21
1.145608569e-21
1.128119978e-21
1.097639264e-21
1.076322634e-21
1.049325545e-21
1.02773608e-21
1.000259522e-21
9.780816211e-22
9.522579849e-22
9.262181771e-22
9.011777859e-22
8.778835178e-22
8.527469082e-22
8.240657825e-22
8.012650999e-22
7.746454528e-22
7.523146492e-22
7.263141906e-22
7.017148879e-22
6.76499804e-22
6.493738882e-22
6.239907403e-22
5.966743801e-22
5.718875651e-22
5.460559449e-22
5.191921773e-22
4.923216219e-22
4.65290325e-22
4.384754415e-22
4.117956417e-22
3.858232879e-22
3.540941489e-22
3.26977942e-22
3.020313261e-22
2.682542786e-22
2.436021361e-22
2.156870086e-22
1.882470624e-22
1.596693041e-22
1.273141855e-22
1.025449044e-22
7.791420829e-23
5.263631944e-23
2.903919585e-23
1.104404781e-23
2.208639857e-21
2.190685172e-21
2.174783265e-21
2.156396596e-21
2.13272693e-21
2.117196395e-21
2.099893752e-21
2.081507675e-21
2.065185725e-21
2.047426242e-21
2.028049999e-21
2.011216486e-21
1.993964338e-21
1.974059132e-21
1.957087253e-21
1.938028431e-21
1.918044124e-21
1.901224483e-21
1.881468014e-21
1.863472271e-21
1.843560083e-21
1.824235203e-21
1.804464959e-21
1.78597228e-21
1.765203259e-21
1.747712159e-21
1.727309136e-21
1.703702116e-21
1.686097976e-21
1.666615478e-21
1.646015386e-21
1.625276284e-21
1.604023611e-21
1.583172568e-21
1.563274207e-21
1.542380744e-21
1.521615746e-21
1.500594887e-21
1.47980325e-21
1.457805612e-21
1.436612905e-21
1.416040753e-21
1.394362606e-21
1.371385381e-21
1.350293294e-21
1.328174629e-21
1.308272502e-21
1.287079179e-21
1.264456929e-21
1.242653282e-21
1.22083644e-21
1.195392835e-21
1.173280988e-21
1.151132876e-21
1.124051821e-21
1.099672383e-21
1.078124303e-21
1.050253945e-21
1.029578185e-21
9.981483682e-22
9.775531924e-22
9.511438005e-22
9.272342068e-22
9.043749592e-22
8.781575183e-22
8.537739992e-22
8.235370712e-22
8.017513054e-22
7.765024864e-22
7.517623332e-22
7.274466935e-22
7.022448006e-22
6.77378826e-22
6.52275801e-22
6.228820671e-22
5.983054651e-22
5.7173347e-22
5.453948782e-22
5.198719263e-22
4.93154126e-22
4.650446346e-22
4.391123378e-22
4.125056883e-22
3.836016173e-22
3.557523231e-22
3.280850604e-22
3.022354403e-22
2.7169845e-22
2.407719905e-22
2.166573204e-22
1.851474419e-22
1.594478882e-22
1.30831436e-22
1.021094263e-22
7.694723169e-23
5.191698765e-23
2.975595894e-23
1.108195334e-23
2.209544211e-21
2.190439441e-21
2.173423694e-21
2.154942714e-21
2.134731837e-21
2.119320112e-21
2.102198542e-21
2.08345475e-21
2.066529704e-21
2.04897814e-21
2.030212228e-21
2.013534988e-21
1.993101417e-21
1.977507221e-21
1.957205129e-21
1.939424691e-21
1.921011249e-21
1.903185107e-21
1.882101291e-21
1.864708135e-21
1.844142022e-21
1.824672392e-21
1.8057495e-21
1.786667567e-21
1.767784562e-21
1.746391444e-21
1.727856373e-21
1.706037926e-21
1.687161868e-21
1.667883413e-21
1.645861757e-21
1.626417182e-21
1.605470317e-21
1.585042797e-21
1.563711866e-21
1.543526766e-21
1.522996754e-21
1.500228097e-21
1.480379498e-21
1.457943076e-21
1.437622734e-21
1.416401187e-21
1.394903742e-21
1.373419928e-21
1.350877252e-21
1.330410644e-21
1.309527061e-21
1.287716345e-21
1.266601418e-21
1.242232244e-21
1.221850798e-21
1.19684062e-21
1.176203333e-21
1.148097532e-21
1.12431786e-21
1.099766667e-21
1.076719722e-21
1.052412534e-21
1.030369436e-21
1.006785577e-21
9.727856073e-22
9.53108122e-22
9.282508676e-22
9.050989126e-22
8.780449797e-22
8.502657186e-22
8.287722815e-22
8.061044524e-22
7.740464215e-22
7.51370479e-22
7.270921687e-22
7.03537577e-22
6.781525459e-22
6.516176196e-22
6.222887928e-22
5.984967504e-22
5.73380334e-22
5.455227604e-22
5.196458054e-22
4.932650923e-22
4.662265344e-22
4.393997412e-22
4.122280833e-22
3.845402699e-22
3.578831995e-22
3.263188757e-22
2.991156097e-22
2.711344761e-22
2.43561439e-22
2.158833252e-22
1.873620107e-22
1.577454903e-22
1.311169984e-22
1.038286756e-22
7.751199748e-23
5.190650462e-23
2.979989659e-23
1.124093074e-23
2.210801454e-21
2.188897669e-21
2.173036218e-21
2.155900199e-21
2.138112805e-21
2.122059144e-21
2.102248143e-21
2.086767505e-21
2.068524408e-21
2.047967729e-21
2.031982869e-21
2.01388619e-21
1.995705446e-21
1.977479903e-21
1.959873105e-21
1.940660237e-21
1.923107431e-21
1.905006719e-21
1.881868674e-21
1.865148882e-21
1.845484986e-21
1.825589093e-21
1.806886187e-21
1.787772051e-21
1.767524229e-21
1.747948905e-21
1.728307427e-21
1.709047485e-21
1.686651063e-21
1.668016717e-21
1.647520639e-21
1.62721202e-21
1.607165223e-21
1.586790039e-21
1.565023472e-21
1.544673573e-21
1.52367267e-21
1.500510914e-21
1.480823062e-21
1.459806131e-21
1.439086921e-21
1.41773328e-21
1.394815485e-21
1.374194842e-21
1.352896115e-21
1.331742956e-21
1.309586398e-21
1.288752519e-21
1.265747626e-21
1.242829316e-21
1.221101322e-21
1.197716501e-21
1.175614847e-21
1.1503063e-21
1.12676246e-21
1.101376097e-21
1.075825917e-21
1.054621307e-21
1.032954223e-21
1.003438674e-21
9.76465362e-22
9.55853124e-22
9.284911364e-22
9.086614287e-22
8.719486303e-22
8.520768464e-22
8.294657017e-22
8.048419458e-22
7.787385047e-22
7.482754689e-22
7.283903618e-22
7.046776489e-22
6.794348934e-22
6.488476763e-22
6.252273027e-22
5.994611814e-22
5.730243204e-22
5.468265444e-22
5.205372316e-22
4.934530284e-22
4.667320146e-22
4.380106643e-22
4.123362895e-22
3.84705913e-22
3.563604356e-22
3.274354945e-22
2.997998752e-22
2.715845806e-22
2.43865481e-22
2.149363416e-22
1.880327236e-22
1.576608616e-22
1.315552095e-22
1.041589583e-22
7.762439628e-23
5.240601688e-23
2.991322342e-23
1.152764559e-23
2.205940852e-21
2.190623652e-21
2.174452379e-21
2.156705231e-21
2.140428657e-21
2.122528784e-21
2.105587671e-21
2.087357922e-21
2.069749109e-21
2.051207834e-21
2.033936166e-21
2.015577648e-21
1.996071222e-21
1.979168295e-21
1.960503554e-21
1.941869403e-21
1.924040254e-21
1.904722391e-21
1.885015497e-21
1.864889065e-21
1.846161469e-21
1.827279186e-21
1.808268655e-21
1.787781838e-21
1.768679719e-21
1.749150977e-21
1.729330263e-21
1.709484223e-21
1.689271703e-21
1.668517954e-21
1.6484569e-21
1.628476656e-21
1.606942558e-21
1.587042645e-21
1.566144629e-21
1.545567386e-21
1.524588213e-21
1.503258923e-21
1.481879009e-21
1.460939693e-21
1.439728203e-21
1.417723403e-21
1.396685152e-21
1.375341243e-21
1.35383214e-21
1.332165642e-21
1.31097742e-21
1.288853003e-21
1.266740301e-21
1.24373566e-21
1.220743956e-21
1.197354591e-21
1.174823961e-21
1.151528642e-21
1.127969089e-21
1.105389489e-21
1.075194648e-21
1.055114344e-21
1.029390196e-21
1.005022082e-21
9.801114739e-22
9.562803242e-22
9.301797991e-22
9.036919962e-22
8.769530364e-22
8.542214857e-22
8.297641618e-22
8.052490608e-22
7.753813883e-22
7.525292867e-22
7.293737321e-22
7.055237987e-22
6.784985823e-22
6.513081421e-22
6.271055976e-22
6.015852299e-22
5.727487385e-22
5.469915135e-22
5.187309237e-22
4.931062384e-22
4.666532065e-22
4.398404638e-22
4.121361793e-22
3.844739059e-22
3.568511569e-22
3.282713616e-22
2.99789039e-22
2.701748079e-22
2.433742781e-22
2.154637732e-22
1.87684066e-22
1.596320439e-22
1.322225542e-22
1.047488698e-22
7.661526001e-23
5.271591749e-23
2.98973557e-23
1.161957339e-23
2.209844761e-21
2.194243464e-21
2.173329346e-21
2.15930921e-21
2.141846866e-21
2.124560261e-21
2.107315036e-21
2.089171922e-21
2.071197088e-21
2.052731257e-21
2.034998578e-21
2.017273037e-21
1.997417643e-21
1.979940391e-21
1.962344603e-21
1.942021661e-21
1.924522878e-21
1.905481742e-21
1.88608084e-21
1.866271964e-21
1.847436515e-21
1.828567146e-21
1.8084663e-21
1.78937239e-21
1.770416216e-21
1.74922716e-21
1.730301514e-21
1.709928788e-21
1.690524555e-21
1.669341968e-21
1.649393029e-21
1.629243125e-21
1.609123863e-21
1.58656696e-21
1.567519937e-21
1.546912135e-21
1.525431543e-21
1.504792044e-21
1.483228323e-21
1.462429245e-21
1.441020791e-21
1.419105344e-21
1.398584529e-21
1.375738632e-21
1.354075066e-21
1.333363695e-21
1.310171573e-21
1.289739601e-21
1.26705448e-21
1.245187452e-21
1.22268403e-21
1.197617945e-21
1.175722742e-21
1.152324566e-21
1.128242405e-21
1.105111425e-21
1.077988266e-21
1.05398942e-21
1.029983163e-21
1.005397309e-21
9.818008158e-22
9.571120699e-22
9.30779545e-22
9.041982737e-22
8.783962203e-22
8.557680584e-22
8.29898988e-22
8.067816131e-22
7.729826717e-22
7.536226548e-22
7.299057598e-22
7.055732191e-22
6.797862813e-22
6.527154567e-22
6.276882389e-22
6.011931968e-22
5.747110337e-22
5.470460123e-22
5.191624648e-22
4.938398777e-22
4.66082876e-22
4.396565815e-22
4.127283754e-22
3.846294542e-22
3.538132765e-22
3.283485647e-22
3.009149364e-22
2.733164505e-22
2.465174418e-22
2.12537672e-22
1.87231148e-22
1.602189907e-22
1.323234902e-22
1.049892771e-22
7.728801084e-23
5.19345144e-23
2.986067006e-23
1.140818446e-23
2.210705664e-21
2.195072552e-21
2.178447201e-21
2.160118525e-21
2.144052655e-21
2.126165162e-21
2.109203619e-21
2.090048492e-21
2.071408303e-21
2.05415683e-21
2.03632742e-21
2.018403116e-21
2.000003997e-21
1.983216025e-21
1.960568641e-21
1.943944536e-21
1.92514237e-21
1.907525258e-21
1.887894145e-21
1.868216318e-21
1.847395499e-21
1.827833719e-21
1.809139056e-21
1.789542372e-21
1.77075212e-21
1.751221972e-21
1.731275894e-21
1.711432774e-21
1.692759617e-21
1.671265405e-21
1.647900702e-21
1.629709135e-21
1.60936106e-21
1.588651897e-21
1.568714382e-21
1.547787554e-21
1.526460525e-21
1.506526945e-21
1.484107218e-21
1.463809087e-21
1.441974839e-21
1.422790094e-21
1.397828732e-21
1.375082301e-21
1.355051774e-21
1.335233762e-21
1.310503313e-21
1.290618827e-21
1.267342771e-21
1.244371159e-21
1.222632837e-21
1.199458232e-21
1.175556306e-21
1.153773828e-21
1.128663157e-21
1.104828539e-21
1.078287942e-21
1.055910244e-21
1.031201479e-21
1.005741263e-21
9.824273791e-22
9.577723909e-22
9.332687812e-22
9.064184331e-22
8.786883613e-22
8.559612741e-22
8.289491663e-22
8.050425001e-22
7.765930346e-22
7.543839603e-22
7.310060046e-22
7.078933086e-22
6.790090654e-22
6.538700139e-22
6.249715484e-22
6.022495252e-22
5.755892564e-22
5.484002559e-22
5.200534312e-22
4.923567239e-22
4.666837801e-22
4.403757574e-22
4.099563893e-22
3.839755307e-22
3.558640726e-22
3.291088496e-22
3.013115305e-22
2.734873412e-22
2.450236865e-22
2.169892402e-22
1.892487755e-22
1.587252725e-22
1.308532938e-22
1.054526198e-22
7.658180101e-23
5.228273571e-23
3.010012859e-23
1.138014101e-23
2.211267751e-21
2.19661916e-21
2.179838641e-21
2.162502933e-21
2.145058806e-21
2.128364387e-21
2.110449287e-21
2.09085026e-21
2.074574043e-21
2.057678487e-21
2.035706586e-21
2.020216001e-21
1.999317358e-21
1.981382586e-21
1.963621431e-21
1.945760062e-21
1.927702727e-21
1.908243577e-21
1.888530136e-21
1.869799121e-21
1.849624486e-21
1.830817957e-21
1.807496136e-21
1.790040064e-21
1.773067834e-21
1.751155412e-21
1.733011026e-21
1.711674841e-21
1.691434849e-21
1.671105588e-21
1.650265867e-21
1.631253655e-21
1.610980023e-21
1.590826352e-21
1.571152421e-21
1.547087852e-21
1.529569651e-21
1.506164454e-21
1.485178079e-21
1.464863379e-21
1.441836894e-21
1.419875621e-21
1.399185763e-21
1.377571309e-21
1.357909157e-21
1.334561321e-21
1.312761959e-21
1.290276595e-21
1.267900303e-21
1.245863518e-21
1.222902447e-21
1.199513678e-21
1.177042077e-21
1.153353776e-21
1.128339162e-21
1.104898534e-21
1.082151152e-21
1.058426464e-21
1.034106821e-21
1.006496411e-21
9.835594749e-22
9.556587591e-22
9.331994931e-22
9.070662653e-22
8.834622845e-22
8.505282655e-22
8.308181498e-22
8.051926818e-22
7.819443081e-22
7.538165676e-22
7.308982036e-22
7.051110979e-22
6.796484377e-22
6.539605711e-22
6.28325836e-22
6.013573966e-22
5.746021492e-22
5.493007594e-22
5.203845321e-22
4.942048257e-22
4.669158841e-22
4.39831984e-22
4.118469944e-22
3.850532349e-22
3.579891051e-22
3.2711382e-22
3.030464976e-22
2.727559669e-22
2.437874364e-22
2.172782778e-22
1.88089895e-22
1.590342022e-22
1.320293094e-22
1.038718371e-22
7.773401672e-23
5.284125421e-23
3.019352822e-23
1.157520571e-23
2.214537257e-21
2.198169627e-21
2.180698461e-21
2.164493729e-21
2.147210253e-21
2.129734185e-21
2.111910915e-21
2.092776594e-21
2.076052568e-21
2.0541197e-21
2.038151261e-21
2.020415658e-21
2.001406368e-21
1.98381728e-21
1.965464631e-21
1.946480562e-21
1.928867248e-21
1.911233879e-21
1.88663476e-21
1.870593258e-21
1.850934905e-21
1.831133561e-21
1.810269585e-21
1.793071098e-21
1.775052348e-21
1.753570794e-21
1.73056474e-21
1.713582281e-21
1.6928388e-21
1.671422151e-21
1.651012319e-21
1.6320683e-21
1.611976195e-21
1.591772945e-21
1.570368295e-21
1.549507762e-21
1.529231362e-21
1.507388016e-21
1.48636991e-21
1.464858916e-21
1.443598263e-21
1.420576522e-21
1.400338752e-21
1.378595755e-21
1.357039291e-21
1.335640585e-21
1.313489202e-21
1.290875912e-21
1.268846332e-21
1.246857832e-21
1.222934397e-21
1.200003264e-21
1.177256127e-21
1.155036918e-21
1.131378059e-21
1.105712711e-21
1.082959863e-21
1.058093734e-21
1.032306538e-21
1.008267265e-21
9.836464272e-22
9.598615903e-22
9.311348497e-22
9.075078408e-22
8.833015799e-22
8.549374041e-22
8.333620959e-22
8.051648446e-22
7.815359334e-22
7.545667879e-22
7.331103855e-22
7.040171915e-22
6.790847751e-22
6.550937262e-22
6.304157044e-22
6.003164524e-22
5.732310163e-22
5.482116868e-22
5.215136861e-22
4.950541026e-22
4.678203852e-22
4.404995444e-22
4.131572401e-22
3.864659697e-22
3.591105589e-22
3.247727522e-22
3.030699565e-22
2.72864691e-22
2.453163368e-22
2.192203969e-22
1.849982134e-22
1.59295565e-22
1.318371629e-22
1.045860517e-22
7.814854976e-23
5.267179305e-23
3.027960196e-23
1.169459584e-23
2.217603604e-21
2.199228278e-21
2.183683953e-21
2.167053683e-21
2.149123924e-21
2.131677924e-21
2.116196763e-21
2.089562399e-21
2.075500121e-21
2.054551321e-21
2.039033581e-21
2.021253183e-21
2.002789741e-21
1.98500332e-21
1.966754118e-21
1.947823323e-21
1.929571471e-21
1.909659512e-21
1.889772733e-21
1.871470235e-21
1.852203509e-21
1.832099703e-21
1.812236632e-21
1.794496314e-21
1.775342346e-21
1.754853269e-21
1.735174506e-21
1.714266284e-21
1.695315245e-21
1.670796935e-21
1.652188403e-21
1.632794699e-21
1.61251061e-21
1.591723438e-21
1.57155224e-21
1.550613596e-21
1.530830911e-21
1.507859223e-21
1.488238778e-21
1.464278893e-21
1.443637941e-21
1.422696182e-21
1.40138967e-21
1.379508637e-21
1.357622911e-21
1.335876539e-21
1.314400883e-21
1.293216394e-21
1.274751701e-21
1.24207949e-21
1.224971686e-21
1.203645713e-21
1.176441684e-21
1.154820634e-21
1.136273613e-21
1.10121702e-21
1.083971177e-21
1.058114267e-21
1.034182289e-21
1.00975303e-21
9.826503839e-22
9.606309586e-22
9.313678711e-22
9.090739732e-22
8.832107233e-22
8.587845882e-22
8.33283289e-22
8.044950075e-22
7.817727669e-22
7.562708579e-22
7.322725872e-22
7.041342256e-22
6.792093227e-22
6.546683751e-22
6.295827758e-22
6.035440034e-22
5.724584351e-22
5.489597072e-22
5.22255494e-22
4.956966864e-22
4.688365986e-22
4.413108445e-22
4.128071874e-22
3.860860996e-22
3.596944452e-22
3.264028251e-22
3.017075949e-22
2.733375488e-22
2.454707596e-22
2.171745832e-22
1.886216106e-22
1.609977483e-22
1.335248428e-22
1.02484129e-22
7.816961331e-23
5.082641472e-23
3.034222639e-23
1.174828139e-23
2.219688414e-21
2.201893251e-21
2.186022538e-21
2.169485855e-21
2.148679563e-21
2.132531025e-21
2.114045099e-21
2.094559216e-21
2.073384735e-21
2.058375717e-21
2.04063306e-21
2.024451527e-21
2.00484686e-21
1.984307979e-21
1.965456048e-21
1.948742895e-21
1.93002361e-21
1.911118402e-21
1.891626182e-21
1.87209157e-21
1.852666862e-21
1.833733737e-21
1.814381553e-21
1.795657745e-21
1.776233501e-21
1.756578406e-21
1.735683885e-21
1.715989582e-21
1.697479952e-21
1.672900541e-21
1.653966212e-21
1.633909266e-21
1.613210862e-21
1.591875011e-21
1.571977183e-21
1.55184051e-21
1.529429325e-21
1.509327607e-21
1.488222621e-21
1.466128479e-21
1.444841061e-21
1.423605506e-21
1.401820907e-21
1.380372873e-21
1.358583723e-21
1.337028879e-21
1.314854874e-21
1.292314444e-21
1.27159326e-21
1.247752772e-21
1.226084724e-21
1.203550023e-21
1.178161441e-21
1.15763623e-21
1.133114137e-21
1.107371109e-21
1.084431543e-21
1.058887862e-21
1.03621607e-21
1.01111021e-21
9.826089053e-22
9.59270004e-22
9.33551923e-22
9.089727752e-22
8.853853693e-22
8.585804922e-22
8.34357657e-22
8.042244754e-22
7.822425596e-22
7.589829958e-22
7.27847037e-22
7.046253575e-22
6.799599573e-22
6.549043092e-22
6.298053551e-22
6.036550308e-22
5.747625903e-22
5.496129053e-22
5.21922342e-22
4.962648754e-22
4.693533977e-22
4.420437895e-22
4.125482359e-22
3.873037845e-22
3.605070208e-22
3.291274672e-22
2.995108706e-22
2.732680387e-22
2.450786364e-22
2.172971431e-22
1.889169251e-22
1.609421544e-22
1.324455762e-22
1.030297061e-22
7.789969567e-23
5.212398878e-23
3.033715617e-23
1.177009525e-23
2.220439987e-21
2.203911146e-21
2.18735314e-21
2.169684293e-21
2.152910548e-21
2.133896227e-21
2.115181266e-21
2.090651769e-21
2.075887396e-21
2.060899745e-21
2.041985702e-21
2.024754732e-21
2.007232966e-21
1.98472196e-21
1.966856281e-21
1.949457651e-21
1.931089054e-21
1.913042554e-21
1.892103418e-21
1.874005092e-21
1.85505934e-21
1.834783862e-21
1.81628867e-21
1.795659856e-21
1.77747436e-21
1.758163045e-21
1.738569724e-21
1.715932232e-21
1.697441648e-21
1.677544375e-21
1.65741981e-21
1.630130272e-21
1.614318415e-21
1.591967849e-21
1.571830134e-21
1.552129594e-21
1.531003624e-21
1.510379389e-21
1.489226854e-21
1.467674226e-21
1.446679863e-21
1.423304554e-21
1.403894429e-21
1.379990341e-21
1.359273599e-21
1.337521981e-21
1.315804647e-21
1.294245405e-21
1.272756927e-21
1.24879617e-21
1.226994648e-21
1.206640376e-21
1.178624531e-21
1.156430532e-21
1.134136128e-21
1.110108405e-21
1.084569143e-21
1.060467033e-21
1.035441072e-21
1.010574728e-21
9.868283475e-22
9.578802802e-22
9.348202249e-22
9.079852452e-22
8.84386253e-22
8.587268099e-22
8.342792653e-22
8.079098564e-22
7.840077208e-22
7.576603753e-22
7.293608601e-22
7.066837206e-22
6.801588339e-22
6.558304041e-22
6.268980246e-22
6.033916261e-22
5.774133109e-22
5.517334868e-22
5.225436486e-22
4.966222433e-22
4.733830475e-22
4.355301839e-22
4.136624081e-22
3.865815175e-22
3.583018951e-22
3.303748967e-22
3.027224802e-22
2.737840879e-22
2.448740013e-22
2.166316799e-22
1.892158947e-22
1.611387518e-22
1.324175088e-22
1.034717763e-22
7.811379388e-23
5.290930146e-23
2.987226723e-23
1.172714233e-23
2.222431883e-21
2.205481397e-21
2.18958975e-21
2.171611919e-21
2.151441598e-21
2.133522081e-21
2.115165357e-21
2.093284685e-21
2.078590612e-21
2.061498232e-21
2.043118427e-21
2.02520012e-21
2.006935185e-21
1.986526036e-21
1.968842886e-21
1.950709091e-21
1.932252509e-21
1.913073634e-21
1.894327534e-21
1.875329807e-21
1.856345103e-21
1.837204209e-21
1.817265525e-21
1.797307304e-21
1.778360423e-21
1.759373276e-21
1.739453721e-21
1.718287928e-21
1.697179437e-21
1.677596952e-21
1.657175393e-21
1.634617385e-21
1.615667543e-21
1.59506076e-21
1.57016248e-21
1.551550402e-21
1.530961081e-21
1.511412701e-21
1.490334451e-21
1.469304386e-21
1.44810121e-21
1.425831719e-21
1.402799076e-21
1.382210665e-21
1.359434932e-21
1.338550485e-21
1.317055191e-21
1.29559205e-21
1.272061954e-21
1.250028433e-21
1.228527227e-21
1.206835513e-21
1.181266933e-21
1.156813439e-21
1.134169165e-21
1.108670389e-21
1.086924728e-21
1.063281274e-21
1.035766996e-21
1.009507532e-21
9.888635641e-22
9.608495597e-22
9.336349325e-22
9.10533399e-22
8.838176352e-22
8.584677171e-22
8.345109125e-22
8.097170465e-22
7.869426318e-22
7.570230733e-22
7.277792807e-22
7.06563476e-22
6.829375236e-22
6.533948505e-22
6.277646327e-22
6.039302382e-22
5.781126747e-22
5.522039477e-22
5.258128181e-22
4.955428851e-22
4.697719029e-22
4.401379992e-22
4.159928921e-22
3.832093832e-22
3.608899768e-22
3.28778924e-22
3.04297723e-22
2.750948657e-22
2.461636631e-22
2.128518056e-22
1.895822351e-22
1.613215695e-22
1.327008151e-22
1.040908193e-22
7.793920228e-23
5.353609002e-23
2.915779474e-23
1.178292477e-23
2.224772049e-21
2.208549473e-21
2.192031806e-21
2.173856816e-21
2.148338628e-21
2.13390911e-21
2.113399504e-21
2.09718037e-21
2.080178251e-21
2.063885834e-21
2.045443786e-21
2.025947454e-21
2.007069012e-21
1.989018017e-21
1.969636897e-21
1.951877468e-21
1.934398006e-21
1.91193774e-21
1.895461606e-21
1.877156682e-21
1.858172602e-21
1.837050309e-21
1.818943787e-21
1.799331087e-21
1.780914502e-21
1.758653398e-21
1.739592006e-21
1.719848683e-21
1.69911703e-21
1.678575583e-21
1.657157214e-21
1.636253466e-21
1.616236631e-21
1.595117352e-21
1.571393183e-21
1.551909478e-21
1.532466425e-21
1.51247886e-21
1.492027079e-21
1.471712044e-21
1.44679682e-21
1.427781183e-21
1.403951122e-21
1.382489117e-21
1.360634431e-21
1.339200479e-21
1.317447912e-21
1.295692303e-21
1.273631618e-21
1.251539959e-21
1.229666819e-21
1.207813127e-21
1.18267683e-21
1.156454568e-21
1.136288825e-21
1.109198607e-21
1.085858604e-21
1.063051768e-21
1.038107725e-21
1.010754151e-21
9.87123146e-22
9.621005005e-22
9.354893687e-22
9.12082846e-22
8.84594793e-22
8.585671216e-22
8.34655553e-22
8.086874863e-22
7.863373651e-22
7.603216758e-22
7.335389389e-22
7.064647179e-22
6.779812318e-22
6.553895314e-22
6.305160003e-22
6.02409079e-22
5.784252216e-22
5.521038119e-22
5.256929603e-22
4.988051533e-22
4.686036638e-22
4.386326637e-22
4.156633213e-22
3.844227526e-22
3.595653332e-22
3.317174247e-22
3.044481387e-22
2.757914684e-22
2.487035341e-22
2.143543019e-22
1.85446733e-22
1.611834664e-22
1.324560453e-22
1.047389066e-22
7.819908031e-23
5.340505186e-23
2.991014744e-23
1.166765284e-23
2.227257018e-21
2.209914676e-21
2.193507957e-21
2.172302617e-21
2.15014702e-21
2.130992642e-21
2.116217531e-21
2.099476792e-21
2.084103049e-21
2.064115543e-21
2.046120635e-21
2.027921396e-21
2.00882419e-21
1.989489058e-21
1.970959262e-21
1.952858992e-21
1.934218046e-21
1.914982363e-21
1.895956364e-21
1.877320633e-21
1.858674878e-21
1.839644476e-21
1.819845166e-21
1.800771955e-21
1.780568885e-21
1.760681937e-21
1.741544496e-21
1.720460429e-21
1.700170743e-21
1.679823483e-21
1.659356701e-21
1.636986308e-21
1.616917973e-21
1.595740786e-21
1.571222783e-21
1.553521676e-21
1.534641429e-21
1.514889647e-21
1.490910855e-21
1.471651125e-21
1.448885376e-21
1.428126782e-21
1.406452469e-21
1.384507308e-21
1.361900231e-21
1.338763101e-21
1.318816657e-21
1.296834275e-21
1.27361156e-21
1.252243292e-21
1.230307377e-21
1.2074956e-21
1.184579445e-21
1.156677084e-21
1.137746685e-21
1.110270864e-21
1.088915206e-21
1.063077845e-21
1.037453537e-21
1.013657103e-21
9.839277405e-22
9.630745551e-22
9.372374644e-22
9.133456212e-22
8.859482446e-22
8.605308115e-22
8.345996917e-22
8.097111863e-22
7.827323382e-22
7.612596943e-22
7.363447046e-22
7.052154404e-22
6.809558004e-22
6.5412365e-22
6.316790956e-22
6.05851658e-22
5.754825436e-22
5.510128297e-22
5.247910863e-22
4.993616485e-22
4.680403106e-22
4.417477101e-22
4.152841968e-22
3.86753006e-22
3.61540817e-22
3.307923901e-22
3.018691625e-22
2.751253219e-22
2.46350877e-22
2.169645878e-22
1.894605497e-22
1.622446925e-22
1.338745348e-22
1.034117334e-22
7.648692688e-23
5.32992817e-23
3.044077192e-23
1.180689885e-23
2.227812296e-21
2.211303775e-21
2.195085818e-21
2.172921561e-21
2.153912745e-21
2.129457734e-21
2.117865729e-21
2.101106531e-21
2.083793852e-21
2.066125372e-21
2.048426205e-21
2.030483402e-21
2.00977892e-21
1.989526948e-21
1.971516526e-21
1.954114873e-21
1.935416646e-21
1.916400285e-21
1.897405537e-21
1.878745254e-21
1.859523748e-21
1.840508599e-21
1.821185322e-21
1.8019194e-21
1.782325277e-21
1.761342996e-21
1.742162561e-21
1.721271701e-21
1.701327299e-21
1.68086324e-21
1.660022044e-21
1.637282532e-21
1.617709644e-21
1.59606987e-21
1.574269491e-21
1.555127485e-21
1.535049583e-21
1.514800202e-21
1.493321553e-21
1.472123155e-21
1.45174953e-21
1.429098022e-21
1.406663471e-21
1.38743472e-21
1.361257262e-21
1.339751294e-21
1.319731988e-21
1.297401045e-21
1.275190691e-21
1.252496831e-21
1.23127679e-21
1.20702233e-21
1.183553925e-21
1.160745046e-21
1.135516427e-21
1.113347339e-21
1.090647329e-21
1.065817908e-21
1.038097625e-21
1.012577707e-21
9.857096246e-22
9.634562291e-22
9.392413058e-22
9.138704092e-22
8.871212938e-22
8.603996791e-22
8.342913025e-22
8.099607105e-22
7.838167983e-22
7.610310173e-22
7.35412038e-22
7.114765343e-22
6.775843795e-22
6.539858312e-22
6.307675713e-22
6.057644039e-22
5.787839633e-22
5.490715809e-22
5.26700681e-22
4.980976179e-22
4.695154597e-22
4.447038596e-22
4.159123202e-22
3.862645858e-22
3.589048122e-22
3.309223422e-22
3.036040604e-22
2.759470163e-22
2.481343501e-22
2.19597147e-22
1.877802631e-22
1.598963885e-22
1.323788628e-22
1.05692312e-22
7.813299226e-23
5.143771455e-23
3.07487099e-23
1.158317989e-23
2.229326191e-21
2.210014413e-21
2.194899195e-21
2.176026535e-21
2.155097701e-21
2.136592117e-21
2.118127662e-21
2.100138686e-21
2.084186747e-21
2.067878776e-21
2.0476524e-21
2.030526946e-21
2.011961077e-21
1.992956492e-21
1.975309207e-21
1.955229471e-21
1.935666301e-21
1.916784373e-21
1.899134444e-21
1.878802337e-21
1.860655086e-21
1.841541452e-21
1.822456118e-21
1.802312161e-21
1.783211755e-21
1.763313025e-21
1.742296997e-21
1.722801312e-21
1.70225564e-21
1.682571174e-21
1.661989385e-21
1.640683067e-21
1.614796244e-21
1.597112891e-21
1.576300058e-21
1.556291549e-21
1.536219597e-21
1.515617691e-21
1.495576551e-21
1.472798632e-21
1.452165733e-21
1.429217715e-21
1.408723853e-21
1.385879172e-21
1.363492383e-21
1.341770731e-21
1.320148716e-21
1.298617324e-21
1.277295857e-21
1.253325953e-21
1.231096518e-21
1.208451592e-21
1.185533896e-21
1.160173157e-21
1.138190008e-21
1.113424213e-21
1.089999689e-21
1.064988296e-21
1.038844116e-21
1.014256143e-21
9.889371697e-22
9.649662435e-22
9.386127567e-22
9.159958037e-22
8.880090907e-22
8.614535598e-22
8.364211633e-22
8.133310723e-22
7.854817128e-22
7.582685548e-22
7.298680266e-22
7.089110418e-22
6.808308367e-22
6.553549469e-22
6.300799637e-22
6.058527068e-22
5.800844312e-22
5.51887293e-22
5.258610317e-22
4.990818191e-22
4.702912098e-22
4.428743573e-22
4.163177678e-22
3.878569509e-22
3.587388673e-22
3.317505754e-22
3.029827077e-22
2.762071024e-22
2.493881729e-22
2.172339408e-22
1.89171843e-22
1.603943572e-22
1.329371545e-22
1.067059287e-22
7.684511607e-23
5.2486871e-23
3.02261832e-23
1.182955307e-23
2.22797715e-21
2.21311457e-21
2.196562422e-21
2.176486627e-21
2.15763356e-21
2.136845137e-21
2.120736599e-21
2.102547888e-21
2.085172594e-21
2.068172346e-21
2.04860642e-21
2.031751842e-21
2.013158508e-21
1.994025394e-21
1.976224519e-21
1.957014704e-21
1.938179978e-21
1.918530123e-21
1.900350551e-21
1.881323994e-21
1.862094874e-21
1.842239167e-21
1.82215546e-21
1.803206763e-21
1.784398835e-21
1.763858214e-21
1.744080394e-21
1.723923307e-21
1.703945146e-21
1.684305724e-21
1.663052433e-21
1.638926697e-21
1.617241213e-21
1.598138747e-21
1.578651601e-21
1.55866329e-21
1.53689747e-21
1.516745218e-21
1.495674793e-21
1.47464498e-21
1.452326226e-21
1.429953641e-21
1.408044571e-21
1.386843005e-21
1.364997165e-21
1.343439942e-21
1.321785954e-21
1.300209999e-21
1.278381845e-21
1.254827223e-21
1.230550246e-21
1.209317931e-21
1.186214537e-21
1.161610253e-21
1.137279177e-21
1.116269915e-21
1.088488653e-21
1.066569188e-21
1.040253234e-21
1.015836296e-21
9.895694541e-22
9.644275387e-22
9.409788808e-22
9.168488531e-22
8.907255367e-22
8.668218134e-22
8.435002618e-22
8.124169855e-22
7.746020802e-22
7.568482492e-22
7.312051009e-22
7.065603621e-22
6.823314303e-22
6.572608765e-22
6.30669093e-22
6.058857808e-22
5.79884404e-22
5.540962787e-22
5.285709893e-22
4.993883524e-22
4.725516043e-22
4.437825686e-22
4.132869562e-22
3.880846015e-22
3.602919173e-22
3.304361799e-22
3.023217934e-22
2.767518526e-22
2.498608143e-22
2.169964111e-22
1.885603384e-22
1.605357779e-22
1.333796672e-22
1.057017952e-22
7.915377607e-23
5.194145916e-23
3.034413963e-23
1.187689322e-23
2.231313382e-21
2.212564087e-21
2.196557059e-21
2.178621823e-21
2.160859249e-21
2.141518454e-21
2.122141346e-21
2.103916994e-21
2.087280209e-21
2.067876481e-21
2.049968726e-21
2.032318329e-21
2.014193886e-21
1.995294112e-21
1.977810066e-21
1.958711885e-21
1.940373043e-21
1.921430803e-21
1.900574137e-21
1.881578528e-21
1.862774711e-21
1.843209335e-21
1.823464298e-21
1.805147859e-21
1.78429226e-21
1.764995178e-21
1.745183166e-21
1.725092572e-21
1.704711716e-21
1.683699182e-21
1.662865608e-21
1.641068605e-21
1.619829838e-21
1.599672803e-21
1.580275553e-21
1.559921506e-21
1.539170602e-21
1.51868198e-21
1.495946254e-21
1.474618522e-21
1.453762607e-21
1.431214616e-21
1.408825009e-21
1.387683305e-21
1.365809291e-21
1.34447907e-21
1.322658978e-21
1.301030276e-21
1.278991301e-21
1.256194831e-21
1.233346473e-21
1.20974899e-21
1.186642997e-21
1.163632977e-21
1.136682887e-21
1.114943833e-21
1.089650672e-21
1.066103501e-21
1.041514826e-21
1.018018828e-21
9.926144109e-22
9.678101968e-22
9.414332322e-22
9.174818224e-22
8.938216075e-22
8.67835305e-22
8.41415479e-22
8.096302057e-22
7.761336557e-22
7.557458406e-22
7.348921979e-22
7.108698508e-22
6.766016162e-22
6.573281642e-22
6.317936801e-22
6.064576566e-22
5.807976632e-22
5.550637626e-22
5.270415851e-22
4.99114889e-22
4.723465347e-22
4.451723741e-22
4.156501788e-22
3.889720728e-22
3.634720587e-22
3.301376425e-22
3.000054023e-22
2.770691431e-22
2.477344693e-22
2.195864433e-22
1.905269477e-22
1.576865902e-22
1.324237189e-22
1.059865782e-22
7.892383122e-23
5.325077451e-23
3.054408621e-23
1.16117807e-23
2.232489213e-21
2.214918644e-21
2.196595538e-21
2.181413584e-21
2.159602436e-21
2.144464516e-21
2.124117924e-21
2.105054856e-21
2.08833038e-21
2.069916899e-21
2.052120455e-21
2.034704599e-21
2.014841217e-21
1.995977198e-21
1.978766721e-21
1.960171959e-21
1.943064477e-21
1.919228652e-21
1.902707695e-21
1.883334201e-21
1.864857604e-21
1.847030068e-21
1.829073674e-21
1.800305275e-21
1.785993061e-21
1.76693636e-21
1.746394881e-21
1.724954237e-21
1.706490157e-21
1.681378033e-21
1.66376049e-21
1.643190764e-21
1.621133113e-21
1.601531184e-21
1.581915282e-21
1.562163426e-21
1.538620577e-21
1.518931919e-21
1.497524795e-21
1.47518775e-21
1.454312122e-21
1.43247161e-21
1.411152524e-21
1.389438777e-21
1.367376208e-21
1.345702988e-21
1.324050345e-21
1.301500257e-21
1.28015712e-21
1.257463333e-21
1.234113077e-21
1.208552456e-21
1.18799929e-21
1.164371866e-21
1.137396233e-21
1.115529046e-21
1.091961609e-21
1.066235305e-21
1.042844473e-21
1.019897529e-21
9.92674784e-22
9.679695772e-22
9.446566002e-22
9.200347406e-22
8.944986197e-22
8.677223632e-22
8.391685885e-22
8.087605412e-22
7.785738786e-22
7.535357645e-22
7.335646369e-22
7.093409615e-22
6.841275957e-22
6.612624658e-22
6.28181334e-22
6.068534664e-22
5.812457434e-22
5.522073134e-22
5.281547029e-22
5.002459881e-22
4.730525193e-22
4.455478109e-22
4.176730032e-22
3.910927281e-22
3.637875775e-22
3.248899714e-22
3.041041231e-22
2.756420149e-22
2.474096396e-22
2.195347745e-22
1.903510125e-22
1.60158582e-22
1.334150553e-22
1.062648868e-22
7.71844287e-23
5.358319121e-23
3.053009754e-23
1.163690616e-23
2.233256312e-21
2.215704552e-21
2.198346207e-21
2.181956236e-21
2.162261983e-21
2.145440199e-21
2.127960351e-21
2.105654157e-21
2.088866678e-21
2.071898617e-21
2.055201951e-21
2.036365246e-21
2.013480343e-21
1.99820293e-21
1.979469725e-21
1.961211164e-21
1.943591396e-21
1.920680931e-21
1.904015751e-21
1.885159279e-21
1.86601974e-21
1.847760682e-21
1.828704424e-21
1.805946887e-21
1.789352274e-21
1.770396575e-21
1.746123896e-21
1.720588392e-21
1.705871276e-21
1.685437798e-21
1.665843564e-21
1.644140379e-21
1.62222975e-21
1.602993415e-21
1.58302671e-21
1.561690053e-21
1.540743777e-21
1.519809771e-21
1.498669706e-21
1.47635751e-21
1.455558852e-21
1.434188541e-21
1.412613234e-21
1.390444745e-21
1.370615099e-21
1.345290734e-21
1.325449676e-21
1.301117588e-21
1.280343637e-21
1.257675326e-21
1.235493368e-21
1.212063746e-21
1.188370129e-21
1.164425359e-21
1.138867964e-21
1.115543606e-21
1.090151156e-21
1.068672721e-21
1.045709792e-21
1.016461947e-21
9.942766062e-22
9.696009408e-22
9.471779275e-22
9.211389002e-22
9.011752578e-22
8.675333247e-22
8.443603957e-22
8.060460198e-22
7.711471245e-22
7.553893829e-22
7.344837979e-22
7.083428278e-22
6.839585158e-22
6.590663908e-22
6.330310452e-22
6.08524764e-22
5.811345212e-22
5.520961856e-22
5.283765707e-22
5.011644949e-22
4.73747211e-22
4.468614483e-22
4.155790303e-22
3.908986096e-22
3.604606086e-22
3.28938554e-22
3.049337814e-22
2.767553028e-22
2.499934174e-22
2.167056718e-22
1.897126598e-22
1.60947034e-22
1.329544634e-22
1.061856778e-22
7.866859074e-23
5.42235305e-23
2.952479518e-23
1.178869651e-23
2.235605048e-21
2.215744732e-21
2.199634136e-21
2.182168524e-21
2.163753027e-21
2.146582398e-21
2.128884899e-21
2.108424257e-21
2.090785997e-21
2.072371372e-21
2.054004009e-21
2.03725877e-21
2.018504244e-21
1.997649575e-21
1.981264346e-21
1.96233775e-21
1.94528141e-21
1.922868536e-21
1.905148835e-21
1.88680015e-21
1.867600747e-21
1.848329792e-21
1.828625044e-21
1.808555945e-21
1.789101921e-21
1.769538989e-21
1.746340884e-21
1.726461588e-21
1.707148398e-21
1.686543209e-21
1.666354234e-21
1.645752936e-21
1.624496178e-21
1.604029798e-21
1.584750747e-21
1.562634616e-21
1.542326352e-21
1.520146116e-21
1.499265299e-21
1.478244467e-21
1.456514304e-21
1.435332075e-21
1.413659144e-21
1.391380591e-21
1.370024525e-21
1.347949526e-21
1.326373142e-21
1.305011571e-21
1.279114117e-21
1.258091754e-21
1.236186234e-21
1.21109196e-21
1.187476879e-21
1.165254858e-21
1.140095979e-21
1.116512149e-21
1.093614424e-21
1.070837557e-21
1.042789569e-21
1.020360567e-21
9.944454053e-22
9.676446728e-22
9.471488681e-22
9.223317256e-22
9.011492735e-22
8.751916148e-22
8.46556438e-22
8.02410924e-22
7.724163772e-22
7.55076765e-22
7.33818988e-22
7.109613999e-22
6.845961821e-22
6.600493384e-22
6.344396972e-22
6.090214537e-22
5.786592844e-22
5.543283407e-22
5.274318654e-22
5.01413203e-22
4.741472375e-22
4.48199072e-22
4.158261113e-22
3.90397162e-22
3.60159522e-22
3.323599495e-22
3.072232775e-22
2.734773706e-22
2.475666351e-22
2.201715962e-22
1.873647981e-22
1.617394264e-22
1.33430689e-22
1.057465103e-22
7.978055976e-23
5.293989394e-23
3.044104345e-23
1.188915933e-23
2.235466858e-21
2.218025994e-21
2.201661796e-21
2.182919576e-21
2.165829429e-21
2.146680012e-21
2.129083034e-21
2.110906952e-21
2.091577716e-21
2.074084807e-21
2.055298128e-21
2.037965986e-21
2.020256477e-21
2.001522975e-21
1.981705787e-21
1.963829142e-21
1.944905384e-21
1.926158774e-21
1.90761921e-21
1.888498716e-21
1.868005787e-21
1.848233283e-21
1.829409289e-21
1.809577421e-21
1.78964255e-21
1.770231684e-21
1.748300573e-21
1.729395804e-21
1.708019278e-21
1.688492706e-21
1.668483387e-21
1.646266119e-21
1.626345237e-21
1.605586657e-21
1.585421905e-21
1.564514344e-21
1.543359671e-21
1.521740428e-21
1.500619463e-21
1.479491463e-21
1.458199954e-21
1.436697801e-21
1.414771311e-21
1.392576927e-21
1.37040558e-21
1.348897425e-21
1.327749587e-21
1.303879031e-21
1.280266208e-21
1.259106011e-21
1.237349177e-21
1.21161673e-21
1.190441128e-21
1.164215655e-21
1.142926184e-21
1.113429766e-21
1.093834704e-21
1.069403805e-21
1.046297369e-21
1.01852284e-21
9.947185426e-22
9.70638436e-22
9.47711607e-22
9.221335596e-22
8.999530583e-22
8.746943257e-22
8.461892145e-22
8.118623588e-22
7.774678325e-22
7.502855521e-22
7.345225567e-22
7.123957458e-22
6.860581179e-22
6.621736157e-22
6.33349639e-22
6.085184545e-22
5.80890686e-22
5.543419188e-22
5.27712856e-22
5.006626363e-22
4.739640892e-22
4.463264181e-22
4.185455649e-22
3.90554458e-22
3.588069961e-22
3.331130064e-22
3.081086747e-22
2.777896239e-22
2.438507169e-22
2.197797242e-22
1.923081466e-22
1.587283783e-22
1.328096006e-22
1.057959261e-22
7.933612135e-23
5.382242448e-23
3.02809814e-23
1.194083331e-23
2.23777091e-21
2.22027197e-21
2.202680958e-21
2.185776986e-21
2.167056952e-21
2.146810305e-21
2.129293007e-21
2.111683959e-21
2.093539262e-21
2.075633626e-21
2.057331832e-21
2.039054274e-21
2.022042159e-21
2.002617057e-21
1.983152133e-21
1.96557329e-21
1.946885587e-21
1.927504137e-21
1.907982594e-21
1.88979239e-21
1.869899163e-21
1.850989377e-21
1.829124032e-21
1.809500833e-21
1.79094291e-21
1.771184345e-21
1.751275005e-21
1.729565875e-21
1.710089821e-21
1.68977427e-21
1.669282835e-21
1.648652078e-21
1.628213426e-21
1.607533139e-21
1.587918156e-21
1.565906765e-21
1.544420033e-21
1.525179668e-21
1.502498766e-21
1.478878417e-21
1.461196139e-21
1.435589573e-21
1.415514167e-21
1.392928575e-21
1.371470793e-21
1.351345983e-21
1.326827865e-21
1.30615553e-21
1.282139599e-21
1.25888716e-21
1.234139998e-21
1.21188414e-21
1.189836912e-21
1.164834437e-21
1.143682808e-21
1.117099086e-21
1.09549725e-21
1.070082926e-21
1.044195909e-21
1.019794858e-21
9.953203814e-22
9.709669102e-22
9.475048216e-22
9.232480412e-22
8.989214679e-22
8.737950513e-22
8.486482133e-22
8.188338232e-22
7.775905391e-22
7.550779448e-22
7.322193036e-22
7.135668469e-22
6.880439786e-22
6.627122159e-22
6.350269545e-22
6.087516966e-22
5.804721315e-22
5.549135621e-22
5.253375281e-22
5.007601872e-22
4.739784224e-22
4.465460688e-22
4.19260126e-22
3.873002694e-22
3.611047384e-22
3.339935147e-22
3.059887576e-22
2.772768803e-22
2.457812507e-22
2.198339129e-22
1.910814891e-22
1.624611182e-22
1.344812139e-22
1.058209532e-22
7.848991149e-23
5.356411185e-23
3.03463675e-23
1.140414225e-23
2.239208559e-21
2.220625722e-21
2.204191632e-21
2.188365198e-21
2.165670614e-21
2.149648952e-21
2.131291662e-21
2.112278259e-21
2.095716044e-21
2.076090308e-21
2.059466983e-21
2.04075606e-21
2.023429107e-21
2.003064754e-21
1.985829562e-21
1.966642149e-21
1.948036011e-21
1.929623627e-21
1.908577656e-21
1.890653235e-21
1.871636344e-21
1.85082534e-21
1.831074236e-21
1.811170572e-21
1.792214945e-21
1.772822849e-21
1.752880757e-21
1.729800265e-21
1.711678689e-21
1.691350581e-21
1.670978189e-21
1.650411956e-21
1.629659544e-21
1.608610573e-21
1.588563782e-21
1.567808448e-21
1.547124325e-21
1.526387689e-21
1.505056415e-21
1.482518527e-21
1.461426954e-21
1.436797909e-21
1.416914625e-21
1.39219469e-21
1.372483231e-21
1.350719627e-21
1.329925192e-21
1.304745083e-21
1.280278734e-21
1.258814376e-21
1.237477663e-21
1.211209635e-21
1.190851614e-21
1.163961881e-21
1.143862758e-21
1.119122185e-21
1.095698347e-21
1.072093235e-21
1.047125341e-21
1.023482113e-21
9.97371931e-22
9.722861226e-22
9.492186587e-22
9.240402012e-22
8.973079822e-22
8.693912149e-22
8.440166244e-22
8.193257926e-22
7.82058337e-22
7.601560443e-22
7.355383438e-22
7.159128311e-22
6.883449428e-22
6.590982069e-22
6.366139825e-22
6.085928261e-22
5.819173092e-22
5.538890118e-22
5.260062191e-22
5.00721177e-22
4.740168049e-22
4.465559324e-22
4.172987916e-22
3.870477599e-22
3.61710307e-22
3.342357156e-22
3.060499927e-22
2.775514022e-22
2.478600464e-22
2.204217049e-22
1.909649969e-22
1.631392164e-22
1.342911435e-22
1.061313253e-22
7.84430573e-23
5.364011325e-23
3.036447962e-23
1.192277936e-23
2.240336722e-21
2.222066182e-21
2.205420803e-21
2.186792241e-21
2.169337839e-21
2.150836328e-21
2.133261959e-21
2.114940566e-21
2.096769442e-21
2.07924228e-21
2.061294387e-21
2.041329315e-21
2.024944763e-21
2.006708355e-21
1.984089425e-21
1.967835832e-21
1.949462958e-21
1.930104989e-21
1.911197517e-21
1.892391844e-21
1.870594088e-21
1.852303084e-21
1.832547924e-21
1.812562896e-21
1.793129827e-21
1.773559723e-21
1.753157944e-21
1.733101334e-21
1.713609461e-21
1.693436191e-21
1.671931164e-21
1.652400517e-21
1.631644748e-21
1.610044581e-21
1.590473959e-21
1.568495097e-21
1.548494229e-21
1.527653666e-21
1.506463211e-21
1.485278227e-21
1.461290106e-21
1.43772657e-21
1.415828662e-21
1.39427869e-21
1.372241554e-21
1.351243796e-21
1.330651729e-21
1.306564376e-21
1.28225542e-21
1.258167065e-21
1.235663143e-21
1.214122935e-21
1.19340184e-21
1.166693417e-21
1.144957549e-21
1.120167999e-21
1.09596207e-21
1.073485456e-21
1.050191404e-21
1.024247936e-21
1.003434072e-21
9.726438842e-22
9.4586678e-22
9.20952956e-22
8.921980203e-22
8.672900923e-22
8.427829637e-22
8.180076142e-22
7.890068773e-22
7.654116253e-22
7.37881509e-22
7.151445166e-22
6.854949741e-22
6.619576044e-22
6.374292953e-22
6.101928308e-22
5.81999331e-22
5.52867273e-22
5.274230696e-22
5.013078577e-22
4.738377749e-22
4.463342599e-22
4.186467354e-22
3.911830505e-22
3.611045978e-22
3.312505432e-22
3.059739774e-22
2.775559641e-22
2.489887398e-22
2.2050559e-22
1.924110837e-22
1.62850566e-22
1.338173807e-22
1.056367954e-22
7.924017855e-23
5.320971483e-23
3.065831976e-23
1.198329053e-23
2.241536991e-21
2.223740801e-21
2.206192229e-21
2.18854062e-21
2.171590528e-21
2.153218946e-21
2.134021203e-21
2.116414851e-21
2.098624105e-21
2.080413529e-21
2.062066201e-21
2.045255885e-21
2.024900577e-21
2.006147245e-21
1.986890836e-21
1.969559849e-21
1.951106102e-21
1.931559733e-21
1.912406076e-21
1.892147263e-21
1.871848807e-21
1.853670436e-21
1.833987331e-21
1.814242761e-21
1.794880054e-21
1.775192114e-21
1.754566013e-21
1.735338063e-21
1.71415347e-21
1.695161775e-21
1.674666309e-21
1.653996299e-21
1.633201438e-21
1.613010535e-21
1.591517715e-21
1.57048299e-21
1.548494713e-21
1.528297355e-21
1.507852771e-21
1.48597195e-21
1.463685501e-21
1.436913443e-21
1.415546572e-21
1.395005831e-21
1.373821281e-21
1.352410403e-21
1.331423071e-21
1.305159627e-21
1.284211174e-21
1.261054635e-21
1.236149224e-21
1.214906057e-21
1.193665631e-21
1.170568393e-21
1.144995198e-21
1.122637316e-21
1.098812429e-21
1.073496036e-21
1.050927332e-21
1.028142597e-21
1.004898676e-21
9.746243789e-22
9.42510629e-22
9.180992494e-22
8.924114594e-22
8.665758561e-22
8.410962986e-22
8.183110372e-22
7.904920276e-22
7.657423242e-22
7.398465847e-22
7.136251899e-22
6.8930235e-22
6.62274896e-22
6.363277865e-22
6.112363401e-22
5.8371575e-22
5.528562527e-22
5.272581841e-22
5.021812801e-22
4.765487734e-22
4.444749155e-22
4.197117599e-22
3.923738492e-22
3.595555008e-22
3.319264209e-22
3.073702509e-22
2.777517421e-22
2.489507313e-22
2.202679752e-22
1.919739331e-22
1.631418588e-22
1.346722318e-22
1.062855854e-22
7.871762571e-23
5.331697371e-23
3.08373665e-23
1.197314247e-23
2.242860994e-21
2.225647884e-21
2.207894054e-21
2.190853917e-21
2.174362402e-21
2.153752084e-21
2.133467944e-21
2.118513856e-21
2.100993617e-21
2.081973845e-21
2.06468991e-21
2.046178881e-21
2.024786406e-21
2.008456146e-21
1.988355216e-21
1.970647765e-21
1.95213101e-21
1.933232627e-21
1.913940718e-21
1.893193267e-21
1.874101486e-21
1.854617911e-21
1.835130702e-21
1.815951322e-21
1.796769201e-21
1.777036208e-21
1.755963338e-21
1.735706894e-21
1.716543113e-21
1.695982617e-21
1.676290057e-21
1.655403284e-21
1.634737706e-21
1.61334827e-21
1.593226429e-21
1.571005615e-21
1.550460134e-21
1.530532696e-21
1.507011026e-21
1.486529946e-21
1.466253796e-21
1.436349574e-21
1.416867643e-21
1.395567471e-21
1.375175042e-21
1.353765515e-21
1.330553889e-21
1.306153025e-21
1.285376994e-21
1.261832335e-21
1.238339237e-21
1.218336009e-21
1.19384863e-21
1.171719131e-21
1.145981448e-21
1.124670018e-21
1.101370286e-21
1.075699965e-21
1.052769885e-21
1.026815094e-21
1.003672739e-21
9.806768438e-22
9.388805458e-22
9.155930108e-22
8.937526761e-22
8.641123309e-22
8.420893592e-22
8.182844849e-22
7.926536053e-22
7.65579877e-22
7.421682354e-22
7.183693118e-22
6.869446986e-22
6.636345356e-22
6.362753382e-22
6.092998961e-22
5.816263403e-22
5.545349611e-22
5.288688991e-22
5.010476944e-22
4.758102543e-22
4.474095804e-22
4.199622835e-22
3.912459719e-22
3.619288139e-22
3.32742676e-22
3.065812859e-22
2.785711095e-22
2.495248549e-22
2.204035796e-22
1.922044452e-22
1.625867802e-22
1.349131241e-22
1.067746346e-22
7.850207051e-23
5.370607323e-23
3.091318601e-23
1.200217612e-23
2.245287888e-21
2.227451981e-21
2.207875559e-21
2.191448762e-21
2.174146167e-21
2.15603847e-21
2.138005093e-21
2.120105522e-21
2.101639722e-21
2.084237176e-21
2.0657494e-21
2.046365155e-21
2.027673372e-21
2.01035281e-21
1.989580993e-21
1.97093782e-21
1.954070706e-21
1.933537505e-21
1.914374316e-21
1.895337341e-21
1.875452676e-21
1.856464062e-21
1.837719981e-21
1.817013738e-21
1.798360556e-21
1.779095144e-21
1.758518024e-21
1.736208362e-21
1.718426131e-21
1.698354519e-21
1.679148248e-21
1.654512084e-21
1.633881152e-21
1.614268531e-21
1.593042943e-21
1.572286962e-21
1.551688583e-21
1.531411825e-21
1.508127724e-21
1.485634234e-21
1.463187162e-21
1.440828252e-21
1.41902517e-21
1.397482014e-21
1.376352785e-21
1.354376583e-21
1.33177741e-21
1.307579771e-21
1.284763098e-21
1.264030758e-21
1.241722945e-21
1.221158968e-21
1.198550305e-21
1.171347774e-21
1.147308779e-21
1.124216556e-21
1.10198603e-21
1.077643624e-21
1.054197613e-21
1.030845843e-21
1.007066913e-21
9.785469066e-22
9.347430542e-22
9.151009166e-22
8.901573869e-22
8.678604256e-22
8.425985392e-22
8.188098376e-22
7.900624318e-22
7.676318853e-22
7.438716351e-22
7.157849522e-22
6.903750093e-22
6.651999329e-22
6.368457879e-22
6.099258783e-22
5.802615012e-22
5.550490437e-22
5.304423572e-22
5.004072643e-22
4.763847786e-22
4.489880861e-22
4.192789648e-22
3.920389853e-22
3.621246906e-22
3.340934609e-22
3.069491581e-22
2.787078757e-22
2.4939411e-22
2.221799612e-22
1.907002008e-22
1.635845088e-22
1.353946689e-22
1.070243725e-22
7.840565158e-23
5.427756627e-23
2.99563943e-23
1.203822875e-23
2.247064473e-21
2.227120158e-21
2.211026647e-21
2.193630367e-21
2.176156587e-21
2.158054758e-21
2.137885062e-21
2.121563625e-21
2.103576477e-21
2.084344437e-21
2.066665592e-21
2.048907755e-21
2.031494441e-21
2.011542518e-21
1.989470855e-21
1.973473939e-21
1.955093314e-21
1.936795758e-21
1.915840883e-21
1.892689226e-21
1.877902486e-21
1.857139925e-21
1.838570218e-21
1.819230981e-21
1.799789008e-21
1.780528063e-21
1.759432861e-21
1.739013766e-21
1.719776944e-21
1.699118135e-21
1.678936464e-21
1.657764142e-21
1.635133943e-21
1.614713123e-21
1.594057764e-21
1.573117415e-21
1.55436717e-21
1.529482273e-21
1.51014545e-21
1.483351328e-21
1.465361734e-21
1.441690565e-21
1.420254081e-21
1.398961202e-21
1.377583455e-21
1.355501271e-21
1.333144559e-21
1.307618038e-21
1.287063596e-21
1.266027638e-21
1.24439152e-21
1.222072556e-21
1.198764662e-21
1.170876562e-21
1.150190706e-21
1.127053962e-21
1.103857168e-21
1.08075941e-21
1.053796515e-21
1.034104302e-21
1.000777725e-21
9.73985069e-22
9.387621134e-22
9.159589484e-22
8.925139459e-22
8.687297448e-22
8.461176109e-22
8.198109075e-22
7.896872424e-22
7.684642348e-22
7.434600878e-22
7.141223997e-22
6.911068079e-22
6.670587356e-22
6.426313864e-22
6.080230816e-22
5.796526451e-22
5.532364395e-22
5.273092154e-22
5.033076006e-22
4.774201019e-22
4.495725568e-22
4.180888192e-22
3.924852833e-22
3.627951931e-22
3.351120137e-22
3.072453901e-22
2.790742042e-22
2.496161214e-22
2.238794367e-22
1.898972566e-22
1.642532731e-22
1.359003305e-22
1.054524349e-22
7.96870941e-23
5.3144482e-23
3.060848673e-23
1.206533355e-23
2.248156401e-21
2.23028385e-21
2.213194255e-21
2.19542595e-21
2.177414708e-21
2.158839423e-21
2.14063666e-21
2.123015427e-21
2.103851892e-21
2.086841837e-21
2.067522255e-21
2.050388049e-21
2.031984796e-21
2.012982158e-21
1.994023055e-21
1.975210095e-21
1.955436084e-21
1.935867486e-21
1.918677846e-21
1.896487041e-21
1.876326934e-21
1.859508313e-21
1.840580414e-21
1.822196226e-21
1.799626178e-21
1.781058549e-21
1.761111415e-21
1.740469214e-21
1.721150918e-21
1.70130351e-21
1.682943726e-21
1.654641262e-21
1.63658214e-21
1.61578161e-21
1.595607141e-21
1.574238521e-21
1.554516168e-21
1.52932204e-21
1.509265671e-21
1.486152e-21
1.465025891e-21
1.443526919e-21
1.421485373e-21
1.400403086e-21
1.378762971e-21
1.356390239e-21
1.333487337e-21
1.310557248e-21
1.289266397e-21
1.267766769e-21
1.243752899e-21
1.222172436e-21
1.200099117e-21
1.175230652e-21
1.153448829e-21
1.129511545e-21
1.102053441e-21
1.080239698e-21
1.056119294e-21
1.033061889e-21
1.004238205e-21
9.671195513e-22
9.385487176e-22
9.18860395e-22
8.94655179e-22
8.718626713e-22
8.474328833e-22
8.185853816e-22
7.958616795e-22
7.656533826e-22
7.453223203e-22
7.115423519e-22
6.907232543e-22
6.661832898e-22
6.394269736e-22
6.107073874e-22
5.827050378e-22
5.546766128e-22
5.259181037e-22
5.04341025e-22
4.778033896e-22
4.51875624e-22
4.167427066e-22
3.929517475e-22
3.669657335e-22
3.335983111e-22
3.074553239e-22
2.782099389e-22
2.491509174e-22
2.212737753e-22
1.933714125e-22
1.635251644e-22
1.354564885e-22
1.06123709e-22
7.982229704e-23
5.401419116e-23
3.113120746e-23
1.158734546e-23
2.249923549e-21
2.232442531e-21
2.21422761e-21
2.196916101e-21
2.177900587e-21
2.160404743e-21
2.142728401e-21
2.123541489e-21
2.107385078e-21
2.086959632e-21
2.070235905e-21
2.051916212e-21
2.033381925e-21
2.015020938e-21
1.996718863e-21
1.973998199e-21
1.95688935e-21
1.936194414e-21
1.918529297e-21
1.899690903e-21
1.879283706e-21
1.861058777e-21
1.84177485e-21
1.822265052e-21
1.802501331e-21
1.781994653e-21
1.763113515e-21
1.74156237e-21
1.722156218e-21
1.700946713e-21
1.682015919e-21
1.657912032e-21
1.637973146e-21
1.617328178e-21
1.59637122e-21
1.576304237e-21
1.55267231e-21
1.532985177e-21
1.5088863e-21
1.48833642e-21
1.466399279e-21
1.444026932e-21
1.422988282e-21
1.401796788e-21
1.380015499e-21
1.357748299e-21
1.335168759e-21
1.31154648e-21
1.290014932e-21
1.267105643e-21
1.246203478e-21
1.226563393e-21
1.198557733e-21
1.176971414e-21
1.155444592e-21
1.127008306e-21
1.105090532e-21
1.078177271e-21
1.053996472e-21
1.029801915e-21
1.00362005e-21
9.767921821e-22
9.400613942e-22
9.26473325e-22
8.91458388e-22
8.736732393e-22
8.452547858e-22
8.220876807e-22
7.950581217e-22
7.651484245e-22
7.409456822e-22
7.15770451e-22
6.922046994e-22
6.623987484e-22
6.39874167e-22
6.157777611e-22
5.773961723e-22
5.560953993e-22
5.296606571e-22
5.049043709e-22
4.777429711e-22
4.501491052e-22
4.210696753e-22
3.940454242e-22
3.661276939e-22
3.361337483e-22
3.078612769e-22
2.791341062e-22
2.482880192e-22
2.230069791e-22
1.899235141e-22
1.651427921e-22
1.337170766e-22
1.073461937e-22
8.124346701e-23
5.235159424e-23
3.096769618e-23
1.185374995e-23
2.25215488e-21
2.234311622e-21
2.213685536e-21
2.198142929e-21
2.180748414e-21
2.161393529e-21
2.144181497e-21
2.125233757e-21
2.108941288e-21
2.089080047e-21
2.070896194e-21
2.053476035e-21
2.034710086e-21
2.015576557e-21
1.997828767e-21
1.975776676e-21
1.958137177e-21
1.939091694e-21
1.920593513e-21
1.900567523e-21
1.882498244e-21
1.86242589e-21
1.842640877e-21
1.823018771e-21
1.802752838e-21
1.783913531e-21
1.76246587e-21
1.743072325e-21
1.722499804e-21
1.703192143e-21
1.68156388e-21
1.660351022e-21
1.639339192e-21
1.61792156e-21
1.597683184e-21
1.576475778e-21
1.555589114e-21
1.534412432e-21
1.511655381e-21
1.487821408e-21
1.468714133e-21
1.445337086e-21
1.424840028e-21
1.401598795e-21
1.381970724e-21
1.357485201e-21
1.335805168e-21
1.313368691e-21
1.290603174e-21
1.269658819e-21
1.24718212e-21
1.224624073e-21
1.20179777e-21
1.178407535e-21
1.155155035e-21
1.130580086e-21
1.107034596e-21
1.076121766e-21
1.05538383e-21
1.025914683e-21
1.003696527e-21
9.791612831e-22
9.464447825e-22
9.229197117e-22
8.992872354e-22
8.711119462e-22
8.466149935e-22
8.184908666e-22
7.94010265e-22
7.694394255e-22
7.385322354e-22
7.161804829e-22
6.922083742e-22
6.659383287e-22
6.384065749e-22
6.111308817e-22
5.831565429e-22
5.5802006e-22
5.317681617e-22
5.05267634e-22
4.780738181e-22
4.493695577e-22
4.220605595e-22
3.944761056e-22
3.663588731e-22
3.371739139e-22
3.060222932e-22
2.787872021e-22
2.497494017e-22
2.217028703e-22
1.930394712e-22
1.669238922e-22
1.327249053e-22
1.078039404e-22
8.004232851e-23
5.345497974e-23
3.052677087e-23
1.197814783e-23
2.253253476e-21
2.234453591e-21
2.21840914e-21
2.198760372e-21
2.180006465e-21
2.162127811e-21
2.145503777e-21
2.128003593e-21
2.109929962e-21
2.089966379e-21
2.073259415e-21
2.054905371e-21
2.036118156e-21
2.017648441e-21
1.998044716e-21
1.979682365e-21
1.961497071e-21
1.94057288e-21
1.919573844e-21
1.903205528e-21
1.882784566e-21
1.863576892e-21
1.843148302e-21
1.82386331e-21
1.804322401e-21
1.784707078e-21
1.764944423e-21
1.745667814e-21
1.722754281e-21
1.703741542e-21
1.683156928e-21
1.661431831e-21
1.639694747e-21
1.620072855e-21
1.598000319e-21
1.577934518e-21
1.555826809e-21
1.534784562e-21
1.513408394e-21
1.491541434e-21
1.468850141e-21
1.447863789e-21
1.424849539e-21
1.405684923e-21
1.381848145e-21
1.35711529e-21
1.338080054e-21
1.316574979e-21
1.288694108e-21
1.270940993e-21
1.248766582e-21
1.226017949e-21
1.202093343e-21
1.178359483e-21
1.153967786e-21
1.13046423e-21
1.105012174e-21
1.07987346e-21
1.053096192e-21
1.02837353e-21
1.002780679e-21
9.788529758e-22
9.506994267e-22
9.270998467e-22
8.997599981e-22
8.712449456e-22
8.49022354e-22
8.183852378e-22
7.926529659e-22
7.672656208e-22
7.404474916e-22
7.164826577e-22
6.919300157e-22
6.663910075e-22
6.397683436e-22
6.138992025e-22
5.879826431e-22
5.576013469e-22
5.342446214e-22
5.070262711e-22
4.763735386e-22
4.481272672e-22
4.225559049e-22
3.948286965e-22
3.648927462e-22
3.373582593e-22
3.065446224e-22
2.790871655e-22
2.509301408e-22
2.225858382e-22
1.944495978e-22
1.666772711e-22
1.317593439e-22
1.077489769e-22
8.026515064e-23
5.432649612e-23
3.013681297e-23
1.197427925e-23
2.254910686e-21
2.236105088e-21
2.218802633e-21
2.198314023e-21
2.182872654e-21
2.166170631e-21
2.146602134e-21
2.128124157e-21
2.110643079e-21
2.092735482e-21
2.074586873e-21
2.056752826e-21
2.037560653e-21
2.018971263e-21
2.000402093e-21
1.981441725e-21
1.96131376e-21
1.941104858e-21
1.922190698e-21
1.904715662e-21
1.886375683e-21
1.863012511e-21
1.845310499e-21
1.824313091e-21
1.805321871e-21
1.786691768e-21
1.76570081e-21
1.74421332e-21
1.725067371e-21
1.704784845e-21
1.684079595e-21
1.663087093e-21
1.641097368e-21
1.621138073e-21
1.600060538e-21
1.579283227e-21
1.557143673e-21
1.536192764e-21
1.515731762e-21
1.490709721e-21
1.470414599e-21
1.448846313e-21
1.426944144e-21
1.406067449e-21
1.382483756e-21
1.359933176e-21
1.340095219e-21
1.315142656e-21
1.293344809e-21
1.270469762e-21
1.249556489e-21
1.227085603e-21
1.202816685e-21
1.177655892e-21
1.154824623e-21
1.132123581e-21
1.107399495e-21
1.081449999e-21
1.050183539e-21
1.028789132e-21
1.00221116e-21
9.785274181e-22
9.521387829e-22
9.259475954e-22
9.023084964e-22
8.723921693e-22
8.476498935e-22
8.214526615e-22
7.941927106e-22
7.671364194e-22
7.413401783e-22
7.16717431e-22
6.920989171e-22
6.670507583e-22
6.411314473e-22
6.153681186e-22
5.890712309e-22
5.604436298e-22
5.342283108e-22
5.068967929e-22
4.778450023e-22
4.496063282e-22
4.224670569e-22
3.979114099e-22
3.597480574e-22
3.406119491e-22
3.048100118e-22
2.799848275e-22
2.519271523e-22
2.226814732e-22
1.933573993e-22
1.649665605e-22
1.351702556e-22
1.064349925e-22
8.030997065e-23
5.429777656e-23
3.082734242e-23
1.211615823e-23
2.256230672e-21
2.239095513e-21
2.217794518e-21
2.200739424e-21
2.184926458e-21
2.165843414e-21
2.148583242e-21
2.131007977e-21
2.113210517e-21
2.094481427e-21
2.075503363e-21
2.057880026e-21
2.038217344e-21
2.020630495e-21
2.001409022e-21
1.982144689e-21
1.96298064e-21
1.94272468e-21
1.92402094e-21
1.905384117e-21
1.886384188e-21
1.865631564e-21
1.846106849e-21
1.826015464e-21
1.806835117e-21
1.787064071e-21
1.766860211e-21
1.746705417e-21
1.726061692e-21
1.70593755e-21
1.685288307e-21
1.664377297e-21
1.643113311e-21
1.62290019e-21
1.602579131e-21
1.582539215e-21
1.554772801e-21
1.536870486e-21
1.516683673e-21
1.492289988e-21
1.471855053e-21
1.450485485e-21
1.428345091e-21
1.405797233e-21
1.383690074e-21
1.361981226e-21
1.340274386e-21
1.317087966e-21
1.295832468e-21
1.272620512e-21
1.249335519e-21
1.22671921e-21
1.204708678e-21
1.17908648e-21
1.154669854e-21
1.131992586e-21
1.1068382e-21
1.079405118e-21
1.055585091e-21
1.027087281e-21
1.003190092e-21
9.787227691e-22
9.531978129e-22
9.270396905e-22
9.033010985e-22
8.721279408e-22
8.476067021e-22
8.217242753e-22
7.944228421e-22
7.690866384e-22
7.436487391e-22
7.179040759e-22
6.915177419e-22
6.6825536e-22
6.425328725e-22
6.164757861e-22
5.897553215e-22
5.625390169e-22
5.337379606e-22
5.06830259e-22
4.770399314e-22
4.50178671e-22
4.218220251e-22
3.945075274e-22
3.657356109e-22
3.393787422e-22
3.079357938e-22
2.792970681e-22
2.525778817e-22
2.226515955e-22
1.933824799e-22
1.649228508e-22
1.349414973e-22
1.07626998e-22
7.952894873e-23
5.457739316e-23
3.118236948e-23
1.209567255e-23
2.257676348e-21
2.238583245e-21
2.220523012e-21
2.203410964e-21
2.186458056e-21
2.16808365e-21
2.150919587e-21
2.133017486e-21
2.115421943e-21
2.095856398e-21
2.075071112e-21
2.059046026e-21
2.040465578e-21
2.021924445e-21
2.002420829e-21
1.98332907e-21
1.964620956e-21
1.944843869e-21
1.925826318e-21
1.906706435e-21
1.88614158e-21
1.867129732e-21
1.847201876e-21
1.827536473e-21
1.808150048e-21
1.78883691e-21
1.769098448e-21
1.748089742e-21
1.726449449e-21
1.706829845e-21
1.686551225e-21
1.66591026e-21
1.64568455e-21
1.624878184e-21
1.601037847e-21
1.581388779e-21
1.55951736e-21
1.537414647e-21
1.516691482e-21
1.494748184e-21
1.473469293e-21
1.450679239e-21
1.429037696e-21
1.407414819e-21
1.386173463e-21
1.363690857e-21
1.339948101e-21
1.320631315e-21
1.293494449e-21
1.273996403e-21
1.251050107e-21
1.227838643e-21
1.206184368e-21
1.181526155e-21
1.155215711e-21
1.128100855e-21
1.106490286e-21
1.081971471e-21
1.055838465e-21
1.031423398e-21
1.003929167e-21
9.82392074e-22
9.586417097e-22
9.358086965e-22
8.955547293e-22
8.655421071e-22
8.461721187e-22
8.215708642e-22
7.948463065e-22
7.706754745e-22
7.452731078e-22
7.201336795e-22
6.913608607e-22
6.693703215e-22
6.434647817e-22
6.173094992e-22
5.903339057e-22
5.624651942e-22
5.357139655e-22
5.068235214e-22
4.775661237e-22
4.487293475e-22
4.221781754e-22
3.944891275e-22
3.670694225e-22
3.402495827e-22
3.077761273e-22
2.807537887e-22
2.533485014e-22
2.224262315e-22
1.920780895e-22
1.658134194e-22
1.340619926e-22
1.076988325e-22
8.04332089e-23
5.479302597e-23
3.146865643e-23
1.175519543e-23
2.258188297e-21
2.240501148e-21
2.223047845e-21
2.205541651e-21
2.187905828e-21
2.170548818e-21
2.152091271e-21
2.134259788e-21
2.116371618e-21
2.097256149e-21
2.077730238e-21
2.060720746e-21
2.042086721e-21
2.023045311e-21
2.003923964e-21
1.984270652e-21
1.966049884e-21
1.947111628e-21
1.928481278e-21
1.908138851e-21
1.887564907e-21
1.866723099e-21
1.848358161e-21
1.82891402e-21
1.809535524e-21
1.789562916e-21
1.770049998e-21
1.749609503e-21
1.728541993e-21
1.708541011e-21
1.688487739e-21
1.6683151e-21
1.647590798e-21
1.622500516e-21
1.603500411e-21
1.582293331e-21
1.561095906e-21
1.537736173e-21
1.518436345e-21
1.497923684e-21
1.471969396e-21
1.451834741e-21
1.430441404e-21
1.408442147e-21
1.386073196e-21
1.364546613e-21
1.34181917e-21
1.320168987e-21
1.297526105e-21
1.275152162e-21
1.25267092e-21
1.227302605e-21
1.206001712e-21
1.181945814e-21
1.156278765e-21
1.130838091e-21
1.105502921e-21
1.081327011e-21
1.05746691e-21
1.035312383e-21
1.010537878e-21
9.863197104e-22
9.584608065e-22
9.355613563e-22
8.973044017e-22
8.626417963e-22
8.460860635e-22
8.257804632e-22
7.902079549e-22
7.697496515e-22
7.462917181e-22
7.204652629e-22
6.952789303e-22
6.715086677e-22
6.467266876e-22
6.121376082e-22
5.889510515e-22
5.624573935e-22
5.356867294e-22
5.061363693e-22
4.786119469e-22
4.509814449e-22
4.239077269e-22
3.938934703e-22
3.670998321e-22
3.388024705e-22
3.098568944e-22
2.811900099e-22
2.525767988e-22
2.245331973e-22
1.918333439e-22
1.642481972e-22
1.356024938e-22
1.079290097e-22
8.037774145e-23
5.472349752e-23
3.142361058e-23
1.208124543e-23
2.259871202e-21
2.242745853e-21
2.224688076e-21
2.206305231e-21
2.18979068e-21
2.17209486e-21
2.153178286e-21
2.135847973e-21
2.117489399e-21
2.098454341e-21
2.079741719e-21
2.062228776e-21
2.043844634e-21
2.024962331e-21
2.005821327e-21
1.985943647e-21
1.96706525e-21
1.948164264e-21
1.928907599e-21
1.909062586e-21
1.888945728e-21
1.868882118e-21
1.849856355e-21
1.830901858e-21
1.810011508e-21
1.791185767e-21
1.771641094e-21
1.751244039e-21
1.729679017e-21
1.710053485e-21
1.689661481e-21
1.668392573e-21
1.647257291e-21
1.625528059e-21
1.604892554e-21
1.582709875e-21
1.561859569e-21
1.540374034e-21
1.519217963e-21
1.497605811e-21
1.475099338e-21
1.453373558e-21
1.430236262e-21
1.410235129e-21
1.389708111e-21
1.363513638e-21
1.343702433e-21
1.322283281e-21
1.299324882e-21
1.27394466e-21
1.253524157e-21
1.227666418e-21
1.206590149e-21
1.181145659e-21
1.156053648e-21
1.134487074e-21
1.10692912e-21
1.080742058e-21
1.062588071e-21
1.036731059e-21
1.012320787e-21
9.874899501e-22
9.594669632e-22
9.344426052e-22
8.925933252e-22
8.632462908e-22
8.483853638e-22
8.255397598e-22
7.960926367e-22
7.697774736e-22
7.449709163e-22
7.22179906e-22
6.968408918e-22
6.704668854e-22
6.432073932e-22
6.15037462e-22
5.8943433e-22
5.652981067e-22
5.331979356e-22
5.078320816e-22
4.805918574e-22
4.529936507e-22
4.216320505e-22
3.957707332e-22
3.674219182e-22
3.377891527e-22
3.097808162e-22
2.812137526e-22
2.526886589e-22
2.2400253e-22
1.959638797e-22
1.639317096e-22
1.337066438e-22
1.081615511e-22
8.064803962e-23
5.522231696e-23
3.102180674e-23
1.219900937e-23
2.261547679e-21
2.243690725e-21
2.226303326e-21
2.209117098e-21
2.191973165e-21
2.172756405e-21
2.156677999e-21
2.134761713e-21
2.119413497e-21
2.099362422e-21
2.081375103e-21
2.064056255e-21
2.046696375e-21
2.025026002e-21
2.007726402e-21
1.987859945e-21
1.968388551e-21
1.949484841e-21
1.929590049e-21
1.910154885e-21
1.890544003e-21
1.870678955e-21
1.850535115e-21
1.83202285e-21
1.811956423e-21
1.792832663e-21
1.772708944e-21
1.752927724e-21
1.731386122e-21
1.71069608e-21
1.691212971e-21
1.668390914e-21
1.648089021e-21
1.627775946e-21
1.606544794e-21
1.583141525e-21
1.563215831e-21
1.542026159e-21
1.521215319e-21
1.496953255e-21
1.476081869e-21
1.454240027e-21
1.432534483e-21
1.410858627e-21
1.390274787e-21
1.365663322e-21
1.345006163e-21
1.324175089e-21
1.298974396e-21
1.277228657e-21
1.253054717e-21
1.229244186e-21
1.206937383e-21
1.180134687e-21
1.155110644e-21
1.133592654e-21
1.109585652e-21
1.083737031e-21
1.064499471e-21
1.041709916e-21
1.007756313e-21
9.918995654e-22
9.567776712e-22
9.354851469e-22
8.891835084e-22
8.693492702e-22
8.497890881e-22
8.279016913e-22
8.004307746e-22
7.680038923e-22
7.439848844e-22
7.234539686e-22
6.966612936e-22
6.700068884e-22
6.428590999e-22
6.159291271e-22
5.898557091e-22
5.641024198e-22
5.37732128e-22
5.061501847e-22
4.803964693e-22
4.522678521e-22
4.240182194e-22
3.961801155e-22
3.680356091e-22
3.388702671e-22
3.101639434e-22
2.817883227e-22
2.529237862e-22
2.239961224e-22
1.936198031e-22
1.652175432e-22
1.361182286e-22
1.080759492e-22
7.997691045e-23
5.479603809e-23
3.142479562e-23
1.223584501e-23
2.264048319e-21
2.244159602e-21
2.227402749e-21
2.211431202e-21
2.192459428e-21
2.175633897e-21
2.154740931e-21
2.137420182e-21
2.120039536e-21
2.101825342e-21
2.083942904e-21
2.06458076e-21
2.047124751e-21
2.027487752e-21
2.009284015e-21
1.990239021e-21
1.970075107e-21
1.950931002e-21
1.930316149e-21
1.911856947e-21
1.891709678e-21
1.87208866e-21
1.853417327e-21
1.83200913e-21
1.813949448e-21
1.794339931e-21
1.774316623e-21
1.754013372e-21
1.731676934e-21
1.713208338e-21
1.692092862e-21
1.670145673e-21
1.648887623e-21
1.627905069e-21
1.607082629e-21
1.586050692e-21
1.56406156e-21
1.543175761e-21
1.521664696e-21
1.499811413e-21
1.476548492e-21
1.456235141e-21
1.434658493e-21
1.410134494e-21
1.390339891e-21
1.367975415e-21
1.345018255e-21
1.324336793e-21
1.301777939e-21
1.278948671e-21
1.253418156e-21
1.230587588e-21
1.206287231e-21
1.181544974e-21
1.155557894e-21
1.13252633e-21
1.111501042e-21
1.084544236e-21
1.063900349e-21
1.038806502e-21
1.011594307e-21
9.863021078e-22
9.610341697e-22
9.341204743e-22
8.921800112e-22
8.733770989e-22
8.516966875e-22
8.302393714e-22
8.092448867e-22
7.67085443e-22
7.424564676e-22
7.222445638e-22
6.972550711e-22
6.705199894e-22
6.414358699e-22
6.178419837e-22
5.923002933e-22
5.657869662e-22
5.40231421e-22
5.039223046e-22
4.779626897e-22
4.532143096e-22
4.257080669e-22
3.969227852e-22
3.66775055e-22
3.397566838e-22
3.108011551e-22
2.819534477e-22
2.531124556e-22
2.240184291e-22
1.942063943e-22
1.659729891e-22
1.37263293e-22
1.059847284e-22
8.066558639e-23
5.441746997e-23
3.148735841e-23
1.225628739e-23
2.264660751e-21
2.246721841e-21
2.229229036e-21
2.212426561e-21
2.193200274e-21
2.176531949e-21
2.158258646e-21
2.138604202e-21
2.122969164e-21
2.101720674e-21
2.085180908e-21
2.065991128e-21
2.048223219e-21
2.029868014e-21
2.010877971e-21
1.989955446e-21
1.972097274e-21
1.951964583e-21
1.932958748e-21
1.914171433e-21
1.894579739e-21
1.873780235e-21
1.856059344e-21
1.833377717e-21
1.814549975e-21
1.795120791e-21
1.77425195e-21
1.754040019e-21
1.733976843e-21
1.714219069e-21
1.693729875e-21
1.670769473e-21
1.650271783e-21
1.629665257e-21
1.608823114e-21
1.587723206e-21
1.564175181e-21
1.544591589e-21
1.523280769e-21
1.501452771e-21
1.477417806e-21
1.456666474e-21
1.435485077e-21
1.41335686e-21
1.388581867e-21
1.368979202e-21
1.346149687e-21
1.325461985e-21
1.301994662e-21
1.278926142e-21
1.254042841e-21
1.231397476e-21
1.207493456e-21
1.182836448e-21
1.158215797e-21
1.133752786e-21
1.112382531e-21
1.087979804e-21
1.065782692e-21
1.036113499e-21
1.009107367e-21
9.88214023e-22
9.653719234e-22
9.29181359e-22
8.97582712e-22
8.736720657e-22
8.529839957e-22
8.305014305e-22
8.034178631e-22
7.758962113e-22
7.428814734e-22
7.226871852e-22
6.969094419e-22
6.690973452e-22
6.435151805e-22
6.186371708e-22
5.927746441e-22
5.663786206e-22
5.381182883e-22
5.073946995e-22
4.789924423e-22
4.536723541e-22
4.26734379e-22
3.997061921e-22
3.654960069e-22
3.396408133e-22
3.112794143e-22
2.83405152e-22
2.519366216e-22
2.238065452e-22
1.944128334e-22
1.656441424e-22
1.378151433e-22
1.064514325e-22
8.057003795e-23
5.48312698e-23
3.147442548e-23
1.227420308e-23
2.266324863e-21
2.248658765e-21
2.230447116e-21
2.211816169e-21
2.1953304e-21
2.178613088e-21
2.1596507e-21
2.140073015e-21
2.123457077e-21
2.105677438e-21
2.086410367e-21
2.068598096e-21
2.048148126e-21
2.030349591e-21
2.011083236e-21
1.993440796e-21
1.973022189e-21
1.953460369e-21
1.934799584e-21
1.915600889e-21
1.895890179e-21
1.876118061e-21
1.856577563e-21
1.835924543e-21
1.815711499e-21
1.795505797e-21
1.775928985e-21
1.755666277e-21
1.735381116e-21
1.714986547e-21
1.694109561e-21
1.672581598e-21
1.6516332e-21
1.631094537e-21
1.609926377e-21
1.588272113e-21
1.566661801e-21
1.545794894e-21
1.52421624e-21
1.501865326e-21
1.479563927e-21
1.456973631e-21
1.436648393e-21
1.415152322e-21
1.389377869e-21
1.369466442e-21
1.34755081e-21
1.325652256e-21
1.301353931e-21
1.278631478e-21
1.255760014e-21
1.232668827e-21
1.208860487e-21
1.185190063e-21
1.160722879e-21
1.136543277e-21
1.112686399e-21
1.088473661e-21
1.065370277e-21
1.034146938e-21
1.011497773e-21
9.882409121e-22
9.605000775e-22
9.319560237e-22
9.052659962e-22
8.767322619e-22
8.504361529e-22
8.344827318e-22
7.973901112e-22
7.772271363e-22
7.503382121e-22
7.196007149e-22
6.965480122e-22
6.713352495e-22
6.431590018e-22
6.195830746e-22
5.936618792e-22
5.672969916e-22
5.388831043e-22
5.070611461e-22
4.820153944e-22
4.535786537e-22
4.279585946e-22
3.965593171e-22
3.690012753e-22
3.402337811e-22
3.111383019e-22
2.822870709e-22
2.52974764e-22
2.241609232e-22
1.946005553e-22
1.670920482e-22
1.348146317e-22
1.078469112e-22
8.094214779e-23
5.50224418e-23
3.148907551e-23
1.229220821e-23
2.267894266e-21
2.250885291e-21
2.231348822e-21
2.213511754e-21
2.19773341e-21
2.178059368e-21
2.161334419e-21
2.143053502e-21
2.125072857e-21
2.106827083e-21
2.089152821e-21
2.069187271e-21
2.050228563e-21
2.031619057e-21
2.012378699e-21
1.994075451e-21
1.973913347e-21
1.955979643e-21
1.93610294e-21
1.917019128e-21
1.897350834e-21
1.87825952e-21
1.856480032e-21
1.837563867e-21
1.817721713e-21
1.797690782e-21
1.776593288e-21
1.757432055e-21
1.738543159e-21
1.71374448e-21
1.6960834e-21
1.67369745e-21
1.652401236e-21
1.632697542e-21
1.612009014e-21
1.588421923e-21
1.567942645e-21
1.547291265e-21
1.524904387e-21
1.50205541e-21
1.480805174e-21
1.458952274e-21
1.43759101e-21
1.414082454e-21
1.392616503e-21
1.369803498e-21
1.347799981e-21
1.325212563e-21
1.302563716e-21
1.280427294e-21
1.258746717e-21
1.234281032e-21
1.209905542e-21
1.187874159e-21
1.163015476e-21
1.137062507e-21
1.112980939e-21
1.089091216e-21
1.06347157e-21
1.038907498e-21
1.014192702e-21
9.858729709e-22
9.600361257e-22
9.325018646e-22
9.029208449e-22
8.773471225e-22
8.53209478e-22
8.353827264e-22
7.979048165e-22
7.806733893e-22
7.493805009e-22
7.201022052e-22
6.958722858e-22
6.717417106e-22
6.459394319e-22
6.196056959e-22
5.944886706e-22
5.685726831e-22
5.36249614e-22
5.094617667e-22
4.824950076e-22
4.55210374e-22
4.279927345e-22
3.990835844e-22
3.695748567e-22
3.384038414e-22
3.119523078e-22
2.838009241e-22
2.518471438e-22
2.252113346e-22
1.98349513e-22
1.654906898e-22
1.320808122e-22
1.087832954e-22
8.098812704e-23
5.502527211e-23
3.102828374e-23
1.231141343e-23
2.270791384e-21
2.250743157e-21
2.233816861e-21
2.215276395e-21
2.197890991e-21
2.180709197e-21
2.163245084e-21
2.145275924e-21
2.127051123e-21
2.108502061e-21
2.089321283e-21
2.07146088e-21
2.050325283e-21
2.033102684e-21
2.013985425e-21
1.995466636e-21
1.976550932e-21
1.956829091e-21
1.937254708e-21
1.918006044e-21
1.898941963e-21
1.879528166e-21
1.859765546e-21
1.839261196e-21
1.817834251e-21
1.799268702e-21
1.778702783e-21
1.7581482e-21
1.739025743e-21
1.714989301e-21
1.696533058e-21
1.674977963e-21
1.654927854e-21
1.633285553e-21
1.612264575e-21
1.590170989e-21
1.569982775e-21
1.548355068e-21
1.526994889e-21
1.502296842e-21
1.481618273e-21
1.460363356e-21
1.437061434e-21
1.415053448e-21
1.393600106e-21
1.371197744e-21
1.348862972e-21
1.326292421e-21
1.304370607e-21
1.282273937e-21
1.259660578e-21
1.233863633e-21
1.21376687e-21
1.191101478e-21
1.166716108e-21
1.136197863e-21
1.112683255e-21
1.087943407e-21
1.06464921e-21
1.040806667e-21
1.016236826e-21
9.885348112e-22
9.59794805e-22
9.361560173e-22
8.984146424e-22
8.766482301e-22
8.546757955e-22
8.343658429e-22
7.988748588e-22
7.790128667e-22
7.500239029e-22
7.219325757e-22
6.970083786e-22
6.730571809e-22
6.472861902e-22
6.209133718e-22
5.942558438e-22
5.676093772e-22
5.392292145e-22
5.103216765e-22
4.831473332e-22
4.553806184e-22
4.279795598e-22
3.9997149e-22
3.69918132e-22
3.394725387e-22
3.129581327e-22
2.830718824e-22
2.514134423e-22
2.243187003e-22
1.959616366e-22
1.669821646e-22
1.354662849e-22
1.081744777e-22
8.047671208e-23
5.512635092e-23
3.15142149e-23
1.233148714e-23
2.271104902e-21
2.252960998e-21
2.235858527e-21
2.219084033e-21
2.199950981e-21
2.183016839e-21
2.163622505e-21
2.146918339e-21
2.128718624e-21
2.109141462e-21
2.091695432e-21
2.073082503e-21
2.053475812e-21
2.03301943e-21
2.015969185e-21
1.995792607e-21
1.977984078e-21
1.960194045e-21
1.937814812e-21
1.922742957e-21
1.898779948e-21
1.879574652e-21
1.861591568e-21
1.839373236e-21
1.82056576e-21
1.799729585e-21
1.779823412e-21
1.758950778e-21
1.73898242e-21
1.717902483e-21
1.697511953e-21
1.676909507e-21
1.655450063e-21
1.635128774e-21
1.612588899e-21
1.592236564e-21
1.570969627e-21
1.549075863e-21
1.526531668e-21
1.50448236e-21
1.48292392e-21
1.461489881e-21
1.438045652e-21
1.416522824e-21
1.39490271e-21
1.372820253e-21
1.348802367e-21
1.328058694e-21
1.305987408e-21
1.284024793e-21
1.261947596e-21
1.234625667e-21
1.2155492e-21
1.189448081e-21
1.16537138e-21
1.139936198e-21
1.11389345e-21
1.091406305e-21
1.063043269e-21
1.040691137e-21
1.014535566e-21
9.877479943e-22
9.605493702e-22
9.315429234e-22
9.067159741e-22
8.818193025e-22
8.532127967e-22
8.331149237e-22
8.01088423e-22
7.788773617e-22
7.504156795e-22
7.240019974e-22
6.99863452e-22
6.744028425e-22
6.457387626e-22
6.217345936e-22
5.954585961e-22
5.711435326e-22
5.371515678e-22
5.125332912e-22
4.824861432e-22
4.553322615e-22
4.272436941e-22
3.990824403e-22
3.704842255e-22
3.4150293e-22
3.134659099e-22
2.842954271e-22
2.502744648e-22
2.244819017e-22
1.955948792e-22
1.665583174e-22
1.370016502e-22
1.075006324e-22
8.115685424e-23
5.531471027e-23
3.166423098e-23
1.232315697e-23
2.272790279e-21
2.255572816e-21
2.23839812e-21
2.219504077e-21
2.202183161e-21
2.184779254e-21
2.1654672e-21
2.148790773e-21
2.12992672e-21
2.110368757e-21
2.093479126e-21
2.073838088e-21
2.055367969e-21
2.035083945e-21
2.017292463e-21
1.997984944e-21
1.978783217e-21
1.960686798e-21
1.941883257e-21
1.920535385e-21
1.901835656e-21
1.882591406e-21
1.862047828e-21
1.842360243e-21
1.820595049e-21
1.802328604e-21
1.780128703e-21
1.760178598e-21
1.739818725e-21
1.720172723e-21
1.699317796e-21
1.67978076e-21
1.653529645e-21
1.636065956e-21
1.614357393e-21
1.59369244e-21
1.571545752e-21
1.550857801e-21
1.52681465e-21
1.50615851e-21
1.484822392e-21
1.462409128e-21
1.438874485e-21
1.418016987e-21
1.396423372e-21
1.3746557e-21
1.352054265e-21
1.329553632e-21
1.304961202e-21
1.283758227e-21
1.262078447e-21
1.239316882e-21
1.215929607e-21
1.189951558e-21
1.167212723e-21
1.142234625e-21
1.11641453e-21
1.092828e-21
1.068374747e-21
1.046028448e-21
1.013559294e-21
9.785020505e-22
9.550012679e-22
9.316978504e-22
9.095307478e-22
8.806094184e-22
8.585130059e-22
8.291546236e-22
8.051737516e-22
7.800104839e-22
7.516466894e-22
7.269249419e-22
7.02527815e-22
6.726590706e-22
6.468960654e-22
6.231739924e-22
5.965941717e-22
5.677580161e-22
5.400059267e-22
5.133947057e-22
4.845183643e-22
4.559796236e-22
4.273917628e-22
3.989767406e-22
3.691279975e-22
3.422586521e-22
3.135032767e-22
2.823238209e-22
2.526108188e-22
2.246070393e-22
1.95313534e-22
1.661837935e-22
1.372676769e-22
1.086830138e-22
8.193487512e-23
5.505948046e-23
3.137318867e-23
1.233513658e-23
2.274563113e-21
2.257298082e-21
2.240071304e-21
2.221961616e-21
2.20355617e-21
2.186433828e-21
2.166617505e-21
2.149378605e-21
2.131186824e-21
2.112914557e-21
2.095132948e-21
2.075848676e-21
2.057294511e-21
2.037617551e-21
2.018080317e-21
1.999923826e-21
1.980992315e-21
1.96181029e-21
1.941377719e-21
1.922735295e-21
1.902518186e-21
1.884683075e-21
1.86255082e-21
1.843564182e-21
1.822847353e-21
1.802518915e-21
1.782712021e-21
1.761835558e-21
1.741582166e-21
1.720929053e-21
1.70009308e-21
1.679005528e-21
1.657759442e-21
1.637275218e-21
1.615973271e-21
1.595047027e-21
1.5745376e-21
1.549766734e-21
1.529319155e-21
1.507428829e-21
1.485333624e-21
1.462774929e-21
1.440629983e-21
1.419064917e-21
1.397995507e-21
1.375686881e-21
1.353592751e-21
1.330673954e-21
1.30731385e-21
1.284794396e-21
1.262645355e-21
1.241328428e-21
1.217428442e-21
1.18853564e-21
1.16894748e-21
1.144766552e-21
1.121168507e-21
1.097472622e-21
1.071930697e-21
1.04262878e-21
1.007854574e-21
9.721034429e-22
9.562232954e-22
9.321082654e-22
9.106449727e-22
8.819646275e-22
8.590648885e-22
8.308121939e-22
8.065824527e-22
7.803212696e-22
7.555603234e-22
7.31039387e-22
7.06149715e-22
6.729278985e-22
6.418225656e-22
6.224450816e-22
5.966205045e-22
5.692474642e-22
5.413820852e-22
5.14034566e-22
4.856102327e-22
4.561481231e-22
4.292768306e-22
3.991741562e-22
3.673306485e-22
3.422740061e-22
3.130077562e-22
2.828638099e-22
2.537769069e-22
2.250905004e-22
1.962608598e-22
1.679839467e-22
1.376714946e-22
1.087122129e-22
7.952988219e-23
5.557421442e-23
3.119824842e-23
1.236613635e-23
2.276849271e-21
2.259277656e-21
2.240420576e-21
2.223809388e-21
2.205271049e-21
2.188047185e-21
2.169263418e-21
2.150816617e-21
2.133557635e-21
2.114637604e-21
2.096718427e-21
2.07644196e-21
2.059348646e-21
2.038560116e-21
2.020351415e-21
2.001847407e-21
1.981205717e-21
1.963148883e-21
1.942588036e-21
1.924145727e-21
1.904410336e-21
1.885304578e-21
1.865555913e-21
1.845126942e-21
1.825022502e-21
1.802360902e-21
1.784067202e-21
1.763676756e-21
1.743073248e-21
1.722313156e-21
1.701738405e-21
1.680448448e-21
1.659527711e-21
1.639554372e-21
1.617097957e-21
1.594409605e-21
1.574604658e-21
1.552278835e-21
1.529158047e-21
1.509045731e-21
1.486401693e-21
1.464674707e-21
1.441574943e-21
1.421146074e-21
1.399417943e-21
1.37760091e-21
1.3560391e-21
1.331140888e-21
1.308640158e-21
1.285583319e-21
1.263237596e-21
1.241335037e-21
1.217870557e-21
1.193872083e-21
1.172772338e-21
1.146180501e-21
1.123564789e-21
1.096995823e-21
1.072750233e-21
1.036271576e-21
1.003867137e-21
9.7964563e-22
9.538302712e-22
9.334667721e-22
9.110159847e-22
8.860394911e-22
8.567121683e-22
8.323148291e-22
8.072778842e-22
7.819721018e-22
7.56997094e-22
7.308192676e-22
7.029567103e-22
6.733242116e-22
6.474968081e-22
6.239533575e-22
5.959972114e-22
5.699479891e-22
5.423739928e-22
5.15080247e-22
4.896781301e-22
4.529201138e-22
4.27003546e-22
4.0090501e-22
3.686285968e-22
3.42655913e-22
3.133504155e-22
2.832373631e-22
2.557586373e-22
2.279456136e-22
1.921024456e-22
1.673693299e-22
1.378519365e-22
1.090129305e-22
7.972785326e-23
5.567253212e-23
3.142457288e-23
1.239654667e-23
2.278367022e-21
2.26088476e-21
2.242927484e-21
2.225355431e-21
2.207584157e-21
2.189537835e-21
2.170853976e-21
2.152043021e-21
2.135007314e-21
2.116501049e-21
2.098945932e-21
2.077993674e-21
2.060040608e-21
2.040823079e-21
2.023461736e-21
2.00136177e-21
1.982967497e-21
1.96482365e-21
1.945705194e-21
1.92612446e-21
1.903971216e-21
1.886508438e-21
1.867186238e-21
1.845845161e-21
1.825637929e-21
1.805221455e-21
1.785701798e-21
1.765654871e-21
1.744132143e-21
1.723723907e-21
1.70324302e-21
1.682545277e-21
1.660356099e-21
1.64010123e-21
1.616294453e-21
1.597191959e-21
1.575723666e-21
1.553172653e-21
1.529886019e-21
1.510240375e-21
1.48750553e-21
1.466320092e-21
1.443870031e-21
1.423225489e-21
1.401763729e-21
1.379252152e-21
1.35888261e-21
1.333027991e-21
1.308306323e-21
1.287499753e-21
1.263611385e-21
1.242704831e-21
1.218712308e-21
1.197282158e-21
1.171922055e-21
1.147265725e-21
1.125328853e-21
1.094523108e-21
1.065456001e-21
1.035776641e-21
1.010364561e-21
9.784050199e-22
9.593406678e-22
9.358563271e-22
9.124521276e-22
8.882856265e-22
8.565019142e-22
8.313076929e-22
8.084477071e-22
7.831673272e-22
7.578299113e-22
7.319658845e-22
7.002518849e-22
6.750572295e-22
6.491417651e-22
6.246154746e-22
5.978808898e-22
5.716105554e-22
5.419144981e-22
5.149645133e-22
4.865357034e-22
4.541224425e-22
4.277149338e-22
3.998874599e-22
3.721333927e-22
3.411061744e-22
3.139950512e-22
2.846986857e-22
2.556166408e-22
2.253684928e-22
1.959127469e-22
1.664819373e-22
1.390406671e-22
1.081868982e-22
8.032737484e-23
5.564254073e-23
3.177273102e-23
1.240741456e-23
2.279918525e-21
2.261863594e-21
2.244790321e-21
2.226961732e-21
2.210017679e-21
2.190179097e-21
2.172161845e-21
2.153573908e-21
2.136483531e-21
2.118206354e-21
2.099769196e-21
2.080503724e-21
2.061579232e-21
2.042896451e-21
2.026129822e-21
2.0008286e-21
1.986400319e-21
1.967957656e-21
1.943797037e-21
1.927258601e-21
1.906743576e-21
1.887594679e-21
1.867569792e-21
1.848567867e-21
1.826832284e-21
1.806891608e-21
1.787777222e-21
1.768021073e-21
1.74472915e-21
1.724913242e-21
1.7041933e-21
1.683568362e-21
1.661609892e-21
1.641250689e-21
1.616587519e-21
1.597995675e-21
1.576228369e-21
1.554422395e-21
1.532401683e-21
1.511534694e-21
1.488888752e-21
1.468283154e-21
1.447003758e-21
1.423910547e-21
1.402313221e-21
1.379859865e-21
1.35924722e-21
1.332692819e-21
1.31233981e-21
1.289328091e-21
1.265684754e-21
1.243050589e-21
1.221768322e-21
1.198744045e-21
1.173649436e-21
1.150228907e-21
1.125603292e-21
1.094382129e-21
1.056680674e-21
1.038216535e-21
1.00793173e-21
9.84728926e-22
9.628854561e-22
9.382287755e-22
9.139675119e-22
8.842137666e-22
8.61674356e-22
8.321170576e-22
8.088383087e-22
7.816094603e-22
7.568554585e-22
7.309951801e-22
7.033661478e-22
6.774574157e-22
6.517572787e-22
6.276589004e-22
5.987627232e-22
5.728287201e-22
5.417724935e-22
5.109708477e-22
4.838377005e-22
4.556645704e-22
4.285417146e-22
4.013285983e-22
3.705591832e-22
3.441211295e-22
3.150287796e-22
2.874856797e-22
2.519548056e-22
2.260989431e-22
1.954338904e-22
1.686100464e-22
1.355787688e-22
1.095729795e-22
8.145084224e-23
5.589995847e-23
3.183647541e-23
1.214708431e-23
2.281577177e-21
2.264147979e-21
2.246057349e-21
2.230140974e-21
2.209185154e-21
2.191775896e-21
2.17411366e-21
2.156022347e-21
2.138525368e-21
2.120357684e-21
2.101165238e-21
2.081936418e-21
2.063133156e-21
2.043439967e-21
2.025240459e-21
2.005252415e-21
1.987814684e-21
1.969581305e-21
1.945934247e-21
1.929341318e-21
1.907975415e-21
1.88874267e-21
1.869637621e-21
1.85058771e-21
1.828885937e-21
1.808848539e-21
1.788645678e-21
1.768332613e-21
1.745430119e-21
1.726309133e-21
1.705975286e-21
1.683744962e-21
1.663110973e-21
1.641904411e-21
1.619019453e-21
1.599221e-21
1.577861205e-21
1.555545774e-21
1.535185389e-21
1.510457433e-21
1.490565728e-21
1.469451463e-21
1.448805736e-21
1.424328297e-21
1.403572228e-21
1.380978603e-21
1.358995195e-21
1.336438856e-21
1.314613889e-21
1.289891936e-21
1.268252243e-21
1.244341974e-21
1.222974021e-21
1.199167073e-21
1.177154465e-21
1.150341112e-21
1.126200263e-21
1.084149613e-21
1.061602553e-21
1.035141674e-21
1.013573327e-21
9.885121422e-22
9.655810341e-22
9.441985636e-22
9.12217932e-22
8.810386155e-22
8.625762955e-22
8.332060098e-22
8.090774365e-22
7.855627247e-22
7.544351127e-22
7.310297355e-22
7.04655115e-22
6.792214749e-22
6.536678467e-22
6.281676444e-22
5.987647392e-22
5.7232276e-22
5.41918858e-22
5.118004495e-22
4.844399803e-22
4.571564357e-22
4.292956425e-22
3.985410933e-22
3.725959943e-22
3.444624341e-22
3.158204934e-22
2.856057192e-22
2.519185138e-22
2.258078e-22
1.962329045e-22
1.675658681e-22
1.380079058e-22
1.103873023e-22
8.169131035e-23
5.575552798e-23
3.159168134e-23
1.211357845e-23
2.28353371e-21
2.265806839e-21
2.247235031e-21
2.23031956e-21
2.212301773e-21
2.194177245e-21
2.17618707e-21
2.157368645e-21
2.139716036e-21
2.121435342e-21
2.102007698e-21
2.083665946e-21
2.064460847e-21
2.045821117e-21
2.026933093e-21
2.007677511e-21
1.990966098e-21
1.966268189e-21
1.949170728e-21
1.930207826e-21
1.910294398e-21
1.890729175e-21
1.871196149e-21
1.850795811e-21
1.831090374e-21
1.811445666e-21
1.790193214e-21
1.767375192e-21
1.747258432e-21
1.727805622e-21
1.707204332e-21
1.686113391e-21
1.665073446e-21
1.643271961e-21
1.620941903e-21
1.602046832e-21
1.577127982e-21
1.556682636e-21
1.535404899e-21
1.512712224e-21
1.492034053e-21
1.470383069e-21
1.448534e-21
1.426386919e-21
1.404647526e-21
1.382642735e-21
1.361058722e-21
1.340869478e-21
1.311182034e-21
1.292799886e-21
1.270355202e-21
1.246384374e-21
1.221035804e-21
1.200900522e-21
1.171771283e-21
1.149588386e-21
1.122590424e-21
1.091815647e-21
1.063870023e-21
1.037985803e-21
1.020224842e-21
9.850401758e-22
9.669556312e-22
9.439775608e-22
9.163829985e-22
8.816156219e-22
8.641878608e-22
8.320509395e-22
8.099031666e-22
7.842788786e-22
7.580191364e-22
7.316507197e-22
7.051472767e-22
6.804766317e-22
6.542930517e-22
6.275817056e-22
6.000748614e-22
5.716475501e-22
5.426323104e-22
5.132027915e-22
4.860185132e-22
4.594088746e-22
4.280204226e-22
4.007371927e-22
3.728193915e-22
3.423452216e-22
3.146366487e-22
2.853295969e-22
2.540783761e-22
2.285960986e-22
1.942484388e-22
1.679475801e-22
1.388645573e-22
1.098276785e-22
8.222974205e-23
5.537289263e-23
3.194095346e-23
1.211418397e-23
1.666733041e-21
1.64550813e-21
1.622738977e-21
1.603934315e-21
1.577468777e-21
1.558361026e-21
1.536858188e-21
1.513925621e-21
1.493301535e-21
1.471369706e-21
1.44935929e-21
1.427112057e-21
1.405582093e-21
1.383742735e-21
1.361917877e-21
1.340059202e-21
1.316931748e-21
1.292850274e-21
1.269468994e-21
1.247469817e-21
1.222608995e-21
1.196913018e-21
1.17479368e-21
1.146586056e-21
1.122783892e-21
1.091149302e-21
1.06730128e-21
1.041833453e-21
1.017598226e-21
9.902317217e-22
9.685107893e-22
9.423923126e-22
9.166261635e-22
8.880825533e-22
8.644034372e-22
8.336629333e-22
8.114050983e-22
7.846395743e-22
7.594133317e-22
7.320153676e-22
7.068371983e-22
6.813061712e-22
6.55405381e-22
6.264029923e-22
6.004066493e-22
5.723033049e-22
5.449684131e-22
5.112085952e-22
4.878184074e-22
4.588704504e-22
4.322255073e-22
4.041140135e-22
3.678896452e-22
3.417954083e-22
3.136623198e-22
2.864327778e-22
2.53462696e-22
2.271773148e-22
1.972239539e-22
1.685220553e-22
1.393685093e-22
1.10044991e-22
8.179893874e-23
5.562283609e-23
3.197007207e-23
1.232059951e-23
1.667765196e-21
1.646608514e-21
1.625445859e-21
1.603557496e-21
1.580971685e-21
1.560348703e-21
1.538043546e-21
1.51733186e-21
1.493473667e-21
1.471387525e-21
1.450516204e-21
1.429417718e-21
1.406647554e-21
1.383002459e-21
1.36222921e-21
1.33931362e-21
1.317341178e-21
1.294460885e-21
1.27116504e-21
1.246661384e-21
1.223141793e-21
1.19876847e-21
1.174438172e-21
1.149145641e-21
1.121761645e-21
1.09197767e-21
1.067783962e-21
1.044769036e-21
1.019523508e-21
9.924810217e-22
9.676946124e-22
9.436416717e-22
9.188129479e-22
8.894239786e-22
8.65428443e-22
8.388608615e-22
8.104677322e-22
7.863359947e-22
7.591558655e-22
7.342036219e-22
7.069398977e-22
6.821960965e-22
6.537425025e-22
6.277322382e-22
5.994224058e-22
5.734841381e-22
5.484798369e-22
5.090172181e-22
4.894155628e-22
4.56333392e-22
4.318764443e-22
4.019704736e-22
3.711525802e-22
3.439531153e-22
3.140489588e-22
2.846055596e-22
2.559000239e-22
2.270618203e-22
1.977062831e-22
1.686413409e-22
1.397698693e-22
1.105346371e-22
8.227798841e-23
5.560065823e-23
3.119972869e-23
1.244626486e-23
1.384600262e-21
1.362953903e-21
1.340087098e-21
1.318035201e-21
1.29562821e-21
1.270984519e-21
1.246955544e-21
1.22316589e-21
1.20000966e-21
1.173437978e-21
1.148885838e-21
1.121991547e-21
1.093865425e-21
1.071606575e-21
1.047685226e-21
1.019869188e-21
9.937994436e-22
9.68345653e-22
9.439403792e-22
9.196125415e-22
8.925930951e-22
8.667468167e-22
8.400781799e-22
8.136154299e-22
7.868837147e-22
7.600834034e-22
7.358938774e-22
7.064173106e-22
6.820054585e-22
6.541624732e-22
6.292097063e-22
6.0208345e-22
5.751565587e-22
5.465500688e-22
5.065569451e-22
4.87515216e-22
4.583232877e-22
4.320960333e-22
4.028967897e-22
3.729187988e-22
3.449757632e-22
3.140101834e-22
2.849100075e-22
2.570072682e-22
2.282898262e-22
1.994094187e-22
1.682173037e-22
1.388952991e-22
1.099807324e-22
8.20547475e-23
5.539899006e-23
3.196605248e-23
1.213686053e-23
1.386684041e-21
1.363967954e-21
1.34115428e-21
1.320287697e-21
1.29354598e-21
1.273700767e-21
1.248060604e-21
1.222736052e-21
1.201101034e-21
1.172100832e-21
1.149510394e-21
1.121830215e-21
1.095095471e-21
1.073724995e-21
1.047682469e-21
1.022832107e-21
9.927105066e-22
9.712036342e-22
9.459434115e-22
9.213246663e-22
8.947313283e-22
8.685382064e-22
8.39892273e-22
8.137870598e-22
7.883705999e-22
7.624547241e-22
7.358360535e-22
7.070470454e-22
6.805828287e-22
6.562323595e-22
6.307851021e-22
6.039621796e-22
5.783221095e-22
5.383700903e-22
5.086550617e-22
4.863970967e-22
4.602991838e-22
4.332959885e-22
4.014997873e-22
3.741859817e-22
3.451673179e-22
3.153534793e-22
2.860785857e-22
2.576024348e-22
2.271995718e-22
1.991977891e-22
1.694430731e-22
1.397524657e-22
1.100644198e-22
8.148274146e-23
5.633079609e-23
3.11421478e-23
1.209114149e-23
1.386514585e-21
1.364914151e-21
1.341956989e-21
1.319884604e-21
1.29707946e-21
1.27144751e-21
1.248861162e-21
1.224963667e-21
1.199972555e-21
1.175867687e-21
1.147566258e-21
1.123471952e-21
1.095391565e-21
1.073969289e-21
1.048866157e-21
1.022507899e-21
9.965744031e-22
9.73018113e-22
9.479540626e-22
9.225180019e-22
8.962157271e-22
8.691260185e-22
8.40397554e-22
8.156738572e-22
7.906423505e-22
7.611588952e-22
7.359808235e-22
7.076283094e-22
6.820953845e-22
6.561593221e-22
6.298587703e-22
6.021584914e-22
5.749662078e-22
5.410061029e-22
5.131371838e-22
4.875660771e-22
4.612395102e-22
4.335282307e-22
4.027561142e-22
3.751787956e-22
3.448621191e-22
3.158330459e-22
2.866054566e-22
2.578624068e-22
2.273962844e-22
1.991392581e-22
1.690185869e-22
1.394967616e-22
1.119873104e-22
8.079071698e-23
5.599979843e-23
3.207329926e-23
1.181947434e-23
1.386941284e-21
1.364574818e-21
1.343004115e-21
1.32069649e-21
1.298664931e-21
1.274841248e-21
1.250449349e-21
1.226337061e-21
1.200685933e-21
1.175400232e-21
1.148013512e-21
1.125502746e-21
1.096640754e-21
1.075556523e-21
1.047400089e-21
1.023803337e-21
9.984687575e-22
9.742732194e-22
9.492730014e-22
9.244330306e-22
8.982831981e-22
8.672195528e-22
8.412501986e-22
8.17457415e-22
7.923954987e-22
7.677009936e-22
7.29305067e-22
7.098513024e-22
6.836374928e-22
6.553686474e-22
6.272243753e-22
6.012626972e-22
5.742303454e-22
5.462330071e-22
5.191249367e-22
4.843057064e-22
4.627903661e-22
4.329988823e-22
4.063591694e-22
3.731545467e-22
3.470032716e-22
3.128041824e-22
2.885674536e-22
2.577090649e-22
2.266593879e-22
1.991652499e-22
1.68803948e-22
1.389312054e-22
1.110970763e-22
8.271151361e-23
5.604508814e-23
3.180013208e-23
1.230961225e-23
1.388792367e-21
1.362015969e-21
1.342720824e-21
1.322223926e-21
1.299822855e-21
1.27630029e-21
1.252652811e-21
1.229924915e-21
1.206783155e-21
1.17359742e-21
1.148735105e-21
1.124364855e-21
1.098160274e-21
1.07519146e-21
1.049146436e-21
1.023831927e-21
1.000457483e-21
9.750208006e-22
9.500038693e-22
9.245698564e-22
8.947656403e-22
8.706937671e-22
8.433180888e-22
8.19334898e-22
7.9244499e-22
7.650941704e-22
7.373996798e-22
7.114119616e-22
6.812082875e-22
6.543225308e-22
6.254198981e-22
6.006428533e-22
5.740475582e-22
5.472302929e-22
5.186635851e-22
4.924179892e-22
4.61241005e-22
4.352683386e-22
4.053310882e-22
3.733930666e-22
3.451107697e-22
3.190366666e-22
2.83838009e-22
2.596347363e-22
2.304106436e-22
1.956686051e-22
1.671345523e-22
1.391079486e-22
1.111787485e-22
8.308152029e-23
5.623999435e-23
3.200047788e-23
1.231051813e-23
1.388987378e-21
1.366308854e-21
1.345327798e-21
1.322602554e-21
1.30063258e-21
1.278340954e-21
1.255021187e-21
1.233348727e-21
1.206063685e-21
1.184880676e-21
1.146527346e-21
1.119712493e-21
1.100668518e-21
1.075618001e-21
1.050660276e-21
1.025125118e-21
1.001688286e-21
9.766043842e-22
9.488907085e-22
9.236378532e-22
8.968793105e-22
8.738977556e-22
8.438917967e-22
8.218707187e-22
7.969369287e-22
7.5818235e-22
7.397465117e-22
7.123856721e-22
6.80156846e-22
6.544327654e-22
6.274597144e-22
6.000549863e-22
5.744168914e-22
5.473264109e-22
5.186580252e-22
4.927260216e-22
4.656836949e-22
4.349630345e-22
4.045075303e-22
3.740988522e-22
3.465133515e-22
3.162227017e-22
2.867201852e-22
2.590019802e-22
2.293480148e-22
1.982386427e-22
1.677424723e-22
1.384092399e-22
1.113586653e-22
8.336463753e-23
5.592303671e-23
3.221836697e-23
1.220429758e-23
1.389616239e-21
1.368716504e-21
1.346143102e-21
1.324692215e-21
1.302911523e-21
1.280456516e-21
1.253964651e-21
1.230722121e-21
1.20494668e-21
1.183108295e-21
1.152579826e-21
1.124515234e-21
1.102616104e-21
1.079554682e-21
1.049254753e-21
1.027402856e-21
1.003008962e-21
9.766333137e-22
9.491336185e-22
9.226650266e-22
8.986715893e-22
8.734749615e-22
8.467122672e-22
8.208920279e-22
7.935584677e-22
7.642849509e-22
7.39845545e-22
7.120596983e-22
6.818039058e-22
6.560134736e-22
6.292149467e-22
6.017227199e-22
5.725505945e-22
5.481136719e-22
5.191021085e-22
4.930921605e-22
4.637887312e-22
4.358588996e-22
4.061310397e-22
3.751211129e-22
3.445646061e-22
3.180089489e-22
2.882954225e-22
2.588393497e-22
2.302073536e-22
1.9861325e-22
1.667385632e-22
1.393903656e-22
1.116031842e-22
8.355835081e-23
5.63873248e-23
3.174835674e-23
1.236070345e-23
1.39284799e-21
1.369932929e-21
1.346113469e-21
1.325870461e-21
1.30490732e-21
1.279623453e-21
1.253828065e-21
1.231049378e-21
1.206537673e-21
1.181938427e-21
1.156301975e-21
1.130321553e-21
1.102179116e-21
1.078530985e-21
1.053722058e-21
1.02723697e-21
1.004439666e-21
9.768018586e-22
9.518819315e-22
9.233551957e-22
8.996611301e-22
8.747940573e-22
8.487000556e-22
8.193034882e-22
7.935605439e-22
7.658456811e-22
7.40141782e-22
7.122892582e-22
6.848726974e-22
6.523214418e-22
6.301038644e-22
6.03294412e-22
5.761580733e-22
5.467680387e-22
5.217924157e-22
4.947343866e-22
4.600664855e-22
4.357466151e-22
4.072296025e-22
3.748246111e-22
3.453090854e-22
3.182754763e-22
2.891165968e-22
2.59786869e-22
2.280559182e-22
1.991286599e-22
1.687501024e-22
1.395421327e-22
1.11684533e-22
8.34916425e-23
5.652599382e-23
3.246453572e-23
1.233783123e-23
1.396002171e-21
1.369136636e-21
1.348247201e-21
1.327118847e-21
1.304446041e-21
1.282421336e-21
1.253727928e-21
1.233895386e-21
1.210203277e-21
1.184504757e-21
1.15259891e-21
1.129189721e-21
1.106203294e-21
1.08097191e-21
1.05491907e-21
1.030881205e-21
1.00669789e-21
9.790183466e-22
9.50431274e-22
9.210390702e-22
9.010014266e-22
8.754218138e-22
8.490543483e-22
8.213834425e-22
7.9196747e-22
7.669725474e-22
7.405132823e-22
7.122102654e-22
6.820734771e-22
6.569160154e-22
6.315815109e-22
6.059553594e-22
5.735902298e-22
5.491727484e-22
5.216836169e-22
4.921303966e-22
4.650909322e-22
4.329791779e-22
4.06692675e-22
3.772726273e-22
3.4752842e-22
3.179487736e-22
2.924423402e-22
2.555543246e-22
2.307597737e-22
2.009802863e-22
1.669678916e-22
1.395813256e-22
1.114366223e-22
8.300075399e-23
5.677083818e-23
3.275711561e-23
1.237140984e-23
1.394400542e-21
1.372412439e-21
1.350358892e-21
1.328971931e-21
1.308121094e-21
1.27960465e-21
1.255956448e-21
1.234033604e-21
1.21125058e-21
1.183265003e-21
1.156533331e-21
1.130175014e-21
1.108858445e-21
1.084829402e-21
1.054495153e-21
1.030681076e-21
1.008383126e-21
9.802837482e-22
9.50889572e-22
9.25979258e-22
9.016768823e-22
8.753224604e-22
8.469842124e-22
8.221319779e-22
7.936377553e-22
7.646112005e-22
7.401278686e-22
7.12193971e-22
6.83987293e-22
6.582548313e-22
6.323315769e-22
6.055346805e-22
5.783933757e-22
5.468816428e-22
5.226128503e-22
4.918451833e-22
4.660217167e-22
4.340424332e-22
4.060004525e-22
3.787687317e-22
3.481389996e-22
3.176533217e-22
2.900023294e-22
2.600008102e-22
2.318139611e-22
1.97083977e-22
1.690717643e-22
1.402516032e-22
1.113054297e-22
8.369971461e-23
5.703854749e-23
3.215143382e-23
1.256239377e-23
1.395819606e-21
1.373986812e-21
1.353372179e-21
1.327379439e-21
1.307047181e-21
1.282161819e-21
1.259519862e-21
1.233638651e-21
1.211125755e-21
1.185930512e-21
1.15794108e-21
1.133497785e-21
1.109661827e-21
1.084128212e-21
1.056578265e-21
1.031603828e-21
1.007256422e-21
9.817537368e-22
9.549240625e-22
9.282529999e-22
9.026576247e-22
8.756893953e-22
8.490426999e-22
8.203008575e-22
7.916749054e-22
7.657584129e-22
7.407018885e-22
7.136021099e-22
6.859666484e-22
6.576063323e-22
6.327739758e-22
6.064276989e-22
5.810780055e-22
5.473592365e-22
5.218382984e-22
4.9122122e-22
4.64825287e-22
4.357196732e-22
4.074745259e-22
3.797962353e-22
3.522982603e-22
3.139569979e-22
2.898321112e-22
2.607876279e-22
2.320348282e-22
1.97330084e-22
1.692114918e-22
1.409944399e-22
1.123668461e-22
8.38919798e-23
5.648373713e-23
3.253732579e-23
1.223206967e-23
1.397266159e-21
1.374414421e-21
1.352927902e-21
1.32990733e-21
1.30720754e-21
1.283991877e-21
1.260672372e-21
1.236508818e-21
1.212586441e-21
1.184412165e-21
1.161050686e-21
1.136119753e-21
1.11189446e-21
1.08636601e-21
1.056866905e-21
1.032948451e-21
1.00609159e-21
9.844374026e-22
9.549198871e-22
9.295166634e-22
9.039165761e-22
8.760499966e-22
8.470392922e-22
8.215292655e-22
7.95216185e-22
7.707541271e-22
7.356805112e-22
7.117115452e-22
6.873717997e-22
6.585170343e-22
6.332678087e-22
6.067209104e-22
5.798280736e-22
5.516886052e-22
5.209232911e-22
4.909534317e-22
4.651593146e-22
4.365715704e-22
4.082060858e-22
3.797013474e-22
3.521595699e-22
3.156971168e-22
2.902965446e-22
2.611660773e-22
2.318579674e-22
2.003565281e-22
1.679701867e-22
1.411446226e-22
1.117708387e-22
8.383869832e-23
5.678518427e-23
3.278810046e-23
1.21020122e-23
1.39854425e-21
1.37562274e-21
1.353502288e-21
1.33135719e-21
1.309168003e-21
1.285926742e-21
1.263227078e-21
1.238209865e-21
1.210910024e-21
1.186269268e-21
1.161805124e-21
1.138465316e-21
1.113454616e-21
1.089025293e-21
1.060596067e-21
1.0332338e-21
1.005108662e-21
9.835225891e-22
9.560444045e-22
9.320440955e-22
9.032110008e-22
8.779624267e-22
8.518844188e-22
8.173467518e-22
7.93915393e-22
7.693323809e-22
7.44444009e-22
7.066684822e-22
6.882084511e-22
6.599156541e-22
6.358849865e-22
6.057051518e-22
5.830462403e-22
5.458446714e-22
5.221625113e-22
4.931845237e-22
4.665339243e-22
4.375607708e-22
4.088063245e-22
3.790052473e-22
3.493956362e-22
3.193248051e-22
2.909491221e-22
2.608838644e-22
2.308177398e-22
2.003581835e-22
1.704164643e-22
1.408780794e-22
1.122967069e-22
8.381267396e-23
5.658375835e-23
3.272361997e-23
1.222534557e-23
1.400200322e-21
1.376795256e-21
1.355532296e-21
1.332103403e-21
1.309521842e-21
1.288214837e-21
1.263963511e-21
1.241229545e-21
1.210783575e-21
1.18941209e-21
1.162364908e-21
1.137936964e-21
1.113861278e-21
1.089506825e-21
1.06139883e-21
1.037142749e-21
1.006372142e-21
9.8275029e-22
9.563605488e-22
9.321475491e-22
9.064217454e-22
8.836317894e-22
8.484181632e-22
8.139139985e-22
7.942279576e-22
7.69340693e-22
7.431676097e-22
7.123146317e-22
6.877603178e-22
6.603004781e-22
6.350738081e-22
6.08900707e-22
5.849603703e-22
5.466914435e-22
5.210473827e-22
4.945786429e-22
4.674910285e-22
4.364496538e-22
4.096334806e-22
3.789558711e-22
3.504311447e-22
3.208245182e-22
2.908885997e-22
2.595036055e-22
2.307742267e-22
2.008808282e-22
1.713165331e-22
1.411296118e-22
1.123599839e-22
8.366745762e-23
5.66962318e-23
3.265844529e-23
1.252424001e-23
1.288052076e-21
1.265797275e-21
1.242022464e-21
1.212918531e-21
1.189793305e-21
1.165950458e-21
1.135758023e-21
1.116049339e-21
1.090751336e-21
1.062325686e-21
1.036674732e-21
1.008852831e-21
9.839831083e-22
9.592010464e-22
9.29338965e-22
9.070723869e-22
8.783946139e-22
8.511387511e-22
8.180334257e-22
7.952831723e-22
7.692991064e-22
7.428301129e-22
7.163771812e-22
6.872719166e-22
6.61191252e-22
6.358399426e-22
6.093522615e-22
5.832384016e-22
5.474916316e-22
5.230682316e-22
4.965879705e-22
4.658751137e-22
4.381107732e-22
4.106991424e-22
3.790575999e-22
3.512530811e-22
3.213687997e-22
2.900330394e-22
2.607677942e-22
2.30368342e-22
2.013883602e-22
1.715783313e-22
1.413119368e-22
1.121713763e-22
8.341515874e-23
5.708793902e-23
3.272133111e-23
1.269803829e-23
1.287189002e-21
1.26612671e-21
1.241561488e-21
1.214601579e-21
1.192612169e-21
1.166014261e-21
1.137447722e-21
1.115809129e-21
1.093098431e-21
1.063190585e-21
1.036594678e-21
1.007387993e-21
9.842799012e-22
9.586778406e-22
9.314939341e-22
9.074519933e-22
8.789944561e-22
8.531900451e-22
8.226000885e-22
7.982716761e-22
7.72344165e-22
7.376180704e-22
7.155642093e-22
6.899700138e-22
6.623462405e-22
6.341362238e-22
6.095449554e-22
5.810595831e-22
5.518602754e-22
5.247300639e-22
4.961164516e-22
4.672443746e-22
4.383902212e-22
4.101316453e-22
3.804374491e-22
3.518701115e-22
3.213123369e-22
2.903174741e-22
2.612887722e-22
2.313452588e-22
2.016255908e-22
1.711557521e-22
1.411167509e-22
1.119388067e-22
8.410744415e-23
5.731663867e-23
3.297633131e-23
1.257936446e-23
1.29016013e-21
1.266962268e-21
1.243050127e-21
1.213639034e-21
1.190586901e-21
1.166586619e-21
1.141067161e-21
1.116466062e-21
1.093388331e-21
1.063138152e-21
1.036754064e-21
1.011140508e-21
9.841826751e-22
9.598002991e-22
9.311198036e-22
9.077983995e-22
8.801206825e-22
8.5403993e-22
8.266128141e-22
8.00148972e-22
7.714418343e-22
7.395133292e-22
7.153492552e-22
6.891992135e-22
6.62947402e-22
6.349386869e-22
6.091941021e-22
5.822861414e-22
5.549806736e-22
5.259636691e-22
4.960460428e-22
4.679611397e-22
4.377854475e-22
4.099096766e-22
3.816034825e-22
3.538122766e-22
3.186401682e-22
2.911488456e-22
2.617543654e-22
2.317513414e-22
2.020093977e-22
1.715212829e-22
1.413744732e-22
1.123979586e-22
8.454178237e-23
5.67462838e-23
3.29584999e-23
1.271658707e-23
1.291602775e-21
1.268673156e-21
1.243550546e-21
1.214906054e-21
1.189843745e-21
1.169221511e-21
1.141198371e-21
1.117407391e-21
1.092395827e-21
1.065579189e-21
1.037177214e-21
1.013687058e-21
9.819518948e-22
9.590895867e-22
9.344263651e-22
9.08304108e-22
8.804377124e-22
8.554257167e-22
8.285372842e-22
8.020115813e-22
7.762043769e-22
7.416142071e-22
7.080187721e-22
6.896497894e-22
6.637173776e-22
6.37075143e-22
6.11334292e-22
5.847583506e-22
5.516427673e-22
5.26419628e-22
4.975543097e-22
4.691836873e-22
4.393157691e-22
4.093329236e-22
3.806451832e-22
3.522895974e-22
3.224219113e-22
2.925204752e-22
2.616553771e-22
2.304457509e-22
2.021096706e-22
1.717769573e-22
1.419359827e-22
1.130914302e-22
8.516464207e-23
5.660741857e-23
3.238969462e-23
1.278335264e-23
)
;

boundaryField
{
    inlet
    {
        type            calculated;
        value           uniform 0;
    }
    object
    {
        type            calculated;
        value           nonuniform 0();
    }
    outlet
    {
        type            calculated;
        value           nonuniform 0();
    }
    front
    {
        type            wedge;
    }
    back
    {
        type            wedge;
    }
    procBoundary0to1
    {
        type            processor;
        value           nonuniform List<scalar> 
196
(
2.072219191e-21
2.071332455e-21
2.070858746e-21
2.070858746e-21
2.085056384e-21
2.085056384e-21
2.105650789e-21
2.09790929e-21
2.102475525e-21
2.103276847e-21
2.105204279e-21
2.102751089e-21
2.10590898e-21
2.107098297e-21
2.110476941e-21
2.107749167e-21
2.107439626e-21
2.106605388e-21
2.107355999e-21
2.105962089e-21
2.122997859e-21
2.107155592e-21
2.107155592e-21
2.141804692e-21
2.142053175e-21
2.139424385e-21
2.141587108e-21
2.140938319e-21
2.145864466e-21
2.143234116e-21
2.14255193e-21
2.142734944e-21
2.144545279e-21
2.144777465e-21
2.146208691e-21
2.145722916e-21
2.143739416e-21
2.141686022e-21
2.142000011e-21
2.143050429e-21
2.143843632e-21
2.144953923e-21
2.144529807e-21
2.147861187e-21
2.146507844e-21
2.147782525e-21
2.147459352e-21
2.148797023e-21
2.145312115e-21
2.139106712e-21
2.142051746e-21
2.145294013e-21
2.146878306e-21
2.148479321e-21
2.148904428e-21
2.149854186e-21
2.148816009e-21
2.149280964e-21
2.150180403e-21
2.151049475e-21
2.152644018e-21
2.152742276e-21
2.154464296e-21
2.153122217e-21
2.154361392e-21
2.155042526e-21
2.155693541e-21
2.15840817e-21
2.158906172e-21
2.157367571e-21
2.159001642e-21
2.1587126e-21
2.159393347e-21
2.158754284e-21
2.160551134e-21
2.160044714e-21
2.16111577e-21
2.163772685e-21
2.163415412e-21
2.164593154e-21
2.163438484e-21
2.167771731e-21
2.164898328e-21
2.165473827e-21
2.167059046e-21
2.168018622e-21
2.168904226e-21
2.16868021e-21
2.171411935e-21
2.170854674e-21
2.170964574e-21
2.171471828e-21
2.172109081e-21
2.172800889e-21
2.173738079e-21
2.173842108e-21
2.174384454e-21
2.175932196e-21
2.177232799e-21
2.178015145e-21
2.178549322e-21
2.181261329e-21
2.181759531e-21
2.182014679e-21
2.183643862e-21
2.183354973e-21
2.185319344e-21
2.186986923e-21
2.188183673e-21
2.187401804e-21
2.188951196e-21
2.192473634e-21
2.194220819e-21
2.196282036e-21
2.198159636e-21
2.198769556e-21
2.19860727e-21
2.196788798e-21
2.197095227e-21
2.199298313e-21
2.199994133e-21
2.200205635e-21
2.199834014e-21
2.202424059e-21
2.204523642e-21
2.204439819e-21
2.205181049e-21
2.205279989e-21
2.207807963e-21
2.2093429e-21
2.210016094e-21
2.210715114e-21
2.2112566e-21
2.211013298e-21
2.211139897e-21
2.21592733e-21
2.216041473e-21
2.216313937e-21
2.217608035e-21
2.219332715e-21
2.220388612e-21
2.221962892e-21
2.220928532e-21
2.223016781e-21
2.224704655e-21
2.226320794e-21
2.226797287e-21
2.227814014e-21
2.22602651e-21
2.227612279e-21
2.229457902e-21
2.230393368e-21
2.232752276e-21
2.234621735e-21
2.236508811e-21
2.238696102e-21
2.240414781e-21
2.242694096e-21
2.244070916e-21
2.2464448e-21
2.248633602e-21
2.248274271e-21
2.250369608e-21
2.251646331e-21
2.253316301e-21
2.253168452e-21
2.255035398e-21
2.256823161e-21
2.258165423e-21
2.258914867e-21
2.260040656e-21
2.262647249e-21
2.26486807e-21
2.266071155e-21
2.26705371e-21
2.269311139e-21
2.27131667e-21
2.271840746e-21
2.272149e-21
2.273914556e-21
2.275560959e-21
2.277074314e-21
2.279126603e-21
2.28032018e-21
2.28052848e-21
2.282937398e-21
2.28489303e-21
2.286136163e-21
2.288820986e-21
2.289508202e-21
2.291035452e-21
2.293584902e-21
2.295364593e-21
2.297497273e-21
2.298755309e-21
2.300258331e-21
)
;
    }
    procBoundary0to2
    {
        type            processor;
        value           nonuniform List<scalar> 
118
(
2.285340272e-21
2.2677712e-21
2.24914561e-21
2.232337645e-21
2.212963877e-21
2.196119476e-21
2.178091282e-21
2.159780235e-21
2.140382452e-21
2.123161929e-21
2.104639081e-21
2.083844668e-21
2.066157544e-21
2.047401119e-21
2.028279767e-21
2.009491391e-21
1.990770776e-21
1.969784156e-21
1.951284908e-21
1.931766246e-21
1.912332281e-21
1.892692802e-21
1.871781967e-21
1.852650504e-21
1.832390871e-21
1.810461239e-21
1.791602878e-21
1.771216343e-21
1.74935292e-21
1.728780388e-21
1.708142638e-21
1.687732951e-21
1.687732951e-21
1.689169713e-21
1.668678468e-21
1.647925828e-21
1.627143486e-21
1.604391909e-21
1.583617762e-21
1.561641732e-21
1.541872746e-21
1.514843744e-21
1.494970076e-21
1.473574975e-21
1.451456702e-21
1.429688897e-21
1.407333479e-21
1.407333479e-21
1.408274981e-21
1.40938894e-21
1.410993302e-21
1.412364877e-21
1.410570235e-21
1.412850294e-21
1.413240117e-21
1.414309089e-21
1.415911192e-21
1.416423584e-21
1.419140909e-21
1.42069078e-21
1.42155348e-21
1.401990941e-21
1.377142093e-21
1.357153094e-21
1.333204562e-21
1.310896582e-21
1.310896582e-21
1.312633752e-21
1.314279583e-21
1.3137699e-21
1.293920235e-21
1.26841794e-21
1.242970802e-21
1.217175115e-21
1.194564781e-21
1.166772082e-21
1.142414853e-21
1.118487101e-21
1.092855075e-21
1.065803191e-21
1.038894906e-21
1.010319679e-21
9.861426132e-22
9.61258375e-22
9.341428374e-22
9.094905158e-22
8.826463321e-22
8.59336639e-22
8.255119802e-22
8.018300693e-22
7.730872435e-22
7.439347074e-22
7.141434535e-22
6.879029974e-22
6.647939056e-22
6.370632923e-22
6.114852604e-22
5.840195362e-22
5.553760113e-22
5.286010578e-22
4.975368925e-22
4.712578265e-22
4.376926956e-22
4.112200339e-22
3.806418158e-22
3.50342706e-22
3.230243462e-22
2.922240321e-22
2.614474249e-22
2.313159955e-22
2.024245039e-22
1.725320246e-22
1.430326845e-22
1.121838602e-22
8.457985605e-23
5.736874316e-23
3.298764639e-23
1.251124094e-23
)
;
    }
}


// ************************************************************************* //
