/*--------------------------------*- C++ -*----------------------------------*\
| =========                 |                                                 |
| \\      /  F ield         | OpenFOAM: The Open Source CFD Toolbox           |
|  \\    /   O peration     | Version:  v1706                                 |
|   \\  /    A nd           | Web:      www.OpenFOAM.com                      |
|    \\/     M anipulation  |                                                 |
\*---------------------------------------------------------------------------*/
FoamFile
{
    version     2.0;
    format      ascii;
    class       volScalarField;
    location    "0.0024";
    object      kappave;
}
// * * * * * * * * * * * * * * * * * * * * * * * * * * * * * * * * * * * * * //

dimensions      [1 1 -3 -1 0 0 0];


internalField   nonuniform List<scalar> 
20138
(
1.591643766e-05
1.591643766e-05
1.591643766e-05
1.591643766e-05
1.591643766e-05
1.591643766e-05
1.591643766e-05
1.591643766e-05
1.591643766e-05
1.591643766e-05
1.591643766e-05
1.591643766e-05
1.591643766e-05
1.591643766e-05
1.591643766e-05
1.591643766e-05
1.591643766e-05
1.591643766e-05
1.591643766e-05
1.591643766e-05
1.591643766e-05
1.591643766e-05
1.591643766e-05
1.591643766e-05
1.591643766e-05
1.591643766e-05
1.591643766e-05
1.591643766e-05
1.591643766e-05
1.591643766e-05
1.591643766e-05
1.591643766e-05
1.591643766e-05
1.591643766e-05
1.591643766e-05
1.591643766e-05
1.591643766e-05
1.591643766e-05
1.591643766e-05
1.591643766e-05
1.591643766e-05
1.591643766e-05
1.591643766e-05
1.591643766e-05
1.591643766e-05
1.591643766e-05
1.591643766e-05
1.591643766e-05
1.591643766e-05
1.591643766e-05
1.591643766e-05
1.591643766e-05
1.591643766e-05
1.591643766e-05
1.591643766e-05
1.591643766e-05
1.591643766e-05
1.591643766e-05
1.591643766e-05
1.591643766e-05
1.591643766e-05
1.591643766e-05
1.591643766e-05
1.591643766e-05
1.591643766e-05
1.591643766e-05
1.591643766e-05
1.591643766e-05
1.591643766e-05
1.591643766e-05
1.591643766e-05
1.591643766e-05
1.591643766e-05
1.591643766e-05
1.591643766e-05
1.591643766e-05
1.591643766e-05
1.591643766e-05
1.591643766e-05
1.591643766e-05
1.591643766e-05
1.591643766e-05
1.591643766e-05
1.591643766e-05
1.591643766e-05
1.591643766e-05
1.591643766e-05
1.591643766e-05
1.591643766e-05
1.591643766e-05
1.591643766e-05
1.591643766e-05
1.591643766e-05
1.591643766e-05
1.591643766e-05
1.591643766e-05
1.591643766e-05
1.591643766e-05
1.591643766e-05
1.591643766e-05
1.591643766e-05
1.591643766e-05
1.591643766e-05
1.591643766e-05
1.591643766e-05
1.591643766e-05
1.591643766e-05
1.591643766e-05
1.591643766e-05
0.0001771734562
1.594382036e-05
1.591644031e-05
1.591643766e-05
1.591643766e-05
1.591643766e-05
1.591643766e-05
1.591643766e-05
1.591643766e-05
1.591643766e-05
1.591643766e-05
1.591643766e-05
1.591643766e-05
1.591643766e-05
1.591643766e-05
1.591643766e-05
1.591643766e-05
1.591643766e-05
1.591643766e-05
1.591643766e-05
1.591643766e-05
1.591643766e-05
1.591643766e-05
1.591643766e-05
1.591643766e-05
1.591643766e-05
1.591643766e-05
1.591643766e-05
1.591643766e-05
1.591643766e-05
1.591643766e-05
1.591643766e-05
1.591643766e-05
1.591643766e-05
1.591643766e-05
1.591643766e-05
1.591643766e-05
1.591643766e-05
1.591643766e-05
1.591643766e-05
1.591643766e-05
1.591643766e-05
1.591643766e-05
1.591643766e-05
1.591643766e-05
1.591643766e-05
1.591643766e-05
1.591643766e-05
1.591643766e-05
0.0002203060392
1.595433331e-05
1.591644138e-05
1.591643766e-05
1.591643766e-05
1.591643766e-05
1.591643766e-05
1.591643766e-05
1.591643766e-05
1.591643766e-05
1.591643766e-05
1.591643766e-05
1.591643766e-05
1.591643766e-05
1.591643766e-05
1.591643766e-05
1.591643766e-05
1.591643766e-05
1.591643766e-05
1.591643766e-05
1.591643766e-05
1.591643766e-05
1.591643766e-05
1.591643766e-05
1.591643766e-05
1.591643766e-05
1.591643766e-05
1.591643766e-05
1.591643766e-05
1.591643766e-05
1.591643766e-05
1.591643766e-05
1.591643766e-05
1.591643766e-05
1.591643766e-05
1.591643766e-05
1.591643766e-05
1.591643766e-05
1.591643766e-05
1.591643766e-05
1.591643766e-05
1.591643766e-05
1.591643766e-05
1.591643766e-05
1.591643766e-05
1.591643766e-05
1.591643766e-05
1.591643766e-05
1.591643766e-05
0.0002614876176
1.596543007e-05
1.591644252e-05
1.591643766e-05
1.591643766e-05
1.591643766e-05
1.591643766e-05
1.591643766e-05
1.591643766e-05
1.591643766e-05
1.591643766e-05
1.591643766e-05
1.591643766e-05
1.591643766e-05
1.591643766e-05
1.591643766e-05
1.591643766e-05
1.591643766e-05
1.591643766e-05
1.591643766e-05
1.591643766e-05
1.591643766e-05
1.591643766e-05
1.591643766e-05
1.591643766e-05
1.591643766e-05
1.591643766e-05
1.591643766e-05
1.591643766e-05
1.591643766e-05
1.591643766e-05
1.591643766e-05
1.591643766e-05
1.591643766e-05
1.591643766e-05
1.591643766e-05
1.591643766e-05
1.591643766e-05
1.591643766e-05
1.591643766e-05
1.591643766e-05
1.591643766e-05
1.591643766e-05
1.591643766e-05
1.591643766e-05
1.591643766e-05
1.591643766e-05
1.591643766e-05
1.591643766e-05
0.0002995098479
1.597658354e-05
1.59164437e-05
1.591643766e-05
1.591643766e-05
1.591643766e-05
1.591643766e-05
1.591643766e-05
1.591643766e-05
1.591643766e-05
1.591643766e-05
1.591643766e-05
1.591643766e-05
1.591643766e-05
1.591643766e-05
1.591643766e-05
1.591643766e-05
1.591643766e-05
1.591643766e-05
1.591643766e-05
1.591643766e-05
1.591643766e-05
1.591643766e-05
1.591643766e-05
1.591643766e-05
1.591643766e-05
1.591643766e-05
1.591643766e-05
1.591643766e-05
1.591643766e-05
1.591643766e-05
1.591643766e-05
1.591643766e-05
1.591643766e-05
1.591643766e-05
1.591643766e-05
1.591643766e-05
1.591643766e-05
1.591643766e-05
1.591643766e-05
1.591643766e-05
1.591643766e-05
1.591643766e-05
1.591643766e-05
1.591643766e-05
1.591643766e-05
1.591643766e-05
1.591643766e-05
1.591643766e-05
0.0003340015948
1.598751614e-05
1.591644643e-05
1.591643766e-05
1.591643766e-05
1.591643766e-05
1.591643766e-05
1.591643766e-05
1.591643766e-05
1.591643766e-05
1.591643766e-05
1.591643766e-05
1.591643766e-05
1.591643766e-05
1.591643766e-05
1.591643766e-05
1.591643766e-05
1.591643766e-05
1.591643766e-05
1.591643766e-05
1.591643766e-05
1.591643766e-05
1.591643766e-05
1.591643766e-05
1.591643766e-05
1.591643766e-05
1.591643766e-05
1.591643766e-05
1.591643766e-05
1.591643766e-05
1.591643766e-05
1.591643766e-05
1.591643766e-05
1.591643766e-05
1.591643766e-05
1.591643766e-05
1.591643766e-05
1.591643766e-05
1.591643766e-05
1.591643766e-05
1.591643766e-05
1.591643766e-05
1.591643766e-05
1.591643766e-05
1.591643766e-05
1.591643766e-05
1.591643766e-05
1.591643766e-05
1.591643766e-05
0.0003693855873
1.625190237e-05
1.591650505e-05
1.591643767e-05
1.591643766e-05
1.591643766e-05
1.591643766e-05
1.591643766e-05
1.591643766e-05
1.591643766e-05
1.591643766e-05
1.591643766e-05
1.591643766e-05
1.591643766e-05
1.591643766e-05
1.591643766e-05
1.591643766e-05
1.591643766e-05
1.591643766e-05
1.591643766e-05
1.591643766e-05
1.591643766e-05
1.591643766e-05
1.591643766e-05
1.591643766e-05
1.591643766e-05
1.591643766e-05
1.591643766e-05
1.591643766e-05
1.591643766e-05
1.591643766e-05
1.591643766e-05
1.591643766e-05
1.591643766e-05
1.591643766e-05
1.591643766e-05
1.591643766e-05
1.591643766e-05
1.591643766e-05
1.591643766e-05
1.591643766e-05
1.591643766e-05
1.591643766e-05
1.591643766e-05
1.591643766e-05
1.591643766e-05
1.591643766e-05
1.591643766e-05
1.591643766e-05
0.008559134836
2.218075452e-05
1.591716623e-05
1.591643774e-05
1.591643766e-05
1.591643766e-05
1.591643766e-05
1.591643766e-05
1.591643766e-05
1.591643766e-05
1.591643766e-05
1.591643766e-05
1.591643766e-05
1.591643766e-05
1.591643766e-05
1.591643766e-05
1.591643766e-05
1.591643766e-05
1.591643766e-05
1.591643766e-05
1.591643766e-05
1.591643766e-05
1.591643766e-05
1.591643766e-05
1.591643766e-05
1.591643766e-05
1.591643766e-05
1.591643766e-05
1.591643766e-05
1.591643766e-05
1.591643766e-05
1.591643766e-05
1.591643766e-05
1.591643766e-05
1.591643766e-05
1.591643766e-05
1.591643766e-05
1.591643766e-05
1.591643766e-05
1.591643766e-05
1.591643766e-05
1.591643766e-05
1.591643766e-05
1.591643766e-05
1.591643766e-05
1.591643766e-05
1.591643766e-05
1.591643766e-05
1.591643766e-05
0.02551618293
4.660580149e-05
1.591991951e-05
1.591643799e-05
1.591643766e-05
1.591643766e-05
1.591643766e-05
1.591643766e-05
1.591643766e-05
1.591643766e-05
1.591643766e-05
1.591643766e-05
1.591643766e-05
1.591643766e-05
1.591643766e-05
1.591643766e-05
1.591643766e-05
1.591643766e-05
1.591643766e-05
1.591643766e-05
1.591643766e-05
1.591643766e-05
1.591643766e-05
1.591643766e-05
1.591643766e-05
1.591643766e-05
1.591643766e-05
1.591643766e-05
1.591643766e-05
1.591643766e-05
1.591643766e-05
1.591643766e-05
1.591643766e-05
1.591643766e-05
1.591643766e-05
1.591643766e-05
1.591643766e-05
1.591643766e-05
1.591643766e-05
1.591643766e-05
1.591643766e-05
1.591643766e-05
1.591643766e-05
1.591643766e-05
1.591643766e-05
1.591643766e-05
1.591643766e-05
1.591643766e-05
1.591643766e-05
0.04022135538
8.370214929e-05
1.59252678e-05
1.591643849e-05
1.591643766e-05
1.591643766e-05
1.591643766e-05
1.591643766e-05
1.591643766e-05
1.591643766e-05
1.591643766e-05
1.591643766e-05
1.591643766e-05
1.591643766e-05
1.591643766e-05
1.591643766e-05
1.591643766e-05
1.591643766e-05
1.591643766e-05
1.591643766e-05
1.591643766e-05
1.591643766e-05
1.591643766e-05
1.591643766e-05
1.591643766e-05
1.591643766e-05
1.591643766e-05
1.591643766e-05
1.591643766e-05
1.591643766e-05
1.591643766e-05
1.591643766e-05
1.591643766e-05
1.591643766e-05
1.591643766e-05
1.591643766e-05
1.591643766e-05
1.591643766e-05
1.591643766e-05
1.591643766e-05
1.591643766e-05
1.591643766e-05
1.591643766e-05
1.591643766e-05
1.591643766e-05
1.591643766e-05
1.591643766e-05
1.591643766e-05
1.591643766e-05
0.05124311335
0.0001259194606
1.593283943e-05
1.591643924e-05
1.591643766e-05
1.591643766e-05
1.591643766e-05
1.591643766e-05
1.591643766e-05
1.591643766e-05
1.591643766e-05
1.591643766e-05
1.591643766e-05
1.591643766e-05
1.591643766e-05
1.591643766e-05
1.591643766e-05
1.591643766e-05
1.591643766e-05
1.591643766e-05
1.591643766e-05
1.591643766e-05
1.591643766e-05
1.591643766e-05
1.591643766e-05
1.591643766e-05
1.591643766e-05
1.591643766e-05
1.591643766e-05
1.591643766e-05
1.591643766e-05
1.591643766e-05
1.591643766e-05
1.591643766e-05
1.591643766e-05
1.591643766e-05
1.591643766e-05
1.591643766e-05
1.591643766e-05
1.591643766e-05
1.591643766e-05
1.591643766e-05
1.591643766e-05
1.591643766e-05
1.591643766e-05
1.591643766e-05
1.591643766e-05
1.591643766e-05
1.591643766e-05
0.05915905712
0.0001700321192
1.59421557e-05
1.591644019e-05
1.591643766e-05
1.591643766e-05
1.591643766e-05
1.591643766e-05
1.591643766e-05
1.591643766e-05
1.591643766e-05
1.591643766e-05
1.591643766e-05
1.591643766e-05
1.591643766e-05
1.591643766e-05
1.591643766e-05
1.591643766e-05
1.591643766e-05
1.591643766e-05
1.591643766e-05
1.591643766e-05
1.591643766e-05
1.591643766e-05
1.591643766e-05
1.591643766e-05
1.591643766e-05
1.591643766e-05
1.591643766e-05
1.591643766e-05
1.591643766e-05
1.591643766e-05
1.591643766e-05
1.591643766e-05
1.591643766e-05
1.591643766e-05
1.591643766e-05
1.591643766e-05
1.591643766e-05
1.591643766e-05
1.591643766e-05
1.591643766e-05
1.591643766e-05
1.591643766e-05
1.591643766e-05
1.591643766e-05
1.591643766e-05
1.591643766e-05
1.591643766e-05
0.06479996716
0.0002137796026
1.595266287e-05
1.591644129e-05
1.591643766e-05
1.591643766e-05
1.591643766e-05
1.591643766e-05
1.591643766e-05
1.591643766e-05
1.591643766e-05
1.591643766e-05
1.591643766e-05
1.591643766e-05
1.591643766e-05
1.591643766e-05
1.591643766e-05
1.591643766e-05
1.591643766e-05
1.591643766e-05
1.591643766e-05
1.591643766e-05
1.591643766e-05
1.591643766e-05
1.591643766e-05
1.591643766e-05
1.591643766e-05
1.591643766e-05
1.591643766e-05
1.591643766e-05
1.591643766e-05
1.591643766e-05
1.591643766e-05
1.591643766e-05
1.591643766e-05
1.591643766e-05
1.591643766e-05
1.591643766e-05
1.591643766e-05
1.591643766e-05
1.591643766e-05
1.591643766e-05
1.591643766e-05
1.591643766e-05
1.591643766e-05
1.591643766e-05
1.591643766e-05
1.591643766e-05
1.591643766e-05
0.06895139788
0.0002550468241
1.596370183e-05
1.591644249e-05
1.591643766e-05
1.591643766e-05
1.591643766e-05
1.591643766e-05
1.591643766e-05
1.591643766e-05
1.591643766e-05
1.591643766e-05
1.591643766e-05
1.591643766e-05
1.591643766e-05
1.591643766e-05
1.591643766e-05
1.591643766e-05
1.591643766e-05
1.591643766e-05
1.591643766e-05
1.591643766e-05
1.591643766e-05
1.591643766e-05
1.591643766e-05
1.591643766e-05
1.591643766e-05
1.591643766e-05
1.591643766e-05
1.591643766e-05
1.591643766e-05
1.591643766e-05
1.591643766e-05
1.591643766e-05
1.591643766e-05
1.591643766e-05
1.591643766e-05
1.591643766e-05
1.591643766e-05
1.591643766e-05
1.591643766e-05
1.591643766e-05
1.591643766e-05
1.591643766e-05
1.591643766e-05
1.591643766e-05
1.591643766e-05
1.591643766e-05
1.591643766e-05
0.07218090943
0.000292595816
1.597468645e-05
1.59164437e-05
1.591643766e-05
1.591643766e-05
1.591643766e-05
1.591643766e-05
1.591643766e-05
1.591643766e-05
1.591643766e-05
1.591643766e-05
1.591643766e-05
1.591643766e-05
1.591643766e-05
1.591643766e-05
1.591643766e-05
1.591643766e-05
1.591643766e-05
1.591643766e-05
1.591643766e-05
1.591643766e-05
1.591643766e-05
1.591643766e-05
1.591643766e-05
1.591643766e-05
1.591643766e-05
1.591643766e-05
1.591643766e-05
1.591643766e-05
1.591643766e-05
1.591643766e-05
1.591643766e-05
1.591643766e-05
1.591643766e-05
1.591643766e-05
1.591643766e-05
1.591643766e-05
1.591643766e-05
1.591643766e-05
1.591643766e-05
1.591643766e-05
1.591643766e-05
1.591643766e-05
1.591643766e-05
1.591643766e-05
1.591643766e-05
1.591643766e-05
1.591643766e-05
1.591643766e-05
1.591643766e-05
1.591643766e-05
1.591643766e-05
1.591643766e-05
0.0748317224
0.0003261224282
1.598525774e-05
1.591644554e-05
1.591643766e-05
1.591643766e-05
1.591643766e-05
1.591643766e-05
1.591643766e-05
1.591643766e-05
1.591643766e-05
1.591643766e-05
1.591643766e-05
1.591643766e-05
1.591643766e-05
1.591643766e-05
1.591643766e-05
1.591643766e-05
1.591643766e-05
1.591643766e-05
1.591643766e-05
1.591643766e-05
1.591643766e-05
1.591643766e-05
1.591643766e-05
1.591643766e-05
1.591643766e-05
1.591643766e-05
1.591643766e-05
1.591643766e-05
1.591643766e-05
1.591643766e-05
1.591643766e-05
1.591643766e-05
1.591643766e-05
1.591643766e-05
1.591643766e-05
1.591643766e-05
1.591643766e-05
1.591643766e-05
1.591643766e-05
1.591643766e-05
1.591643766e-05
1.591643766e-05
1.591643766e-05
1.591643766e-05
1.591643766e-05
1.591643766e-05
1.591643766e-05
1.591643766e-05
1.591643766e-05
1.591643766e-05
1.591643766e-05
1.591643766e-05
0.077102979
0.0003571654929
1.609232499e-05
1.591646721e-05
1.591643766e-05
1.591643766e-05
1.591643766e-05
1.591643766e-05
1.591643766e-05
1.591643766e-05
1.591643766e-05
1.591643766e-05
1.591643766e-05
1.591643766e-05
1.591643766e-05
1.591643766e-05
1.591643766e-05
1.591643766e-05
1.591643766e-05
1.591643766e-05
1.591643766e-05
1.591643766e-05
1.591643766e-05
1.591643766e-05
1.591643766e-05
1.591643766e-05
1.591643766e-05
1.591643766e-05
1.591643766e-05
1.591643766e-05
1.591643766e-05
1.591643766e-05
1.591643766e-05
1.591643766e-05
1.591643766e-05
1.591643766e-05
1.591643766e-05
1.591643766e-05
1.591643766e-05
1.591643766e-05
1.591643766e-05
1.591643766e-05
1.591643766e-05
1.591643766e-05
1.591643766e-05
1.591643766e-05
1.591643766e-05
1.591643766e-05
1.591643766e-05
1.591643766e-05
1.591643766e-05
1.591643766e-05
1.591643766e-05
1.591643766e-05
0.07915085023
0.003542457983
1.811239072e-05
1.591675254e-05
1.59164377e-05
1.591643766e-05
1.591643766e-05
1.591643766e-05
1.591643766e-05
1.591643766e-05
1.591643766e-05
1.591643766e-05
1.591643766e-05
1.591643766e-05
1.591643766e-05
1.591643766e-05
1.591643766e-05
1.591643766e-05
1.591643766e-05
1.591643766e-05
1.591643766e-05
1.591643766e-05
1.591643766e-05
1.591643766e-05
1.591643766e-05
1.591643766e-05
1.591643766e-05
1.591643766e-05
1.591643766e-05
1.591643766e-05
1.591643766e-05
1.591643766e-05
1.591643766e-05
1.591643766e-05
1.591643766e-05
1.591643766e-05
1.591643766e-05
1.591643766e-05
1.591643766e-05
1.591643766e-05
1.591643766e-05
1.591643766e-05
1.591643766e-05
1.591643766e-05
1.591643766e-05
1.591643766e-05
1.591643766e-05
1.591643766e-05
1.591643766e-05
1.591643766e-05
1.591643766e-05
1.591643766e-05
1.591643766e-05
1.591643766e-05
0.08115375362
0.01886165359
3.476305124e-05
1.59185338e-05
1.591643787e-05
1.591643766e-05
1.591643766e-05
1.591643766e-05
1.591643766e-05
1.591643766e-05
1.591643766e-05
1.591643766e-05
1.591643766e-05
1.591643766e-05
1.591643766e-05
1.591643766e-05
1.591643766e-05
1.591643766e-05
1.591643766e-05
1.591643766e-05
1.591643766e-05
1.591643766e-05
1.591643766e-05
1.591643766e-05
1.591643766e-05
1.591643766e-05
1.591643766e-05
1.591643766e-05
1.591643766e-05
1.591643766e-05
1.591643766e-05
1.591643766e-05
1.591643766e-05
1.591643766e-05
1.591643766e-05
1.591643766e-05
1.591643766e-05
1.591643766e-05
1.591643766e-05
1.591643766e-05
1.591643766e-05
1.591643766e-05
1.591643766e-05
1.591643766e-05
1.591643766e-05
1.591643766e-05
1.591643766e-05
1.591643766e-05
1.591643766e-05
1.591643766e-05
1.591643766e-05
1.591643766e-05
1.591643766e-05
1.591643766e-05
1.591643766e-05
1.591643766e-05
1.591643766e-05
1.591643766e-05
1.591643766e-05
1.591643766e-05
1.591643766e-05
1.591643766e-05
1.591643766e-05
1.591643766e-05
1.591643766e-05
1.591643766e-05
1.591643766e-05
1.591643766e-05
1.591643766e-05
1.591643766e-05
1.591643766e-05
1.591643766e-05
1.591643766e-05
1.591643766e-05
1.591643766e-05
1.591643766e-05
1.591643766e-05
1.591643766e-05
1.591643766e-05
1.591643766e-05
1.591643766e-05
1.591643766e-05
1.591643766e-05
1.591643766e-05
1.591643766e-05
1.591643766e-05
1.591643766e-05
1.591643766e-05
1.591643766e-05
1.591643766e-05
1.591643766e-05
1.591643766e-05
1.591643766e-05
1.591643766e-05
1.591643766e-05
1.591643766e-05
1.591643766e-05
1.591643766e-05
1.591643766e-05
1.591643766e-05
1.591643766e-05
1.591643766e-05
0.08304255778
0.0343291492
6.640287421e-05
1.592267633e-05
1.591643827e-05
1.591643766e-05
1.591643766e-05
1.591643766e-05
1.591643766e-05
1.591643766e-05
1.591643766e-05
1.591643766e-05
1.591643766e-05
1.591643766e-05
1.591643766e-05
1.591643766e-05
1.591643766e-05
1.591643766e-05
1.591643766e-05
1.591643766e-05
1.591643766e-05
1.591643766e-05
1.591643766e-05
1.591643766e-05
1.591643766e-05
1.591643766e-05
1.591643766e-05
1.591643766e-05
1.591643766e-05
1.591643766e-05
1.591643766e-05
1.591643766e-05
1.591643766e-05
1.591643766e-05
1.591643766e-05
1.591643766e-05
1.591643766e-05
1.591643766e-05
1.591643766e-05
1.591643766e-05
1.591643766e-05
1.591643766e-05
1.591643766e-05
1.591643766e-05
1.591643766e-05
1.591643766e-05
1.591643766e-05
1.591643766e-05
1.591643766e-05
1.591643766e-05
1.591643766e-05
1.591643766e-05
1.591643766e-05
1.591643766e-05
1.591643766e-05
1.591643766e-05
1.591643766e-05
1.591643766e-05
1.591643766e-05
1.591643766e-05
1.591643766e-05
1.591643766e-05
1.591643766e-05
1.591643766e-05
1.591643766e-05
1.591643766e-05
1.591643766e-05
1.591643766e-05
1.591643766e-05
1.591643766e-05
1.591643766e-05
1.591643766e-05
1.591643766e-05
1.591643766e-05
1.591643766e-05
1.591643766e-05
1.591643766e-05
1.591643766e-05
1.591643766e-05
1.591643766e-05
1.591643766e-05
1.591643766e-05
1.591643766e-05
1.591643766e-05
1.591643766e-05
1.591643766e-05
1.591643766e-05
1.591643766e-05
1.591643766e-05
1.591643766e-05
1.591643766e-05
1.591643766e-05
1.591643766e-05
1.591643766e-05
1.591643766e-05
1.591643766e-05
1.591643766e-05
1.591643766e-05
1.591643766e-05
1.591643766e-05
1.591643766e-05
1.591643766e-05
0.08454503862
0.04638591072
0.0001049287701
1.592901653e-05
1.591643892e-05
1.591643766e-05
1.591643766e-05
1.591643766e-05
1.591643766e-05
1.591643766e-05
1.591643766e-05
1.591643766e-05
1.591643766e-05
1.591643766e-05
1.591643766e-05
1.591643766e-05
1.591643766e-05
1.591643766e-05
1.591643766e-05
1.591643766e-05
1.591643766e-05
1.591643766e-05
1.591643766e-05
1.591643766e-05
1.591643766e-05
1.591643766e-05
1.591643766e-05
1.591643766e-05
1.591643766e-05
1.591643766e-05
1.591643766e-05
1.591643766e-05
1.591643766e-05
1.591643766e-05
1.591643766e-05
1.591643766e-05
1.591643766e-05
1.591643766e-05
1.591643766e-05
1.591643766e-05
1.591643766e-05
1.591643766e-05
1.591643766e-05
1.591643766e-05
1.591643766e-05
1.591643766e-05
1.591643766e-05
1.591643766e-05
1.591643766e-05
1.591643766e-05
1.591643766e-05
1.591643766e-05
1.591643766e-05
1.591643766e-05
1.591643766e-05
1.591643766e-05
1.591643766e-05
1.591643766e-05
1.591643766e-05
1.591643766e-05
1.591643766e-05
1.591643766e-05
1.591643766e-05
1.591643766e-05
1.591643766e-05
1.591643766e-05
1.591643766e-05
1.591643766e-05
1.591643766e-05
1.591643766e-05
1.591643766e-05
1.591643766e-05
1.591643766e-05
1.591643766e-05
1.591643766e-05
1.591643766e-05
1.591643766e-05
1.591643766e-05
1.591643766e-05
1.591643766e-05
1.591643766e-05
1.591643766e-05
1.591643766e-05
1.591643766e-05
1.591643766e-05
1.591643766e-05
1.591643766e-05
1.591643766e-05
1.591643766e-05
1.591643766e-05
1.591643766e-05
1.591643766e-05
1.591643766e-05
1.591643766e-05
1.591643766e-05
1.591643766e-05
1.591643766e-05
1.591643766e-05
1.591643766e-05
1.591643766e-05
1.591643766e-05
1.591643766e-05
0.08568280562
0.05523048652
0.0001459507429
1.59370915e-05
1.591643977e-05
1.591643766e-05
1.591643766e-05
1.591643766e-05
1.591643766e-05
1.591643766e-05
1.591643766e-05
1.591643766e-05
1.591643766e-05
1.591643766e-05
1.591643766e-05
1.591643766e-05
1.591643766e-05
1.591643766e-05
1.591643766e-05
1.591643766e-05
1.591643766e-05
1.591643766e-05
1.591643766e-05
1.591643766e-05
1.591643766e-05
1.591643766e-05
1.591643766e-05
1.591643766e-05
1.591643766e-05
1.591643766e-05
1.591643766e-05
1.591643766e-05
1.591643766e-05
1.591643766e-05
1.591643766e-05
1.591643766e-05
1.591643766e-05
1.591643766e-05
1.591643766e-05
1.591643766e-05
1.591643766e-05
1.591643766e-05
1.591643766e-05
1.591643766e-05
1.591643766e-05
1.591643766e-05
1.591643766e-05
1.591643766e-05
1.591643766e-05
1.591643766e-05
1.591643766e-05
1.591643766e-05
1.591643766e-05
1.591643766e-05
1.591643766e-05
1.591643766e-05
1.591643766e-05
1.591643766e-05
1.591643766e-05
1.591643766e-05
1.591643766e-05
1.591643766e-05
1.591643766e-05
1.591643766e-05
1.591643766e-05
1.591643766e-05
1.591643766e-05
1.591643766e-05
1.591643766e-05
1.591643766e-05
1.591643766e-05
1.591643766e-05
1.591643766e-05
1.591643766e-05
1.591643766e-05
1.591643766e-05
1.591643766e-05
1.591643766e-05
1.591643766e-05
1.591643766e-05
1.591643766e-05
1.591643766e-05
1.591643766e-05
1.591643766e-05
1.591643766e-05
1.591643766e-05
1.591643766e-05
1.591643766e-05
1.591643766e-05
1.591643766e-05
1.591643766e-05
1.591643766e-05
1.591643766e-05
1.591643766e-05
1.591643766e-05
1.591643766e-05
1.591643766e-05
1.591643766e-05
1.591643766e-05
1.591643766e-05
1.591643766e-05
1.591643766e-05
0.08653039058
0.06157325539
0.0001873463129
1.594643518e-05
1.591644079e-05
1.591643766e-05
1.591643766e-05
1.591643766e-05
1.591643766e-05
1.591643766e-05
1.591643766e-05
1.591643766e-05
1.591643766e-05
1.591643766e-05
1.591643766e-05
1.591643766e-05
1.591643766e-05
1.591643766e-05
1.591643766e-05
1.591643766e-05
1.591643766e-05
1.591643766e-05
1.591643766e-05
1.591643766e-05
1.591643766e-05
1.591643766e-05
1.591643766e-05
1.591643766e-05
1.591643766e-05
1.591643766e-05
1.591643766e-05
1.591643766e-05
1.591643766e-05
1.591643766e-05
1.591643766e-05
1.591643766e-05
1.591643766e-05
1.591643766e-05
1.591643766e-05
1.591643766e-05
1.591643766e-05
1.591643766e-05
1.591643766e-05
1.591643766e-05
1.591643766e-05
1.591643766e-05
1.591643766e-05
1.591643766e-05
1.591643766e-05
1.591643766e-05
1.591643766e-05
1.591643766e-05
1.591643766e-05
1.591643766e-05
1.591643766e-05
1.591643766e-05
1.591643766e-05
1.591643766e-05
1.591643766e-05
1.591643766e-05
1.591643766e-05
1.591643766e-05
1.591643766e-05
1.591643766e-05
1.591643766e-05
1.591643766e-05
1.591643766e-05
1.591643766e-05
1.591643766e-05
1.591643766e-05
1.591643766e-05
1.591643766e-05
1.591643766e-05
1.591643766e-05
1.591643766e-05
1.591643766e-05
1.591643766e-05
1.591643766e-05
1.591643766e-05
1.591643766e-05
1.591643766e-05
1.591643766e-05
1.591643766e-05
1.591643766e-05
1.591643766e-05
1.591643766e-05
1.591643766e-05
1.591643766e-05
1.591643766e-05
1.591643766e-05
1.591643766e-05
1.591643766e-05
1.591643766e-05
1.591643766e-05
1.591643766e-05
1.591643766e-05
1.591643766e-05
1.591643766e-05
1.591643766e-05
1.591643766e-05
1.591643766e-05
1.591643766e-05
0.08717906218
0.06617271606
0.0002271929168
1.59564993e-05
1.591644192e-05
1.591643766e-05
1.591643766e-05
1.591643766e-05
1.591643766e-05
1.591643766e-05
1.591643766e-05
1.591643766e-05
1.591643766e-05
1.591643766e-05
1.591643766e-05
1.591643766e-05
1.591643766e-05
1.591643766e-05
1.591643766e-05
1.591643766e-05
1.591643766e-05
1.591643766e-05
1.591643766e-05
1.591643766e-05
1.591643766e-05
1.591643766e-05
1.591643766e-05
1.591643766e-05
1.591643766e-05
1.591643766e-05
1.591643766e-05
1.591643766e-05
1.591643766e-05
1.591643766e-05
1.591643766e-05
1.591643766e-05
1.591643766e-05
1.591643766e-05
1.591643766e-05
1.591643766e-05
1.591643766e-05
1.591643766e-05
1.591643766e-05
1.591643766e-05
1.591643766e-05
1.591643766e-05
1.591643766e-05
1.591643766e-05
1.591643766e-05
1.591643766e-05
1.591643766e-05
1.591643766e-05
1.591643766e-05
1.591643766e-05
1.591643766e-05
1.591643766e-05
1.591643766e-05
1.591643766e-05
1.591643766e-05
1.591643766e-05
1.591643766e-05
1.591643766e-05
1.591643766e-05
1.591643766e-05
1.591643766e-05
1.591643766e-05
1.591643766e-05
1.591643766e-05
1.591643766e-05
1.591643766e-05
1.591643766e-05
1.591643766e-05
1.591643766e-05
1.591643766e-05
1.591643766e-05
1.591643766e-05
1.591643766e-05
1.591643766e-05
1.591643766e-05
1.591643766e-05
1.591643766e-05
1.591643766e-05
1.591643766e-05
1.591643766e-05
1.591643766e-05
1.591643766e-05
1.591643766e-05
1.591643766e-05
1.591643766e-05
1.591643766e-05
1.591643766e-05
1.591643766e-05
1.591643766e-05
1.591643766e-05
1.591643766e-05
1.591643766e-05
1.591643766e-05
1.591643766e-05
1.591643766e-05
1.591643766e-05
1.591643766e-05
1.591643766e-05
0.08770013512
0.0696549488
0.0002640481844
1.596673113e-05
1.59164431e-05
1.591643766e-05
1.591643766e-05
1.591643766e-05
1.591643766e-05
1.591643766e-05
1.591643766e-05
1.591643766e-05
1.591643766e-05
1.591643766e-05
1.591643766e-05
1.591643766e-05
1.591643766e-05
1.591643766e-05
1.591643766e-05
1.591643766e-05
1.591643766e-05
1.591643766e-05
1.591643766e-05
1.591643766e-05
1.591643766e-05
1.591643766e-05
1.591643766e-05
1.591643766e-05
1.591643766e-05
1.591643766e-05
1.591643766e-05
1.591643766e-05
1.591643766e-05
1.591643766e-05
1.591643766e-05
1.591643766e-05
1.591643766e-05
1.591643766e-05
1.591643766e-05
1.591643766e-05
1.591643766e-05
1.591643766e-05
1.591643766e-05
1.591643766e-05
1.591643766e-05
1.591643766e-05
1.591643766e-05
1.591643766e-05
1.591643766e-05
1.591643766e-05
1.591643766e-05
1.591643766e-05
1.591643766e-05
1.591643766e-05
1.591643766e-05
1.591643766e-05
1.591643766e-05
1.591643766e-05
1.591643766e-05
1.591643766e-05
1.591643766e-05
1.591643766e-05
1.591643766e-05
1.591643766e-05
1.591643766e-05
1.591643766e-05
1.591643766e-05
1.591643766e-05
1.591643766e-05
1.591643766e-05
1.591643766e-05
1.591643766e-05
1.591643766e-05
1.591643766e-05
1.591643766e-05
1.591643766e-05
1.591643766e-05
1.591643766e-05
1.591643766e-05
1.591643766e-05
1.591643766e-05
1.591643766e-05
1.591643766e-05
1.591643766e-05
1.591643766e-05
1.591643766e-05
1.591643766e-05
1.591643766e-05
1.591643766e-05
1.591643766e-05
1.591643766e-05
1.591643766e-05
1.591643766e-05
1.591643766e-05
1.591643766e-05
1.591643766e-05
1.591643766e-05
1.591643766e-05
1.591643766e-05
1.591643766e-05
1.591643766e-05
1.591643766e-05
0.08813674068
0.07243500261
0.000297296939
1.597670884e-05
1.591644429e-05
1.591643766e-05
1.591643766e-05
1.591643766e-05
1.591643766e-05
1.591643766e-05
1.591643766e-05
1.591643766e-05
1.591643766e-05
1.591643766e-05
1.591643766e-05
1.591643766e-05
1.591643766e-05
1.591643766e-05
1.591643766e-05
1.591643766e-05
1.591643766e-05
1.591643766e-05
1.591643766e-05
1.591643766e-05
1.591643766e-05
1.591643766e-05
1.591643766e-05
1.591643766e-05
1.591643766e-05
1.591643766e-05
1.591643766e-05
1.591643766e-05
1.591643766e-05
1.591643766e-05
1.591643766e-05
1.591643766e-05
1.591643766e-05
1.591643766e-05
1.591643766e-05
1.591643766e-05
1.591643766e-05
1.591643766e-05
1.591643766e-05
1.591643766e-05
1.591643766e-05
1.591643766e-05
1.591643766e-05
1.591643766e-05
1.591643766e-05
1.591643766e-05
1.591643766e-05
1.591643766e-05
1.591643766e-05
1.591643766e-05
1.591643766e-05
1.591643766e-05
1.591643766e-05
1.591643766e-05
1.591643766e-05
1.591643766e-05
1.591643766e-05
1.591643766e-05
1.591643766e-05
1.591643766e-05
1.591643766e-05
1.591643766e-05
1.591643766e-05
1.591643766e-05
1.591643766e-05
1.591643766e-05
1.591643766e-05
1.591643766e-05
1.591643766e-05
1.591643766e-05
1.591643766e-05
1.591643766e-05
1.591643766e-05
1.591643766e-05
1.591643766e-05
1.591643766e-05
1.591643766e-05
1.591643766e-05
1.591643766e-05
1.591643766e-05
1.591643766e-05
1.591643766e-05
1.591643766e-05
1.591643766e-05
1.591643766e-05
1.591643766e-05
1.591643766e-05
1.591643766e-05
1.591643766e-05
1.591643766e-05
1.591643766e-05
1.591643766e-05
1.591643766e-05
1.591643766e-05
1.591643766e-05
1.591643766e-05
1.591643766e-05
1.591643766e-05
0.08851275557
0.07475871016
0.0003269575334
1.5986208e-05
1.591644595e-05
1.591643766e-05
1.591643766e-05
1.591643766e-05
1.591643766e-05
1.591643766e-05
1.591643766e-05
1.591643766e-05
1.591643766e-05
1.591643766e-05
1.591643766e-05
1.591643766e-05
1.591643766e-05
1.591643766e-05
1.591643766e-05
1.591643766e-05
1.591643766e-05
1.591643766e-05
1.591643766e-05
1.591643766e-05
1.591643766e-05
1.591643766e-05
1.591643766e-05
1.591643766e-05
1.591643766e-05
1.591643766e-05
1.591643766e-05
1.591643766e-05
1.591643766e-05
1.591643766e-05
1.591643766e-05
1.591643766e-05
1.591643766e-05
1.591643766e-05
1.591643766e-05
1.591643766e-05
1.591643766e-05
1.591643766e-05
1.591643766e-05
1.591643766e-05
1.591643766e-05
1.591643766e-05
1.591643766e-05
1.591643766e-05
1.591643766e-05
1.591643766e-05
1.591643766e-05
1.591643766e-05
1.591643766e-05
1.591643766e-05
1.591643766e-05
1.591643766e-05
1.591643766e-05
1.591643766e-05
1.591643766e-05
1.591643766e-05
1.591643766e-05
1.591643766e-05
1.591643766e-05
1.591643766e-05
1.591643766e-05
1.591643766e-05
1.591643766e-05
1.591643766e-05
1.591643766e-05
1.591643766e-05
1.591643766e-05
1.591643766e-05
1.591643766e-05
1.591643766e-05
1.591643766e-05
1.591643766e-05
1.591643766e-05
1.591643766e-05
1.591643766e-05
1.591643766e-05
1.591643766e-05
1.591643766e-05
1.591643766e-05
1.591643766e-05
1.591643766e-05
1.591643766e-05
1.591643766e-05
1.591643766e-05
1.591643766e-05
1.591643766e-05
1.591643766e-05
1.591643766e-05
1.591643766e-05
1.591643766e-05
1.591643766e-05
1.591643766e-05
1.591643766e-05
1.591643766e-05
1.591643766e-05
1.591643766e-05
1.591643766e-05
1.591643766e-05
0.08884384708
0.07677142284
0.0003543252163
1.606891999e-05
1.591646273e-05
1.591643766e-05
1.591643766e-05
1.591643766e-05
1.591643766e-05
1.591643766e-05
1.591643766e-05
1.591643766e-05
1.591643766e-05
1.591643766e-05
1.591643766e-05
1.591643766e-05
1.591643766e-05
1.591643766e-05
1.591643766e-05
1.591643766e-05
1.591643766e-05
1.591643766e-05
1.591643766e-05
1.591643766e-05
1.591643766e-05
1.591643766e-05
1.591643766e-05
1.591643766e-05
1.591643766e-05
1.591643766e-05
1.591643766e-05
1.591643766e-05
1.591643766e-05
1.591643766e-05
1.591643766e-05
1.591643766e-05
1.591643766e-05
1.591643766e-05
1.591643766e-05
1.591643766e-05
1.591643766e-05
1.591643766e-05
1.591643766e-05
1.591643766e-05
1.591643766e-05
1.591643766e-05
1.591643766e-05
1.591643766e-05
1.591643766e-05
1.591643766e-05
1.591643766e-05
1.591643766e-05
1.591643766e-05
1.591643766e-05
1.591643766e-05
1.591643766e-05
1.591643766e-05
1.591643766e-05
1.591643766e-05
1.591643766e-05
1.591643766e-05
1.591643766e-05
1.591643766e-05
1.591643766e-05
1.591643766e-05
1.591643766e-05
1.591643766e-05
1.591643766e-05
1.591643766e-05
1.591643766e-05
1.591643766e-05
1.591643766e-05
1.591643766e-05
1.591643766e-05
1.591643766e-05
1.591643766e-05
1.591643766e-05
1.591643766e-05
1.591643766e-05
1.591643766e-05
1.591643766e-05
1.591643766e-05
1.591643766e-05
1.591643766e-05
1.591643766e-05
1.591643766e-05
1.591643766e-05
1.591643766e-05
1.591643766e-05
1.591643766e-05
1.591643766e-05
1.591643766e-05
1.591643766e-05
1.591643766e-05
1.591643766e-05
1.591643766e-05
1.591643766e-05
1.591643766e-05
1.591643766e-05
1.591643766e-05
1.591643766e-05
1.591643766e-05
0.08916632154
0.07859109621
0.002709440683
1.755175591e-05
1.59166856e-05
1.591643769e-05
1.591643766e-05
1.591643766e-05
1.591643766e-05
1.591643766e-05
1.591643766e-05
1.591643766e-05
1.591643766e-05
1.591643766e-05
1.591643766e-05
1.591643766e-05
1.591643766e-05
1.591643766e-05
1.591643766e-05
1.591643766e-05
1.591643766e-05
1.591643766e-05
1.591643766e-05
1.591643766e-05
1.591643766e-05
1.591643766e-05
1.591643766e-05
1.591643766e-05
1.591643766e-05
1.591643766e-05
1.591643766e-05
1.591643766e-05
1.591643766e-05
1.591643766e-05
1.591643766e-05
1.591643766e-05
1.591643766e-05
1.591643766e-05
1.591643766e-05
1.591643766e-05
1.591643766e-05
1.591643766e-05
1.591643766e-05
1.591643766e-05
1.591643766e-05
1.591643766e-05
1.591643766e-05
1.591643766e-05
1.591643766e-05
1.591643766e-05
1.591643766e-05
1.591643766e-05
1.591643766e-05
1.591643766e-05
1.591643766e-05
1.591643766e-05
1.591643766e-05
1.591643766e-05
1.591643766e-05
1.591643766e-05
1.591643766e-05
1.591643766e-05
1.591643766e-05
1.591643766e-05
1.591643766e-05
1.591643766e-05
1.591643766e-05
1.591643766e-05
1.591643766e-05
1.591643766e-05
1.591643766e-05
1.591643766e-05
1.591643766e-05
1.591643766e-05
1.591643766e-05
1.591643766e-05
1.591643766e-05
1.591643766e-05
1.591643766e-05
1.591643766e-05
1.591643766e-05
1.591643766e-05
1.591643766e-05
1.591643766e-05
1.591643766e-05
1.591643766e-05
1.591643766e-05
1.591643766e-05
1.591643766e-05
1.591643766e-05
1.591643766e-05
1.591643766e-05
1.591643766e-05
1.591643766e-05
1.591643766e-05
1.591643766e-05
1.591643766e-05
1.591643766e-05
1.591643766e-05
1.591643766e-05
1.591643766e-05
1.591643766e-05
0.08958379737
0.08037642174
0.01623447964
3.079125437e-05
1.591810575e-05
1.591643783e-05
1.591643766e-05
1.591643766e-05
1.591643766e-05
1.591643766e-05
1.591643766e-05
1.591643766e-05
1.591643766e-05
1.591643766e-05
1.591643766e-05
1.591643766e-05
1.591643766e-05
1.591643766e-05
1.591643766e-05
1.591643766e-05
1.591643766e-05
1.591643766e-05
1.591643766e-05
1.591643766e-05
1.591643766e-05
1.591643766e-05
1.591643766e-05
1.591643766e-05
1.591643766e-05
1.591643766e-05
1.591643766e-05
1.591643766e-05
1.591643766e-05
1.591643766e-05
1.591643766e-05
1.591643766e-05
1.591643766e-05
1.591643766e-05
1.591643766e-05
1.591643766e-05
1.591643766e-05
1.591643766e-05
1.591643766e-05
1.591643766e-05
1.591643766e-05
1.591643766e-05
1.591643766e-05
1.591643766e-05
1.591643766e-05
1.591643766e-05
1.591643766e-05
1.591643766e-05
1.591643766e-05
1.591643766e-05
1.591643766e-05
1.591643766e-05
1.591643766e-05
1.591643766e-05
1.591643766e-05
1.591643766e-05
1.591643766e-05
1.591643766e-05
1.591643766e-05
1.591643766e-05
1.591643766e-05
1.591643766e-05
1.591643766e-05
1.591643766e-05
1.591643766e-05
1.591643766e-05
1.591643766e-05
1.591643766e-05
1.591643766e-05
1.591643766e-05
1.591643766e-05
1.591643766e-05
1.591643766e-05
1.591643766e-05
1.591643766e-05
1.591643766e-05
1.591643766e-05
1.591643766e-05
1.591643766e-05
1.591643766e-05
1.591643766e-05
1.591643766e-05
1.591643766e-05
1.591643766e-05
1.591643766e-05
1.591643766e-05
1.591643766e-05
1.591643766e-05
1.591643766e-05
1.591643766e-05
1.591643766e-05
1.591643766e-05
1.591643766e-05
1.591643766e-05
1.591643766e-05
1.591643766e-05
1.591643766e-05
1.591643766e-05
0.09005343448
0.08209709537
0.03059128529
5.721561434e-05
1.592146586e-05
1.591643818e-05
1.591643766e-05
1.591643766e-05
1.591643766e-05
1.591643766e-05
1.591643766e-05
1.591643766e-05
1.591643766e-05
1.591643766e-05
1.591643766e-05
1.591643766e-05
1.591643766e-05
1.591643766e-05
1.591643766e-05
1.591643766e-05
1.591643766e-05
1.591643766e-05
1.591643766e-05
1.591643766e-05
1.591643766e-05
1.591643766e-05
1.591643766e-05
1.591643766e-05
1.591643766e-05
1.591643766e-05
1.591643766e-05
1.591643766e-05
1.591643766e-05
1.591643766e-05
1.591643766e-05
1.591643766e-05
1.591643766e-05
1.591643766e-05
1.591643766e-05
1.591643766e-05
1.591643766e-05
1.591643766e-05
1.591643766e-05
1.591643766e-05
1.591643766e-05
1.591643766e-05
1.591643766e-05
1.591643766e-05
1.591643766e-05
1.591643766e-05
1.591643766e-05
1.591643766e-05
1.591643766e-05
1.591643766e-05
1.591643766e-05
1.591643766e-05
1.591643766e-05
1.591643766e-05
1.591643766e-05
1.591643766e-05
1.591643766e-05
1.591643766e-05
1.591643766e-05
1.591643766e-05
1.591643766e-05
1.591643766e-05
1.591643766e-05
1.591643766e-05
1.591643766e-05
1.591643766e-05
1.591643766e-05
1.591643766e-05
1.591643766e-05
1.591643766e-05
1.591643766e-05
1.591643766e-05
1.591643766e-05
1.591643766e-05
1.591643766e-05
1.591643766e-05
1.591643766e-05
1.591643766e-05
1.591643766e-05
1.591643766e-05
1.591643766e-05
1.591643766e-05
1.591643766e-05
1.591643766e-05
1.591643766e-05
1.591643766e-05
1.591643766e-05
1.591643766e-05
1.591643766e-05
1.591643766e-05
1.591643766e-05
1.591643766e-05
1.591643766e-05
1.591643766e-05
1.591643766e-05
1.591643766e-05
1.591643766e-05
1.591643766e-05
0.09046947658
0.08360586797
0.04263480333
9.137174974e-05
1.592682333e-05
1.591643875e-05
1.591643766e-05
1.591643766e-05
1.591643766e-05
1.591643766e-05
1.591643766e-05
1.591643766e-05
1.591643766e-05
1.591643766e-05
1.591643766e-05
1.591643766e-05
1.591643766e-05
1.591643766e-05
1.591643766e-05
1.591643766e-05
1.591643766e-05
1.591643766e-05
1.591643766e-05
1.591643766e-05
1.591643766e-05
1.591643766e-05
1.591643766e-05
1.591643766e-05
1.591643766e-05
1.591643766e-05
1.591643766e-05
1.591643766e-05
1.591643766e-05
1.591643766e-05
1.591643766e-05
1.591643766e-05
1.591643766e-05
1.591643766e-05
1.591643766e-05
1.591643766e-05
1.591643766e-05
1.591643766e-05
1.591643766e-05
1.591643766e-05
1.591643766e-05
1.591643766e-05
1.591643766e-05
1.591643766e-05
1.591643766e-05
1.591643766e-05
1.591643766e-05
1.591643766e-05
1.591643766e-05
1.591643766e-05
1.591643766e-05
1.591643766e-05
1.591643766e-05
1.591643766e-05
1.591643766e-05
1.591643766e-05
1.591643766e-05
1.591643766e-05
1.591643766e-05
1.591643766e-05
1.591643766e-05
1.591643766e-05
1.591643766e-05
1.591643766e-05
1.591643766e-05
1.591643766e-05
1.591643766e-05
1.591643766e-05
1.591643766e-05
1.591643766e-05
1.591643766e-05
1.591643766e-05
1.591643766e-05
1.591643766e-05
1.591643766e-05
1.591643766e-05
1.591643766e-05
1.591643766e-05
1.591643766e-05
1.591643766e-05
1.591643766e-05
1.591643766e-05
1.591643766e-05
1.591643766e-05
1.591643766e-05
1.591643766e-05
1.591643766e-05
1.591643766e-05
1.591643766e-05
1.591643766e-05
1.591643766e-05
1.591643766e-05
1.591643766e-05
1.591643766e-05
1.591643766e-05
1.591643766e-05
1.591643766e-05
1.591643766e-05
0.09076744066
0.0847971029
0.05190149874
0.0001288664831
1.593384585e-05
1.591643953e-05
1.591643766e-05
1.591643766e-05
1.591643766e-05
1.591643766e-05
1.591643766e-05
1.591643766e-05
1.591643766e-05
1.591643766e-05
1.591643766e-05
1.591643766e-05
1.591643766e-05
1.591643766e-05
1.591643766e-05
1.591643766e-05
1.591643766e-05
1.591643766e-05
1.591643766e-05
1.591643766e-05
1.591643766e-05
1.591643766e-05
1.591643766e-05
1.591643766e-05
1.591643766e-05
1.591643766e-05
1.591643766e-05
1.591643766e-05
1.591643766e-05
1.591643766e-05
1.591643766e-05
1.591643766e-05
1.591643766e-05
1.591643766e-05
1.591643766e-05
1.591643766e-05
1.591643766e-05
1.591643766e-05
1.591643766e-05
1.591643766e-05
1.591643766e-05
1.591643766e-05
1.591643766e-05
1.591643766e-05
1.591643766e-05
1.591643766e-05
1.591643766e-05
1.591643766e-05
1.591643766e-05
1.591643766e-05
1.591643766e-05
1.591643766e-05
1.591643766e-05
1.591643766e-05
1.591643766e-05
1.591643766e-05
1.591643766e-05
1.591643766e-05
1.591643766e-05
1.591643766e-05
1.591643766e-05
1.591643766e-05
1.591643766e-05
1.591643766e-05
1.591643766e-05
1.591643766e-05
1.591643766e-05
1.591643766e-05
1.591643766e-05
1.591643766e-05
1.591643766e-05
1.591643766e-05
1.591643766e-05
1.591643766e-05
1.591643766e-05
1.591643766e-05
1.591643766e-05
1.591643766e-05
1.591643766e-05
1.591643766e-05
1.591643766e-05
1.591643766e-05
1.591643766e-05
1.591643766e-05
1.591643766e-05
1.591643766e-05
1.591643766e-05
1.591643766e-05
1.591643766e-05
1.591643766e-05
1.591643766e-05
1.591643766e-05
1.591643766e-05
1.591643766e-05
1.591643766e-05
1.591643766e-05
1.591643766e-05
1.591643766e-05
0.0909450644
0.08567771175
0.05868033576
0.0001672248607
1.594211469e-05
1.591644048e-05
1.591643766e-05
1.591643766e-05
1.591643766e-05
1.591643766e-05
1.591643766e-05
1.591643766e-05
1.591643766e-05
1.591643766e-05
1.591643766e-05
1.591643766e-05
1.591643766e-05
1.591643766e-05
1.591643766e-05
1.591643766e-05
1.591643766e-05
1.591643766e-05
1.591643766e-05
1.591643766e-05
1.591643766e-05
1.591643766e-05
1.591643766e-05
1.591643766e-05
1.591643766e-05
1.591643766e-05
1.591643766e-05
1.591643766e-05
1.591643766e-05
1.591643766e-05
1.591643766e-05
1.591643766e-05
1.591643766e-05
1.591643766e-05
1.591643766e-05
1.591643766e-05
1.591643766e-05
1.591643766e-05
1.591643766e-05
1.591643766e-05
1.591643766e-05
1.591643766e-05
1.591643766e-05
1.591643766e-05
1.591643766e-05
1.591643766e-05
1.591643766e-05
1.591643766e-05
1.591643766e-05
1.591643766e-05
1.591643766e-05
1.591643766e-05
1.591643766e-05
1.591643766e-05
1.591643766e-05
1.591643766e-05
1.591643766e-05
1.591643766e-05
1.591643766e-05
1.591643766e-05
1.591643766e-05
1.591643766e-05
1.591643766e-05
1.591643766e-05
1.591643766e-05
1.591643766e-05
1.591643766e-05
1.591643766e-05
1.591643766e-05
1.591643766e-05
1.591643766e-05
1.591643766e-05
1.591643766e-05
1.591643766e-05
1.591643766e-05
1.591643766e-05
1.591643766e-05
1.591643766e-05
1.591643766e-05
1.591643766e-05
1.591643766e-05
1.591643766e-05
1.591643766e-05
1.591643766e-05
1.591643766e-05
1.591643766e-05
1.591643766e-05
1.591643766e-05
1.591643766e-05
1.591643766e-05
1.591643766e-05
1.591643766e-05
1.591643766e-05
1.591643766e-05
1.591643766e-05
1.591643766e-05
1.591643766e-05
1.591643766e-05
0.09103657357
0.08633533283
0.06359800228
0.0002046573575
1.595116314e-05
1.591644155e-05
1.591643766e-05
1.591643766e-05
1.591643766e-05
1.591643766e-05
1.591643766e-05
1.591643766e-05
1.591643766e-05
1.591643766e-05
1.591643766e-05
1.591643766e-05
1.591643766e-05
1.591643766e-05
1.591643766e-05
1.591643766e-05
1.591643766e-05
1.591643766e-05
1.591643766e-05
1.591643766e-05
1.591643766e-05
1.591643766e-05
1.591643766e-05
1.591643766e-05
1.591643766e-05
1.591643766e-05
1.591643766e-05
1.591643766e-05
1.591643766e-05
1.591643766e-05
1.591643766e-05
1.591643766e-05
1.591643766e-05
1.591643766e-05
1.591643766e-05
1.591643766e-05
1.591643766e-05
1.591643766e-05
1.591643766e-05
1.591643766e-05
1.591643766e-05
1.591643766e-05
1.591643766e-05
1.591643766e-05
1.591643766e-05
1.591643766e-05
1.591643766e-05
1.591643766e-05
1.591643766e-05
1.591643766e-05
1.591643766e-05
1.591643766e-05
1.591643766e-05
1.591643766e-05
1.591643766e-05
1.591643766e-05
1.591643766e-05
1.591643766e-05
1.591643766e-05
1.591643766e-05
1.591643766e-05
1.591643766e-05
1.591643766e-05
1.591643766e-05
1.591643766e-05
1.591643766e-05
1.591643766e-05
1.591643766e-05
1.591643766e-05
1.591643766e-05
1.591643766e-05
1.591643766e-05
1.591643766e-05
1.591643766e-05
1.591643766e-05
1.591643766e-05
1.591643766e-05
1.591643766e-05
1.591643766e-05
1.591643766e-05
1.591643766e-05
1.591643766e-05
1.591643766e-05
1.591643766e-05
1.591643766e-05
1.591643766e-05
1.591643766e-05
1.591643766e-05
1.591643766e-05
1.591643766e-05
1.591643766e-05
1.591643766e-05
1.591643766e-05
1.591643766e-05
1.591643766e-05
1.591643766e-05
1.591643766e-05
1.591643766e-05
0.09107185589
0.0868457296
0.06726118913
0.0002397077993
1.596049615e-05
1.591644269e-05
1.591643766e-05
1.591643766e-05
1.591643766e-05
1.591643766e-05
1.591643766e-05
1.591643766e-05
1.591643766e-05
1.591643766e-05
1.591643766e-05
1.591643766e-05
1.591643766e-05
1.591643766e-05
1.591643766e-05
1.591643766e-05
1.591643766e-05
1.591643766e-05
1.591643766e-05
1.591643766e-05
1.591643766e-05
1.591643766e-05
1.591643766e-05
1.591643766e-05
1.591643766e-05
1.591643766e-05
1.591643766e-05
1.591643766e-05
1.591643766e-05
1.591643766e-05
1.591643766e-05
1.591643766e-05
1.591643766e-05
1.591643766e-05
1.591643766e-05
1.591643766e-05
1.591643766e-05
1.591643766e-05
1.591643766e-05
1.591643766e-05
1.591643766e-05
1.591643766e-05
1.591643766e-05
1.591643766e-05
1.591643766e-05
1.591643766e-05
1.591643766e-05
1.591643766e-05
1.591643766e-05
1.591643766e-05
1.591643766e-05
1.591643766e-05
1.591643766e-05
1.591643766e-05
1.591643766e-05
1.591643766e-05
1.591643766e-05
1.591643766e-05
1.591643766e-05
1.591643766e-05
1.591643766e-05
1.591643766e-05
1.591643766e-05
1.591643766e-05
1.591643766e-05
1.591643766e-05
1.591643766e-05
1.591643766e-05
1.591643766e-05
1.591643766e-05
1.591643766e-05
1.591643766e-05
1.591643766e-05
1.591643766e-05
1.591643766e-05
1.591643766e-05
1.591643766e-05
1.591643766e-05
1.591643766e-05
1.591643766e-05
1.591643766e-05
1.591643766e-05
1.591643766e-05
1.591643766e-05
1.591643766e-05
1.591643766e-05
1.591643766e-05
1.591643766e-05
1.591643766e-05
1.591643766e-05
1.591643766e-05
1.591643766e-05
1.591643766e-05
1.591643766e-05
1.591643766e-05
1.591643766e-05
1.591643766e-05
1.591643766e-05
0.09107139974
0.08726106775
0.07011963243
0.0002716009713
1.596970311e-05
1.591644384e-05
1.591643766e-05
1.591643766e-05
1.591643766e-05
1.591643766e-05
1.591643766e-05
1.591643766e-05
1.591643766e-05
1.591643766e-05
1.591643766e-05
1.591643766e-05
1.591643766e-05
1.591643766e-05
1.591643766e-05
1.591643766e-05
1.591643766e-05
1.591643766e-05
1.591643766e-05
1.591643766e-05
1.591643766e-05
1.591643766e-05
1.591643766e-05
1.591643766e-05
1.591643766e-05
1.591643766e-05
1.591643766e-05
1.591643766e-05
1.591643766e-05
1.591643766e-05
1.591643766e-05
1.591643766e-05
1.591643766e-05
1.591643766e-05
1.591643766e-05
1.591643766e-05
1.591643766e-05
1.591643766e-05
1.591643766e-05
1.591643766e-05
1.591643766e-05
1.591643766e-05
1.591643766e-05
1.591643766e-05
1.591643766e-05
1.591643766e-05
1.591643766e-05
1.591643766e-05
1.591643766e-05
1.591643766e-05
1.591643766e-05
1.591643766e-05
1.591643766e-05
1.591643766e-05
1.591643766e-05
1.591643766e-05
1.591643766e-05
1.591643766e-05
1.591643766e-05
1.591643766e-05
1.591643766e-05
1.591643766e-05
1.591643766e-05
1.591643766e-05
1.591643766e-05
1.591643766e-05
1.591643766e-05
1.591643766e-05
1.591643766e-05
1.591643766e-05
1.591643766e-05
1.591643766e-05
1.591643766e-05
1.591643766e-05
1.591643766e-05
1.591643766e-05
1.591643766e-05
1.591643766e-05
1.591643766e-05
1.591643766e-05
1.591643766e-05
1.591643766e-05
1.591643766e-05
1.591643766e-05
1.591643766e-05
1.591643766e-05
1.591643766e-05
1.591643766e-05
1.591643766e-05
1.591643766e-05
1.591643766e-05
1.591643766e-05
1.591643766e-05
1.591643766e-05
1.591643766e-05
1.591643766e-05
1.591643766e-05
1.591643766e-05
0.0910469909
0.08761153813
0.07245655126
0.0003001904908
1.597851814e-05
1.591644497e-05
1.591643766e-05
1.591643766e-05
1.591643766e-05
1.591643766e-05
1.591643766e-05
1.591643766e-05
1.591643766e-05
1.591643766e-05
1.591643766e-05
1.591643766e-05
1.591643766e-05
1.591643766e-05
1.591643766e-05
1.591643766e-05
1.591643766e-05
1.591643766e-05
1.591643766e-05
1.591643766e-05
1.591643766e-05
1.591643766e-05
1.591643766e-05
1.591643766e-05
1.591643766e-05
1.591643766e-05
1.591643766e-05
1.591643766e-05
1.591643766e-05
1.591643766e-05
1.591643766e-05
1.591643766e-05
1.591643766e-05
1.591643766e-05
1.591643766e-05
1.591643766e-05
1.591643766e-05
1.591643766e-05
1.591643766e-05
1.591643766e-05
1.591643766e-05
1.591643766e-05
1.591643766e-05
1.591643766e-05
1.591643766e-05
1.591643766e-05
1.591643766e-05
1.591643766e-05
1.591643766e-05
1.591643766e-05
1.591643766e-05
1.591643766e-05
1.591643766e-05
1.591643766e-05
1.591643766e-05
1.591643766e-05
1.591643766e-05
1.591643766e-05
1.591643766e-05
1.591643766e-05
1.591643766e-05
1.591643766e-05
1.591643766e-05
1.591643766e-05
1.591643766e-05
1.591643766e-05
1.591643766e-05
1.591643766e-05
1.591643766e-05
1.591643766e-05
1.591643766e-05
1.591643766e-05
1.591643766e-05
1.591643766e-05
1.591643766e-05
1.591643766e-05
1.591643766e-05
1.591643766e-05
1.591643766e-05
1.591643766e-05
1.591643766e-05
1.591643766e-05
1.591643766e-05
1.591643766e-05
1.591643766e-05
1.591643766e-05
1.591643766e-05
1.591643766e-05
1.591643766e-05
1.591643766e-05
1.591643766e-05
1.591643766e-05
1.591643766e-05
1.591643766e-05
1.591643766e-05
1.591643766e-05
1.591643766e-05
1.591643766e-05
0.09100550616
0.08791400065
0.07444002556
0.0003256921249
1.598680925e-05
1.591644605e-05
1.591643766e-05
1.591643766e-05
1.591643766e-05
1.591643766e-05
1.591643766e-05
1.591643766e-05
1.591643766e-05
1.591643766e-05
1.591643766e-05
1.591643766e-05
1.591643766e-05
1.591643766e-05
1.591643766e-05
1.591643766e-05
1.591643766e-05
1.591643766e-05
1.591643766e-05
1.591643766e-05
1.591643766e-05
1.591643766e-05
1.591643766e-05
1.591643766e-05
1.591643766e-05
1.591643766e-05
1.591643766e-05
1.591643766e-05
1.591643766e-05
1.591643766e-05
1.591643766e-05
1.591643766e-05
1.591643766e-05
1.591643766e-05
1.591643766e-05
1.591643766e-05
1.591643766e-05
1.591643766e-05
1.591643766e-05
1.591643766e-05
1.591643766e-05
1.591643766e-05
1.591643766e-05
1.591643766e-05
1.591643766e-05
1.591643766e-05
1.591643766e-05
1.591643766e-05
1.591643766e-05
1.591643766e-05
1.591643766e-05
1.591643766e-05
1.591643766e-05
1.591643766e-05
1.591643766e-05
1.591643766e-05
1.591643766e-05
1.591643766e-05
1.591643766e-05
1.591643766e-05
1.591643766e-05
1.591643766e-05
1.591643766e-05
1.591643766e-05
1.591643766e-05
1.591643766e-05
1.591643766e-05
1.591643766e-05
1.591643766e-05
1.591643766e-05
1.591643766e-05
1.591643766e-05
1.591643766e-05
1.591643766e-05
1.591643766e-05
1.591643766e-05
1.591643766e-05
1.591643766e-05
1.591643766e-05
1.591643766e-05
1.591643766e-05
1.591643766e-05
1.591643766e-05
1.591643766e-05
1.591643766e-05
1.591643766e-05
1.591643766e-05
1.591643766e-05
1.591643766e-05
1.591643766e-05
1.591643766e-05
1.591643766e-05
1.591643766e-05
1.591643766e-05
1.591643766e-05
1.591643766e-05
1.591643766e-05
1.591643766e-05
0.09095179164
0.0881788581
0.07617161985
0.0003484732852
1.599467975e-05
1.591645015e-05
1.591643766e-05
1.591643766e-05
1.591643766e-05
1.591643766e-05
1.591643766e-05
1.591643766e-05
1.591643766e-05
1.591643766e-05
1.591643766e-05
1.591643766e-05
1.591643766e-05
1.591643766e-05
1.591643766e-05
1.591643766e-05
1.591643766e-05
1.591643766e-05
1.591643766e-05
1.591643766e-05
1.591643766e-05
1.591643766e-05
1.591643766e-05
1.591643766e-05
1.591643766e-05
1.591643766e-05
1.591643766e-05
1.591643766e-05
1.591643766e-05
1.591643766e-05
1.591643766e-05
1.591643766e-05
1.591643766e-05
1.591643766e-05
1.591643766e-05
1.591643766e-05
1.591643766e-05
1.591643766e-05
1.591643766e-05
1.591643766e-05
1.591643766e-05
1.591643766e-05
1.591643766e-05
1.591643766e-05
1.591643766e-05
1.591643766e-05
1.591643766e-05
1.591643766e-05
1.591643766e-05
1.591643766e-05
1.591643766e-05
1.591643766e-05
1.591643766e-05
1.591643766e-05
1.591643766e-05
1.591643766e-05
1.591643766e-05
1.591643766e-05
1.591643766e-05
1.591643766e-05
1.591643766e-05
1.591643766e-05
1.591643766e-05
1.591643766e-05
1.591643766e-05
1.591643766e-05
1.591643766e-05
1.591643766e-05
1.591643766e-05
1.591643766e-05
1.591643766e-05
1.591643766e-05
1.591643766e-05
1.591643766e-05
1.591643766e-05
1.591643766e-05
1.591643766e-05
1.591643766e-05
1.591643766e-05
1.591643766e-05
1.591643766e-05
1.591643766e-05
1.591643766e-05
1.591643766e-05
1.591643766e-05
1.591643766e-05
1.591643766e-05
1.591643766e-05
1.591643766e-05
1.591643766e-05
1.591643766e-05
1.591643766e-05
1.591643766e-05
1.591643766e-05
1.591643766e-05
1.591643766e-05
1.591643766e-05
1.591643766e-05
0.09089292578
0.08841722255
0.07771943289
0.0003742815533
1.641530118e-05
1.591654558e-05
1.591643768e-05
1.591643766e-05
1.591643766e-05
1.591643766e-05
1.591643766e-05
1.591643766e-05
1.591643766e-05
1.591643766e-05
1.591643766e-05
1.591643766e-05
1.591643766e-05
1.591643766e-05
1.591643766e-05
1.591643766e-05
1.591643766e-05
1.591643766e-05
1.591643766e-05
1.591643766e-05
1.591643766e-05
1.591643766e-05
1.591643766e-05
1.591643766e-05
1.591643766e-05
1.591643766e-05
1.591643766e-05
1.591643766e-05
1.591643766e-05
1.591643766e-05
1.591643766e-05
1.591643766e-05
1.591643766e-05
1.591643766e-05
1.591643766e-05
1.591643766e-05
1.591643766e-05
1.591643766e-05
1.591643766e-05
1.591643766e-05
1.591643766e-05
1.591643766e-05
1.591643766e-05
1.591643766e-05
1.591643766e-05
1.591643766e-05
1.591643766e-05
1.591643766e-05
1.591643766e-05
1.591643766e-05
1.591643766e-05
1.591643766e-05
1.591643766e-05
1.591643766e-05
1.591643766e-05
1.591643766e-05
1.591643766e-05
1.591643766e-05
1.591643766e-05
1.591643766e-05
1.591643766e-05
1.591643766e-05
1.591643766e-05
1.591643766e-05
1.591643766e-05
1.591643766e-05
1.591643766e-05
1.591643766e-05
1.591643766e-05
1.591643766e-05
1.591643766e-05
1.591643766e-05
1.591643766e-05
1.591643766e-05
1.591643766e-05
1.591643766e-05
1.591643766e-05
1.591643766e-05
1.591643766e-05
1.591643766e-05
1.591643766e-05
1.591643766e-05
1.591643766e-05
1.591643766e-05
1.591643766e-05
1.591643766e-05
1.591643766e-05
1.591643766e-05
1.591643766e-05
1.591643766e-05
1.591643766e-05
1.591643766e-05
1.591643766e-05
1.591643766e-05
1.591643766e-05
1.591643766e-05
1.591643766e-05
1.591643766e-05
0.09087554045
0.08873752665
0.07924155663
0.01133640659
2.46291072e-05
1.591744006e-05
1.591643777e-05
1.591643766e-05
1.591643766e-05
1.591643766e-05
1.591643766e-05
1.591643766e-05
1.591643766e-05
1.591643766e-05
1.591643766e-05
1.591643766e-05
1.591643766e-05
1.591643766e-05
1.591643766e-05
1.591643766e-05
1.591643766e-05
1.591643766e-05
1.591643766e-05
1.591643766e-05
1.591643766e-05
1.591643766e-05
1.591643766e-05
1.591643766e-05
1.591643766e-05
1.591643766e-05
1.591643766e-05
1.591643766e-05
1.591643766e-05
1.591643766e-05
1.591643766e-05
1.591643766e-05
1.591643766e-05
1.591643766e-05
1.591643766e-05
1.591643766e-05
1.591643766e-05
1.591643766e-05
1.591643766e-05
1.591643766e-05
1.591643766e-05
1.591643766e-05
1.591643766e-05
1.591643766e-05
1.591643766e-05
1.591643766e-05
1.591643766e-05
1.591643766e-05
1.591643766e-05
1.591643766e-05
1.591643766e-05
1.591643766e-05
1.591643766e-05
1.591643766e-05
1.591643766e-05
1.591643766e-05
1.591643766e-05
1.591643766e-05
1.591643766e-05
1.591643766e-05
1.591643766e-05
1.591643766e-05
1.591643766e-05
1.591643766e-05
1.591643766e-05
1.591643766e-05
1.591643766e-05
1.591643766e-05
1.591643766e-05
1.591643766e-05
1.591643766e-05
1.591643766e-05
1.591643766e-05
1.591643766e-05
1.591643766e-05
1.591643766e-05
1.591643766e-05
1.591643766e-05
1.591643766e-05
1.591643766e-05
1.591643766e-05
1.591643766e-05
1.591643766e-05
1.591643766e-05
1.591643766e-05
1.591643766e-05
1.591643766e-05
1.591643766e-05
1.591643766e-05
1.591643766e-05
1.591643766e-05
1.591643766e-05
1.591643766e-05
1.591643766e-05
1.591643766e-05
1.591643766e-05
1.591643766e-05
1.591643766e-05
0.09092524586
0.08913959483
0.08076783693
0.02436977265
4.407589727e-05
1.591978126e-05
1.591643802e-05
1.591643766e-05
1.591643766e-05
1.591643766e-05
1.591643766e-05
1.591643766e-05
1.591643766e-05
1.591643766e-05
1.591643766e-05
1.591643766e-05
1.591643766e-05
1.591643766e-05
1.591643766e-05
1.591643766e-05
1.591643766e-05
1.591643766e-05
1.591643766e-05
1.591643766e-05
1.591643766e-05
1.591643766e-05
1.591643766e-05
1.591643766e-05
1.591643766e-05
1.591643766e-05
1.591643766e-05
1.591643766e-05
1.591643766e-05
1.591643766e-05
1.591643766e-05
1.591643766e-05
1.591643766e-05
1.591643766e-05
1.591643766e-05
1.591643766e-05
1.591643766e-05
1.591643766e-05
1.591643766e-05
1.591643766e-05
1.591643766e-05
1.591643766e-05
1.591643766e-05
1.591643766e-05
1.591643766e-05
1.591643766e-05
1.591643766e-05
1.591643766e-05
1.591643766e-05
1.591643766e-05
1.591643766e-05
1.591643766e-05
1.591643766e-05
1.591643766e-05
1.591643766e-05
1.591643766e-05
1.591643766e-05
1.591643766e-05
1.591643766e-05
1.591643766e-05
1.591643766e-05
1.591643766e-05
1.591643766e-05
1.591643766e-05
1.591643766e-05
1.591643766e-05
1.591643766e-05
1.591643766e-05
1.591643766e-05
1.591643766e-05
1.591643766e-05
1.591643766e-05
1.591643766e-05
1.591643766e-05
1.591643766e-05
1.591643766e-05
1.591643766e-05
1.591643766e-05
1.591643766e-05
1.591643766e-05
1.591643766e-05
1.591643766e-05
1.591643766e-05
1.591643766e-05
1.591643766e-05
1.591643766e-05
1.591643766e-05
1.591643766e-05
1.591643766e-05
1.591643766e-05
1.591643766e-05
1.591643766e-05
1.591643766e-05
1.591643766e-05
1.591643766e-05
1.591643766e-05
1.591643766e-05
1.591643766e-05
0.09100023426
0.08953321721
0.08217316959
0.0360351842
7.139938325e-05
1.592374782e-05
1.591643847e-05
1.591643766e-05
1.591643766e-05
1.591643766e-05
1.591643766e-05
1.591643766e-05
1.591643766e-05
1.591643766e-05
1.591643766e-05
1.591643766e-05
1.591643766e-05
1.591643766e-05
1.591643766e-05
1.591643766e-05
1.591643766e-05
1.591643766e-05
1.591643766e-05
1.591643766e-05
1.591643766e-05
1.591643766e-05
1.591643766e-05
1.591643766e-05
1.591643766e-05
1.591643766e-05
1.591643766e-05
1.591643766e-05
1.591643766e-05
1.591643766e-05
1.591643766e-05
1.591643766e-05
1.591643766e-05
1.591643766e-05
1.591643766e-05
1.591643766e-05
1.591643766e-05
1.591643766e-05
1.591643766e-05
1.591643766e-05
1.591643766e-05
1.591643766e-05
1.591643766e-05
1.591643766e-05
1.591643766e-05
1.591643766e-05
1.591643766e-05
1.591643766e-05
1.591643766e-05
1.591643766e-05
1.591643766e-05
1.591643766e-05
1.591643766e-05
1.591643766e-05
1.591643766e-05
1.591643766e-05
1.591643766e-05
1.591643766e-05
1.591643766e-05
1.591643766e-05
1.591643766e-05
1.591643766e-05
1.591643766e-05
1.591643766e-05
1.591643766e-05
1.591643766e-05
1.591643766e-05
1.591643766e-05
1.591643766e-05
1.591643766e-05
1.591643766e-05
1.591643766e-05
1.591643766e-05
1.591643766e-05
1.591643766e-05
1.591643766e-05
1.591643766e-05
1.591643766e-05
1.591643766e-05
1.591643766e-05
1.591643766e-05
1.591643766e-05
1.591643766e-05
1.591643766e-05
1.591643766e-05
1.591643766e-05
1.591643766e-05
1.591643766e-05
1.591643766e-05
1.591643766e-05
1.591643766e-05
1.591643766e-05
1.591643766e-05
1.591643766e-05
1.591643766e-05
1.591643766e-05
1.591643766e-05
1.591643766e-05
0.09106443986
0.08985776685
0.08337253147
0.04559877865
0.0001027385392
1.592916115e-05
1.591643911e-05
1.591643766e-05
1.591643766e-05
1.591643766e-05
1.591643766e-05
1.591643766e-05
1.591643766e-05
1.591643766e-05
1.591643766e-05
1.591643766e-05
1.591643766e-05
1.591643766e-05
1.591643766e-05
1.591643766e-05
1.591643766e-05
1.591643766e-05
1.591643766e-05
1.591643766e-05
1.591643766e-05
1.591643766e-05
1.591643766e-05
1.591643766e-05
1.591643766e-05
1.591643766e-05
1.591643766e-05
1.591643766e-05
1.591643766e-05
1.591643766e-05
1.591643766e-05
1.591643766e-05
1.591643766e-05
1.591643766e-05
1.591643766e-05
1.591643766e-05
1.591643766e-05
1.591643766e-05
1.591643766e-05
1.591643766e-05
1.591643766e-05
1.591643766e-05
1.591643766e-05
1.591643766e-05
1.591643766e-05
1.591643766e-05
1.591643766e-05
1.591643766e-05
1.591643766e-05
1.591643766e-05
1.591643766e-05
1.591643766e-05
1.591643766e-05
1.591643766e-05
1.591643766e-05
1.591643766e-05
1.591643766e-05
1.591643766e-05
1.591643766e-05
1.591643766e-05
1.591643766e-05
1.591643766e-05
1.591643766e-05
1.591643766e-05
1.591643766e-05
1.591643766e-05
1.591643766e-05
1.591643766e-05
1.591643766e-05
1.591643766e-05
1.591643766e-05
1.591643766e-05
1.591643766e-05
1.591643766e-05
1.591643766e-05
1.591643766e-05
1.591643766e-05
1.591643766e-05
1.591643766e-05
1.591643766e-05
1.591643766e-05
1.591643766e-05
1.591643766e-05
1.591643766e-05
1.591643766e-05
1.591643766e-05
1.591643766e-05
1.591643766e-05
1.591643766e-05
1.591643766e-05
1.591643766e-05
1.591643766e-05
1.591643766e-05
1.591643766e-05
1.591643766e-05
1.591643766e-05
1.591643766e-05
1.591643766e-05
0.09109790317
0.09008764284
0.08433266092
0.05309230288
0.0001358755913
1.593575621e-05
1.591643991e-05
1.591643766e-05
1.591643766e-05
1.591643766e-05
1.591643766e-05
1.591643766e-05
1.591643766e-05
1.591643766e-05
1.591643766e-05
1.591643766e-05
1.591643766e-05
1.591643766e-05
1.591643766e-05
1.591643766e-05
1.591643766e-05
1.591643766e-05
1.591643766e-05
1.591643766e-05
1.591643766e-05
1.591643766e-05
1.591643766e-05
1.591643766e-05
1.591643766e-05
1.591643766e-05
1.591643766e-05
1.591643766e-05
1.591643766e-05
1.591643766e-05
1.591643766e-05
1.591643766e-05
1.591643766e-05
1.591643766e-05
1.591643766e-05
1.591643766e-05
1.591643766e-05
1.591643766e-05
1.591643766e-05
1.591643766e-05
1.591643766e-05
1.591643766e-05
1.591643766e-05
1.591643766e-05
1.591643766e-05
1.591643766e-05
1.591643766e-05
1.591643766e-05
1.591643766e-05
1.591643766e-05
1.591643766e-05
1.591643766e-05
1.591643766e-05
1.591643766e-05
1.591643766e-05
1.591643766e-05
1.591643766e-05
1.591643766e-05
1.591643766e-05
1.591643766e-05
1.591643766e-05
1.591643766e-05
1.591643766e-05
1.591643766e-05
1.591643766e-05
1.591643766e-05
1.591643766e-05
1.591643766e-05
1.591643766e-05
1.591643766e-05
1.591643766e-05
1.591643766e-05
1.591643766e-05
1.591643766e-05
1.591643766e-05
1.591643766e-05
1.591643766e-05
1.591643766e-05
1.591643766e-05
1.591643766e-05
1.591643766e-05
1.591643766e-05
1.591643766e-05
1.591643766e-05
1.591643766e-05
1.591643766e-05
1.591643766e-05
1.591643766e-05
1.591643766e-05
1.591643766e-05
1.591643766e-05
1.591643766e-05
1.591643766e-05
1.591643766e-05
1.591643766e-05
1.591643766e-05
1.591643766e-05
1.591643766e-05
0.09109559466
0.09022497957
0.08506794332
0.05877368488
0.0001694198729
1.594324735e-05
1.591644085e-05
1.591643766e-05
1.591643766e-05
1.591643766e-05
1.591643766e-05
1.591643766e-05
1.591643766e-05
1.591643766e-05
1.591643766e-05
1.591643766e-05
1.591643766e-05
1.591643766e-05
1.591643766e-05
1.591643766e-05
1.591643766e-05
1.591643766e-05
1.591643766e-05
1.591643766e-05
1.591643766e-05
1.591643766e-05
1.591643766e-05
1.591643766e-05
1.591643766e-05
1.591643766e-05
1.591643766e-05
1.591643766e-05
1.591643766e-05
1.591643766e-05
1.591643766e-05
1.591643766e-05
1.591643766e-05
1.591643766e-05
1.591643766e-05
1.591643766e-05
1.591643766e-05
1.591643766e-05
1.591643766e-05
1.591643766e-05
1.591643766e-05
1.591643766e-05
1.591643766e-05
1.591643766e-05
1.591643766e-05
1.591643766e-05
1.591643766e-05
1.591643766e-05
1.591643766e-05
1.591643766e-05
1.591643766e-05
1.591643766e-05
1.591643766e-05
1.591643766e-05
1.591643766e-05
1.591643766e-05
1.591643766e-05
1.591643766e-05
1.591643766e-05
1.591643766e-05
1.591643766e-05
1.591643766e-05
1.591643766e-05
1.591643766e-05
1.591643766e-05
1.591643766e-05
1.591643766e-05
1.591643766e-05
1.591643766e-05
1.591643766e-05
1.591643766e-05
1.591643766e-05
1.591643766e-05
1.591643766e-05
1.591643766e-05
1.591643766e-05
1.591643766e-05
1.591643766e-05
1.591643766e-05
1.591643766e-05
1.591643766e-05
1.591643766e-05
1.591643766e-05
1.591643766e-05
1.591643766e-05
1.591643766e-05
1.591643766e-05
1.591643766e-05
1.591643766e-05
1.591643766e-05
1.591643766e-05
1.591643766e-05
1.591643766e-05
1.591643766e-05
1.591643766e-05
1.591643766e-05
1.591643766e-05
1.591643766e-05
0.09106259614
0.09028866074
0.08562451997
0.06302949243
0.0002020054516
1.595127815e-05
1.591644188e-05
1.591643766e-05
1.591643766e-05
1.591643766e-05
1.591643766e-05
1.591643766e-05
1.591643766e-05
1.591643766e-05
1.591643766e-05
1.591643766e-05
1.591643766e-05
1.591643766e-05
1.591643766e-05
1.591643766e-05
1.591643766e-05
1.591643766e-05
1.591643766e-05
1.591643766e-05
1.591643766e-05
1.591643766e-05
1.591643766e-05
1.591643766e-05
1.591643766e-05
1.591643766e-05
1.591643766e-05
1.591643766e-05
1.591643766e-05
1.591643766e-05
1.591643766e-05
1.591643766e-05
1.591643766e-05
1.591643766e-05
1.591643766e-05
1.591643766e-05
1.591643766e-05
1.591643766e-05
1.591643766e-05
1.591643766e-05
1.591643766e-05
1.591643766e-05
1.591643766e-05
1.591643766e-05
1.591643766e-05
1.591643766e-05
1.591643766e-05
1.591643766e-05
1.591643766e-05
1.591643766e-05
1.591643766e-05
1.591643766e-05
1.591643766e-05
1.591643766e-05
1.591643766e-05
1.591643766e-05
1.591643766e-05
1.591643766e-05
1.591643766e-05
1.591643766e-05
1.591643766e-05
1.591643766e-05
1.591643766e-05
1.591643766e-05
1.591643766e-05
1.591643766e-05
1.591643766e-05
1.591643766e-05
1.591643766e-05
1.591643766e-05
1.591643766e-05
1.591643766e-05
1.591643766e-05
1.591643766e-05
1.591643766e-05
1.591643766e-05
1.591643766e-05
1.591643766e-05
1.591643766e-05
1.591643766e-05
1.591643766e-05
1.591643766e-05
1.591643766e-05
1.591643766e-05
1.591643766e-05
1.591643766e-05
1.591643766e-05
1.591643766e-05
1.591643766e-05
1.591643766e-05
1.591643766e-05
1.591643766e-05
1.591643766e-05
1.591643766e-05
1.591643766e-05
1.591643766e-05
1.591643766e-05
1.591643766e-05
0.09100731509
0.09030152152
0.08605488704
0.06626905948
0.0002324860531
1.595946395e-05
1.591644296e-05
1.591643766e-05
1.591643766e-05
1.591643766e-05
1.591643766e-05
1.591643766e-05
1.591643766e-05
1.591643766e-05
1.591643766e-05
1.591643766e-05
1.591643766e-05
1.591643766e-05
1.591643766e-05
1.591643766e-05
1.591643766e-05
1.591643766e-05
1.591643766e-05
1.591643766e-05
1.591643766e-05
1.591643766e-05
1.591643766e-05
1.591643766e-05
1.591643766e-05
1.591643766e-05
1.591643766e-05
1.591643766e-05
1.591643766e-05
1.591643766e-05
1.591643766e-05
1.591643766e-05
1.591643766e-05
1.591643766e-05
1.591643766e-05
1.591643766e-05
1.591643766e-05
1.591643766e-05
1.591643766e-05
1.591643766e-05
1.591643766e-05
1.591643766e-05
1.591643766e-05
1.591643766e-05
1.591643766e-05
1.591643766e-05
1.591643766e-05
1.591643766e-05
1.591643766e-05
1.591643766e-05
1.591643766e-05
1.591643766e-05
1.591643766e-05
1.591643766e-05
1.591643766e-05
1.591643766e-05
1.591643766e-05
1.591643766e-05
1.591643766e-05
1.591643766e-05
1.591643766e-05
1.591643766e-05
1.591643766e-05
1.591643766e-05
1.591643766e-05
1.591643766e-05
1.591643766e-05
1.591643766e-05
1.591643766e-05
1.591643766e-05
1.591643766e-05
1.591643766e-05
1.591643766e-05
1.591643766e-05
1.591643766e-05
1.591643766e-05
1.591643766e-05
1.591643766e-05
1.591643766e-05
1.591643766e-05
1.591643766e-05
1.591643766e-05
1.591643766e-05
1.591643766e-05
1.591643766e-05
1.591643766e-05
1.591643766e-05
1.591643766e-05
1.591643766e-05
1.591643766e-05
1.591643766e-05
1.591643766e-05
1.591643766e-05
1.591643766e-05
1.591643766e-05
1.591643766e-05
1.591643766e-05
1.591643766e-05
0.09093655166
0.0902815345
0.08640046956
0.06882270138
0.0002602583179
1.59674882e-05
1.591644405e-05
1.591643766e-05
1.591643766e-05
1.591643766e-05
1.591643766e-05
1.591643766e-05
1.591643766e-05
1.591643766e-05
1.591643766e-05
1.591643766e-05
1.591643766e-05
1.591643766e-05
1.591643766e-05
1.591643766e-05
1.591643766e-05
1.591643766e-05
1.591643766e-05
1.591643766e-05
1.591643766e-05
1.591643766e-05
1.591643766e-05
1.591643766e-05
1.591643766e-05
1.591643766e-05
1.591643766e-05
1.591643766e-05
1.591643766e-05
1.591643766e-05
1.591643766e-05
1.591643766e-05
1.591643766e-05
1.591643766e-05
1.591643766e-05
1.591643766e-05
1.591643766e-05
1.591643766e-05
1.591643766e-05
1.591643766e-05
1.591643766e-05
1.591643766e-05
1.591643766e-05
1.591643766e-05
1.591643766e-05
1.591643766e-05
1.591643766e-05
1.591643766e-05
1.591643766e-05
1.591643766e-05
1.591643766e-05
1.591643766e-05
1.591643766e-05
1.591643766e-05
1.591643766e-05
1.591643766e-05
1.591643766e-05
1.591643766e-05
1.591643766e-05
1.591643766e-05
1.591643766e-05
1.591643766e-05
1.591643766e-05
1.591643766e-05
1.591643766e-05
1.591643766e-05
1.591643766e-05
1.591643766e-05
1.591643766e-05
1.591643766e-05
1.591643766e-05
1.591643766e-05
1.591643766e-05
1.591643766e-05
1.591643766e-05
1.591643766e-05
1.591643766e-05
1.591643766e-05
1.591643766e-05
1.591643766e-05
1.591643766e-05
1.591643766e-05
1.591643766e-05
1.591643766e-05
1.591643766e-05
1.591643766e-05
1.591643766e-05
1.591643766e-05
1.591643766e-05
1.591643766e-05
1.591643766e-05
1.591643766e-05
1.591643766e-05
1.591643766e-05
1.591643766e-05
1.591643766e-05
1.591643766e-05
1.591643766e-05
0.0908542894
0.09023974898
0.08668725571
0.0709131701
0.0002852086776
1.597514661e-05
1.591644511e-05
1.591643766e-05
1.591643766e-05
1.591643766e-05
1.591643766e-05
1.591643766e-05
1.591643766e-05
1.591643766e-05
1.591643766e-05
1.591643766e-05
1.591643766e-05
1.591643766e-05
1.591643766e-05
1.591643766e-05
1.591643766e-05
1.591643766e-05
1.591643766e-05
1.591643766e-05
1.591643766e-05
1.591643766e-05
1.591643766e-05
1.591643766e-05
1.591643766e-05
1.591643766e-05
1.591643766e-05
1.591643766e-05
1.591643766e-05
1.591643766e-05
1.591643766e-05
1.591643766e-05
1.591643766e-05
1.591643766e-05
1.591643766e-05
1.591643766e-05
1.591643766e-05
1.591643766e-05
1.591643766e-05
1.591643766e-05
1.591643766e-05
1.591643766e-05
1.591643766e-05
1.591643766e-05
1.591643766e-05
1.591643766e-05
1.591643766e-05
1.591643766e-05
1.591643766e-05
1.591643766e-05
1.591643766e-05
1.591643766e-05
1.591643766e-05
1.591643766e-05
1.591643766e-05
1.591643766e-05
1.591643766e-05
1.591643766e-05
1.591643766e-05
1.591643766e-05
1.591643766e-05
1.591643766e-05
1.591643766e-05
1.591643766e-05
1.591643766e-05
1.591643766e-05
1.591643766e-05
1.591643766e-05
1.591643766e-05
1.591643766e-05
1.591643766e-05
1.591643766e-05
1.591643766e-05
1.591643766e-05
1.591643766e-05
1.591643766e-05
1.591643766e-05
1.591643766e-05
1.591643766e-05
1.591643766e-05
1.591643766e-05
1.591643766e-05
1.591643766e-05
1.591643766e-05
1.591643766e-05
1.591643766e-05
1.591643766e-05
1.591643766e-05
1.591643766e-05
1.591643766e-05
1.591643766e-05
1.591643766e-05
1.591643766e-05
1.591643766e-05
1.591643766e-05
1.591643766e-05
1.591643766e-05
1.591643766e-05
0.09076283199
0.09018246722
0.08692980781
0.07267835494
0.0003074963778
1.598233547e-05
1.591644613e-05
1.591643766e-05
1.591643766e-05
1.591643766e-05
1.591643766e-05
1.591643766e-05
1.591643766e-05
1.591643766e-05
1.591643766e-05
1.591643766e-05
1.591643766e-05
1.591643766e-05
1.591643766e-05
1.591643766e-05
1.591643766e-05
1.591643766e-05
1.591643766e-05
1.591643766e-05
1.591643766e-05
1.591643766e-05
1.591643766e-05
1.591643766e-05
1.591643766e-05
1.591643766e-05
1.591643766e-05
1.591643766e-05
1.591643766e-05
1.591643766e-05
1.591643766e-05
1.591643766e-05
1.591643766e-05
1.591643766e-05
1.591643766e-05
1.591643766e-05
1.591643766e-05
1.591643766e-05
1.591643766e-05
1.591643766e-05
1.591643766e-05
1.591643766e-05
1.591643766e-05
1.591643766e-05
1.591643766e-05
1.591643766e-05
1.591643766e-05
1.591643766e-05
1.591643766e-05
1.591643766e-05
1.591643766e-05
1.591643766e-05
1.591643766e-05
1.591643766e-05
1.591643766e-05
1.591643766e-05
1.591643766e-05
1.591643766e-05
1.591643766e-05
1.591643766e-05
1.591643766e-05
1.591643766e-05
1.591643766e-05
1.591643766e-05
1.591643766e-05
1.591643766e-05
1.591643766e-05
1.591643766e-05
1.591643766e-05
1.591643766e-05
1.591643766e-05
1.591643766e-05
1.591643766e-05
1.591643766e-05
1.591643766e-05
1.591643766e-05
1.591643766e-05
1.591643766e-05
1.591643766e-05
1.591643766e-05
1.591643766e-05
1.591643766e-05
1.591643766e-05
1.591643766e-05
1.591643766e-05
1.591643766e-05
1.591643766e-05
1.591643766e-05
1.591643766e-05
1.591643766e-05
1.591643766e-05
1.591643766e-05
1.591643766e-05
1.591643766e-05
1.591643766e-05
1.591643766e-05
1.591643766e-05
1.591643766e-05
0.09066424852
0.09011419093
0.08713823147
0.07420671161
0.0003274093141
1.59890238e-05
1.59164471e-05
1.591643766e-05
1.591643766e-05
1.591643766e-05
1.591643766e-05
1.591643766e-05
1.591643766e-05
1.591643766e-05
1.591643766e-05
1.591643766e-05
1.591643766e-05
1.591643766e-05
1.591643766e-05
1.591643766e-05
1.591643766e-05
1.591643766e-05
1.591643766e-05
1.591643766e-05
1.591643766e-05
1.591643766e-05
1.591643766e-05
1.591643766e-05
1.591643766e-05
1.591643766e-05
1.591643766e-05
1.591643766e-05
1.591643766e-05
1.591643766e-05
1.591643766e-05
1.591643766e-05
1.591643766e-05
1.591643766e-05
1.591643766e-05
1.591643766e-05
1.591643766e-05
1.591643766e-05
1.591643766e-05
1.591643766e-05
1.591643766e-05
1.591643766e-05
1.591643766e-05
1.591643766e-05
1.591643766e-05
1.591643766e-05
1.591643766e-05
1.591643766e-05
1.591643766e-05
1.591643766e-05
1.591643766e-05
1.591643766e-05
1.591643766e-05
1.591643766e-05
1.591643766e-05
1.591643766e-05
1.591643766e-05
1.591643766e-05
1.591643766e-05
1.591643766e-05
1.591643766e-05
1.591643766e-05
1.591643766e-05
1.591643766e-05
1.591643766e-05
1.591643766e-05
1.591643766e-05
1.591643766e-05
1.591643766e-05
1.591643766e-05
1.591643766e-05
1.591643766e-05
1.591643766e-05
1.591643766e-05
1.591643766e-05
1.591643766e-05
1.591643766e-05
1.591643766e-05
1.591643766e-05
1.591643766e-05
1.591643766e-05
1.591643766e-05
1.591643766e-05
1.591643766e-05
1.591643766e-05
1.591643766e-05
1.591643766e-05
1.591643766e-05
1.591643766e-05
1.591643766e-05
1.591643766e-05
1.591643766e-05
1.591643766e-05
1.591643766e-05
1.591643766e-05
1.591643766e-05
1.591643766e-05
1.591643766e-05
0.09056010546
0.09003766318
0.08731850381
0.07555474811
0.0003452569133
1.5995307e-05
1.591644994e-05
1.591643766e-05
1.591643766e-05
1.591643766e-05
1.591643766e-05
1.591643766e-05
1.591643766e-05
1.591643766e-05
1.591643766e-05
1.591643766e-05
1.591643766e-05
1.591643766e-05
1.591643766e-05
1.591643766e-05
1.591643766e-05
1.591643766e-05
1.591643766e-05
1.591643766e-05
1.591643766e-05
1.591643766e-05
1.591643766e-05
1.591643766e-05
1.591643766e-05
1.591643766e-05
1.591643766e-05
1.591643766e-05
1.591643766e-05
1.591643766e-05
1.591643766e-05
1.591643766e-05
1.591643766e-05
1.591643766e-05
1.591643766e-05
1.591643766e-05
1.591643766e-05
1.591643766e-05
1.591643766e-05
1.591643766e-05
1.591643766e-05
1.591643766e-05
1.591643766e-05
1.591643766e-05
1.591643766e-05
1.591643766e-05
1.591643766e-05
1.591643766e-05
1.591643766e-05
1.591643766e-05
1.591643766e-05
1.591643766e-05
1.591643766e-05
1.591643766e-05
1.591643766e-05
1.591643766e-05
1.591643766e-05
1.591643766e-05
1.591643766e-05
1.591643766e-05
1.591643766e-05
1.591643766e-05
1.591643766e-05
1.591643766e-05
1.591643766e-05
1.591643766e-05
1.591643766e-05
1.591643766e-05
1.591643766e-05
1.591643766e-05
1.591643766e-05
1.591643766e-05
1.591643766e-05
1.591643766e-05
1.591643766e-05
1.591643766e-05
1.591643766e-05
1.591643766e-05
1.591643766e-05
1.591643766e-05
1.591643766e-05
1.591643766e-05
1.591643766e-05
1.591643766e-05
1.591643766e-05
1.591643766e-05
1.591643766e-05
1.591643766e-05
1.591643766e-05
1.591643766e-05
1.591643766e-05
1.591643766e-05
1.591643766e-05
1.591643766e-05
1.591643766e-05
1.591643766e-05
1.591643766e-05
1.591643766e-05
0.09045217369
0.08995540975
0.08747503142
0.07676041338
0.0003643298762
1.624552075e-05
1.591649962e-05
1.591643767e-05
1.591643766e-05
1.591643766e-05
1.591643766e-05
1.591643766e-05
1.591643766e-05
1.591643766e-05
1.591643766e-05
1.591643766e-05
1.591643766e-05
1.591643766e-05
1.591643766e-05
1.591643766e-05
1.591643766e-05
1.591643766e-05
1.591643766e-05
1.591643766e-05
1.591643766e-05
1.591643766e-05
1.591643766e-05
1.591643766e-05
1.591643766e-05
1.591643766e-05
1.591643766e-05
1.591643766e-05
1.591643766e-05
1.591643766e-05
1.591643766e-05
1.591643766e-05
1.591643766e-05
1.591643766e-05
1.591643766e-05
1.591643766e-05
1.591643766e-05
1.591643766e-05
1.591643766e-05
1.591643766e-05
1.591643766e-05
1.591643766e-05
1.591643766e-05
1.591643766e-05
1.591643766e-05
1.591643766e-05
1.591643766e-05
1.591643766e-05
1.591643766e-05
1.591643766e-05
1.591643766e-05
1.591643766e-05
1.591643766e-05
1.591643766e-05
1.591643766e-05
1.591643766e-05
1.591643766e-05
1.591643766e-05
1.591643766e-05
1.591643766e-05
1.591643766e-05
1.591643766e-05
1.591643766e-05
1.591643766e-05
1.591643766e-05
1.591643766e-05
1.591643766e-05
1.591643766e-05
1.591643766e-05
1.591643766e-05
1.591643766e-05
1.591643766e-05
1.591643766e-05
1.591643766e-05
1.591643766e-05
1.591643766e-05
1.591643766e-05
1.591643766e-05
1.591643766e-05
1.591643766e-05
1.591643766e-05
1.591643766e-05
1.591643766e-05
1.591643766e-05
1.591643766e-05
1.591643766e-05
1.591643766e-05
1.591643766e-05
1.591643766e-05
1.591643766e-05
1.591643766e-05
1.591643766e-05
1.591643766e-05
1.591643766e-05
1.591643766e-05
1.591643766e-05
1.591643766e-05
1.591643766e-05
0.09035014415
0.08989170882
0.08766652799
0.07791198236
0.006703336249
2.013098297e-05
1.591695458e-05
1.591643772e-05
1.591643766e-05
1.591643766e-05
1.591643766e-05
1.591643766e-05
1.591643766e-05
1.591643766e-05
1.591643766e-05
1.591643766e-05
1.591643766e-05
1.591643766e-05
1.591643766e-05
1.591643766e-05
1.591643766e-05
1.591643766e-05
1.591643766e-05
1.591643766e-05
1.591643766e-05
1.591643766e-05
1.591643766e-05
1.591643766e-05
1.591643766e-05
1.591643766e-05
1.591643766e-05
1.591643766e-05
1.591643766e-05
1.591643766e-05
1.591643766e-05
1.591643766e-05
1.591643766e-05
1.591643766e-05
1.591643766e-05
1.591643766e-05
1.591643766e-05
1.591643766e-05
1.591643766e-05
1.591643766e-05
1.591643766e-05
1.591643766e-05
1.591643766e-05
1.591643766e-05
1.591643766e-05
1.591643766e-05
1.591643766e-05
1.591643766e-05
1.591643766e-05
1.591643766e-05
1.591643766e-05
1.591643766e-05
1.591643766e-05
1.591643766e-05
1.591643766e-05
1.591643766e-05
1.591643766e-05
1.591643766e-05
1.591643766e-05
1.591643766e-05
1.591643766e-05
1.591643766e-05
1.591643766e-05
1.591643766e-05
1.591643766e-05
1.591643766e-05
1.591643766e-05
1.591643766e-05
1.591643766e-05
1.591643766e-05
1.591643766e-05
1.591643766e-05
1.591643766e-05
1.591643766e-05
1.591643766e-05
1.591643766e-05
1.591643766e-05
1.591643766e-05
1.591643766e-05
1.591643766e-05
1.591643766e-05
1.591643766e-05
1.591643766e-05
1.591643766e-05
1.591643766e-05
1.591643766e-05
1.591643766e-05
1.591643766e-05
1.591643766e-05
1.591643766e-05
1.591643766e-05
1.591643766e-05
1.591643766e-05
1.591643766e-05
1.591643766e-05
1.591643766e-05
1.591643766e-05
1.591643766e-05
0.09027776692
0.08988022697
0.08792857789
0.07907192152
0.01663336446
3.132992793e-05
1.591826309e-05
1.591643787e-05
1.591643766e-05
1.591643766e-05
1.591643766e-05
1.591643766e-05
1.591643766e-05
1.591643766e-05
1.591643766e-05
1.591643766e-05
1.591643766e-05
1.591643766e-05
1.591643766e-05
1.591643766e-05
1.591643766e-05
1.591643766e-05
1.591643766e-05
1.591643766e-05
1.591643766e-05
1.591643766e-05
1.591643766e-05
1.591643766e-05
1.591643766e-05
1.591643766e-05
1.591643766e-05
1.591643766e-05
1.591643766e-05
1.591643766e-05
1.591643766e-05
1.591643766e-05
1.591643766e-05
1.591643766e-05
1.591643766e-05
1.591643766e-05
1.591643766e-05
1.591643766e-05
1.591643766e-05
1.591643766e-05
1.591643766e-05
1.591643766e-05
1.591643766e-05
1.591643766e-05
1.591643766e-05
1.591643766e-05
1.591643766e-05
1.591643766e-05
1.591643766e-05
1.591643766e-05
1.591643766e-05
1.591643766e-05
1.591643766e-05
1.591643766e-05
1.591643766e-05
1.591643766e-05
1.591643766e-05
1.591643766e-05
1.591643766e-05
1.591643766e-05
1.591643766e-05
1.591643766e-05
1.591643766e-05
1.591643766e-05
1.591643766e-05
1.591643766e-05
1.591643766e-05
1.591643766e-05
1.591643766e-05
1.591643766e-05
1.591643766e-05
1.591643766e-05
1.591643766e-05
1.591643766e-05
1.591643766e-05
1.591643766e-05
1.591643766e-05
1.591643766e-05
1.591643766e-05
1.591643766e-05
1.591643766e-05
1.591643766e-05
1.591643766e-05
1.591643766e-05
1.591643766e-05
1.591643766e-05
1.591643766e-05
1.591643766e-05
1.591643766e-05
1.591643766e-05
1.591643766e-05
1.591643766e-05
1.591643766e-05
1.591643766e-05
1.591643766e-05
1.591643766e-05
1.591643766e-05
1.591643766e-05
0.09023728031
0.08991248481
0.08822694549
0.08020647766
0.02664218441
4.917481277e-05
1.592064029e-05
1.591643816e-05
1.591643766e-05
1.591643766e-05
1.591643766e-05
1.591643766e-05
1.591643766e-05
1.591643766e-05
1.591643766e-05
1.591643766e-05
1.591643766e-05
1.591643766e-05
1.591643766e-05
1.591643766e-05
1.591643766e-05
1.591643766e-05
1.591643766e-05
1.591643766e-05
1.591643766e-05
1.591643766e-05
1.591643766e-05
1.591643766e-05
1.591643766e-05
1.591643766e-05
1.591643766e-05
1.591643766e-05
1.591643766e-05
1.591643766e-05
1.591643766e-05
1.591643766e-05
1.591643766e-05
1.591643766e-05
1.591643766e-05
1.591643766e-05
1.591643766e-05
1.591643766e-05
1.591643766e-05
1.591643766e-05
1.591643766e-05
1.591643766e-05
1.591643766e-05
1.591643766e-05
1.591643766e-05
1.591643766e-05
1.591643766e-05
1.591643766e-05
1.591643766e-05
1.591643766e-05
1.591643766e-05
1.591643766e-05
1.591643766e-05
1.591643766e-05
1.591643766e-05
1.591643766e-05
1.591643766e-05
1.591643766e-05
1.591643766e-05
1.591643766e-05
1.591643766e-05
1.591643766e-05
1.591643766e-05
1.591643766e-05
1.591643766e-05
1.591643766e-05
1.591643766e-05
1.591643766e-05
1.591643766e-05
1.591643766e-05
1.591643766e-05
1.591643766e-05
1.591643766e-05
1.591643766e-05
1.591643766e-05
1.591643766e-05
1.591643766e-05
1.591643766e-05
1.591643766e-05
1.591643766e-05
1.591643766e-05
1.591643766e-05
1.591643766e-05
1.591643766e-05
1.591643766e-05
1.591643766e-05
1.591643766e-05
1.591643766e-05
1.591643766e-05
1.591643766e-05
1.591643766e-05
1.591643766e-05
1.591643766e-05
1.591643766e-05
1.591643766e-05
1.591643766e-05
1.591643766e-05
1.591643766e-05
0.0902164892
0.08996166875
0.08851457017
0.08125920675
0.03559083013
7.131509072e-05
1.592406683e-05
1.591643859e-05
1.591643766e-05
1.591643766e-05
1.591643766e-05
1.591643766e-05
1.591643766e-05
1.591643766e-05
1.591643766e-05
1.591643766e-05
1.591643766e-05
1.591643766e-05
1.591643766e-05
1.591643766e-05
1.591643766e-05
1.591643766e-05
1.591643766e-05
1.591643766e-05
1.591643766e-05
1.591643766e-05
1.591643766e-05
1.591643766e-05
1.591643766e-05
1.591643766e-05
1.591643766e-05
1.591643766e-05
1.591643766e-05
1.591643766e-05
1.591643766e-05
1.591643766e-05
1.591643766e-05
1.591643766e-05
1.591643766e-05
1.591643766e-05
1.591643766e-05
1.591643766e-05
1.591643766e-05
1.591643766e-05
1.591643766e-05
1.591643766e-05
1.591643766e-05
1.591643766e-05
1.591643766e-05
1.591643766e-05
1.591643766e-05
1.591643766e-05
1.591643766e-05
1.591643766e-05
1.591643766e-05
1.591643766e-05
1.591643766e-05
1.591643766e-05
1.591643766e-05
1.591643766e-05
1.591643766e-05
1.591643766e-05
1.591643766e-05
1.591643766e-05
1.591643766e-05
1.591643766e-05
1.591643766e-05
1.591643766e-05
1.591643766e-05
1.591643766e-05
1.591643766e-05
1.591643766e-05
1.591643766e-05
1.591643766e-05
1.591643766e-05
1.591643766e-05
1.591643766e-05
1.591643766e-05
1.591643766e-05
1.591643766e-05
1.591643766e-05
1.591643766e-05
1.591643766e-05
1.591643766e-05
1.591643766e-05
1.591643766e-05
1.591643766e-05
1.591643766e-05
1.591643766e-05
1.591643766e-05
1.591643766e-05
1.591643766e-05
1.591643766e-05
1.591643766e-05
1.591643766e-05
1.591643766e-05
1.591643766e-05
1.591643766e-05
1.591643766e-05
1.591643766e-05
1.591643766e-05
1.591643766e-05
0.09020267204
0.0900057261
0.08875997898
0.08219008002
0.04323567425
9.578336069e-05
1.59284007e-05
1.591643915e-05
1.591643766e-05
1.591643766e-05
1.591643766e-05
1.591643766e-05
1.591643766e-05
1.591643766e-05
1.591643766e-05
1.591643766e-05
1.591643766e-05
1.591643766e-05
1.591643766e-05
1.591643766e-05
1.591643766e-05
1.591643766e-05
1.591643766e-05
1.591643766e-05
1.591643766e-05
1.591643766e-05
1.591643766e-05
1.591643766e-05
1.591643766e-05
1.591643766e-05
1.591643766e-05
1.591643766e-05
1.591643766e-05
1.591643766e-05
1.591643766e-05
1.591643766e-05
1.591643766e-05
1.591643766e-05
1.591643766e-05
1.591643766e-05
1.591643766e-05
1.591643766e-05
1.591643766e-05
1.591643766e-05
1.591643766e-05
1.591643766e-05
1.591643766e-05
1.591643766e-05
1.591643766e-05
1.591643766e-05
1.591643766e-05
1.591643766e-05
1.591643766e-05
1.591643766e-05
1.591643766e-05
1.591643766e-05
1.591643766e-05
1.591643766e-05
1.591643766e-05
1.591643766e-05
1.591643766e-05
1.591643766e-05
1.591643766e-05
1.591643766e-05
1.591643766e-05
1.591643766e-05
1.591643766e-05
1.591643766e-05
1.591643766e-05
1.591643766e-05
1.591643766e-05
1.591643766e-05
1.591643766e-05
1.591643766e-05
1.591643766e-05
1.591643766e-05
1.591643766e-05
1.591643766e-05
1.591643766e-05
1.591643766e-05
1.591643766e-05
1.591643766e-05
1.591643766e-05
1.591643766e-05
1.591643766e-05
1.591643766e-05
1.591643766e-05
1.591643766e-05
1.591643766e-05
1.591643766e-05
1.591643766e-05
1.591643766e-05
1.591643766e-05
1.591643766e-05
1.591643766e-05
1.591643766e-05
1.591643766e-05
1.591643766e-05
1.591643766e-05
1.591643766e-05
1.591643766e-05
1.591643766e-05
0.09018580984
0.0900302837
0.08894633913
0.08297664877
0.04957893122
0.0001214027604
1.593348433e-05
1.591643984e-05
1.591643766e-05
1.591643766e-05
1.591643766e-05
1.591643766e-05
1.591643766e-05
1.591643766e-05
1.591643766e-05
1.591643766e-05
1.591643766e-05
1.591643766e-05
1.591643766e-05
1.591643766e-05
1.591643766e-05
1.591643766e-05
1.591643766e-05
1.591643766e-05
1.591643766e-05
1.591643766e-05
1.591643766e-05
1.591643766e-05
1.591643766e-05
1.591643766e-05
1.591643766e-05
1.591643766e-05
1.591643766e-05
1.591643766e-05
1.591643766e-05
1.591643766e-05
1.591643766e-05
1.591643766e-05
1.591643766e-05
1.591643766e-05
1.591643766e-05
1.591643766e-05
1.591643766e-05
1.591643766e-05
1.591643766e-05
1.591643766e-05
1.591643766e-05
1.591643766e-05
1.591643766e-05
1.591643766e-05
1.591643766e-05
1.591643766e-05
1.591643766e-05
1.591643766e-05
1.591643766e-05
1.591643766e-05
1.591643766e-05
1.591643766e-05
1.591643766e-05
1.591643766e-05
1.591643766e-05
1.591643766e-05
1.591643766e-05
1.591643766e-05
1.591643766e-05
1.591643766e-05
1.591643766e-05
1.591643766e-05
1.591643766e-05
1.591643766e-05
1.591643766e-05
1.591643766e-05
1.591643766e-05
1.591643766e-05
1.591643766e-05
1.591643766e-05
1.591643766e-05
1.591643766e-05
1.591643766e-05
1.591643766e-05
1.591643766e-05
1.591643766e-05
1.591643766e-05
1.591643766e-05
1.591643766e-05
1.591643766e-05
1.591643766e-05
1.591643766e-05
1.591643766e-05
1.591643766e-05
1.591643766e-05
1.591643766e-05
1.591643766e-05
1.591643766e-05
1.591643766e-05
1.591643766e-05
1.591643766e-05
1.591643766e-05
1.591643766e-05
1.591643766e-05
1.591643766e-05
1.591643766e-05
0.0901594504
0.09002831076
0.08906896775
0.08361481902
0.05470735892
0.0001474430849
1.593916877e-05
1.591644062e-05
1.591643766e-05
1.591643766e-05
1.591643766e-05
1.591643766e-05
1.591643766e-05
1.591643766e-05
1.591643766e-05
1.591643766e-05
1.591643766e-05
1.591643766e-05
1.591643766e-05
1.591643766e-05
1.591643766e-05
1.591643766e-05
1.591643766e-05
1.591643766e-05
1.591643766e-05
1.591643766e-05
1.591643766e-05
1.591643766e-05
1.591643766e-05
1.591643766e-05
1.591643766e-05
1.591643766e-05
1.591643766e-05
1.591643766e-05
1.591643766e-05
1.591643766e-05
1.591643766e-05
1.591643766e-05
1.591643766e-05
1.591643766e-05
1.591643766e-05
1.591643766e-05
1.591643766e-05
1.591643766e-05
1.591643766e-05
1.591643766e-05
1.591643766e-05
1.591643766e-05
1.591643766e-05
1.591643766e-05
1.591643766e-05
1.591643766e-05
1.591643766e-05
1.591643766e-05
1.591643766e-05
1.591643766e-05
1.591643766e-05
1.591643766e-05
1.591643766e-05
1.591643766e-05
1.591643766e-05
1.591643766e-05
1.591643766e-05
1.591643766e-05
1.591643766e-05
1.591643766e-05
1.591643766e-05
1.591643766e-05
1.591643766e-05
1.591643766e-05
1.591643766e-05
1.591643766e-05
1.591643766e-05
1.591643766e-05
1.591643766e-05
1.591643766e-05
1.591643766e-05
1.591643766e-05
1.591643766e-05
1.591643766e-05
1.591643766e-05
1.591643766e-05
1.591643766e-05
1.591643766e-05
1.591643766e-05
1.591643766e-05
1.591643766e-05
1.591643766e-05
1.591643766e-05
1.591643766e-05
1.591643766e-05
1.591643766e-05
1.591643766e-05
1.591643766e-05
1.591643766e-05
1.591643766e-05
1.591643766e-05
1.591643766e-05
1.591643766e-05
1.591643766e-05
1.591643766e-05
1.591643766e-05
0.09012086208
0.08999912554
0.0891328325
0.08411763605
0.05877173751
0.000173198862
1.59452786e-05
1.591644148e-05
1.591643766e-05
1.591643766e-05
1.591643766e-05
1.591643766e-05
1.591643766e-05
1.591643766e-05
1.591643766e-05
1.591643766e-05
1.591643766e-05
1.591643766e-05
1.591643766e-05
1.591643766e-05
1.591643766e-05
1.591643766e-05
1.591643766e-05
1.591643766e-05
1.591643766e-05
1.591643766e-05
1.591643766e-05
1.591643766e-05
1.591643766e-05
1.591643766e-05
1.591643766e-05
1.591643766e-05
1.591643766e-05
1.591643766e-05
1.591643766e-05
1.591643766e-05
1.591643766e-05
1.591643766e-05
1.591643766e-05
1.591643766e-05
1.591643766e-05
1.591643766e-05
1.591643766e-05
1.591643766e-05
1.591643766e-05
1.591643766e-05
1.591643766e-05
1.591643766e-05
1.591643766e-05
1.591643766e-05
1.591643766e-05
1.591643766e-05
1.591643766e-05
1.591643766e-05
1.591643766e-05
1.591643766e-05
1.591643766e-05
1.591643766e-05
1.591643766e-05
1.591643766e-05
1.591643766e-05
1.591643766e-05
1.591643766e-05
1.591643766e-05
1.591643766e-05
1.591643766e-05
1.591643766e-05
1.591643766e-05
1.591643766e-05
1.591643766e-05
1.591643766e-05
1.591643766e-05
1.591643766e-05
1.591643766e-05
1.591643766e-05
1.591643766e-05
1.591643766e-05
1.591643766e-05
1.591643766e-05
1.591643766e-05
1.591643766e-05
1.591643766e-05
1.591643766e-05
1.591643766e-05
1.591643766e-05
1.591643766e-05
1.591643766e-05
1.591643766e-05
1.591643766e-05
1.591643766e-05
1.591643766e-05
1.591643766e-05
1.591643766e-05
1.591643766e-05
1.591643766e-05
1.591643766e-05
1.591643766e-05
1.591643766e-05
1.591643766e-05
1.591643766e-05
1.591643766e-05
1.591643766e-05
0.09007016047
0.08994629083
0.08914866714
0.08450872351
0.06196999216
0.0001979207093
1.595159874e-05
1.59164424e-05
1.591643766e-05
1.591643766e-05
1.591643766e-05
1.591643766e-05
1.591643766e-05
1.591643766e-05
1.591643766e-05
1.591643766e-05
1.591643766e-05
1.591643766e-05
1.591643766e-05
1.591643766e-05
1.591643766e-05
1.591643766e-05
1.591643766e-05
1.591643766e-05
1.591643766e-05
1.591643766e-05
1.591643766e-05
1.591643766e-05
1.591643766e-05
1.591643766e-05
1.591643766e-05
1.591643766e-05
1.591643766e-05
1.591643766e-05
1.591643766e-05
1.591643766e-05
1.591643766e-05
1.591643766e-05
1.591643766e-05
1.591643766e-05
1.591643766e-05
1.591643766e-05
1.591643766e-05
1.591643766e-05
1.591643766e-05
1.591643766e-05
1.591643766e-05
1.591643766e-05
1.591643766e-05
1.591643766e-05
1.591643766e-05
1.591643766e-05
1.591643766e-05
1.591643766e-05
1.591643766e-05
1.591643766e-05
1.591643766e-05
1.591643766e-05
1.591643766e-05
1.591643766e-05
1.591643766e-05
1.591643766e-05
1.591643766e-05
1.591643766e-05
1.591643766e-05
1.591643766e-05
1.591643766e-05
1.591643766e-05
1.591643766e-05
1.591643766e-05
1.591643766e-05
1.591643766e-05
1.591643766e-05
1.591643766e-05
1.591643766e-05
1.591643766e-05
1.591643766e-05
1.591643766e-05
1.591643766e-05
1.591643766e-05
1.591643766e-05
1.591643766e-05
1.591643766e-05
1.591643766e-05
1.591643766e-05
1.591643766e-05
1.591643766e-05
1.591643766e-05
1.591643766e-05
1.591643766e-05
1.591643766e-05
1.591643766e-05
1.591643766e-05
1.591643766e-05
1.591643766e-05
1.591643766e-05
1.591643766e-05
1.591643766e-05
1.591643766e-05
1.591643766e-05
1.591643766e-05
1.591643766e-05
0.09000883187
0.08987501437
0.08912882432
0.08481412456
0.06450670503
0.000221002397
1.595790956e-05
1.591644333e-05
1.591643766e-05
1.591643766e-05
1.591643766e-05
1.591643766e-05
1.591643766e-05
1.591643766e-05
1.591643766e-05
1.591643766e-05
1.591643766e-05
1.591643766e-05
1.591643766e-05
1.591643766e-05
1.591643766e-05
1.591643766e-05
1.591643766e-05
1.591643766e-05
1.591643766e-05
1.591643766e-05
1.591643766e-05
1.591643766e-05
1.591643766e-05
1.591643766e-05
1.591643766e-05
1.591643766e-05
1.591643766e-05
1.591643766e-05
1.591643766e-05
1.591643766e-05
1.591643766e-05
1.591643766e-05
1.591643766e-05
1.591643766e-05
1.591643766e-05
1.591643766e-05
1.591643766e-05
1.591643766e-05
1.591643766e-05
1.591643766e-05
1.591643766e-05
1.591643766e-05
1.591643766e-05
1.591643766e-05
1.591643766e-05
1.591643766e-05
1.591643766e-05
1.591643766e-05
1.591643766e-05
1.591643766e-05
1.591643766e-05
1.591643766e-05
1.591643766e-05
1.591643766e-05
1.591643766e-05
1.591643766e-05
1.591643766e-05
1.591643766e-05
1.591643766e-05
1.591643766e-05
1.591643766e-05
1.591643766e-05
1.591643766e-05
1.591643766e-05
1.591643766e-05
1.591643766e-05
1.591643766e-05
1.591643766e-05
1.591643766e-05
1.591643766e-05
1.591643766e-05
1.591643766e-05
1.591643766e-05
1.591643766e-05
1.591643766e-05
1.591643766e-05
1.591643766e-05
1.591643766e-05
1.591643766e-05
1.591643766e-05
1.591643766e-05
1.591643766e-05
1.591643766e-05
1.591643766e-05
1.591643766e-05
1.591643766e-05
1.591643766e-05
1.591643766e-05
1.591643766e-05
1.591643766e-05
1.591643766e-05
1.591643766e-05
1.591643766e-05
1.591643766e-05
1.591643766e-05
1.591643766e-05
0.08993839629
0.08979001153
0.08908376554
0.08505593141
0.0665556576
0.0002421100436
1.596403115e-05
1.591644425e-05
1.591643766e-05
1.591643766e-05
1.591643766e-05
1.591643766e-05
1.591643766e-05
1.591643766e-05
1.591643766e-05
1.591643766e-05
1.591643766e-05
1.591643766e-05
1.591643766e-05
1.591643766e-05
1.591643766e-05
1.591643766e-05
1.591643766e-05
1.591643766e-05
1.591643766e-05
1.591643766e-05
1.591643766e-05
1.591643766e-05
1.591643766e-05
1.591643766e-05
1.591643766e-05
1.591643766e-05
1.591643766e-05
1.591643766e-05
1.591643766e-05
1.591643766e-05
1.591643766e-05
1.591643766e-05
1.591643766e-05
1.591643766e-05
1.591643766e-05
1.591643766e-05
1.591643766e-05
1.591643766e-05
1.591643766e-05
1.591643766e-05
1.591643766e-05
1.591643766e-05
1.591643766e-05
1.591643766e-05
1.591643766e-05
1.591643766e-05
1.591643766e-05
1.591643766e-05
1.591643766e-05
1.591643766e-05
1.591643766e-05
1.591643766e-05
1.591643766e-05
1.591643766e-05
1.591643766e-05
1.591643766e-05
1.591643766e-05
1.591643766e-05
1.591643766e-05
1.591643766e-05
1.591643766e-05
1.591643766e-05
1.591643766e-05
1.591643766e-05
1.591643766e-05
1.591643766e-05
1.591643766e-05
1.591643766e-05
1.591643766e-05
1.591643766e-05
1.591643766e-05
1.591643766e-05
1.591643766e-05
1.591643766e-05
1.591643766e-05
1.591643766e-05
1.591643766e-05
1.591643766e-05
1.591643766e-05
1.591643766e-05
1.591643766e-05
1.591643766e-05
1.591643766e-05
1.591643766e-05
1.591643766e-05
1.591643766e-05
1.591643766e-05
1.591643766e-05
1.591643766e-05
1.591643766e-05
1.591643766e-05
1.591643766e-05
1.591643766e-05
1.591643766e-05
1.591643766e-05
1.591643766e-05
0.0898600162
0.08969491065
0.08902127827
0.08525058659
0.06824740622
0.0002611678064
1.596984489e-05
1.591644515e-05
1.591643766e-05
1.591643766e-05
1.591643766e-05
1.591643766e-05
1.591643766e-05
1.591643766e-05
1.591643766e-05
1.591643766e-05
1.591643766e-05
1.591643766e-05
1.591643766e-05
1.591643766e-05
1.591643766e-05
1.591643766e-05
1.591643766e-05
1.591643766e-05
1.591643766e-05
1.591643766e-05
1.591643766e-05
1.591643766e-05
1.591643766e-05
1.591643766e-05
1.591643766e-05
1.591643766e-05
1.591643766e-05
1.591643766e-05
1.591643766e-05
1.591643766e-05
1.591643766e-05
1.591643766e-05
1.591643766e-05
1.591643766e-05
1.591643766e-05
1.591643766e-05
1.591643766e-05
1.591643766e-05
1.591643766e-05
1.591643766e-05
1.591643766e-05
1.591643766e-05
1.591643766e-05
1.591643766e-05
1.591643766e-05
1.591643766e-05
1.591643766e-05
1.591643766e-05
1.591643766e-05
1.591643766e-05
1.591643766e-05
1.591643766e-05
1.591643766e-05
1.591643766e-05
1.591643766e-05
1.591643766e-05
1.591643766e-05
1.591643766e-05
1.591643766e-05
1.591643766e-05
1.591643766e-05
1.591643766e-05
1.591643766e-05
1.591643766e-05
1.591643766e-05
1.591643766e-05
1.591643766e-05
1.591643766e-05
1.591643766e-05
1.591643766e-05
1.591643766e-05
1.591643766e-05
1.591643766e-05
1.591643766e-05
1.591643766e-05
1.591643766e-05
1.591643766e-05
1.591643766e-05
1.591643766e-05
1.591643766e-05
1.591643766e-05
1.591643766e-05
1.591643766e-05
1.591643766e-05
1.591643766e-05
1.591643766e-05
1.591643766e-05
1.591643766e-05
1.591643766e-05
1.591643766e-05
1.591643766e-05
1.591643766e-05
1.591643766e-05
1.591643766e-05
1.591643766e-05
1.591643766e-05
0.08977455357
0.089592335
0.08894676152
0.08540954604
0.06967398654
0.0002782699989
1.597528994e-05
1.591644601e-05
1.591643766e-05
1.591643766e-05
1.591643766e-05
1.591643766e-05
1.591643766e-05
1.591643766e-05
1.591643766e-05
1.591643766e-05
1.591643766e-05
1.591643766e-05
1.591643766e-05
1.591643766e-05
1.591643766e-05
1.591643766e-05
1.591643766e-05
1.591643766e-05
1.591643766e-05
1.591643766e-05
1.591643766e-05
1.591643766e-05
1.591643766e-05
1.591643766e-05
1.591643766e-05
1.591643766e-05
1.591643766e-05
1.591643766e-05
1.591643766e-05
1.591643766e-05
1.591643766e-05
1.591643766e-05
1.591643766e-05
1.591643766e-05
1.591643766e-05
1.591643766e-05
1.591643766e-05
1.591643766e-05
1.591643766e-05
1.591643766e-05
1.591643766e-05
1.591643766e-05
1.591643766e-05
1.591643766e-05
1.591643766e-05
1.591643766e-05
1.591643766e-05
1.591643766e-05
1.591643766e-05
1.591643766e-05
1.591643766e-05
1.591643766e-05
1.591643766e-05
1.591643766e-05
1.591643766e-05
1.591643766e-05
1.591643766e-05
1.591643766e-05
1.591643766e-05
1.591643766e-05
1.591643766e-05
1.591643766e-05
1.591643766e-05
1.591643766e-05
1.591643766e-05
1.591643766e-05
1.591643766e-05
1.591643766e-05
1.591643766e-05
1.591643766e-05
1.591643766e-05
1.591643766e-05
1.591643766e-05
1.591643766e-05
1.591643766e-05
1.591643766e-05
1.591643766e-05
1.591643766e-05
1.591643766e-05
1.591643766e-05
1.591643766e-05
1.591643766e-05
1.591643766e-05
1.591643766e-05
1.591643766e-05
1.591643766e-05
1.591643766e-05
1.591643766e-05
1.591643766e-05
1.591643766e-05
1.591643766e-05
1.591643766e-05
1.591643766e-05
1.591643766e-05
1.591643766e-05
1.591643766e-05
0.08968274206
0.08948419018
0.08886385513
0.08554060348
0.07089883645
0.000293593145
1.598034795e-05
1.591644683e-05
1.591643766e-05
1.591643766e-05
1.591643766e-05
1.591643766e-05
1.591643766e-05
1.591643766e-05
1.591643766e-05
1.591643766e-05
1.591643766e-05
1.591643766e-05
1.591643766e-05
1.591643766e-05
1.591643766e-05
1.591643766e-05
1.591643766e-05
1.591643766e-05
1.591643766e-05
1.591643766e-05
1.591643766e-05
1.591643766e-05
1.591643766e-05
1.591643766e-05
1.591643766e-05
1.591643766e-05
1.591643766e-05
1.591643766e-05
1.591643766e-05
1.591643766e-05
1.591643766e-05
1.591643766e-05
1.591643766e-05
1.591643766e-05
1.591643766e-05
1.591643766e-05
1.591643766e-05
1.591643766e-05
1.591643766e-05
1.591643766e-05
1.591643766e-05
1.591643766e-05
1.591643766e-05
1.591643766e-05
1.591643766e-05
1.591643766e-05
1.591643766e-05
1.591643766e-05
1.591643766e-05
1.591643766e-05
1.591643766e-05
1.591643766e-05
1.591643766e-05
1.591643766e-05
1.591643766e-05
1.591643766e-05
1.591643766e-05
1.591643766e-05
1.591643766e-05
1.591643766e-05
1.591643766e-05
1.591643766e-05
1.591643766e-05
1.591643766e-05
1.591643766e-05
1.591643766e-05
1.591643766e-05
1.591643766e-05
1.591643766e-05
1.591643766e-05
1.591643766e-05
1.591643766e-05
1.591643766e-05
1.591643766e-05
1.591643766e-05
1.591643766e-05
1.591643766e-05
1.591643766e-05
1.591643766e-05
1.591643766e-05
1.591643766e-05
1.591643766e-05
1.591643766e-05
1.591643766e-05
1.591643766e-05
1.591643766e-05
1.591643766e-05
1.591643766e-05
1.591643766e-05
1.591643766e-05
1.591643766e-05
1.591643766e-05
1.591643766e-05
1.591643766e-05
1.591643766e-05
1.591643766e-05
0.0895852983
0.08937190468
0.08877500199
0.08564906413
0.07196577278
0.0003073363454
1.598502688e-05
1.59164476e-05
1.591643766e-05
1.591643766e-05
1.591643766e-05
1.591643766e-05
1.591643766e-05
1.591643766e-05
1.591643766e-05
1.591643766e-05
1.591643766e-05
1.591643766e-05
1.591643766e-05
1.591643766e-05
1.591643766e-05
1.591643766e-05
1.591643766e-05
1.591643766e-05
1.591643766e-05
1.591643766e-05
1.591643766e-05
1.591643766e-05
1.591643766e-05
1.591643766e-05
1.591643766e-05
1.591643766e-05
1.591643766e-05
1.591643766e-05
1.591643766e-05
1.591643766e-05
1.591643766e-05
1.591643766e-05
1.591643766e-05
1.591643766e-05
1.591643766e-05
1.591643766e-05
1.591643766e-05
1.591643766e-05
1.591643766e-05
1.591643766e-05
1.591643766e-05
1.591643766e-05
1.591643766e-05
1.591643766e-05
1.591643766e-05
1.591643766e-05
1.591643766e-05
1.591643766e-05
1.591643766e-05
1.591643766e-05
1.591643766e-05
1.591643766e-05
1.591643766e-05
1.591643766e-05
1.591643766e-05
1.591643766e-05
1.591643766e-05
1.591643766e-05
1.591643766e-05
1.591643766e-05
1.591643766e-05
1.591643766e-05
1.591643766e-05
1.591643766e-05
1.591643766e-05
1.591643766e-05
1.591643766e-05
1.591643766e-05
1.591643766e-05
1.591643766e-05
1.591643766e-05
1.591643766e-05
1.591643766e-05
1.591643766e-05
1.591643766e-05
1.591643766e-05
1.591643766e-05
1.591643766e-05
1.591643766e-05
1.591643766e-05
1.591643766e-05
1.591643766e-05
1.591643766e-05
1.591643766e-05
1.591643766e-05
1.591643766e-05
1.591643766e-05
1.591643766e-05
1.591643766e-05
1.591643766e-05
1.591643766e-05
1.591643766e-05
1.591643766e-05
1.591643766e-05
1.591643766e-05
1.591643766e-05
0.08948293794
0.08925656435
0.08868183744
0.08573857391
0.07290548019
0.0003196890378
1.598934718e-05
1.591644832e-05
1.591643766e-05
1.591643766e-05
1.591643766e-05
1.591643766e-05
1.591643766e-05
1.591643766e-05
1.591643766e-05
1.591643766e-05
1.591643766e-05
1.591643766e-05
1.591643766e-05
1.591643766e-05
1.591643766e-05
1.591643766e-05
1.591643766e-05
1.591643766e-05
1.591643766e-05
1.591643766e-05
1.591643766e-05
1.591643766e-05
1.591643766e-05
1.591643766e-05
1.591643766e-05
1.591643766e-05
1.591643766e-05
1.591643766e-05
1.591643766e-05
1.591643766e-05
1.591643766e-05
1.591643766e-05
1.591643766e-05
1.591643766e-05
1.591643766e-05
1.591643766e-05
1.591643766e-05
1.591643766e-05
1.591643766e-05
1.591643766e-05
1.591643766e-05
1.591643766e-05
1.591643766e-05
1.591643766e-05
1.591643766e-05
1.591643766e-05
1.591643766e-05
1.591643766e-05
1.591643766e-05
1.591643766e-05
1.591643766e-05
1.591643766e-05
1.591643766e-05
1.591643766e-05
1.591643766e-05
1.591643766e-05
1.591643766e-05
1.591643766e-05
1.591643766e-05
1.591643766e-05
1.591643766e-05
1.591643766e-05
1.591643766e-05
1.591643766e-05
1.591643766e-05
1.591643766e-05
1.591643766e-05
1.591643766e-05
1.591643766e-05
1.591643766e-05
1.591643766e-05
1.591643766e-05
1.591643766e-05
1.591643766e-05
1.591643766e-05
1.591643766e-05
1.591643766e-05
1.591643766e-05
1.591643766e-05
1.591643766e-05
1.591643766e-05
1.591643766e-05
1.591643766e-05
1.591643766e-05
1.591643766e-05
1.591643766e-05
1.591643766e-05
1.591643766e-05
1.591643766e-05
1.591643766e-05
1.591643766e-05
1.591643766e-05
1.591643766e-05
1.591643766e-05
1.591643766e-05
1.591643766e-05
0.08937623571
0.08913877577
0.08858498515
0.08581132814
0.07373928296
0.0003308145866
1.599333368e-05
1.591644901e-05
1.591643766e-05
1.591643766e-05
1.591643766e-05
1.591643766e-05
1.591643766e-05
1.591643766e-05
1.591643766e-05
1.591643766e-05
1.591643766e-05
1.591643766e-05
1.591643766e-05
1.591643766e-05
1.591643766e-05
1.591643766e-05
1.591643766e-05
1.591643766e-05
1.591643766e-05
1.591643766e-05
1.591643766e-05
1.591643766e-05
1.591643766e-05
1.591643766e-05
1.591643766e-05
1.591643766e-05
1.591643766e-05
1.591643766e-05
1.591643766e-05
1.591643766e-05
1.591643766e-05
1.591643766e-05
1.591643766e-05
1.591643766e-05
1.591643766e-05
1.591643766e-05
1.591643766e-05
1.591643766e-05
1.591643766e-05
1.591643766e-05
1.591643766e-05
1.591643766e-05
1.591643766e-05
1.591643766e-05
1.591643766e-05
1.591643766e-05
1.591643766e-05
1.591643766e-05
1.591643766e-05
1.591643766e-05
1.591643766e-05
1.591643766e-05
1.591643766e-05
1.591643766e-05
1.591643766e-05
1.591643766e-05
1.591643766e-05
1.591643766e-05
1.591643766e-05
1.591643766e-05
1.591643766e-05
1.591643766e-05
1.591643766e-05
1.591643766e-05
1.591643766e-05
1.591643766e-05
1.591643766e-05
1.591643766e-05
1.591643766e-05
1.591643766e-05
1.591643766e-05
1.591643766e-05
1.591643766e-05
1.591643766e-05
1.591643766e-05
1.591643766e-05
1.591643766e-05
1.591643766e-05
1.591643766e-05
1.591643766e-05
1.591643766e-05
1.591643766e-05
1.591643766e-05
1.591643766e-05
1.591643766e-05
1.591643766e-05
1.591643766e-05
1.591643766e-05
1.591643766e-05
1.591643766e-05
1.591643766e-05
1.591643766e-05
1.591643766e-05
1.591643766e-05
1.591643766e-05
1.591643766e-05
0.08926613324
0.08901960276
0.08848596714
0.08586963942
0.07448370301
0.0003408565527
1.59970128e-05
1.591644965e-05
1.591643766e-05
1.591643766e-05
1.591643766e-05
1.591643766e-05
1.591643766e-05
1.591643766e-05
1.591643766e-05
1.591643766e-05
1.591643766e-05
1.591643766e-05
1.591643766e-05
1.591643766e-05
1.591643766e-05
1.591643766e-05
1.591643766e-05
1.591643766e-05
1.591643766e-05
1.591643766e-05
1.591643766e-05
1.591643766e-05
1.591643766e-05
1.591643766e-05
1.591643766e-05
1.591643766e-05
1.591643766e-05
1.591643766e-05
1.591643766e-05
1.591643766e-05
1.591643766e-05
1.591643766e-05
1.591643766e-05
1.591643766e-05
1.591643766e-05
1.591643766e-05
1.591643766e-05
1.591643766e-05
1.591643766e-05
1.591643766e-05
1.591643766e-05
1.591643766e-05
1.591643766e-05
1.591643766e-05
1.591643766e-05
1.591643766e-05
1.591643766e-05
1.591643766e-05
1.591643766e-05
1.591643766e-05
1.591643766e-05
1.591643766e-05
1.591643766e-05
1.591643766e-05
1.591643766e-05
1.591643766e-05
1.591643766e-05
1.591643766e-05
1.591643766e-05
1.591643766e-05
1.591643766e-05
1.591643766e-05
1.591643766e-05
1.591643766e-05
1.591643766e-05
1.591643766e-05
1.591643766e-05
1.591643766e-05
1.591643766e-05
1.591643766e-05
1.591643766e-05
1.591643766e-05
1.591643766e-05
1.591643766e-05
1.591643766e-05
1.591643766e-05
1.591643766e-05
1.591643766e-05
1.591643766e-05
1.591643766e-05
1.591643766e-05
1.591643766e-05
1.591643766e-05
1.591643766e-05
1.591643766e-05
1.591643766e-05
1.591643766e-05
1.591643766e-05
1.591643766e-05
1.591643766e-05
1.591643766e-05
1.591643766e-05
1.591643766e-05
1.591643766e-05
1.591643766e-05
1.591643766e-05
0.08915318544
0.08889946997
0.08838517332
0.08591487973
0.07515082055
0.0003499351108
1.600044974e-05
1.591645124e-05
1.591643766e-05
1.591643766e-05
1.591643766e-05
1.591643766e-05
1.591643766e-05
1.591643766e-05
1.591643766e-05
1.591643766e-05
1.591643766e-05
1.591643766e-05
1.591643766e-05
1.591643766e-05
1.591643766e-05
1.591643766e-05
1.591643766e-05
1.591643766e-05
1.591643766e-05
1.591643766e-05
1.591643766e-05
1.591643766e-05
1.591643766e-05
1.591643766e-05
1.591643766e-05
1.591643766e-05
1.591643766e-05
1.591643766e-05
1.591643766e-05
1.591643766e-05
1.591643766e-05
1.591643766e-05
1.591643766e-05
1.591643766e-05
1.591643766e-05
1.591643766e-05
1.591643766e-05
1.591643766e-05
1.591643766e-05
1.591643766e-05
1.591643766e-05
1.591643766e-05
1.591643766e-05
1.591643766e-05
1.591643766e-05
1.591643766e-05
1.591643766e-05
1.591643766e-05
1.591643766e-05
1.591643766e-05
1.591643766e-05
1.591643766e-05
1.591643766e-05
1.591643766e-05
1.591643766e-05
1.591643766e-05
1.591643766e-05
1.591643766e-05
1.591643766e-05
1.591643766e-05
1.591643766e-05
1.591643766e-05
1.591643766e-05
1.591643766e-05
1.591643766e-05
1.591643766e-05
1.591643766e-05
1.591643766e-05
1.591643766e-05
1.591643766e-05
1.591643766e-05
1.591643766e-05
1.591643766e-05
1.591643766e-05
1.591643766e-05
1.591643766e-05
1.591643766e-05
1.591643766e-05
1.591643766e-05
1.591643766e-05
1.591643766e-05
1.591643766e-05
1.591643766e-05
1.591643766e-05
1.591643766e-05
1.591643766e-05
1.591643766e-05
1.591643766e-05
1.591643766e-05
1.591643766e-05
1.591643766e-05
1.591643766e-05
1.591643766e-05
1.591643766e-05
1.591643766e-05
1.591643766e-05
0.08903745169
0.08877817557
0.08828245334
0.08594762569
0.07574897211
0.0003595030495
1.611807179e-05
1.591647184e-05
1.591643766e-05
1.591643766e-05
1.591643766e-05
1.591643766e-05
1.591643766e-05
1.591643766e-05
1.591643766e-05
1.591643766e-05
1.591643766e-05
1.591643766e-05
1.591643766e-05
1.591643766e-05
1.591643766e-05
1.591643766e-05
1.591643766e-05
1.591643766e-05
1.591643766e-05
1.591643766e-05
1.591643766e-05
1.591643766e-05
1.591643766e-05
1.591643766e-05
1.591643766e-05
1.591643766e-05
1.591643766e-05
1.591643766e-05
1.591643766e-05
1.591643766e-05
1.591643766e-05
1.591643766e-05
1.591643766e-05
1.591643766e-05
1.591643766e-05
1.591643766e-05
1.591643766e-05
1.591643766e-05
1.591643766e-05
1.591643766e-05
1.591643766e-05
1.591643766e-05
1.591643766e-05
1.591643766e-05
1.591643766e-05
1.591643766e-05
1.591643766e-05
1.591643766e-05
1.591643766e-05
1.591643766e-05
1.591643766e-05
1.591643766e-05
1.591643766e-05
1.591643766e-05
1.591643766e-05
1.591643766e-05
1.591643766e-05
1.591643766e-05
1.591643766e-05
1.591643766e-05
1.591643766e-05
1.591643766e-05
1.591643766e-05
1.591643766e-05
1.591643766e-05
1.591643766e-05
1.591643766e-05
1.591643766e-05
1.591643766e-05
1.591643766e-05
1.591643766e-05
1.591643766e-05
1.591643766e-05
1.591643766e-05
1.591643766e-05
1.591643766e-05
1.591643766e-05
1.591643766e-05
1.591643766e-05
1.591643766e-05
1.591643766e-05
1.591643766e-05
1.591643766e-05
1.591643766e-05
1.591643766e-05
1.591643766e-05
1.591643766e-05
1.591643766e-05
1.591643766e-05
1.591643766e-05
1.591643766e-05
1.591643766e-05
1.591643766e-05
1.591643766e-05
1.591643766e-05
1.591643766e-05
0.08891725122
0.08865514572
0.08818278143
0.08598724025
0.07630512103
0.003248140624
1.750855541e-05
1.591665046e-05
1.591643769e-05
1.591643766e-05
1.591643766e-05
1.591643766e-05
1.591643766e-05
1.591643766e-05
1.591643766e-05
1.591643766e-05
1.591643766e-05
1.591643766e-05
1.591643766e-05
1.591643766e-05
1.591643766e-05
1.591643766e-05
1.591643766e-05
1.591643766e-05
1.591643766e-05
1.591643766e-05
1.591643766e-05
1.591643766e-05
1.591643766e-05
1.591643766e-05
1.591643766e-05
1.591643766e-05
1.591643766e-05
1.591643766e-05
1.591643766e-05
1.591643766e-05
1.591643766e-05
1.591643766e-05
1.591643766e-05
1.591643766e-05
1.591643766e-05
1.591643766e-05
1.591643766e-05
1.591643766e-05
1.591643766e-05
1.591643766e-05
1.591643766e-05
1.591643766e-05
1.591643766e-05
1.591643766e-05
1.591643766e-05
1.591643766e-05
1.591643766e-05
1.591643766e-05
1.591643766e-05
1.591643766e-05
1.591643766e-05
1.591643766e-05
1.591643766e-05
1.591643766e-05
1.591643766e-05
1.591643766e-05
1.591643766e-05
1.591643766e-05
1.591643766e-05
1.591643766e-05
1.591643766e-05
1.591643766e-05
1.591643766e-05
1.591643766e-05
1.591643766e-05
1.591643766e-05
1.591643766e-05
1.591643766e-05
1.591643766e-05
1.591643766e-05
1.591643766e-05
1.591643766e-05
1.591643766e-05
1.591643766e-05
1.591643766e-05
1.591643766e-05
1.591643766e-05
1.591643766e-05
1.591643766e-05
1.591643766e-05
1.591643766e-05
1.591643766e-05
1.591643766e-05
1.591643766e-05
1.591643766e-05
1.591643766e-05
1.591643766e-05
1.591643766e-05
1.591643766e-05
1.591643766e-05
1.591643766e-05
1.591643766e-05
1.591643766e-05
1.591643766e-05
1.591643766e-05
1.591643766e-05
0.08879957516
0.08854160634
0.08810168153
0.08605021599
0.07684186028
0.008135961687
2.131507984e-05
1.591711822e-05
1.591643774e-05
1.591643766e-05
1.591643766e-05
1.591643766e-05
1.591643766e-05
1.591643766e-05
1.591643766e-05
1.591643766e-05
1.591643766e-05
1.591643766e-05
1.591643766e-05
1.591643766e-05
1.591643766e-05
1.591643766e-05
1.591643766e-05
1.591643766e-05
1.591643766e-05
1.591643766e-05
1.591643766e-05
1.591643766e-05
1.591643766e-05
1.591643766e-05
1.591643766e-05
1.591643766e-05
1.591643766e-05
1.591643766e-05
1.591643766e-05
1.591643766e-05
1.591643766e-05
1.591643766e-05
1.591643766e-05
1.591643766e-05
1.591643766e-05
1.591643766e-05
1.591643766e-05
1.591643766e-05
1.591643766e-05
1.591643766e-05
1.591643766e-05
1.591643766e-05
1.591643766e-05
1.591643766e-05
1.591643766e-05
1.591643766e-05
1.591643766e-05
1.591643766e-05
1.591643766e-05
1.591643766e-05
1.591643766e-05
1.591643766e-05
1.591643766e-05
1.591643766e-05
1.591643766e-05
1.591643766e-05
1.591643766e-05
1.591643766e-05
1.591643766e-05
1.591643766e-05
1.591643766e-05
1.591643766e-05
1.591643766e-05
1.591643766e-05
1.591643766e-05
1.591643766e-05
1.591643766e-05
1.591643766e-05
1.591643766e-05
1.591643766e-05
1.591643766e-05
1.591643766e-05
1.591643766e-05
1.591643766e-05
1.591643766e-05
1.591643766e-05
1.591643766e-05
1.591643766e-05
1.591643766e-05
1.591643766e-05
1.591643766e-05
1.591643766e-05
1.591643766e-05
1.591643766e-05
1.591643766e-05
1.591643766e-05
1.591643766e-05
1.591643766e-05
1.591643766e-05
1.591643766e-05
1.591643766e-05
1.591643766e-05
1.591643766e-05
1.591643766e-05
1.591643766e-05
1.591643766e-05
0.08869048964
0.08844373522
0.0880421958
0.08612862457
0.07735249116
0.01345687693
2.7472698e-05
1.591790891e-05
1.591643785e-05
1.591643766e-05
1.591643766e-05
1.591643766e-05
1.591643766e-05
1.591643766e-05
1.591643766e-05
1.591643766e-05
1.591643766e-05
1.591643766e-05
1.591643766e-05
1.591643766e-05
1.591643766e-05
1.591643766e-05
1.591643766e-05
1.591643766e-05
1.591643766e-05
1.591643766e-05
1.591643766e-05
1.591643766e-05
1.591643766e-05
1.591643766e-05
1.591643766e-05
1.591643766e-05
1.591643766e-05
1.591643766e-05
1.591643766e-05
1.591643766e-05
1.591643766e-05
1.591643766e-05
1.591643766e-05
1.591643766e-05
1.591643766e-05
1.591643766e-05
1.591643766e-05
1.591643766e-05
1.591643766e-05
1.591643766e-05
1.591643766e-05
1.591643766e-05
1.591643766e-05
1.591643766e-05
1.591643766e-05
1.591643766e-05
1.591643766e-05
1.591643766e-05
1.591643766e-05
1.591643766e-05
1.591643766e-05
1.591643766e-05
1.591643766e-05
1.591643766e-05
1.591643766e-05
1.591643766e-05
1.591643766e-05
1.591643766e-05
1.591643766e-05
1.591643766e-05
1.591643766e-05
1.591643766e-05
1.591643766e-05
1.591643766e-05
1.591643766e-05
1.591643766e-05
1.591643766e-05
1.591643766e-05
1.591643766e-05
1.591643766e-05
1.591643766e-05
1.591643766e-05
1.591643766e-05
1.591643766e-05
1.591643766e-05
1.591643766e-05
1.591643766e-05
1.591643766e-05
1.591643766e-05
1.591643766e-05
1.591643766e-05
1.591643766e-05
1.591643766e-05
1.591643766e-05
1.591643766e-05
1.591643766e-05
1.591643766e-05
1.591643766e-05
1.591643766e-05
1.591643766e-05
1.591643766e-05
1.591643766e-05
1.591643766e-05
1.591643766e-05
1.591643766e-05
1.591643766e-05
0.08859227644
0.08836064208
0.08799722936
0.08620765587
0.07782448985
0.01853745703
3.534333671e-05
1.591899894e-05
1.5916438e-05
1.591643766e-05
1.591643766e-05
1.591643766e-05
1.591643766e-05
1.591643766e-05
1.591643766e-05
1.591643766e-05
1.591643766e-05
1.591643766e-05
1.591643766e-05
1.591643766e-05
1.591643766e-05
1.591643766e-05
1.591643766e-05
1.591643766e-05
1.591643766e-05
1.591643766e-05
1.591643766e-05
1.591643766e-05
1.591643766e-05
1.591643766e-05
1.591643766e-05
1.591643766e-05
1.591643766e-05
1.591643766e-05
1.591643766e-05
1.591643766e-05
1.591643766e-05
1.591643766e-05
1.591643766e-05
1.591643766e-05
1.591643766e-05
1.591643766e-05
1.591643766e-05
1.591643766e-05
1.591643766e-05
1.591643766e-05
1.591643766e-05
1.591643766e-05
1.591643766e-05
1.591643766e-05
1.591643766e-05
1.591643766e-05
1.591643766e-05
1.591643766e-05
1.591643766e-05
1.591643766e-05
1.591643766e-05
1.591643766e-05
1.591643766e-05
1.591643766e-05
1.591643766e-05
1.591643766e-05
1.591643766e-05
1.591643766e-05
1.591643766e-05
1.591643766e-05
1.591643766e-05
1.591643766e-05
1.591643766e-05
1.591643766e-05
1.591643766e-05
1.591643766e-05
1.591643766e-05
1.591643766e-05
1.591643766e-05
1.591643766e-05
1.591643766e-05
1.591643766e-05
1.591643766e-05
1.591643766e-05
1.591643766e-05
1.591643766e-05
1.591643766e-05
1.591643766e-05
1.591643766e-05
1.591643766e-05
1.591643766e-05
1.591643766e-05
1.591643766e-05
1.591643766e-05
1.591643766e-05
1.591643766e-05
1.591643766e-05
1.591643766e-05
1.591643766e-05
1.591643766e-05
1.591643766e-05
1.591643766e-05
1.591643766e-05
1.591643766e-05
1.591643766e-05
1.591643766e-05
0.08850270232
0.08828755842
0.08795816096
0.08627659788
0.07825115167
0.023163458
4.422385428e-05
1.592033372e-05
1.591643819e-05
1.591643766e-05
1.591643766e-05
1.591643766e-05
1.591643766e-05
1.591643766e-05
1.591643766e-05
1.591643766e-05
1.591643766e-05
1.591643766e-05
1.591643766e-05
1.591643766e-05
1.591643766e-05
1.591643766e-05
1.591643766e-05
1.591643766e-05
1.591643766e-05
1.591643766e-05
1.591643766e-05
1.591643766e-05
1.591643766e-05
1.591643766e-05
1.591643766e-05
1.591643766e-05
1.591643766e-05
1.591643766e-05
1.591643766e-05
1.591643766e-05
1.591643766e-05
1.591643766e-05
1.591643766e-05
1.591643766e-05
1.591643766e-05
1.591643766e-05
1.591643766e-05
1.591643766e-05
1.591643766e-05
1.591643766e-05
1.591643766e-05
1.591643766e-05
1.591643766e-05
1.591643766e-05
1.591643766e-05
1.591643766e-05
1.591643766e-05
1.591643766e-05
1.591643766e-05
1.591643766e-05
1.591643766e-05
1.591643766e-05
1.591643766e-05
1.591643766e-05
1.591643766e-05
1.591643766e-05
1.591643766e-05
1.591643766e-05
1.591643766e-05
1.591643766e-05
1.591643766e-05
1.591643766e-05
1.591643766e-05
1.591643766e-05
1.591643766e-05
1.591643766e-05
1.591643766e-05
1.591643766e-05
1.591643766e-05
1.591643766e-05
1.591643766e-05
1.591643766e-05
1.591643766e-05
1.591643766e-05
1.591643766e-05
1.591643766e-05
1.591643766e-05
1.591643766e-05
1.591643766e-05
1.591643766e-05
1.591643766e-05
1.591643766e-05
1.591643766e-05
1.591643766e-05
1.591643766e-05
1.591643766e-05
1.591643766e-05
1.591643766e-05
1.591643766e-05
1.591643766e-05
1.591643766e-05
1.591643766e-05
1.591643766e-05
1.591643766e-05
1.591643766e-05
1.591643766e-05
0.08842023878
0.08822059401
0.08791904078
0.08632996039
0.07863023015
0.02729161567
5.355018421e-05
1.592184792e-05
1.591643842e-05
1.591643766e-05
1.591643766e-05
1.591643766e-05
1.591643766e-05
1.591643766e-05
1.591643766e-05
1.591643766e-05
1.591643766e-05
1.591643766e-05
1.591643766e-05
1.591643766e-05
1.591643766e-05
1.591643766e-05
1.591643766e-05
1.591643766e-05
1.591643766e-05
1.591643766e-05
1.591643766e-05
1.591643766e-05
1.591643766e-05
1.591643766e-05
1.591643766e-05
1.591643766e-05
1.591643766e-05
1.591643766e-05
1.591643766e-05
1.591643766e-05
1.591643766e-05
1.591643766e-05
1.591643766e-05
1.591643766e-05
1.591643766e-05
1.591643766e-05
1.591643766e-05
1.591643766e-05
1.591643766e-05
1.591643766e-05
1.591643766e-05
1.591643766e-05
1.591643766e-05
1.591643766e-05
1.591643766e-05
1.591643766e-05
1.591643766e-05
1.591643766e-05
1.591643766e-05
1.591643766e-05
1.591643766e-05
1.591643766e-05
1.591643766e-05
1.591643766e-05
1.591643766e-05
1.591643766e-05
1.591643766e-05
1.591643766e-05
1.591643766e-05
1.591643766e-05
1.591643766e-05
1.591643766e-05
1.591643766e-05
1.591643766e-05
1.591643766e-05
1.591643766e-05
1.591643766e-05
1.591643766e-05
1.591643766e-05
1.591643766e-05
1.591643766e-05
1.591643766e-05
1.591643766e-05
1.591643766e-05
1.591643766e-05
1.591643766e-05
1.591643766e-05
1.591643766e-05
1.591643766e-05
1.591643766e-05
1.591643766e-05
1.591643766e-05
1.591643766e-05
1.591643766e-05
1.591643766e-05
1.591643766e-05
1.591643766e-05
1.591643766e-05
1.591643766e-05
1.591643766e-05
1.591643766e-05
1.591643766e-05
1.591643766e-05
1.591643766e-05
1.591643766e-05
1.591643766e-05
0.08834192969
0.08815565206
0.08787546707
0.08636497792
0.07896120789
0.03093537743
6.291499482e-05
1.592347729e-05
1.591643868e-05
1.591643766e-05
1.591643766e-05
1.591643766e-05
1.591643766e-05
1.591643766e-05
1.591643766e-05
1.591643766e-05
1.591643766e-05
1.591643766e-05
1.591643766e-05
1.591643766e-05
1.591643766e-05
1.591643766e-05
1.591643766e-05
1.591643766e-05
1.591643766e-05
1.591643766e-05
1.591643766e-05
1.591643766e-05
1.591643766e-05
1.591643766e-05
1.591643766e-05
1.591643766e-05
1.591643766e-05
1.591643766e-05
1.591643766e-05
1.591643766e-05
1.591643766e-05
1.591643766e-05
1.591643766e-05
1.591643766e-05
1.591643766e-05
1.591643766e-05
1.591643766e-05
1.591643766e-05
1.591643766e-05
1.591643766e-05
1.591643766e-05
1.591643766e-05
1.591643766e-05
1.591643766e-05
1.591643766e-05
1.591643766e-05
1.591643766e-05
1.591643766e-05
1.591643766e-05
1.591643766e-05
1.591643766e-05
1.591643766e-05
1.591643766e-05
1.591643766e-05
1.591643766e-05
1.591643766e-05
1.591643766e-05
1.591643766e-05
1.591643766e-05
1.591643766e-05
1.591643766e-05
1.591643766e-05
1.591643766e-05
1.591643766e-05
1.591643766e-05
1.591643766e-05
1.591643766e-05
1.591643766e-05
1.591643766e-05
1.591643766e-05
1.591643766e-05
1.591643766e-05
1.591643766e-05
1.591643766e-05
1.591643766e-05
1.591643766e-05
1.591643766e-05
1.591643766e-05
1.591643766e-05
1.591643766e-05
1.591643766e-05
1.591643766e-05
1.591643766e-05
1.591643766e-05
1.591643766e-05
1.591643766e-05
1.591643766e-05
1.591643766e-05
1.591643766e-05
1.591643766e-05
1.591643766e-05
1.591643766e-05
1.591643766e-05
1.591643766e-05
1.591643766e-05
1.591643766e-05
0.08826610708
0.08809018202
0.08782512212
0.08638099791
0.07924497786
0.03412718384
7.203914748e-05
1.592516466e-05
1.591643895e-05
1.591643766e-05
1.591643766e-05
1.591643766e-05
1.591643766e-05
1.591643766e-05
1.591643766e-05
1.591643766e-05
1.591643766e-05
1.591643766e-05
1.591643766e-05
1.591643766e-05
1.591643766e-05
1.591643766e-05
1.591643766e-05
1.591643766e-05
1.591643766e-05
1.591643766e-05
1.591643766e-05
1.591643766e-05
1.591643766e-05
1.591643766e-05
1.591643766e-05
1.591643766e-05
1.591643766e-05
1.591643766e-05
1.591643766e-05
1.591643766e-05
1.591643766e-05
1.591643766e-05
1.591643766e-05
1.591643766e-05
1.591643766e-05
1.591643766e-05
1.591643766e-05
1.591643766e-05
1.591643766e-05
1.591643766e-05
1.591643766e-05
1.591643766e-05
1.591643766e-05
1.591643766e-05
1.591643766e-05
1.591643766e-05
1.591643766e-05
1.591643766e-05
1.591643766e-05
1.591643766e-05
1.591643766e-05
1.591643766e-05
1.591643766e-05
1.591643766e-05
1.591643766e-05
1.591643766e-05
1.591643766e-05
1.591643766e-05
1.591643766e-05
1.591643766e-05
1.591643766e-05
1.591643766e-05
1.591643766e-05
1.591643766e-05
1.591643766e-05
1.591643766e-05
1.591643766e-05
1.591643766e-05
1.591643766e-05
1.591643766e-05
1.591643766e-05
1.591643766e-05
1.591643766e-05
1.591643766e-05
1.591643766e-05
1.591643766e-05
1.591643766e-05
1.591643766e-05
1.591643766e-05
1.591643766e-05
1.591643766e-05
1.591643766e-05
1.591643766e-05
1.591643766e-05
1.591643766e-05
1.591643766e-05
1.591643766e-05
1.591643766e-05
1.591643766e-05
1.591643766e-05
1.591643766e-05
1.591643766e-05
1.591643766e-05
1.591643766e-05
1.591643766e-05
1.591643766e-05
0.08819043898
0.08802178238
0.08776645219
0.08637813436
0.0794828605
0.03690282222
8.073429941e-05
1.592686147e-05
1.591643923e-05
1.591643766e-05
1.591643766e-05
1.591643766e-05
1.591643766e-05
1.591643766e-05
1.591643766e-05
1.591643766e-05
1.591643766e-05
1.591643766e-05
1.591643766e-05
1.591643766e-05
1.591643766e-05
1.591643766e-05
1.591643766e-05
1.591643766e-05
1.591643766e-05
1.591643766e-05
1.591643766e-05
1.591643766e-05
1.591643766e-05
1.591643766e-05
1.591643766e-05
1.591643766e-05
1.591643766e-05
1.591643766e-05
1.591643766e-05
1.591643766e-05
1.591643766e-05
1.591643766e-05
1.591643766e-05
1.591643766e-05
1.591643766e-05
1.591643766e-05
1.591643766e-05
1.591643766e-05
1.591643766e-05
1.591643766e-05
1.591643766e-05
1.591643766e-05
1.591643766e-05
1.591643766e-05
1.591643766e-05
1.591643766e-05
1.591643766e-05
1.591643766e-05
1.591643766e-05
1.591643766e-05
1.591643766e-05
1.591643766e-05
1.591643766e-05
1.591643766e-05
1.591643766e-05
1.591643766e-05
1.591643766e-05
1.591643766e-05
1.591643766e-05
1.591643766e-05
1.591643766e-05
1.591643766e-05
1.591643766e-05
1.591643766e-05
1.591643766e-05
1.591643766e-05
1.591643766e-05
1.591643766e-05
1.591643766e-05
1.591643766e-05
1.591643766e-05
1.591643766e-05
1.591643766e-05
1.591643766e-05
1.591643766e-05
1.591643766e-05
1.591643766e-05
1.591643766e-05
1.591643766e-05
1.591643766e-05
1.591643766e-05
1.591643766e-05
1.591643766e-05
1.591643766e-05
1.591643766e-05
1.591643766e-05
1.591643766e-05
1.591643766e-05
1.591643766e-05
1.591643766e-05
1.591643766e-05
1.591643766e-05
1.591643766e-05
1.591643766e-05
1.591643766e-05
1.591643766e-05
0.08811365883
0.0879491648
0.08769896432
0.08635723644
0.0796767234
0.03929728939
8.887367159e-05
1.592852763e-05
1.591643951e-05
1.591643766e-05
1.591643766e-05
1.591643766e-05
1.591643766e-05
1.591643766e-05
1.591643766e-05
1.591643766e-05
1.591643766e-05
1.591643766e-05
1.591643766e-05
1.591643766e-05
1.591643766e-05
1.591643766e-05
1.591643766e-05
1.591643766e-05
1.591643766e-05
1.591643766e-05
1.591643766e-05
1.591643766e-05
1.591643766e-05
1.591643766e-05
1.591643766e-05
1.591643766e-05
1.591643766e-05
1.591643766e-05
1.591643766e-05
1.591643766e-05
1.591643766e-05
1.591643766e-05
1.591643766e-05
1.591643766e-05
1.591643766e-05
1.591643766e-05
1.591643766e-05
1.591643766e-05
1.591643766e-05
1.591643766e-05
1.591643766e-05
1.591643766e-05
1.591643766e-05
1.591643766e-05
1.591643766e-05
1.591643766e-05
1.591643766e-05
1.591643766e-05
1.591643766e-05
1.591643766e-05
1.591643766e-05
1.591643766e-05
1.591643766e-05
1.591643766e-05
1.591643766e-05
1.591643766e-05
1.591643766e-05
1.591643766e-05
1.591643766e-05
1.591643766e-05
1.591643766e-05
1.591643766e-05
1.591643766e-05
1.591643766e-05
1.591643766e-05
1.591643766e-05
1.591643766e-05
1.591643766e-05
1.591643766e-05
1.591643766e-05
1.591643766e-05
1.591643766e-05
1.591643766e-05
1.591643766e-05
1.591643766e-05
1.591643766e-05
1.591643766e-05
1.591643766e-05
1.591643766e-05
1.591643766e-05
1.591643766e-05
1.591643766e-05
1.591643766e-05
1.591643766e-05
1.591643766e-05
1.591643766e-05
1.591643766e-05
1.591643766e-05
1.591643766e-05
1.591643766e-05
1.591643766e-05
1.591643766e-05
1.591643766e-05
1.591643766e-05
1.591643766e-05
1.591643766e-05
0.08803425818
0.08787120391
0.08762246073
0.08631930338
0.07982854491
0.04134246878
9.636819526e-05
1.593012939e-05
1.591643978e-05
1.591643766e-05
1.591643766e-05
1.591643766e-05
1.591643766e-05
1.591643766e-05
1.591643766e-05
1.591643766e-05
1.591643766e-05
1.591643766e-05
1.591643766e-05
1.591643766e-05
1.591643766e-05
1.591643766e-05
1.591643766e-05
1.591643766e-05
1.591643766e-05
1.591643766e-05
1.591643766e-05
1.591643766e-05
1.591643766e-05
1.591643766e-05
1.591643766e-05
1.591643766e-05
1.591643766e-05
1.591643766e-05
1.591643766e-05
1.591643766e-05
1.591643766e-05
1.591643766e-05
1.591643766e-05
1.591643766e-05
1.591643766e-05
1.591643766e-05
1.591643766e-05
1.591643766e-05
1.591643766e-05
1.591643766e-05
1.591643766e-05
1.591643766e-05
1.591643766e-05
1.591643766e-05
1.591643766e-05
1.591643766e-05
1.591643766e-05
1.591643766e-05
1.591643766e-05
1.591643766e-05
1.591643766e-05
1.591643766e-05
1.591643766e-05
1.591643766e-05
1.591643766e-05
1.591643766e-05
1.591643766e-05
1.591643766e-05
1.591643766e-05
1.591643766e-05
1.591643766e-05
1.591643766e-05
1.591643766e-05
1.591643766e-05
1.591643766e-05
1.591643766e-05
1.591643766e-05
1.591643766e-05
1.591643766e-05
1.591643766e-05
1.591643766e-05
1.591643766e-05
1.591643766e-05
1.591643766e-05
1.591643766e-05
1.591643766e-05
1.591643766e-05
1.591643766e-05
1.591643766e-05
1.591643766e-05
1.591643766e-05
1.591643766e-05
1.591643766e-05
1.591643766e-05
1.591643766e-05
1.591643766e-05
1.591643766e-05
1.591643766e-05
1.591643766e-05
1.591643766e-05
1.591643766e-05
1.591643766e-05
1.591643766e-05
1.591643766e-05
1.591643766e-05
1.591643766e-05
0.08795154397
0.0877874992
0.08753726726
0.0862655884
0.07994052072
0.04306727557
0.0001031515772
1.593163819e-05
1.591644005e-05
1.591643766e-05
1.591643766e-05
1.591643766e-05
1.591643766e-05
1.591643766e-05
1.591643766e-05
1.591643766e-05
1.591643766e-05
1.591643766e-05
1.591643766e-05
1.591643766e-05
1.591643766e-05
1.591643766e-05
1.591643766e-05
1.591643766e-05
1.591643766e-05
1.591643766e-05
1.591643766e-05
1.591643766e-05
1.591643766e-05
1.591643766e-05
1.591643766e-05
1.591643766e-05
1.591643766e-05
1.591643766e-05
1.591643766e-05
1.591643766e-05
1.591643766e-05
1.591643766e-05
1.591643766e-05
1.591643766e-05
1.591643766e-05
1.591643766e-05
1.591643766e-05
1.591643766e-05
1.591643766e-05
1.591643766e-05
1.591643766e-05
1.591643766e-05
1.591643766e-05
1.591643766e-05
1.591643766e-05
1.591643766e-05
1.591643766e-05
1.591643766e-05
1.591643766e-05
1.591643766e-05
1.591643766e-05
1.591643766e-05
1.591643766e-05
1.591643766e-05
1.591643766e-05
1.591643766e-05
1.591643766e-05
1.591643766e-05
1.591643766e-05
1.591643766e-05
1.591643766e-05
1.591643766e-05
1.591643766e-05
1.591643766e-05
1.591643766e-05
1.591643766e-05
1.591643766e-05
1.591643766e-05
1.591643766e-05
1.591643766e-05
1.591643766e-05
1.591643766e-05
1.591643766e-05
1.591643766e-05
1.591643766e-05
1.591643766e-05
1.591643766e-05
1.591643766e-05
1.591643766e-05
1.591643766e-05
1.591643766e-05
1.591643766e-05
1.591643766e-05
1.591643766e-05
1.591643766e-05
1.591643766e-05
1.591643766e-05
1.591643766e-05
1.591643766e-05
1.591643766e-05
1.591643766e-05
1.591643766e-05
1.591643766e-05
1.591643766e-05
1.591643766e-05
1.591643766e-05
0.08786473686
0.08769773928
0.08744378545
0.08619730061
0.08001479753
0.04449731221
0.0001091703363
1.593302887e-05
1.59164403e-05
1.591643766e-05
1.591643766e-05
1.591643766e-05
1.591643766e-05
1.591643766e-05
1.591643766e-05
1.591643766e-05
1.591643766e-05
1.591643766e-05
1.591643766e-05
1.591643766e-05
1.591643766e-05
1.591643766e-05
1.591643766e-05
1.591643766e-05
1.591643766e-05
1.591643766e-05
1.591643766e-05
1.591643766e-05
1.591643766e-05
1.591643766e-05
1.591643766e-05
1.591643766e-05
1.591643766e-05
1.591643766e-05
1.591643766e-05
1.591643766e-05
1.591643766e-05
1.591643766e-05
1.591643766e-05
1.591643766e-05
1.591643766e-05
1.591643766e-05
1.591643766e-05
1.591643766e-05
1.591643766e-05
1.591643766e-05
1.591643766e-05
1.591643766e-05
1.591643766e-05
1.591643766e-05
1.591643766e-05
1.591643766e-05
1.591643766e-05
1.591643766e-05
1.591643766e-05
1.591643766e-05
1.591643766e-05
1.591643766e-05
1.591643766e-05
1.591643766e-05
1.591643766e-05
1.591643766e-05
1.591643766e-05
1.591643766e-05
1.591643766e-05
1.591643766e-05
1.591643766e-05
1.591643766e-05
1.591643766e-05
1.591643766e-05
1.591643766e-05
1.591643766e-05
1.591643766e-05
1.591643766e-05
1.591643766e-05
1.591643766e-05
1.591643766e-05
1.591643766e-05
1.591643766e-05
1.591643766e-05
1.591643766e-05
1.591643766e-05
1.591643766e-05
1.591643766e-05
1.591643766e-05
1.591643766e-05
1.591643766e-05
1.591643766e-05
1.591643766e-05
1.591643766e-05
1.591643766e-05
1.591643766e-05
1.591643766e-05
1.591643766e-05
1.591643766e-05
1.591643766e-05
1.591643766e-05
1.591643766e-05
1.591643766e-05
1.591643766e-05
1.591643766e-05
1.591643766e-05
0.08777354074
0.08760198222
0.08734260892
0.08611565504
0.08005346338
0.04565505654
0.0001143792267
1.593427913e-05
1.591644053e-05
1.591643766e-05
1.591643766e-05
1.591643766e-05
1.591643766e-05
1.591643766e-05
1.591643766e-05
1.591643766e-05
1.591643766e-05
1.591643766e-05
1.591643766e-05
1.591643766e-05
1.591643766e-05
1.591643766e-05
1.591643766e-05
1.591643766e-05
1.591643766e-05
1.591643766e-05
1.591643766e-05
1.591643766e-05
1.591643766e-05
1.591643766e-05
1.591643766e-05
1.591643766e-05
1.591643766e-05
1.591643766e-05
1.591643766e-05
1.591643766e-05
1.591643766e-05
1.591643766e-05
1.591643766e-05
1.591643766e-05
1.591643766e-05
1.591643766e-05
1.591643766e-05
1.591643766e-05
1.591643766e-05
1.591643766e-05
1.591643766e-05
1.591643766e-05
1.591643766e-05
1.591643766e-05
1.591643766e-05
1.591643766e-05
1.591643766e-05
1.591643766e-05
1.591643766e-05
1.591643766e-05
1.591643766e-05
1.591643766e-05
1.591643766e-05
1.591643766e-05
1.591643766e-05
1.591643766e-05
1.591643766e-05
1.591643766e-05
1.591643766e-05
1.591643766e-05
1.591643766e-05
1.591643766e-05
1.591643766e-05
1.591643766e-05
1.591643766e-05
1.591643766e-05
1.591643766e-05
1.591643766e-05
1.591643766e-05
1.591643766e-05
1.591643766e-05
1.591643766e-05
1.591643766e-05
1.591643766e-05
1.591643766e-05
1.591643766e-05
1.591643766e-05
1.591643766e-05
1.591643766e-05
1.591643766e-05
1.591643766e-05
1.591643766e-05
1.591643766e-05
1.591643766e-05
1.591643766e-05
1.591643766e-05
1.591643766e-05
1.591643766e-05
1.591643766e-05
1.591643766e-05
1.591643766e-05
1.591643766e-05
1.591643766e-05
1.591643766e-05
1.591643766e-05
1.591643766e-05
0.08767770174
0.08750035688
0.08723433065
0.08602175163
0.08005840779
0.04655973029
0.0001187392695
1.593536886e-05
1.591644074e-05
1.591643766e-05
1.591643766e-05
1.591643766e-05
1.591643766e-05
1.591643766e-05
1.591643766e-05
1.591643766e-05
1.591643766e-05
1.591643766e-05
1.591643766e-05
1.591643766e-05
1.591643766e-05
1.591643766e-05
1.591643766e-05
1.591643766e-05
1.591643766e-05
1.591643766e-05
1.591643766e-05
1.591643766e-05
1.591643766e-05
1.591643766e-05
1.591643766e-05
1.591643766e-05
1.591643766e-05
1.591643766e-05
1.591643766e-05
1.591643766e-05
1.591643766e-05
1.591643766e-05
1.591643766e-05
1.591643766e-05
1.591643766e-05
1.591643766e-05
1.591643766e-05
1.591643766e-05
1.591643766e-05
1.591643766e-05
1.591643766e-05
1.591643766e-05
1.591643766e-05
1.591643766e-05
1.591643766e-05
1.591643766e-05
1.591643766e-05
1.591643766e-05
1.591643766e-05
1.591643766e-05
1.591643766e-05
1.591643766e-05
1.591643766e-05
1.591643766e-05
1.591643766e-05
1.591643766e-05
1.591643766e-05
1.591643766e-05
1.591643766e-05
1.591643766e-05
1.591643766e-05
1.591643766e-05
1.591643766e-05
1.591643766e-05
1.591643766e-05
1.591643766e-05
1.591643766e-05
1.591643766e-05
1.591643766e-05
1.591643766e-05
1.591643766e-05
1.591643766e-05
1.591643766e-05
1.591643766e-05
1.591643766e-05
1.591643766e-05
1.591643766e-05
1.591643766e-05
1.591643766e-05
1.591643766e-05
1.591643766e-05
1.591643766e-05
1.591643766e-05
1.591643766e-05
1.591643766e-05
1.591643766e-05
1.591643766e-05
1.591643766e-05
1.591643766e-05
1.591643766e-05
1.591643766e-05
1.591643766e-05
1.591643766e-05
1.591643766e-05
1.591643766e-05
1.591643766e-05
0.08757714425
0.08739309985
0.08711953878
0.08591655575
0.08003124942
0.04722715884
0.0001222173555
1.593628061e-05
1.591644092e-05
1.591643766e-05
1.591643766e-05
1.591643766e-05
1.591643766e-05
1.591643766e-05
1.591643766e-05
1.591643766e-05
1.591643766e-05
1.591643766e-05
1.591643766e-05
1.591643766e-05
1.591643766e-05
1.591643766e-05
1.591643766e-05
1.591643766e-05
1.591643766e-05
1.591643766e-05
1.591643766e-05
1.591643766e-05
1.591643766e-05
1.591643766e-05
1.591643766e-05
1.591643766e-05
1.591643766e-05
1.591643766e-05
1.591643766e-05
1.591643766e-05
1.591643766e-05
1.591643766e-05
1.591643766e-05
1.591643766e-05
1.591643766e-05
1.591643766e-05
1.591643766e-05
1.591643766e-05
1.591643766e-05
1.591643766e-05
1.591643766e-05
1.591643766e-05
1.591643766e-05
1.591643766e-05
1.591643766e-05
1.591643766e-05
1.591643766e-05
1.591643766e-05
1.591643766e-05
1.591643766e-05
1.591643766e-05
1.591643766e-05
1.591643766e-05
1.591643766e-05
1.591643766e-05
1.591643766e-05
1.591643766e-05
1.591643766e-05
1.591643766e-05
1.591643766e-05
1.591643766e-05
1.591643766e-05
1.591643766e-05
1.591643766e-05
1.591643766e-05
1.591643766e-05
1.591643766e-05
1.591643766e-05
1.591643766e-05
1.591643766e-05
1.591643766e-05
1.591643766e-05
1.591643766e-05
1.591643766e-05
1.591643766e-05
1.591643766e-05
1.591643766e-05
1.591643766e-05
1.591643766e-05
1.591643766e-05
1.591643766e-05
1.591643766e-05
1.591643766e-05
1.591643766e-05
1.591643766e-05
1.591643766e-05
1.591643766e-05
1.591643766e-05
1.591643766e-05
1.591643766e-05
1.591643766e-05
1.591643766e-05
1.591643766e-05
1.591643766e-05
1.591643766e-05
1.591643766e-05
0.08747190756
0.08728050933
0.0869987899
0.08580088387
0.07997329334
0.04766966975
0.0001247864105
1.593699943e-05
1.591644107e-05
1.591643766e-05
1.591643766e-05
1.591643766e-05
1.591643766e-05
1.591643766e-05
1.591643766e-05
1.591643766e-05
1.591643766e-05
1.591643766e-05
1.591643766e-05
1.591643766e-05
1.591643766e-05
1.591643766e-05
1.591643766e-05
1.591643766e-05
1.591643766e-05
1.591643766e-05
1.591643766e-05
1.591643766e-05
1.591643766e-05
1.591643766e-05
1.591643766e-05
1.591643766e-05
1.591643766e-05
1.591643766e-05
1.591643766e-05
1.591643766e-05
1.591643766e-05
1.591643766e-05
1.591643766e-05
1.591643766e-05
1.591643766e-05
1.591643766e-05
1.591643766e-05
1.591643766e-05
1.591643766e-05
1.591643766e-05
1.591643766e-05
1.591643766e-05
1.591643766e-05
1.591643766e-05
1.591643766e-05
1.591643766e-05
1.591643766e-05
1.591643766e-05
1.591643766e-05
1.591643766e-05
1.591643766e-05
1.591643766e-05
1.591643766e-05
1.591643766e-05
1.591643766e-05
1.591643766e-05
1.591643766e-05
1.591643766e-05
1.591643766e-05
1.591643766e-05
1.591643766e-05
1.591643766e-05
1.591643766e-05
1.591643766e-05
1.591643766e-05
1.591643766e-05
1.591643766e-05
1.591643766e-05
1.591643766e-05
1.591643766e-05
1.591643766e-05
1.591643766e-05
1.591643766e-05
1.591643766e-05
1.591643766e-05
1.591643766e-05
1.591643766e-05
1.591643766e-05
1.591643766e-05
1.591643766e-05
1.591643766e-05
1.591643766e-05
1.591643766e-05
1.591643766e-05
1.591643766e-05
1.591643766e-05
1.591643766e-05
1.591643766e-05
1.591643766e-05
1.591643766e-05
1.591643766e-05
1.591643766e-05
1.591643766e-05
1.591643766e-05
1.591643766e-05
1.591643766e-05
0.08736202151
0.0871628478
0.08687254278
0.08567535698
0.07988545806
0.04789586049
0.000126425226
1.593751298e-05
1.591644119e-05
1.591643766e-05
1.591643766e-05
1.591643766e-05
1.591643766e-05
1.591643766e-05
1.591643766e-05
1.591643766e-05
1.591643766e-05
1.591643766e-05
1.591643766e-05
1.591643766e-05
1.591643766e-05
1.591643766e-05
1.591643766e-05
1.591643766e-05
1.591643766e-05
1.591643766e-05
1.591643766e-05
1.591643766e-05
1.591643766e-05
1.591643766e-05
1.591643766e-05
1.591643766e-05
1.591643766e-05
1.591643766e-05
1.591643766e-05
1.591643766e-05
1.591643766e-05
1.591643766e-05
1.591643766e-05
1.591643766e-05
1.591643766e-05
1.591643766e-05
1.591643766e-05
1.591643766e-05
1.591643766e-05
1.591643766e-05
1.591643766e-05
1.591643766e-05
1.591643766e-05
1.591643766e-05
1.591643766e-05
1.591643766e-05
1.591643766e-05
1.591643766e-05
1.591643766e-05
1.591643766e-05
1.591643766e-05
1.591643766e-05
1.591643766e-05
1.591643766e-05
1.591643766e-05
1.591643766e-05
1.591643766e-05
1.591643766e-05
1.591643766e-05
1.591643766e-05
1.591643766e-05
1.591643766e-05
1.591643766e-05
1.591643766e-05
1.591643766e-05
1.591643766e-05
1.591643766e-05
1.591643766e-05
1.591643766e-05
1.591643766e-05
1.591643766e-05
1.591643766e-05
1.591643766e-05
1.591643766e-05
1.591643766e-05
1.591643766e-05
1.591643766e-05
1.591643766e-05
1.591643766e-05
1.591643766e-05
1.591643766e-05
1.591643766e-05
1.591643766e-05
1.591643766e-05
1.591643766e-05
1.591643766e-05
1.591643766e-05
1.591643766e-05
1.591643766e-05
1.591643766e-05
1.591643766e-05
1.591643766e-05
1.591643766e-05
1.591643766e-05
1.591643766e-05
1.591643766e-05
0.08724761639
0.08704040119
0.08674119291
0.08554042103
0.07976826629
0.04791045175
0.0001271182087
1.593781197e-05
1.591644128e-05
1.591643766e-05
1.591643766e-05
1.591643766e-05
1.591643766e-05
1.591643766e-05
1.591643766e-05
1.591643766e-05
1.591643766e-05
1.591643766e-05
1.591643766e-05
1.591643766e-05
1.591643766e-05
1.591643766e-05
1.591643766e-05
1.591643766e-05
1.591643766e-05
1.591643766e-05
1.591643766e-05
1.591643766e-05
1.591643766e-05
1.591643766e-05
1.591643766e-05
1.591643766e-05
1.591643766e-05
1.591643766e-05
1.591643766e-05
1.591643766e-05
1.591643766e-05
1.591643766e-05
1.591643766e-05
1.591643766e-05
1.591643766e-05
1.591643766e-05
1.591643766e-05
1.591643766e-05
1.591643766e-05
1.591643766e-05
1.591643766e-05
1.591643766e-05
1.591643766e-05
1.591643766e-05
1.591643766e-05
1.591643766e-05
1.591643766e-05
1.591643766e-05
1.591643766e-05
1.591643766e-05
1.591643766e-05
1.591643766e-05
1.591643766e-05
1.591643766e-05
1.591643766e-05
1.591643766e-05
1.591643766e-05
1.591643766e-05
1.591643766e-05
1.591643766e-05
1.591643766e-05
1.591643766e-05
1.591643766e-05
1.591643766e-05
1.591643766e-05
1.591643766e-05
1.591643766e-05
1.591643766e-05
1.591643766e-05
1.591643766e-05
1.591643766e-05
1.591643766e-05
1.591643766e-05
1.591643766e-05
1.591643766e-05
1.591643766e-05
1.591643766e-05
1.591643766e-05
1.591643766e-05
1.591643766e-05
1.591643766e-05
1.591643766e-05
1.591643766e-05
1.591643766e-05
1.591643766e-05
1.591643766e-05
1.591643766e-05
1.591643766e-05
1.591643766e-05
1.591643766e-05
1.591643766e-05
1.591643766e-05
1.591643766e-05
1.591643766e-05
1.591643766e-05
1.591643766e-05
0.08712882504
0.08691342403
0.08660504876
0.08539634069
0.07962182825
0.04771412981
0.0001268549292
1.593788988e-05
1.591644133e-05
1.591643766e-05
1.591643766e-05
1.591643766e-05
1.591643766e-05
1.591643766e-05
1.591643766e-05
1.591643766e-05
1.591643766e-05
1.591643766e-05
1.591643766e-05
1.591643766e-05
1.591643766e-05
1.591643766e-05
1.591643766e-05
1.591643766e-05
1.591643766e-05
1.591643766e-05
1.591643766e-05
1.591643766e-05
1.591643766e-05
1.591643766e-05
1.591643766e-05
1.591643766e-05
1.591643766e-05
1.591643766e-05
1.591643766e-05
1.591643766e-05
1.591643766e-05
1.591643766e-05
1.591643766e-05
1.591643766e-05
1.591643766e-05
1.591643766e-05
1.591643766e-05
1.591643766e-05
1.591643766e-05
1.591643766e-05
1.591643766e-05
1.591643766e-05
1.591643766e-05
1.591643766e-05
1.591643766e-05
1.591643766e-05
1.591643766e-05
1.591643766e-05
1.591643766e-05
1.591643766e-05
1.591643766e-05
1.591643766e-05
1.591643766e-05
1.591643766e-05
1.591643766e-05
1.591643766e-05
1.591643766e-05
1.591643766e-05
1.591643766e-05
1.591643766e-05
1.591643766e-05
1.591643766e-05
1.591643766e-05
1.591643766e-05
1.591643766e-05
1.591643766e-05
1.591643766e-05
1.591643766e-05
1.591643766e-05
1.591643766e-05
1.591643766e-05
1.591643766e-05
1.591643766e-05
1.591643766e-05
1.591643766e-05
1.591643766e-05
1.591643766e-05
1.591643766e-05
1.591643766e-05
1.591643766e-05
1.591643766e-05
1.591643766e-05
1.591643766e-05
1.591643766e-05
1.591643766e-05
1.591643766e-05
1.591643766e-05
1.591643766e-05
1.591643766e-05
1.591643766e-05
1.591643766e-05
1.591643766e-05
1.591643766e-05
1.591643766e-05
1.591643766e-05
1.591643766e-05
0.08700574816
0.08678210799
0.08646431111
0.0852431853
0.07944580782
0.04730326255
0.0001256294714
1.593774307e-05
1.591644134e-05
1.591643766e-05
1.591643766e-05
1.591643766e-05
1.591643766e-05
1.591643766e-05
1.591643766e-05
1.591643766e-05
1.591643766e-05
1.591643766e-05
1.591643766e-05
1.591643766e-05
1.591643766e-05
1.591643766e-05
1.591643766e-05
1.591643766e-05
1.591643766e-05
1.591643766e-05
1.591643766e-05
1.591643766e-05
1.591643766e-05
1.591643766e-05
1.591643766e-05
1.591643766e-05
1.591643766e-05
1.591643766e-05
1.591643766e-05
1.591643766e-05
1.591643766e-05
1.591643766e-05
1.591643766e-05
1.591643766e-05
1.591643766e-05
1.591643766e-05
1.591643766e-05
1.591643766e-05
1.591643766e-05
1.591643766e-05
1.591643766e-05
1.591643766e-05
1.591643766e-05
1.591643766e-05
1.591643766e-05
1.591643766e-05
1.591643766e-05
1.591643766e-05
1.591643766e-05
1.591643766e-05
1.591643766e-05
1.591643766e-05
1.591643766e-05
1.591643766e-05
1.591643766e-05
1.591643766e-05
1.591643766e-05
1.591643766e-05
1.591643766e-05
1.591643766e-05
1.591643766e-05
1.591643766e-05
1.591643766e-05
1.591643766e-05
1.591643766e-05
1.591643766e-05
1.591643766e-05
1.591643766e-05
1.591643766e-05
1.591643766e-05
1.591643766e-05
1.591643766e-05
1.591643766e-05
1.591643766e-05
1.591643766e-05
1.591643766e-05
1.591643766e-05
1.591643766e-05
1.591643766e-05
1.591643766e-05
1.591643766e-05
1.591643766e-05
1.591643766e-05
1.591643766e-05
1.591643766e-05
1.591643766e-05
1.591643766e-05
1.591643766e-05
1.591643766e-05
1.591643766e-05
1.591643766e-05
1.591643766e-05
1.591643766e-05
1.591643766e-05
1.591643766e-05
1.591643766e-05
0.08687849664
0.08664660619
0.08631908883
0.08508083719
0.07923940358
0.04666955256
0.0001234398146
1.59373707e-05
1.591644131e-05
1.591643766e-05
1.591643766e-05
1.591643766e-05
1.591643766e-05
1.591643766e-05
1.591643766e-05
1.591643766e-05
1.591643766e-05
1.591643766e-05
1.591643766e-05
1.591643766e-05
1.591643766e-05
1.591643766e-05
1.591643766e-05
1.591643766e-05
1.591643766e-05
1.591643766e-05
1.591643766e-05
1.591643766e-05
1.591643766e-05
1.591643766e-05
1.591643766e-05
1.591643766e-05
1.591643766e-05
1.591643766e-05
1.591643766e-05
1.591643766e-05
1.591643766e-05
1.591643766e-05
1.591643766e-05
1.591643766e-05
1.591643766e-05
1.591643766e-05
1.591643766e-05
1.591643766e-05
1.591643766e-05
1.591643766e-05
1.591643766e-05
1.591643766e-05
1.591643766e-05
1.591643766e-05
1.591643766e-05
1.591643766e-05
1.591643766e-05
1.591643766e-05
1.591643766e-05
1.591643766e-05
1.591643766e-05
1.591643766e-05
1.591643766e-05
1.591643766e-05
1.591643766e-05
1.591643766e-05
1.591643766e-05
1.591643766e-05
1.591643766e-05
1.591643766e-05
1.591643766e-05
1.591643766e-05
1.591643766e-05
1.591643766e-05
1.591643766e-05
1.591643766e-05
1.591643766e-05
1.591643766e-05
1.591643766e-05
1.591643766e-05
1.591643766e-05
1.591643766e-05
1.591643766e-05
1.591643766e-05
1.591643766e-05
1.591643766e-05
1.591643766e-05
1.591643766e-05
1.591643766e-05
1.591643766e-05
1.591643766e-05
1.591643766e-05
1.591643766e-05
1.591643766e-05
1.591643766e-05
1.591643766e-05
1.591643766e-05
1.591643766e-05
1.591643766e-05
1.591643766e-05
1.591643766e-05
1.591643766e-05
1.591643766e-05
1.591643766e-05
1.591643766e-05
1.591643766e-05
0.08674716466
0.08650702259
0.08616939865
0.08490899308
0.07900132338
0.04579955457
0.0001202872969
1.593677472e-05
1.591644124e-05
1.591643766e-05
1.591643766e-05
1.591643766e-05
1.591643766e-05
1.591643766e-05
1.591643766e-05
1.591643766e-05
1.591643766e-05
1.591643766e-05
1.591643766e-05
1.591643766e-05
1.591643766e-05
1.591643766e-05
1.591643766e-05
1.591643766e-05
1.591643766e-05
1.591643766e-05
1.591643766e-05
1.591643766e-05
1.591643766e-05
1.591643766e-05
1.591643766e-05
1.591643766e-05
1.591643766e-05
1.591643766e-05
1.591643766e-05
1.591643766e-05
1.591643766e-05
1.591643766e-05
1.591643766e-05
1.591643766e-05
1.591643766e-05
1.591643766e-05
1.591643766e-05
1.591643766e-05
1.591643766e-05
1.591643766e-05
1.591643766e-05
1.591643766e-05
1.591643766e-05
1.591643766e-05
1.591643766e-05
1.591643766e-05
1.591643766e-05
1.591643766e-05
1.591643766e-05
1.591643766e-05
1.591643766e-05
1.591643766e-05
1.591643766e-05
1.591643766e-05
1.591643766e-05
1.591643766e-05
1.591643766e-05
1.591643766e-05
1.591643766e-05
1.591643766e-05
1.591643766e-05
1.591643766e-05
1.591643766e-05
1.591643766e-05
1.591643766e-05
1.591643766e-05
1.591643766e-05
1.591643766e-05
1.591643766e-05
1.591643766e-05
1.591643766e-05
1.591643766e-05
1.591643766e-05
1.591643766e-05
1.591643766e-05
1.591643766e-05
1.591643766e-05
1.591643766e-05
1.591643766e-05
1.591643766e-05
1.591643766e-05
1.591643766e-05
1.591643766e-05
1.591643766e-05
1.591643766e-05
1.591643766e-05
1.591643766e-05
1.591643766e-05
1.591643766e-05
1.591643766e-05
1.591643766e-05
1.591643766e-05
1.591643766e-05
1.591643766e-05
1.591643766e-05
1.591643766e-05
0.08661181223
0.08636340084
0.08601516054
0.08472715854
0.07872974509
0.04467399531
0.0001161760927
1.593595971e-05
1.591644113e-05
1.591643766e-05
1.591643766e-05
1.591643766e-05
1.591643766e-05
1.591643766e-05
1.591643766e-05
1.591643766e-05
1.591643766e-05
1.591643766e-05
1.591643766e-05
1.591643766e-05
1.591643766e-05
1.591643766e-05
1.591643766e-05
1.591643766e-05
1.591643766e-05
1.591643766e-05
1.591643766e-05
1.591643766e-05
1.591643766e-05
1.591643766e-05
1.591643766e-05
1.591643766e-05
1.591643766e-05
1.591643766e-05
1.591643766e-05
1.591643766e-05
1.591643766e-05
1.591643766e-05
1.591643766e-05
1.591643766e-05
1.591643766e-05
1.591643766e-05
1.591643766e-05
1.591643766e-05
1.591643766e-05
1.591643766e-05
1.591643766e-05
1.591643766e-05
1.591643766e-05
1.591643766e-05
1.591643766e-05
1.591643766e-05
1.591643766e-05
1.591643766e-05
1.591643766e-05
1.591643766e-05
1.591643766e-05
1.591643766e-05
1.591643766e-05
1.591643766e-05
1.591643766e-05
1.591643766e-05
1.591643766e-05
1.591643766e-05
1.591643766e-05
1.591643766e-05
1.591643766e-05
1.591643766e-05
1.591643766e-05
1.591643766e-05
1.591643766e-05
1.591643766e-05
1.591643766e-05
1.591643766e-05
1.591643766e-05
1.591643766e-05
1.591643766e-05
1.591643766e-05
1.591643766e-05
1.591643766e-05
1.591643766e-05
1.591643766e-05
1.591643766e-05
1.591643766e-05
1.591643766e-05
1.591643766e-05
1.591643766e-05
1.591643766e-05
1.591643766e-05
1.591643766e-05
1.591643766e-05
1.591643766e-05
1.591643766e-05
1.591643766e-05
1.591643766e-05
1.591643766e-05
1.591643766e-05
1.591643766e-05
1.591643766e-05
1.591643766e-05
1.591643766e-05
1.591643766e-05
0.08647246202
0.08621572188
0.08585619612
0.08453463998
0.07842226286
0.04326678886
0.0001111125639
1.593493282e-05
1.591644098e-05
1.591643766e-05
1.591643766e-05
1.591643766e-05
1.591643766e-05
1.591643766e-05
1.591643766e-05
1.591643766e-05
1.591643766e-05
1.591643766e-05
1.591643766e-05
1.591643766e-05
1.591643766e-05
1.591643766e-05
1.591643766e-05
1.591643766e-05
1.591643766e-05
1.591643766e-05
1.591643766e-05
1.591643766e-05
1.591643766e-05
1.591643766e-05
1.591643766e-05
1.591643766e-05
1.591643766e-05
1.591643766e-05
1.591643766e-05
1.591643766e-05
1.591643766e-05
1.591643766e-05
1.591643766e-05
1.591643766e-05
1.591643766e-05
1.591643766e-05
1.591643766e-05
1.591643766e-05
1.591643766e-05
1.591643766e-05
1.591643766e-05
1.591643766e-05
1.591643766e-05
1.591643766e-05
1.591643766e-05
1.591643766e-05
1.591643766e-05
1.591643766e-05
1.591643766e-05
1.591643766e-05
1.591643766e-05
1.591643766e-05
1.591643766e-05
1.591643766e-05
1.591643766e-05
1.591643766e-05
1.591643766e-05
1.591643766e-05
1.591643766e-05
1.591643766e-05
1.591643766e-05
1.591643766e-05
1.591643766e-05
1.591643766e-05
1.591643766e-05
1.591643766e-05
1.591643766e-05
1.591643766e-05
1.591643766e-05
1.591643766e-05
1.591643766e-05
1.591643766e-05
1.591643766e-05
1.591643766e-05
1.591643766e-05
1.591643766e-05
1.591643766e-05
1.591643766e-05
1.591643766e-05
1.591643766e-05
1.591643766e-05
1.591643766e-05
1.591643766e-05
1.591643766e-05
1.591643766e-05
1.591643766e-05
1.591643766e-05
1.591643766e-05
1.591643766e-05
1.591643766e-05
1.591643766e-05
1.591643766e-05
1.591643766e-05
1.591643766e-05
1.591643766e-05
1.591643766e-05
0.08632910337
0.08606390777
0.08569223093
0.08433053624
0.07807582163
0.04154363879
0.0001051044095
1.593370362e-05
1.591644079e-05
1.591643766e-05
1.591643766e-05
1.591643766e-05
1.591643766e-05
1.591643766e-05
1.591643766e-05
1.591643766e-05
1.591643766e-05
1.591643766e-05
1.591643766e-05
1.591643766e-05
1.591643766e-05
1.591643766e-05
1.591643766e-05
1.591643766e-05
1.591643766e-05
1.591643766e-05
1.591643766e-05
1.591643766e-05
1.591643766e-05
1.591643766e-05
1.591643766e-05
1.591643766e-05
1.591643766e-05
1.591643766e-05
1.591643766e-05
1.591643766e-05
1.591643766e-05
1.591643766e-05
1.591643766e-05
1.591643766e-05
1.591643766e-05
1.591643766e-05
1.591643766e-05
1.591643766e-05
1.591643766e-05
1.591643766e-05
1.591643766e-05
1.591643766e-05
1.591643766e-05
1.591643766e-05
1.591643766e-05
1.591643766e-05
1.591643766e-05
1.591643766e-05
1.591643766e-05
1.591643766e-05
1.591643766e-05
1.591643766e-05
1.591643766e-05
1.591643766e-05
1.591643766e-05
1.591643766e-05
1.591643766e-05
1.591643766e-05
1.591643766e-05
1.591643766e-05
1.591643766e-05
1.591643766e-05
1.591643766e-05
1.591643766e-05
1.591643766e-05
1.591643766e-05
1.591643766e-05
1.591643766e-05
1.591643766e-05
1.591643766e-05
1.591643766e-05
1.591643766e-05
1.591643766e-05
1.591643766e-05
1.591643766e-05
1.591643766e-05
1.591643766e-05
1.591643766e-05
1.591643766e-05
1.591643766e-05
1.591643766e-05
1.591643766e-05
1.591643766e-05
1.591643766e-05
1.591643766e-05
1.591643766e-05
1.591643766e-05
1.591643766e-05
1.591643766e-05
1.591643766e-05
1.591643766e-05
1.591643766e-05
1.591643766e-05
1.591643766e-05
1.591643766e-05
1.591643766e-05
0.08618168947
0.08590782247
0.08552289452
0.08411372638
0.07768663453
0.03946000589
9.81597495e-05
1.593228396e-05
1.591644057e-05
1.591643766e-05
1.591643766e-05
1.591643766e-05
1.591643766e-05
1.591643766e-05
1.591643766e-05
1.591643766e-05
1.591643766e-05
1.591643766e-05
1.591643766e-05
1.591643766e-05
1.591643766e-05
1.591643766e-05
1.591643766e-05
1.591643766e-05
1.591643766e-05
1.591643766e-05
1.591643766e-05
1.591643766e-05
1.591643766e-05
1.591643766e-05
1.591643766e-05
1.591643766e-05
1.591643766e-05
1.591643766e-05
1.591643766e-05
1.591643766e-05
1.591643766e-05
1.591643766e-05
1.591643766e-05
1.591643766e-05
1.591643766e-05
1.591643766e-05
1.591643766e-05
1.591643766e-05
1.591643766e-05
1.591643766e-05
1.591643766e-05
1.591643766e-05
1.591643766e-05
1.591643766e-05
1.591643766e-05
1.591643766e-05
1.591643766e-05
1.591643766e-05
1.591643766e-05
1.591643766e-05
1.591643766e-05
1.591643766e-05
1.591643766e-05
1.591643766e-05
1.591643766e-05
1.591643766e-05
1.591643766e-05
1.591643766e-05
1.591643766e-05
1.591643766e-05
1.591643766e-05
1.591643766e-05
1.591643766e-05
1.591643766e-05
1.591643766e-05
1.591643766e-05
1.591643766e-05
1.591643766e-05
1.591643766e-05
1.591643766e-05
1.591643766e-05
1.591643766e-05
1.591643766e-05
1.591643766e-05
1.591643766e-05
1.591643766e-05
1.591643766e-05
1.591643766e-05
1.591643766e-05
1.591643766e-05
1.591643766e-05
1.591643766e-05
1.591643766e-05
1.591643766e-05
1.591643766e-05
1.591643766e-05
1.591643766e-05
1.591643766e-05
1.591643766e-05
1.591643766e-05
1.591643766e-05
1.591643766e-05
1.591643766e-05
1.591643766e-05
1.591643766e-05
1.591643766e-05
0.08603013323
0.08574727108
0.08534771818
0.08388285188
0.07725007774
0.03695808211
9.028674577e-05
1.593068811e-05
1.591644031e-05
1.591643766e-05
1.591643766e-05
1.591643766e-05
1.591643766e-05
1.591643766e-05
1.591643766e-05
1.591643766e-05
1.591643766e-05
1.591643766e-05
1.591643766e-05
1.591643766e-05
1.591643766e-05
1.591643766e-05
1.591643766e-05
1.591643766e-05
1.591643766e-05
1.591643766e-05
1.591643766e-05
1.591643766e-05
1.591643766e-05
1.591643766e-05
1.591643766e-05
1.591643766e-05
1.591643766e-05
1.591643766e-05
1.591643766e-05
1.591643766e-05
1.591643766e-05
1.591643766e-05
1.591643766e-05
1.591643766e-05
1.591643766e-05
1.591643766e-05
1.591643766e-05
1.591643766e-05
1.591643766e-05
1.591643766e-05
1.591643766e-05
1.591643766e-05
1.591643766e-05
1.591643766e-05
1.591643766e-05
1.591643766e-05
1.591643766e-05
1.591643766e-05
1.591643766e-05
1.591643766e-05
1.591643766e-05
1.591643766e-05
1.591643766e-05
1.591643766e-05
1.591643766e-05
1.591643766e-05
1.591643766e-05
1.591643766e-05
1.591643766e-05
1.591643766e-05
1.591643766e-05
1.591643766e-05
1.591643766e-05
1.591643766e-05
1.591643766e-05
1.591643766e-05
1.591643766e-05
1.591643766e-05
1.591643766e-05
1.591643766e-05
1.591643766e-05
1.591643766e-05
1.591643766e-05
1.591643766e-05
1.591643766e-05
1.591643766e-05
1.591643766e-05
1.591643766e-05
1.591643766e-05
1.591643766e-05
1.591643766e-05
1.591643766e-05
1.591643766e-05
1.591643766e-05
1.591643766e-05
1.591643766e-05
1.591643766e-05
1.591643766e-05
1.591643766e-05
1.591643766e-05
1.591643766e-05
1.591643766e-05
1.591643766e-05
1.591643766e-05
1.591643766e-05
1.591643766e-05
0.08587430429
0.08558199879
0.08516612971
0.08363629129
0.07676054529
0.03396214919
8.149547081e-05
1.592893309e-05
1.591644001e-05
1.591643766e-05
1.591643766e-05
1.591643766e-05
1.591643766e-05
1.591643766e-05
1.591643766e-05
1.591643766e-05
1.591643766e-05
1.591643766e-05
1.591643766e-05
1.591643766e-05
1.591643766e-05
1.591643766e-05
1.591643766e-05
1.591643766e-05
1.591643766e-05
1.591643766e-05
1.591643766e-05
1.591643766e-05
1.591643766e-05
1.591643766e-05
1.591643766e-05
1.591643766e-05
1.591643766e-05
1.591643766e-05
1.591643766e-05
1.591643766e-05
1.591643766e-05
1.591643766e-05
1.591643766e-05
1.591643766e-05
1.591643766e-05
1.591643766e-05
1.591643766e-05
1.591643766e-05
1.591643766e-05
1.591643766e-05
1.591643766e-05
1.591643766e-05
1.591643766e-05
1.591643766e-05
1.591643766e-05
1.591643766e-05
1.591643766e-05
1.591643766e-05
1.591643766e-05
1.591643766e-05
1.591643766e-05
1.591643766e-05
1.591643766e-05
1.591643766e-05
1.591643766e-05
1.591643766e-05
1.591643766e-05
1.591643766e-05
1.591643766e-05
1.591643766e-05
1.591643766e-05
1.591643766e-05
1.591643766e-05
1.591643766e-05
1.591643766e-05
1.591643766e-05
1.591643766e-05
1.591643766e-05
1.591643766e-05
1.591643766e-05
1.591643766e-05
1.591643766e-05
1.591643766e-05
1.591643766e-05
1.591643766e-05
1.591643766e-05
1.591643766e-05
1.591643766e-05
1.591643766e-05
1.591643766e-05
1.591643766e-05
1.591643766e-05
1.591643766e-05
1.591643766e-05
1.591643766e-05
1.591643766e-05
1.591643766e-05
1.591643766e-05
1.591643766e-05
1.591643766e-05
1.591643766e-05
1.591643766e-05
1.591643766e-05
1.591643766e-05
1.591643766e-05
1.591643766e-05
0.08571402557
0.08541168897
0.08497744538
0.0833721268
0.07621125132
0.0303714442
7.180653659e-05
1.592705159e-05
1.591643969e-05
1.591643766e-05
1.591643766e-05
1.591643766e-05
1.591643766e-05
1.591643766e-05
1.591643766e-05
1.591643766e-05
1.591643766e-05
1.591643766e-05
1.591643766e-05
1.591643766e-05
1.591643766e-05
1.591643766e-05
1.591643766e-05
1.591643766e-05
1.591643766e-05
1.591643766e-05
1.591643766e-05
1.591643766e-05
1.591643766e-05
1.591643766e-05
1.591643766e-05
1.591643766e-05
1.591643766e-05
1.591643766e-05
1.591643766e-05
1.591643766e-05
1.591643766e-05
1.591643766e-05
1.591643766e-05
1.591643766e-05
1.591643766e-05
1.591643766e-05
1.591643766e-05
1.591643766e-05
1.591643766e-05
1.591643766e-05
1.591643766e-05
1.591643766e-05
1.591643766e-05
1.591643766e-05
1.591643766e-05
1.591643766e-05
1.591643766e-05
1.591643766e-05
1.591643766e-05
1.591643766e-05
1.591643766e-05
1.591643766e-05
1.591643766e-05
1.591643766e-05
1.591643766e-05
1.591643766e-05
1.591643766e-05
1.591643766e-05
1.591643766e-05
1.591643766e-05
1.591643766e-05
1.591643766e-05
1.591643766e-05
1.591643766e-05
1.591643766e-05
1.591643766e-05
1.591643766e-05
1.591643766e-05
1.591643766e-05
1.591643766e-05
1.591643766e-05
1.591643766e-05
1.591643766e-05
1.591643766e-05
1.591643766e-05
1.591643766e-05
1.591643766e-05
1.591643766e-05
1.591643766e-05
1.591643766e-05
1.591643766e-05
1.591643766e-05
1.591643766e-05
1.591643766e-05
1.591643766e-05
1.591643766e-05
1.591643766e-05
1.591643766e-05
1.591643766e-05
1.591643766e-05
1.591643766e-05
1.591643766e-05
1.591643766e-05
1.591643766e-05
1.591643766e-05
1.591643766e-05
0.08554900896
0.0852358915
0.08478077103
0.08308801617
0.07559404863
0.02605319732
6.201300642e-05
1.592528629e-05
1.591643938e-05
1.591643766e-05
1.591643766e-05
1.591643766e-05
1.591643766e-05
1.591643766e-05
1.591643766e-05
1.591643766e-05
1.591643766e-05
1.591643766e-05
1.591643766e-05
1.591643766e-05
1.591643766e-05
1.591643766e-05
1.591643766e-05
1.591643766e-05
1.591643766e-05
1.591643766e-05
1.591643766e-05
1.591643766e-05
1.591643766e-05
1.591643766e-05
1.591643766e-05
1.591643766e-05
1.591643766e-05
1.591643766e-05
1.591643766e-05
1.591643766e-05
1.591643766e-05
1.591643766e-05
1.591643766e-05
1.591643766e-05
1.591643766e-05
1.591643766e-05
1.591643766e-05
1.591643766e-05
1.591643766e-05
1.591643766e-05
1.591643766e-05
1.591643766e-05
1.591643766e-05
1.591643766e-05
1.591643766e-05
1.591643766e-05
1.591643766e-05
1.591643766e-05
1.591643766e-05
1.591643766e-05
1.591643766e-05
1.591643766e-05
1.591643766e-05
1.591643766e-05
1.591643766e-05
1.591643766e-05
1.591643766e-05
1.591643766e-05
1.591643766e-05
1.591643766e-05
1.591643766e-05
1.591643766e-05
1.591643766e-05
1.591643766e-05
1.591643766e-05
1.591643766e-05
1.591643766e-05
1.591643766e-05
1.591643766e-05
1.591643766e-05
1.591643766e-05
1.591643766e-05
1.591643766e-05
1.591643766e-05
1.591643766e-05
1.591643766e-05
1.591643766e-05
1.591643766e-05
1.591643766e-05
1.591643766e-05
1.591643766e-05
1.591643766e-05
1.591643766e-05
1.591643766e-05
1.591643766e-05
1.591643766e-05
1.591643766e-05
1.591643766e-05
1.591643766e-05
1.591643766e-05
1.591643766e-05
1.591643766e-05
1.591643766e-05
1.591643766e-05
1.591643766e-05
1.591643766e-05
0.08532217713
0.08499338336
0.08452890556
0.08289326843
0.07574720518
0.02999674226
6.495293301e-05
1.592494728e-05
1.591643914e-05
1.591643766e-05
1.591643766e-05
1.591643766e-05
1.591643766e-05
1.591643766e-05
1.591643766e-05
1.591643766e-05
1.591643766e-05
1.591643766e-05
1.591643766e-05
1.591643766e-05
1.591643766e-05
1.591643766e-05
1.591643766e-05
1.591643766e-05
1.591643766e-05
1.591643766e-05
1.591643766e-05
1.591643766e-05
1.591643766e-05
1.591643766e-05
1.591643766e-05
1.591643766e-05
1.591643766e-05
1.591643766e-05
1.591643766e-05
1.591643766e-05
1.591643766e-05
1.591643766e-05
1.591643766e-05
1.591643766e-05
1.591643766e-05
1.591643766e-05
1.591643766e-05
1.591643766e-05
1.591643766e-05
1.591643766e-05
1.591643766e-05
1.591643766e-05
1.591643766e-05
1.591643766e-05
1.591643766e-05
1.591643766e-05
1.591643766e-05
1.591643766e-05
1.591643766e-05
1.591643766e-05
1.591643766e-05
1.591643766e-05
1.591643766e-05
1.591643766e-05
1.591643766e-05
1.591643766e-05
1.591643766e-05
1.591643766e-05
1.591643766e-05
1.591643766e-05
1.591643766e-05
1.591643766e-05
1.591643766e-05
1.591643766e-05
1.591643766e-05
1.591643766e-05
1.591643766e-05
1.591643766e-05
1.591643766e-05
1.591643766e-05
1.591643766e-05
1.591643766e-05
1.591643766e-05
1.591643766e-05
1.591643766e-05
1.591643766e-05
1.591643766e-05
1.591643766e-05
1.591643766e-05
1.591643766e-05
1.591643766e-05
1.591643766e-05
1.591643766e-05
1.591643766e-05
1.591643766e-05
1.591643766e-05
1.591643766e-05
1.591643766e-05
1.591643766e-05
1.591643766e-05
1.591643766e-05
1.591643766e-05
1.591643766e-05
1.591643766e-05
1.591643766e-05
1.591643766e-05
0.08510357839
0.08477270918
0.08432180454
0.08276783901
0.07594628563
0.03348032777
7.256778284e-05
1.592591409e-05
1.591643919e-05
1.591643766e-05
1.591643766e-05
1.591643766e-05
1.591643766e-05
1.591643766e-05
1.591643766e-05
1.591643766e-05
1.591643766e-05
1.591643766e-05
1.591643766e-05
1.591643766e-05
1.591643766e-05
1.591643766e-05
1.591643766e-05
1.591643766e-05
1.591643766e-05
1.591643766e-05
1.591643766e-05
1.591643766e-05
1.591643766e-05
1.591643766e-05
1.591643766e-05
1.591643766e-05
1.591643766e-05
1.591643766e-05
1.591643766e-05
1.591643766e-05
1.591643766e-05
1.591643766e-05
1.591643766e-05
1.591643766e-05
1.591643766e-05
1.591643766e-05
1.591643766e-05
1.591643766e-05
1.591643766e-05
1.591643766e-05
1.591643766e-05
1.591643766e-05
1.591643766e-05
1.591643766e-05
1.591643766e-05
1.591643766e-05
1.591643766e-05
1.591643766e-05
1.591643766e-05
1.591643766e-05
1.591643766e-05
1.591643766e-05
1.591643766e-05
1.591643766e-05
1.591643766e-05
1.591643766e-05
1.591643766e-05
1.591643766e-05
1.591643766e-05
1.591643766e-05
1.591643766e-05
1.591643766e-05
1.591643766e-05
1.591643766e-05
1.591643766e-05
1.591643766e-05
1.591643766e-05
1.591643766e-05
1.591643766e-05
1.591643766e-05
1.591643766e-05
1.591643766e-05
1.591643766e-05
1.591643766e-05
1.591643766e-05
1.591643766e-05
1.591643766e-05
1.591643766e-05
1.591643766e-05
1.591643766e-05
1.591643766e-05
1.591643766e-05
1.591643766e-05
1.591643766e-05
1.591643766e-05
1.591643766e-05
1.591643766e-05
1.591643766e-05
1.591643766e-05
1.591643766e-05
1.591643766e-05
1.591643766e-05
1.591643766e-05
1.591643766e-05
1.591643766e-05
1.591643766e-05
0.08489402356
0.08456510176
0.08412969832
0.08265808642
0.0761650397
0.0369069945
8.227534182e-05
1.59275533e-05
1.591643938e-05
1.591643766e-05
1.591643766e-05
1.591643766e-05
1.591643766e-05
1.591643766e-05
1.591643766e-05
1.591643766e-05
1.591643766e-05
1.591643766e-05
1.591643766e-05
1.591643766e-05
1.591643766e-05
1.591643766e-05
1.591643766e-05
1.591643766e-05
1.591643766e-05
1.591643766e-05
1.591643766e-05
1.591643766e-05
1.591643766e-05
1.591643766e-05
1.591643766e-05
1.591643766e-05
1.591643766e-05
1.591643766e-05
1.591643766e-05
1.591643766e-05
1.591643766e-05
1.591643766e-05
1.591643766e-05
1.591643766e-05
1.591643766e-05
1.591643766e-05
1.591643766e-05
1.591643766e-05
1.591643766e-05
1.591643766e-05
1.591643766e-05
1.591643766e-05
1.591643766e-05
1.591643766e-05
1.591643766e-05
1.591643766e-05
1.591643766e-05
1.591643766e-05
1.591643766e-05
1.591643766e-05
1.591643766e-05
1.591643766e-05
1.591643766e-05
1.591643766e-05
1.591643766e-05
1.591643766e-05
1.591643766e-05
1.591643766e-05
1.591643766e-05
1.591643766e-05
1.591643766e-05
1.591643766e-05
1.591643766e-05
1.591643766e-05
1.591643766e-05
1.591643766e-05
1.591643766e-05
1.591643766e-05
1.591643766e-05
1.591643766e-05
1.591643766e-05
1.591643766e-05
1.591643766e-05
1.591643766e-05
1.591643766e-05
1.591643766e-05
1.591643766e-05
1.591643766e-05
1.591643766e-05
1.591643766e-05
1.591643766e-05
1.591643766e-05
1.591643766e-05
1.591643766e-05
1.591643766e-05
1.591643766e-05
1.591643766e-05
1.591643766e-05
1.591643766e-05
1.591643766e-05
1.591643766e-05
1.591643766e-05
1.591643766e-05
1.591643766e-05
1.591643766e-05
1.591643766e-05
0.0846902246
0.08436367252
0.08394176147
0.08255088266
0.07639410031
0.04031512297
9.334611351e-05
1.592963882e-05
1.591643967e-05
1.591643766e-05
1.591643766e-05
1.591643766e-05
1.591643766e-05
1.591643766e-05
1.591643766e-05
1.591643766e-05
1.591643766e-05
1.591643766e-05
1.591643766e-05
1.591643766e-05
1.591643766e-05
1.591643766e-05
1.591643766e-05
1.591643766e-05
1.591643766e-05
1.591643766e-05
1.591643766e-05
1.591643766e-05
1.591643766e-05
1.591643766e-05
1.591643766e-05
1.591643766e-05
1.591643766e-05
1.591643766e-05
1.591643766e-05
1.591643766e-05
1.591643766e-05
1.591643766e-05
1.591643766e-05
1.591643766e-05
1.591643766e-05
1.591643766e-05
1.591643766e-05
1.591643766e-05
1.591643766e-05
1.591643766e-05
1.591643766e-05
1.591643766e-05
1.591643766e-05
1.591643766e-05
1.591643766e-05
1.591643766e-05
1.591643766e-05
1.591643766e-05
1.591643766e-05
1.591643766e-05
1.591643766e-05
1.591643766e-05
1.591643766e-05
1.591643766e-05
1.591643766e-05
1.591643766e-05
1.591643766e-05
1.591643766e-05
1.591643766e-05
1.591643766e-05
1.591643766e-05
1.591643766e-05
1.591643766e-05
1.591643766e-05
1.591643766e-05
1.591643766e-05
1.591643766e-05
1.591643766e-05
1.591643766e-05
1.591643766e-05
1.591643766e-05
1.591643766e-05
1.591643766e-05
1.591643766e-05
1.591643766e-05
1.591643766e-05
1.591643766e-05
1.591643766e-05
1.591643766e-05
1.591643766e-05
1.591643766e-05
1.591643766e-05
1.591643766e-05
1.591643766e-05
1.591643766e-05
1.591643766e-05
1.591643766e-05
1.591643766e-05
1.591643766e-05
1.591643766e-05
1.591643766e-05
1.591643766e-05
1.591643766e-05
1.591643766e-05
1.591643766e-05
1.591643766e-05
0.08448970623
0.084164777
0.083753521
0.08244089803
0.07662512256
0.04366252347
0.0001055678498
1.593209452e-05
1.591644001e-05
1.591643766e-05
1.591643766e-05
1.591643766e-05
1.591643766e-05
1.591643766e-05
1.591643766e-05
1.591643766e-05
1.591643766e-05
1.591643766e-05
1.591643766e-05
1.591643766e-05
1.591643766e-05
1.591643766e-05
1.591643766e-05
1.591643766e-05
1.591643766e-05
1.591643766e-05
1.591643766e-05
1.591643766e-05
1.591643766e-05
1.591643766e-05
1.591643766e-05
1.591643766e-05
1.591643766e-05
1.591643766e-05
1.591643766e-05
1.591643766e-05
1.591643766e-05
1.591643766e-05
1.591643766e-05
1.591643766e-05
1.591643766e-05
1.591643766e-05
1.591643766e-05
1.591643766e-05
1.591643766e-05
1.591643766e-05
1.591643766e-05
1.591643766e-05
1.591643766e-05
1.591643766e-05
1.591643766e-05
1.591643766e-05
1.591643766e-05
1.591643766e-05
1.591643766e-05
1.591643766e-05
1.591643766e-05
1.591643766e-05
1.591643766e-05
1.591643766e-05
1.591643766e-05
1.591643766e-05
1.591643766e-05
1.591643766e-05
1.591643766e-05
1.591643766e-05
1.591643766e-05
1.591643766e-05
1.591643766e-05
1.591643766e-05
1.591643766e-05
1.591643766e-05
1.591643766e-05
1.591643766e-05
1.591643766e-05
1.591643766e-05
1.591643766e-05
1.591643766e-05
1.591643766e-05
1.591643766e-05
1.591643766e-05
1.591643766e-05
1.591643766e-05
1.591643766e-05
1.591643766e-05
1.591643766e-05
1.591643766e-05
1.591643766e-05
1.591643766e-05
1.591643766e-05
1.591643766e-05
1.591643766e-05
1.591643766e-05
1.591643766e-05
1.591643766e-05
1.591643766e-05
1.591643766e-05
1.591643766e-05
1.591643766e-05
1.591643766e-05
1.591643766e-05
1.591643766e-05
0.08429084047
0.08396625568
0.0835625251
0.08232478433
0.07685020555
0.04689502279
0.0001188775341
1.593490492e-05
1.59164404e-05
1.591643766e-05
1.591643766e-05
1.591643766e-05
1.591643766e-05
1.591643766e-05
1.591643766e-05
1.591643766e-05
1.591643766e-05
1.591643766e-05
1.591643766e-05
1.591643766e-05
1.591643766e-05
1.591643766e-05
1.591643766e-05
1.591643766e-05
1.591643766e-05
1.591643766e-05
1.591643766e-05
1.591643766e-05
1.591643766e-05
1.591643766e-05
1.591643766e-05
1.591643766e-05
1.591643766e-05
1.591643766e-05
1.591643766e-05
1.591643766e-05
1.591643766e-05
1.591643766e-05
1.591643766e-05
1.591643766e-05
1.591643766e-05
1.591643766e-05
1.591643766e-05
1.591643766e-05
1.591643766e-05
1.591643766e-05
1.591643766e-05
1.591643766e-05
1.591643766e-05
1.591643766e-05
1.591643766e-05
1.591643766e-05
1.591643766e-05
1.591643766e-05
1.591643766e-05
1.591643766e-05
1.591643766e-05
1.591643766e-05
1.591643766e-05
1.591643766e-05
1.591643766e-05
1.591643766e-05
1.591643766e-05
1.591643766e-05
1.591643766e-05
1.591643766e-05
1.591643766e-05
1.591643766e-05
1.591643766e-05
1.591643766e-05
1.591643766e-05
1.591643766e-05
1.591643766e-05
1.591643766e-05
1.591643766e-05
1.591643766e-05
1.591643766e-05
1.591643766e-05
1.591643766e-05
1.591643766e-05
1.591643766e-05
1.591643766e-05
1.591643766e-05
1.591643766e-05
1.591643766e-05
1.591643766e-05
1.591643766e-05
1.591643766e-05
1.591643766e-05
1.591643766e-05
1.591643766e-05
1.591643766e-05
1.591643766e-05
1.591643766e-05
1.591643766e-05
1.591643766e-05
1.591643766e-05
1.591643766e-05
1.591643766e-05
1.591643766e-05
1.591643766e-05
1.591643766e-05
0.08409235767
0.08376648986
0.083367026
0.08219995762
0.07706232798
0.04996275384
0.0001332504275
1.593807729e-05
1.591644084e-05
1.591643766e-05
1.591643766e-05
1.591643766e-05
1.591643766e-05
1.591643766e-05
1.591643766e-05
1.591643766e-05
1.591643766e-05
1.591643766e-05
1.591643766e-05
1.591643766e-05
1.591643766e-05
1.591643766e-05
1.591643766e-05
1.591643766e-05
1.591643766e-05
1.591643766e-05
1.591643766e-05
1.591643766e-05
1.591643766e-05
1.591643766e-05
1.591643766e-05
1.591643766e-05
1.591643766e-05
1.591643766e-05
1.591643766e-05
1.591643766e-05
1.591643766e-05
1.591643766e-05
1.591643766e-05
1.591643766e-05
1.591643766e-05
1.591643766e-05
1.591643766e-05
1.591643766e-05
1.591643766e-05
1.591643766e-05
1.591643766e-05
1.591643766e-05
1.591643766e-05
1.591643766e-05
1.591643766e-05
1.591643766e-05
1.591643766e-05
1.591643766e-05
1.591643766e-05
1.591643766e-05
1.591643766e-05
1.591643766e-05
1.591643766e-05
1.591643766e-05
1.591643766e-05
1.591643766e-05
1.591643766e-05
1.591643766e-05
1.591643766e-05
1.591643766e-05
1.591643766e-05
1.591643766e-05
1.591643766e-05
1.591643766e-05
1.591643766e-05
1.591643766e-05
1.591643766e-05
1.591643766e-05
1.591643766e-05
1.591643766e-05
1.591643766e-05
1.591643766e-05
1.591643766e-05
1.591643766e-05
1.591643766e-05
1.591643766e-05
1.591643766e-05
1.591643766e-05
1.591643766e-05
1.591643766e-05
1.591643766e-05
1.591643766e-05
1.591643766e-05
1.591643766e-05
1.591643766e-05
1.591643766e-05
1.591643766e-05
1.591643766e-05
1.591643766e-05
1.591643766e-05
1.591643766e-05
1.591643766e-05
1.591643766e-05
1.591643766e-05
1.591643766e-05
1.591643766e-05
0.0838931184
0.08356411163
0.0831656549
0.08206437017
0.07725574358
0.05282507672
0.0001486427265
1.594162114e-05
1.591644131e-05
1.591643766e-05
1.591643766e-05
1.591643766e-05
1.591643766e-05
1.591643766e-05
1.591643766e-05
1.591643766e-05
1.591643766e-05
1.591643766e-05
1.591643766e-05
1.591643766e-05
1.591643766e-05
1.591643766e-05
1.591643766e-05
1.591643766e-05
1.591643766e-05
1.591643766e-05
1.591643766e-05
1.591643766e-05
1.591643766e-05
1.591643766e-05
1.591643766e-05
1.591643766e-05
1.591643766e-05
1.591643766e-05
1.591643766e-05
1.591643766e-05
1.591643766e-05
1.591643766e-05
1.591643766e-05
1.591643766e-05
1.591643766e-05
1.591643766e-05
1.591643766e-05
1.591643766e-05
1.591643766e-05
1.591643766e-05
1.591643766e-05
1.591643766e-05
1.591643766e-05
1.591643766e-05
1.591643766e-05
1.591643766e-05
1.591643766e-05
1.591643766e-05
1.591643766e-05
1.591643766e-05
1.591643766e-05
1.591643766e-05
1.591643766e-05
1.591643766e-05
1.591643766e-05
1.591643766e-05
1.591643766e-05
1.591643766e-05
1.591643766e-05
1.591643766e-05
1.591643766e-05
1.591643766e-05
1.591643766e-05
1.591643766e-05
1.591643766e-05
1.591643766e-05
1.591643766e-05
1.591643766e-05
1.591643766e-05
1.591643766e-05
1.591643766e-05
1.591643766e-05
1.591643766e-05
1.591643766e-05
1.591643766e-05
1.591643766e-05
1.591643766e-05
1.591643766e-05
1.591643766e-05
1.591643766e-05
1.591643766e-05
1.591643766e-05
1.591643766e-05
1.591643766e-05
1.591643766e-05
1.591643766e-05
1.591643766e-05
1.591643766e-05
1.591643766e-05
1.591643766e-05
1.591643766e-05
1.591643766e-05
1.591643766e-05
1.591643766e-05
1.591643766e-05
1.591643766e-05
0.08369208216
0.08335796999
0.08295737318
0.0819165006
0.0774262641
0.0554537637
0.0001649491329
1.594553364e-05
1.591644183e-05
1.591643766e-05
1.591643766e-05
1.591643766e-05
1.591643766e-05
1.591643766e-05
1.591643766e-05
1.591643766e-05
1.591643766e-05
1.591643766e-05
1.591643766e-05
1.591643766e-05
1.591643766e-05
1.591643766e-05
1.591643766e-05
1.591643766e-05
1.591643766e-05
1.591643766e-05
1.591643766e-05
1.591643766e-05
1.591643766e-05
1.591643766e-05
1.591643766e-05
1.591643766e-05
1.591643766e-05
1.591643766e-05
1.591643766e-05
1.591643766e-05
1.591643766e-05
1.591643766e-05
1.591643766e-05
1.591643766e-05
1.591643766e-05
1.591643766e-05
1.591643766e-05
1.591643766e-05
1.591643766e-05
1.591643766e-05
1.591643766e-05
1.591643766e-05
1.591643766e-05
1.591643766e-05
1.591643766e-05
1.591643766e-05
1.591643766e-05
1.591643766e-05
1.591643766e-05
1.591643766e-05
1.591643766e-05
1.591643766e-05
1.591643766e-05
1.591643766e-05
1.591643766e-05
1.591643766e-05
1.591643766e-05
1.591643766e-05
1.591643766e-05
1.591643766e-05
1.591643766e-05
1.591643766e-05
1.591643766e-05
1.591643766e-05
1.591643766e-05
1.591643766e-05
1.591643766e-05
1.591643766e-05
1.591643766e-05
1.591643766e-05
1.591643766e-05
1.591643766e-05
1.591643766e-05
1.591643766e-05
1.591643766e-05
1.591643766e-05
1.591643766e-05
1.591643766e-05
1.591643766e-05
1.591643766e-05
1.591643766e-05
1.591643766e-05
1.591643766e-05
1.591643766e-05
1.591643766e-05
1.591643766e-05
1.591643766e-05
1.591643766e-05
1.591643766e-05
1.591643766e-05
1.591643766e-05
1.591643766e-05
1.591643766e-05
1.591643766e-05
1.591643766e-05
1.591643766e-05
0.08348834482
0.08314715714
0.08274147704
0.08175536321
0.07757133522
0.05783533485
0.0001819818658
1.594979008e-05
1.591644237e-05
1.591643766e-05
1.591643766e-05
1.591643766e-05
1.591643766e-05
1.591643766e-05
1.591643766e-05
1.591643766e-05
1.591643766e-05
1.591643766e-05
1.591643766e-05
1.591643766e-05
1.591643766e-05
1.591643766e-05
1.591643766e-05
1.591643766e-05
1.591643766e-05
1.591643766e-05
1.591643766e-05
1.591643766e-05
1.591643766e-05
1.591643766e-05
1.591643766e-05
1.591643766e-05
1.591643766e-05
1.591643766e-05
1.591643766e-05
1.591643766e-05
1.591643766e-05
1.591643766e-05
1.591643766e-05
1.591643766e-05
1.591643766e-05
1.591643766e-05
1.591643766e-05
1.591643766e-05
1.591643766e-05
1.591643766e-05
1.591643766e-05
1.591643766e-05
1.591643766e-05
1.591643766e-05
1.591643766e-05
1.591643766e-05
1.591643766e-05
1.591643766e-05
1.591643766e-05
1.591643766e-05
1.591643766e-05
1.591643766e-05
1.591643766e-05
1.591643766e-05
1.591643766e-05
1.591643766e-05
1.591643766e-05
1.591643766e-05
1.591643766e-05
1.591643766e-05
1.591643766e-05
1.591643766e-05
1.591643766e-05
1.591643766e-05
1.591643766e-05
1.591643766e-05
1.591643766e-05
1.591643766e-05
1.591643766e-05
1.591643766e-05
1.591643766e-05
1.591643766e-05
1.591643766e-05
1.591643766e-05
1.591643766e-05
1.591643766e-05
1.591643766e-05
1.591643766e-05
1.591643766e-05
1.591643766e-05
1.591643766e-05
1.591643766e-05
1.591643766e-05
1.591643766e-05
1.591643766e-05
1.591643766e-05
1.591643766e-05
1.591643766e-05
1.591643766e-05
1.591643766e-05
1.591643766e-05
1.591643766e-05
1.591643766e-05
1.591643766e-05
1.591643766e-05
1.591643766e-05
0.08328117534
0.08293102372
0.08251758666
0.08158047174
0.07768984423
0.05997116489
0.0001994791509
1.595433984e-05
1.591644293e-05
1.591643766e-05
1.591643766e-05
1.591643766e-05
1.591643766e-05
1.591643766e-05
1.591643766e-05
1.591643766e-05
1.591643766e-05
1.591643766e-05
1.591643766e-05
1.591643766e-05
1.591643766e-05
1.591643766e-05
1.591643766e-05
1.591643766e-05
1.591643766e-05
1.591643766e-05
1.591643766e-05
1.591643766e-05
1.591643766e-05
1.591643766e-05
1.591643766e-05
1.591643766e-05
1.591643766e-05
1.591643766e-05
1.591643766e-05
1.591643766e-05
1.591643766e-05
1.591643766e-05
1.591643766e-05
1.591643766e-05
1.591643766e-05
1.591643766e-05
1.591643766e-05
1.591643766e-05
1.591643766e-05
1.591643766e-05
1.591643766e-05
1.591643766e-05
1.591643766e-05
1.591643766e-05
1.591643766e-05
1.591643766e-05
1.591643766e-05
1.591643766e-05
1.591643766e-05
1.591643766e-05
1.591643766e-05
1.591643766e-05
1.591643766e-05
1.591643766e-05
1.591643766e-05
1.591643766e-05
1.591643766e-05
1.591643766e-05
1.591643766e-05
1.591643766e-05
1.591643766e-05
1.591643766e-05
1.591643766e-05
1.591643766e-05
1.591643766e-05
1.591643766e-05
1.591643766e-05
1.591643766e-05
1.591643766e-05
1.591643766e-05
1.591643766e-05
1.591643766e-05
1.591643766e-05
1.591643766e-05
1.591643766e-05
1.591643766e-05
1.591643766e-05
1.591643766e-05
1.591643766e-05
1.591643766e-05
1.591643766e-05
1.591643766e-05
1.591643766e-05
1.591643766e-05
1.591643766e-05
1.591643766e-05
1.591643766e-05
1.591643766e-05
1.591643766e-05
1.591643766e-05
1.591643766e-05
1.591643766e-05
1.591643766e-05
1.591643766e-05
1.591643766e-05
1.591643766e-05
0.0830700282
0.08270916524
0.08228560367
0.08139175039
0.07778172691
0.06187481663
0.0002171377114
1.595911006e-05
1.59164435e-05
1.591643766e-05
1.591643766e-05
1.591643766e-05
1.591643766e-05
1.591643766e-05
1.591643766e-05
1.591643766e-05
1.591643766e-05
1.591643766e-05
1.591643766e-05
1.591643766e-05
1.591643766e-05
1.591643766e-05
1.591643766e-05
1.591643766e-05
1.591643766e-05
1.591643766e-05
1.591643766e-05
1.591643766e-05
1.591643766e-05
1.591643766e-05
1.591643766e-05
1.591643766e-05
1.591643766e-05
1.591643766e-05
1.591643766e-05
1.591643766e-05
1.591643766e-05
1.591643766e-05
1.591643766e-05
1.591643766e-05
1.591643766e-05
1.591643766e-05
1.591643766e-05
1.591643766e-05
1.591643766e-05
1.591643766e-05
1.591643766e-05
1.591643766e-05
1.591643766e-05
1.591643766e-05
1.591643766e-05
1.591643766e-05
1.591643766e-05
1.591643766e-05
1.591643766e-05
1.591643766e-05
1.591643766e-05
1.591643766e-05
1.591643766e-05
1.591643766e-05
1.591643766e-05
1.591643766e-05
1.591643766e-05
1.591643766e-05
1.591643766e-05
1.591643766e-05
1.591643766e-05
1.591643766e-05
1.591643766e-05
1.591643766e-05
1.591643766e-05
1.591643766e-05
1.591643766e-05
1.591643766e-05
1.591643766e-05
1.591643766e-05
1.591643766e-05
1.591643766e-05
1.591643766e-05
1.591643766e-05
1.591643766e-05
1.591643766e-05
1.591643766e-05
1.591643766e-05
1.591643766e-05
1.591643766e-05
1.591643766e-05
1.591643766e-05
1.591643766e-05
1.591643766e-05
1.591643766e-05
1.591643766e-05
1.591643766e-05
1.591643766e-05
1.591643766e-05
1.591643766e-05
1.591643766e-05
1.591643766e-05
1.591643766e-05
1.591643766e-05
1.591643766e-05
1.591643766e-05
0.08285453101
0.0824813841
0.08204564487
0.08118941642
0.07784751523
0.06356761863
0.0002346534465
1.596401462e-05
1.591644406e-05
1.591643766e-05
1.591643766e-05
1.591643766e-05
1.591643766e-05
1.591643766e-05
1.591643766e-05
1.591643766e-05
1.591643766e-05
1.591643766e-05
1.591643766e-05
1.591643766e-05
1.591643766e-05
1.591643766e-05
1.591643766e-05
1.591643766e-05
1.591643766e-05
1.591643766e-05
1.591643766e-05
1.591643766e-05
1.591643766e-05
1.591643766e-05
1.591643766e-05
1.591643766e-05
1.591643766e-05
1.591643766e-05
1.591643766e-05
1.591643766e-05
1.591643766e-05
1.591643766e-05
1.591643766e-05
1.591643766e-05
1.591643766e-05
1.591643766e-05
1.591643766e-05
1.591643766e-05
1.591643766e-05
1.591643766e-05
1.591643766e-05
1.591643766e-05
1.591643766e-05
1.591643766e-05
1.591643766e-05
1.591643766e-05
1.591643766e-05
1.591643766e-05
1.591643766e-05
1.591643766e-05
1.591643766e-05
1.591643766e-05
1.591643766e-05
1.591643766e-05
1.591643766e-05
1.591643766e-05
1.591643766e-05
1.591643766e-05
1.591643766e-05
1.591643766e-05
1.591643766e-05
1.591643766e-05
1.591643766e-05
1.591643766e-05
1.591643766e-05
1.591643766e-05
1.591643766e-05
1.591643766e-05
1.591643766e-05
1.591643766e-05
1.591643766e-05
1.591643766e-05
1.591643766e-05
1.591643766e-05
1.591643766e-05
1.591643766e-05
1.591643766e-05
1.591643766e-05
1.591643766e-05
1.591643766e-05
1.591643766e-05
1.591643766e-05
1.591643766e-05
1.591643766e-05
1.591643766e-05
1.591643766e-05
1.591643766e-05
1.591643766e-05
1.591643766e-05
1.591643766e-05
1.591643766e-05
1.591643766e-05
1.591643766e-05
1.591643766e-05
1.591643766e-05
1.591643766e-05
0.08263445655
0.08224763977
0.08179796906
0.08097386658
0.0778879538
0.06507414949
0.0002517552114
1.596896328e-05
1.591644461e-05
1.591643766e-05
1.591643766e-05
1.591643766e-05
1.591643766e-05
1.591643766e-05
1.591643766e-05
1.591643766e-05
1.591643766e-05
1.591643766e-05
1.591643766e-05
1.591643766e-05
1.591643766e-05
1.591643766e-05
1.591643766e-05
1.591643766e-05
1.591643766e-05
1.591643766e-05
1.591643766e-05
1.591643766e-05
1.591643766e-05
1.591643766e-05
1.591643766e-05
1.591643766e-05
1.591643766e-05
1.591643766e-05
1.591643766e-05
1.591643766e-05
1.591643766e-05
1.591643766e-05
1.591643766e-05
1.591643766e-05
1.591643766e-05
1.591643766e-05
1.591643766e-05
1.591643766e-05
1.591643766e-05
1.591643766e-05
1.591643766e-05
1.591643766e-05
1.591643766e-05
1.591643766e-05
1.591643766e-05
1.591643766e-05
1.591643766e-05
1.591643766e-05
1.591643766e-05
1.591643766e-05
1.591643766e-05
1.591643766e-05
1.591643766e-05
1.591643766e-05
1.591643766e-05
1.591643766e-05
1.591643766e-05
1.591643766e-05
1.591643766e-05
1.591643766e-05
1.591643766e-05
1.591643766e-05
1.591643766e-05
1.591643766e-05
1.591643766e-05
1.591643766e-05
1.591643766e-05
1.591643766e-05
1.591643766e-05
1.591643766e-05
1.591643766e-05
1.591643766e-05
1.591643766e-05
1.591643766e-05
1.591643766e-05
1.591643766e-05
1.591643766e-05
1.591643766e-05
1.591643766e-05
1.591643766e-05
1.591643766e-05
1.591643766e-05
1.591643766e-05
1.591643766e-05
1.591643766e-05
1.591643766e-05
1.591643766e-05
1.591643766e-05
1.591643766e-05
1.591643766e-05
1.591643766e-05
1.591643766e-05
1.591643766e-05
1.591643766e-05
1.591643766e-05
1.591643766e-05
0.08240968946
0.08200799938
0.08154291207
0.08074558845
0.07790374432
0.06641879397
0.0002682253702
1.597392002e-05
1.59164466e-05
1.591643766e-05
1.591643766e-05
1.591643766e-05
1.591643766e-05
1.591643766e-05
1.591643766e-05
1.591643766e-05
1.591643766e-05
1.591643766e-05
1.591643766e-05
1.591643766e-05
1.591643766e-05
1.591643766e-05
1.591643766e-05
1.591643766e-05
1.591643766e-05
1.591643766e-05
1.591643766e-05
1.591643766e-05
1.591643766e-05
1.591643766e-05
1.591643766e-05
1.591643766e-05
1.591643766e-05
1.591643766e-05
1.591643766e-05
1.591643766e-05
1.591643766e-05
1.591643766e-05
1.591643766e-05
1.591643766e-05
1.591643766e-05
1.591643766e-05
1.591643766e-05
1.591643766e-05
1.591643766e-05
1.591643766e-05
1.591643766e-05
1.591643766e-05
1.591643766e-05
1.591643766e-05
1.591643766e-05
1.591643766e-05
1.591643766e-05
1.591643766e-05
1.591643766e-05
1.591643766e-05
1.591643766e-05
1.591643766e-05
1.591643766e-05
1.591643766e-05
1.591643766e-05
1.591643766e-05
1.591643766e-05
1.591643766e-05
1.591643766e-05
1.591643766e-05
1.591643766e-05
1.591643766e-05
1.591643766e-05
1.591643766e-05
1.591643766e-05
1.591643766e-05
1.591643766e-05
1.591643766e-05
1.591643766e-05
1.591643766e-05
1.591643766e-05
1.591643766e-05
1.591643766e-05
1.591643766e-05
1.591643766e-05
1.591643766e-05
1.591643766e-05
1.591643766e-05
1.591643766e-05
1.591643766e-05
1.591643766e-05
1.591643766e-05
1.591643766e-05
1.591643766e-05
1.591643766e-05
1.591643766e-05
1.591643766e-05
1.591643766e-05
1.591643766e-05
1.591643766e-05
1.591643766e-05
1.591643766e-05
1.591643766e-05
1.591643766e-05
1.591643766e-05
1.591643766e-05
0.08218019277
0.08176259288
0.08128083263
0.08050509591
0.07789540284
0.06762367587
0.0002857394842
1.615384295e-05
1.591648228e-05
1.591643767e-05
1.591643766e-05
1.591643766e-05
1.591643766e-05
1.591643766e-05
1.591643766e-05
1.591643766e-05
1.591643766e-05
1.591643766e-05
1.591643766e-05
1.591643766e-05
1.591643766e-05
1.591643766e-05
1.591643766e-05
1.591643766e-05
1.591643766e-05
1.591643766e-05
1.591643766e-05
1.591643766e-05
1.591643766e-05
1.591643766e-05
1.591643766e-05
1.591643766e-05
1.591643766e-05
1.591643766e-05
1.591643766e-05
1.591643766e-05
1.591643766e-05
1.591643766e-05
1.591643766e-05
1.591643766e-05
1.591643766e-05
1.591643766e-05
1.591643766e-05
1.591643766e-05
1.591643766e-05
1.591643766e-05
1.591643766e-05
1.591643766e-05
1.591643766e-05
1.591643766e-05
1.591643766e-05
1.591643766e-05
1.591643766e-05
1.591643766e-05
1.591643766e-05
1.591643766e-05
1.591643766e-05
1.591643766e-05
1.591643766e-05
1.591643766e-05
1.591643766e-05
1.591643766e-05
1.591643766e-05
1.591643766e-05
1.591643766e-05
1.591643766e-05
1.591643766e-05
1.591643766e-05
1.591643766e-05
1.591643766e-05
1.591643766e-05
1.591643766e-05
1.591643766e-05
1.591643766e-05
1.591643766e-05
1.591643766e-05
1.591643766e-05
1.591643766e-05
1.591643766e-05
1.591643766e-05
1.591643766e-05
1.591643766e-05
1.591643766e-05
1.591643766e-05
1.591643766e-05
1.591643766e-05
1.591643766e-05
1.591643766e-05
1.591643766e-05
1.591643766e-05
1.591643766e-05
1.591643766e-05
1.591643766e-05
1.591643766e-05
1.591643766e-05
1.591643766e-05
1.591643766e-05
1.591643766e-05
1.591643766e-05
1.591643766e-05
1.591643766e-05
1.591643766e-05
0.08194523957
0.08151154399
0.08101513309
0.08026649181
0.07790466881
0.06876277323
0.004807851141
1.87259593e-05
1.591678545e-05
1.59164377e-05
1.591643766e-05
1.591643766e-05
1.591643766e-05
1.591643766e-05
1.591643766e-05
1.591643766e-05
1.591643766e-05
1.591643766e-05
1.591643766e-05
1.591643766e-05
1.591643766e-05
1.591643766e-05
1.591643766e-05
1.591643766e-05
1.591643766e-05
1.591643766e-05
1.591643766e-05
1.591643766e-05
1.591643766e-05
1.591643766e-05
1.591643766e-05
1.591643766e-05
1.591643766e-05
1.591643766e-05
1.591643766e-05
1.591643766e-05
1.591643766e-05
1.591643766e-05
1.591643766e-05
1.591643766e-05
1.591643766e-05
1.591643766e-05
1.591643766e-05
1.591643766e-05
1.591643766e-05
1.591643766e-05
1.591643766e-05
1.591643766e-05
1.591643766e-05
1.591643766e-05
1.591643766e-05
1.591643766e-05
1.591643766e-05
1.591643766e-05
1.591643766e-05
1.591643766e-05
1.591643766e-05
1.591643766e-05
1.591643766e-05
1.591643766e-05
1.591643766e-05
1.591643766e-05
1.591643766e-05
1.591643766e-05
1.591643766e-05
1.591643766e-05
1.591643766e-05
1.591643766e-05
1.591643766e-05
1.591643766e-05
1.591643766e-05
1.591643766e-05
1.591643766e-05
1.591643766e-05
1.591643766e-05
1.591643766e-05
1.591643766e-05
1.591643766e-05
1.591643766e-05
1.591643766e-05
1.591643766e-05
1.591643766e-05
1.591643766e-05
1.591643766e-05
1.591643766e-05
1.591643766e-05
1.591643766e-05
1.591643766e-05
1.591643766e-05
1.591643766e-05
1.591643766e-05
1.591643766e-05
1.591643766e-05
1.591643766e-05
1.591643766e-05
1.591643766e-05
1.591643766e-05
1.591643766e-05
1.591643766e-05
1.591643766e-05
1.591643766e-05
1.591643766e-05
0.08170503071
0.08125774356
0.08075465099
0.08004931926
0.07796026964
0.06987050478
0.01433845016
2.814651899e-05
1.591781009e-05
1.59164378e-05
1.591643766e-05
1.591643766e-05
1.591643766e-05
1.591643766e-05
1.591643766e-05
1.591643766e-05
1.591643766e-05
1.591643766e-05
1.591643766e-05
1.591643766e-05
1.591643766e-05
1.591643766e-05
1.591643766e-05
1.591643766e-05
1.591643766e-05
1.591643766e-05
1.591643766e-05
1.591643766e-05
1.591643766e-05
1.591643766e-05
1.591643766e-05
1.591643766e-05
1.591643766e-05
1.591643766e-05
1.591643766e-05
1.591643766e-05
1.591643766e-05
1.591643766e-05
1.591643766e-05
1.591643766e-05
1.591643766e-05
1.591643766e-05
1.591643766e-05
1.591643766e-05
1.591643766e-05
1.591643766e-05
1.591643766e-05
1.591643766e-05
1.591643766e-05
1.591643766e-05
1.591643766e-05
1.591643766e-05
1.591643766e-05
1.591643766e-05
1.591643766e-05
1.591643766e-05
1.591643766e-05
1.591643766e-05
1.591643766e-05
1.591643766e-05
1.591643766e-05
1.591643766e-05
1.591643766e-05
1.591643766e-05
1.591643766e-05
1.591643766e-05
1.591643766e-05
1.591643766e-05
1.591643766e-05
1.591643766e-05
1.591643766e-05
1.591643766e-05
1.591643766e-05
1.591643766e-05
1.591643766e-05
1.591643766e-05
1.591643766e-05
1.591643766e-05
1.591643766e-05
1.591643766e-05
1.591643766e-05
1.591643766e-05
1.591643766e-05
1.591643766e-05
1.591643766e-05
1.591643766e-05
1.591643766e-05
1.591643766e-05
1.591643766e-05
1.591643766e-05
1.591643766e-05
1.591643766e-05
1.591643766e-05
1.591643766e-05
1.591643766e-05
1.591643766e-05
1.591643766e-05
1.591643766e-05
1.591643766e-05
1.591643766e-05
1.591643766e-05
1.591643766e-05
0.08146241956
0.08100713565
0.08050822392
0.07985864765
0.07803820257
0.07090014375
0.0242835261
4.431316057e-05
1.591980376e-05
1.5916438e-05
1.591643766e-05
1.591643766e-05
1.591643766e-05
1.591643766e-05
1.591643766e-05
1.591643766e-05
1.591643766e-05
1.591643766e-05
1.591643766e-05
1.591643766e-05
1.591643766e-05
1.591643766e-05
1.591643766e-05
1.591643766e-05
1.591643766e-05
1.591643766e-05
1.591643766e-05
1.591643766e-05
1.591643766e-05
1.591643766e-05
1.591643766e-05
1.591643766e-05
1.591643766e-05
1.591643766e-05
1.591643766e-05
1.591643766e-05
1.591643766e-05
1.591643766e-05
1.591643766e-05
1.591643766e-05
1.591643766e-05
1.591643766e-05
1.591643766e-05
1.591643766e-05
1.591643766e-05
1.591643766e-05
1.591643766e-05
1.591643766e-05
1.591643766e-05
1.591643766e-05
1.591643766e-05
1.591643766e-05
1.591643766e-05
1.591643766e-05
1.591643766e-05
1.591643766e-05
1.591643766e-05
1.591643766e-05
1.591643766e-05
1.591643766e-05
1.591643766e-05
1.591643766e-05
1.591643766e-05
1.591643766e-05
1.591643766e-05
1.591643766e-05
1.591643766e-05
1.591643766e-05
1.591643766e-05
1.591643766e-05
1.591643766e-05
1.591643766e-05
1.591643766e-05
1.591643766e-05
1.591643766e-05
1.591643766e-05
1.591643766e-05
1.591643766e-05
1.591643766e-05
1.591643766e-05
1.591643766e-05
1.591643766e-05
1.591643766e-05
1.591643766e-05
1.591643766e-05
1.591643766e-05
1.591643766e-05
1.591643766e-05
1.591643766e-05
1.591643766e-05
1.591643766e-05
1.591643766e-05
1.591643766e-05
1.591643766e-05
1.591643766e-05
1.591643766e-05
1.591643766e-05
1.591643766e-05
1.591643766e-05
1.591643766e-05
1.591643766e-05
1.591643766e-05
0.08122150583
0.08076491793
0.0802789799
0.0796871367
0.07810758782
0.07180906564
0.03306933657
6.48090789e-05
1.592276209e-05
1.59164383e-05
1.591643766e-05
1.591643766e-05
1.591643766e-05
1.591643766e-05
1.591643766e-05
1.591643766e-05
1.591643766e-05
1.591643766e-05
1.591643766e-05
1.591643766e-05
1.591643766e-05
1.591643766e-05
1.591643766e-05
1.591643766e-05
1.591643766e-05
1.591643766e-05
1.591643766e-05
1.591643766e-05
1.591643766e-05
1.591643766e-05
1.591643766e-05
1.591643766e-05
1.591643766e-05
1.591643766e-05
1.591643766e-05
1.591643766e-05
1.591643766e-05
1.591643766e-05
1.591643766e-05
1.591643766e-05
1.591643766e-05
1.591643766e-05
1.591643766e-05
1.591643766e-05
1.591643766e-05
1.591643766e-05
1.591643766e-05
1.591643766e-05
1.591643766e-05
1.591643766e-05
1.591643766e-05
1.591643766e-05
1.591643766e-05
1.591643766e-05
1.591643766e-05
1.591643766e-05
1.591643766e-05
1.591643766e-05
1.591643766e-05
1.591643766e-05
1.591643766e-05
1.591643766e-05
1.591643766e-05
1.591643766e-05
1.591643766e-05
1.591643766e-05
1.591643766e-05
1.591643766e-05
1.591643766e-05
1.591643766e-05
1.591643766e-05
1.591643766e-05
1.591643766e-05
1.591643766e-05
1.591643766e-05
1.591643766e-05
1.591643766e-05
1.591643766e-05
1.591643766e-05
1.591643766e-05
1.591643766e-05
1.591643766e-05
1.591643766e-05
1.591643766e-05
1.591643766e-05
1.591643766e-05
1.591643766e-05
1.591643766e-05
1.591643766e-05
1.591643766e-05
1.591643766e-05
1.591643766e-05
1.591643766e-05
1.591643766e-05
1.591643766e-05
1.591643766e-05
1.591643766e-05
1.591643766e-05
1.591643766e-05
1.591643766e-05
1.591643766e-05
1.591643766e-05
0.08098581881
0.08053359108
0.08006493922
0.07952374629
0.07814684077
0.07258052716
0.04048256752
8.764984069e-05
1.592655785e-05
1.591643866e-05
1.591643766e-05
1.591643766e-05
1.591643766e-05
1.591643766e-05
1.591643766e-05
1.591643766e-05
1.591643766e-05
1.591643766e-05
1.591643766e-05
1.591643766e-05
1.591643766e-05
1.591643766e-05
1.591643766e-05
1.591643766e-05
1.591643766e-05
1.591643766e-05
1.591643766e-05
1.591643766e-05
1.591643766e-05
1.591643766e-05
1.591643766e-05
1.591643766e-05
1.591643766e-05
1.591643766e-05
1.591643766e-05
1.591643766e-05
1.591643766e-05
1.591643766e-05
1.591643766e-05
1.591643766e-05
1.591643766e-05
1.591643766e-05
1.591643766e-05
1.591643766e-05
1.591643766e-05
1.591643766e-05
1.591643766e-05
1.591643766e-05
1.591643766e-05
1.591643766e-05
1.591643766e-05
1.591643766e-05
1.591643766e-05
1.591643766e-05
1.591643766e-05
1.591643766e-05
1.591643766e-05
1.591643766e-05
1.591643766e-05
1.591643766e-05
1.591643766e-05
1.591643766e-05
1.591643766e-05
1.591643766e-05
1.591643766e-05
1.591643766e-05
1.591643766e-05
1.591643766e-05
1.591643766e-05
1.591643766e-05
1.591643766e-05
1.591643766e-05
1.591643766e-05
1.591643766e-05
1.591643766e-05
1.591643766e-05
1.591643766e-05
1.591643766e-05
1.591643766e-05
1.591643766e-05
1.591643766e-05
1.591643766e-05
1.591643766e-05
1.591643766e-05
1.591643766e-05
1.591643766e-05
1.591643766e-05
1.591643766e-05
1.591643766e-05
1.591643766e-05
1.591643766e-05
1.591643766e-05
1.591643766e-05
1.591643766e-05
1.591643766e-05
1.591643766e-05
1.591643766e-05
1.591643766e-05
1.591643766e-05
1.591643766e-05
1.591643766e-05
1.591643766e-05
0.08075737065
0.08031289413
0.07986128947
0.07935832594
0.07814398144
0.07321166515
0.04663099272
0.0001118543028
1.593106877e-05
1.591643909e-05
1.591643766e-05
1.591643766e-05
1.591643766e-05
1.591643766e-05
1.591643766e-05
1.591643766e-05
1.591643766e-05
1.591643766e-05
1.591643766e-05
1.591643766e-05
1.591643766e-05
1.591643766e-05
1.591643766e-05
1.591643766e-05
1.591643766e-05
1.591643766e-05
1.591643766e-05
1.591643766e-05
1.591643766e-05
1.591643766e-05
1.591643766e-05
1.591643766e-05
1.591643766e-05
1.591643766e-05
1.591643766e-05
1.591643766e-05
1.591643766e-05
1.591643766e-05
1.591643766e-05
1.591643766e-05
1.591643766e-05
1.591643766e-05
1.591643766e-05
1.591643766e-05
1.591643766e-05
1.591643766e-05
1.591643766e-05
1.591643766e-05
1.591643766e-05
1.591643766e-05
1.591643766e-05
1.591643766e-05
1.591643766e-05
1.591643766e-05
1.591643766e-05
1.591643766e-05
1.591643766e-05
1.591643766e-05
1.591643766e-05
1.591643766e-05
1.591643766e-05
1.591643766e-05
1.591643766e-05
1.591643766e-05
1.591643766e-05
1.591643766e-05
1.591643766e-05
1.591643766e-05
1.591643766e-05
1.591643766e-05
1.591643766e-05
1.591643766e-05
1.591643766e-05
1.591643766e-05
1.591643766e-05
1.591643766e-05
1.591643766e-05
1.591643766e-05
1.591643766e-05
1.591643766e-05
1.591643766e-05
1.591643766e-05
1.591643766e-05
1.591643766e-05
1.591643766e-05
1.591643766e-05
1.591643766e-05
1.591643766e-05
1.591643766e-05
1.591643766e-05
1.591643766e-05
1.591643766e-05
1.591643766e-05
1.591643766e-05
1.591643766e-05
1.591643766e-05
1.591643766e-05
1.591643766e-05
1.591643766e-05
1.591643766e-05
1.591643766e-05
1.591643766e-05
0.08053647947
0.08010059598
0.07966231015
0.07918313241
0.0780939893
0.0737073182
0.05165625354
0.0001370437401
1.593621273e-05
1.591643955e-05
1.591643766e-05
1.591643766e-05
1.591643766e-05
1.591643766e-05
1.591643766e-05
1.591643766e-05
1.591643766e-05
1.591643766e-05
1.591643766e-05
1.591643766e-05
1.591643766e-05
1.591643766e-05
1.591643766e-05
1.591643766e-05
1.591643766e-05
1.591643766e-05
1.591643766e-05
1.591643766e-05
1.591643766e-05
1.591643766e-05
1.591643766e-05
1.591643766e-05
1.591643766e-05
1.591643766e-05
1.591643766e-05
1.591643766e-05
1.591643766e-05
1.591643766e-05
1.591643766e-05
1.591643766e-05
1.591643766e-05
1.591643766e-05
1.591643766e-05
1.591643766e-05
1.591643766e-05
1.591643766e-05
1.591643766e-05
1.591643766e-05
1.591643766e-05
1.591643766e-05
1.591643766e-05
1.591643766e-05
1.591643766e-05
1.591643766e-05
1.591643766e-05
1.591643766e-05
1.591643766e-05
1.591643766e-05
1.591643766e-05
1.591643766e-05
1.591643766e-05
1.591643766e-05
1.591643766e-05
1.591643766e-05
1.591643766e-05
1.591643766e-05
1.591643766e-05
1.591643766e-05
1.591643766e-05
1.591643766e-05
1.591643766e-05
1.591643766e-05
1.591643766e-05
1.591643766e-05
1.591643766e-05
1.591643766e-05
1.591643766e-05
1.591643766e-05
1.591643766e-05
1.591643766e-05
1.591643766e-05
1.591643766e-05
1.591643766e-05
1.591643766e-05
1.591643766e-05
1.591643766e-05
1.591643766e-05
1.591643766e-05
1.591643766e-05
1.591643766e-05
1.591643766e-05
1.591643766e-05
1.591643766e-05
1.591643766e-05
1.591643766e-05
1.591643766e-05
1.591643766e-05
1.591643766e-05
1.591643766e-05
1.591643766e-05
1.591643766e-05
1.591643766e-05
0.08032213205
0.07989347998
0.07946265605
0.07899311922
0.07799670261
0.07407889145
0.05569758266
0.0001628602274
1.594190198e-05
1.591644002e-05
1.591643766e-05
1.591643766e-05
1.591643766e-05
1.591643766e-05
1.591643766e-05
1.591643766e-05
1.591643766e-05
1.591643766e-05
1.591643766e-05
1.591643766e-05
1.591643766e-05
1.591643766e-05
1.591643766e-05
1.591643766e-05
1.591643766e-05
1.591643766e-05
1.591643766e-05
1.591643766e-05
1.591643766e-05
1.591643766e-05
1.591643766e-05
1.591643766e-05
1.591643766e-05
1.591643766e-05
1.591643766e-05
1.591643766e-05
1.591643766e-05
1.591643766e-05
1.591643766e-05
1.591643766e-05
1.591643766e-05
1.591643766e-05
1.591643766e-05
1.591643766e-05
1.591643766e-05
1.591643766e-05
1.591643766e-05
1.591643766e-05
1.591643766e-05
1.591643766e-05
1.591643766e-05
1.591643766e-05
1.591643766e-05
1.591643766e-05
1.591643766e-05
1.591643766e-05
1.591643766e-05
1.591643766e-05
1.591643766e-05
1.591643766e-05
1.591643766e-05
1.591643766e-05
1.591643766e-05
1.591643766e-05
1.591643766e-05
1.591643766e-05
1.591643766e-05
1.591643766e-05
1.591643766e-05
1.591643766e-05
1.591643766e-05
1.591643766e-05
1.591643766e-05
1.591643766e-05
1.591643766e-05
1.591643766e-05
1.591643766e-05
1.591643766e-05
1.591643766e-05
1.591643766e-05
1.591643766e-05
1.591643766e-05
1.591643766e-05
1.591643766e-05
1.591643766e-05
1.591643766e-05
1.591643766e-05
1.591643766e-05
1.591643766e-05
1.591643766e-05
1.591643766e-05
1.591643766e-05
1.591643766e-05
1.591643766e-05
1.591643766e-05
1.591643766e-05
1.591643766e-05
1.591643766e-05
1.591643766e-05
1.591643766e-05
1.591643766e-05
1.591643766e-05
0.0801125287
0.07968818196
0.07925810107
0.07878575897
0.07785526232
0.07434282492
0.0589102796
0.000188685029
1.594799277e-05
1.59164405e-05
1.591643766e-05
1.591643766e-05
1.591643766e-05
1.591643766e-05
1.591643766e-05
1.591643766e-05
1.591643766e-05
1.591643766e-05
1.591643766e-05
1.591643766e-05
1.591643766e-05
1.591643766e-05
1.591643766e-05
1.591643766e-05
1.591643766e-05
1.591643766e-05
1.591643766e-05
1.591643766e-05
1.591643766e-05
1.591643766e-05
1.591643766e-05
1.591643766e-05
1.591643766e-05
1.591643766e-05
1.591643766e-05
1.591643766e-05
1.591643766e-05
1.591643766e-05
1.591643766e-05
1.591643766e-05
1.591643766e-05
1.591643766e-05
1.591643766e-05
1.591643766e-05
1.591643766e-05
1.591643766e-05
1.591643766e-05
1.591643766e-05
1.591643766e-05
1.591643766e-05
1.591643766e-05
1.591643766e-05
1.591643766e-05
1.591643766e-05
1.591643766e-05
1.591643766e-05
1.591643766e-05
1.591643766e-05
1.591643766e-05
1.591643766e-05
1.591643766e-05
1.591643766e-05
1.591643766e-05
1.591643766e-05
1.591643766e-05
1.591643766e-05
1.591643766e-05
1.591643766e-05
1.591643766e-05
1.591643766e-05
1.591643766e-05
1.591643766e-05
1.591643766e-05
1.591643766e-05
1.591643766e-05
1.591643766e-05
1.591643766e-05
1.591643766e-05
1.591643766e-05
1.591643766e-05
1.591643766e-05
1.591643766e-05
1.591643766e-05
1.591643766e-05
1.591643766e-05
1.591643766e-05
1.591643766e-05
1.591643766e-05
1.591643766e-05
1.591643766e-05
1.591643766e-05
1.591643766e-05
1.591643766e-05
1.591643766e-05
1.591643766e-05
1.591643766e-05
1.591643766e-05
1.591643766e-05
1.591643766e-05
1.591643766e-05
1.591643766e-05
1.591643766e-05
0.07990560101
0.07948175692
0.07904580018
0.07856055245
0.07767465621
0.07451709817
0.06146277276
0.0002137469829
1.595431841e-05
1.591644213e-05
1.591643766e-05
1.591643766e-05
1.591643766e-05
1.591643766e-05
1.591643766e-05
1.591643766e-05
1.591643766e-05
1.591643766e-05
1.591643766e-05
1.591643766e-05
1.591643766e-05
1.591643766e-05
1.591643766e-05
1.591643766e-05
1.591643766e-05
1.591643766e-05
1.591643766e-05
1.591643766e-05
1.591643766e-05
1.591643766e-05
1.591643766e-05
1.591643766e-05
1.591643766e-05
1.591643766e-05
1.591643766e-05
1.591643766e-05
1.591643766e-05
1.591643766e-05
1.591643766e-05
1.591643766e-05
1.591643766e-05
1.591643766e-05
1.591643766e-05
1.591643766e-05
1.591643766e-05
1.591643766e-05
1.591643766e-05
1.591643766e-05
1.591643766e-05
1.591643766e-05
1.591643766e-05
1.591643766e-05
1.591643766e-05
1.591643766e-05
1.591643766e-05
1.591643766e-05
1.591643766e-05
1.591643766e-05
1.591643766e-05
1.591643766e-05
1.591643766e-05
1.591643766e-05
1.591643766e-05
1.591643766e-05
1.591643766e-05
1.591643766e-05
1.591643766e-05
1.591643766e-05
1.591643766e-05
1.591643766e-05
1.591643766e-05
1.591643766e-05
1.591643766e-05
1.591643766e-05
1.591643766e-05
1.591643766e-05
1.591643766e-05
1.591643766e-05
1.591643766e-05
1.591643766e-05
1.591643766e-05
1.591643766e-05
1.591643766e-05
1.591643766e-05
1.591643766e-05
1.591643766e-05
1.591643766e-05
1.591643766e-05
1.591643766e-05
1.591643766e-05
1.591643766e-05
1.591643766e-05
1.591643766e-05
1.591643766e-05
1.591643766e-05
1.591643766e-05
1.591643766e-05
1.591643766e-05
1.591643766e-05
1.591643766e-05
1.591643766e-05
1.591643766e-05
0.0796993821
0.07927194135
0.07882418001
0.07831835147
0.07746042228
0.07461776351
0.06351259103
0.0002386992535
1.608877337e-05
1.591646831e-05
1.591643766e-05
1.591643766e-05
1.591643766e-05
1.591643766e-05
1.591643766e-05
1.591643766e-05
1.591643766e-05
1.591643766e-05
1.591643766e-05
1.591643766e-05
1.591643766e-05
1.591643766e-05
1.591643766e-05
1.591643766e-05
1.591643766e-05
1.591643766e-05
1.591643766e-05
1.591643766e-05
1.591643766e-05
1.591643766e-05
1.591643766e-05
1.591643766e-05
1.591643766e-05
1.591643766e-05
1.591643766e-05
1.591643766e-05
1.591643766e-05
1.591643766e-05
1.591643766e-05
1.591643766e-05
1.591643766e-05
1.591643766e-05
1.591643766e-05
1.591643766e-05
1.591643766e-05
1.591643766e-05
1.591643766e-05
1.591643766e-05
1.591643766e-05
1.591643766e-05
1.591643766e-05
1.591643766e-05
1.591643766e-05
1.591643766e-05
1.591643766e-05
1.591643766e-05
1.591643766e-05
1.591643766e-05
1.591643766e-05
1.591643766e-05
1.591643766e-05
1.591643766e-05
1.591643766e-05
1.591643766e-05
1.591643766e-05
1.591643766e-05
1.591643766e-05
1.591643766e-05
1.591643766e-05
1.591643766e-05
1.591643766e-05
1.591643766e-05
1.591643766e-05
1.591643766e-05
1.591643766e-05
1.591643766e-05
1.591643766e-05
1.591643766e-05
1.591643766e-05
1.591643766e-05
1.591643766e-05
1.591643766e-05
1.591643766e-05
1.591643766e-05
1.591643766e-05
1.591643766e-05
1.591643766e-05
1.591643766e-05
1.591643766e-05
1.591643766e-05
1.591643766e-05
1.591643766e-05
1.591643766e-05
1.591643766e-05
1.591643766e-05
1.591643766e-05
1.591643766e-05
1.591643766e-05
1.591643766e-05
1.591643766e-05
1.591643766e-05
1.591643766e-05
0.07949186315
0.0790567981
0.07859261423
0.0780625888
0.07722702151
0.07468801772
0.06522925227
0.00348176555
1.789033865e-05
1.591666891e-05
1.591643768e-05
1.591643766e-05
1.591643766e-05
1.591643766e-05
1.591643766e-05
1.591643766e-05
1.591643766e-05
1.591643766e-05
1.591643766e-05
1.591643766e-05
1.591643766e-05
1.591643766e-05
1.591643766e-05
1.591643766e-05
1.591643766e-05
1.591643766e-05
1.591643766e-05
1.591643766e-05
1.591643766e-05
1.591643766e-05
1.591643766e-05
1.591643766e-05
1.591643766e-05
1.591643766e-05
1.591643766e-05
1.591643766e-05
1.591643766e-05
1.591643766e-05
1.591643766e-05
1.591643766e-05
1.591643766e-05
1.591643766e-05
1.591643766e-05
1.591643766e-05
1.591643766e-05
1.591643766e-05
1.591643766e-05
1.591643766e-05
1.591643766e-05
1.591643766e-05
1.591643766e-05
1.591643766e-05
1.591643766e-05
1.591643766e-05
1.591643766e-05
1.591643766e-05
1.591643766e-05
1.591643766e-05
1.591643766e-05
1.591643766e-05
1.591643766e-05
1.591643766e-05
1.591643766e-05
1.591643766e-05
1.591643766e-05
1.591643766e-05
1.591643766e-05
1.591643766e-05
1.591643766e-05
1.591643766e-05
1.591643766e-05
1.591643766e-05
1.591643766e-05
1.591643766e-05
1.591643766e-05
1.591643766e-05
1.591643766e-05
1.591643766e-05
1.591643766e-05
1.591643766e-05
1.591643766e-05
1.591643766e-05
1.591643766e-05
1.591643766e-05
1.591643766e-05
1.591643766e-05
1.591643766e-05
1.591643766e-05
1.591643766e-05
1.591643766e-05
1.591643766e-05
1.591643766e-05
1.591643766e-05
1.591643766e-05
1.591643766e-05
1.591643766e-05
1.591643766e-05
1.591643766e-05
1.591643766e-05
1.591643766e-05
1.591643766e-05
1.591643766e-05
0.0792807951
0.07883473183
0.07835228145
0.07780206191
0.07700212715
0.07479253996
0.06676370427
0.0141668533
2.737037192e-05
1.591751542e-05
1.591643774e-05
1.591643766e-05
1.591643766e-05
1.591643766e-05
1.591643766e-05
1.591643766e-05
1.591643766e-05
1.591643766e-05
1.591643766e-05
1.591643766e-05
1.591643766e-05
1.591643766e-05
1.591643766e-05
1.591643766e-05
1.591643766e-05
1.591643766e-05
1.591643766e-05
1.591643766e-05
1.591643766e-05
1.591643766e-05
1.591643766e-05
1.591643766e-05
1.591643766e-05
1.591643766e-05
1.591643766e-05
1.591643766e-05
1.591643766e-05
1.591643766e-05
1.591643766e-05
1.591643766e-05
1.591643766e-05
1.591643766e-05
1.591643766e-05
1.591643766e-05
1.591643766e-05
1.591643766e-05
1.591643766e-05
1.591643766e-05
1.591643766e-05
1.591643766e-05
1.591643766e-05
1.591643766e-05
1.591643766e-05
1.591643766e-05
1.591643766e-05
1.591643766e-05
1.591643766e-05
1.591643766e-05
1.591643766e-05
1.591643766e-05
1.591643766e-05
1.591643766e-05
1.591643766e-05
1.591643766e-05
1.591643766e-05
1.591643766e-05
1.591643766e-05
1.591643766e-05
1.591643766e-05
1.591643766e-05
1.591643766e-05
1.591643766e-05
1.591643766e-05
1.591643766e-05
1.591643766e-05
1.591643766e-05
1.591643766e-05
1.591643766e-05
1.591643766e-05
1.591643766e-05
1.591643766e-05
1.591643766e-05
1.591643766e-05
1.591643766e-05
1.591643766e-05
1.591643766e-05
1.591643766e-05
1.591643766e-05
1.591643766e-05
1.591643766e-05
1.591643766e-05
1.591643766e-05
1.591643766e-05
1.591643766e-05
1.591643766e-05
1.591643766e-05
1.591643766e-05
1.591643766e-05
1.591643766e-05
1.591643766e-05
1.591643766e-05
1.591643766e-05
0.07906497758
0.07860650179
0.07810808016
0.07754789214
0.07679892249
0.07491428821
0.06811336588
0.02563835443
4.533928347e-05
1.591941121e-05
1.591643784e-05
1.591643766e-05
1.591643766e-05
1.591643766e-05
1.591643766e-05
1.591643766e-05
1.591643766e-05
1.591643766e-05
1.591643766e-05
1.591643766e-05
1.591643766e-05
1.591643766e-05
1.591643766e-05
1.591643766e-05
1.591643766e-05
1.591643766e-05
1.591643766e-05
1.591643766e-05
1.591643766e-05
1.591643766e-05
1.591643766e-05
1.591643766e-05
1.591643766e-05
1.591643766e-05
1.591643766e-05
1.591643766e-05
1.591643766e-05
1.591643766e-05
1.591643766e-05
1.591643766e-05
1.591643766e-05
1.591643766e-05
1.591643766e-05
1.591643766e-05
1.591643766e-05
1.591643766e-05
1.591643766e-05
1.591643766e-05
1.591643766e-05
1.591643766e-05
1.591643766e-05
1.591643766e-05
1.591643766e-05
1.591643766e-05
1.591643766e-05
1.591643766e-05
1.591643766e-05
1.591643766e-05
1.591643766e-05
1.591643766e-05
1.591643766e-05
1.591643766e-05
1.591643766e-05
1.591643766e-05
1.591643766e-05
1.591643766e-05
1.591643766e-05
1.591643766e-05
1.591643766e-05
1.591643766e-05
1.591643766e-05
1.591643766e-05
1.591643766e-05
1.591643766e-05
1.591643766e-05
1.591643766e-05
1.591643766e-05
1.591643766e-05
1.591643766e-05
1.591643766e-05
1.591643766e-05
1.591643766e-05
1.591643766e-05
1.591643766e-05
1.591643766e-05
1.591643766e-05
1.591643766e-05
1.591643766e-05
1.591643766e-05
1.591643766e-05
1.591643766e-05
1.591643766e-05
1.591643766e-05
1.591643766e-05
1.591643766e-05
1.591643766e-05
1.591643766e-05
1.591643766e-05
1.591643766e-05
1.591643766e-05
1.591643766e-05
1.591643766e-05
0.07884494372
0.07837505571
0.07786598864
0.07730681963
0.07661497731
0.07501924166
0.06924368814
0.03542942446
6.868919302e-05
1.592243296e-05
1.5916438e-05
1.591643766e-05
1.591643766e-05
1.591643766e-05
1.591643766e-05
1.591643766e-05
1.591643766e-05
1.591643766e-05
1.591643766e-05
1.591643766e-05
1.591643766e-05
1.591643766e-05
1.591643766e-05
1.591643766e-05
1.591643766e-05
1.591643766e-05
1.591643766e-05
1.591643766e-05
1.591643766e-05
1.591643766e-05
1.591643766e-05
1.591643766e-05
1.591643766e-05
1.591643766e-05
1.591643766e-05
1.591643766e-05
1.591643766e-05
1.591643766e-05
1.591643766e-05
1.591643766e-05
1.591643766e-05
1.591643766e-05
1.591643766e-05
1.591643766e-05
1.591643766e-05
1.591643766e-05
1.591643766e-05
1.591643766e-05
1.591643766e-05
1.591643766e-05
1.591643766e-05
1.591643766e-05
1.591643766e-05
1.591643766e-05
1.591643766e-05
1.591643766e-05
1.591643766e-05
1.591643766e-05
1.591643766e-05
1.591643766e-05
1.591643766e-05
1.591643766e-05
1.591643766e-05
1.591643766e-05
1.591643766e-05
1.591643766e-05
1.591643766e-05
1.591643766e-05
1.591643766e-05
1.591643766e-05
1.591643766e-05
1.591643766e-05
1.591643766e-05
1.591643766e-05
1.591643766e-05
1.591643766e-05
1.591643766e-05
1.591643766e-05
1.591643766e-05
1.591643766e-05
1.591643766e-05
1.591643766e-05
1.591643766e-05
1.591643766e-05
1.591643766e-05
1.591643766e-05
1.591643766e-05
1.591643766e-05
1.591643766e-05
1.591643766e-05
1.591643766e-05
1.591643766e-05
1.591643766e-05
1.591643766e-05
1.591643766e-05
1.591643766e-05
1.591643766e-05
1.591643766e-05
1.591643766e-05
1.591643766e-05
1.591643766e-05
1.591643766e-05
0.07862258943
0.0781440704
0.07763045851
0.07708007199
0.07644103538
0.07508177169
0.07014797006
0.04330116375
9.480596135e-05
1.592645797e-05
1.591643819e-05
1.591643766e-05
1.591643766e-05
1.591643766e-05
1.591643766e-05
1.591643766e-05
1.591643766e-05
1.591643766e-05
1.591643766e-05
1.591643766e-05
1.591643766e-05
1.591643766e-05
1.591643766e-05
1.591643766e-05
1.591643766e-05
1.591643766e-05
1.591643766e-05
1.591643766e-05
1.591643766e-05
1.591643766e-05
1.591643766e-05
1.591643766e-05
1.591643766e-05
1.591643766e-05
1.591643766e-05
1.591643766e-05
1.591643766e-05
1.591643766e-05
1.591643766e-05
1.591643766e-05
1.591643766e-05
1.591643766e-05
1.591643766e-05
1.591643766e-05
1.591643766e-05
1.591643766e-05
1.591643766e-05
1.591643766e-05
1.591643766e-05
1.591643766e-05
1.591643766e-05
1.591643766e-05
1.591643766e-05
1.591643766e-05
1.591643766e-05
1.591643766e-05
1.591643766e-05
1.591643766e-05
1.591643766e-05
1.591643766e-05
1.591643766e-05
1.591643766e-05
1.591643766e-05
1.591643766e-05
1.591643766e-05
1.591643766e-05
1.591643766e-05
1.591643766e-05
1.591643766e-05
1.591643766e-05
1.591643766e-05
1.591643766e-05
1.591643766e-05
1.591643766e-05
1.591643766e-05
1.591643766e-05
1.591643766e-05
1.591643766e-05
1.591643766e-05
1.591643766e-05
1.591643766e-05
1.591643766e-05
1.591643766e-05
1.591643766e-05
1.591643766e-05
1.591643766e-05
1.591643766e-05
1.591643766e-05
1.591643766e-05
1.591643766e-05
1.591643766e-05
1.591643766e-05
1.591643766e-05
1.591643766e-05
1.591643766e-05
1.591643766e-05
1.591643766e-05
1.591643766e-05
1.591643766e-05
1.591643766e-05
1.591643766e-05
1.591643766e-05
0.07840031775
0.07791660558
0.07740340528
0.0768648693
0.076266833
0.07508783124
0.07083691249
0.04948428345
0.0001224436659
1.593133246e-05
1.59164384e-05
1.591643766e-05
1.591643766e-05
1.591643766e-05
1.591643766e-05
1.591643766e-05
1.591643766e-05
1.591643766e-05
1.591643766e-05
1.591643766e-05
1.591643766e-05
1.591643766e-05
1.591643766e-05
1.591643766e-05
1.591643766e-05
1.591643766e-05
1.591643766e-05
1.591643766e-05
1.591643766e-05
1.591643766e-05
1.591643766e-05
1.591643766e-05
1.591643766e-05
1.591643766e-05
1.591643766e-05
1.591643766e-05
1.591643766e-05
1.591643766e-05
1.591643766e-05
1.591643766e-05
1.591643766e-05
1.591643766e-05
1.591643766e-05
1.591643766e-05
1.591643766e-05
1.591643766e-05
1.591643766e-05
1.591643766e-05
1.591643766e-05
1.591643766e-05
1.591643766e-05
1.591643766e-05
1.591643766e-05
1.591643766e-05
1.591643766e-05
1.591643766e-05
1.591643766e-05
1.591643766e-05
1.591643766e-05
1.591643766e-05
1.591643766e-05
1.591643766e-05
1.591643766e-05
1.591643766e-05
1.591643766e-05
1.591643766e-05
1.591643766e-05
1.591643766e-05
1.591643766e-05
1.591643766e-05
1.591643766e-05
1.591643766e-05
1.591643766e-05
1.591643766e-05
1.591643766e-05
1.591643766e-05
1.591643766e-05
1.591643766e-05
1.591643766e-05
1.591643766e-05
1.591643766e-05
1.591643766e-05
1.591643766e-05
1.591643766e-05
1.591643766e-05
1.591643766e-05
1.591643766e-05
1.591643766e-05
1.591643766e-05
1.591643766e-05
1.591643766e-05
1.591643766e-05
1.591643766e-05
1.591643766e-05
1.591643766e-05
1.591643766e-05
1.591643766e-05
1.591643766e-05
1.591643766e-05
1.591643766e-05
1.591643766e-05
1.591643766e-05
0.07818026114
0.07769441452
0.07718440724
0.07665640055
0.07608382254
0.07503285727
0.07133239483
0.05424138208
0.0001509059671
1.593690109e-05
1.591643861e-05
1.591643766e-05
1.591643766e-05
1.591643766e-05
1.591643766e-05
1.591643766e-05
1.591643766e-05
1.591643766e-05
1.591643766e-05
1.591643766e-05
1.591643766e-05
1.591643766e-05
1.591643766e-05
1.591643766e-05
1.591643766e-05
1.591643766e-05
1.591643766e-05
1.591643766e-05
1.591643766e-05
1.591643766e-05
1.591643766e-05
1.591643766e-05
1.591643766e-05
1.591643766e-05
1.591643766e-05
1.591643766e-05
1.591643766e-05
1.591643766e-05
1.591643766e-05
1.591643766e-05
1.591643766e-05
1.591643766e-05
1.591643766e-05
1.591643766e-05
1.591643766e-05
1.591643766e-05
1.591643766e-05
1.591643766e-05
1.591643766e-05
1.591643766e-05
1.591643766e-05
1.591643766e-05
1.591643766e-05
1.591643766e-05
1.591643766e-05
1.591643766e-05
1.591643766e-05
1.591643766e-05
1.591643766e-05
1.591643766e-05
1.591643766e-05
1.591643766e-05
1.591643766e-05
1.591643766e-05
1.591643766e-05
1.591643766e-05
1.591643766e-05
1.591643766e-05
1.591643766e-05
1.591643766e-05
1.591643766e-05
1.591643766e-05
1.591643766e-05
1.591643766e-05
1.591643766e-05
1.591643766e-05
1.591643766e-05
1.591643766e-05
1.591643766e-05
1.591643766e-05
1.591643766e-05
1.591643766e-05
1.591643766e-05
1.591643766e-05
1.591643766e-05
1.591643766e-05
1.591643766e-05
1.591643766e-05
1.591643766e-05
1.591643766e-05
1.591643766e-05
1.591643766e-05
1.591643766e-05
1.591643766e-05
1.591643766e-05
1.591643766e-05
1.591643766e-05
1.591643766e-05
1.591643766e-05
1.591643766e-05
1.591643766e-05
1.591643766e-05
0.0779638404
0.07747788266
0.07697148793
0.0764495097
0.07588626028
0.07491914233
0.07166461191
0.05784018579
0.000179314607
1.594301319e-05
1.591644069e-05
1.591643766e-05
1.591643766e-05
1.591643766e-05
1.591643766e-05
1.591643766e-05
1.591643766e-05
1.591643766e-05
1.591643766e-05
1.591643766e-05
1.591643766e-05
1.591643766e-05
1.591643766e-05
1.591643766e-05
1.591643766e-05
1.591643766e-05
1.591643766e-05
1.591643766e-05
1.591643766e-05
1.591643766e-05
1.591643766e-05
1.591643766e-05
1.591643766e-05
1.591643766e-05
1.591643766e-05
1.591643766e-05
1.591643766e-05
1.591643766e-05
1.591643766e-05
1.591643766e-05
1.591643766e-05
1.591643766e-05
1.591643766e-05
1.591643766e-05
1.591643766e-05
1.591643766e-05
1.591643766e-05
1.591643766e-05
1.591643766e-05
1.591643766e-05
1.591643766e-05
1.591643766e-05
1.591643766e-05
1.591643766e-05
1.591643766e-05
1.591643766e-05
1.591643766e-05
1.591643766e-05
1.591643766e-05
1.591643766e-05
1.591643766e-05
1.591643766e-05
1.591643766e-05
1.591643766e-05
1.591643766e-05
1.591643766e-05
1.591643766e-05
1.591643766e-05
1.591643766e-05
1.591643766e-05
1.591643766e-05
1.591643766e-05
1.591643766e-05
1.591643766e-05
1.591643766e-05
1.591643766e-05
1.591643766e-05
1.591643766e-05
1.591643766e-05
1.591643766e-05
1.591643766e-05
1.591643766e-05
1.591643766e-05
1.591643766e-05
1.591643766e-05
1.591643766e-05
1.591643766e-05
1.591643766e-05
1.591643766e-05
1.591643766e-05
1.591643766e-05
1.591643766e-05
1.591643766e-05
1.591643766e-05
1.591643766e-05
1.591643766e-05
1.591643766e-05
1.591643766e-05
1.591643766e-05
1.591643766e-05
1.591643766e-05
1.591643766e-05
0.07775166476
0.07726634683
0.07676199673
0.07623980185
0.07567128064
0.07475307918
0.07186604843
0.06055689138
0.0002086399283
1.614670991e-05
1.591648e-05
1.591643766e-05
1.591643766e-05
1.591643766e-05
1.591643766e-05
1.591643766e-05
1.591643766e-05
1.591643766e-05
1.591643766e-05
1.591643766e-05
1.591643766e-05
1.591643766e-05
1.591643766e-05
1.591643766e-05
1.591643766e-05
1.591643766e-05
1.591643766e-05
1.591643766e-05
1.591643766e-05
1.591643766e-05
1.591643766e-05
1.591643766e-05
1.591643766e-05
1.591643766e-05
1.591643766e-05
1.591643766e-05
1.591643766e-05
1.591643766e-05
1.591643766e-05
1.591643766e-05
1.591643766e-05
1.591643766e-05
1.591643766e-05
1.591643766e-05
1.591643766e-05
1.591643766e-05
1.591643766e-05
1.591643766e-05
1.591643766e-05
1.591643766e-05
1.591643766e-05
1.591643766e-05
1.591643766e-05
1.591643766e-05
1.591643766e-05
1.591643766e-05
1.591643766e-05
1.591643766e-05
1.591643766e-05
1.591643766e-05
1.591643766e-05
1.591643766e-05
1.591643766e-05
1.591643766e-05
1.591643766e-05
1.591643766e-05
1.591643766e-05
1.591643766e-05
1.591643766e-05
1.591643766e-05
1.591643766e-05
1.591643766e-05
1.591643766e-05
1.591643766e-05
1.591643766e-05
1.591643766e-05
1.591643766e-05
1.591643766e-05
1.591643766e-05
1.591643766e-05
1.591643766e-05
1.591643766e-05
1.591643766e-05
1.591643766e-05
1.591643766e-05
1.591643766e-05
1.591643766e-05
1.591643766e-05
1.591643766e-05
1.591643766e-05
1.591643766e-05
1.591643766e-05
1.591643766e-05
1.591643766e-05
1.591643766e-05
1.591643766e-05
1.591643766e-05
1.591643766e-05
1.591643766e-05
1.591643766e-05
1.591643766e-05
1.591643766e-05
0.07754342461
0.07705817328
0.07655284372
0.07602402405
0.07544071021
0.07455563304
0.07201194898
0.06270230084
0.004978278856
1.877668624e-05
1.591669864e-05
1.591643768e-05
1.591643766e-05
1.591643766e-05
1.591643766e-05
1.591643766e-05
1.591643766e-05
1.591643766e-05
1.591643766e-05
1.591643766e-05
1.591643766e-05
1.591643766e-05
1.591643766e-05
1.591643766e-05
1.591643766e-05
1.591643766e-05
1.591643766e-05
1.591643766e-05
1.591643766e-05
1.591643766e-05
1.591643766e-05
1.591643766e-05
1.591643766e-05
1.591643766e-05
1.591643766e-05
1.591643766e-05
1.591643766e-05
1.591643766e-05
1.591643766e-05
1.591643766e-05
1.591643766e-05
1.591643766e-05
1.591643766e-05
1.591643766e-05
1.591643766e-05
1.591643766e-05
1.591643766e-05
1.591643766e-05
1.591643766e-05
1.591643766e-05
1.591643766e-05
1.591643766e-05
1.591643766e-05
1.591643766e-05
1.591643766e-05
1.591643766e-05
1.591643766e-05
1.591643766e-05
1.591643766e-05
1.591643766e-05
1.591643766e-05
1.591643766e-05
1.591643766e-05
1.591643766e-05
1.591643766e-05
1.591643766e-05
1.591643766e-05
1.591643766e-05
1.591643766e-05
1.591643766e-05
1.591643766e-05
1.591643766e-05
1.591643766e-05
1.591643766e-05
1.591643766e-05
1.591643766e-05
1.591643766e-05
1.591643766e-05
1.591643766e-05
1.591643766e-05
1.591643766e-05
1.591643766e-05
1.591643766e-05
1.591643766e-05
1.591643766e-05
1.591643766e-05
1.591643766e-05
1.591643766e-05
1.591643766e-05
1.591643766e-05
1.591643766e-05
1.591643766e-05
1.591643766e-05
1.591643766e-05
1.591643766e-05
1.591643766e-05
1.591643766e-05
1.591643766e-05
1.591643766e-05
1.591643766e-05
1.591643766e-05
1.591643766e-05
0.07733791083
0.07685106154
0.07634124102
0.07580140026
0.07520218185
0.07435571455
0.0721670294
0.06450117532
0.0166368057
2.988305209e-05
1.59175345e-05
1.591643769e-05
1.591643766e-05
1.591643766e-05
1.591643766e-05
1.591643766e-05
1.591643766e-05
1.591643766e-05
1.591643766e-05
1.591643766e-05
1.591643766e-05
1.591643766e-05
1.591643766e-05
1.591643766e-05
1.591643766e-05
1.591643766e-05
1.591643766e-05
1.591643766e-05
1.591643766e-05
1.591643766e-05
1.591643766e-05
1.591643766e-05
1.591643766e-05
1.591643766e-05
1.591643766e-05
1.591643766e-05
1.591643766e-05
1.591643766e-05
1.591643766e-05
1.591643766e-05
1.591643766e-05
1.591643766e-05
1.591643766e-05
1.591643766e-05
1.591643766e-05
1.591643766e-05
1.591643766e-05
1.591643766e-05
1.591643766e-05
1.591643766e-05
1.591643766e-05
1.591643766e-05
1.591643766e-05
1.591643766e-05
1.591643766e-05
1.591643766e-05
1.591643766e-05
1.591643766e-05
1.591643766e-05
1.591643766e-05
1.591643766e-05
1.591643766e-05
1.591643766e-05
1.591643766e-05
1.591643766e-05
1.591643766e-05
1.591643766e-05
1.591643766e-05
1.591643766e-05
1.591643766e-05
1.591643766e-05
1.591643766e-05
1.591643766e-05
1.591643766e-05
1.591643766e-05
1.591643766e-05
1.591643766e-05
1.591643766e-05
1.591643766e-05
1.591643766e-05
1.591643766e-05
1.591643766e-05
1.591643766e-05
1.591643766e-05
1.591643766e-05
1.591643766e-05
1.591643766e-05
1.591643766e-05
1.591643766e-05
1.591643766e-05
1.591643766e-05
1.591643766e-05
1.591643766e-05
1.591643766e-05
1.591643766e-05
1.591643766e-05
1.591643766e-05
1.591643766e-05
1.591643766e-05
1.591643766e-05
1.591643766e-05
1.591643766e-05
0.07713358504
0.07664313783
0.0761262705
0.07557465342
0.07496537053
0.07416757985
0.07231837579
0.06600182871
0.02842698546
4.958411943e-05
1.591939849e-05
1.591643771e-05
1.591643766e-05
1.591643766e-05
1.591643766e-05
1.591643766e-05
1.591643766e-05
1.591643766e-05
1.591643766e-05
1.591643766e-05
1.591643766e-05
1.591643766e-05
1.591643766e-05
1.591643766e-05
1.591643766e-05
1.591643766e-05
1.591643766e-05
1.591643766e-05
1.591643766e-05
1.591643766e-05
1.591643766e-05
1.591643766e-05
1.591643766e-05
1.591643766e-05
1.591643766e-05
1.591643766e-05
1.591643766e-05
1.591643766e-05
1.591643766e-05
1.591643766e-05
1.591643766e-05
1.591643766e-05
1.591643766e-05
1.591643766e-05
1.591643766e-05
1.591643766e-05
1.591643766e-05
1.591643766e-05
1.591643766e-05
1.591643766e-05
1.591643766e-05
1.591643766e-05
1.591643766e-05
1.591643766e-05
1.591643766e-05
1.591643766e-05
1.591643766e-05
1.591643766e-05
1.591643766e-05
1.591643766e-05
1.591643766e-05
1.591643766e-05
1.591643766e-05
1.591643766e-05
1.591643766e-05
1.591643766e-05
1.591643766e-05
1.591643766e-05
1.591643766e-05
1.591643766e-05
1.591643766e-05
1.591643766e-05
1.591643766e-05
1.591643766e-05
1.591643766e-05
1.591643766e-05
1.591643766e-05
1.591643766e-05
1.591643766e-05
1.591643766e-05
1.591643766e-05
1.591643766e-05
1.591643766e-05
1.591643766e-05
1.591643766e-05
1.591643766e-05
1.591643766e-05
1.591643766e-05
1.591643766e-05
1.591643766e-05
1.591643766e-05
1.591643766e-05
1.591643766e-05
1.591643766e-05
1.591643766e-05
1.591643766e-05
1.591643766e-05
1.591643766e-05
1.591643766e-05
1.591643766e-05
1.591643766e-05
1.591643766e-05
0.07692928454
0.07643373753
0.07590906441
0.07534810884
0.07473689482
0.07399150878
0.07243693941
0.0672031073
0.03812460205
7.44651244e-05
1.59223799e-05
1.591643771e-05
1.591643766e-05
1.591643766e-05
1.591643766e-05
1.591643766e-05
1.591643766e-05
1.591643766e-05
1.591643766e-05
1.591643766e-05
1.591643766e-05
1.591643766e-05
1.591643766e-05
1.591643766e-05
1.591643766e-05
1.591643766e-05
1.591643766e-05
1.591643766e-05
1.591643766e-05
1.591643766e-05
1.591643766e-05
1.591643766e-05
1.591643766e-05
1.591643766e-05
1.591643766e-05
1.591643766e-05
1.591643766e-05
1.591643766e-05
1.591643766e-05
1.591643766e-05
1.591643766e-05
1.591643766e-05
1.591643766e-05
1.591643766e-05
1.591643766e-05
1.591643766e-05
1.591643766e-05
1.591643766e-05
1.591643766e-05
1.591643766e-05
1.591643766e-05
1.591643766e-05
1.591643766e-05
1.591643766e-05
1.591643766e-05
1.591643766e-05
1.591643766e-05
1.591643766e-05
1.591643766e-05
1.591643766e-05
1.591643766e-05
1.591643766e-05
1.591643766e-05
1.591643766e-05
1.591643766e-05
1.591643766e-05
1.591643766e-05
1.591643766e-05
1.591643766e-05
1.591643766e-05
1.591643766e-05
1.591643766e-05
1.591643766e-05
1.591643766e-05
1.591643766e-05
1.591643766e-05
1.591643766e-05
1.591643766e-05
1.591643766e-05
1.591643766e-05
1.591643766e-05
1.591643766e-05
1.591643766e-05
1.591643766e-05
1.591643766e-05
1.591643766e-05
1.591643766e-05
1.591643766e-05
1.591643766e-05
1.591643766e-05
1.591643766e-05
1.591643766e-05
1.591643766e-05
1.591643766e-05
1.591643766e-05
1.591643766e-05
1.591643766e-05
1.591643766e-05
1.591643766e-05
1.591643766e-05
1.591643766e-05
1.591643766e-05
0.07672462128
0.07622343873
0.07569190412
0.07512557236
0.07451895785
0.07382107139
0.07250084862
0.06811964522
0.04566253398
0.0001020033054
1.592636814e-05
1.59164377e-05
1.591643766e-05
1.591643766e-05
1.591643766e-05
1.591643766e-05
1.591643766e-05
1.591643766e-05
1.591643766e-05
1.591643766e-05
1.591643766e-05
1.591643766e-05
1.591643766e-05
1.591643766e-05
1.591643766e-05
1.591643766e-05
1.591643766e-05
1.591643766e-05
1.591643766e-05
1.591643766e-05
1.591643766e-05
1.591643766e-05
1.591643766e-05
1.591643766e-05
1.591643766e-05
1.591643766e-05
1.591643766e-05
1.591643766e-05
1.591643766e-05
1.591643766e-05
1.591643766e-05
1.591643766e-05
1.591643766e-05
1.591643766e-05
1.591643766e-05
1.591643766e-05
1.591643766e-05
1.591643766e-05
1.591643766e-05
1.591643766e-05
1.591643766e-05
1.591643766e-05
1.591643766e-05
1.591643766e-05
1.591643766e-05
1.591643766e-05
1.591643766e-05
1.591643766e-05
1.591643766e-05
1.591643766e-05
1.591643766e-05
1.591643766e-05
1.591643766e-05
1.591643766e-05
1.591643766e-05
1.591643766e-05
1.591643766e-05
1.591643766e-05
1.591643766e-05
1.591643766e-05
1.591643766e-05
1.591643766e-05
1.591643766e-05
1.591643766e-05
1.591643766e-05
1.591643766e-05
1.591643766e-05
1.591643766e-05
1.591643766e-05
1.591643766e-05
1.591643766e-05
1.591643766e-05
1.591643766e-05
1.591643766e-05
1.591643766e-05
1.591643766e-05
1.591643766e-05
1.591643766e-05
1.591643766e-05
1.591643766e-05
1.591643766e-05
1.591643766e-05
1.591643766e-05
1.591643766e-05
1.591643766e-05
1.591643766e-05
1.591643766e-05
1.591643766e-05
1.591643766e-05
1.591643766e-05
1.591643766e-05
1.591643766e-05
0.07651997522
0.07601358546
0.07547713588
0.07490918953
0.07431017945
0.07364817804
0.07249913546
0.06877892483
0.05136353442
0.0001309492449
1.593119477e-05
1.591643765e-05
1.591643766e-05
1.591643766e-05
1.591643766e-05
1.591643766e-05
1.591643766e-05
1.591643766e-05
1.591643766e-05
1.591643766e-05
1.591643766e-05
1.591643766e-05
1.591643766e-05
1.591643766e-05
1.591643766e-05
1.591643766e-05
1.591643766e-05
1.591643766e-05
1.591643766e-05
1.591643766e-05
1.591643766e-05
1.591643766e-05
1.591643766e-05
1.591643766e-05
1.591643766e-05
1.591643766e-05
1.591643766e-05
1.591643766e-05
1.591643766e-05
1.591643766e-05
1.591643766e-05
1.591643766e-05
1.591643766e-05
1.591643766e-05
1.591643766e-05
1.591643766e-05
1.591643766e-05
1.591643766e-05
1.591643766e-05
1.591643766e-05
1.591643766e-05
1.591643766e-05
1.591643766e-05
1.591643766e-05
1.591643766e-05
1.591643766e-05
1.591643766e-05
1.591643766e-05
1.591643766e-05
1.591643766e-05
1.591643766e-05
1.591643766e-05
1.591643766e-05
1.591643766e-05
1.591643766e-05
1.591643766e-05
1.591643766e-05
1.591643766e-05
1.591643766e-05
1.591643766e-05
1.591643766e-05
1.591643766e-05
1.591643766e-05
1.591643766e-05
1.591643766e-05
1.591643766e-05
1.591643766e-05
1.591643766e-05
1.591643766e-05
1.591643766e-05
1.591643766e-05
1.591643766e-05
1.591643766e-05
1.591643766e-05
1.591643766e-05
1.591643766e-05
1.591643766e-05
1.591643766e-05
1.591643766e-05
1.591643766e-05
1.591643766e-05
1.591643766e-05
1.591643766e-05
1.591643766e-05
1.591643766e-05
1.591643766e-05
1.591643766e-05
1.591643766e-05
1.591643766e-05
1.591643766e-05
1.591643766e-05
1.591643766e-05
0.07631622495
0.07580569504
0.07526643767
0.07469928086
0.07410709545
0.07346584211
0.07243032242
0.06921903492
0.05557212107
0.0001602916593
1.593674975e-05
1.591644125e-05
1.591643766e-05
1.591643766e-05
1.591643766e-05
1.591643766e-05
1.591643766e-05
1.591643766e-05
1.591643766e-05
1.591643766e-05
1.591643766e-05
1.591643766e-05
1.591643766e-05
1.591643766e-05
1.591643766e-05
1.591643766e-05
1.591643766e-05
1.591643766e-05
1.591643766e-05
1.591643766e-05
1.591643766e-05
1.591643766e-05
1.591643766e-05
1.591643766e-05
1.591643766e-05
1.591643766e-05
1.591643766e-05
1.591643766e-05
1.591643766e-05
1.591643766e-05
1.591643766e-05
1.591643766e-05
1.591643766e-05
1.591643766e-05
1.591643766e-05
1.591643766e-05
1.591643766e-05
1.591643766e-05
1.591643766e-05
1.591643766e-05
1.591643766e-05
1.591643766e-05
1.591643766e-05
1.591643766e-05
1.591643766e-05
1.591643766e-05
1.591643766e-05
1.591643766e-05
1.591643766e-05
1.591643766e-05
1.591643766e-05
1.591643766e-05
1.591643766e-05
1.591643766e-05
1.591643766e-05
1.591643766e-05
1.591643766e-05
1.591643766e-05
1.591643766e-05
1.591643766e-05
1.591643766e-05
1.591643766e-05
1.591643766e-05
1.591643766e-05
1.591643766e-05
1.591643766e-05
1.591643766e-05
1.591643766e-05
1.591643766e-05
1.591643766e-05
1.591643766e-05
1.591643766e-05
1.591643766e-05
1.591643766e-05
1.591643766e-05
1.591643766e-05
1.591643766e-05
1.591643766e-05
1.591643766e-05
1.591643766e-05
1.591643766e-05
1.591643766e-05
1.591643766e-05
1.591643766e-05
1.591643766e-05
1.591643766e-05
1.591643766e-05
1.591643766e-05
1.591643766e-05
1.591643766e-05
1.591643766e-05
1.591643766e-05
0.0761144118
0.07560101611
0.07506056227
0.0744948002
0.07390568721
0.073269355
0.07229959999
0.06948370216
0.05864134619
0.0001926324569
1.631328598e-05
1.591651756e-05
1.591643767e-05
1.591643766e-05
1.591643766e-05
1.591643766e-05
1.591643766e-05
1.591643766e-05
1.591643766e-05
1.591643766e-05
1.591643766e-05
1.591643766e-05
1.591643766e-05
1.591643766e-05
1.591643766e-05
1.591643766e-05
1.591643766e-05
1.591643766e-05
1.591643766e-05
1.591643766e-05
1.591643766e-05
1.591643766e-05
1.591643766e-05
1.591643766e-05
1.591643766e-05
1.591643766e-05
1.591643766e-05
1.591643766e-05
1.591643766e-05
1.591643766e-05
1.591643766e-05
1.591643766e-05
1.591643766e-05
1.591643766e-05
1.591643766e-05
1.591643766e-05
1.591643766e-05
1.591643766e-05
1.591643766e-05
1.591643766e-05
1.591643766e-05
1.591643766e-05
1.591643766e-05
1.591643766e-05
1.591643766e-05
1.591643766e-05
1.591643766e-05
1.591643766e-05
1.591643766e-05
1.591643766e-05
1.591643766e-05
1.591643766e-05
1.591643766e-05
1.591643766e-05
1.591643766e-05
1.591643766e-05
1.591643766e-05
1.591643766e-05
1.591643766e-05
1.591643766e-05
1.591643766e-05
1.591643766e-05
1.591643766e-05
1.591643766e-05
1.591643766e-05
1.591643766e-05
1.591643766e-05
1.591643766e-05
1.591643766e-05
1.591643766e-05
1.591643766e-05
1.591643766e-05
1.591643766e-05
1.591643766e-05
1.591643766e-05
1.591643766e-05
1.591643766e-05
1.591643766e-05
1.591643766e-05
1.591643766e-05
1.591643766e-05
1.591643766e-05
1.591643766e-05
1.591643766e-05
1.591643766e-05
1.591643766e-05
1.591643766e-05
1.591643766e-05
1.591643766e-05
1.591643766e-05
1.591643766e-05
1.591643766e-05
0.07591531882
0.07540003835
0.0748589577
0.07429333054
0.07370216199
0.07305993032
0.07213687692
0.0696968853
0.06101025484
0.008776379244
2.137332162e-05
1.591680221e-05
1.591643766e-05
1.591643766e-05
1.591643766e-05
1.591643766e-05
1.591643766e-05
1.591643766e-05
1.591643766e-05
1.591643766e-05
1.591643766e-05
1.591643766e-05
1.591643766e-05
1.591643766e-05
1.591643766e-05
1.591643766e-05
1.591643766e-05
1.591643766e-05
1.591643766e-05
1.591643766e-05
1.591643766e-05
1.591643766e-05
1.591643766e-05
1.591643766e-05
1.591643766e-05
1.591643766e-05
1.591643766e-05
1.591643766e-05
1.591643766e-05
1.591643766e-05
1.591643766e-05
1.591643766e-05
1.591643766e-05
1.591643766e-05
1.591643766e-05
1.591643766e-05
1.591643766e-05
1.591643766e-05
1.591643766e-05
1.591643766e-05
1.591643766e-05
1.591643766e-05
1.591643766e-05
1.591643766e-05
1.591643766e-05
1.591643766e-05
1.591643766e-05
1.591643766e-05
1.591643766e-05
1.591643766e-05
1.591643766e-05
1.591643766e-05
1.591643766e-05
1.591643766e-05
1.591643766e-05
1.591643766e-05
1.591643766e-05
1.591643766e-05
1.591643766e-05
1.591643766e-05
1.591643766e-05
1.591643766e-05
1.591643766e-05
1.591643766e-05
1.591643766e-05
1.591643766e-05
1.591643766e-05
1.591643766e-05
1.591643766e-05
1.591643766e-05
1.591643766e-05
1.591643766e-05
1.591643766e-05
1.591643766e-05
1.591643766e-05
1.591643766e-05
1.591643766e-05
1.591643766e-05
1.591643766e-05
1.591643766e-05
1.591643766e-05
1.591643766e-05
1.591643766e-05
1.591643766e-05
1.591643766e-05
1.591643766e-05
1.591643766e-05
1.591643766e-05
1.591643766e-05
1.591643766e-05
1.591643766e-05
1.591643766e-05
0.07571919904
0.07520240027
0.0746601921
0.07409246547
0.07349527585
0.07284433611
0.07196805174
0.0698956399
0.06291708138
0.02138838228
3.574870087e-05
1.591776032e-05
1.591643762e-05
1.591643766e-05
1.591643766e-05
1.591643766e-05
1.591643766e-05
1.591643766e-05
1.591643766e-05
1.591643766e-05
1.591643766e-05
1.591643766e-05
1.591643766e-05
1.591643766e-05
1.591643766e-05
1.591643766e-05
1.591643766e-05
1.591643766e-05
1.591643766e-05
1.591643766e-05
1.591643766e-05
1.591643766e-05
1.591643766e-05
1.591643766e-05
1.591643766e-05
1.591643766e-05
1.591643766e-05
1.591643766e-05
1.591643766e-05
1.591643766e-05
1.591643766e-05
1.591643766e-05
1.591643766e-05
1.591643766e-05
1.591643766e-05
1.591643766e-05
1.591643766e-05
1.591643766e-05
1.591643766e-05
1.591643766e-05
1.591643766e-05
1.591643766e-05
1.591643766e-05
1.591643766e-05
1.591643766e-05
1.591643766e-05
1.591643766e-05
1.591643766e-05
1.591643766e-05
1.591643766e-05
1.591643766e-05
1.591643766e-05
1.591643766e-05
1.591643766e-05
1.591643766e-05
1.591643766e-05
1.591643766e-05
1.591643766e-05
1.591643766e-05
1.591643766e-05
1.591643766e-05
1.591643766e-05
1.591643766e-05
1.591643766e-05
1.591643766e-05
1.591643766e-05
1.591643766e-05
1.591643766e-05
1.591643766e-05
1.591643766e-05
1.591643766e-05
1.591643766e-05
1.591643766e-05
1.591643766e-05
1.591643766e-05
1.591643766e-05
1.591643766e-05
1.591643766e-05
1.591643766e-05
1.591643766e-05
1.591643766e-05
1.591643766e-05
1.591643766e-05
1.591643766e-05
1.591643766e-05
1.591643766e-05
1.591643766e-05
1.591643766e-05
1.591643766e-05
1.591643766e-05
1.591643766e-05
1.591643766e-05
0.07552580846
0.07500726662
0.07446286273
0.07389109085
0.07328657533
0.07263010346
0.07180397907
0.07006460868
0.06442909007
0.03269952235
5.769817218e-05
1.591972706e-05
1.591643752e-05
1.591643766e-05
1.591643766e-05
1.591643766e-05
1.591643766e-05
1.591643766e-05
1.591643766e-05
1.591643766e-05
1.591643766e-05
1.591643766e-05
1.591643766e-05
1.591643766e-05
1.591643766e-05
1.591643766e-05
1.591643766e-05
1.591643766e-05
1.591643766e-05
1.591643766e-05
1.591643766e-05
1.591643766e-05
1.591643766e-05
1.591643766e-05
1.591643766e-05
1.591643766e-05
1.591643766e-05
1.591643766e-05
1.591643766e-05
1.591643766e-05
1.591643766e-05
1.591643766e-05
1.591643766e-05
1.591643766e-05
1.591643766e-05
1.591643766e-05
1.591643766e-05
1.591643766e-05
1.591643766e-05
1.591643766e-05
1.591643766e-05
1.591643766e-05
1.591643766e-05
1.591643766e-05
1.591643766e-05
1.591643766e-05
1.591643766e-05
1.591643766e-05
1.591643766e-05
1.591643766e-05
1.591643766e-05
1.591643766e-05
1.591643766e-05
1.591643766e-05
1.591643766e-05
1.591643766e-05
1.591643766e-05
1.591643766e-05
1.591643766e-05
1.591643766e-05
1.591643766e-05
1.591643766e-05
1.591643766e-05
1.591643766e-05
1.591643766e-05
1.591643766e-05
1.591643766e-05
1.591643766e-05
1.591643766e-05
1.591643766e-05
1.591643766e-05
1.591643766e-05
1.591643766e-05
1.591643766e-05
1.591643766e-05
1.591643766e-05
1.591643766e-05
1.591643766e-05
1.591643766e-05
1.591643766e-05
1.591643766e-05
1.591643766e-05
1.591643766e-05
1.591643766e-05
1.591643766e-05
1.591643766e-05
1.591643766e-05
1.591643766e-05
1.591643766e-05
1.591643766e-05
1.591643766e-05
1.591643766e-05
0.07533466009
0.07481384545
0.07426625931
0.07368959645
0.07307891982
0.07242217908
0.07164479018
0.07018159539
0.06558313662
0.0415750733
8.385221159e-05
1.592274188e-05
1.591643736e-05
1.591643766e-05
1.591643766e-05
1.591643766e-05
1.591643766e-05
1.591643766e-05
1.591643766e-05
1.591643766e-05
1.591643766e-05
1.591643766e-05
1.591643766e-05
1.591643766e-05
1.591643766e-05
1.591643766e-05
1.591643766e-05
1.591643766e-05
1.591643766e-05
1.591643766e-05
1.591643766e-05
1.591643766e-05
1.591643766e-05
1.591643766e-05
1.591643766e-05
1.591643766e-05
1.591643766e-05
1.591643766e-05
1.591643766e-05
1.591643766e-05
1.591643766e-05
1.591643766e-05
1.591643766e-05
1.591643766e-05
1.591643766e-05
1.591643766e-05
1.591643766e-05
1.591643766e-05
1.591643766e-05
1.591643766e-05
1.591643766e-05
1.591643766e-05
1.591643766e-05
1.591643766e-05
1.591643766e-05
1.591643766e-05
1.591643766e-05
1.591643766e-05
1.591643766e-05
1.591643766e-05
1.591643766e-05
1.591643766e-05
1.591643766e-05
1.591643766e-05
1.591643766e-05
1.591643766e-05
1.591643766e-05
1.591643766e-05
1.591643766e-05
1.591643766e-05
1.591643766e-05
1.591643766e-05
1.591643766e-05
1.591643766e-05
1.591643766e-05
1.591643766e-05
1.591643766e-05
1.591643766e-05
1.591643766e-05
1.591643766e-05
1.591643766e-05
1.591643766e-05
1.591643766e-05
1.591643766e-05
1.591643766e-05
1.591643766e-05
1.591643766e-05
1.591643766e-05
1.591643766e-05
1.591643766e-05
1.591643766e-05
1.591643766e-05
1.591643766e-05
1.591643766e-05
1.591643766e-05
1.591643766e-05
1.591643766e-05
1.591643766e-05
1.591643766e-05
1.591643766e-05
1.591643766e-05
1.591643766e-05
0.07514531636
0.0746217415
0.07407051111
0.07348931616
0.07287494486
0.07222215349
0.07148568539
0.07023198956
0.06641899418
0.04824687447
0.0001121850077
1.592668196e-05
1.591643713e-05
1.591643766e-05
1.591643766e-05
1.591643766e-05
1.591643766e-05
1.591643766e-05
1.591643766e-05
1.591643766e-05
1.591643766e-05
1.591643766e-05
1.591643766e-05
1.591643766e-05
1.591643766e-05
1.591643766e-05
1.591643766e-05
1.591643766e-05
1.591643766e-05
1.591643766e-05
1.591643766e-05
1.591643766e-05
1.591643766e-05
1.591643766e-05
1.591643766e-05
1.591643766e-05
1.591643766e-05
1.591643766e-05
1.591643766e-05
1.591643766e-05
1.591643766e-05
1.591643766e-05
1.591643766e-05
1.591643766e-05
1.591643766e-05
1.591643766e-05
1.591643766e-05
1.591643766e-05
1.591643766e-05
1.591643766e-05
1.591643766e-05
1.591643766e-05
1.591643766e-05
1.591643766e-05
1.591643766e-05
1.591643766e-05
1.591643766e-05
1.591643766e-05
1.591643766e-05
1.591643766e-05
1.591643766e-05
1.591643766e-05
1.591643766e-05
1.591643766e-05
1.591643766e-05
1.591643766e-05
1.591643766e-05
1.591643766e-05
1.591643766e-05
1.591643766e-05
1.591643766e-05
1.591643766e-05
1.591643766e-05
1.591643766e-05
1.591643766e-05
1.591643766e-05
1.591643766e-05
1.591643766e-05
1.591643766e-05
1.591643766e-05
1.591643766e-05
1.591643766e-05
1.591643766e-05
1.591643766e-05
1.591643766e-05
1.591643766e-05
1.591643766e-05
1.591643766e-05
1.591643766e-05
1.591643766e-05
1.591643766e-05
1.591643766e-05
1.591643766e-05
1.591643766e-05
1.591643766e-05
1.591643766e-05
1.591643766e-05
1.591643766e-05
1.591643766e-05
1.591643766e-05
1.591643766e-05
1.591643766e-05
0.07495758235
0.0744310464
0.07387634722
0.07329177851
0.07267616868
0.07202882924
0.07132077588
0.07021088182
0.06698257691
0.0531168607
0.0001414730455
1.593147489e-05
1.591644134e-05
1.591643766e-05
1.591643766e-05
1.591643766e-05
1.591643766e-05
1.591643766e-05
1.591643766e-05
1.591643766e-05
1.591643766e-05
1.591643766e-05
1.591643766e-05
1.591643766e-05
1.591643766e-05
1.591643766e-05
1.591643766e-05
1.591643766e-05
1.591643766e-05
1.591643766e-05
1.591643766e-05
1.591643766e-05
1.591643766e-05
1.591643766e-05
1.591643766e-05
1.591643766e-05
1.591643766e-05
1.591643766e-05
1.591643766e-05
1.591643766e-05
1.591643766e-05
1.591643766e-05
1.591643766e-05
1.591643766e-05
1.591643766e-05
1.591643766e-05
1.591643766e-05
1.591643766e-05
1.591643766e-05
1.591643766e-05
1.591643766e-05
1.591643766e-05
1.591643766e-05
1.591643766e-05
1.591643766e-05
1.591643766e-05
1.591643766e-05
1.591643766e-05
1.591643766e-05
1.591643766e-05
1.591643766e-05
1.591643766e-05
1.591643766e-05
1.591643766e-05
1.591643766e-05
1.591643766e-05
1.591643766e-05
1.591643766e-05
1.591643766e-05
1.591643766e-05
1.591643766e-05
1.591643766e-05
1.591643766e-05
1.591643766e-05
1.591643766e-05
1.591643766e-05
1.591643766e-05
1.591643766e-05
1.591643766e-05
1.591643766e-05
1.591643766e-05
1.591643766e-05
1.591643766e-05
1.591643766e-05
1.591643766e-05
1.591643766e-05
1.591643766e-05
1.591643766e-05
1.591643766e-05
1.591643766e-05
1.591643766e-05
1.591643766e-05
1.591643766e-05
1.591643766e-05
1.591643766e-05
1.591643766e-05
1.591643766e-05
1.591643766e-05
1.591643766e-05
1.591643766e-05
1.591643766e-05
1.591643766e-05
0.0747715609
0.07424223104
0.07368472989
0.07309817554
0.07248287974
0.07183963961
0.07114497493
0.07012145699
0.0673262044
0.05659386198
0.0001750752759
1.63815176e-05
1.591653338e-05
1.591643766e-05
1.591643766e-05
1.591643766e-05
1.591643766e-05
1.591643766e-05
1.591643766e-05
1.591643766e-05
1.591643766e-05
1.591643766e-05
1.591643766e-05
1.591643766e-05
1.591643766e-05
1.591643766e-05
1.591643766e-05
1.591643766e-05
1.591643766e-05
1.591643766e-05
1.591643766e-05
1.591643766e-05
1.591643766e-05
1.591643766e-05
1.591643766e-05
1.591643766e-05
1.591643766e-05
1.591643766e-05
1.591643766e-05
1.591643766e-05
1.591643766e-05
1.591643766e-05
1.591643766e-05
1.591643766e-05
1.591643766e-05
1.591643766e-05
1.591643766e-05
1.591643766e-05
1.591643766e-05
1.591643766e-05
1.591643766e-05
1.591643766e-05
1.591643766e-05
1.591643766e-05
1.591643766e-05
1.591643766e-05
1.591643766e-05
1.591643766e-05
1.591643766e-05
1.591643766e-05
1.591643766e-05
1.591643766e-05
1.591643766e-05
1.591643766e-05
1.591643766e-05
1.591643766e-05
1.591643766e-05
1.591643766e-05
1.591643766e-05
1.591643766e-05
1.591643766e-05
1.591643766e-05
1.591643766e-05
1.591643766e-05
1.591643766e-05
1.591643766e-05
1.591643766e-05
1.591643766e-05
1.591643766e-05
1.591643766e-05
1.591643766e-05
1.591643766e-05
1.591643766e-05
1.591643766e-05
1.591643766e-05
1.591643766e-05
1.591643766e-05
1.591643766e-05
1.591643766e-05
1.591643766e-05
1.591643766e-05
1.591643766e-05
1.591643766e-05
1.591643766e-05
1.591643766e-05
1.591643766e-05
1.591643766e-05
1.591643766e-05
1.591643766e-05
1.591643766e-05
1.591643766e-05
1.591643766e-05
0.0745875422
0.07405583788
0.07349631307
0.07290870786
0.07229375836
0.07165123411
0.07095852714
0.06999524746
0.06759970772
0.05920132876
0.01041195659
2.245620752e-05
1.591678194e-05
1.591643764e-05
1.591643766e-05
1.591643766e-05
1.591643766e-05
1.591643766e-05
1.591643766e-05
1.591643766e-05
1.591643766e-05
1.591643766e-05
1.591643766e-05
1.591643766e-05
1.591643766e-05
1.591643766e-05
1.591643766e-05
1.591643766e-05
1.591643766e-05
1.591643766e-05
1.591643766e-05
1.591643766e-05
1.591643766e-05
1.591643766e-05
1.591643766e-05
1.591643766e-05
1.591643766e-05
1.591643766e-05
1.591643766e-05
1.591643766e-05
1.591643766e-05
1.591643766e-05
1.591643766e-05
1.591643766e-05
1.591643766e-05
1.591643766e-05
1.591643766e-05
1.591643766e-05
1.591643766e-05
1.591643766e-05
1.591643766e-05
1.591643766e-05
1.591643766e-05
1.591643766e-05
1.591643766e-05
1.591643766e-05
1.591643766e-05
1.591643766e-05
1.591643766e-05
1.591643766e-05
1.591643766e-05
1.591643766e-05
1.591643766e-05
1.591643766e-05
1.591643766e-05
1.591643766e-05
1.591643766e-05
1.591643766e-05
1.591643766e-05
1.591643766e-05
1.591643766e-05
1.591643766e-05
1.591643766e-05
1.591643766e-05
1.591643766e-05
1.591643766e-05
1.591643766e-05
1.591643766e-05
1.591643766e-05
1.591643766e-05
1.591643766e-05
1.591643766e-05
1.591643766e-05
1.591643766e-05
1.591643766e-05
1.591643766e-05
1.591643766e-05
1.591643766e-05
1.591643766e-05
1.591643766e-05
1.591643766e-05
1.591643766e-05
1.591643766e-05
1.591643766e-05
1.591643766e-05
1.591643766e-05
1.591643766e-05
1.591643766e-05
1.591643766e-05
1.591643766e-05
1.591643766e-05
1.591643766e-05
0.07440582063
0.07387219813
0.07331118348
0.07272270864
0.07210701831
0.07146198992
0.07076659706
0.06985678704
0.06783590283
0.06123020721
0.023340274
3.784152424e-05
1.591764758e-05
1.591643754e-05
1.591643766e-05
1.591643766e-05
1.591643766e-05
1.591643766e-05
1.591643766e-05
1.591643766e-05
1.591643766e-05
1.591643766e-05
1.591643766e-05
1.591643766e-05
1.591643766e-05
1.591643766e-05
1.591643766e-05
1.591643766e-05
1.591643766e-05
1.591643766e-05
1.591643766e-05
1.591643766e-05
1.591643766e-05
1.591643766e-05
1.591643766e-05
1.591643766e-05
1.591643766e-05
1.591643766e-05
1.591643766e-05
1.591643766e-05
1.591643766e-05
1.591643766e-05
1.591643766e-05
1.591643766e-05
1.591643766e-05
1.591643766e-05
1.591643766e-05
1.591643766e-05
1.591643766e-05
1.591643766e-05
1.591643766e-05
1.591643766e-05
1.591643766e-05
1.591643766e-05
1.591643766e-05
1.591643766e-05
1.591643766e-05
1.591643766e-05
1.591643766e-05
1.591643766e-05
1.591643766e-05
1.591643766e-05
1.591643766e-05
1.591643766e-05
1.591643766e-05
1.591643766e-05
1.591643766e-05
1.591643766e-05
1.591643766e-05
1.591643766e-05
1.591643766e-05
1.591643766e-05
1.591643766e-05
1.591643766e-05
1.591643766e-05
1.591643766e-05
1.591643766e-05
1.591643766e-05
1.591643766e-05
1.591643766e-05
1.591643766e-05
1.591643766e-05
1.591643766e-05
1.591643766e-05
1.591643766e-05
1.591643766e-05
1.591643766e-05
1.591643766e-05
1.591643766e-05
1.591643766e-05
1.591643766e-05
1.591643766e-05
1.591643766e-05
1.591643766e-05
1.591643766e-05
1.591643766e-05
1.591643766e-05
1.591643766e-05
1.591643766e-05
1.591643766e-05
1.591643766e-05
1.591643766e-05
0.07422655954
0.07369133764
0.07312898916
0.07253925579
0.07192153548
0.07127244636
0.07057508784
0.06971664284
0.06802397505
0.06278100081
0.03437512922
6.02596289e-05
1.591944534e-05
1.591643734e-05
1.591643766e-05
1.591643766e-05
1.591643766e-05
1.591643766e-05
1.591643766e-05
1.591643766e-05
1.591643766e-05
1.591643766e-05
1.591643766e-05
1.591643766e-05
1.591643766e-05
1.591643766e-05
1.591643766e-05
1.591643766e-05
1.591643766e-05
1.591643766e-05
1.591643766e-05
1.591643766e-05
1.591643766e-05
1.591643766e-05
1.591643766e-05
1.591643766e-05
1.591643766e-05
1.591643766e-05
1.591643766e-05
1.591643766e-05
1.591643766e-05
1.591643766e-05
1.591643766e-05
1.591643766e-05
1.591643766e-05
1.591643766e-05
1.591643766e-05
1.591643766e-05
1.591643766e-05
1.591643766e-05
1.591643766e-05
1.591643766e-05
1.591643766e-05
1.591643766e-05
1.591643766e-05
1.591643766e-05
1.591643766e-05
1.591643766e-05
1.591643766e-05
1.591643766e-05
1.591643766e-05
1.591643766e-05
1.591643766e-05
1.591643766e-05
1.591643766e-05
1.591643766e-05
1.591643766e-05
1.591643766e-05
1.591643766e-05
1.591643766e-05
1.591643766e-05
1.591643766e-05
1.591643766e-05
1.591643766e-05
1.591643766e-05
1.591643766e-05
1.591643766e-05
1.591643766e-05
1.591643766e-05
1.591643766e-05
1.591643766e-05
1.591643766e-05
1.591643766e-05
1.591643766e-05
1.591643766e-05
1.591643766e-05
1.591643766e-05
1.591643766e-05
1.591643766e-05
1.591643766e-05
1.591643766e-05
1.591643766e-05
1.591643766e-05
1.591643766e-05
1.591643766e-05
1.591643766e-05
1.591643766e-05
1.591643766e-05
1.591643766e-05
1.591643766e-05
1.591643766e-05
1.591643766e-05
0.07404976039
0.07351306498
0.07294925592
0.07235772388
0.07173722206
0.0710843634
0.07038804499
0.06957617398
0.06814814748
0.06392445859
0.04280849292
8.653012418e-05
1.592221541e-05
1.591643703e-05
1.591643766e-05
1.591643766e-05
1.591643766e-05
1.591643766e-05
1.591643766e-05
1.591643766e-05
1.591643766e-05
1.591643766e-05
1.591643766e-05
1.591643766e-05
1.591643766e-05
1.591643766e-05
1.591643766e-05
1.591643766e-05
1.591643766e-05
1.591643766e-05
1.591643766e-05
1.591643766e-05
1.591643766e-05
1.591643766e-05
1.591643766e-05
1.591643766e-05
1.591643766e-05
1.591643766e-05
1.591643766e-05
1.591643766e-05
1.591643766e-05
1.591643766e-05
1.591643766e-05
1.591643766e-05
1.591643766e-05
1.591643766e-05
1.591643766e-05
1.591643766e-05
1.591643766e-05
1.591643766e-05
1.591643766e-05
1.591643766e-05
1.591643766e-05
1.591643766e-05
1.591643766e-05
1.591643766e-05
1.591643766e-05
1.591643766e-05
1.591643766e-05
1.591643766e-05
1.591643766e-05
1.591643766e-05
1.591643766e-05
1.591643766e-05
1.591643766e-05
1.591643766e-05
1.591643766e-05
1.591643766e-05
1.591643766e-05
1.591643766e-05
1.591643766e-05
1.591643766e-05
1.591643766e-05
1.591643766e-05
1.591643766e-05
1.591643766e-05
1.591643766e-05
1.591643766e-05
1.591643766e-05
1.591643766e-05
1.591643766e-05
1.591643766e-05
1.591643766e-05
1.591643766e-05
1.591643766e-05
1.591643766e-05
1.591643766e-05
1.591643766e-05
1.591643766e-05
1.591643766e-05
1.591643766e-05
1.591643766e-05
1.591643766e-05
1.591643766e-05
1.591643766e-05
1.591643766e-05
1.591643766e-05
1.591643766e-05
1.591643766e-05
1.591643766e-05
1.591643766e-05
1.591643766e-05
0.07387531938
0.07333713901
0.07277166641
0.07217801321
0.07155477124
0.07089957133
0.07020688721
0.06943248895
0.06819911626
0.06472239883
0.04899914606
0.0001147852524
1.592591934e-05
1.59164398e-05
1.591643766e-05
1.591643766e-05
1.591643766e-05
1.591643766e-05
1.591643766e-05
1.591643766e-05
1.591643766e-05
1.591643766e-05
1.591643766e-05
1.591643766e-05
1.591643766e-05
1.591643766e-05
1.591643766e-05
1.591643766e-05
1.591643766e-05
1.591643766e-05
1.591643766e-05
1.591643766e-05
1.591643766e-05
1.591643766e-05
1.591643766e-05
1.591643766e-05
1.591643766e-05
1.591643766e-05
1.591643766e-05
1.591643766e-05
1.591643766e-05
1.591643766e-05
1.591643766e-05
1.591643766e-05
1.591643766e-05
1.591643766e-05
1.591643766e-05
1.591643766e-05
1.591643766e-05
1.591643766e-05
1.591643766e-05
1.591643766e-05
1.591643766e-05
1.591643766e-05
1.591643766e-05
1.591643766e-05
1.591643766e-05
1.591643766e-05
1.591643766e-05
1.591643766e-05
1.591643766e-05
1.591643766e-05
1.591643766e-05
1.591643766e-05
1.591643766e-05
1.591643766e-05
1.591643766e-05
1.591643766e-05
1.591643766e-05
1.591643766e-05
1.591643766e-05
1.591643766e-05
1.591643766e-05
1.591643766e-05
1.591643766e-05
1.591643766e-05
1.591643766e-05
1.591643766e-05
1.591643766e-05
1.591643766e-05
1.591643766e-05
1.591643766e-05
1.591643766e-05
1.591643766e-05
1.591643766e-05
1.591643766e-05
1.591643766e-05
1.591643766e-05
1.591643766e-05
1.591643766e-05
1.591643766e-05
1.591643766e-05
1.591643766e-05
1.591643766e-05
1.591643766e-05
1.591643766e-05
1.591643766e-05
1.591643766e-05
1.591643766e-05
1.591643766e-05
1.591643766e-05
1.591643766e-05
0.07370312003
0.07316341595
0.07259619269
0.0720004884
0.07137518606
0.0707192895
0.0700310345
0.06928137581
0.06817590773
0.06523569888
0.05340463595
0.0001469770778
1.624188883e-05
1.591649919e-05
1.591643766e-05
1.591643766e-05
1.591643766e-05
1.591643766e-05
1.591643766e-05
1.591643766e-05
1.591643766e-05
1.591643766e-05
1.591643766e-05
1.591643766e-05
1.591643766e-05
1.591643766e-05
1.591643766e-05
1.591643766e-05
1.591643766e-05
1.591643766e-05
1.591643766e-05
1.591643766e-05
1.591643766e-05
1.591643766e-05
1.591643766e-05
1.591643766e-05
1.591643766e-05
1.591643766e-05
1.591643766e-05
1.591643766e-05
1.591643766e-05
1.591643766e-05
1.591643766e-05
1.591643766e-05
1.591643766e-05
1.591643766e-05
1.591643766e-05
1.591643766e-05
1.591643766e-05
1.591643766e-05
1.591643766e-05
1.591643766e-05
1.591643766e-05
1.591643766e-05
1.591643766e-05
1.591643766e-05
1.591643766e-05
1.591643766e-05
1.591643766e-05
1.591643766e-05
1.591643766e-05
1.591643766e-05
1.591643766e-05
1.591643766e-05
1.591643766e-05
1.591643766e-05
1.591643766e-05
1.591643766e-05
1.591643766e-05
1.591643766e-05
1.591643766e-05
1.591643766e-05
1.591643766e-05
1.591643766e-05
1.591643766e-05
1.591643766e-05
1.591643766e-05
1.591643766e-05
1.591643766e-05
1.591643766e-05
1.591643766e-05
1.591643766e-05
1.591643766e-05
1.591643766e-05
1.591643766e-05
1.591643766e-05
1.591643766e-05
1.591643766e-05
1.591643766e-05
1.591643766e-05
1.591643766e-05
1.591643766e-05
1.591643766e-05
1.591643766e-05
1.591643766e-05
1.591643766e-05
1.591643766e-05
1.591643766e-05
1.591643766e-05
1.591643766e-05
1.591643766e-05
1.591643766e-05
0.07353310152
0.07299189834
0.07242302825
0.07182565103
0.07119913622
0.0705435222
0.06985845745
0.06912145244
0.06810113047
0.06560208005
0.05657857556
0.00761832627
2.014440395e-05
1.59166171e-05
1.591643764e-05
1.591643766e-05
1.591643766e-05
1.591643766e-05
1.591643766e-05
1.591643766e-05
1.591643766e-05
1.591643766e-05
1.591643766e-05
1.591643766e-05
1.591643766e-05
1.591643766e-05
1.591643766e-05
1.591643766e-05
1.591643766e-05
1.591643766e-05
1.591643766e-05
1.591643766e-05
1.591643766e-05
1.591643766e-05
1.591643766e-05
1.591643766e-05
1.591643766e-05
1.591643766e-05
1.591643766e-05
1.591643766e-05
1.591643766e-05
1.591643766e-05
1.591643766e-05
1.591643766e-05
1.591643766e-05
1.591643766e-05
1.591643766e-05
1.591643766e-05
1.591643766e-05
1.591643766e-05
1.591643766e-05
1.591643766e-05
1.591643766e-05
1.591643766e-05
1.591643766e-05
1.591643766e-05
1.591643766e-05
1.591643766e-05
1.591643766e-05
1.591643766e-05
1.591643766e-05
1.591643766e-05
1.591643766e-05
1.591643766e-05
1.591643766e-05
1.591643766e-05
1.591643766e-05
1.591643766e-05
1.591643766e-05
1.591643766e-05
1.591643766e-05
1.591643766e-05
1.591643766e-05
1.591643766e-05
1.591643766e-05
1.591643766e-05
1.591643766e-05
1.591643766e-05
1.591643766e-05
1.591643766e-05
1.591643766e-05
1.591643766e-05
1.591643766e-05
1.591643766e-05
1.591643766e-05
1.591643766e-05
1.591643766e-05
1.591643766e-05
1.591643766e-05
1.591643766e-05
1.591643766e-05
1.591643766e-05
1.591643766e-05
1.591643766e-05
1.591643766e-05
1.591643766e-05
1.591643766e-05
1.591643766e-05
1.591643766e-05
1.591643766e-05
1.591643766e-05
1.591643766e-05
0.073365273
0.07282268559
0.07225241064
0.07165381466
0.07102666323
0.07037136156
0.0696872875
0.06895521666
0.06799979066
0.06589346733
0.05894365644
0.0201881056
3.254662958e-05
1.591711464e-05
1.591643753e-05
1.591643766e-05
1.591643766e-05
1.591643766e-05
1.591643766e-05
1.591643766e-05
1.591643766e-05
1.591643766e-05
1.591643766e-05
1.591643766e-05
1.591643766e-05
1.591643766e-05
1.591643766e-05
1.591643766e-05
1.591643766e-05
1.591643766e-05
1.591643766e-05
1.591643766e-05
1.591643766e-05
1.591643766e-05
1.591643766e-05
1.591643766e-05
1.591643766e-05
1.591643766e-05
1.591643766e-05
1.591643766e-05
1.591643766e-05
1.591643766e-05
1.591643766e-05
1.591643766e-05
1.591643766e-05
1.591643766e-05
1.591643766e-05
1.591643766e-05
1.591643766e-05
1.591643766e-05
1.591643766e-05
1.591643766e-05
1.591643766e-05
1.591643766e-05
1.591643766e-05
1.591643766e-05
1.591643766e-05
1.591643766e-05
1.591643766e-05
1.591643766e-05
1.591643766e-05
1.591643766e-05
1.591643766e-05
1.591643766e-05
1.591643766e-05
1.591643766e-05
1.591643766e-05
1.591643766e-05
1.591643766e-05
1.591643766e-05
1.591643766e-05
1.591643766e-05
1.591643766e-05
1.591643766e-05
1.591643766e-05
1.591643766e-05
1.591643766e-05
1.591643766e-05
1.591643766e-05
1.591643766e-05
1.591643766e-05
1.591643766e-05
1.591643766e-05
1.591643766e-05
1.591643766e-05
1.591643766e-05
1.591643766e-05
1.591643766e-05
1.591643766e-05
1.591643766e-05
1.591643766e-05
1.591643766e-05
1.591643766e-05
1.591643766e-05
1.591643766e-05
1.591643766e-05
1.591643766e-05
1.591643766e-05
1.591643766e-05
1.591643766e-05
1.591643766e-05
1.591643766e-05
0.07319968461
0.07265588804
0.07208447904
0.07148499735
0.07085736866
0.07020181891
0.06951695633
0.06878694734
0.06788671614
0.06612076934
0.06070892788
0.03175545624
5.269174124e-05
1.591836472e-05
1.591643729e-05
1.591643766e-05
1.591643766e-05
1.591643766e-05
1.591643766e-05
1.591643766e-05
1.591643766e-05
1.591643766e-05
1.591643766e-05
1.591643766e-05
1.591643766e-05
1.591643766e-05
1.591643766e-05
1.591643766e-05
1.591643766e-05
1.591643766e-05
1.591643766e-05
1.591643766e-05
1.591643766e-05
1.591643766e-05
1.591643766e-05
1.591643766e-05
1.591643766e-05
1.591643766e-05
1.591643766e-05
1.591643766e-05
1.591643766e-05
1.591643766e-05
1.591643766e-05
1.591643766e-05
1.591643766e-05
1.591643766e-05
1.591643766e-05
1.591643766e-05
1.591643766e-05
1.591643766e-05
1.591643766e-05
1.591643766e-05
1.591643766e-05
1.591643766e-05
1.591643766e-05
1.591643766e-05
1.591643766e-05
1.591643766e-05
1.591643766e-05
1.591643766e-05
1.591643766e-05
1.591643766e-05
1.591643766e-05
1.591643766e-05
1.591643766e-05
1.591643766e-05
1.591643766e-05
1.591643766e-05
1.591643766e-05
1.591643766e-05
1.591643766e-05
1.591643766e-05
1.591643766e-05
1.591643766e-05
1.591643766e-05
1.591643766e-05
1.591643766e-05
1.591643766e-05
1.591643766e-05
1.591643766e-05
1.591643766e-05
1.591643766e-05
1.591643766e-05
1.591643766e-05
1.591643766e-05
1.591643766e-05
1.591643766e-05
1.591643766e-05
1.591643766e-05
1.591643766e-05
1.591643766e-05
1.591643766e-05
1.591643766e-05
1.591643766e-05
1.591643766e-05
1.591643766e-05
1.591643766e-05
1.591643766e-05
1.591643766e-05
1.591643766e-05
1.591643766e-05
1.591643766e-05
0.0730363873
0.072491566
0.07191923661
0.07131901856
0.07069078979
0.07003440476
0.06934809909
0.06862039072
0.0677675551
0.06627773663
0.06199357099
0.0407162757
7.744598418e-05
1.592050306e-05
1.591643691e-05
1.591643766e-05
1.591643766e-05
1.591643766e-05
1.591643766e-05
1.591643766e-05
1.591643766e-05
1.591643766e-05
1.591643766e-05
1.591643766e-05
1.591643766e-05
1.591643766e-05
1.591643766e-05
1.591643766e-05
1.591643766e-05
1.591643766e-05
1.591643766e-05
1.591643766e-05
1.591643766e-05
1.591643766e-05
1.591643766e-05
1.591643766e-05
1.591643766e-05
1.591643766e-05
1.591643766e-05
1.591643766e-05
1.591643766e-05
1.591643766e-05
1.591643766e-05
1.591643766e-05
1.591643766e-05
1.591643766e-05
1.591643766e-05
1.591643766e-05
1.591643766e-05
1.591643766e-05
1.591643766e-05
1.591643766e-05
1.591643766e-05
1.591643766e-05
1.591643766e-05
1.591643766e-05
1.591643766e-05
1.591643766e-05
1.591643766e-05
1.591643766e-05
1.591643766e-05
1.591643766e-05
1.591643766e-05
1.591643766e-05
1.591643766e-05
1.591643766e-05
1.591643766e-05
1.591643766e-05
1.591643766e-05
1.591643766e-05
1.591643766e-05
1.591643766e-05
1.591643766e-05
1.591643766e-05
1.591643766e-05
1.591643766e-05
1.591643766e-05
1.591643766e-05
1.591643766e-05
1.591643766e-05
1.591643766e-05
1.591643766e-05
1.591643766e-05
1.591643766e-05
1.591643766e-05
1.591643766e-05
1.591643766e-05
1.591643766e-05
1.591643766e-05
1.591643766e-05
1.591643766e-05
1.591643766e-05
1.591643766e-05
1.591643766e-05
1.591643766e-05
1.591643766e-05
1.591643766e-05
1.591643766e-05
1.591643766e-05
1.591643766e-05
1.591643766e-05
1.591643766e-05
0.0728754075
0.07232971873
0.07175660191
0.07115567334
0.07052668198
0.06986923452
0.0691818545
0.06845754595
0.06764270914
0.06635863617
0.06288543052
0.04727792059
0.0001046423427
1.592357098e-05
1.591644042e-05
1.591643766e-05
1.591643766e-05
1.591643766e-05
1.591643766e-05
1.591643766e-05
1.591643766e-05
1.591643766e-05
1.591643766e-05
1.591643766e-05
1.591643766e-05
1.591643766e-05
1.591643766e-05
1.591643766e-05
1.591643766e-05
1.591643766e-05
1.591643766e-05
1.591643766e-05
1.591643766e-05
1.591643766e-05
1.591643766e-05
1.591643766e-05
1.591643766e-05
1.591643766e-05
1.591643766e-05
1.591643766e-05
1.591643766e-05
1.591643766e-05
1.591643766e-05
1.591643766e-05
1.591643766e-05
1.591643766e-05
1.591643766e-05
1.591643766e-05
1.591643766e-05
1.591643766e-05
1.591643766e-05
1.591643766e-05
1.591643766e-05
1.591643766e-05
1.591643766e-05
1.591643766e-05
1.591643766e-05
1.591643766e-05
1.591643766e-05
1.591643766e-05
1.591643766e-05
1.591643766e-05
1.591643766e-05
1.591643766e-05
1.591643766e-05
1.591643766e-05
1.591643766e-05
1.591643766e-05
1.591643766e-05
1.591643766e-05
1.591643766e-05
1.591643766e-05
1.591643766e-05
1.591643766e-05
1.591643766e-05
1.591643766e-05
1.591643766e-05
1.591643766e-05
1.591643766e-05
1.591643766e-05
1.591643766e-05
1.591643766e-05
1.591643766e-05
1.591643766e-05
1.591643766e-05
1.591643766e-05
1.591643766e-05
1.591643766e-05
1.591643766e-05
1.591643766e-05
1.591643766e-05
1.591643766e-05
1.591643766e-05
1.591643766e-05
1.591643766e-05
1.591643766e-05
1.591643766e-05
1.591643766e-05
1.591643766e-05
1.591643766e-05
1.591643766e-05
1.591643766e-05
0.07271674611
0.07217031375
0.07159649477
0.07099487285
0.07036511438
0.06970683542
0.06901926583
0.06829882499
0.06751012682
0.06636345565
0.0634589859
0.05191231442
0.0001370162137
1.631862419e-05
1.591651566e-05
1.591643766e-05
1.591643766e-05
1.591643766e-05
1.591643766e-05
1.591643766e-05
1.591643766e-05
1.591643766e-05
1.591643766e-05
1.591643766e-05
1.591643766e-05
1.591643766e-05
1.591643766e-05
1.591643766e-05
1.591643766e-05
1.591643766e-05
1.591643766e-05
1.591643766e-05
1.591643766e-05
1.591643766e-05
1.591643766e-05
1.591643766e-05
1.591643766e-05
1.591643766e-05
1.591643766e-05
1.591643766e-05
1.591643766e-05
1.591643766e-05
1.591643766e-05
1.591643766e-05
1.591643766e-05
1.591643766e-05
1.591643766e-05
1.591643766e-05
1.591643766e-05
1.591643766e-05
1.591643766e-05
1.591643766e-05
1.591643766e-05
1.591643766e-05
1.591643766e-05
1.591643766e-05
1.591643766e-05
1.591643766e-05
1.591643766e-05
1.591643766e-05
1.591643766e-05
1.591643766e-05
1.591643766e-05
1.591643766e-05
1.591643766e-05
1.591643766e-05
1.591643766e-05
1.591643766e-05
1.591643766e-05
1.591643766e-05
1.591643766e-05
1.591643766e-05
1.591643766e-05
1.591643766e-05
1.591643766e-05
1.591643766e-05
1.591643766e-05
1.591643766e-05
1.591643766e-05
1.591643766e-05
1.591643766e-05
1.591643766e-05
1.591643766e-05
1.591643766e-05
1.591643766e-05
1.591643766e-05
1.591643766e-05
1.591643766e-05
1.591643766e-05
1.591643766e-05
1.591643766e-05
1.591643766e-05
1.591643766e-05
1.591643766e-05
1.591643766e-05
1.591643766e-05
1.591643766e-05
1.591643766e-05
1.591643766e-05
1.591643766e-05
1.591643766e-05
1.591643766e-05
0.07256039248
0.07201332282
0.07143888726
0.07083665598
0.0702063078
0.06954764273
0.06886054152
0.06814314561
0.06736962996
0.06631720578
0.06387725615
0.0552208128
0.009517986848
2.127895774e-05
1.591659832e-05
1.591643762e-05
1.591643766e-05
1.591643766e-05
1.591643766e-05
1.591643766e-05
1.591643766e-05
1.591643766e-05
1.591643766e-05
1.591643766e-05
1.591643766e-05
1.591643766e-05
1.591643766e-05
1.591643766e-05
1.591643766e-05
1.591643766e-05
1.591643766e-05
1.591643766e-05
1.591643766e-05
1.591643766e-05
1.591643766e-05
1.591643766e-05
1.591643766e-05
1.591643766e-05
1.591643766e-05
1.591643766e-05
1.591643766e-05
1.591643766e-05
1.591643766e-05
1.591643766e-05
1.591643766e-05
1.591643766e-05
1.591643766e-05
1.591643766e-05
1.591643766e-05
1.591643766e-05
1.591643766e-05
1.591643766e-05
1.591643766e-05
1.591643766e-05
1.591643766e-05
1.591643766e-05
1.591643766e-05
1.591643766e-05
1.591643766e-05
1.591643766e-05
1.591643766e-05
1.591643766e-05
1.591643766e-05
1.591643766e-05
1.591643766e-05
1.591643766e-05
1.591643766e-05
1.591643766e-05
1.591643766e-05
1.591643766e-05
1.591643766e-05
1.591643766e-05
1.591643766e-05
1.591643766e-05
1.591643766e-05
1.591643766e-05
1.591643766e-05
1.591643766e-05
1.591643766e-05
1.591643766e-05
1.591643766e-05
1.591643766e-05
1.591643766e-05
1.591643766e-05
1.591643766e-05
1.591643766e-05
1.591643766e-05
1.591643766e-05
1.591643766e-05
1.591643766e-05
1.591643766e-05
1.591643766e-05
1.591643766e-05
1.591643766e-05
1.591643766e-05
1.591643766e-05
1.591643766e-05
1.591643766e-05
1.591643766e-05
1.591643766e-05
1.591643766e-05
1.591643766e-05
0.07240633838
0.07185873898
0.07128379904
0.07068110972
0.07005042352
0.06939172793
0.06870519177
0.06798931732
0.06722379372
0.06624265801
0.06420111608
0.0576450906
0.02232881991
3.472937681e-05
1.591703171e-05
1.591643746e-05
1.591643766e-05
1.591643766e-05
1.591643766e-05
1.591643766e-05
1.591643766e-05
1.591643766e-05
1.591643766e-05
1.591643766e-05
1.591643766e-05
1.591643766e-05
1.591643766e-05
1.591643766e-05
1.591643766e-05
1.591643766e-05
1.591643766e-05
1.591643766e-05
1.591643766e-05
1.591643766e-05
1.591643766e-05
1.591643766e-05
1.591643766e-05
1.591643766e-05
1.591643766e-05
1.591643766e-05
1.591643766e-05
1.591643766e-05
1.591643766e-05
1.591643766e-05
1.591643766e-05
1.591643766e-05
1.591643766e-05
1.591643766e-05
1.591643766e-05
1.591643766e-05
1.591643766e-05
1.591643766e-05
1.591643766e-05
1.591643766e-05
1.591643766e-05
1.591643766e-05
1.591643766e-05
1.591643766e-05
1.591643766e-05
1.591643766e-05
1.591643766e-05
1.591643766e-05
1.591643766e-05
1.591643766e-05
1.591643766e-05
1.591643766e-05
1.591643766e-05
1.591643766e-05
1.591643766e-05
1.591643766e-05
1.591643766e-05
1.591643766e-05
1.591643766e-05
1.591643766e-05
1.591643766e-05
1.591643766e-05
1.591643766e-05
1.591643766e-05
1.591643766e-05
1.591643766e-05
1.591643766e-05
1.591643766e-05
1.591643766e-05
1.591643766e-05
1.591643766e-05
1.591643766e-05
1.591643766e-05
1.591643766e-05
1.591643766e-05
1.591643766e-05
1.591643766e-05
1.591643766e-05
1.591643766e-05
1.591643766e-05
1.591643766e-05
1.591643766e-05
1.591643766e-05
1.591643766e-05
1.591643766e-05
1.591643766e-05
1.591643766e-05
1.591643766e-05
0.07225458316
0.07170657114
0.07113126171
0.07052828618
0.06989746828
0.0692388696
0.06855258997
0.06783694973
0.06707618918
0.06615297484
0.06444361521
0.0594034891
0.03341611776
5.519734625e-05
1.591815364e-05
1.591643715e-05
1.591643766e-05
1.591643766e-05
1.591643766e-05
1.591643766e-05
1.591643766e-05
1.591643766e-05
1.591643766e-05
1.591643766e-05
1.591643766e-05
1.591643766e-05
1.591643766e-05
1.591643766e-05
1.591643766e-05
1.591643766e-05
1.591643766e-05
1.591643766e-05
1.591643766e-05
1.591643766e-05
1.591643766e-05
1.591643766e-05
1.591643766e-05
1.591643766e-05
1.591643766e-05
1.591643766e-05
1.591643766e-05
1.591643766e-05
1.591643766e-05
1.591643766e-05
1.591643766e-05
1.591643766e-05
1.591643766e-05
1.591643766e-05
1.591643766e-05
1.591643766e-05
1.591643766e-05
1.591643766e-05
1.591643766e-05
1.591643766e-05
1.591643766e-05
1.591643766e-05
1.591643766e-05
1.591643766e-05
1.591643766e-05
1.591643766e-05
1.591643766e-05
1.591643766e-05
1.591643766e-05
1.591643766e-05
1.591643766e-05
1.591643766e-05
1.591643766e-05
1.591643766e-05
1.591643766e-05
1.591643766e-05
1.591643766e-05
1.591643766e-05
1.591643766e-05
1.591643766e-05
1.591643766e-05
1.591643766e-05
1.591643766e-05
1.591643766e-05
1.591643766e-05
1.591643766e-05
1.591643766e-05
1.591643766e-05
1.591643766e-05
1.591643766e-05
1.591643766e-05
1.591643766e-05
1.591643766e-05
1.591643766e-05
1.591643766e-05
1.591643766e-05
1.591643766e-05
1.591643766e-05
1.591643766e-05
1.591643766e-05
1.591643766e-05
1.591643766e-05
1.591643766e-05
1.591643766e-05
1.591643766e-05
1.591643766e-05
1.591643766e-05
1.591643766e-05
0.07210513025
0.07155682881
0.07098128709
0.07037817117
0.06974733121
0.06908878155
0.06840240177
0.06768647299
0.06692982266
0.06605374208
0.06460493951
0.06064508683
0.04178638608
7.975635874e-05
1.592012369e-05
1.591643858e-05
1.591643766e-05
1.591643766e-05
1.591643766e-05
1.591643766e-05
1.591643766e-05
1.591643766e-05
1.591643766e-05
1.591643766e-05
1.591643766e-05
1.591643766e-05
1.591643766e-05
1.591643766e-05
1.591643766e-05
1.591643766e-05
1.591643766e-05
1.591643766e-05
1.591643766e-05
1.591643766e-05
1.591643766e-05
1.591643766e-05
1.591643766e-05
1.591643766e-05
1.591643766e-05
1.591643766e-05
1.591643766e-05
1.591643766e-05
1.591643766e-05
1.591643766e-05
1.591643766e-05
1.591643766e-05
1.591643766e-05
1.591643766e-05
1.591643766e-05
1.591643766e-05
1.591643766e-05
1.591643766e-05
1.591643766e-05
1.591643766e-05
1.591643766e-05
1.591643766e-05
1.591643766e-05
1.591643766e-05
1.591643766e-05
1.591643766e-05
1.591643766e-05
1.591643766e-05
1.591643766e-05
1.591643766e-05
1.591643766e-05
1.591643766e-05
1.591643766e-05
1.591643766e-05
1.591643766e-05
1.591643766e-05
1.591643766e-05
1.591643766e-05
1.591643766e-05
1.591643766e-05
1.591643766e-05
1.591643766e-05
1.591643766e-05
1.591643766e-05
1.591643766e-05
1.591643766e-05
1.591643766e-05
1.591643766e-05
1.591643766e-05
1.591643766e-05
1.591643766e-05
1.591643766e-05
1.591643766e-05
1.591643766e-05
1.591643766e-05
1.591643766e-05
1.591643766e-05
1.591643766e-05
1.591643766e-05
1.591643766e-05
1.591643766e-05
1.591643766e-05
1.591643766e-05
1.591643766e-05
1.591643766e-05
1.591643766e-05
1.591643766e-05
1.591643766e-05
0.07195798064
0.07140951044
0.07083385858
0.070230706
0.06959988356
0.06894130629
0.06825469701
0.06753867656
0.06678622467
0.0659463363
0.06468528415
0.061479206
0.04779641397
0.0001084570918
1.6109096e-05
1.591647086e-05
1.591643766e-05
1.591643766e-05
1.591643766e-05
1.591643766e-05
1.591643766e-05
1.591643766e-05
1.591643766e-05
1.591643766e-05
1.591643766e-05
1.591643766e-05
1.591643766e-05
1.591643766e-05
1.591643766e-05
1.591643766e-05
1.591643766e-05
1.591643766e-05
1.591643766e-05
1.591643766e-05
1.591643766e-05
1.591643766e-05
1.591643766e-05
1.591643766e-05
1.591643766e-05
1.591643766e-05
1.591643766e-05
1.591643766e-05
1.591643766e-05
1.591643766e-05
1.591643766e-05
1.591643766e-05
1.591643766e-05
1.591643766e-05
1.591643766e-05
1.591643766e-05
1.591643766e-05
1.591643766e-05
1.591643766e-05
1.591643766e-05
1.591643766e-05
1.591643766e-05
1.591643766e-05
1.591643766e-05
1.591643766e-05
1.591643766e-05
1.591643766e-05
1.591643766e-05
1.591643766e-05
1.591643766e-05
1.591643766e-05
1.591643766e-05
1.591643766e-05
1.591643766e-05
1.591643766e-05
1.591643766e-05
1.591643766e-05
1.591643766e-05
1.591643766e-05
1.591643766e-05
1.591643766e-05
1.591643766e-05
1.591643766e-05
1.591643766e-05
1.591643766e-05
1.591643766e-05
1.591643766e-05
1.591643766e-05
1.591643766e-05
1.591643766e-05
1.591643766e-05
1.591643766e-05
1.591643766e-05
1.591643766e-05
1.591643766e-05
1.591643766e-05
1.591643766e-05
1.591643766e-05
1.591643766e-05
1.591643766e-05
1.591643766e-05
1.591643766e-05
1.591643766e-05
1.591643766e-05
1.591643766e-05
1.591643766e-05
1.591643766e-05
1.591643766e-05
0.07181312901
0.07126460175
0.07068894254
0.07008582889
0.06945505403
0.0687964596
0.06810977184
0.06739419999
0.0666458345
0.06583097621
0.06469907202
0.06204648193
0.05202738062
0.004890302603
1.825714051e-05
1.591650053e-05
1.591643764e-05
1.591643766e-05
1.591643766e-05
1.591643766e-05
1.591643766e-05
1.591643766e-05
1.591643766e-05
1.591643766e-05
1.591643766e-05
1.591643766e-05
1.591643766e-05
1.591643766e-05
1.591643766e-05
1.591643766e-05
1.591643766e-05
1.591643766e-05
1.591643766e-05
1.591643766e-05
1.591643766e-05
1.591643766e-05
1.591643766e-05
1.591643766e-05
1.591643766e-05
1.591643766e-05
1.591643766e-05
1.591643766e-05
1.591643766e-05
1.591643766e-05
1.591643766e-05
1.591643766e-05
1.591643766e-05
1.591643766e-05
1.591643766e-05
1.591643766e-05
1.591643766e-05
1.591643766e-05
1.591643766e-05
1.591643766e-05
1.591643766e-05
1.591643766e-05
1.591643766e-05
1.591643766e-05
1.591643766e-05
1.591643766e-05
1.591643766e-05
1.591643766e-05
1.591643766e-05
1.591643766e-05
1.591643766e-05
1.591643766e-05
1.591643766e-05
1.591643766e-05
1.591643766e-05
1.591643766e-05
1.591643766e-05
1.591643766e-05
1.591643766e-05
1.591643766e-05
1.591643766e-05
1.591643766e-05
1.591643766e-05
1.591643766e-05
1.591643766e-05
1.591643766e-05
1.591643766e-05
1.591643766e-05
1.591643766e-05
1.591643766e-05
1.591643766e-05
1.591643766e-05
1.591643766e-05
1.591643766e-05
1.591643766e-05
1.591643766e-05
1.591643766e-05
1.591643766e-05
1.591643766e-05
1.591643766e-05
1.591643766e-05
1.591643766e-05
1.591643766e-05
1.591643766e-05
1.591643766e-05
1.591643766e-05
1.591643766e-05
1.591643766e-05
0.0716705635
0.07112208095
0.07054650439
0.06994350054
0.069312835
0.06865433564
0.0679678506
0.06725313945
0.06650809739
0.06570915725
0.06466918331
0.06246272707
0.05503291287
0.01657479404
2.720381671e-05
1.591663081e-05
1.591643753e-05
1.591643766e-05
1.591643766e-05
1.591643766e-05
1.591643766e-05
1.591643766e-05
1.591643766e-05
1.591643766e-05
1.591643766e-05
1.591643766e-05
1.591643766e-05
1.591643766e-05
1.591643766e-05
1.591643766e-05
1.591643766e-05
1.591643766e-05
1.591643766e-05
1.591643766e-05
1.591643766e-05
1.591643766e-05
1.591643766e-05
1.591643766e-05
1.591643766e-05
1.591643766e-05
1.591643766e-05
1.591643766e-05
1.591643766e-05
1.591643766e-05
1.591643766e-05
1.591643766e-05
1.591643766e-05
1.591643766e-05
1.591643766e-05
1.591643766e-05
1.591643766e-05
1.591643766e-05
1.591643766e-05
1.591643766e-05
1.591643766e-05
1.591643766e-05
1.591643766e-05
1.591643766e-05
1.591643766e-05
1.591643766e-05
1.591643766e-05
1.591643766e-05
1.591643766e-05
1.591643766e-05
1.591643766e-05
1.591643766e-05
1.591643766e-05
1.591643766e-05
1.591643766e-05
1.591643766e-05
1.591643766e-05
1.591643766e-05
1.591643766e-05
1.591643766e-05
1.591643766e-05
1.591643766e-05
1.591643766e-05
1.591643766e-05
1.591643766e-05
1.591643766e-05
1.591643766e-05
1.591643766e-05
1.591643766e-05
1.591643766e-05
1.591643766e-05
1.591643766e-05
1.591643766e-05
1.591643766e-05
1.591643766e-05
1.591643766e-05
1.591643766e-05
1.591643766e-05
1.591643766e-05
1.591643766e-05
1.591643766e-05
1.591643766e-05
1.591643766e-05
1.591643766e-05
1.591643766e-05
1.591643766e-05
1.591643766e-05
1.591643766e-05
0.07153026801
0.07098192487
0.07040651716
0.06980370407
0.06917324508
0.06851499991
0.06782895922
0.06711521322
0.06637246076
0.06558357714
0.06461292734
0.06277118414
0.05717991405
0.02850380363
4.393368783e-05
1.591720842e-05
1.591643726e-05
1.591643766e-05
1.591643766e-05
1.591643766e-05
1.591643766e-05
1.591643766e-05
1.591643766e-05
1.591643766e-05
1.591643766e-05
1.591643766e-05
1.591643766e-05
1.591643766e-05
1.591643766e-05
1.591643766e-05
1.591643766e-05
1.591643766e-05
1.591643766e-05
1.591643766e-05
1.591643766e-05
1.591643766e-05
1.591643766e-05
1.591643766e-05
1.591643766e-05
1.591643766e-05
1.591643766e-05
1.591643766e-05
1.591643766e-05
1.591643766e-05
1.591643766e-05
1.591643766e-05
1.591643766e-05
1.591643766e-05
1.591643766e-05
1.591643766e-05
1.591643766e-05
1.591643766e-05
1.591643766e-05
1.591643766e-05
1.591643766e-05
1.591643766e-05
1.591643766e-05
1.591643766e-05
1.591643766e-05
1.591643766e-05
1.591643766e-05
1.591643766e-05
1.591643766e-05
1.591643766e-05
1.591643766e-05
1.591643766e-05
1.591643766e-05
1.591643766e-05
1.591643766e-05
1.591643766e-05
1.591643766e-05
1.591643766e-05
1.591643766e-05
1.591643766e-05
1.591643766e-05
1.591643766e-05
1.591643766e-05
1.591643766e-05
1.591643766e-05
1.591643766e-05
1.591643766e-05
1.591643766e-05
1.591643766e-05
1.591643766e-05
1.591643766e-05
1.591643766e-05
1.591643766e-05
1.591643766e-05
1.591643766e-05
1.591643766e-05
1.591643766e-05
1.591643766e-05
1.591643766e-05
1.591643766e-05
1.591643766e-05
1.591643766e-05
1.591643766e-05
1.591643766e-05
1.591643766e-05
1.591643766e-05
1.591643766e-05
1.591643766e-05
0.07139222466
0.07084411217
0.07026896128
0.06966643116
0.06903629204
0.06837844826
0.06769298499
0.06698010757
0.06623886279
0.0654570495
0.06454022299
0.06298651672
0.05868722798
0.03793005996
6.591737992e-05
1.591848806e-05
1.591643808e-05
1.591643766e-05
1.591643766e-05
1.591643766e-05
1.591643766e-05
1.591643766e-05
1.591643766e-05
1.591643766e-05
1.591643766e-05
1.591643766e-05
1.591643766e-05
1.591643766e-05
1.591643766e-05
1.591643766e-05
1.591643766e-05
1.591643766e-05
1.591643766e-05
1.591643766e-05
1.591643766e-05
1.591643766e-05
1.591643766e-05
1.591643766e-05
1.591643766e-05
1.591643766e-05
1.591643766e-05
1.591643766e-05
1.591643766e-05
1.591643766e-05
1.591643766e-05
1.591643766e-05
1.591643766e-05
1.591643766e-05
1.591643766e-05
1.591643766e-05
1.591643766e-05
1.591643766e-05
1.591643766e-05
1.591643766e-05
1.591643766e-05
1.591643766e-05
1.591643766e-05
1.591643766e-05
1.591643766e-05
1.591643766e-05
1.591643766e-05
1.591643766e-05
1.591643766e-05
1.591643766e-05
1.591643766e-05
1.591643766e-05
1.591643766e-05
1.591643766e-05
1.591643766e-05
1.591643766e-05
1.591643766e-05
1.591643766e-05
1.591643766e-05
1.591643766e-05
1.591643766e-05
1.591643766e-05
1.591643766e-05
1.591643766e-05
1.591643766e-05
1.591643766e-05
1.591643766e-05
1.591643766e-05
1.591643766e-05
1.591643766e-05
1.591643766e-05
1.591643766e-05
1.591643766e-05
1.591643766e-05
1.591643766e-05
1.591643766e-05
1.591643766e-05
1.591643766e-05
1.591643766e-05
1.591643766e-05
1.591643766e-05
1.591643766e-05
1.591643766e-05
1.591643766e-05
1.591643766e-05
1.591643766e-05
1.591643766e-05
1.591643766e-05
0.07125641515
0.07070862336
0.07013381994
0.06953167021
0.06890196144
0.06824463242
0.0675598069
0.06684770429
0.06610766812
0.06533154967
0.06445579533
0.06311522759
0.0597088257
0.04479653709
9.217771819e-05
1.604390195e-05
1.59164589e-05
1.591643766e-05
1.591643766e-05
1.591643766e-05
1.591643766e-05
1.591643766e-05
1.591643766e-05
1.591643766e-05
1.591643766e-05
1.591643766e-05
1.591643766e-05
1.591643766e-05
1.591643766e-05
1.591643766e-05
1.591643766e-05
1.591643766e-05
1.591643766e-05
1.591643766e-05
1.591643766e-05
1.591643766e-05
1.591643766e-05
1.591643766e-05
1.591643766e-05
1.591643766e-05
1.591643766e-05
1.591643766e-05
1.591643766e-05
1.591643766e-05
1.591643766e-05
1.591643766e-05
1.591643766e-05
1.591643766e-05
1.591643766e-05
1.591643766e-05
1.591643766e-05
1.591643766e-05
1.591643766e-05
1.591643766e-05
1.591643766e-05
1.591643766e-05
1.591643766e-05
1.591643766e-05
1.591643766e-05
1.591643766e-05
1.591643766e-05
1.591643766e-05
1.591643766e-05
1.591643766e-05
1.591643766e-05
1.591643766e-05
1.591643766e-05
1.591643766e-05
1.591643766e-05
1.591643766e-05
1.591643766e-05
1.591643766e-05
1.591643766e-05
1.591643766e-05
1.591643766e-05
1.591643766e-05
1.591643766e-05
1.591643766e-05
1.591643766e-05
1.591643766e-05
1.591643766e-05
1.591643766e-05
1.591643766e-05
1.591643766e-05
1.591643766e-05
1.591643766e-05
1.591643766e-05
1.591643766e-05
1.591643766e-05
1.591643766e-05
1.591643766e-05
1.591643766e-05
1.591643766e-05
1.591643766e-05
1.591643766e-05
1.591643766e-05
1.591643766e-05
1.591643766e-05
1.591643766e-05
1.591643766e-05
1.591643766e-05
1.591643766e-05
0.07112282104
0.07057543973
0.07000107572
0.06939940371
0.06877022731
0.06811350669
0.06742937964
0.06671808841
0.06597935094
0.06520812487
0.06436187905
0.06317058805
0.06039546327
0.04963655105
0.003410895343
1.746465633e-05
1.591647894e-05
1.591643764e-05
1.591643766e-05
1.591643766e-05
1.591643766e-05
1.591643766e-05
1.591643766e-05
1.591643766e-05
1.591643766e-05
1.591643766e-05
1.591643766e-05
1.591643766e-05
1.591643766e-05
1.591643766e-05
1.591643766e-05
1.591643766e-05
1.591643766e-05
1.591643766e-05
1.591643766e-05
1.591643766e-05
1.591643766e-05
1.591643766e-05
1.591643766e-05
1.591643766e-05
1.591643766e-05
1.591643766e-05
1.591643766e-05
1.591643766e-05
1.591643766e-05
1.591643766e-05
1.591643766e-05
1.591643766e-05
1.591643766e-05
1.591643766e-05
1.591643766e-05
1.591643766e-05
1.591643766e-05
1.591643766e-05
1.591643766e-05
1.591643766e-05
1.591643766e-05
1.591643766e-05
1.591643766e-05
1.591643766e-05
1.591643766e-05
1.591643766e-05
1.591643766e-05
1.591643766e-05
1.591643766e-05
1.591643766e-05
1.591643766e-05
1.591643766e-05
1.591643766e-05
1.591643766e-05
1.591643766e-05
1.591643766e-05
1.591643766e-05
1.591643766e-05
1.591643766e-05
1.591643766e-05
1.591643766e-05
1.591643766e-05
1.591643766e-05
1.591643766e-05
1.591643766e-05
1.591643766e-05
1.591643766e-05
1.591643766e-05
1.591643766e-05
1.591643766e-05
1.591643766e-05
1.591643766e-05
1.591643766e-05
1.591643766e-05
1.591643766e-05
1.591643766e-05
1.591643766e-05
1.591643766e-05
1.591643766e-05
1.591643766e-05
1.591643766e-05
1.591643766e-05
1.591643766e-05
1.591643766e-05
1.591643766e-05
1.591643766e-05
0.07099142375
0.07044454245
0.06987071005
0.06926961181
0.0686410659
0.06798504915
0.06730171815
0.0665913787
0.06585411563
0.06508692754
0.06426057329
0.06317518344
0.06088846964
0.05303795884
0.01430319307
2.462560337e-05
1.591649498e-05
1.591643755e-05
1.591643766e-05
1.591643766e-05
1.591643766e-05
1.591643766e-05
1.591643766e-05
1.591643766e-05
1.591643766e-05
1.591643766e-05
1.591643766e-05
1.591643766e-05
1.591643766e-05
1.591643766e-05
1.591643766e-05
1.591643766e-05
1.591643766e-05
1.591643766e-05
1.591643766e-05
1.591643766e-05
1.591643766e-05
1.591643766e-05
1.591643766e-05
1.591643766e-05
1.591643766e-05
1.591643766e-05
1.591643766e-05
1.591643766e-05
1.591643766e-05
1.591643766e-05
1.591643766e-05
1.591643766e-05
1.591643766e-05
1.591643766e-05
1.591643766e-05
1.591643766e-05
1.591643766e-05
1.591643766e-05
1.591643766e-05
1.591643766e-05
1.591643766e-05
1.591643766e-05
1.591643766e-05
1.591643766e-05
1.591643766e-05
1.591643766e-05
1.591643766e-05
1.591643766e-05
1.591643766e-05
1.591643766e-05
1.591643766e-05
1.591643766e-05
1.591643766e-05
1.591643766e-05
1.591643766e-05
1.591643766e-05
1.591643766e-05
1.591643766e-05
1.591643766e-05
1.591643766e-05
1.591643766e-05
1.591643766e-05
1.591643766e-05
1.591643766e-05
1.591643766e-05
1.591643766e-05
1.591643766e-05
1.591643766e-05
1.591643766e-05
1.591643766e-05
1.591643766e-05
1.591643766e-05
1.591643766e-05
1.591643766e-05
1.591643766e-05
1.591643766e-05
1.591643766e-05
1.591643766e-05
1.591643766e-05
1.591643766e-05
1.591643766e-05
1.591643766e-05
1.591643766e-05
1.591643766e-05
1.591643766e-05
1.591643766e-05
0.07086220449
0.07031591261
0.06974270415
0.06914227566
0.06851445994
0.06785925258
0.06717683988
0.06646760116
0.06573186283
0.06496774733
0.0641545522
0.06314716692
0.06124778905
0.05543641856
0.02635881181
3.936986893e-05
1.591681021e-05
1.59164373e-05
1.591643766e-05
1.591643766e-05
1.591643766e-05
1.591643766e-05
1.591643766e-05
1.591643766e-05
1.591643766e-05
1.591643766e-05
1.591643766e-05
1.591643766e-05
1.591643766e-05
1.591643766e-05
1.591643766e-05
1.591643766e-05
1.591643766e-05
1.591643766e-05
1.591643766e-05
1.591643766e-05
1.591643766e-05
1.591643766e-05
1.591643766e-05
1.591643766e-05
1.591643766e-05
1.591643766e-05
1.591643766e-05
1.591643766e-05
1.591643766e-05
1.591643766e-05
1.591643766e-05
1.591643766e-05
1.591643766e-05
1.591643766e-05
1.591643766e-05
1.591643766e-05
1.591643766e-05
1.591643766e-05
1.591643766e-05
1.591643766e-05
1.591643766e-05
1.591643766e-05
1.591643766e-05
1.591643766e-05
1.591643766e-05
1.591643766e-05
1.591643766e-05
1.591643766e-05
1.591643766e-05
1.591643766e-05
1.591643766e-05
1.591643766e-05
1.591643766e-05
1.591643766e-05
1.591643766e-05
1.591643766e-05
1.591643766e-05
1.591643766e-05
1.591643766e-05
1.591643766e-05
1.591643766e-05
1.591643766e-05
1.591643766e-05
1.591643766e-05
1.591643766e-05
1.591643766e-05
1.591643766e-05
1.591643766e-05
1.591643766e-05
1.591643766e-05
1.591643766e-05
1.591643766e-05
1.591643766e-05
1.591643766e-05
1.591643766e-05
1.591643766e-05
1.591643766e-05
1.591643766e-05
1.591643766e-05
1.591643766e-05
1.591643766e-05
1.591643766e-05
1.591643766e-05
1.591643766e-05
1.591643766e-05
1.591643766e-05
0.07073514427
0.07018953131
0.06961703957
0.06901737783
0.06839039455
0.06773610615
0.0670547285
0.06634668508
0.06561239042
0.06485054786
0.06404650446
0.06309801141
0.06149938714
0.05709757073
0.03610070474
5.967114315e-05
1.591771313e-05
1.591643838e-05
1.591643766e-05
1.591643766e-05
1.591643766e-05
1.591643766e-05
1.591643766e-05
1.591643766e-05
1.591643766e-05
1.591643766e-05
1.591643766e-05
1.591643766e-05
1.591643766e-05
1.591643766e-05
1.591643766e-05
1.591643766e-05
1.591643766e-05
1.591643766e-05
1.591643766e-05
1.591643766e-05
1.591643766e-05
1.591643766e-05
1.591643766e-05
1.591643766e-05
1.591643766e-05
1.591643766e-05
1.591643766e-05
1.591643766e-05
1.591643766e-05
1.591643766e-05
1.591643766e-05
1.591643766e-05
1.591643766e-05
1.591643766e-05
1.591643766e-05
1.591643766e-05
1.591643766e-05
1.591643766e-05
1.591643766e-05
1.591643766e-05
1.591643766e-05
1.591643766e-05
1.591643766e-05
1.591643766e-05
1.591643766e-05
1.591643766e-05
1.591643766e-05
1.591643766e-05
1.591643766e-05
1.591643766e-05
1.591643766e-05
1.591643766e-05
1.591643766e-05
1.591643766e-05
1.591643766e-05
1.591643766e-05
1.591643766e-05
1.591643766e-05
1.591643766e-05
1.591643766e-05
1.591643766e-05
1.591643766e-05
1.591643766e-05
1.591643766e-05
1.591643766e-05
1.591643766e-05
1.591643766e-05
1.591643766e-05
1.591643766e-05
1.591643766e-05
1.591643766e-05
1.591643766e-05
1.591643766e-05
1.591643766e-05
1.591643766e-05
1.591643766e-05
1.591643766e-05
1.591643766e-05
1.591643766e-05
1.591643766e-05
1.591643766e-05
1.591643766e-05
1.591643766e-05
1.591643766e-05
1.591643766e-05
1.591643766e-05
0.07061022408
0.07006537971
0.06949369799
0.0688949005
0.06826885154
0.06761558617
0.066935338
0.06622853414
0.06549558365
0.06473557638
0.06393845923
0.06303413825
0.06165709641
0.05821357897
0.04322553065
8.483777631e-05
1.606802683e-05
1.591646262e-05
1.591643766e-05
1.591643766e-05
1.591643766e-05
1.591643766e-05
1.591643766e-05
1.591643766e-05
1.591643766e-05
1.591643766e-05
1.591643766e-05
1.591643766e-05
1.591643766e-05
1.591643766e-05
1.591643766e-05
1.591643766e-05
1.591643766e-05
1.591643766e-05
1.591643766e-05
1.591643766e-05
1.591643766e-05
1.591643766e-05
1.591643766e-05
1.591643766e-05
1.591643766e-05
1.591643766e-05
1.591643766e-05
1.591643766e-05
1.591643766e-05
1.591643766e-05
1.591643766e-05
1.591643766e-05
1.591643766e-05
1.591643766e-05
1.591643766e-05
1.591643766e-05
1.591643766e-05
1.591643766e-05
1.591643766e-05
1.591643766e-05
1.591643766e-05
1.591643766e-05
1.591643766e-05
1.591643766e-05
1.591643766e-05
1.591643766e-05
1.591643766e-05
1.591643766e-05
1.591643766e-05
1.591643766e-05
1.591643766e-05
1.591643766e-05
1.591643766e-05
1.591643766e-05
1.591643766e-05
1.591643766e-05
1.591643766e-05
1.591643766e-05
1.591643766e-05
1.591643766e-05
1.591643766e-05
1.591643766e-05
1.591643766e-05
1.591643766e-05
1.591643766e-05
1.591643766e-05
1.591643766e-05
1.591643766e-05
1.591643766e-05
1.591643766e-05
1.591643766e-05
1.591643766e-05
1.591643766e-05
1.591643766e-05
1.591643766e-05
1.591643766e-05
1.591643766e-05
1.591643766e-05
1.591643766e-05
1.591643766e-05
1.591643766e-05
1.591643766e-05
1.591643766e-05
1.591643766e-05
1.591643766e-05
1.591643766e-05
0.07048742467
0.06994343866
0.06937266021
0.06877482363
0.06814980733
0.06749765934
0.06681861675
0.06611308604
0.06538145536
0.06462317404
0.06383161517
0.06295937982
0.06173929423
0.05896800674
0.0482528021
0.004116642837
1.77103263e-05
1.591645621e-05
1.591643764e-05
1.591643766e-05
1.591643766e-05
1.591643766e-05
1.591643766e-05
1.591643766e-05
1.591643766e-05
1.591643766e-05
1.591643766e-05
1.591643766e-05
1.591643766e-05
1.591643766e-05
1.591643766e-05
1.591643766e-05
1.591643766e-05
1.591643766e-05
1.591643766e-05
1.591643766e-05
1.591643766e-05
1.591643766e-05
1.591643766e-05
1.591643766e-05
1.591643766e-05
1.591643766e-05
1.591643766e-05
1.591643766e-05
1.591643766e-05
1.591643766e-05
1.591643766e-05
1.591643766e-05
1.591643766e-05
1.591643766e-05
1.591643766e-05
1.591643766e-05
1.591643766e-05
1.591643766e-05
1.591643766e-05
1.591643766e-05
1.591643766e-05
1.591643766e-05
1.591643766e-05
1.591643766e-05
1.591643766e-05
1.591643766e-05
1.591643766e-05
1.591643766e-05
1.591643766e-05
1.591643766e-05
1.591643766e-05
1.591643766e-05
1.591643766e-05
1.591643766e-05
1.591643766e-05
1.591643766e-05
1.591643766e-05
1.591643766e-05
1.591643766e-05
1.591643766e-05
1.591643766e-05
1.591643766e-05
1.591643766e-05
1.591643766e-05
1.591643766e-05
1.591643766e-05
1.591643766e-05
1.591643766e-05
1.591643766e-05
1.591643766e-05
1.591643766e-05
1.591643766e-05
1.591643766e-05
1.591643766e-05
1.591643766e-05
1.591643766e-05
1.591643766e-05
1.591643766e-05
1.591643766e-05
1.591643766e-05
1.591643766e-05
1.591643766e-05
1.591643766e-05
1.591643766e-05
1.591643766e-05
1.591643766e-05
0.07036672637
0.0698236883
0.06925390566
0.06865712445
0.06803323429
0.06738228996
0.06670452299
0.06600031637
0.06527006045
0.06451354128
0.0637265181
0.06287666537
0.06176860732
0.05950393582
0.05177242773
0.01505354379
2.49598616e-05
1.591641768e-05
1.591643753e-05
1.591643766e-05
1.591643766e-05
1.591643766e-05
1.591643766e-05
1.591643766e-05
1.591643766e-05
1.591643766e-05
1.591643766e-05
1.591643766e-05
1.591643766e-05
1.591643766e-05
1.591643766e-05
1.591643766e-05
1.591643766e-05
1.591643766e-05
1.591643766e-05
1.591643766e-05
1.591643766e-05
1.591643766e-05
1.591643766e-05
1.591643766e-05
1.591643766e-05
1.591643766e-05
1.591643766e-05
1.591643766e-05
1.591643766e-05
1.591643766e-05
1.591643766e-05
1.591643766e-05
1.591643766e-05
1.591643766e-05
1.591643766e-05
1.591643766e-05
1.591643766e-05
1.591643766e-05
1.591643766e-05
1.591643766e-05
1.591643766e-05
1.591643766e-05
1.591643766e-05
1.591643766e-05
1.591643766e-05
1.591643766e-05
1.591643766e-05
1.591643766e-05
1.591643766e-05
1.591643766e-05
1.591643766e-05
1.591643766e-05
1.591643766e-05
1.591643766e-05
1.591643766e-05
1.591643766e-05
1.591643766e-05
1.591643766e-05
1.591643766e-05
1.591643766e-05
1.591643766e-05
1.591643766e-05
1.591643766e-05
1.591643766e-05
1.591643766e-05
1.591643766e-05
1.591643766e-05
1.591643766e-05
1.591643766e-05
1.591643766e-05
1.591643766e-05
1.591643766e-05
1.591643766e-05
1.591643766e-05
1.591643766e-05
1.591643766e-05
1.591643766e-05
1.591643766e-05
1.591643766e-05
1.591643766e-05
1.591643766e-05
1.591643766e-05
1.591643766e-05
1.591643766e-05
1.591643766e-05
1.591643766e-05
0.07024810892
0.0697061077
0.06913741198
0.06854177779
0.06791910275
0.06726944384
0.06659302418
0.06589021044
0.0651614123
0.06440667217
0.06362326896
0.06278886219
0.06176261525
0.05988756045
0.05422300213
0.02678253102
3.930999963e-05
1.591661919e-05
1.591643726e-05
1.591643766e-05
1.591643766e-05
1.591643766e-05
1.591643766e-05
1.591643766e-05
1.591643766e-05
1.591643766e-05
1.591643766e-05
1.591643766e-05
1.591643766e-05
1.591643766e-05
1.591643766e-05
1.591643766e-05
1.591643766e-05
1.591643766e-05
1.591643766e-05
1.591643766e-05
1.591643766e-05
1.591643766e-05
1.591643766e-05
1.591643766e-05
1.591643766e-05
1.591643766e-05
1.591643766e-05
1.591643766e-05
1.591643766e-05
1.591643766e-05
1.591643766e-05
1.591643766e-05
1.591643766e-05
1.591643766e-05
1.591643766e-05
1.591643766e-05
1.591643766e-05
1.591643766e-05
1.591643766e-05
1.591643766e-05
1.591643766e-05
1.591643766e-05
1.591643766e-05
1.591643766e-05
1.591643766e-05
1.591643766e-05
1.591643766e-05
1.591643766e-05
1.591643766e-05
1.591643766e-05
1.591643766e-05
1.591643766e-05
1.591643766e-05
1.591643766e-05
1.591643766e-05
1.591643766e-05
1.591643766e-05
1.591643766e-05
1.591643766e-05
1.591643766e-05
1.591643766e-05
1.591643766e-05
1.591643766e-05
1.591643766e-05
1.591643766e-05
1.591643766e-05
1.591643766e-05
1.591643766e-05
1.591643766e-05
1.591643766e-05
1.591643766e-05
1.591643766e-05
1.591643766e-05
1.591643766e-05
1.591643766e-05
1.591643766e-05
1.591643766e-05
1.591643766e-05
1.591643766e-05
1.591643766e-05
1.591643766e-05
1.591643766e-05
1.591643766e-05
1.591643766e-05
1.591643766e-05
1.591643766e-05
0.07013155117
0.0695906747
0.06902315513
0.06842875668
0.06780738217
0.06715908808
0.06648408923
0.06578274142
0.0650554699
0.06430247068
0.06352196871
0.06269856729
0.06173289586
0.0601523251
0.05589354045
0.03616846436
5.886076495e-05
1.591735157e-05
1.591643924e-05
1.591643766e-05
1.591643766e-05
1.591643766e-05
1.591643766e-05
1.591643766e-05
1.591643766e-05
1.591643766e-05
1.591643766e-05
1.591643766e-05
1.591643766e-05
1.591643766e-05
1.591643766e-05
1.591643766e-05
1.591643766e-05
1.591643766e-05
1.591643766e-05
1.591643766e-05
1.591643766e-05
1.591643766e-05
1.591643766e-05
1.591643766e-05
1.591643766e-05
1.591643766e-05
1.591643766e-05
1.591643766e-05
1.591643766e-05
1.591643766e-05
1.591643766e-05
1.591643766e-05
1.591643766e-05
1.591643766e-05
1.591643766e-05
1.591643766e-05
1.591643766e-05
1.591643766e-05
1.591643766e-05
1.591643766e-05
1.591643766e-05
1.591643766e-05
1.591643766e-05
1.591643766e-05
1.591643766e-05
1.591643766e-05
1.591643766e-05
1.591643766e-05
1.591643766e-05
1.591643766e-05
1.591643766e-05
1.591643766e-05
1.591643766e-05
1.591643766e-05
1.591643766e-05
1.591643766e-05
1.591643766e-05
1.591643766e-05
1.591643766e-05
1.591643766e-05
1.591643766e-05
1.591643766e-05
1.591643766e-05
1.591643766e-05
1.591643766e-05
1.591643766e-05
1.591643766e-05
1.591643766e-05
1.591643766e-05
1.591643766e-05
1.591643766e-05
1.591643766e-05
1.591643766e-05
1.591643766e-05
1.591643766e-05
1.591643766e-05
1.591643766e-05
1.591643766e-05
1.591643766e-05
1.591643766e-05
1.591643766e-05
1.591643766e-05
1.591643766e-05
1.591643766e-05
1.591643766e-05
1.591643766e-05
0.07001703105
0.06947736584
0.06891110954
0.06831803271
0.0676980412
0.0670511893
0.06637768385
0.06567787042
0.0649521768
0.06420088104
0.06342285343
0.06260767411
0.06168655042
0.06031827378
0.05699740834
0.0429871152
8.417659295e-05
1.615777289e-05
1.591647819e-05
1.591643766e-05
1.591643766e-05
1.591643766e-05
1.591643766e-05
1.591643766e-05
1.591643766e-05
1.591643766e-05
1.591643766e-05
1.591643766e-05
1.591643766e-05
1.591643766e-05
1.591643766e-05
1.591643766e-05
1.591643766e-05
1.591643766e-05
1.591643766e-05
1.591643766e-05
1.591643766e-05
1.591643766e-05
1.591643766e-05
1.591643766e-05
1.591643766e-05
1.591643766e-05
1.591643766e-05
1.591643766e-05
1.591643766e-05
1.591643766e-05
1.591643766e-05
1.591643766e-05
1.591643766e-05
1.591643766e-05
1.591643766e-05
1.591643766e-05
1.591643766e-05
1.591643766e-05
1.591643766e-05
1.591643766e-05
1.591643766e-05
1.591643766e-05
1.591643766e-05
1.591643766e-05
1.591643766e-05
1.591643766e-05
1.591643766e-05
1.591643766e-05
1.591643766e-05
1.591643766e-05
1.591643766e-05
1.591643766e-05
1.591643766e-05
1.591643766e-05
1.591643766e-05
1.591643766e-05
1.591643766e-05
1.591643766e-05
1.591643766e-05
1.591643766e-05
1.591643766e-05
1.591643766e-05
1.591643766e-05
1.591643766e-05
1.591643766e-05
1.591643766e-05
1.591643766e-05
1.591643766e-05
1.591643766e-05
1.591643766e-05
1.591643766e-05
1.591643766e-05
1.591643766e-05
1.591643766e-05
1.591643766e-05
1.591643766e-05
1.591643766e-05
1.591643766e-05
1.591643766e-05
1.591643766e-05
1.591643766e-05
1.591643766e-05
1.591643766e-05
1.591643766e-05
1.591643766e-05
1.591643766e-05
0.0699045254
0.06936615633
0.06880124822
0.06820957625
0.06759104753
0.06694571304
0.06627377138
0.06557555681
0.06485149166
0.06410190808
0.063326169
0.06251736653
0.06162839314
0.06041105147
0.05775515231
0.04778887059
0.006526465475
1.878312383e-05
1.591641998e-05
1.591643762e-05
1.591643766e-05
1.591643766e-05
1.591643766e-05
1.591643766e-05
1.591643766e-05
1.591643766e-05
1.591643766e-05
1.591643766e-05
1.591643766e-05
1.591643766e-05
1.591643766e-05
1.591643766e-05
1.591643766e-05
1.591643766e-05
1.591643766e-05
1.591643766e-05
1.591643766e-05
1.591643766e-05
1.591643766e-05
1.591643766e-05
1.591643766e-05
1.591643766e-05
1.591643766e-05
1.591643766e-05
1.591643766e-05
1.591643766e-05
1.591643766e-05
1.591643766e-05
1.591643766e-05
1.591643766e-05
1.591643766e-05
1.591643766e-05
1.591643766e-05
1.591643766e-05
1.591643766e-05
1.591643766e-05
1.591643766e-05
1.591643766e-05
1.591643766e-05
1.591643766e-05
1.591643766e-05
1.591643766e-05
1.591643766e-05
1.591643766e-05
1.591643766e-05
1.591643766e-05
1.591643766e-05
1.591643766e-05
1.591643766e-05
1.591643766e-05
1.591643766e-05
1.591643766e-05
1.591643766e-05
1.591643766e-05
1.591643766e-05
1.591643766e-05
1.591643766e-05
1.591643766e-05
1.591643766e-05
1.591643766e-05
1.591643766e-05
1.591643766e-05
1.591643766e-05
1.591643766e-05
1.591643766e-05
1.591643766e-05
1.591643766e-05
1.591643766e-05
1.591643766e-05
1.591643766e-05
1.591643766e-05
1.591643766e-05
1.591643766e-05
1.591643766e-05
1.591643766e-05
1.591643766e-05
1.591643766e-05
1.591643766e-05
1.591643766e-05
1.591643766e-05
1.591643766e-05
1.591643766e-05
0.06979400997
0.06925702019
0.06869354294
0.06810335655
0.06748636802
0.06684262419
0.0661723153
0.06547576452
0.06475338898
0.06400556994
0.0632320527
0.0624283298
0.06156205723
0.06045322764
0.05829184614
0.05115210725
0.01806662075
2.743766667e-05
1.591634234e-05
1.591643747e-05
1.591643766e-05
1.591643766e-05
1.591643766e-05
1.591643766e-05
1.591643766e-05
1.591643766e-05
1.591643766e-05
1.591643766e-05
1.591643766e-05
1.591643766e-05
1.591643766e-05
1.591643766e-05
1.591643766e-05
1.591643766e-05
1.591643766e-05
1.591643766e-05
1.591643766e-05
1.591643766e-05
1.591643766e-05
1.591643766e-05
1.591643766e-05
1.591643766e-05
1.591643766e-05
1.591643766e-05
1.591643766e-05
1.591643766e-05
1.591643766e-05
1.591643766e-05
1.591643766e-05
1.591643766e-05
1.591643766e-05
1.591643766e-05
1.591643766e-05
1.591643766e-05
1.591643766e-05
1.591643766e-05
1.591643766e-05
1.591643766e-05
1.591643766e-05
1.591643766e-05
1.591643766e-05
1.591643766e-05
1.591643766e-05
1.591643766e-05
1.591643766e-05
1.591643766e-05
1.591643766e-05
1.591643766e-05
1.591643766e-05
1.591643766e-05
1.591643766e-05
1.591643766e-05
1.591643766e-05
1.591643766e-05
1.591643766e-05
1.591643766e-05
1.591643766e-05
1.591643766e-05
1.591643766e-05
1.591643766e-05
1.591643766e-05
1.591643766e-05
1.591643766e-05
1.591643766e-05
1.591643766e-05
1.591643766e-05
1.591643766e-05
1.591643766e-05
1.591643766e-05
1.591643766e-05
1.591643766e-05
1.591643766e-05
1.591643766e-05
1.591643766e-05
1.591643766e-05
1.591643766e-05
1.591643766e-05
1.591643766e-05
1.591643766e-05
1.591643766e-05
1.591643766e-05
1.591643766e-05
0.06968545949
0.06914993022
0.06858796431
0.06799934193
0.06738396895
0.06674188761
0.06607328025
0.06537846077
0.06465784426
0.06391185483
0.06314050666
0.06234086153
0.06149063271
0.06046096117
0.05867000522
0.05346171394
0.0291116992
4.251414417e-05
1.591651978e-05
1.591643781e-05
1.591643766e-05
1.591643766e-05
1.591643766e-05
1.591643766e-05
1.591643766e-05
1.591643766e-05
1.591643766e-05
1.591643766e-05
1.591643766e-05
1.591643766e-05
1.591643766e-05
1.591643766e-05
1.591643766e-05
1.591643766e-05
1.591643766e-05
1.591643766e-05
1.591643766e-05
1.591643766e-05
1.591643766e-05
1.591643766e-05
1.591643766e-05
1.591643766e-05
1.591643766e-05
1.591643766e-05
1.591643766e-05
1.591643766e-05
1.591643766e-05
1.591643766e-05
1.591643766e-05
1.591643766e-05
1.591643766e-05
1.591643766e-05
1.591643766e-05
1.591643766e-05
1.591643766e-05
1.591643766e-05
1.591643766e-05
1.591643766e-05
1.591643766e-05
1.591643766e-05
1.591643766e-05
1.591643766e-05
1.591643766e-05
1.591643766e-05
1.591643766e-05
1.591643766e-05
1.591643766e-05
1.591643766e-05
1.591643766e-05
1.591643766e-05
1.591643766e-05
1.591643766e-05
1.591643766e-05
1.591643766e-05
1.591643766e-05
1.591643766e-05
1.591643766e-05
1.591643766e-05
1.591643766e-05
1.591643766e-05
1.591643766e-05
1.591643766e-05
1.591643766e-05
1.591643766e-05
1.591643766e-05
1.591643766e-05
1.591643766e-05
1.591643766e-05
1.591643766e-05
1.591643766e-05
1.591643766e-05
1.591643766e-05
1.591643766e-05
1.591643766e-05
1.591643766e-05
1.591643766e-05
1.591643766e-05
1.591643766e-05
1.591643766e-05
1.591643766e-05
1.591643766e-05
1.591643766e-05
0.06957884763
0.06904485822
0.06848448202
0.06789750001
0.06728381623
0.06664346828
0.06597663141
0.06528361208
0.0645648243
0.06382072056
0.06305148226
0.06225520243
0.06141665741
0.06044494443
0.05892561535
0.05500747854
0.03763067609
6.27386859e-05
1.598262178e-05
1.591644846e-05
1.591643766e-05
1.591643766e-05
1.591643766e-05
1.591643766e-05
1.591643766e-05
1.591643766e-05
1.591643766e-05
1.591643766e-05
1.591643766e-05
1.591643766e-05
1.591643766e-05
1.591643766e-05
1.591643766e-05
1.591643766e-05
1.591643766e-05
1.591643766e-05
1.591643766e-05
1.591643766e-05
1.591643766e-05
1.591643766e-05
1.591643766e-05
1.591643766e-05
1.591643766e-05
1.591643766e-05
1.591643766e-05
1.591643766e-05
1.591643766e-05
1.591643766e-05
1.591643766e-05
1.591643766e-05
1.591643766e-05
1.591643766e-05
1.591643766e-05
1.591643766e-05
1.591643766e-05
1.591643766e-05
1.591643766e-05
1.591643766e-05
1.591643766e-05
1.591643766e-05
1.591643766e-05
1.591643766e-05
1.591643766e-05
1.591643766e-05
1.591643766e-05
1.591643766e-05
1.591643766e-05
1.591643766e-05
1.591643766e-05
1.591643766e-05
1.591643766e-05
1.591643766e-05
1.591643766e-05
1.591643766e-05
1.591643766e-05
1.591643766e-05
1.591643766e-05
1.591643766e-05
1.591643766e-05
1.591643766e-05
1.591643766e-05
1.591643766e-05
1.591643766e-05
1.591643766e-05
1.591643766e-05
1.591643766e-05
1.591643766e-05
1.591643766e-05
1.591643766e-05
1.591643766e-05
1.591643766e-05
1.591643766e-05
1.591643766e-05
1.591643766e-05
1.591643766e-05
1.591643766e-05
1.591643766e-05
1.591643766e-05
1.591643766e-05
1.591643766e-05
1.591643766e-05
1.591643766e-05
0.06947414708
0.06894177502
0.06838306493
0.06779779784
0.06718587553
0.06654733103
0.06588233333
0.06519118228
0.06447428875
0.0637321175
0.06296494926
0.06217158949
0.06134176234
0.06041244035
0.05908611864
0.05603094865
0.04374526219
0.002030156028
1.676001535e-05
1.591645369e-05
1.591643765e-05
1.591643766e-05
1.591643766e-05
1.591643766e-05
1.591643766e-05
1.591643766e-05
1.591643766e-05
1.591643766e-05
1.591643766e-05
1.591643766e-05
1.591643766e-05
1.591643766e-05
1.591643766e-05
1.591643766e-05
1.591643766e-05
1.591643766e-05
1.591643766e-05
1.591643766e-05
1.591643766e-05
1.591643766e-05
1.591643766e-05
1.591643766e-05
1.591643766e-05
1.591643766e-05
1.591643766e-05
1.591643766e-05
1.591643766e-05
1.591643766e-05
1.591643766e-05
1.591643766e-05
1.591643766e-05
1.591643766e-05
1.591643766e-05
1.591643766e-05
1.591643766e-05
1.591643766e-05
1.591643766e-05
1.591643766e-05
1.591643766e-05
1.591643766e-05
1.591643766e-05
1.591643766e-05
1.591643766e-05
1.591643766e-05
1.591643766e-05
1.591643766e-05
1.591643766e-05
1.591643766e-05
1.591643766e-05
1.591643766e-05
1.591643766e-05
1.591643766e-05
1.591643766e-05
1.591643766e-05
1.591643766e-05
1.591643766e-05
1.591643766e-05
1.591643766e-05
1.591643766e-05
1.591643766e-05
1.591643766e-05
1.591643766e-05
1.591643766e-05
1.591643766e-05
1.591643766e-05
1.591643766e-05
1.591643766e-05
1.591643766e-05
1.591643766e-05
1.591643766e-05
1.591643766e-05
1.591643766e-05
1.591643766e-05
1.591643766e-05
1.591643766e-05
1.591643766e-05
1.591643766e-05
1.591643766e-05
1.591643766e-05
1.591643766e-05
1.591643766e-05
1.591643766e-05
0.06937132965
0.06884065058
0.06828368119
0.06770020196
0.06709011213
0.06645344035
0.06579034966
0.06510113318
0.06438619569
0.0636460038
0.06288090416
0.06209022694
0.06126715245
0.06036844179
0.05917949001
0.0567393566
0.0480322782
0.01119833328
2.140483391e-05
1.59163297e-05
1.591643757e-05
1.591643766e-05
1.591643766e-05
1.591643766e-05
1.591643766e-05
1.591643766e-05
1.591643766e-05
1.591643766e-05
1.591643766e-05
1.591643766e-05
1.591643766e-05
1.591643766e-05
1.591643766e-05
1.591643766e-05
1.591643766e-05
1.591643766e-05
1.591643766e-05
1.591643766e-05
1.591643766e-05
1.591643766e-05
1.591643766e-05
1.591643766e-05
1.591643766e-05
1.591643766e-05
1.591643766e-05
1.591643766e-05
1.591643766e-05
1.591643766e-05
1.591643766e-05
1.591643766e-05
1.591643766e-05
1.591643766e-05
1.591643766e-05
1.591643766e-05
1.591643766e-05
1.591643766e-05
1.591643766e-05
1.591643766e-05
1.591643766e-05
1.591643766e-05
1.591643766e-05
1.591643766e-05
1.591643766e-05
1.591643766e-05
1.591643766e-05
1.591643766e-05
1.591643766e-05
1.591643766e-05
1.591643766e-05
1.591643766e-05
1.591643766e-05
1.591643766e-05
1.591643766e-05
1.591643766e-05
1.591643766e-05
1.591643766e-05
1.591643766e-05
1.591643766e-05
1.591643766e-05
1.591643766e-05
1.591643766e-05
1.591643766e-05
1.591643766e-05
1.591643766e-05
1.591643766e-05
1.591643766e-05
1.591643766e-05
1.591643766e-05
1.591643766e-05
1.591643766e-05
1.591643766e-05
1.591643766e-05
1.591643766e-05
1.591643766e-05
1.591643766e-05
1.591643766e-05
1.591643766e-05
1.591643766e-05
1.591643766e-05
1.591643766e-05
1.591643766e-05
1.591643766e-05
0.06927036638
0.06874145419
0.06818629839
0.06760467846
0.06699649094
0.06636176011
0.06570064314
0.06501342581
0.06430050478
0.06356234442
0.06279934299
0.06201122241
0.06119354256
0.06031674559
0.05922666195
0.05723659202
0.05100954427
0.02277440738
3.230593129e-05
1.591624245e-05
1.591643735e-05
1.591643766e-05
1.591643766e-05
1.591643766e-05
1.591643766e-05
1.591643766e-05
1.591643766e-05
1.591643766e-05
1.591643766e-05
1.591643766e-05
1.591643766e-05
1.591643766e-05
1.591643766e-05
1.591643766e-05
1.591643766e-05
1.591643766e-05
1.591643766e-05
1.591643766e-05
1.591643766e-05
1.591643766e-05
1.591643766e-05
1.591643766e-05
1.591643766e-05
1.591643766e-05
1.591643766e-05
1.591643766e-05
1.591643766e-05
1.591643766e-05
1.591643766e-05
1.591643766e-05
1.591643766e-05
1.591643766e-05
1.591643766e-05
1.591643766e-05
1.591643766e-05
1.591643766e-05
1.591643766e-05
1.591643766e-05
1.591643766e-05
1.591643766e-05
1.591643766e-05
1.591643766e-05
1.591643766e-05
1.591643766e-05
1.591643766e-05
1.591643766e-05
1.591643766e-05
1.591643766e-05
1.591643766e-05
1.591643766e-05
1.591643766e-05
1.591643766e-05
1.591643766e-05
1.591643766e-05
1.591643766e-05
1.591643766e-05
1.591643766e-05
1.591643766e-05
1.591643766e-05
1.591643766e-05
1.591643766e-05
1.591643766e-05
1.591643766e-05
1.591643766e-05
1.591643766e-05
1.591643766e-05
1.591643766e-05
1.591643766e-05
1.591643766e-05
1.591643766e-05
1.591643766e-05
1.591643766e-05
1.591643766e-05
1.591643766e-05
1.591643766e-05
1.591643766e-05
1.591643766e-05
1.591643766e-05
1.591643766e-05
1.591643766e-05
1.591643766e-05
1.591643766e-05
0.06917122756
0.06864415448
0.0680908836
0.06751119302
0.06690497643
0.06627225373
0.06561317596
0.06492802101
0.06421717668
0.06348110431
0.06272024332
0.06193459692
0.0611213383
0.06026038005
0.0592419914
0.05757986744
0.05301876342
0.03259074733
4.858407783e-05
1.591647716e-05
1.591643929e-05
1.591643766e-05
1.591643766e-05
1.591643766e-05
1.591643766e-05
1.591643766e-05
1.591643766e-05
1.591643766e-05
1.591643766e-05
1.591643766e-05
1.591643766e-05
1.591643766e-05
1.591643766e-05
1.591643766e-05
1.591643766e-05
1.591643766e-05
1.591643766e-05
1.591643766e-05
1.591643766e-05
1.591643766e-05
1.591643766e-05
1.591643766e-05
1.591643766e-05
1.591643766e-05
1.591643766e-05
1.591643766e-05
1.591643766e-05
1.591643766e-05
1.591643766e-05
1.591643766e-05
1.591643766e-05
1.591643766e-05
1.591643766e-05
1.591643766e-05
1.591643766e-05
1.591643766e-05
1.591643766e-05
1.591643766e-05
1.591643766e-05
1.591643766e-05
1.591643766e-05
1.591643766e-05
1.591643766e-05
1.591643766e-05
1.591643766e-05
1.591643766e-05
1.591643766e-05
1.591643766e-05
1.591643766e-05
1.591643766e-05
1.591643766e-05
1.591643766e-05
1.591643766e-05
1.591643766e-05
1.591643766e-05
1.591643766e-05
1.591643766e-05
1.591643766e-05
1.591643766e-05
1.591643766e-05
1.591643766e-05
1.591643766e-05
1.591643766e-05
1.591643766e-05
1.591643766e-05
1.591643766e-05
1.591643766e-05
1.591643766e-05
1.591643766e-05
1.591643766e-05
1.591643766e-05
1.591643766e-05
1.591643766e-05
1.591643766e-05
1.591643766e-05
1.591643766e-05
1.591643766e-05
1.591643766e-05
1.591643766e-05
1.591643766e-05
1.591643766e-05
1.591643766e-05
0.06907388286
0.06854871948
0.06799740335
0.06741971086
0.06681553268
0.06618488413
0.06552790989
0.0648448796
0.06413617216
0.06340224581
0.06264357116
0.06186034888
0.06105086386
0.06020164918
0.05923507939
0.05780530535
0.05433471286
0.03985754042
7.101039024e-05
1.614826422e-05
1.591647499e-05
1.591643766e-05
1.591643766e-05
1.591643766e-05
1.591643766e-05
1.591643766e-05
1.591643766e-05
1.591643766e-05
1.591643766e-05
1.591643766e-05
1.591643766e-05
1.591643766e-05
1.591643766e-05
1.591643766e-05
1.591643766e-05
1.591643766e-05
1.591643766e-05
1.591643766e-05
1.591643766e-05
1.591643766e-05
1.591643766e-05
1.591643766e-05
1.591643766e-05
1.591643766e-05
1.591643766e-05
1.591643766e-05
1.591643766e-05
1.591643766e-05
1.591643766e-05
1.591643766e-05
1.591643766e-05
1.591643766e-05
1.591643766e-05
1.591643766e-05
1.591643766e-05
1.591643766e-05
1.591643766e-05
1.591643766e-05
1.591643766e-05
1.591643766e-05
1.591643766e-05
1.591643766e-05
1.591643766e-05
1.591643766e-05
1.591643766e-05
1.591643766e-05
1.591643766e-05
1.591643766e-05
1.591643766e-05
1.591643766e-05
1.591643766e-05
1.591643766e-05
1.591643766e-05
1.591643766e-05
1.591643766e-05
1.591643766e-05
1.591643766e-05
1.591643766e-05
1.591643766e-05
1.591643766e-05
1.591643766e-05
1.591643766e-05
1.591643766e-05
1.591643766e-05
1.591643766e-05
1.591643766e-05
1.591643766e-05
1.591643766e-05
1.591643766e-05
1.591643766e-05
1.591643766e-05
1.591643766e-05
1.591643766e-05
1.591643766e-05
1.591643766e-05
1.591643766e-05
1.591643766e-05
1.591643766e-05
1.591643766e-05
1.591643766e-05
1.591643766e-05
1.591643766e-05
0.06897830138
0.06845511677
0.06790582376
0.06733019682
0.06672812333
0.06609961383
0.06544480638
0.06476396223
0.06405745168
0.06332572995
0.06256929062
0.0617884739
0.06098233424
0.06014188461
0.05921299587
0.05794760429
0.05522919955
0.04500978345
0.006599151474
1.859305529e-05
1.591637887e-05
1.591643762e-05
1.591643766e-05
1.591643766e-05
1.591643766e-05
1.591643766e-05
1.591643766e-05
1.591643766e-05
1.591643766e-05
1.591643766e-05
1.591643766e-05
1.591643766e-05
1.591643766e-05
1.591643766e-05
1.591643766e-05
1.591643766e-05
1.591643766e-05
1.591643766e-05
1.591643766e-05
1.591643766e-05
1.591643766e-05
1.591643766e-05
1.591643766e-05
1.591643766e-05
1.591643766e-05
1.591643766e-05
1.591643766e-05
1.591643766e-05
1.591643766e-05
1.591643766e-05
1.591643766e-05
1.591643766e-05
1.591643766e-05
1.591643766e-05
1.591643766e-05
1.591643766e-05
1.591643766e-05
1.591643766e-05
1.591643766e-05
1.591643766e-05
1.591643766e-05
1.591643766e-05
1.591643766e-05
1.591643766e-05
1.591643766e-05
1.591643766e-05
1.591643766e-05
1.591643766e-05
1.591643766e-05
1.591643766e-05
1.591643766e-05
1.591643766e-05
1.591643766e-05
1.591643766e-05
1.591643766e-05
1.591643766e-05
1.591643766e-05
1.591643766e-05
1.591643766e-05
1.591643766e-05
1.591643766e-05
1.591643766e-05
1.591643766e-05
1.591643766e-05
1.591643766e-05
1.591643766e-05
1.591643766e-05
1.591643766e-05
1.591643766e-05
1.591643766e-05
1.591643766e-05
1.591643766e-05
1.591643766e-05
1.591643766e-05
1.591643766e-05
1.591643766e-05
1.591643766e-05
1.591643766e-05
1.591643766e-05
1.591643766e-05
1.591643766e-05
1.591643766e-05
0.06888445171
0.06836331343
0.06781611057
0.06724261535
0.06664271167
0.06601640505
0.06536382668
0.06468522953
0.06398097583
0.06325151814
0.06249736786
0.0617189671
0.06091590925
0.06008226507
0.05918056487
0.0580326868
0.05585149204
0.0486282831
0.01767206938
2.628358776e-05
1.591619552e-05
1.591643747e-05
1.591643766e-05
1.591643766e-05
1.591643766e-05
1.591643766e-05
1.591643766e-05
1.591643766e-05
1.591643766e-05
1.591643766e-05
1.591643766e-05
1.591643766e-05
1.591643766e-05
1.591643766e-05
1.591643766e-05
1.591643766e-05
1.591643766e-05
1.591643766e-05
1.591643766e-05
1.591643766e-05
1.591643766e-05
1.591643766e-05
1.591643766e-05
1.591643766e-05
1.591643766e-05
1.591643766e-05
1.591643766e-05
1.591643766e-05
1.591643766e-05
1.591643766e-05
1.591643766e-05
1.591643766e-05
1.591643766e-05
1.591643766e-05
1.591643766e-05
1.591643766e-05
1.591643766e-05
1.591643766e-05
1.591643766e-05
1.591643766e-05
1.591643766e-05
1.591643766e-05
1.591643766e-05
1.591643766e-05
1.591643766e-05
1.591643766e-05
1.591643766e-05
1.591643766e-05
1.591643766e-05
1.591643766e-05
1.591643766e-05
1.591643766e-05
1.591643766e-05
1.591643766e-05
1.591643766e-05
1.591643766e-05
1.591643766e-05
1.591643766e-05
1.591643766e-05
1.591643766e-05
1.591643766e-05
1.591643766e-05
1.591643766e-05
1.591643766e-05
1.591643766e-05
1.591643766e-05
1.591643766e-05
1.591643766e-05
1.591643766e-05
1.591643766e-05
1.591643766e-05
1.591643766e-05
1.591643766e-05
1.591643766e-05
1.591643766e-05
1.591643766e-05
1.591643766e-05
1.591643766e-05
1.591643766e-05
1.591643766e-05
1.591643766e-05
1.591643766e-05
0.06879230214
0.06827327621
0.06772822915
0.06715693061
0.06655926073
0.06593521976
0.06528493196
0.0646086422
0.06390670545
0.06317957226
0.06242776843
0.06165181056
0.06085166324
0.06002347168
0.05914144715
0.05807827081
0.05628275359
0.05109282827
0.02825163755
3.966108643e-05
1.5916165e-05
1.591643858e-05
1.591643766e-05
1.591643766e-05
1.591643766e-05
1.591643766e-05
1.591643766e-05
1.591643766e-05
1.591643766e-05
1.591643766e-05
1.591643766e-05
1.591643766e-05
1.591643766e-05
1.591643766e-05
1.591643766e-05
1.591643766e-05
1.591643766e-05
1.591643766e-05
1.591643766e-05
1.591643766e-05
1.591643766e-05
1.591643766e-05
1.591643766e-05
1.591643766e-05
1.591643766e-05
1.591643766e-05
1.591643766e-05
1.591643766e-05
1.591643766e-05
1.591643766e-05
1.591643766e-05
1.591643766e-05
1.591643766e-05
1.591643766e-05
1.591643766e-05
1.591643766e-05
1.591643766e-05
1.591643766e-05
1.591643766e-05
1.591643766e-05
1.591643766e-05
1.591643766e-05
1.591643766e-05
1.591643766e-05
1.591643766e-05
1.591643766e-05
1.591643766e-05
1.591643766e-05
1.591643766e-05
1.591643766e-05
1.591643766e-05
1.591643766e-05
1.591643766e-05
1.591643766e-05
1.591643766e-05
1.591643766e-05
1.591643766e-05
1.591643766e-05
1.591643766e-05
1.591643766e-05
1.591643766e-05
1.591643766e-05
1.591643766e-05
1.591643766e-05
1.591643766e-05
1.591643766e-05
1.591643766e-05
1.591643766e-05
1.591643766e-05
1.591643766e-05
1.591643766e-05
1.591643766e-05
1.591643766e-05
1.591643766e-05
1.591643766e-05
1.591643766e-05
1.591643766e-05
1.591643766e-05
1.591643766e-05
1.591643766e-05
1.591643766e-05
1.591643766e-05
0.06870182057
0.06818497151
0.06764214455
0.06707310641
0.06647773323
0.06585601974
0.0652080833
0.06453416107
0.0638346015
0.06310985371
0.06236045476
0.06158697274
0.06078962063
0.05996595929
0.05909842867
0.05809632866
0.05657336078
0.05271877502
0.03642387637
5.875554189e-05
1.605840905e-05
1.59164592e-05
1.591643766e-05
1.591643766e-05
1.591643766e-05
1.591643766e-05
1.591643766e-05
1.591643766e-05
1.591643766e-05
1.591643766e-05
1.591643766e-05
1.591643766e-05
1.591643766e-05
1.591643766e-05
1.591643766e-05
1.591643766e-05
1.591643766e-05
1.591643766e-05
1.591643766e-05
1.591643766e-05
1.591643766e-05
1.591643766e-05
1.591643766e-05
1.591643766e-05
1.591643766e-05
1.591643766e-05
1.591643766e-05
1.591643766e-05
1.591643766e-05
1.591643766e-05
1.591643766e-05
1.591643766e-05
1.591643766e-05
1.591643766e-05
1.591643766e-05
1.591643766e-05
1.591643766e-05
1.591643766e-05
1.591643766e-05
1.591643766e-05
1.591643766e-05
1.591643766e-05
1.591643766e-05
1.591643766e-05
1.591643766e-05
1.591643766e-05
1.591643766e-05
1.591643766e-05
1.591643766e-05
1.591643766e-05
1.591643766e-05
1.591643766e-05
1.591643766e-05
1.591643766e-05
1.591643766e-05
1.591643766e-05
1.591643766e-05
1.591643766e-05
1.591643766e-05
1.591643766e-05
1.591643766e-05
1.591643766e-05
1.591643766e-05
1.591643766e-05
1.591643766e-05
1.591643766e-05
1.591643766e-05
1.591643766e-05
1.591643766e-05
1.591643766e-05
1.591643766e-05
1.591643766e-05
1.591643766e-05
1.591643766e-05
1.591643766e-05
1.591643766e-05
1.591643766e-05
1.591643766e-05
1.591643766e-05
1.591643766e-05
1.591643766e-05
1.591643766e-05
0.06861297503
0.06809836551
0.0675578216
0.06699110642
0.06639809176
0.06577876673
0.06513324181
0.06446174691
0.06376462472
0.06304232297
0.06229538614
0.06152441467
0.06072978331
0.05991002287
0.05905325659
0.05809555046
0.05676408218
0.05380447182
0.04231074423
0.004268562759
1.748834156e-05
1.591639717e-05
1.591643763e-05
1.591643766e-05
1.591643766e-05
1.591643766e-05
1.591643766e-05
1.591643766e-05
1.591643766e-05
1.591643766e-05
1.591643766e-05
1.591643766e-05
1.591643766e-05
1.591643766e-05
1.591643766e-05
1.591643766e-05
1.591643766e-05
1.591643766e-05
1.591643766e-05
1.591643766e-05
1.591643766e-05
1.591643766e-05
1.591643766e-05
1.591643766e-05
1.591643766e-05
1.591643766e-05
1.591643766e-05
1.591643766e-05
1.591643766e-05
1.591643766e-05
1.591643766e-05
1.591643766e-05
1.591643766e-05
1.591643766e-05
1.591643766e-05
1.591643766e-05
1.591643766e-05
1.591643766e-05
1.591643766e-05
1.591643766e-05
1.591643766e-05
1.591643766e-05
1.591643766e-05
1.591643766e-05
1.591643766e-05
1.591643766e-05
1.591643766e-05
1.591643766e-05
1.591643766e-05
1.591643766e-05
1.591643766e-05
1.591643766e-05
1.591643766e-05
1.591643766e-05
1.591643766e-05
1.591643766e-05
1.591643766e-05
1.591643766e-05
1.591643766e-05
1.591643766e-05
1.591643766e-05
1.591643766e-05
1.591643766e-05
1.591643766e-05
1.591643766e-05
1.591643766e-05
1.591643766e-05
1.591643766e-05
1.591643766e-05
1.591643766e-05
1.591643766e-05
1.591643766e-05
1.591643766e-05
1.591643766e-05
1.591643766e-05
1.591643766e-05
1.591643766e-05
1.591643766e-05
1.591643766e-05
1.591643766e-05
1.591643766e-05
1.591643766e-05
0.06852573336
0.06801342428
0.06747522492
0.06691089403
0.0663202987
0.0657034223
0.06506036854
0.06439136048
0.06369673547
0.06297693931
0.06223251993
0.0614640952
0.0606721441
0.05985586732
0.05900729276
0.05808196431
0.05688607849
0.05454857544
0.04646321135
0.01413892286
2.30448971e-05
1.591619755e-05
1.591643753e-05
1.591643766e-05
1.591643766e-05
1.591643766e-05
1.591643766e-05
1.591643766e-05
1.591643766e-05
1.591643766e-05
1.591643766e-05
1.591643766e-05
1.591643766e-05
1.591643766e-05
1.591643766e-05
1.591643766e-05
1.591643766e-05
1.591643766e-05
1.591643766e-05
1.591643766e-05
1.591643766e-05
1.591643766e-05
1.591643766e-05
1.591643766e-05
1.591643766e-05
1.591643766e-05
1.591643766e-05
1.591643766e-05
1.591643766e-05
1.591643766e-05
1.591643766e-05
1.591643766e-05
1.591643766e-05
1.591643766e-05
1.591643766e-05
1.591643766e-05
1.591643766e-05
1.591643766e-05
1.591643766e-05
1.591643766e-05
1.591643766e-05
1.591643766e-05
1.591643766e-05
1.591643766e-05
1.591643766e-05
1.591643766e-05
1.591643766e-05
1.591643766e-05
1.591643766e-05
1.591643766e-05
1.591643766e-05
1.591643766e-05
1.591643766e-05
1.591643766e-05
1.591643766e-05
1.591643766e-05
1.591643766e-05
1.591643766e-05
1.591643766e-05
1.591643766e-05
1.591643766e-05
1.591643766e-05
1.591643766e-05
1.591643766e-05
1.591643766e-05
1.591643766e-05
1.591643766e-05
1.591643766e-05
1.591643766e-05
1.591643766e-05
1.591643766e-05
1.591643766e-05
1.591643766e-05
1.591643766e-05
1.591643766e-05
1.591643766e-05
1.591643766e-05
1.591643766e-05
1.591643766e-05
1.591643766e-05
1.591643766e-05
1.591643766e-05
0.06844006793
0.06793011625
0.06739432097
0.06683243434
0.06624431804
0.0656299495
0.06498942583
0.06432296355
0.06363089471
0.06291366221
0.06217181359
0.06140597363
0.06061668851
0.05980362722
0.05896152939
0.05805983897
0.05696073712
0.05506101607
0.04931679986
0.02488124174
3.406297826e-05
1.591598043e-05
1.591643726e-05
1.591643766e-05
1.591643766e-05
1.591643766e-05
1.591643766e-05
1.591643766e-05
1.591643766e-05
1.591643766e-05
1.591643766e-05
1.591643766e-05
1.591643766e-05
1.591643766e-05
1.591643766e-05
1.591643766e-05
1.591643766e-05
1.591643766e-05
1.591643766e-05
1.591643766e-05
1.591643766e-05
1.591643766e-05
1.591643766e-05
1.591643766e-05
1.591643766e-05
1.591643766e-05
1.591643766e-05
1.591643766e-05
1.591643766e-05
1.591643766e-05
1.591643766e-05
1.591643766e-05
1.591643766e-05
1.591643766e-05
1.591643766e-05
1.591643766e-05
1.591643766e-05
1.591643766e-05
1.591643766e-05
1.591643766e-05
1.591643766e-05
1.591643766e-05
1.591643766e-05
1.591643766e-05
1.591643766e-05
1.591643766e-05
1.591643766e-05
1.591643766e-05
1.591643766e-05
1.591643766e-05
1.591643766e-05
1.591643766e-05
1.591643766e-05
1.591643766e-05
1.591643766e-05
1.591643766e-05
1.591643766e-05
1.591643766e-05
1.591643766e-05
1.591643766e-05
1.591643766e-05
1.591643766e-05
1.591643766e-05
1.591643766e-05
1.591643766e-05
1.591643766e-05
1.591643766e-05
1.591643766e-05
1.591643766e-05
1.591643766e-05
1.591643766e-05
1.591643766e-05
1.591643766e-05
1.591643766e-05
1.591643766e-05
1.591643766e-05
1.591643766e-05
1.591643766e-05
1.591643766e-05
1.591643766e-05
1.591643766e-05
1.591643766e-05
0.06835586426
0.0678483224
0.06731498102
0.06675559079
0.06617000668
0.06555819983
0.06492026078
0.06425639958
0.06356694282
0.06285232914
0.06211310233
0.06134988694
0.06056327231
0.05975325705
0.05891647686
0.05803221316
0.05700230545
0.05540795494
0.05120954893
0.03359496976
4.719200798e-05
1.591519169e-05
1.591643683e-05
1.591643766e-05
1.591643766e-05
1.591643766e-05
1.591643766e-05
1.591643766e-05
1.591643766e-05
1.591643766e-05
1.591643766e-05
1.591643766e-05
1.591643766e-05
1.591643766e-05
1.591643766e-05
1.591643766e-05
1.591643766e-05
1.591643766e-05
1.591643766e-05
1.591643766e-05
1.591643766e-05
1.591643766e-05
1.591643766e-05
1.591643766e-05
1.591643766e-05
1.591643766e-05
1.591643766e-05
1.591643766e-05
1.591643766e-05
1.591643766e-05
1.591643766e-05
1.591643766e-05
1.591643766e-05
1.591643766e-05
1.591643766e-05
1.591643766e-05
1.591643766e-05
1.591643766e-05
1.591643766e-05
1.591643766e-05
1.591643766e-05
1.591643766e-05
1.591643766e-05
1.591643766e-05
1.591643766e-05
1.591643766e-05
1.591643766e-05
1.591643766e-05
1.591643766e-05
1.591643766e-05
1.591643766e-05
1.591643766e-05
1.591643766e-05
1.591643766e-05
1.591643766e-05
1.591643766e-05
1.591643766e-05
1.591643766e-05
1.591643766e-05
1.591643766e-05
1.591643766e-05
1.591643766e-05
1.591643766e-05
1.591643766e-05
1.591643766e-05
1.591643766e-05
1.591643766e-05
1.591643766e-05
1.591643766e-05
1.591643766e-05
1.591643766e-05
1.591643766e-05
1.591643766e-05
1.591643766e-05
1.591643766e-05
1.591643766e-05
1.591643766e-05
1.591643766e-05
1.591643766e-05
1.591643766e-05
1.591643766e-05
1.591643766e-05
)
;

boundaryField
{
    inlet
    {
        type            calculated;
        value           uniform 1.591643766e-05;
    }
    object
    {
        type            calculated;
        value           nonuniform 0();
    }
    outlet
    {
        type            calculated;
        value           nonuniform List<scalar> 
102
(
0.06835586426
0.0678483224
0.06731498102
0.06675559079
0.06617000668
0.06555819983
0.06492026078
0.06425639958
0.06356694282
0.06285232914
0.06211310233
0.06134988694
0.06056327231
0.05975325705
0.05891647686
0.05803221316
0.05700230545
0.05540795494
0.05120954893
0.03359496976
4.719200798e-05
1.591519169e-05
1.591643683e-05
1.591643766e-05
1.591643766e-05
1.591643766e-05
1.591643766e-05
1.591643766e-05
1.591643766e-05
1.591643766e-05
1.591643766e-05
1.591643766e-05
1.591643766e-05
1.591643766e-05
1.591643766e-05
1.591643766e-05
1.591643766e-05
1.591643766e-05
1.591643766e-05
1.591643766e-05
1.591643766e-05
1.591643766e-05
1.591643766e-05
1.591643766e-05
1.591643766e-05
1.591643766e-05
1.591643766e-05
1.591643766e-05
1.591643766e-05
1.591643766e-05
1.591643766e-05
1.591643766e-05
1.591643766e-05
1.591643766e-05
1.591643766e-05
1.591643766e-05
1.591643766e-05
1.591643766e-05
1.591643766e-05
1.591643766e-05
1.591643766e-05
1.591643766e-05
1.591643766e-05
1.591643766e-05
1.591643766e-05
1.591643766e-05
1.591643766e-05
1.591643766e-05
1.591643766e-05
1.591643766e-05
1.591643766e-05
1.591643766e-05
1.591643766e-05
1.591643766e-05
1.591643766e-05
1.591643766e-05
1.591643766e-05
1.591643766e-05
1.591643766e-05
1.591643766e-05
1.591643766e-05
1.591643766e-05
1.591643766e-05
1.591643766e-05
1.591643766e-05
1.591643766e-05
1.591643766e-05
1.591643766e-05
1.591643766e-05
1.591643766e-05
1.591643766e-05
1.591643766e-05
1.591643766e-05
1.591643766e-05
1.591643766e-05
1.591643766e-05
1.591643766e-05
1.591643766e-05
1.591643766e-05
1.591643766e-05
1.591643766e-05
1.591643766e-05
)
;
    }
    front
    {
        type            wedge;
    }
    back
    {
        type            wedge;
    }
    procBoundary2to0
    {
        type            processor;
        value           nonuniform List<scalar> 
118
(
1.591643766e-05
1.591643766e-05
1.591643766e-05
1.591643766e-05
1.591643766e-05
1.591643766e-05
1.591643766e-05
1.591643766e-05
1.591643766e-05
1.591643766e-05
1.591643766e-05
1.591643766e-05
1.591643766e-05
1.591643766e-05
1.591643766e-05
1.591643766e-05
1.591643766e-05
1.591643766e-05
1.591643766e-05
1.591643766e-05
1.591643766e-05
1.591643766e-05
1.591643766e-05
1.591643766e-05
1.591643766e-05
1.591643766e-05
1.591643766e-05
1.591643766e-05
1.591643766e-05
1.591643766e-05
1.591643766e-05
1.591643766e-05
1.591643766e-05
1.591643766e-05
1.591643766e-05
1.591643766e-05
1.591643766e-05
1.591643766e-05
1.591643766e-05
1.591643766e-05
1.591643766e-05
1.591643766e-05
1.591643766e-05
1.591643766e-05
1.591643766e-05
1.591643766e-05
1.591643766e-05
1.591643766e-05
1.591643766e-05
1.591643766e-05
1.591643766e-05
1.591643766e-05
1.591643766e-05
1.591643766e-05
1.591643766e-05
1.591643766e-05
1.591643766e-05
1.591643766e-05
1.591643766e-05
1.591643766e-05
1.591643766e-05
1.591643766e-05
1.591643766e-05
1.591643766e-05
1.591643766e-05
1.591643766e-05
1.591643766e-05
1.591643766e-05
1.591643766e-05
1.591643766e-05
1.591643766e-05
1.591643766e-05
1.591643766e-05
1.591643766e-05
1.591643766e-05
1.591643766e-05
1.591643766e-05
1.591643766e-05
1.591643766e-05
1.591643766e-05
1.591643766e-05
1.591643766e-05
1.591643766e-05
1.591643766e-05
1.591643766e-05
1.591643766e-05
1.591643766e-05
1.591643766e-05
1.591643766e-05
1.591643766e-05
1.591643766e-05
1.591643766e-05
1.591643766e-05
1.591643766e-05
1.591643766e-05
1.591643766e-05
1.591643766e-05
1.591643766e-05
1.591643766e-05
1.591643766e-05
1.591643766e-05
1.591643766e-05
1.591643766e-05
1.591643766e-05
1.591643766e-05
1.591643766e-05
1.591643766e-05
1.591643766e-05
1.591643766e-05
1.591643766e-05
1.591643766e-05
1.591643766e-05
1.591643766e-05
1.591643766e-05
1.591643766e-05
1.591643766e-05
1.591643766e-05
1.591643766e-05
)
;
    }
    procBoundary2to1
    {
        type            processor;
        value           nonuniform List<scalar> 7(1.591643766e-05 1.591643766e-05 0.0001339874713 1.59345413e-05 1.591643939e-05 1.591643766e-05 1.591643766e-05);
    }
    procBoundary2to3
    {
        type            processor;
        value           nonuniform List<scalar> 
205
(
0.06006786455
0.0654554289
0.06953427576
0.07278547674
0.07551076916
0.07794325964
0.08021593176
0.08233814089
0.0841350273
0.08553506941
0.08658401018
0.087377355
0.08800430458
0.08852353064
0.08896781807
0.08935860371
0.08974449617
0.09023143176
0.09074237542
0.09113563692
0.09140069411
0.0915586558
0.09164188173
0.09167690607
0.09167996512
0.09166052845
0.09162620969
0.0915954166
0.09161773737
0.09169650684
0.09177965181
0.09182817383
0.09183459232
0.09181039324
0.09176524108
0.09170517041
0.09163335907
0.09155193822
0.09146314508
0.09137129027
0.09129562541
0.09125909307
0.09124596599
0.09123846248
0.09122460733
0.09119920169
0.09116227468
0.09111579776
0.09106108349
0.09099826744
0.09092715432
0.09084811367
0.09076180238
0.09066939056
0.09057533216
0.09049485864
0.09043234592
0.09038296153
0.09034054603
0.09029975343
0.09025675073
0.09020953704
0.09015758952
0.09010104272
0.09003991132
0.08997392818
0.08990269735
0.0898259043
0.08974344055
0.08965541623
0.08956205189
0.08946395326
0.08936155599
0.08925492025
0.08914243112
0.08902858884
0.08891840168
0.0888144466
0.08871609816
0.08862369636
0.0885351934
0.08845011114
0.08836653733
0.08828373357
0.08820018818
0.08811531069
0.08802810072
0.08793813712
0.0878449115
0.08774813203
0.08764763047
0.08754321475
0.087434862
0.08732255757
0.08720627156
0.08708603167
0.08696187207
0.08683381388
0.08670186491
0.08656602553
0.08642628119
0.08628259523
0.08613490411
0.08598311235
0.08582703141
0.08561513622
0.08540392042
0.08519763577
0.08499551019
0.08479616561
0.08459853828
0.08440178115
0.0842051098
0.08400775799
0.08380900165
0.08360819842
0.08340481485
0.08319843403
0.08298874739
0.08277553797
0.08255866001
0.08233728214
0.0821105909
0.08187941391
0.08164616288
0.08141380858
0.08118489111
0.08096099539
0.08074260634
0.08052931434
0.08032013269
0.08011380771
0.07990881094
0.07970315094
0.07949507111
0.07928380676
0.07906978568
0.07885430884
0.07863902126
0.07842544431
0.07821469542
0.07800726111
0.07780285378
0.07760061545
0.07739956592
0.07719902046
0.07699879792
0.07679920264
0.07660086531
0.07640446384
0.07621045493
0.07601895581
0.07582980236
0.07564271117
0.07545744785
0.07527393687
0.07509226672
0.07491261043
0.0747351262
0.07455989439
0.07438691055
0.07421612194
0.0740474752
0.07388094636
0.07371654369
0.07355429245
0.07339421652
0.07323632874
0.0730806316
0.07292712323
0.07277580246
0.07262666999
0.07247972641
0.07233496964
0.07219239343
0.07205198759
0.07191373885
0.07177763209
0.07164365084
0.07151177784
0.07138199516
0.07125428438
0.07112862674
0.07100500315
0.07088339414
0.0707637798
0.07064613962
0.07053045235
0.07041669597
0.07030484752
0.07019488322
0.07008677829
0.06998050709
0.06987604311
0.06977335906
0.06967242689
0.06957321791
0.06947570284
0.06937985196
0.06928563526
0.06919302265
0.06910198537
0.0690124921
0.06892450956
0.06883793603
)
;
    }
}


// ************************************************************************* //
