/*--------------------------------*- C++ -*----------------------------------*\
| =========                 |                                                 |
| \\      /  F ield         | OpenFOAM: The Open Source CFD Toolbox           |
|  \\    /   O peration     | Version:  v1706                                 |
|   \\  /    A nd           | Web:      www.OpenFOAM.com                      |
|    \\/     M anipulation  |                                                 |
\*---------------------------------------------------------------------------*/
FoamFile
{
    version     2.0;
    format      ascii;
    class       volScalarField;
    location    "0.00071";
    object      rho;
}
// * * * * * * * * * * * * * * * * * * * * * * * * * * * * * * * * * * * * * //

dimensions      [1 -3 0 0 0 0 0];


internalField   nonuniform List<scalar> 
60000
(
0.1423640133
0.1397117618
0.1393774321
0.1390098865
0.1385416422
0.1379706928
0.1373049321
0.1365306401
0.1351702
0.1280287161
0.09579009756
0.03659787882
0.01821078682
0.01820014213
0.0182000564
0.01820005625
0.01820005625
0.01820005625
0.01820005625
0.01820005625
0.01820005625
0.01820005625
0.01820005625
0.01820005625
0.01820005625
0.01820005625
0.01820005625
0.01820005625
0.01820005625
0.01820005625
0.01820005625
0.01820005625
0.01820005625
0.01820005625
0.01820005625
0.01820005625
0.01820005625
0.01820005625
0.01820005625
0.01820005625
0.01820005625
0.01820005625
0.01820005625
0.01820005625
0.01820005625
0.01820005625
0.01820005625
0.01820005625
0.01820005625
0.01820005625
0.01820005625
0.01820005625
0.01820005625
0.01820005625
0.01820005625
0.01820005625
0.01820005625
0.01820005625
0.01820005625
0.01820005625
0.01820005625
0.01820005625
0.01820005625
0.01820005625
0.01820005625
0.01820005625
0.01820005625
0.01820005625
0.01820005625
0.01820005625
0.01820005625
0.01820005625
0.01820005625
0.01820005625
0.01820005625
0.01820005625
0.01820005625
0.01820005625
0.01820005625
0.01820005625
0.01820005625
0.01820005625
0.01820005625
0.01820005625
0.01820005625
0.01820005625
0.01820005625
0.01820005625
0.01820005625
0.01820005625
0.01820005625
0.01820005625
0.01820005625
0.01820005625
0.01820005625
0.01820005625
0.01820005625
0.01820005625
0.01820005625
0.01820005625
0.01820005625
0.01820005625
0.01820005625
0.01820005625
0.01820005625
0.01820005625
0.01820005625
0.01820005625
0.01820005625
0.01820005625
0.01820005625
0.01820005625
0.01820005625
0.01820005625
0.01820005625
0.01820005625
0.01820005625
0.01820005625
0.01820005625
0.01820005625
0.01820005625
0.01820005625
0.01820005625
0.01820005625
0.01820005625
0.01820005625
0.01820005625
0.01820005625
0.01820005625
0.01820005625
0.01820005625
0.01820005625
0.01820005625
0.01820005625
0.01820005625
0.01820005625
0.01820005625
0.01820005625
0.01820005625
0.01820005625
0.01820005625
0.01820005625
0.01820005625
0.01820005625
0.01820005625
0.01820005625
0.01820005625
0.01820005625
0.01820005625
0.01820005625
0.01820005625
0.01820005625
0.01820005625
0.01820005625
0.01820005625
0.01820005625
0.01820005625
0.01820005625
0.01820005625
0.01820005625
0.01820005625
0.01820005625
0.01820005625
0.01820005625
0.01820005625
0.01820005625
0.01820005625
0.01820005625
0.01820005625
0.01820005625
0.01820005625
0.01820005625
0.01820005625
0.01820005625
0.01820005625
0.01820005625
0.01820005625
0.01820005625
0.01820005625
0.01820005625
0.01820005625
0.01820005625
0.01820005625
0.01820005625
0.01820005625
0.01820005625
0.01820005625
0.01820005625
0.01820005625
0.01820005625
0.01820005625
0.01820005625
0.01820005625
0.01820005625
0.01820005625
0.01820005625
0.01820005625
0.01820005625
0.01820005625
0.01820005625
0.1433241151
0.140647913
0.1402938188
0.1399090697
0.1394254239
0.138837703
0.1381471717
0.1373253857
0.1358625023
0.128520526
0.09604564176
0.03676813313
0.01821070451
0.01820014295
0.0182000564
0.01820005625
0.01820005625
0.01820005625
0.01820005625
0.01820005625
0.01820005625
0.01820005625
0.01820005625
0.01820005625
0.01820005625
0.01820005625
0.01820005625
0.01820005625
0.01820005625
0.01820005625
0.01820005625
0.01820005625
0.01820005625
0.01820005625
0.01820005625
0.01820005625
0.01820005625
0.01820005625
0.01820005625
0.01820005625
0.01820005625
0.01820005625
0.01820005625
0.01820005625
0.01820005625
0.01820005625
0.01820005625
0.01820005625
0.01820005625
0.01820005625
0.01820005625
0.01820005625
0.01820005625
0.01820005625
0.01820005625
0.01820005625
0.01820005625
0.01820005625
0.01820005625
0.01820005625
0.01820005625
0.01820005625
0.01820005625
0.01820005625
0.01820005625
0.01820005625
0.01820005625
0.01820005625
0.01820005625
0.01820005625
0.01820005625
0.01820005625
0.01820005625
0.01820005625
0.01820005625
0.01820005625
0.01820005625
0.01820005625
0.01820005625
0.01820005625
0.01820005625
0.01820005625
0.01820005625
0.01820005625
0.01820005625
0.01820005625
0.01820005625
0.01820005625
0.01820005625
0.01820005625
0.01820005625
0.01820005625
0.01820005625
0.01820005625
0.01820005625
0.01820005625
0.01820005625
0.01820005625
0.01820005625
0.01820005625
0.01820005625
0.01820005625
0.01820005625
0.01820005625
0.01820005625
0.01820005625
0.01820005625
0.01820005625
0.01820005625
0.01820005625
0.01820005625
0.01820005625
0.01820005625
0.01820005625
0.01820005625
0.01820005625
0.01820005625
0.01820005625
0.01820005625
0.01820005625
0.01820005625
0.01820005625
0.01820005625
0.01820005625
0.01820005625
0.01820005625
0.01820005625
0.01820005625
0.01820005625
0.01820005625
0.01820005625
0.01820005625
0.01820005625
0.01820005625
0.01820005625
0.01820005625
0.01820005625
0.01820005625
0.01820005625
0.01820005625
0.01820005625
0.01820005625
0.01820005625
0.01820005625
0.01820005625
0.01820005625
0.01820005625
0.01820005625
0.01820005625
0.01820005625
0.01820005625
0.01820005625
0.01820005625
0.01820005625
0.01820005625
0.01820005625
0.01820005625
0.01820005625
0.01820005625
0.01820005625
0.01820005625
0.01820005625
0.01820005625
0.01820005625
0.01820005625
0.01820005625
0.01820005625
0.01820005625
0.01820005625
0.01820005625
0.01820005625
0.01820005625
0.01820005625
0.01820005625
0.01820005625
0.01820005625
0.01820005625
0.01820005625
0.01820005625
0.01820005625
0.01820005625
0.01820005625
0.01820005625
0.01820005625
0.01820005625
0.01820005625
0.01820005625
0.01820005625
0.01820005625
0.01820005625
0.01820005625
0.01820005625
0.01820005625
0.01820005625
0.01820005625
0.01820005625
0.01820005625
0.01820005625
0.01820005625
0.01820005626
0.1436861017
0.1410114753
0.1406493255
0.1402554624
0.139761073
0.1391585561
0.1384442942
0.1375807116
0.1360462017
0.1286359228
0.09624608441
0.03707854935
0.01821080335
0.01820014412
0.01820005641
0.01820005625
0.01820005625
0.01820005625
0.01820005625
0.01820005625
0.01820005625
0.01820005625
0.01820005625
0.01820005625
0.01820005625
0.01820005625
0.01820005625
0.01820005625
0.01820005625
0.01820005625
0.01820005625
0.01820005625
0.01820005625
0.01820005625
0.01820005625
0.01820005625
0.01820005625
0.01820005625
0.01820005625
0.01820005625
0.01820005625
0.01820005625
0.01820005625
0.01820005625
0.01820005625
0.01820005625
0.01820005625
0.01820005625
0.01820005625
0.01820005625
0.01820005625
0.01820005625
0.01820005625
0.01820005625
0.01820005625
0.01820005625
0.01820005625
0.01820005625
0.01820005625
0.01820005625
0.01820005625
0.01820005625
0.01820005625
0.01820005625
0.01820005625
0.01820005625
0.01820005625
0.01820005625
0.01820005625
0.01820005625
0.01820005625
0.01820005625
0.01820005625
0.01820005625
0.01820005625
0.01820005625
0.01820005625
0.01820005625
0.01820005625
0.01820005625
0.01820005625
0.01820005625
0.01820005625
0.01820005625
0.01820005625
0.01820005625
0.01820005625
0.01820005625
0.01820005625
0.01820005625
0.01820005625
0.01820005625
0.01820005625
0.01820005625
0.01820005625
0.01820005625
0.01820005625
0.01820005625
0.01820005625
0.01820005625
0.01820005625
0.01820005625
0.01820005625
0.01820005625
0.01820005625
0.01820005625
0.01820005625
0.01820005625
0.01820005625
0.01820005625
0.01820005625
0.01820005625
0.01820005625
0.01820005625
0.01820005625
0.01820005625
0.01820005625
0.01820005625
0.01820005625
0.01820005625
0.01820005625
0.01820005625
0.01820005625
0.01820005625
0.01820005625
0.01820005625
0.01820005625
0.01820005625
0.01820005625
0.01820005625
0.01820005625
0.01820005625
0.01820005625
0.01820005625
0.01820005625
0.01820005625
0.01820005625
0.01820005625
0.01820005625
0.01820005625
0.01820005625
0.01820005625
0.01820005625
0.01820005625
0.01820005625
0.01820005625
0.01820005625
0.01820005625
0.01820005625
0.01820005625
0.01820005625
0.01820005625
0.01820005625
0.01820005625
0.01820005625
0.01820005625
0.01820005625
0.01820005625
0.01820005625
0.01820005625
0.01820005625
0.01820005625
0.01820005625
0.01820005625
0.01820005625
0.01820005625
0.01820005625
0.01820005625
0.01820005625
0.01820005625
0.01820005625
0.01820005625
0.01820005625
0.01820005625
0.01820005625
0.01820005625
0.01820005625
0.01820005625
0.01820005625
0.01820005625
0.01820005625
0.01820005625
0.01820005625
0.01820005625
0.01820005625
0.01820005625
0.01820005625
0.01820005625
0.01820005625
0.01820005625
0.01820005625
0.01820005625
0.01820005625
0.01820005625
0.01820005625
0.01820005625
0.01820005625
0.01820005625
0.01820005626
0.01820005626
0.1438797085
0.1412165544
0.1408491455
0.1404479334
0.1399435847
0.139326359
0.1385886337
0.137686188
0.1360933616
0.1286667154
0.096476005
0.03746124723
0.01821096178
0.01820014549
0.01820005641
0.01820005625
0.01820005625
0.01820005625
0.01820005625
0.01820005625
0.01820005625
0.01820005625
0.01820005625
0.01820005625
0.01820005625
0.01820005625
0.01820005625
0.01820005625
0.01820005625
0.01820005625
0.01820005625
0.01820005625
0.01820005625
0.01820005625
0.01820005625
0.01820005625
0.01820005625
0.01820005625
0.01820005625
0.01820005625
0.01820005625
0.01820005625
0.01820005625
0.01820005625
0.01820005625
0.01820005625
0.01820005625
0.01820005625
0.01820005625
0.01820005625
0.01820005625
0.01820005625
0.01820005625
0.01820005625
0.01820005625
0.01820005625
0.01820005625
0.01820005625
0.01820005625
0.01820005625
0.01820005625
0.01820005625
0.01820005625
0.01820005625
0.01820005625
0.01820005625
0.01820005625
0.01820005625
0.01820005625
0.01820005625
0.01820005625
0.01820005625
0.01820005625
0.01820005625
0.01820005625
0.01820005625
0.01820005625
0.01820005625
0.01820005625
0.01820005625
0.01820005625
0.01820005625
0.01820005625
0.01820005625
0.01820005625
0.01820005625
0.01820005625
0.01820005625
0.01820005625
0.01820005625
0.01820005625
0.01820005625
0.01820005625
0.01820005625
0.01820005625
0.01820005625
0.01820005625
0.01820005625
0.01820005625
0.01820005625
0.01820005625
0.01820005625
0.01820005625
0.01820005625
0.01820005625
0.01820005625
0.01820005625
0.01820005625
0.01820005625
0.01820005625
0.01820005625
0.01820005625
0.01820005625
0.01820005625
0.01820005625
0.01820005625
0.01820005625
0.01820005625
0.01820005625
0.01820005625
0.01820005625
0.01820005625
0.01820005625
0.01820005625
0.01820005625
0.01820005625
0.01820005625
0.01820005625
0.01820005625
0.01820005625
0.01820005625
0.01820005625
0.01820005625
0.01820005625
0.01820005625
0.01820005625
0.01820005625
0.01820005625
0.01820005625
0.01820005625
0.01820005625
0.01820005625
0.01820005625
0.01820005625
0.01820005625
0.01820005625
0.01820005625
0.01820005625
0.01820005625
0.01820005625
0.01820005625
0.01820005625
0.01820005625
0.01820005625
0.01820005625
0.01820005625
0.01820005625
0.01820005625
0.01820005625
0.01820005625
0.01820005625
0.01820005625
0.01820005625
0.01820005625
0.01820005625
0.01820005625
0.01820005625
0.01820005625
0.01820005625
0.01820005625
0.01820005625
0.01820005625
0.01820005625
0.01820005625
0.01820005625
0.01820005625
0.01820005625
0.01820005625
0.01820005625
0.01820005625
0.01820005625
0.01820005625
0.01820005625
0.01820005625
0.01820005625
0.01820005625
0.01820005625
0.01820005625
0.01820005625
0.01820005625
0.01820005625
0.01820005625
0.01820005625
0.01820005625
0.01820005625
0.01820005625
0.01820005625
0.01820005626
0.01820005626
0.01820005626
0.1439861165
0.1413407146
0.1409694547
0.1405619109
0.140048378
0.1394173027
0.1386578858
0.1377211967
0.1360823726
0.1286740165
0.09674182534
0.03788743132
0.01821115137
0.01820014697
0.01820005641
0.01820005625
0.01820005625
0.01820005625
0.01820005625
0.01820005625
0.01820005625
0.01820005625
0.01820005625
0.01820005625
0.01820005625
0.01820005625
0.01820005625
0.01820005625
0.01820005625
0.01820005625
0.01820005625
0.01820005625
0.01820005625
0.01820005625
0.01820005625
0.01820005625
0.01820005625
0.01820005625
0.01820005625
0.01820005625
0.01820005625
0.01820005625
0.01820005625
0.01820005625
0.01820005625
0.01820005625
0.01820005625
0.01820005625
0.01820005625
0.01820005625
0.01820005625
0.01820005625
0.01820005625
0.01820005625
0.01820005625
0.01820005625
0.01820005625
0.01820005625
0.01820005625
0.01820005625
0.01820005625
0.01820005625
0.01820005625
0.01820005625
0.01820005625
0.01820005625
0.01820005625
0.01820005625
0.01820005625
0.01820005625
0.01820005625
0.01820005625
0.01820005625
0.01820005625
0.01820005625
0.01820005625
0.01820005625
0.01820005625
0.01820005625
0.01820005625
0.01820005625
0.01820005625
0.01820005625
0.01820005625
0.01820005625
0.01820005625
0.01820005625
0.01820005625
0.01820005625
0.01820005625
0.01820005625
0.01820005625
0.01820005625
0.01820005625
0.01820005625
0.01820005625
0.01820005625
0.01820005625
0.01820005625
0.01820005625
0.01820005625
0.01820005625
0.01820005625
0.01820005625
0.01820005625
0.01820005625
0.01820005625
0.01820005625
0.01820005625
0.01820005625
0.01820005625
0.01820005625
0.01820005625
0.01820005625
0.01820005625
0.01820005625
0.01820005625
0.01820005625
0.01820005625
0.01820005625
0.01820005625
0.01820005625
0.01820005625
0.01820005625
0.01820005625
0.01820005625
0.01820005625
0.01820005625
0.01820005625
0.01820005625
0.01820005625
0.01820005625
0.01820005625
0.01820005625
0.01820005625
0.01820005625
0.01820005625
0.01820005625
0.01820005625
0.01820005625
0.01820005625
0.01820005625
0.01820005625
0.01820005625
0.01820005625
0.01820005625
0.01820005625
0.01820005625
0.01820005625
0.01820005625
0.01820005625
0.01820005625
0.01820005625
0.01820005625
0.01820005625
0.01820005625
0.01820005625
0.01820005625
0.01820005625
0.01820005625
0.01820005625
0.01820005625
0.01820005625
0.01820005625
0.01820005625
0.01820005625
0.01820005625
0.01820005625
0.01820005625
0.01820005625
0.01820005625
0.01820005625
0.01820005625
0.01820005625
0.01820005625
0.01820005625
0.01820005625
0.01820005625
0.01820005625
0.01820005625
0.01820005625
0.01820005625
0.01820005625
0.01820005625
0.01820005625
0.01820005625
0.01820005625
0.01820005625
0.01820005625
0.01820005625
0.01820005625
0.01820005625
0.01820005625
0.01820005625
0.01820005625
0.01820005625
0.01820005626
0.01820005626
0.01820005626
0.01820005626
0.144036222
0.1414130036
0.1410389794
0.1406261255
0.1401045739
0.1394613171
0.1386831432
0.1377179596
0.1360449462
0.1286801077
0.09703872327
0.03834037457
0.01821135898
0.0182001485
0.01820005642
0.01820005625
0.01820005625
0.01820005625
0.01820005625
0.01820005625
0.01820005625
0.01820005625
0.01820005625
0.01820005625
0.01820005625
0.01820005625
0.01820005625
0.01820005625
0.01820005625
0.01820005625
0.01820005625
0.01820005625
0.01820005625
0.01820005625
0.01820005625
0.01820005625
0.01820005625
0.01820005625
0.01820005625
0.01820005625
0.01820005625
0.01820005625
0.01820005625
0.01820005625
0.01820005625
0.01820005625
0.01820005625
0.01820005625
0.01820005625
0.01820005625
0.01820005625
0.01820005625
0.01820005625
0.01820005625
0.01820005625
0.01820005625
0.01820005625
0.01820005625
0.01820005625
0.01820005625
0.01820005625
0.01820005625
0.01820005625
0.01820005625
0.01820005625
0.01820005625
0.01820005625
0.01820005625
0.01820005625
0.01820005625
0.01820005625
0.01820005625
0.01820005625
0.01820005625
0.01820005625
0.01820005625
0.01820005625
0.01820005625
0.01820005625
0.01820005625
0.01820005625
0.01820005625
0.01820005625
0.01820005625
0.01820005625
0.01820005625
0.01820005625
0.01820005625
0.01820005625
0.01820005625
0.01820005625
0.01820005625
0.01820005625
0.01820005625
0.01820005625
0.01820005625
0.01820005625
0.01820005625
0.01820005625
0.01820005625
0.01820005625
0.01820005625
0.01820005625
0.01820005625
0.01820005625
0.01820005625
0.01820005625
0.01820005625
0.01820005625
0.01820005625
0.01820005625
0.01820005625
0.01820005625
0.01820005625
0.01820005625
0.01820005625
0.01820005625
0.01820005625
0.01820005625
0.01820005625
0.01820005625
0.01820005625
0.01820005625
0.01820005625
0.01820005625
0.01820005625
0.01820005625
0.01820005625
0.01820005625
0.01820005625
0.01820005625
0.01820005625
0.01820005625
0.01820005625
0.01820005625
0.01820005625
0.01820005625
0.01820005625
0.01820005625
0.01820005625
0.01820005625
0.01820005625
0.01820005625
0.01820005625
0.01820005625
0.01820005625
0.01820005625
0.01820005625
0.01820005625
0.01820005625
0.01820005625
0.01820005625
0.01820005625
0.01820005625
0.01820005625
0.01820005625
0.01820005625
0.01820005625
0.01820005625
0.01820005625
0.01820005625
0.01820005625
0.01820005625
0.01820005625
0.01820005625
0.01820005625
0.01820005625
0.01820005625
0.01820005625
0.01820005625
0.01820005625
0.01820005625
0.01820005625
0.01820005625
0.01820005625
0.01820005625
0.01820005625
0.01820005625
0.01820005625
0.01820005625
0.01820005625
0.01820005625
0.01820005625
0.01820005625
0.01820005625
0.01820005625
0.01820005625
0.01820005625
0.01820005625
0.01820005625
0.01820005625
0.01820005625
0.01820005625
0.01820005625
0.01820005625
0.01820005626
0.01820005626
0.01820005626
0.01820005626
0.01820005626
0.1440459356
0.1414480312
0.1410722772
0.1406552796
0.1401272282
0.139474004
0.1386806284
0.1376930213
0.1359965213
0.1286936344
0.09736012677
0.03881024635
0.01821157667
0.01820015004
0.01820005642
0.01820005625
0.01820005625
0.01820005625
0.01820005625
0.01820005625
0.01820005625
0.01820005625
0.01820005625
0.01820005625
0.01820005625
0.01820005625
0.01820005625
0.01820005625
0.01820005625
0.01820005625
0.01820005625
0.01820005625
0.01820005625
0.01820005625
0.01820005625
0.01820005625
0.01820005625
0.01820005625
0.01820005625
0.01820005625
0.01820005625
0.01820005625
0.01820005625
0.01820005625
0.01820005625
0.01820005625
0.01820005625
0.01820005625
0.01820005625
0.01820005625
0.01820005625
0.01820005625
0.01820005625
0.01820005625
0.01820005625
0.01820005625
0.01820005625
0.01820005625
0.01820005625
0.01820005625
0.01820005625
0.01820005625
0.01820005625
0.01820005625
0.01820005625
0.01820005625
0.01820005625
0.01820005625
0.01820005625
0.01820005625
0.01820005625
0.01820005625
0.01820005625
0.01820005625
0.01820005625
0.01820005625
0.01820005625
0.01820005625
0.01820005625
0.01820005625
0.01820005625
0.01820005625
0.01820005625
0.01820005625
0.01820005625
0.01820005625
0.01820005625
0.01820005625
0.01820005625
0.01820005625
0.01820005625
0.01820005625
0.01820005625
0.01820005625
0.01820005625
0.01820005625
0.01820005625
0.01820005625
0.01820005625
0.01820005625
0.01820005625
0.01820005625
0.01820005625
0.01820005625
0.01820005625
0.01820005625
0.01820005625
0.01820005625
0.01820005625
0.01820005625
0.01820005625
0.01820005625
0.01820005625
0.01820005625
0.01820005625
0.01820005625
0.01820005625
0.01820005625
0.01820005625
0.01820005625
0.01820005625
0.01820005625
0.01820005625
0.01820005625
0.01820005625
0.01820005625
0.01820005625
0.01820005625
0.01820005625
0.01820005625
0.01820005625
0.01820005625
0.01820005625
0.01820005625
0.01820005625
0.01820005625
0.01820005625
0.01820005625
0.01820005625
0.01820005625
0.01820005625
0.01820005625
0.01820005625
0.01820005625
0.01820005625
0.01820005625
0.01820005625
0.01820005625
0.01820005625
0.01820005625
0.01820005625
0.01820005625
0.01820005625
0.01820005625
0.01820005625
0.01820005625
0.01820005625
0.01820005625
0.01820005625
0.01820005625
0.01820005625
0.01820005625
0.01820005625
0.01820005625
0.01820005625
0.01820005625
0.01820005625
0.01820005625
0.01820005625
0.01820005625
0.01820005625
0.01820005625
0.01820005625
0.01820005625
0.01820005625
0.01820005625
0.01820005625
0.01820005625
0.01820005625
0.01820005625
0.01820005625
0.01820005625
0.01820005625
0.01820005625
0.01820005625
0.01820005625
0.01820005625
0.01820005625
0.01820005625
0.01820005625
0.01820005625
0.01820005625
0.01820005625
0.01820005625
0.01820005625
0.01820005626
0.01820005626
0.01820005626
0.01820005626
0.01820005626
0.1440250224
0.1414545279
0.141078089
0.1406582431
0.140125436
0.1394647322
0.1386598935
0.1376556954
0.1359449528
0.1287173388
0.09770014284
0.03929139215
0.0182117998
0.0182001516
0.01820005642
0.01820005625
0.01820005625
0.01820005625
0.01820005625
0.01820005625
0.01820005625
0.01820005625
0.01820005625
0.01820005625
0.01820005625
0.01820005625
0.01820005625
0.01820005625
0.01820005625
0.01820005625
0.01820005625
0.01820005625
0.01820005625
0.01820005625
0.01820005625
0.01820005625
0.01820005625
0.01820005625
0.01820005625
0.01820005625
0.01820005625
0.01820005625
0.01820005625
0.01820005625
0.01820005625
0.01820005625
0.01820005625
0.01820005625
0.01820005625
0.01820005625
0.01820005625
0.01820005625
0.01820005625
0.01820005625
0.01820005625
0.01820005625
0.01820005625
0.01820005625
0.01820005625
0.01820005625
0.01820005625
0.01820005625
0.01820005625
0.01820005625
0.01820005625
0.01820005625
0.01820005625
0.01820005625
0.01820005625
0.01820005625
0.01820005625
0.01820005625
0.01820005625
0.01820005625
0.01820005625
0.01820005625
0.01820005625
0.01820005625
0.01820005625
0.01820005625
0.01820005625
0.01820005625
0.01820005625
0.01820005625
0.01820005625
0.01820005625
0.01820005625
0.01820005625
0.01820005625
0.01820005625
0.01820005625
0.01820005625
0.01820005625
0.01820005625
0.01820005625
0.01820005625
0.01820005625
0.01820005625
0.01820005625
0.01820005625
0.01820005625
0.01820005625
0.01820005625
0.01820005625
0.01820005625
0.01820005625
0.01820005625
0.01820005625
0.01820005625
0.01820005625
0.01820005625
0.01820005625
0.01820005625
0.01820005625
0.01820005625
0.01820005625
0.01820005625
0.01820005625
0.01820005625
0.01820005625
0.01820005625
0.01820005625
0.01820005625
0.01820005625
0.01820005625
0.01820005625
0.01820005625
0.01820005625
0.01820005625
0.01820005625
0.01820005625
0.01820005625
0.01820005625
0.01820005625
0.01820005625
0.01820005625
0.01820005625
0.01820005625
0.01820005625
0.01820005625
0.01820005625
0.01820005625
0.01820005625
0.01820005625
0.01820005625
0.01820005625
0.01820005625
0.01820005625
0.01820005625
0.01820005625
0.01820005625
0.01820005625
0.01820005625
0.01820005625
0.01820005625
0.01820005625
0.01820005625
0.01820005625
0.01820005625
0.01820005625
0.01820005625
0.01820005625
0.01820005625
0.01820005625
0.01820005625
0.01820005625
0.01820005625
0.01820005625
0.01820005625
0.01820005625
0.01820005625
0.01820005625
0.01820005625
0.01820005625
0.01820005625
0.01820005625
0.01820005625
0.01820005625
0.01820005625
0.01820005625
0.01820005625
0.01820005625
0.01820005625
0.01820005625
0.01820005625
0.01820005625
0.01820005625
0.01820005625
0.01820005625
0.01820005625
0.01820005625
0.01820005625
0.01820005625
0.01820005625
0.01820005626
0.01820005626
0.01820005626
0.01820005626
0.01820005626
0.01820005626
0.1439801506
0.1414383131
0.1410622395
0.1406409113
0.1401051878
0.1394395523
0.138626881
0.1376113839
0.1358941264
0.1287513104
0.09805410705
0.0397806848
0.0182120257
0.01820015315
0.01820005643
0.01820005625
0.01820005625
0.01820005625
0.01820005625
0.01820005625
0.01820005625
0.01820005625
0.01820005625
0.01820005625
0.01820005625
0.01820005625
0.01820005625
0.01820005625
0.01820005625
0.01820005625
0.01820005625
0.01820005625
0.01820005625
0.01820005625
0.01820005625
0.01820005625
0.01820005625
0.01820005625
0.01820005625
0.01820005625
0.01820005625
0.01820005625
0.01820005625
0.01820005625
0.01820005625
0.01820005625
0.01820005625
0.01820005625
0.01820005625
0.01820005625
0.01820005625
0.01820005625
0.01820005625
0.01820005625
0.01820005625
0.01820005625
0.01820005625
0.01820005625
0.01820005625
0.01820005625
0.01820005625
0.01820005625
0.01820005625
0.01820005625
0.01820005625
0.01820005625
0.01820005625
0.01820005625
0.01820005625
0.01820005625
0.01820005625
0.01820005625
0.01820005625
0.01820005625
0.01820005625
0.01820005625
0.01820005625
0.01820005625
0.01820005625
0.01820005625
0.01820005625
0.01820005625
0.01820005625
0.01820005625
0.01820005625
0.01820005625
0.01820005625
0.01820005625
0.01820005625
0.01820005625
0.01820005625
0.01820005625
0.01820005625
0.01820005625
0.01820005625
0.01820005625
0.01820005625
0.01820005625
0.01820005625
0.01820005625
0.01820005625
0.01820005625
0.01820005625
0.01820005625
0.01820005625
0.01820005625
0.01820005625
0.01820005625
0.01820005625
0.01820005625
0.01820005625
0.01820005625
0.01820005625
0.01820005625
0.01820005625
0.01820005625
0.01820005625
0.01820005625
0.01820005625
0.01820005625
0.01820005625
0.01820005625
0.01820005625
0.01820005625
0.01820005625
0.01820005625
0.01820005625
0.01820005625
0.01820005625
0.01820005625
0.01820005625
0.01820005625
0.01820005625
0.01820005625
0.01820005625
0.01820005625
0.01820005625
0.01820005625
0.01820005625
0.01820005625
0.01820005625
0.01820005625
0.01820005625
0.01820005625
0.01820005625
0.01820005625
0.01820005625
0.01820005625
0.01820005625
0.01820005625
0.01820005625
0.01820005625
0.01820005625
0.01820005625
0.01820005625
0.01820005625
0.01820005625
0.01820005625
0.01820005625
0.01820005625
0.01820005625
0.01820005625
0.01820005625
0.01820005625
0.01820005625
0.01820005625
0.01820005625
0.01820005625
0.01820005625
0.01820005625
0.01820005625
0.01820005625
0.01820005625
0.01820005625
0.01820005625
0.01820005625
0.01820005625
0.01820005625
0.01820005625
0.01820005625
0.01820005625
0.01820005625
0.01820005625
0.01820005625
0.01820005625
0.01820005625
0.01820005625
0.01820005625
0.01820005625
0.01820005625
0.01820005625
0.01820005625
0.01820005625
0.01820005626
0.01820005626
0.01820005626
0.01820005626
0.01820005626
0.01820005626
0.01820005626
0.1439161751
0.1414035506
0.1410288733
0.1406074373
0.1400706282
0.1394025232
0.1385853764
0.1375632151
0.1358457745
0.128794527
0.09841854031
0.04027650351
0.01821225289
0.0182001547
0.01820005643
0.01820005625
0.01820005625
0.01820005625
0.01820005625
0.01820005625
0.01820005625
0.01820005625
0.01820005625
0.01820005625
0.01820005625
0.01820005625
0.01820005625
0.01820005625
0.01820005625
0.01820005625
0.01820005625
0.01820005625
0.01820005625
0.01820005625
0.01820005625
0.01820005625
0.01820005625
0.01820005625
0.01820005625
0.01820005625
0.01820005625
0.01820005625
0.01820005625
0.01820005625
0.01820005625
0.01820005625
0.01820005625
0.01820005625
0.01820005625
0.01820005625
0.01820005625
0.01820005625
0.01820005625
0.01820005625
0.01820005625
0.01820005625
0.01820005625
0.01820005625
0.01820005625
0.01820005625
0.01820005625
0.01820005625
0.01820005625
0.01820005625
0.01820005625
0.01820005625
0.01820005625
0.01820005625
0.01820005625
0.01820005625
0.01820005625
0.01820005625
0.01820005625
0.01820005625
0.01820005625
0.01820005625
0.01820005625
0.01820005625
0.01820005625
0.01820005625
0.01820005625
0.01820005625
0.01820005625
0.01820005625
0.01820005625
0.01820005625
0.01820005625
0.01820005625
0.01820005625
0.01820005625
0.01820005625
0.01820005625
0.01820005625
0.01820005625
0.01820005625
0.01820005625
0.01820005625
0.01820005625
0.01820005625
0.01820005625
0.01820005625
0.01820005625
0.01820005625
0.01820005625
0.01820005625
0.01820005625
0.01820005625
0.01820005625
0.01820005625
0.01820005625
0.01820005625
0.01820005625
0.01820005625
0.01820005625
0.01820005625
0.01820005625
0.01820005625
0.01820005625
0.01820005625
0.01820005625
0.01820005625
0.01820005625
0.01820005625
0.01820005625
0.01820005625
0.01820005625
0.01820005625
0.01820005625
0.01820005625
0.01820005625
0.01820005625
0.01820005625
0.01820005625
0.01820005625
0.01820005625
0.01820005625
0.01820005625
0.01820005625
0.01820005625
0.01820005625
0.01820005625
0.01820005625
0.01820005625
0.01820005625
0.01820005625
0.01820005625
0.01820005625
0.01820005625
0.01820005625
0.01820005625
0.01820005625
0.01820005625
0.01820005625
0.01820005625
0.01820005625
0.01820005625
0.01820005625
0.01820005625
0.01820005625
0.01820005625
0.01820005625
0.01820005625
0.01820005625
0.01820005625
0.01820005625
0.01820005625
0.01820005625
0.01820005625
0.01820005625
0.01820005625
0.01820005625
0.01820005625
0.01820005625
0.01820005625
0.01820005625
0.01820005625
0.01820005625
0.01820005625
0.01820005625
0.01820005625
0.01820005625
0.01820005625
0.01820005625
0.01820005625
0.01820005625
0.01820005625
0.01820005625
0.01820005625
0.01820005625
0.01820005625
0.01820005625
0.01820005625
0.01820005625
0.01820005626
0.01820005626
0.01820005626
0.01820005626
0.01820005626
0.01820005626
0.01820005626
0.143836762
0.1413533606
0.1409810647
0.1405608534
0.1400247078
0.1393564231
0.1385378094
0.1375129566
0.1358004679
0.1288456034
0.09879094387
0.04077812665
0.01821248067
0.01820015624
0.01820005643
0.01820005625
0.01820005625
0.01820005625
0.01820005625
0.01820005625
0.01820005625
0.01820005625
0.01820005625
0.01820005625
0.01820005625
0.01820005625
0.01820005625
0.01820005625
0.01820005625
0.01820005625
0.01820005625
0.01820005625
0.01820005625
0.01820005625
0.01820005625
0.01820005625
0.01820005625
0.01820005625
0.01820005625
0.01820005625
0.01820005625
0.01820005625
0.01820005625
0.01820005625
0.01820005625
0.01820005625
0.01820005625
0.01820005625
0.01820005625
0.01820005625
0.01820005625
0.01820005625
0.01820005625
0.01820005625
0.01820005625
0.01820005625
0.01820005625
0.01820005625
0.01820005625
0.01820005625
0.01820005625
0.01820005625
0.01820005625
0.01820005625
0.01820005625
0.01820005625
0.01820005625
0.01820005625
0.01820005625
0.01820005625
0.01820005625
0.01820005625
0.01820005625
0.01820005625
0.01820005625
0.01820005625
0.01820005625
0.01820005625
0.01820005625
0.01820005625
0.01820005625
0.01820005625
0.01820005625
0.01820005625
0.01820005625
0.01820005625
0.01820005625
0.01820005625
0.01820005625
0.01820005625
0.01820005625
0.01820005625
0.01820005625
0.01820005625
0.01820005625
0.01820005625
0.01820005625
0.01820005625
0.01820005625
0.01820005625
0.01820005625
0.01820005625
0.01820005625
0.01820005625
0.01820005625
0.01820005625
0.01820005625
0.01820005625
0.01820005625
0.01820005625
0.01820005625
0.01820005625
0.01820005625
0.01820005625
0.01820005625
0.01820005625
0.01820005625
0.01820005625
0.01820005625
0.01820005625
0.01820005625
0.01820005625
0.01820005625
0.01820005625
0.01820005625
0.01820005625
0.01820005625
0.01820005625
0.01820005625
0.01820005625
0.01820005625
0.01820005625
0.01820005625
0.01820005625
0.01820005625
0.01820005625
0.01820005625
0.01820005625
0.01820005625
0.01820005625
0.01820005625
0.01820005625
0.01820005625
0.01820005625
0.01820005625
0.01820005625
0.01820005625
0.01820005625
0.01820005625
0.01820005625
0.01820005625
0.01820005625
0.01820005625
0.01820005625
0.01820005625
0.01820005625
0.01820005625
0.01820005625
0.01820005625
0.01820005625
0.01820005625
0.01820005625
0.01820005625
0.01820005625
0.01820005625
0.01820005625
0.01820005625
0.01820005625
0.01820005625
0.01820005625
0.01820005625
0.01820005625
0.01820005625
0.01820005625
0.01820005625
0.01820005625
0.01820005625
0.01820005625
0.01820005625
0.01820005625
0.01820005625
0.01820005625
0.01820005625
0.01820005625
0.01820005625
0.01820005625
0.01820005625
0.01820005625
0.01820005625
0.01820005625
0.01820005625
0.01820005625
0.01820005626
0.01820005626
0.01820005626
0.01820005626
0.01820005626
0.01820005626
0.01820005626
0.01820005626
0.1437447322
0.141290151
0.1409211552
0.1405034232
0.1399695642
0.1393031748
0.138485737
0.1374615571
0.135758171
0.1289031363
0.09916957019
0.04128540265
0.0182127098
0.01820015776
0.01820005644
0.01820005625
0.01820005625
0.01820005625
0.01820005625
0.01820005625
0.01820005625
0.01820005625
0.01820005625
0.01820005625
0.01820005625
0.01820005625
0.01820005625
0.01820005625
0.01820005625
0.01820005625
0.01820005625
0.01820005625
0.01820005625
0.01820005625
0.01820005625
0.01820005625
0.01820005625
0.01820005625
0.01820005625
0.01820005625
0.01820005625
0.01820005625
0.01820005625
0.01820005625
0.01820005625
0.01820005625
0.01820005625
0.01820005625
0.01820005625
0.01820005625
0.01820005625
0.01820005625
0.01820005625
0.01820005625
0.01820005625
0.01820005625
0.01820005625
0.01820005625
0.01820005625
0.01820005625
0.01820005625
0.01820005625
0.01820005625
0.01820005625
0.01820005625
0.01820005625
0.01820005625
0.01820005625
0.01820005625
0.01820005625
0.01820005625
0.01820005625
0.01820005625
0.01820005625
0.01820005625
0.01820005625
0.01820005625
0.01820005625
0.01820005625
0.01820005625
0.01820005625
0.01820005625
0.01820005625
0.01820005625
0.01820005625
0.01820005625
0.01820005625
0.01820005625
0.01820005625
0.01820005625
0.01820005625
0.01820005625
0.01820005625
0.01820005625
0.01820005625
0.01820005625
0.01820005625
0.01820005625
0.01820005625
0.01820005625
0.01820005625
0.01820005625
0.01820005625
0.01820005625
0.01820005625
0.01820005625
0.01820005625
0.01820005625
0.01820005625
0.01820005625
0.01820005625
0.01820005625
0.01820005625
0.01820005625
0.01820005625
0.01820005625
0.01820005625
0.01820005625
0.01820005625
0.01820005625
0.01820005625
0.01820005625
0.01820005625
0.01820005625
0.01820005625
0.01820005625
0.01820005625
0.01820005625
0.01820005625
0.01820005625
0.01820005625
0.01820005625
0.01820005625
0.01820005625
0.01820005625
0.01820005625
0.01820005625
0.01820005625
0.01820005625
0.01820005625
0.01820005625
0.01820005625
0.01820005625
0.01820005625
0.01820005625
0.01820005625
0.01820005625
0.01820005625
0.01820005625
0.01820005625
0.01820005625
0.01820005625
0.01820005625
0.01820005625
0.01820005625
0.01820005625
0.01820005625
0.01820005625
0.01820005625
0.01820005625
0.01820005625
0.01820005625
0.01820005625
0.01820005625
0.01820005625
0.01820005625
0.01820005625
0.01820005625
0.01820005625
0.01820005625
0.01820005625
0.01820005625
0.01820005625
0.01820005625
0.01820005625
0.01820005625
0.01820005625
0.01820005625
0.01820005625
0.01820005625
0.01820005625
0.01820005625
0.01820005625
0.01820005625
0.01820005625
0.01820005625
0.01820005625
0.01820005625
0.01820005626
0.01820005626
0.01820005626
0.01820005626
0.01820005626
0.01820005626
0.01820005626
0.01820005626
0.01820005626
0.01820005626
0.01820005626
0.01820005626
0.1436422721
0.1412158142
0.140850958
0.1404368608
0.139906764
0.1392441176
0.1384301496
0.1374094767
0.1357185563
0.1289658532
0.09955321878
0.04179848996
0.01821293685
0.01820015929
0.01820005644
0.01820005625
0.01820005625
0.01820005625
0.01820005625
0.01820005625
0.01820005625
0.01820005625
0.01820005625
0.01820005625
0.01820005625
0.01820005625
0.01820005625
0.01820005625
0.01820005625
0.01820005625
0.01820005625
0.01820005625
0.01820005625
0.01820005625
0.01820005625
0.01820005625
0.01820005625
0.01820005625
0.01820005625
0.01820005625
0.01820005625
0.01820005625
0.01820005625
0.01820005625
0.01820005625
0.01820005625
0.01820005625
0.01820005625
0.01820005625
0.01820005625
0.01820005625
0.01820005625
0.01820005625
0.01820005625
0.01820005625
0.01820005625
0.01820005625
0.01820005625
0.01820005625
0.01820005625
0.01820005625
0.01820005625
0.01820005625
0.01820005625
0.01820005625
0.01820005625
0.01820005625
0.01820005625
0.01820005625
0.01820005625
0.01820005625
0.01820005625
0.01820005625
0.01820005625
0.01820005625
0.01820005625
0.01820005625
0.01820005625
0.01820005625
0.01820005625
0.01820005625
0.01820005625
0.01820005625
0.01820005625
0.01820005625
0.01820005625
0.01820005625
0.01820005625
0.01820005625
0.01820005625
0.01820005625
0.01820005625
0.01820005625
0.01820005625
0.01820005625
0.01820005625
0.01820005625
0.01820005625
0.01820005625
0.01820005625
0.01820005625
0.01820005625
0.01820005625
0.01820005625
0.01820005625
0.01820005625
0.01820005625
0.01820005625
0.01820005625
0.01820005625
0.01820005625
0.01820005625
0.01820005625
0.01820005625
0.01820005625
0.01820005625
0.01820005625
0.01820005625
0.01820005625
0.01820005625
0.01820005625
0.01820005625
0.01820005625
0.01820005625
0.01820005625
0.01820005625
0.01820005625
0.01820005625
0.01820005625
0.01820005625
0.01820005625
0.01820005625
0.01820005625
0.01820005625
0.01820005625
0.01820005625
0.01820005625
0.01820005625
0.01820005625
0.01820005625
0.01820005625
0.01820005625
0.01820005625
0.01820005625
0.01820005625
0.01820005625
0.01820005625
0.01820005625
0.01820005625
0.01820005625
0.01820005625
0.01820005625
0.01820005625
0.01820005625
0.01820005625
0.01820005625
0.01820005625
0.01820005625
0.01820005625
0.01820005625
0.01820005625
0.01820005625
0.01820005625
0.01820005625
0.01820005625
0.01820005625
0.01820005625
0.01820005625
0.01820005625
0.01820005625
0.01820005625
0.01820005625
0.01820005625
0.01820005625
0.01820005625
0.01820005625
0.01820005625
0.01820005625
0.01820005625
0.01820005625
0.01820005625
0.01820005625
0.01820005625
0.01820005625
0.01820005625
0.01820005625
0.01820005625
0.01820005625
0.01820005625
0.01820005625
0.01820005626
0.01820005626
0.01820005626
0.01820005626
0.01820005626
0.01820005626
0.01820005626
0.01820005626
0.01820005626
0.01820005626
0.1435310769
0.1411318533
0.1407718924
0.1403624769
0.1398374641
0.1391801883
0.1383716691
0.1373568909
0.1356811801
0.1290326679
0.09994109675
0.04231774595
0.0182131624
0.01820016083
0.01820005644
0.01820005625
0.01820005625
0.01820005625
0.01820005625
0.01820005625
0.01820005625
0.01820005625
0.01820005625
0.01820005625
0.01820005625
0.01820005625
0.01820005625
0.01820005625
0.01820005625
0.01820005625
0.01820005625
0.01820005625
0.01820005625
0.01820005625
0.01820005625
0.01820005625
0.01820005625
0.01820005625
0.01820005625
0.01820005625
0.01820005625
0.01820005625
0.01820005625
0.01820005625
0.01820005625
0.01820005625
0.01820005625
0.01820005625
0.01820005625
0.01820005625
0.01820005625
0.01820005625
0.01820005625
0.01820005625
0.01820005625
0.01820005625
0.01820005625
0.01820005625
0.01820005625
0.01820005625
0.01820005625
0.01820005625
0.01820005625
0.01820005625
0.01820005625
0.01820005625
0.01820005625
0.01820005625
0.01820005625
0.01820005625
0.01820005625
0.01820005625
0.01820005625
0.01820005625
0.01820005625
0.01820005625
0.01820005625
0.01820005625
0.01820005625
0.01820005625
0.01820005625
0.01820005625
0.01820005625
0.01820005625
0.01820005625
0.01820005625
0.01820005625
0.01820005625
0.01820005625
0.01820005625
0.01820005625
0.01820005625
0.01820005625
0.01820005625
0.01820005625
0.01820005625
0.01820005625
0.01820005625
0.01820005625
0.01820005625
0.01820005625
0.01820005625
0.01820005625
0.01820005625
0.01820005625
0.01820005625
0.01820005625
0.01820005625
0.01820005625
0.01820005625
0.01820005625
0.01820005625
0.01820005625
0.01820005625
0.01820005625
0.01820005625
0.01820005625
0.01820005625
0.01820005625
0.01820005625
0.01820005625
0.01820005625
0.01820005625
0.01820005625
0.01820005625
0.01820005625
0.01820005625
0.01820005625
0.01820005625
0.01820005625
0.01820005625
0.01820005625
0.01820005625
0.01820005625
0.01820005625
0.01820005625
0.01820005625
0.01820005625
0.01820005625
0.01820005625
0.01820005625
0.01820005625
0.01820005625
0.01820005625
0.01820005625
0.01820005625
0.01820005625
0.01820005625
0.01820005625
0.01820005625
0.01820005625
0.01820005625
0.01820005625
0.01820005625
0.01820005625
0.01820005625
0.01820005625
0.01820005625
0.01820005625
0.01820005625
0.01820005625
0.01820005625
0.01820005625
0.01820005625
0.01820005625
0.01820005625
0.01820005625
0.01820005625
0.01820005625
0.01820005625
0.01820005625
0.01820005625
0.01820005625
0.01820005625
0.01820005625
0.01820005625
0.01820005625
0.01820005625
0.01820005625
0.01820005625
0.01820005625
0.01820005625
0.01820005625
0.01820005625
0.01820005625
0.01820005625
0.01820005625
0.01820005625
0.01820005625
0.01820005626
0.01820005626
0.01820005626
0.01820005626
0.01820005626
0.01820005626
0.01820005626
0.01820005626
0.01820005626
0.01820005626
0.01820005626
0.1434124539
0.1410394689
0.1406850757
0.1402812799
0.1397625245
0.1391120444
0.1383106787
0.1373038147
0.1356455755
0.1291026808
0.100332703
0.04284364853
0.01821339003
0.01820016236
0.01820005645
0.01820005625
0.01820005625
0.01820005625
0.01820005625
0.01820005625
0.01820005625
0.01820005625
0.01820005625
0.01820005625
0.01820005625
0.01820005625
0.01820005625
0.01820005625
0.01820005625
0.01820005625
0.01820005625
0.01820005625
0.01820005625
0.01820005625
0.01820005625
0.01820005625
0.01820005625
0.01820005625
0.01820005625
0.01820005625
0.01820005625
0.01820005625
0.01820005625
0.01820005625
0.01820005625
0.01820005625
0.01820005625
0.01820005625
0.01820005625
0.01820005625
0.01820005625
0.01820005625
0.01820005625
0.01820005625
0.01820005625
0.01820005625
0.01820005625
0.01820005625
0.01820005625
0.01820005625
0.01820005625
0.01820005625
0.01820005625
0.01820005625
0.01820005625
0.01820005625
0.01820005625
0.01820005625
0.01820005625
0.01820005625
0.01820005625
0.01820005625
0.01820005625
0.01820005625
0.01820005625
0.01820005625
0.01820005625
0.01820005625
0.01820005625
0.01820005625
0.01820005625
0.01820005625
0.01820005625
0.01820005625
0.01820005625
0.01820005625
0.01820005625
0.01820005625
0.01820005625
0.01820005625
0.01820005625
0.01820005625
0.01820005625
0.01820005625
0.01820005625
0.01820005625
0.01820005625
0.01820005625
0.01820005625
0.01820005625
0.01820005625
0.01820005625
0.01820005625
0.01820005625
0.01820005625
0.01820005625
0.01820005625
0.01820005625
0.01820005625
0.01820005625
0.01820005625
0.01820005625
0.01820005625
0.01820005625
0.01820005625
0.01820005625
0.01820005625
0.01820005625
0.01820005625
0.01820005625
0.01820005625
0.01820005625
0.01820005625
0.01820005625
0.01820005625
0.01820005625
0.01820005625
0.01820005625
0.01820005625
0.01820005625
0.01820005625
0.01820005625
0.01820005625
0.01820005625
0.01820005625
0.01820005625
0.01820005625
0.01820005625
0.01820005625
0.01820005625
0.01820005625
0.01820005625
0.01820005625
0.01820005625
0.01820005625
0.01820005625
0.01820005625
0.01820005625
0.01820005625
0.01820005625
0.01820005625
0.01820005625
0.01820005625
0.01820005625
0.01820005625
0.01820005625
0.01820005625
0.01820005625
0.01820005625
0.01820005625
0.01820005625
0.01820005625
0.01820005625
0.01820005625
0.01820005625
0.01820005625
0.01820005625
0.01820005625
0.01820005625
0.01820005625
0.01820005625
0.01820005625
0.01820005625
0.01820005625
0.01820005625
0.01820005625
0.01820005625
0.01820005625
0.01820005625
0.01820005625
0.01820005625
0.01820005625
0.01820005625
0.01820005625
0.01820005625
0.01820005625
0.01820005625
0.01820005626
0.01820005626
0.01820005626
0.01820005626
0.01820005626
0.01820005626
0.01820005626
0.01820005626
0.01820005626
0.01820005626
0.01820005626
0.01820005626
0.01820005626
0.1432874026
0.1409396217
0.1405913905
0.1401940488
0.1396825872
0.1390401484
0.138247408
0.1372501783
0.135611299
0.1291751593
0.1007277411
0.04337674529
0.01821361819
0.0182001639
0.01820005645
0.01820005625
0.01820005625
0.01820005625
0.01820005625
0.01820005625
0.01820005625
0.01820005625
0.01820005625
0.01820005625
0.01820005625
0.01820005625
0.01820005625
0.01820005625
0.01820005625
0.01820005625
0.01820005625
0.01820005625
0.01820005625
0.01820005625
0.01820005625
0.01820005625
0.01820005625
0.01820005625
0.01820005625
0.01820005625
0.01820005625
0.01820005625
0.01820005625
0.01820005625
0.01820005625
0.01820005625
0.01820005625
0.01820005625
0.01820005625
0.01820005625
0.01820005625
0.01820005625
0.01820005625
0.01820005625
0.01820005625
0.01820005625
0.01820005625
0.01820005625
0.01820005625
0.01820005625
0.01820005625
0.01820005625
0.01820005625
0.01820005625
0.01820005625
0.01820005625
0.01820005625
0.01820005625
0.01820005625
0.01820005625
0.01820005625
0.01820005625
0.01820005625
0.01820005625
0.01820005625
0.01820005625
0.01820005625
0.01820005625
0.01820005625
0.01820005625
0.01820005625
0.01820005625
0.01820005625
0.01820005625
0.01820005625
0.01820005625
0.01820005625
0.01820005625
0.01820005625
0.01820005625
0.01820005625
0.01820005625
0.01820005625
0.01820005625
0.01820005625
0.01820005625
0.01820005625
0.01820005625
0.01820005625
0.01820005625
0.01820005625
0.01820005625
0.01820005625
0.01820005625
0.01820005625
0.01820005625
0.01820005625
0.01820005625
0.01820005625
0.01820005625
0.01820005625
0.01820005625
0.01820005625
0.01820005625
0.01820005625
0.01820005625
0.01820005625
0.01820005625
0.01820005625
0.01820005625
0.01820005625
0.01820005625
0.01820005625
0.01820005625
0.01820005625
0.01820005625
0.01820005625
0.01820005625
0.01820005625
0.01820005625
0.01820005625
0.01820005625
0.01820005625
0.01820005625
0.01820005625
0.01820005625
0.01820005625
0.01820005625
0.01820005625
0.01820005625
0.01820005625
0.01820005625
0.01820005625
0.01820005625
0.01820005625
0.01820005625
0.01820005625
0.01820005625
0.01820005625
0.01820005625
0.01820005625
0.01820005625
0.01820005625
0.01820005625
0.01820005625
0.01820005625
0.01820005625
0.01820005625
0.01820005625
0.01820005625
0.01820005625
0.01820005625
0.01820005625
0.01820005625
0.01820005625
0.01820005625
0.01820005625
0.01820005625
0.01820005625
0.01820005625
0.01820005625
0.01820005625
0.01820005625
0.01820005625
0.01820005625
0.01820005625
0.01820005625
0.01820005625
0.01820005625
0.01820005625
0.01820005625
0.01820005625
0.01820005625
0.01820005625
0.01820005625
0.01820005625
0.01820005625
0.01820005626
0.01820005626
0.01820005626
0.01820005626
0.01820005626
0.01820005626
0.01820005626
0.01820005626
0.01820005626
0.01820005626
0.01820005626
0.01820005626
0.01820005626
0.1431566776
0.1408330798
0.1404915347
0.1401013871
0.1395981336
0.1389648264
0.1381819883
0.1371958714
0.1355779509
0.1292495137
0.101126062
0.0439176305
0.01821384687
0.01820016544
0.01820005645
0.01820005625
0.01820005625
0.01820005625
0.01820005625
0.01820005625
0.01820005625
0.01820005625
0.01820005625
0.01820005625
0.01820005625
0.01820005625
0.01820005625
0.01820005625
0.01820005625
0.01820005625
0.01820005625
0.01820005625
0.01820005625
0.01820005625
0.01820005625
0.01820005625
0.01820005625
0.01820005625
0.01820005625
0.01820005625
0.01820005625
0.01820005625
0.01820005625
0.01820005625
0.01820005625
0.01820005625
0.01820005625
0.01820005625
0.01820005625
0.01820005625
0.01820005625
0.01820005625
0.01820005625
0.01820005625
0.01820005625
0.01820005625
0.01820005625
0.01820005625
0.01820005625
0.01820005625
0.01820005625
0.01820005625
0.01820005625
0.01820005625
0.01820005625
0.01820005625
0.01820005625
0.01820005625
0.01820005625
0.01820005625
0.01820005625
0.01820005625
0.01820005625
0.01820005625
0.01820005625
0.01820005625
0.01820005625
0.01820005625
0.01820005625
0.01820005625
0.01820005625
0.01820005625
0.01820005625
0.01820005625
0.01820005625
0.01820005625
0.01820005625
0.01820005625
0.01820005625
0.01820005625
0.01820005625
0.01820005625
0.01820005625
0.01820005625
0.01820005625
0.01820005625
0.01820005625
0.01820005625
0.01820005625
0.01820005625
0.01820005625
0.01820005625
0.01820005625
0.01820005625
0.01820005625
0.01820005625
0.01820005625
0.01820005625
0.01820005625
0.01820005625
0.01820005625
0.01820005625
0.01820005625
0.01820005625
0.01820005625
0.01820005625
0.01820005625
0.01820005625
0.01820005625
0.01820005625
0.01820005625
0.01820005625
0.01820005625
0.01820005625
0.01820005625
0.01820005625
0.01820005625
0.01820005625
0.01820005625
0.01820005625
0.01820005625
0.01820005625
0.01820005625
0.01820005625
0.01820005625
0.01820005625
0.01820005625
0.01820005625
0.01820005625
0.01820005625
0.01820005625
0.01820005625
0.01820005625
0.01820005625
0.01820005625
0.01820005625
0.01820005625
0.01820005625
0.01820005625
0.01820005625
0.01820005625
0.01820005625
0.01820005625
0.01820005625
0.01820005625
0.01820005625
0.01820005625
0.01820005625
0.01820005625
0.01820005625
0.01820005625
0.01820005625
0.01820005625
0.01820005625
0.01820005625
0.01820005625
0.01820005625
0.01820005625
0.01820005625
0.01820005625
0.01820005625
0.01820005625
0.01820005625
0.01820005625
0.01820005625
0.01820005625
0.01820005625
0.01820005625
0.01820005625
0.01820005625
0.01820005625
0.01820005625
0.01820005625
0.01820005625
0.01820005625
0.01820005625
0.01820005625
0.01820005626
0.01820005626
0.01820005626
0.01820005626
0.01820005626
0.01820005626
0.01820005626
0.01820005626
0.01820005626
0.01820005626
0.01820005626
0.01820005626
0.01820005626
0.1430208396
0.1407204555
0.1403860595
0.1400037625
0.1395095254
0.1388863084
0.1381144891
0.1371407699
0.1355451824
0.1293252718
0.101527621
0.04446692796
0.01821407623
0.01820016699
0.01820005646
0.01820005625
0.01820005625
0.01820005625
0.01820005625
0.01820005625
0.01820005625
0.01820005625
0.01820005625
0.01820005625
0.01820005625
0.01820005625
0.01820005625
0.01820005625
0.01820005625
0.01820005625
0.01820005625
0.01820005625
0.01820005625
0.01820005625
0.01820005625
0.01820005625
0.01820005625
0.01820005625
0.01820005625
0.01820005625
0.01820005625
0.01820005625
0.01820005625
0.01820005625
0.01820005625
0.01820005625
0.01820005625
0.01820005625
0.01820005625
0.01820005625
0.01820005625
0.01820005625
0.01820005625
0.01820005625
0.01820005625
0.01820005625
0.01820005625
0.01820005625
0.01820005625
0.01820005625
0.01820005625
0.01820005625
0.01820005625
0.01820005625
0.01820005625
0.01820005625
0.01820005625
0.01820005625
0.01820005625
0.01820005625
0.01820005625
0.01820005625
0.01820005625
0.01820005625
0.01820005625
0.01820005625
0.01820005625
0.01820005625
0.01820005625
0.01820005625
0.01820005625
0.01820005625
0.01820005625
0.01820005625
0.01820005625
0.01820005625
0.01820005625
0.01820005625
0.01820005625
0.01820005625
0.01820005625
0.01820005625
0.01820005625
0.01820005625
0.01820005625
0.01820005625
0.01820005625
0.01820005625
0.01820005625
0.01820005625
0.01820005625
0.01820005625
0.01820005625
0.01820005625
0.01820005625
0.01820005625
0.01820005625
0.01820005625
0.01820005625
0.01820005625
0.01820005625
0.01820005625
0.01820005625
0.01820005625
0.01820005625
0.01820005625
0.01820005625
0.01820005625
0.01820005625
0.01820005625
0.01820005625
0.01820005625
0.01820005625
0.01820005625
0.01820005625
0.01820005625
0.01820005625
0.01820005625
0.01820005625
0.01820005625
0.01820005625
0.01820005625
0.01820005625
0.01820005625
0.01820005625
0.01820005625
0.01820005625
0.01820005625
0.01820005625
0.01820005625
0.01820005625
0.01820005625
0.01820005625
0.01820005625
0.01820005625
0.01820005625
0.01820005625
0.01820005625
0.01820005625
0.01820005625
0.01820005625
0.01820005625
0.01820005625
0.01820005625
0.01820005625
0.01820005625
0.01820005625
0.01820005625
0.01820005625
0.01820005625
0.01820005625
0.01820005625
0.01820005625
0.01820005625
0.01820005625
0.01820005625
0.01820005625
0.01820005625
0.01820005625
0.01820005625
0.01820005625
0.01820005625
0.01820005625
0.01820005625
0.01820005625
0.01820005625
0.01820005625
0.01820005625
0.01820005625
0.01820005625
0.01820005625
0.01820005625
0.01820005625
0.01820005625
0.01820005626
0.01820005626
0.01820005626
0.01820005626
0.01820005626
0.01820005626
0.01820005626
0.01820005626
0.01820005626
0.01820005626
0.01820005626
0.01820005626
0.01820005626
0.01820005626
0.01820005626
0.01820005626
0.1428802964
0.1406022343
0.140275399
0.1399015375
0.1394170349
0.138804757
0.1380449418
0.1370847502
0.1355126953
0.1294020572
0.1019324458
0.04502528
0.01821430645
0.01820016854
0.01820005646
0.01820005625
0.01820005625
0.01820005625
0.01820005625
0.01820005625
0.01820005625
0.01820005625
0.01820005625
0.01820005625
0.01820005625
0.01820005625
0.01820005625
0.01820005625
0.01820005625
0.01820005625
0.01820005625
0.01820005625
0.01820005625
0.01820005625
0.01820005625
0.01820005625
0.01820005625
0.01820005625
0.01820005625
0.01820005625
0.01820005625
0.01820005625
0.01820005625
0.01820005625
0.01820005625
0.01820005625
0.01820005625
0.01820005625
0.01820005625
0.01820005625
0.01820005625
0.01820005625
0.01820005625
0.01820005625
0.01820005625
0.01820005625
0.01820005625
0.01820005625
0.01820005625
0.01820005625
0.01820005625
0.01820005625
0.01820005625
0.01820005625
0.01820005625
0.01820005625
0.01820005625
0.01820005625
0.01820005625
0.01820005625
0.01820005625
0.01820005625
0.01820005625
0.01820005625
0.01820005625
0.01820005625
0.01820005625
0.01820005625
0.01820005625
0.01820005625
0.01820005625
0.01820005625
0.01820005625
0.01820005625
0.01820005625
0.01820005625
0.01820005625
0.01820005625
0.01820005625
0.01820005625
0.01820005625
0.01820005625
0.01820005625
0.01820005625
0.01820005625
0.01820005625
0.01820005625
0.01820005625
0.01820005625
0.01820005625
0.01820005625
0.01820005625
0.01820005625
0.01820005625
0.01820005625
0.01820005625
0.01820005625
0.01820005625
0.01820005625
0.01820005625
0.01820005625
0.01820005625
0.01820005625
0.01820005625
0.01820005625
0.01820005625
0.01820005625
0.01820005625
0.01820005625
0.01820005625
0.01820005625
0.01820005625
0.01820005625
0.01820005625
0.01820005625
0.01820005625
0.01820005625
0.01820005625
0.01820005625
0.01820005625
0.01820005625
0.01820005625
0.01820005625
0.01820005625
0.01820005625
0.01820005625
0.01820005625
0.01820005625
0.01820005625
0.01820005625
0.01820005625
0.01820005625
0.01820005625
0.01820005625
0.01820005625
0.01820005625
0.01820005625
0.01820005625
0.01820005625
0.01820005625
0.01820005625
0.01820005625
0.01820005625
0.01820005625
0.01820005625
0.01820005625
0.01820005625
0.01820005625
0.01820005625
0.01820005625
0.01820005625
0.01820005625
0.01820005625
0.01820005625
0.01820005625
0.01820005625
0.01820005625
0.01820005625
0.01820005625
0.01820005625
0.01820005625
0.01820005625
0.01820005625
0.01820005625
0.01820005625
0.01820005625
0.01820005625
0.01820005625
0.01820005625
0.01820005625
0.01820005625
0.01820005625
0.01820005626
0.01820005626
0.01820005626
0.01820005626
0.01820005626
0.01820005626
0.01820005626
0.01820005626
0.01820005626
0.01820005626
0.01820005626
0.01820005626
0.01820005626
0.01820005626
0.01820005626
0.01820005626
0.01820005626
0.01820005626
0.1427353361
0.1404787991
0.1401598935
0.139794992
0.1393208666
0.1387202862
0.1379733541
0.1370276966
0.1354802374
0.1294795694
0.102340614
0.04559334013
0.0182145377
0.0182001701
0.01820005647
0.01820005625
0.01820005625
0.01820005625
0.01820005625
0.01820005625
0.01820005625
0.01820005625
0.01820005625
0.01820005625
0.01820005625
0.01820005625
0.01820005625
0.01820005625
0.01820005625
0.01820005625
0.01820005625
0.01820005625
0.01820005625
0.01820005625
0.01820005625
0.01820005625
0.01820005625
0.01820005625
0.01820005625
0.01820005625
0.01820005625
0.01820005625
0.01820005625
0.01820005625
0.01820005625
0.01820005625
0.01820005625
0.01820005625
0.01820005625
0.01820005625
0.01820005625
0.01820005625
0.01820005625
0.01820005625
0.01820005625
0.01820005625
0.01820005625
0.01820005625
0.01820005625
0.01820005625
0.01820005625
0.01820005625
0.01820005625
0.01820005625
0.01820005625
0.01820005625
0.01820005625
0.01820005625
0.01820005625
0.01820005625
0.01820005625
0.01820005625
0.01820005625
0.01820005625
0.01820005625
0.01820005625
0.01820005625
0.01820005625
0.01820005625
0.01820005625
0.01820005625
0.01820005625
0.01820005625
0.01820005625
0.01820005625
0.01820005625
0.01820005625
0.01820005625
0.01820005625
0.01820005625
0.01820005625
0.01820005625
0.01820005625
0.01820005625
0.01820005625
0.01820005625
0.01820005625
0.01820005625
0.01820005625
0.01820005625
0.01820005625
0.01820005625
0.01820005625
0.01820005625
0.01820005625
0.01820005625
0.01820005625
0.01820005625
0.01820005625
0.01820005625
0.01820005625
0.01820005625
0.01820005625
0.01820005625
0.01820005625
0.01820005625
0.01820005625
0.01820005625
0.01820005625
0.01820005625
0.01820005625
0.01820005625
0.01820005625
0.01820005625
0.01820005625
0.01820005625
0.01820005625
0.01820005625
0.01820005625
0.01820005625
0.01820005625
0.01820005625
0.01820005625
0.01820005625
0.01820005625
0.01820005625
0.01820005625
0.01820005625
0.01820005625
0.01820005625
0.01820005625
0.01820005625
0.01820005625
0.01820005625
0.01820005625
0.01820005625
0.01820005625
0.01820005625
0.01820005625
0.01820005625
0.01820005625
0.01820005625
0.01820005625
0.01820005625
0.01820005625
0.01820005625
0.01820005625
0.01820005625
0.01820005625
0.01820005625
0.01820005625
0.01820005625
0.01820005625
0.01820005625
0.01820005625
0.01820005625
0.01820005625
0.01820005625
0.01820005625
0.01820005625
0.01820005625
0.01820005625
0.01820005625
0.01820005625
0.01820005625
0.01820005625
0.01820005625
0.01820005625
0.01820005625
0.01820005625
0.01820005625
0.01820005625
0.01820005625
0.01820005625
0.01820005626
0.01820005626
0.01820005626
0.01820005626
0.01820005626
0.01820005626
0.01820005626
0.01820005626
0.01820005626
0.01820005626
0.01820005626
0.01820005626
0.01820005626
0.01820005626
0.01820005626
0.01820005626
0.1425861544
0.1403504489
0.1400398081
0.1396843414
0.1392211741
0.1386329758
0.1378997201
0.1369695047
0.1354475974
0.1295575686
0.1027522355
0.04617176852
0.01821477017
0.01820017168
0.01820005647
0.01820005625
0.01820005625
0.01820005625
0.01820005625
0.01820005625
0.01820005625
0.01820005625
0.01820005625
0.01820005625
0.01820005625
0.01820005625
0.01820005625
0.01820005625
0.01820005625
0.01820005625
0.01820005625
0.01820005625
0.01820005625
0.01820005625
0.01820005625
0.01820005625
0.01820005625
0.01820005625
0.01820005625
0.01820005625
0.01820005625
0.01820005625
0.01820005625
0.01820005625
0.01820005625
0.01820005625
0.01820005625
0.01820005625
0.01820005625
0.01820005625
0.01820005625
0.01820005625
0.01820005625
0.01820005625
0.01820005625
0.01820005625
0.01820005625
0.01820005625
0.01820005625
0.01820005625
0.01820005625
0.01820005625
0.01820005625
0.01820005625
0.01820005625
0.01820005625
0.01820005625
0.01820005625
0.01820005625
0.01820005625
0.01820005625
0.01820005625
0.01820005625
0.01820005625
0.01820005625
0.01820005625
0.01820005625
0.01820005625
0.01820005625
0.01820005625
0.01820005625
0.01820005625
0.01820005625
0.01820005625
0.01820005625
0.01820005625
0.01820005625
0.01820005625
0.01820005625
0.01820005625
0.01820005625
0.01820005625
0.01820005625
0.01820005625
0.01820005625
0.01820005625
0.01820005625
0.01820005625
0.01820005625
0.01820005625
0.01820005625
0.01820005625
0.01820005625
0.01820005625
0.01820005625
0.01820005625
0.01820005625
0.01820005625
0.01820005625
0.01820005625
0.01820005625
0.01820005625
0.01820005625
0.01820005625
0.01820005625
0.01820005625
0.01820005625
0.01820005625
0.01820005625
0.01820005625
0.01820005625
0.01820005625
0.01820005625
0.01820005625
0.01820005625
0.01820005625
0.01820005625
0.01820005625
0.01820005625
0.01820005625
0.01820005625
0.01820005625
0.01820005625
0.01820005625
0.01820005625
0.01820005625
0.01820005625
0.01820005625
0.01820005625
0.01820005625
0.01820005625
0.01820005625
0.01820005625
0.01820005625
0.01820005625
0.01820005625
0.01820005625
0.01820005625
0.01820005625
0.01820005625
0.01820005625
0.01820005625
0.01820005625
0.01820005625
0.01820005625
0.01820005625
0.01820005625
0.01820005625
0.01820005625
0.01820005625
0.01820005625
0.01820005625
0.01820005625
0.01820005625
0.01820005625
0.01820005625
0.01820005625
0.01820005625
0.01820005625
0.01820005625
0.01820005625
0.01820005625
0.01820005625
0.01820005625
0.01820005625
0.01820005625
0.01820005625
0.01820005625
0.01820005625
0.01820005625
0.01820005625
0.01820005625
0.01820005625
0.01820005625
0.01820005625
0.01820005626
0.01820005626
0.01820005626
0.01820005626
0.01820005626
0.01820005626
0.01820005626
0.01820005626
0.01820005626
0.01820005626
0.01820005626
0.01820005626
0.01820005626
0.01820005626
0.01820005626
0.1424328758
0.1402174149
0.1399153477
0.1395697498
0.1391180713
0.1385428806
0.137824026
0.1369100827
0.1354145993
0.1296358622
0.1031674396
0.04676122705
0.01821500402
0.01820017326
0.01820005647
0.01820005625
0.01820005625
0.01820005625
0.01820005625
0.01820005625
0.01820005625
0.01820005625
0.01820005625
0.01820005625
0.01820005625
0.01820005625
0.01820005625
0.01820005625
0.01820005625
0.01820005625
0.01820005625
0.01820005625
0.01820005625
0.01820005625
0.01820005625
0.01820005625
0.01820005625
0.01820005625
0.01820005625
0.01820005625
0.01820005625
0.01820005625
0.01820005625
0.01820005625
0.01820005625
0.01820005625
0.01820005625
0.01820005625
0.01820005625
0.01820005625
0.01820005625
0.01820005625
0.01820005625
0.01820005625
0.01820005625
0.01820005625
0.01820005625
0.01820005625
0.01820005625
0.01820005625
0.01820005625
0.01820005625
0.01820005625
0.01820005625
0.01820005625
0.01820005625
0.01820005625
0.01820005625
0.01820005625
0.01820005625
0.01820005625
0.01820005625
0.01820005625
0.01820005625
0.01820005625
0.01820005625
0.01820005625
0.01820005625
0.01820005625
0.01820005625
0.01820005625
0.01820005625
0.01820005625
0.01820005625
0.01820005625
0.01820005625
0.01820005625
0.01820005625
0.01820005625
0.01820005625
0.01820005625
0.01820005625
0.01820005625
0.01820005625
0.01820005625
0.01820005625
0.01820005625
0.01820005625
0.01820005625
0.01820005625
0.01820005625
0.01820005625
0.01820005625
0.01820005625
0.01820005625
0.01820005625
0.01820005625
0.01820005625
0.01820005625
0.01820005625
0.01820005625
0.01820005625
0.01820005625
0.01820005625
0.01820005625
0.01820005625
0.01820005625
0.01820005625
0.01820005625
0.01820005625
0.01820005625
0.01820005625
0.01820005625
0.01820005625
0.01820005625
0.01820005625
0.01820005625
0.01820005625
0.01820005625
0.01820005625
0.01820005625
0.01820005625
0.01820005625
0.01820005625
0.01820005625
0.01820005625
0.01820005625
0.01820005625
0.01820005625
0.01820005625
0.01820005625
0.01820005625
0.01820005625
0.01820005625
0.01820005625
0.01820005625
0.01820005625
0.01820005625
0.01820005625
0.01820005625
0.01820005625
0.01820005625
0.01820005625
0.01820005625
0.01820005625
0.01820005625
0.01820005625
0.01820005625
0.01820005625
0.01820005625
0.01820005625
0.01820005625
0.01820005625
0.01820005625
0.01820005625
0.01820005625
0.01820005625
0.01820005625
0.01820005625
0.01820005625
0.01820005625
0.01820005625
0.01820005625
0.01820005625
0.01820005625
0.01820005625
0.01820005625
0.01820005625
0.01820005625
0.01820005625
0.01820005625
0.01820005625
0.01820005625
0.01820005625
0.01820005625
0.01820005626
0.01820005626
0.01820005626
0.01820005626
0.01820005626
0.01820005626
0.01820005626
0.01820005626
0.01820005626
0.01820005626
0.01820005626
0.01820005626
0.01820005626
0.01820005626
0.01820005626
0.1422755711
0.1400798734
0.1397866683
0.1394513414
0.1390116423
0.1384500372
0.1377462542
0.1368493507
0.1353810968
0.1297142949
0.1035863655
0.04736237804
0.0182152394
0.01820017486
0.01820005648
0.01820005625
0.01820005625
0.01820005625
0.01820005625
0.01820005625
0.01820005625
0.01820005625
0.01820005625
0.01820005625
0.01820005625
0.01820005625
0.01820005625
0.01820005625
0.01820005625
0.01820005625
0.01820005625
0.01820005625
0.01820005625
0.01820005625
0.01820005625
0.01820005625
0.01820005625
0.01820005625
0.01820005625
0.01820005625
0.01820005625
0.01820005625
0.01820005625
0.01820005625
0.01820005625
0.01820005625
0.01820005625
0.01820005625
0.01820005625
0.01820005625
0.01820005625
0.01820005625
0.01820005625
0.01820005625
0.01820005625
0.01820005625
0.01820005625
0.01820005625
0.01820005625
0.01820005625
0.01820005625
0.01820005625
0.01820005625
0.01820005625
0.01820005625
0.01820005625
0.01820005625
0.01820005625
0.01820005625
0.01820005625
0.01820005625
0.01820005625
0.01820005625
0.01820005625
0.01820005625
0.01820005625
0.01820005625
0.01820005625
0.01820005625
0.01820005625
0.01820005625
0.01820005625
0.01820005625
0.01820005625
0.01820005625
0.01820005625
0.01820005625
0.01820005625
0.01820005625
0.01820005625
0.01820005625
0.01820005625
0.01820005625
0.01820005625
0.01820005625
0.01820005625
0.01820005625
0.01820005625
0.01820005625
0.01820005625
0.01820005625
0.01820005625
0.01820005625
0.01820005625
0.01820005625
0.01820005625
0.01820005625
0.01820005625
0.01820005625
0.01820005625
0.01820005625
0.01820005625
0.01820005625
0.01820005625
0.01820005625
0.01820005625
0.01820005625
0.01820005625
0.01820005625
0.01820005625
0.01820005625
0.01820005625
0.01820005625
0.01820005625
0.01820005625
0.01820005625
0.01820005625
0.01820005625
0.01820005625
0.01820005625
0.01820005625
0.01820005625
0.01820005625
0.01820005625
0.01820005625
0.01820005625
0.01820005625
0.01820005625
0.01820005625
0.01820005625
0.01820005625
0.01820005625
0.01820005625
0.01820005625
0.01820005625
0.01820005625
0.01820005625
0.01820005625
0.01820005625
0.01820005625
0.01820005625
0.01820005625
0.01820005625
0.01820005625
0.01820005625
0.01820005625
0.01820005625
0.01820005625
0.01820005625
0.01820005625
0.01820005625
0.01820005625
0.01820005625
0.01820005625
0.01820005625
0.01820005625
0.01820005625
0.01820005625
0.01820005625
0.01820005625
0.01820005625
0.01820005625
0.01820005625
0.01820005625
0.01820005625
0.01820005625
0.01820005625
0.01820005625
0.01820005625
0.01820005625
0.01820005625
0.01820005625
0.01820005625
0.01820005626
0.01820005626
0.01820005626
0.01820005626
0.01820005626
0.01820005626
0.01820005626
0.01820005626
0.01820005626
0.01820005626
0.01820005626
0.01820005626
0.01820005626
0.01820005626
0.01820005626
0.01820005626
0.01820005626
0.142114271
0.1399379563
0.1396538873
0.1393292083
0.1389019477
0.138354469
0.1376663853
0.1367872406
0.1353469693
0.1297927407
0.1040091548
0.04797587995
0.01821547648
0.01820017647
0.01820005648
0.01820005625
0.01820005625
0.01820005625
0.01820005625
0.01820005625
0.01820005625
0.01820005625
0.01820005625
0.01820005625
0.01820005625
0.01820005625
0.01820005625
0.01820005625
0.01820005625
0.01820005625
0.01820005625
0.01820005625
0.01820005625
0.01820005625
0.01820005625
0.01820005625
0.01820005625
0.01820005625
0.01820005625
0.01820005625
0.01820005625
0.01820005625
0.01820005625
0.01820005625
0.01820005625
0.01820005625
0.01820005625
0.01820005625
0.01820005625
0.01820005625
0.01820005625
0.01820005625
0.01820005625
0.01820005625
0.01820005625
0.01820005625
0.01820005625
0.01820005625
0.01820005625
0.01820005625
0.01820005625
0.01820005625
0.01820005625
0.01820005625
0.01820005625
0.01820005625
0.01820005625
0.01820005625
0.01820005625
0.01820005625
0.01820005625
0.01820005625
0.01820005625
0.01820005625
0.01820005625
0.01820005625
0.01820005625
0.01820005625
0.01820005625
0.01820005625
0.01820005625
0.01820005625
0.01820005625
0.01820005625
0.01820005625
0.01820005625
0.01820005625
0.01820005625
0.01820005625
0.01820005625
0.01820005625
0.01820005625
0.01820005625
0.01820005625
0.01820005625
0.01820005625
0.01820005625
0.01820005625
0.01820005625
0.01820005625
0.01820005625
0.01820005625
0.01820005625
0.01820005625
0.01820005625
0.01820005625
0.01820005625
0.01820005625
0.01820005625
0.01820005625
0.01820005625
0.01820005625
0.01820005625
0.01820005625
0.01820005625
0.01820005625
0.01820005625
0.01820005625
0.01820005625
0.01820005625
0.01820005625
0.01820005625
0.01820005625
0.01820005625
0.01820005625
0.01820005625
0.01820005625
0.01820005625
0.01820005625
0.01820005625
0.01820005625
0.01820005625
0.01820005625
0.01820005625
0.01820005625
0.01820005625
0.01820005625
0.01820005625
0.01820005625
0.01820005625
0.01820005625
0.01820005625
0.01820005625
0.01820005625
0.01820005625
0.01820005625
0.01820005625
0.01820005625
0.01820005625
0.01820005625
0.01820005625
0.01820005625
0.01820005625
0.01820005625
0.01820005625
0.01820005625
0.01820005625
0.01820005625
0.01820005625
0.01820005625
0.01820005625
0.01820005625
0.01820005625
0.01820005625
0.01820005625
0.01820005625
0.01820005625
0.01820005625
0.01820005625
0.01820005625
0.01820005625
0.01820005625
0.01820005625
0.01820005625
0.01820005625
0.01820005625
0.01820005625
0.01820005625
0.01820005625
0.01820005625
0.01820005625
0.01820005625
0.01820005625
0.01820005626
0.01820005626
0.01820005626
0.01820005626
0.01820005626
0.01820005626
0.01820005626
0.01820005626
0.01820005626
0.01820005626
0.01820005626
0.01820005626
0.01820005626
0.01820005626
0.01820005626
0.01820005626
0.01820005626
0.1419489769
0.1397917602
0.1395170906
0.1392034173
0.1387890301
0.13825619
0.1375843996
0.1367236943
0.1353121174
0.1298710963
0.1044359461
0.04860238848
0.01821571538
0.0182001781
0.01820005648
0.01820005625
0.01820005625
0.01820005625
0.01820005625
0.01820005625
0.01820005625
0.01820005625
0.01820005625
0.01820005625
0.01820005625
0.01820005625
0.01820005625
0.01820005625
0.01820005625
0.01820005625
0.01820005625
0.01820005625
0.01820005625
0.01820005625
0.01820005625
0.01820005625
0.01820005625
0.01820005625
0.01820005625
0.01820005625
0.01820005625
0.01820005625
0.01820005625
0.01820005625
0.01820005625
0.01820005625
0.01820005625
0.01820005625
0.01820005625
0.01820005625
0.01820005625
0.01820005625
0.01820005625
0.01820005625
0.01820005625
0.01820005625
0.01820005625
0.01820005625
0.01820005625
0.01820005625
0.01820005625
0.01820005625
0.01820005625
0.01820005625
0.01820005625
0.01820005625
0.01820005625
0.01820005625
0.01820005625
0.01820005625
0.01820005625
0.01820005625
0.01820005625
0.01820005625
0.01820005625
0.01820005625
0.01820005625
0.01820005625
0.01820005625
0.01820005625
0.01820005625
0.01820005625
0.01820005625
0.01820005625
0.01820005625
0.01820005625
0.01820005625
0.01820005625
0.01820005625
0.01820005625
0.01820005625
0.01820005625
0.01820005625
0.01820005625
0.01820005625
0.01820005625
0.01820005625
0.01820005625
0.01820005625
0.01820005625
0.01820005625
0.01820005625
0.01820005625
0.01820005625
0.01820005625
0.01820005625
0.01820005625
0.01820005625
0.01820005625
0.01820005625
0.01820005625
0.01820005625
0.01820005625
0.01820005625
0.01820005625
0.01820005625
0.01820005625
0.01820005625
0.01820005625
0.01820005625
0.01820005625
0.01820005625
0.01820005625
0.01820005625
0.01820005625
0.01820005625
0.01820005625
0.01820005625
0.01820005625
0.01820005625
0.01820005625
0.01820005625
0.01820005625
0.01820005625
0.01820005625
0.01820005625
0.01820005625
0.01820005625
0.01820005625
0.01820005625
0.01820005625
0.01820005625
0.01820005625
0.01820005625
0.01820005625
0.01820005625
0.01820005625
0.01820005625
0.01820005625
0.01820005625
0.01820005625
0.01820005625
0.01820005625
0.01820005625
0.01820005625
0.01820005625
0.01820005625
0.01820005625
0.01820005625
0.01820005625
0.01820005625
0.01820005625
0.01820005625
0.01820005625
0.01820005625
0.01820005625
0.01820005625
0.01820005625
0.01820005625
0.01820005625
0.01820005625
0.01820005625
0.01820005625
0.01820005625
0.01820005625
0.01820005625
0.01820005625
0.01820005625
0.01820005625
0.01820005625
0.01820005626
0.01820005626
0.01820005626
0.01820005626
0.01820005626
0.01820005626
0.01820005626
0.01820005626
0.01820005626
0.01820005626
0.01820005626
0.01820005626
0.01820005626
0.01820005626
0.01820005626
0.01820005626
0.01820005626
0.01820005626
0.01820005626
0.01820005626
0.1417796689
0.1396413531
0.1393763396
0.1390740154
0.1386729179
0.1381552065
0.1375002781
0.1366586633
0.13527646
0.1299492764
0.1048668707
0.04924255244
0.01821595624
0.01820017975
0.01820005649
0.01820005625
0.01820005625
0.01820005625
0.01820005625
0.01820005625
0.01820005625
0.01820005625
0.01820005625
0.01820005625
0.01820005625
0.01820005625
0.01820005625
0.01820005625
0.01820005625
0.01820005625
0.01820005625
0.01820005625
0.01820005625
0.01820005625
0.01820005625
0.01820005625
0.01820005625
0.01820005625
0.01820005625
0.01820005625
0.01820005625
0.01820005625
0.01820005625
0.01820005625
0.01820005625
0.01820005625
0.01820005625
0.01820005625
0.01820005625
0.01820005625
0.01820005625
0.01820005625
0.01820005625
0.01820005625
0.01820005625
0.01820005625
0.01820005625
0.01820005625
0.01820005625
0.01820005625
0.01820005625
0.01820005625
0.01820005625
0.01820005625
0.01820005625
0.01820005625
0.01820005625
0.01820005625
0.01820005625
0.01820005625
0.01820005625
0.01820005625
0.01820005625
0.01820005625
0.01820005625
0.01820005625
0.01820005625
0.01820005625
0.01820005625
0.01820005625
0.01820005625
0.01820005625
0.01820005625
0.01820005625
0.01820005625
0.01820005625
0.01820005625
0.01820005625
0.01820005625
0.01820005625
0.01820005625
0.01820005625
0.01820005625
0.01820005625
0.01820005625
0.01820005625
0.01820005625
0.01820005625
0.01820005625
0.01820005625
0.01820005625
0.01820005625
0.01820005625
0.01820005625
0.01820005625
0.01820005625
0.01820005625
0.01820005625
0.01820005625
0.01820005625
0.01820005625
0.01820005625
0.01820005625
0.01820005625
0.01820005625
0.01820005625
0.01820005625
0.01820005625
0.01820005625
0.01820005625
0.01820005625
0.01820005625
0.01820005625
0.01820005625
0.01820005625
0.01820005625
0.01820005625
0.01820005625
0.01820005625
0.01820005625
0.01820005625
0.01820005625
0.01820005625
0.01820005625
0.01820005625
0.01820005625
0.01820005625
0.01820005625
0.01820005625
0.01820005625
0.01820005625
0.01820005625
0.01820005625
0.01820005625
0.01820005625
0.01820005625
0.01820005625
0.01820005625
0.01820005625
0.01820005625
0.01820005625
0.01820005625
0.01820005625
0.01820005625
0.01820005625
0.01820005625
0.01820005625
0.01820005625
0.01820005625
0.01820005625
0.01820005625
0.01820005625
0.01820005625
0.01820005625
0.01820005625
0.01820005625
0.01820005625
0.01820005625
0.01820005625
0.01820005625
0.01820005625
0.01820005625
0.01820005625
0.01820005625
0.01820005625
0.01820005625
0.01820005625
0.01820005625
0.01820005626
0.01820005626
0.01820005626
0.01820005626
0.01820005626
0.01820005626
0.01820005626
0.01820005626
0.01820005626
0.01820005626
0.01820005626
0.01820005626
0.01820005626
0.01820005626
0.01820005626
0.01820005626
0.01820005626
0.01820005626
0.01820005626
0.01820005626
0.01820005626
0.01820005626
0.1416063125
0.1394867805
0.1392316753
0.1389410335
0.1385536288
0.1380515201
0.1374140032
0.1365921072
0.1352399314
0.1300272096
0.1053020497
0.04989701452
0.01821619918
0.01820018141
0.01820005649
0.01820005625
0.01820005625
0.01820005625
0.01820005625
0.01820005625
0.01820005625
0.01820005625
0.01820005625
0.01820005625
0.01820005625
0.01820005625
0.01820005625
0.01820005625
0.01820005625
0.01820005625
0.01820005625
0.01820005625
0.01820005625
0.01820005625
0.01820005625
0.01820005625
0.01820005625
0.01820005625
0.01820005625
0.01820005625
0.01820005625
0.01820005625
0.01820005625
0.01820005625
0.01820005625
0.01820005625
0.01820005625
0.01820005625
0.01820005625
0.01820005625
0.01820005625
0.01820005625
0.01820005625
0.01820005625
0.01820005625
0.01820005625
0.01820005625
0.01820005625
0.01820005625
0.01820005625
0.01820005625
0.01820005625
0.01820005625
0.01820005625
0.01820005625
0.01820005625
0.01820005625
0.01820005625
0.01820005625
0.01820005625
0.01820005625
0.01820005625
0.01820005625
0.01820005625
0.01820005625
0.01820005625
0.01820005625
0.01820005625
0.01820005625
0.01820005625
0.01820005625
0.01820005625
0.01820005625
0.01820005625
0.01820005625
0.01820005625
0.01820005625
0.01820005625
0.01820005625
0.01820005625
0.01820005625
0.01820005625
0.01820005625
0.01820005625
0.01820005625
0.01820005625
0.01820005625
0.01820005625
0.01820005625
0.01820005625
0.01820005625
0.01820005625
0.01820005625
0.01820005625
0.01820005625
0.01820005625
0.01820005625
0.01820005625
0.01820005625
0.01820005625
0.01820005625
0.01820005625
0.01820005625
0.01820005625
0.01820005625
0.01820005625
0.01820005625
0.01820005625
0.01820005625
0.01820005625
0.01820005625
0.01820005625
0.01820005625
0.01820005625
0.01820005625
0.01820005625
0.01820005625
0.01820005625
0.01820005625
0.01820005625
0.01820005625
0.01820005625
0.01820005625
0.01820005625
0.01820005625
0.01820005625
0.01820005625
0.01820005625
0.01820005625
0.01820005625
0.01820005625
0.01820005625
0.01820005625
0.01820005625
0.01820005625
0.01820005625
0.01820005625
0.01820005625
0.01820005625
0.01820005625
0.01820005625
0.01820005625
0.01820005625
0.01820005625
0.01820005625
0.01820005625
0.01820005625
0.01820005625
0.01820005625
0.01820005625
0.01820005625
0.01820005625
0.01820005625
0.01820005625
0.01820005625
0.01820005625
0.01820005625
0.01820005625
0.01820005625
0.01820005625
0.01820005625
0.01820005625
0.01820005625
0.01820005625
0.01820005625
0.01820005625
0.01820005626
0.01820005626
0.01820005626
0.01820005626
0.01820005626
0.01820005626
0.01820005626
0.01820005626
0.01820005626
0.01820005626
0.01820005626
0.01820005626
0.01820005626
0.01820005626
0.01820005626
0.01820005626
0.01820005626
0.01820005626
0.01820005626
0.01820005626
0.01820005626
0.01820005626
0.01820005626
0.01820005626
0.1414288637
0.1393280695
0.1390831234
0.1388044902
0.1384311718
0.1379451282
0.1373255585
0.136523993
0.1352024794
0.1301048358
0.1057415916
0.05056641065
0.01821644431
0.01820018309
0.01820005649
0.01820005625
0.01820005625
0.01820005625
0.01820005625
0.01820005625
0.01820005625
0.01820005625
0.01820005625
0.01820005625
0.01820005625
0.01820005625
0.01820005625
0.01820005625
0.01820005625
0.01820005625
0.01820005625
0.01820005625
0.01820005625
0.01820005625
0.01820005625
0.01820005625
0.01820005625
0.01820005625
0.01820005625
0.01820005625
0.01820005625
0.01820005625
0.01820005625
0.01820005625
0.01820005625
0.01820005625
0.01820005625
0.01820005625
0.01820005625
0.01820005625
0.01820005625
0.01820005625
0.01820005625
0.01820005625
0.01820005625
0.01820005625
0.01820005625
0.01820005625
0.01820005625
0.01820005625
0.01820005625
0.01820005625
0.01820005625
0.01820005625
0.01820005625
0.01820005625
0.01820005625
0.01820005625
0.01820005625
0.01820005625
0.01820005625
0.01820005625
0.01820005625
0.01820005625
0.01820005625
0.01820005625
0.01820005625
0.01820005625
0.01820005625
0.01820005625
0.01820005625
0.01820005625
0.01820005625
0.01820005625
0.01820005625
0.01820005625
0.01820005625
0.01820005625
0.01820005625
0.01820005625
0.01820005625
0.01820005625
0.01820005625
0.01820005625
0.01820005625
0.01820005625
0.01820005625
0.01820005625
0.01820005625
0.01820005625
0.01820005625
0.01820005625
0.01820005625
0.01820005625
0.01820005625
0.01820005625
0.01820005625
0.01820005625
0.01820005625
0.01820005625
0.01820005625
0.01820005625
0.01820005625
0.01820005625
0.01820005625
0.01820005625
0.01820005625
0.01820005625
0.01820005625
0.01820005625
0.01820005625
0.01820005625
0.01820005625
0.01820005625
0.01820005625
0.01820005625
0.01820005625
0.01820005625
0.01820005625
0.01820005625
0.01820005625
0.01820005625
0.01820005625
0.01820005625
0.01820005625
0.01820005625
0.01820005625
0.01820005625
0.01820005625
0.01820005625
0.01820005625
0.01820005625
0.01820005625
0.01820005625
0.01820005625
0.01820005625
0.01820005625
0.01820005625
0.01820005625
0.01820005625
0.01820005625
0.01820005625
0.01820005625
0.01820005625
0.01820005625
0.01820005625
0.01820005625
0.01820005625
0.01820005625
0.01820005625
0.01820005625
0.01820005625
0.01820005625
0.01820005625
0.01820005625
0.01820005625
0.01820005625
0.01820005625
0.01820005625
0.01820005625
0.01820005625
0.01820005625
0.01820005625
0.01820005625
0.01820005626
0.01820005626
0.01820005626
0.01820005626
0.01820005626
0.01820005626
0.01820005626
0.01820005626
0.01820005626
0.01820005626
0.01820005626
0.01820005626
0.01820005626
0.01820005626
0.01820005626
0.01820005626
0.01820005626
0.01820005626
0.01820005626
0.01820005626
0.01820005626
0.01820005626
0.01820005626
0.01820005626
0.01820005626
0.01820005626
0.1412472718
0.1391652332
0.1389306964
0.1386643939
0.1383055496
0.1378360258
0.1372349297
0.1364542947
0.1351640634
0.1301821039
0.1061855912
0.05125137048
0.01821669172
0.01820018478
0.0182000565
0.01820005625
0.01820005625
0.01820005625
0.01820005625
0.01820005625
0.01820005625
0.01820005625
0.01820005625
0.01820005625
0.01820005625
0.01820005625
0.01820005625
0.01820005625
0.01820005625
0.01820005625
0.01820005625
0.01820005625
0.01820005625
0.01820005625
0.01820005625
0.01820005625
0.01820005625
0.01820005625
0.01820005625
0.01820005625
0.01820005625
0.01820005625
0.01820005625
0.01820005625
0.01820005625
0.01820005625
0.01820005625
0.01820005625
0.01820005625
0.01820005625
0.01820005625
0.01820005625
0.01820005625
0.01820005625
0.01820005625
0.01820005625
0.01820005625
0.01820005625
0.01820005625
0.01820005625
0.01820005625
0.01820005625
0.01820005625
0.01820005625
0.01820005625
0.01820005625
0.01820005625
0.01820005625
0.01820005625
0.01820005625
0.01820005625
0.01820005625
0.01820005625
0.01820005625
0.01820005625
0.01820005625
0.01820005625
0.01820005625
0.01820005625
0.01820005625
0.01820005625
0.01820005625
0.01820005625
0.01820005625
0.01820005625
0.01820005625
0.01820005625
0.01820005625
0.01820005625
0.01820005625
0.01820005625
0.01820005625
0.01820005625
0.01820005625
0.01820005625
0.01820005625
0.01820005625
0.01820005625
0.01820005625
0.01820005625
0.01820005625
0.01820005625
0.01820005625
0.01820005625
0.01820005625
0.01820005625
0.01820005625
0.01820005625
0.01820005625
0.01820005625
0.01820005625
0.01820005625
0.01820005625
0.01820005625
0.01820005625
0.01820005625
0.01820005625
0.01820005625
0.01820005625
0.01820005625
0.01820005625
0.01820005625
0.01820005625
0.01820005625
0.01820005625
0.01820005625
0.01820005625
0.01820005625
0.01820005625
0.01820005625
0.01820005625
0.01820005625
0.01820005625
0.01820005625
0.01820005625
0.01820005625
0.01820005625
0.01820005625
0.01820005625
0.01820005625
0.01820005625
0.01820005625
0.01820005625
0.01820005625
0.01820005625
0.01820005625
0.01820005625
0.01820005625
0.01820005625
0.01820005625
0.01820005625
0.01820005625
0.01820005625
0.01820005625
0.01820005625
0.01820005625
0.01820005625
0.01820005625
0.01820005625
0.01820005625
0.01820005625
0.01820005625
0.01820005625
0.01820005625
0.01820005625
0.01820005625
0.01820005625
0.01820005625
0.01820005625
0.01820005625
0.01820005625
0.01820005625
0.01820005625
0.01820005626
0.01820005626
0.01820005626
0.01820005626
0.01820005626
0.01820005626
0.01820005626
0.01820005626
0.01820005626
0.01820005626
0.01820005626
0.01820005626
0.01820005626
0.01820005626
0.01820005626
0.01820005626
0.01820005626
0.01820005626
0.01820005626
0.01820005626
0.01820005626
0.01820005626
0.01820005626
0.01820005626
0.01820005626
0.01820005626
0.01820005626
0.1410614826
0.1389982732
0.1387743969
0.1385207451
0.1381767593
0.1377242061
0.1371421044
0.1363829924
0.1351246532
0.1302589706
0.1066341289
0.05195251576
0.0182169415
0.0182001865
0.0182000565
0.01820005625
0.01820005625
0.01820005625
0.01820005625
0.01820005625
0.01820005625
0.01820005625
0.01820005625
0.01820005625
0.01820005625
0.01820005625
0.01820005625
0.01820005625
0.01820005625
0.01820005625
0.01820005625
0.01820005625
0.01820005625
0.01820005625
0.01820005625
0.01820005625
0.01820005625
0.01820005625
0.01820005625
0.01820005625
0.01820005625
0.01820005625
0.01820005625
0.01820005625
0.01820005625
0.01820005625
0.01820005625
0.01820005625
0.01820005625
0.01820005625
0.01820005625
0.01820005625
0.01820005625
0.01820005625
0.01820005625
0.01820005625
0.01820005625
0.01820005625
0.01820005625
0.01820005625
0.01820005625
0.01820005625
0.01820005625
0.01820005625
0.01820005625
0.01820005625
0.01820005625
0.01820005625
0.01820005625
0.01820005625
0.01820005625
0.01820005625
0.01820005625
0.01820005625
0.01820005625
0.01820005625
0.01820005625
0.01820005625
0.01820005625
0.01820005625
0.01820005625
0.01820005625
0.01820005625
0.01820005625
0.01820005625
0.01820005625
0.01820005625
0.01820005625
0.01820005625
0.01820005625
0.01820005625
0.01820005625
0.01820005625
0.01820005625
0.01820005625
0.01820005625
0.01820005625
0.01820005625
0.01820005625
0.01820005625
0.01820005625
0.01820005625
0.01820005625
0.01820005625
0.01820005625
0.01820005625
0.01820005625
0.01820005625
0.01820005625
0.01820005625
0.01820005625
0.01820005625
0.01820005625
0.01820005625
0.01820005625
0.01820005625
0.01820005625
0.01820005625
0.01820005625
0.01820005625
0.01820005625
0.01820005625
0.01820005625
0.01820005625
0.01820005625
0.01820005625
0.01820005625
0.01820005625
0.01820005625
0.01820005625
0.01820005625
0.01820005625
0.01820005625
0.01820005625
0.01820005625
0.01820005625
0.01820005625
0.01820005625
0.01820005625
0.01820005625
0.01820005625
0.01820005625
0.01820005625
0.01820005625
0.01820005625
0.01820005625
0.01820005625
0.01820005625
0.01820005625
0.01820005625
0.01820005625
0.01820005625
0.01820005625
0.01820005625
0.01820005625
0.01820005625
0.01820005625
0.01820005625
0.01820005625
0.01820005625
0.01820005625
0.01820005625
0.01820005625
0.01820005625
0.01820005625
0.01820005625
0.01820005625
0.01820005625
0.01820005625
0.01820005625
0.01820005625
0.01820005625
0.01820005625
0.01820005626
0.01820005626
0.01820005626
0.01820005626
0.01820005626
0.01820005626
0.01820005626
0.01820005626
0.01820005626
0.01820005626
0.01820005626
0.01820005626
0.01820005626
0.01820005626
0.01820005626
0.01820005626
0.01820005626
0.01820005626
0.01820005626
0.01820005626
0.01820005626
0.01820005626
0.01820005626
0.01820005626
0.01820005626
0.01820005626
0.01820005626
0.1408714404
0.1388271815
0.1386142191
0.1383735378
0.1380447942
0.137609661
0.1370470723
0.1363100722
0.1350842283
0.130335399
0.1070872704
0.05267046355
0.01821719374
0.01820018824
0.01820005651
0.01820005625
0.01820005625
0.01820005625
0.01820005625
0.01820005625
0.01820005625
0.01820005625
0.01820005625
0.01820005625
0.01820005625
0.01820005625
0.01820005625
0.01820005625
0.01820005625
0.01820005625
0.01820005625
0.01820005625
0.01820005625
0.01820005625
0.01820005625
0.01820005625
0.01820005625
0.01820005625
0.01820005625
0.01820005625
0.01820005625
0.01820005625
0.01820005625
0.01820005625
0.01820005625
0.01820005625
0.01820005625
0.01820005625
0.01820005625
0.01820005625
0.01820005625
0.01820005625
0.01820005625
0.01820005625
0.01820005625
0.01820005625
0.01820005625
0.01820005625
0.01820005625
0.01820005625
0.01820005625
0.01820005625
0.01820005625
0.01820005625
0.01820005625
0.01820005625
0.01820005625
0.01820005625
0.01820005625
0.01820005625
0.01820005625
0.01820005625
0.01820005625
0.01820005625
0.01820005625
0.01820005625
0.01820005625
0.01820005625
0.01820005625
0.01820005625
0.01820005625
0.01820005625
0.01820005625
0.01820005625
0.01820005625
0.01820005625
0.01820005625
0.01820005625
0.01820005625
0.01820005625
0.01820005625
0.01820005625
0.01820005625
0.01820005625
0.01820005625
0.01820005625
0.01820005625
0.01820005625
0.01820005625
0.01820005625
0.01820005625
0.01820005625
0.01820005625
0.01820005625
0.01820005625
0.01820005625
0.01820005625
0.01820005625
0.01820005625
0.01820005625
0.01820005625
0.01820005625
0.01820005625
0.01820005625
0.01820005625
0.01820005625
0.01820005625
0.01820005625
0.01820005625
0.01820005625
0.01820005625
0.01820005625
0.01820005625
0.01820005625
0.01820005625
0.01820005625
0.01820005625
0.01820005625
0.01820005625
0.01820005625
0.01820005625
0.01820005625
0.01820005625
0.01820005625
0.01820005625
0.01820005625
0.01820005625
0.01820005625
0.01820005625
0.01820005625
0.01820005625
0.01820005625
0.01820005625
0.01820005625
0.01820005625
0.01820005625
0.01820005625
0.01820005625
0.01820005625
0.01820005625
0.01820005625
0.01820005625
0.01820005625
0.01820005625
0.01820005625
0.01820005625
0.01820005625
0.01820005625
0.01820005625
0.01820005625
0.01820005625
0.01820005625
0.01820005625
0.01820005625
0.01820005625
0.01820005625
0.01820005625
0.01820005625
0.01820005625
0.01820005625
0.01820005625
0.01820005625
0.01820005625
0.01820005625
0.01820005625
0.01820005626
0.01820005626
0.01820005626
0.01820005626
0.01820005626
0.01820005626
0.01820005626
0.01820005626
0.01820005626
0.01820005626
0.01820005626
0.01820005626
0.01820005626
0.01820005626
0.01820005626
0.01820005626
0.01820005626
0.01820005626
0.01820005626
0.01820005626
0.01820005626
0.01820005626
0.01820005626
0.01820005626
0.01820005626
0.1406770879
0.1386519423
0.1384501499
0.1382227606
0.1379096444
0.1374923817
0.1369498255
0.1362355258
0.135042777
0.130411359
0.1075450677
0.05340582673
0.0182174485
0.01820019
0.01820005651
0.01820005625
0.01820005625
0.01820005625
0.01820005625
0.01820005625
0.01820005625
0.01820005625
0.01820005625
0.01820005625
0.01820005625
0.01820005625
0.01820005625
0.01820005625
0.01820005625
0.01820005625
0.01820005625
0.01820005625
0.01820005625
0.01820005625
0.01820005625
0.01820005625
0.01820005625
0.01820005625
0.01820005625
0.01820005625
0.01820005625
0.01820005625
0.01820005625
0.01820005625
0.01820005625
0.01820005625
0.01820005625
0.01820005625
0.01820005625
0.01820005625
0.01820005625
0.01820005625
0.01820005625
0.01820005625
0.01820005625
0.01820005625
0.01820005625
0.01820005625
0.01820005625
0.01820005625
0.01820005625
0.01820005625
0.01820005625
0.01820005625
0.01820005625
0.01820005625
0.01820005625
0.01820005625
0.01820005625
0.01820005625
0.01820005625
0.01820005625
0.01820005625
0.01820005625
0.01820005625
0.01820005625
0.01820005625
0.01820005625
0.01820005625
0.01820005625
0.01820005625
0.01820005625
0.01820005625
0.01820005625
0.01820005625
0.01820005625
0.01820005625
0.01820005625
0.01820005625
0.01820005625
0.01820005625
0.01820005625
0.01820005625
0.01820005625
0.01820005625
0.01820005625
0.01820005625
0.01820005625
0.01820005625
0.01820005625
0.01820005625
0.01820005625
0.01820005625
0.01820005625
0.01820005625
0.01820005625
0.01820005625
0.01820005625
0.01820005625
0.01820005625
0.01820005625
0.01820005625
0.01820005625
0.01820005625
0.01820005625
0.01820005625
0.01820005625
0.01820005625
0.01820005625
0.01820005625
0.01820005625
0.01820005625
0.01820005625
0.01820005625
0.01820005625
0.01820005625
0.01820005625
0.01820005625
0.01820005625
0.01820005625
0.01820005625
0.01820005625
0.01820005625
0.01820005625
0.01820005625
0.01820005625
0.01820005625
0.01820005625
0.01820005625
0.01820005625
0.01820005625
0.01820005625
0.01820005625
0.01820005625
0.01820005625
0.01820005625
0.01820005625
0.01820005625
0.01820005625
0.01820005625
0.01820005625
0.01820005625
0.01820005625
0.01820005625
0.01820005625
0.01820005625
0.01820005625
0.01820005625
0.01820005625
0.01820005625
0.01820005625
0.01820005625
0.01820005625
0.01820005625
0.01820005625
0.01820005625
0.01820005625
0.01820005625
0.01820005625
0.01820005625
0.01820005625
0.01820005625
0.01820005625
0.01820005625
0.01820005625
0.01820005626
0.01820005626
0.01820005626
0.01820005626
0.01820005626
0.01820005626
0.01820005626
0.01820005626
0.01820005626
0.01820005626
0.01820005626
0.01820005626
0.01820005626
0.01820005626
0.01820005626
0.01820005626
0.01820005626
0.01820005626
0.01820005626
0.01820005626
0.01820005626
0.01820005626
0.01820005626
0.01820005626
0.01820005626
0.1404783682
0.1384725328
0.1382821703
0.1380683973
0.1377712969
0.1373723592
0.1368503587
0.1361593507
0.1350002967
0.1304868265
0.1080075603
0.05415921653
0.01821770584
0.01820019178
0.01820005651
0.01820005625
0.01820005625
0.01820005625
0.01820005625
0.01820005625
0.01820005625
0.01820005625
0.01820005625
0.01820005625
0.01820005625
0.01820005625
0.01820005625
0.01820005625
0.01820005625
0.01820005625
0.01820005625
0.01820005625
0.01820005625
0.01820005625
0.01820005625
0.01820005625
0.01820005625
0.01820005625
0.01820005625
0.01820005625
0.01820005625
0.01820005625
0.01820005625
0.01820005625
0.01820005625
0.01820005625
0.01820005625
0.01820005625
0.01820005625
0.01820005625
0.01820005625
0.01820005625
0.01820005625
0.01820005625
0.01820005625
0.01820005625
0.01820005625
0.01820005625
0.01820005625
0.01820005625
0.01820005625
0.01820005625
0.01820005625
0.01820005625
0.01820005625
0.01820005625
0.01820005625
0.01820005625
0.01820005625
0.01820005625
0.01820005625
0.01820005625
0.01820005625
0.01820005625
0.01820005625
0.01820005625
0.01820005625
0.01820005625
0.01820005625
0.01820005625
0.01820005625
0.01820005625
0.01820005625
0.01820005625
0.01820005625
0.01820005625
0.01820005625
0.01820005625
0.01820005625
0.01820005625
0.01820005625
0.01820005625
0.01820005625
0.01820005625
0.01820005625
0.01820005625
0.01820005625
0.01820005625
0.01820005625
0.01820005625
0.01820005625
0.01820005625
0.01820005625
0.01820005625
0.01820005625
0.01820005625
0.01820005625
0.01820005625
0.01820005625
0.01820005625
0.01820005625
0.01820005625
0.01820005625
0.01820005625
0.01820005625
0.01820005625
0.01820005625
0.01820005625
0.01820005625
0.01820005625
0.01820005625
0.01820005625
0.01820005625
0.01820005625
0.01820005625
0.01820005625
0.01820005625
0.01820005625
0.01820005625
0.01820005625
0.01820005625
0.01820005625
0.01820005625
0.01820005625
0.01820005625
0.01820005625
0.01820005625
0.01820005625
0.01820005625
0.01820005625
0.01820005625
0.01820005625
0.01820005625
0.01820005625
0.01820005625
0.01820005625
0.01820005625
0.01820005625
0.01820005625
0.01820005625
0.01820005625
0.01820005625
0.01820005625
0.01820005625
0.01820005625
0.01820005625
0.01820005625
0.01820005625
0.01820005625
0.01820005625
0.01820005625
0.01820005625
0.01820005625
0.01820005625
0.01820005625
0.01820005625
0.01820005625
0.01820005625
0.01820005625
0.01820005625
0.01820005625
0.01820005625
0.01820005625
0.01820005625
0.01820005625
0.01820005626
0.01820005626
0.01820005626
0.01820005626
0.01820005626
0.01820005626
0.01820005626
0.01820005626
0.01820005626
0.01820005626
0.01820005626
0.01820005626
0.01820005626
0.01820005626
0.01820005626
0.01820005626
0.01820005626
0.01820005626
0.01820005626
0.01820005626
0.01820005626
0.01820005626
0.01820005626
0.01820005626
0.01820005626
0.1402752234
0.1382889237
0.138110255
0.137910427
0.1376297364
0.1372495842
0.136748669
0.1360815502
0.1349567937
0.1305617847
0.1084747762
0.05493124469
0.01821796583
0.01820019358
0.01820005652
0.01820005625
0.01820005625
0.01820005625
0.01820005625
0.01820005625
0.01820005625
0.01820005625
0.01820005625
0.01820005625
0.01820005625
0.01820005625
0.01820005625
0.01820005625
0.01820005625
0.01820005625
0.01820005625
0.01820005625
0.01820005625
0.01820005625
0.01820005625
0.01820005625
0.01820005625
0.01820005625
0.01820005625
0.01820005625
0.01820005625
0.01820005625
0.01820005625
0.01820005625
0.01820005625
0.01820005625
0.01820005625
0.01820005625
0.01820005625
0.01820005625
0.01820005625
0.01820005625
0.01820005625
0.01820005625
0.01820005625
0.01820005625
0.01820005625
0.01820005625
0.01820005625
0.01820005625
0.01820005625
0.01820005625
0.01820005625
0.01820005625
0.01820005625
0.01820005625
0.01820005625
0.01820005625
0.01820005625
0.01820005625
0.01820005625
0.01820005625
0.01820005625
0.01820005625
0.01820005625
0.01820005625
0.01820005625
0.01820005625
0.01820005625
0.01820005625
0.01820005625
0.01820005625
0.01820005625
0.01820005625
0.01820005625
0.01820005625
0.01820005625
0.01820005625
0.01820005625
0.01820005625
0.01820005625
0.01820005625
0.01820005625
0.01820005625
0.01820005625
0.01820005625
0.01820005625
0.01820005625
0.01820005625
0.01820005625
0.01820005625
0.01820005625
0.01820005625
0.01820005625
0.01820005625
0.01820005625
0.01820005625
0.01820005625
0.01820005625
0.01820005625
0.01820005625
0.01820005625
0.01820005625
0.01820005625
0.01820005625
0.01820005625
0.01820005625
0.01820005625
0.01820005625
0.01820005625
0.01820005625
0.01820005625
0.01820005625
0.01820005625
0.01820005625
0.01820005625
0.01820005625
0.01820005625
0.01820005625
0.01820005625
0.01820005625
0.01820005625
0.01820005625
0.01820005625
0.01820005625
0.01820005625
0.01820005625
0.01820005625
0.01820005625
0.01820005625
0.01820005625
0.01820005625
0.01820005625
0.01820005625
0.01820005625
0.01820005625
0.01820005625
0.01820005625
0.01820005625
0.01820005625
0.01820005625
0.01820005625
0.01820005625
0.01820005625
0.01820005625
0.01820005625
0.01820005625
0.01820005625
0.01820005625
0.01820005625
0.01820005625
0.01820005625
0.01820005625
0.01820005625
0.01820005625
0.01820005625
0.01820005625
0.01820005625
0.01820005625
0.01820005625
0.01820005625
0.01820005625
0.01820005625
0.01820005625
0.01820005625
0.01820005625
0.01820005626
0.01820005626
0.01820005626
0.01820005626
0.01820005626
0.01820005626
0.01820005626
0.01820005626
0.01820005626
0.01820005626
0.01820005626
0.01820005626
0.01820005626
0.01820005626
0.01820005626
0.01820005626
0.01820005626
0.01820005626
0.01820005626
0.01820005626
0.01820005626
0.01820005626
0.01820005626
0.01820005626
0.1400675949
0.1381010791
0.1379343729
0.1377488243
0.1374849446
0.1371240472
0.1366447566
0.1360021338
0.1349122834
0.130636225
0.1089467358
0.05572252742
0.01821822851
0.01820019541
0.01820005652
0.01820005625
0.01820005625
0.01820005625
0.01820005625
0.01820005625
0.01820005625
0.01820005625
0.01820005625
0.01820005625
0.01820005625
0.01820005625
0.01820005625
0.01820005625
0.01820005625
0.01820005625
0.01820005625
0.01820005625
0.01820005625
0.01820005625
0.01820005625
0.01820005625
0.01820005625
0.01820005625
0.01820005625
0.01820005625
0.01820005625
0.01820005625
0.01820005625
0.01820005625
0.01820005625
0.01820005625
0.01820005625
0.01820005625
0.01820005625
0.01820005625
0.01820005625
0.01820005625
0.01820005625
0.01820005625
0.01820005625
0.01820005625
0.01820005625
0.01820005625
0.01820005625
0.01820005625
0.01820005625
0.01820005625
0.01820005625
0.01820005625
0.01820005625
0.01820005625
0.01820005625
0.01820005625
0.01820005625
0.01820005625
0.01820005625
0.01820005625
0.01820005625
0.01820005625
0.01820005625
0.01820005625
0.01820005625
0.01820005625
0.01820005625
0.01820005625
0.01820005625
0.01820005625
0.01820005625
0.01820005625
0.01820005625
0.01820005625
0.01820005625
0.01820005625
0.01820005625
0.01820005625
0.01820005625
0.01820005625
0.01820005625
0.01820005625
0.01820005625
0.01820005625
0.01820005625
0.01820005625
0.01820005625
0.01820005625
0.01820005625
0.01820005625
0.01820005625
0.01820005625
0.01820005625
0.01820005625
0.01820005625
0.01820005625
0.01820005625
0.01820005625
0.01820005625
0.01820005625
0.01820005625
0.01820005625
0.01820005625
0.01820005625
0.01820005625
0.01820005625
0.01820005625
0.01820005625
0.01820005625
0.01820005625
0.01820005625
0.01820005625
0.01820005625
0.01820005625
0.01820005625
0.01820005625
0.01820005625
0.01820005625
0.01820005625
0.01820005625
0.01820005625
0.01820005625
0.01820005625
0.01820005625
0.01820005625
0.01820005625
0.01820005625
0.01820005625
0.01820005625
0.01820005625
0.01820005625
0.01820005625
0.01820005625
0.01820005625
0.01820005625
0.01820005625
0.01820005625
0.01820005625
0.01820005625
0.01820005625
0.01820005625
0.01820005625
0.01820005625
0.01820005625
0.01820005625
0.01820005625
0.01820005625
0.01820005625
0.01820005625
0.01820005625
0.01820005625
0.01820005625
0.01820005625
0.01820005625
0.01820005625
0.01820005625
0.01820005625
0.01820005625
0.01820005625
0.01820005625
0.01820005625
0.01820005626
0.01820005626
0.01820005626
0.01820005626
0.01820005626
0.01820005626
0.01820005626
0.01820005626
0.01820005626
0.01820005626
0.01820005626
0.01820005626
0.01820005626
0.01820005626
0.01820005626
0.01820005626
0.01820005626
0.01820005626
0.01820005626
0.01820005626
0.01820005626
0.01820005626
0.01820005626
0.01820005626
0.01820005626
0.01820005626
0.01820005626
0.1398554223
0.1379089558
0.1377544864
0.1375835588
0.1373369004
0.1369957384
0.1365386245
0.1359211177
0.134866792
0.1307101489
0.109423454
0.05653369012
0.01821849392
0.01820019726
0.01820005653
0.01820005625
0.01820005625
0.01820005625
0.01820005625
0.01820005625
0.01820005625
0.01820005625
0.01820005625
0.01820005625
0.01820005625
0.01820005625
0.01820005625
0.01820005625
0.01820005625
0.01820005625
0.01820005625
0.01820005625
0.01820005625
0.01820005625
0.01820005625
0.01820005625
0.01820005625
0.01820005625
0.01820005625
0.01820005625
0.01820005625
0.01820005625
0.01820005625
0.01820005625
0.01820005625
0.01820005625
0.01820005625
0.01820005625
0.01820005625
0.01820005625
0.01820005625
0.01820005625
0.01820005625
0.01820005625
0.01820005625
0.01820005625
0.01820005625
0.01820005625
0.01820005625
0.01820005625
0.01820005625
0.01820005625
0.01820005625
0.01820005625
0.01820005625
0.01820005625
0.01820005625
0.01820005625
0.01820005625
0.01820005625
0.01820005625
0.01820005625
0.01820005625
0.01820005625
0.01820005625
0.01820005625
0.01820005625
0.01820005625
0.01820005625
0.01820005625
0.01820005625
0.01820005625
0.01820005625
0.01820005625
0.01820005625
0.01820005625
0.01820005625
0.01820005625
0.01820005625
0.01820005625
0.01820005625
0.01820005625
0.01820005625
0.01820005625
0.01820005625
0.01820005625
0.01820005625
0.01820005625
0.01820005625
0.01820005625
0.01820005625
0.01820005625
0.01820005625
0.01820005625
0.01820005625
0.01820005625
0.01820005625
0.01820005625
0.01820005625
0.01820005625
0.01820005625
0.01820005625
0.01820005625
0.01820005625
0.01820005625
0.01820005625
0.01820005625
0.01820005625
0.01820005625
0.01820005625
0.01820005625
0.01820005625
0.01820005625
0.01820005625
0.01820005625
0.01820005625
0.01820005625
0.01820005625
0.01820005625
0.01820005625
0.01820005625
0.01820005625
0.01820005625
0.01820005625
0.01820005625
0.01820005625
0.01820005625
0.01820005625
0.01820005625
0.01820005625
0.01820005625
0.01820005625
0.01820005625
0.01820005625
0.01820005625
0.01820005625
0.01820005625
0.01820005625
0.01820005625
0.01820005625
0.01820005625
0.01820005625
0.01820005625
0.01820005625
0.01820005625
0.01820005625
0.01820005625
0.01820005625
0.01820005625
0.01820005625
0.01820005625
0.01820005625
0.01820005625
0.01820005625
0.01820005625
0.01820005625
0.01820005625
0.01820005625
0.01820005625
0.01820005625
0.01820005625
0.01820005626
0.01820005626
0.01820005626
0.01820005626
0.01820005626
0.01820005626
0.01820005626
0.01820005626
0.01820005626
0.01820005626
0.01820005626
0.01820005626
0.01820005626
0.01820005626
0.01820005626
0.01820005626
0.01820005626
0.01820005626
0.01820005626
0.01820005626
0.01820005626
0.01820005626
0.01820005626
0.01820005626
0.01820005626
0.01820005626
0.01820005626
0.01820005626
0.01820005626
0.139638642
0.1377125023
0.1375705501
0.1374145939
0.1371855788
0.1368646474
0.1364302788
0.1358385254
0.134820357
0.1307835702
0.1099049462
0.05736537399
0.01821876212
0.01820019913
0.01820005653
0.01820005625
0.01820005625
0.01820005625
0.01820005625
0.01820005625
0.01820005625
0.01820005625
0.01820005625
0.01820005625
0.01820005625
0.01820005625
0.01820005625
0.01820005625
0.01820005625
0.01820005625
0.01820005625
0.01820005625
0.01820005625
0.01820005625
0.01820005625
0.01820005625
0.01820005625
0.01820005625
0.01820005625
0.01820005625
0.01820005625
0.01820005625
0.01820005625
0.01820005625
0.01820005625
0.01820005625
0.01820005625
0.01820005625
0.01820005625
0.01820005625
0.01820005625
0.01820005625
0.01820005625
0.01820005625
0.01820005625
0.01820005625
0.01820005625
0.01820005625
0.01820005625
0.01820005625
0.01820005625
0.01820005625
0.01820005625
0.01820005625
0.01820005625
0.01820005625
0.01820005625
0.01820005625
0.01820005625
0.01820005625
0.01820005625
0.01820005625
0.01820005625
0.01820005625
0.01820005625
0.01820005625
0.01820005625
0.01820005625
0.01820005625
0.01820005625
0.01820005625
0.01820005625
0.01820005625
0.01820005625
0.01820005625
0.01820005625
0.01820005625
0.01820005625
0.01820005625
0.01820005625
0.01820005625
0.01820005625
0.01820005625
0.01820005625
0.01820005625
0.01820005625
0.01820005625
0.01820005625
0.01820005625
0.01820005625
0.01820005625
0.01820005625
0.01820005625
0.01820005625
0.01820005625
0.01820005625
0.01820005625
0.01820005625
0.01820005625
0.01820005625
0.01820005625
0.01820005625
0.01820005625
0.01820005625
0.01820005625
0.01820005625
0.01820005625
0.01820005625
0.01820005625
0.01820005625
0.01820005625
0.01820005625
0.01820005625
0.01820005625
0.01820005625
0.01820005625
0.01820005625
0.01820005625
0.01820005625
0.01820005625
0.01820005625
0.01820005625
0.01820005625
0.01820005625
0.01820005625
0.01820005625
0.01820005625
0.01820005625
0.01820005625
0.01820005625
0.01820005625
0.01820005625
0.01820005625
0.01820005625
0.01820005625
0.01820005625
0.01820005625
0.01820005625
0.01820005625
0.01820005625
0.01820005625
0.01820005625
0.01820005625
0.01820005625
0.01820005625
0.01820005625
0.01820005625
0.01820005625
0.01820005625
0.01820005625
0.01820005625
0.01820005625
0.01820005625
0.01820005625
0.01820005625
0.01820005625
0.01820005625
0.01820005625
0.01820005625
0.01820005625
0.01820005626
0.01820005626
0.01820005626
0.01820005626
0.01820005626
0.01820005626
0.01820005626
0.01820005626
0.01820005626
0.01820005626
0.01820005626
0.01820005626
0.01820005626
0.01820005626
0.01820005626
0.01820005626
0.01820005626
0.01820005626
0.01820005626
0.01820005626
0.01820005626
0.01820005626
0.01820005626
0.01820005626
0.01820005626
0.01820005626
0.01820005626
0.01820005626
0.01820005626
0.01820005626
0.1394171852
0.1375116575
0.1373825098
0.1372418855
0.13703095
0.136730762
0.1363197285
0.1357543886
0.1347730297
0.1308565188
0.1103912321
0.05821824304
0.01821903314
0.01820020102
0.01820005653
0.01820005625
0.01820005625
0.01820005625
0.01820005625
0.01820005625
0.01820005625
0.01820005625
0.01820005625
0.01820005625
0.01820005625
0.01820005625
0.01820005625
0.01820005625
0.01820005625
0.01820005625
0.01820005625
0.01820005625
0.01820005625
0.01820005625
0.01820005625
0.01820005625
0.01820005625
0.01820005625
0.01820005625
0.01820005625
0.01820005625
0.01820005625
0.01820005625
0.01820005625
0.01820005625
0.01820005625
0.01820005625
0.01820005625
0.01820005625
0.01820005625
0.01820005625
0.01820005625
0.01820005625
0.01820005625
0.01820005625
0.01820005625
0.01820005625
0.01820005625
0.01820005625
0.01820005625
0.01820005625
0.01820005625
0.01820005625
0.01820005625
0.01820005625
0.01820005625
0.01820005625
0.01820005625
0.01820005625
0.01820005625
0.01820005625
0.01820005625
0.01820005625
0.01820005625
0.01820005625
0.01820005625
0.01820005625
0.01820005625
0.01820005625
0.01820005625
0.01820005625
0.01820005625
0.01820005625
0.01820005625
0.01820005625
0.01820005625
0.01820005625
0.01820005625
0.01820005625
0.01820005625
0.01820005625
0.01820005625
0.01820005625
0.01820005625
0.01820005625
0.01820005625
0.01820005625
0.01820005625
0.01820005625
0.01820005625
0.01820005625
0.01820005625
0.01820005625
0.01820005625
0.01820005625
0.01820005625
0.01820005625
0.01820005625
0.01820005625
0.01820005625
0.01820005625
0.01820005625
0.01820005625
0.01820005625
0.01820005625
0.01820005625
0.01820005625
0.01820005625
0.01820005625
0.01820005625
0.01820005625
0.01820005625
0.01820005625
0.01820005625
0.01820005625
0.01820005625
0.01820005625
0.01820005625
0.01820005625
0.01820005625
0.01820005625
0.01820005625
0.01820005625
0.01820005625
0.01820005625
0.01820005625
0.01820005625
0.01820005625
0.01820005625
0.01820005625
0.01820005625
0.01820005625
0.01820005625
0.01820005625
0.01820005625
0.01820005625
0.01820005625
0.01820005625
0.01820005625
0.01820005625
0.01820005625
0.01820005625
0.01820005625
0.01820005625
0.01820005625
0.01820005625
0.01820005625
0.01820005625
0.01820005625
0.01820005625
0.01820005625
0.01820005625
0.01820005625
0.01820005625
0.01820005625
0.01820005625
0.01820005625
0.01820005625
0.01820005625
0.01820005625
0.01820005626
0.01820005626
0.01820005626
0.01820005626
0.01820005626
0.01820005626
0.01820005626
0.01820005626
0.01820005626
0.01820005626
0.01820005626
0.01820005626
0.01820005626
0.01820005626
0.01820005626
0.01820005626
0.01820005626
0.01820005626
0.01820005626
0.01820005626
0.01820005626
0.01820005626
0.01820005626
0.01820005626
0.01820005626
0.01820005626
0.01820005626
0.01820005626
0.01820005626
0.01820005626
0.1391909761
0.1373063484
0.1371903002
0.1370653801
0.1368729772
0.1365940675
0.1362069855
0.1356687482
0.1347248776
0.1309290452
0.1108823454
0.05909299403
0.01821930704
0.01820020294
0.01820005654
0.01820005625
0.01820005625
0.01820005625
0.01820005625
0.01820005625
0.01820005625
0.01820005625
0.01820005625
0.01820005625
0.01820005625
0.01820005625
0.01820005625
0.01820005625
0.01820005625
0.01820005625
0.01820005625
0.01820005625
0.01820005625
0.01820005625
0.01820005625
0.01820005625
0.01820005625
0.01820005625
0.01820005625
0.01820005625
0.01820005625
0.01820005625
0.01820005625
0.01820005625
0.01820005625
0.01820005625
0.01820005625
0.01820005625
0.01820005625
0.01820005625
0.01820005625
0.01820005625
0.01820005625
0.01820005625
0.01820005625
0.01820005625
0.01820005625
0.01820005625
0.01820005625
0.01820005625
0.01820005625
0.01820005625
0.01820005625
0.01820005625
0.01820005625
0.01820005625
0.01820005625
0.01820005625
0.01820005625
0.01820005625
0.01820005625
0.01820005625
0.01820005625
0.01820005625
0.01820005625
0.01820005625
0.01820005625
0.01820005625
0.01820005625
0.01820005625
0.01820005625
0.01820005625
0.01820005625
0.01820005625
0.01820005625
0.01820005625
0.01820005625
0.01820005625
0.01820005625
0.01820005625
0.01820005625
0.01820005625
0.01820005625
0.01820005625
0.01820005625
0.01820005625
0.01820005625
0.01820005625
0.01820005625
0.01820005625
0.01820005625
0.01820005625
0.01820005625
0.01820005625
0.01820005625
0.01820005625
0.01820005625
0.01820005625
0.01820005625
0.01820005625
0.01820005625
0.01820005625
0.01820005625
0.01820005625
0.01820005625
0.01820005625
0.01820005625
0.01820005625
0.01820005625
0.01820005625
0.01820005625
0.01820005625
0.01820005625
0.01820005625
0.01820005625
0.01820005625
0.01820005625
0.01820005625
0.01820005625
0.01820005625
0.01820005625
0.01820005625
0.01820005625
0.01820005625
0.01820005625
0.01820005625
0.01820005625
0.01820005625
0.01820005625
0.01820005625
0.01820005625
0.01820005625
0.01820005625
0.01820005625
0.01820005625
0.01820005625
0.01820005625
0.01820005625
0.01820005625
0.01820005625
0.01820005625
0.01820005625
0.01820005625
0.01820005625
0.01820005625
0.01820005625
0.01820005625
0.01820005625
0.01820005625
0.01820005625
0.01820005625
0.01820005625
0.01820005625
0.01820005625
0.01820005625
0.01820005625
0.01820005625
0.01820005625
0.01820005625
0.01820005625
0.01820005626
0.01820005626
0.01820005626
0.01820005626
0.01820005626
0.01820005626
0.01820005626
0.01820005626
0.01820005626
0.01820005626
0.01820005626
0.01820005626
0.01820005626
0.01820005626
0.01820005626
0.01820005626
0.01820005626
0.01820005626
0.01820005626
0.01820005626
0.01820005626
0.01820005626
0.01820005626
0.01820005626
0.01820005626
0.01820005626
0.01820005626
0.01820005626
0.01820005626
0.01820005626
0.1389599285
0.1370964874
0.1369938419
0.1368850121
0.1367116144
0.1364545445
0.1360920635
0.1355816557
0.1346759875
0.1310012264
0.1113783423
0.05999037169
0.01821958385
0.01820020488
0.01820005654
0.01820005625
0.01820005625
0.01820005625
0.01820005625
0.01820005625
0.01820005625
0.01820005625
0.01820005625
0.01820005625
0.01820005625
0.01820005625
0.01820005625
0.01820005625
0.01820005625
0.01820005625
0.01820005625
0.01820005625
0.01820005625
0.01820005625
0.01820005625
0.01820005625
0.01820005625
0.01820005625
0.01820005625
0.01820005625
0.01820005625
0.01820005625
0.01820005625
0.01820005625
0.01820005625
0.01820005625
0.01820005625
0.01820005625
0.01820005625
0.01820005625
0.01820005625
0.01820005625
0.01820005625
0.01820005625
0.01820005625
0.01820005625
0.01820005625
0.01820005625
0.01820005625
0.01820005625
0.01820005625
0.01820005625
0.01820005625
0.01820005625
0.01820005625
0.01820005625
0.01820005625
0.01820005625
0.01820005625
0.01820005625
0.01820005625
0.01820005625
0.01820005625
0.01820005625
0.01820005625
0.01820005625
0.01820005625
0.01820005625
0.01820005625
0.01820005625
0.01820005625
0.01820005625
0.01820005625
0.01820005625
0.01820005625
0.01820005625
0.01820005625
0.01820005625
0.01820005625
0.01820005625
0.01820005625
0.01820005625
0.01820005625
0.01820005625
0.01820005625
0.01820005625
0.01820005625
0.01820005625
0.01820005625
0.01820005625
0.01820005625
0.01820005625
0.01820005625
0.01820005625
0.01820005625
0.01820005625
0.01820005625
0.01820005625
0.01820005625
0.01820005625
0.01820005625
0.01820005625
0.01820005625
0.01820005625
0.01820005625
0.01820005625
0.01820005625
0.01820005625
0.01820005625
0.01820005625
0.01820005625
0.01820005625
0.01820005625
0.01820005625
0.01820005625
0.01820005625
0.01820005625
0.01820005625
0.01820005625
0.01820005625
0.01820005625
0.01820005625
0.01820005625
0.01820005625
0.01820005625
0.01820005625
0.01820005625
0.01820005625
0.01820005625
0.01820005625
0.01820005625
0.01820005625
0.01820005625
0.01820005625
0.01820005625
0.01820005625
0.01820005625
0.01820005625
0.01820005625
0.01820005625
0.01820005625
0.01820005625
0.01820005625
0.01820005625
0.01820005625
0.01820005625
0.01820005625
0.01820005625
0.01820005625
0.01820005625
0.01820005625
0.01820005625
0.01820005625
0.01820005625
0.01820005625
0.01820005625
0.01820005625
0.01820005625
0.01820005625
0.01820005625
0.01820005626
0.01820005626
0.01820005626
0.01820005626
0.01820005626
0.01820005626
0.01820005626
0.01820005626
0.01820005626
0.01820005626
0.01820005626
0.01820005626
0.01820005626
0.01820005626
0.01820005626
0.01820005626
0.01820005626
0.01820005626
0.01820005626
0.01820005626
0.01820005626
0.01820005626
0.01820005626
0.01820005626
0.01820005626
0.01820005626
0.01820005626
0.01820005626
0.01820005626
0.01820005626
0.1387239434
0.1368819697
0.1367930388
0.1367006999
0.1365468025
0.1363121656
0.1359749765
0.1354931736
0.1346264703
0.1310731751
0.1118793151
0.06091118311
0.01821986365
0.01820020685
0.01820005655
0.01820005625
0.01820005625
0.01820005625
0.01820005625
0.01820005625
0.01820005625
0.01820005625
0.01820005625
0.01820005625
0.01820005625
0.01820005625
0.01820005625
0.01820005625
0.01820005625
0.01820005625
0.01820005625
0.01820005625
0.01820005625
0.01820005625
0.01820005625
0.01820005625
0.01820005625
0.01820005625
0.01820005625
0.01820005625
0.01820005625
0.01820005625
0.01820005625
0.01820005625
0.01820005625
0.01820005625
0.01820005625
0.01820005625
0.01820005625
0.01820005625
0.01820005625
0.01820005625
0.01820005625
0.01820005625
0.01820005625
0.01820005625
0.01820005625
0.01820005625
0.01820005625
0.01820005625
0.01820005625
0.01820005625
0.01820005625
0.01820005625
0.01820005625
0.01820005625
0.01820005625
0.01820005625
0.01820005625
0.01820005625
0.01820005625
0.01820005625
0.01820005625
0.01820005625
0.01820005625
0.01820005625
0.01820005625
0.01820005625
0.01820005625
0.01820005625
0.01820005625
0.01820005625
0.01820005625
0.01820005625
0.01820005625
0.01820005625
0.01820005625
0.01820005625
0.01820005625
0.01820005625
0.01820005625
0.01820005625
0.01820005625
0.01820005625
0.01820005625
0.01820005625
0.01820005625
0.01820005625
0.01820005625
0.01820005625
0.01820005625
0.01820005625
0.01820005625
0.01820005625
0.01820005625
0.01820005625
0.01820005625
0.01820005625
0.01820005625
0.01820005625
0.01820005625
0.01820005625
0.01820005625
0.01820005625
0.01820005625
0.01820005625
0.01820005625
0.01820005625
0.01820005625
0.01820005625
0.01820005625
0.01820005625
0.01820005625
0.01820005625
0.01820005625
0.01820005625
0.01820005625
0.01820005625
0.01820005625
0.01820005625
0.01820005625
0.01820005625
0.01820005625
0.01820005625
0.01820005625
0.01820005625
0.01820005625
0.01820005625
0.01820005625
0.01820005625
0.01820005625
0.01820005625
0.01820005625
0.01820005625
0.01820005625
0.01820005625
0.01820005625
0.01820005625
0.01820005625
0.01820005625
0.01820005625
0.01820005625
0.01820005625
0.01820005625
0.01820005625
0.01820005625
0.01820005625
0.01820005625
0.01820005625
0.01820005625
0.01820005625
0.01820005625
0.01820005625
0.01820005625
0.01820005625
0.01820005625
0.01820005625
0.01820005625
0.01820005626
0.01820005626
0.01820005626
0.01820005626
0.01820005626
0.01820005626
0.01820005626
0.01820005626
0.01820005626
0.01820005626
0.01820005626
0.01820005626
0.01820005626
0.01820005626
0.01820005626
0.01820005626
0.01820005626
0.01820005626
0.01820005626
0.01820005626
0.01820005626
0.01820005626
0.01820005626
0.01820005626
0.01820005626
0.01820005626
0.01820005626
0.01820005626
0.01820005626
0.01820005626
0.01820005626
0.01820005626
0.1384829047
0.1366626696
0.1365877737
0.1365123418
0.1363784644
0.1361668911
0.1358557359
0.1354033764
0.1345764662
0.1311450501
0.1123854107
0.06185632383
0.01822014651
0.01820020884
0.01820005655
0.01820005625
0.01820005625
0.01820005625
0.01820005625
0.01820005625
0.01820005625
0.01820005625
0.01820005625
0.01820005625
0.01820005625
0.01820005625
0.01820005625
0.01820005625
0.01820005625
0.01820005625
0.01820005625
0.01820005625
0.01820005625
0.01820005625
0.01820005625
0.01820005625
0.01820005625
0.01820005625
0.01820005625
0.01820005625
0.01820005625
0.01820005625
0.01820005625
0.01820005625
0.01820005625
0.01820005625
0.01820005625
0.01820005625
0.01820005625
0.01820005625
0.01820005625
0.01820005625
0.01820005625
0.01820005625
0.01820005625
0.01820005625
0.01820005625
0.01820005625
0.01820005625
0.01820005625
0.01820005625
0.01820005625
0.01820005625
0.01820005625
0.01820005625
0.01820005625
0.01820005625
0.01820005625
0.01820005625
0.01820005625
0.01820005625
0.01820005625
0.01820005625
0.01820005625
0.01820005625
0.01820005625
0.01820005625
0.01820005625
0.01820005625
0.01820005625
0.01820005625
0.01820005625
0.01820005625
0.01820005625
0.01820005625
0.01820005625
0.01820005625
0.01820005625
0.01820005625
0.01820005625
0.01820005625
0.01820005625
0.01820005625
0.01820005625
0.01820005625
0.01820005625
0.01820005625
0.01820005625
0.01820005625
0.01820005625
0.01820005625
0.01820005625
0.01820005625
0.01820005625
0.01820005625
0.01820005625
0.01820005625
0.01820005625
0.01820005625
0.01820005625
0.01820005625
0.01820005625
0.01820005625
0.01820005625
0.01820005625
0.01820005625
0.01820005625
0.01820005625
0.01820005625
0.01820005625
0.01820005625
0.01820005625
0.01820005625
0.01820005625
0.01820005625
0.01820005625
0.01820005625
0.01820005625
0.01820005625
0.01820005625
0.01820005625
0.01820005625
0.01820005625
0.01820005625
0.01820005625
0.01820005625
0.01820005625
0.01820005625
0.01820005625
0.01820005625
0.01820005625
0.01820005625
0.01820005625
0.01820005625
0.01820005625
0.01820005625
0.01820005625
0.01820005625
0.01820005625
0.01820005625
0.01820005625
0.01820005625
0.01820005625
0.01820005625
0.01820005625
0.01820005625
0.01820005625
0.01820005625
0.01820005625
0.01820005625
0.01820005625
0.01820005625
0.01820005625
0.01820005625
0.01820005625
0.01820005625
0.01820005626
0.01820005626
0.01820005626
0.01820005626
0.01820005626
0.01820005626
0.01820005626
0.01820005626
0.01820005626
0.01820005626
0.01820005626
0.01820005626
0.01820005626
0.01820005626
0.01820005626
0.01820005626
0.01820005626
0.01820005626
0.01820005626
0.01820005626
0.01820005626
0.01820005626
0.01820005626
0.01820005626
0.01820005626
0.01820005626
0.01820005626
0.01820005626
0.01820005626
0.01820005626
0.01820005626
0.01820005626
0.01820005626
0.01820005626
0.1382366757
0.1364384368
0.1363779036
0.1363198093
0.1362064977
0.1360186609
0.1357343445
0.1353123491
0.1345261512
0.1312170731
0.1128968548
0.06282680821
0.01822043252
0.01820021086
0.01820005656
0.01820005625
0.01820005625
0.01820005625
0.01820005625
0.01820005625
0.01820005625
0.01820005625
0.01820005625
0.01820005625
0.01820005625
0.01820005625
0.01820005625
0.01820005625
0.01820005625
0.01820005625
0.01820005625
0.01820005625
0.01820005625
0.01820005625
0.01820005625
0.01820005625
0.01820005625
0.01820005625
0.01820005625
0.01820005625
0.01820005625
0.01820005625
0.01820005625
0.01820005625
0.01820005625
0.01820005625
0.01820005625
0.01820005625
0.01820005625
0.01820005625
0.01820005625
0.01820005625
0.01820005625
0.01820005625
0.01820005625
0.01820005625
0.01820005625
0.01820005625
0.01820005625
0.01820005625
0.01820005625
0.01820005625
0.01820005625
0.01820005625
0.01820005625
0.01820005625
0.01820005625
0.01820005625
0.01820005625
0.01820005625
0.01820005625
0.01820005625
0.01820005625
0.01820005625
0.01820005625
0.01820005625
0.01820005625
0.01820005625
0.01820005625
0.01820005625
0.01820005625
0.01820005625
0.01820005625
0.01820005625
0.01820005625
0.01820005625
0.01820005625
0.01820005625
0.01820005625
0.01820005625
0.01820005625
0.01820005625
0.01820005625
0.01820005625
0.01820005625
0.01820005625
0.01820005625
0.01820005625
0.01820005625
0.01820005625
0.01820005625
0.01820005625
0.01820005625
0.01820005625
0.01820005625
0.01820005625
0.01820005625
0.01820005625
0.01820005625
0.01820005625
0.01820005625
0.01820005625
0.01820005625
0.01820005625
0.01820005625
0.01820005625
0.01820005625
0.01820005625
0.01820005625
0.01820005625
0.01820005625
0.01820005625
0.01820005625
0.01820005625
0.01820005625
0.01820005625
0.01820005625
0.01820005625
0.01820005625
0.01820005625
0.01820005625
0.01820005625
0.01820005625
0.01820005625
0.01820005625
0.01820005625
0.01820005625
0.01820005625
0.01820005625
0.01820005625
0.01820005625
0.01820005625
0.01820005625
0.01820005625
0.01820005625
0.01820005625
0.01820005625
0.01820005625
0.01820005625
0.01820005625
0.01820005625
0.01820005625
0.01820005625
0.01820005625
0.01820005625
0.01820005625
0.01820005625
0.01820005625
0.01820005625
0.01820005625
0.01820005625
0.01820005625
0.01820005625
0.01820005625
0.01820005625
0.01820005626
0.01820005626
0.01820005626
0.01820005626
0.01820005626
0.01820005626
0.01820005626
0.01820005626
0.01820005626
0.01820005626
0.01820005626
0.01820005626
0.01820005626
0.01820005626
0.01820005626
0.01820005626
0.01820005626
0.01820005626
0.01820005626
0.01820005626
0.01820005626
0.01820005626
0.01820005626
0.01820005626
0.01820005626
0.01820005626
0.01820005626
0.01820005626
0.01820005626
0.01820005626
0.01820005626
0.01820005626
0.01820005626
0.01820005626
0.01820005626
0.1379850946
0.1362090924
0.1361632544
0.13612294
0.1360307649
0.1358673837
0.1356107866
0.1352201832
0.1344757441
0.1312895501
0.1134139886
0.06382381315
0.0182207218
0.0182002129
0.01820005656
0.01820005625
0.01820005625
0.01820005625
0.01820005625
0.01820005625
0.01820005625
0.01820005625
0.01820005625
0.01820005625
0.01820005625
0.01820005625
0.01820005625
0.01820005625
0.01820005625
0.01820005625
0.01820005625
0.01820005625
0.01820005625
0.01820005625
0.01820005625
0.01820005625
0.01820005625
0.01820005625
0.01820005625
0.01820005625
0.01820005625
0.01820005625
0.01820005625
0.01820005625
0.01820005625
0.01820005625
0.01820005625
0.01820005625
0.01820005625
0.01820005625
0.01820005625
0.01820005625
0.01820005625
0.01820005625
0.01820005625
0.01820005625
0.01820005625
0.01820005625
0.01820005625
0.01820005625
0.01820005625
0.01820005625
0.01820005625
0.01820005625
0.01820005625
0.01820005625
0.01820005625
0.01820005625
0.01820005625
0.01820005625
0.01820005625
0.01820005625
0.01820005625
0.01820005625
0.01820005625
0.01820005625
0.01820005625
0.01820005625
0.01820005625
0.01820005625
0.01820005625
0.01820005625
0.01820005625
0.01820005625
0.01820005625
0.01820005625
0.01820005625
0.01820005625
0.01820005625
0.01820005625
0.01820005625
0.01820005625
0.01820005625
0.01820005625
0.01820005625
0.01820005625
0.01820005625
0.01820005625
0.01820005625
0.01820005625
0.01820005625
0.01820005625
0.01820005625
0.01820005625
0.01820005625
0.01820005625
0.01820005625
0.01820005625
0.01820005625
0.01820005625
0.01820005625
0.01820005625
0.01820005625
0.01820005625
0.01820005625
0.01820005625
0.01820005625
0.01820005625
0.01820005625
0.01820005625
0.01820005625
0.01820005625
0.01820005625
0.01820005625
0.01820005625
0.01820005625
0.01820005625
0.01820005625
0.01820005625
0.01820005625
0.01820005625
0.01820005625
0.01820005625
0.01820005625
0.01820005625
0.01820005625
0.01820005625
0.01820005625
0.01820005625
0.01820005625
0.01820005625
0.01820005625
0.01820005625
0.01820005625
0.01820005625
0.01820005625
0.01820005625
0.01820005625
0.01820005625
0.01820005625
0.01820005625
0.01820005625
0.01820005625
0.01820005625
0.01820005625
0.01820005625
0.01820005625
0.01820005625
0.01820005625
0.01820005625
0.01820005625
0.01820005625
0.01820005625
0.01820005625
0.01820005626
0.01820005626
0.01820005626
0.01820005626
0.01820005626
0.01820005626
0.01820005626
0.01820005626
0.01820005626
0.01820005626
0.01820005626
0.01820005626
0.01820005626
0.01820005626
0.01820005626
0.01820005626
0.01820005626
0.01820005626
0.01820005626
0.01820005626
0.01820005626
0.01820005626
0.01820005626
0.01820005626
0.01820005626
0.01820005626
0.01820005626
0.01820005626
0.01820005626
0.01820005626
0.01820005626
0.01820005626
0.01820005626
0.01820005626
0.01820005626
0.01820005626
0.137727971
0.1359744258
0.1359436156
0.1359215287
0.1358510795
0.1357129191
0.1354850097
0.1351269651
0.1344255124
0.1313629026
0.1139373209
0.06484874117
0.01822101453
0.01820021498
0.01820005657
0.01820005625
0.01820005625
0.01820005625
0.01820005625
0.01820005625
0.01820005625
0.01820005625
0.01820005625
0.01820005625
0.01820005625
0.01820005625
0.01820005625
0.01820005625
0.01820005625
0.01820005625
0.01820005625
0.01820005625
0.01820005625
0.01820005625
0.01820005625
0.01820005625
0.01820005625
0.01820005625
0.01820005625
0.01820005625
0.01820005625
0.01820005625
0.01820005625
0.01820005625
0.01820005625
0.01820005625
0.01820005625
0.01820005625
0.01820005625
0.01820005625
0.01820005625
0.01820005625
0.01820005625
0.01820005625
0.01820005625
0.01820005625
0.01820005625
0.01820005625
0.01820005625
0.01820005625
0.01820005625
0.01820005625
0.01820005625
0.01820005625
0.01820005625
0.01820005625
0.01820005625
0.01820005625
0.01820005625
0.01820005625
0.01820005625
0.01820005625
0.01820005625
0.01820005625
0.01820005625
0.01820005625
0.01820005625
0.01820005625
0.01820005625
0.01820005625
0.01820005625
0.01820005625
0.01820005625
0.01820005625
0.01820005625
0.01820005625
0.01820005625
0.01820005625
0.01820005625
0.01820005625
0.01820005625
0.01820005625
0.01820005625
0.01820005625
0.01820005625
0.01820005625
0.01820005625
0.01820005625
0.01820005625
0.01820005625
0.01820005625
0.01820005625
0.01820005625
0.01820005625
0.01820005625
0.01820005625
0.01820005625
0.01820005625
0.01820005625
0.01820005625
0.01820005625
0.01820005625
0.01820005625
0.01820005625
0.01820005625
0.01820005625
0.01820005625
0.01820005625
0.01820005625
0.01820005625
0.01820005625
0.01820005625
0.01820005625
0.01820005625
0.01820005625
0.01820005625
0.01820005625
0.01820005625
0.01820005625
0.01820005625
0.01820005625
0.01820005625
0.01820005625
0.01820005625
0.01820005625
0.01820005625
0.01820005625
0.01820005625
0.01820005625
0.01820005625
0.01820005625
0.01820005625
0.01820005625
0.01820005625
0.01820005625
0.01820005625
0.01820005625
0.01820005625
0.01820005625
0.01820005625
0.01820005625
0.01820005625
0.01820005625
0.01820005625
0.01820005625
0.01820005625
0.01820005625
0.01820005625
0.01820005625
0.01820005625
0.01820005625
0.01820005625
0.01820005625
0.01820005625
0.01820005626
0.01820005626
0.01820005626
0.01820005626
0.01820005626
0.01820005626
0.01820005626
0.01820005626
0.01820005626
0.01820005626
0.01820005626
0.01820005626
0.01820005626
0.01820005626
0.01820005626
0.01820005626
0.01820005626
0.01820005626
0.01820005626
0.01820005626
0.01820005626
0.01820005626
0.01820005626
0.01820005626
0.01820005626
0.01820005626
0.01820005626
0.01820005626
0.01820005626
0.01820005626
0.01820005626
0.01820005626
0.01820005626
0.01820005626
0.01820005626
0.01820005626
0.1374650824
0.135734192
0.1357187342
0.1357153158
0.135667188
0.1355550511
0.1353568927
0.1350327505
0.1343757709
0.1314377109
0.1144676103
0.06590330892
0.01822131092
0.01820021708
0.01820005657
0.01820005626
0.01820005625
0.01820005625
0.01820005625
0.01820005625
0.01820005625
0.01820005625
0.01820005625
0.01820005625
0.01820005625
0.01820005625
0.01820005625
0.01820005625
0.01820005625
0.01820005625
0.01820005625
0.01820005625
0.01820005625
0.01820005625
0.01820005625
0.01820005625
0.01820005625
0.01820005625
0.01820005625
0.01820005625
0.01820005625
0.01820005625
0.01820005625
0.01820005625
0.01820005625
0.01820005625
0.01820005625
0.01820005625
0.01820005625
0.01820005625
0.01820005625
0.01820005625
0.01820005625
0.01820005625
0.01820005625
0.01820005625
0.01820005625
0.01820005625
0.01820005625
0.01820005625
0.01820005625
0.01820005625
0.01820005625
0.01820005625
0.01820005625
0.01820005625
0.01820005625
0.01820005625
0.01820005625
0.01820005625
0.01820005625
0.01820005625
0.01820005625
0.01820005625
0.01820005625
0.01820005625
0.01820005625
0.01820005625
0.01820005625
0.01820005625
0.01820005625
0.01820005625
0.01820005625
0.01820005625
0.01820005625
0.01820005625
0.01820005625
0.01820005625
0.01820005625
0.01820005625
0.01820005625
0.01820005625
0.01820005625
0.01820005625
0.01820005625
0.01820005625
0.01820005625
0.01820005625
0.01820005625
0.01820005625
0.01820005625
0.01820005625
0.01820005625
0.01820005625
0.01820005625
0.01820005625
0.01820005625
0.01820005625
0.01820005625
0.01820005625
0.01820005625
0.01820005625
0.01820005625
0.01820005625
0.01820005625
0.01820005625
0.01820005625
0.01820005625
0.01820005625
0.01820005625
0.01820005625
0.01820005625
0.01820005625
0.01820005625
0.01820005625
0.01820005625
0.01820005625
0.01820005625
0.01820005625
0.01820005625
0.01820005625
0.01820005625
0.01820005625
0.01820005625
0.01820005625
0.01820005625
0.01820005625
0.01820005625
0.01820005625
0.01820005625
0.01820005625
0.01820005625
0.01820005625
0.01820005625
0.01820005625
0.01820005625
0.01820005625
0.01820005625
0.01820005625
0.01820005625
0.01820005625
0.01820005625
0.01820005625
0.01820005625
0.01820005625
0.01820005625
0.01820005625
0.01820005625
0.01820005625
0.01820005625
0.01820005625
0.01820005625
0.01820005625
0.01820005626
0.01820005626
0.01820005626
0.01820005626
0.01820005626
0.01820005626
0.01820005626
0.01820005626
0.01820005626
0.01820005626
0.01820005626
0.01820005626
0.01820005626
0.01820005626
0.01820005626
0.01820005626
0.01820005626
0.01820005626
0.01820005626
0.01820005626
0.01820005626
0.01820005626
0.01820005626
0.01820005626
0.01820005626
0.01820005626
0.01820005626
0.01820005626
0.01820005626
0.01820005626
0.01820005626
0.01820005626
0.01820005626
0.01820005626
0.01820005626
0.01820005626
0.01820005626
0.1371961726
0.1354881114
0.1354883108
0.1355039758
0.1354787456
0.135393448
0.135226191
0.1349375072
0.1343268574
0.1315147678
0.1150059964
0.06698967539
0.01822161126
0.01820021921
0.01820005658
0.01820005626
0.01820005625
0.01820005625
0.01820005625
0.01820005625
0.01820005625
0.01820005625
0.01820005625
0.01820005625
0.01820005625
0.01820005625
0.01820005625
0.01820005625
0.01820005625
0.01820005625
0.01820005625
0.01820005625
0.01820005625
0.01820005625
0.01820005625
0.01820005625
0.01820005625
0.01820005625
0.01820005625
0.01820005625
0.01820005625
0.01820005625
0.01820005625
0.01820005625
0.01820005625
0.01820005625
0.01820005625
0.01820005625
0.01820005625
0.01820005625
0.01820005625
0.01820005625
0.01820005625
0.01820005625
0.01820005625
0.01820005625
0.01820005625
0.01820005625
0.01820005625
0.01820005625
0.01820005625
0.01820005625
0.01820005625
0.01820005625
0.01820005625
0.01820005625
0.01820005625
0.01820005625
0.01820005625
0.01820005625
0.01820005625
0.01820005625
0.01820005625
0.01820005625
0.01820005625
0.01820005625
0.01820005625
0.01820005625
0.01820005625
0.01820005625
0.01820005625
0.01820005625
0.01820005625
0.01820005625
0.01820005625
0.01820005625
0.01820005625
0.01820005625
0.01820005625
0.01820005625
0.01820005625
0.01820005625
0.01820005625
0.01820005625
0.01820005625
0.01820005625
0.01820005625
0.01820005625
0.01820005625
0.01820005625
0.01820005625
0.01820005625
0.01820005625
0.01820005625
0.01820005625
0.01820005625
0.01820005625
0.01820005625
0.01820005625
0.01820005625
0.01820005625
0.01820005625
0.01820005625
0.01820005625
0.01820005625
0.01820005625
0.01820005625
0.01820005625
0.01820005625
0.01820005625
0.01820005625
0.01820005625
0.01820005625
0.01820005625
0.01820005625
0.01820005625
0.01820005625
0.01820005625
0.01820005625
0.01820005625
0.01820005625
0.01820005625
0.01820005625
0.01820005625
0.01820005625
0.01820005625
0.01820005625
0.01820005625
0.01820005625
0.01820005625
0.01820005625
0.01820005625
0.01820005625
0.01820005625
0.01820005625
0.01820005625
0.01820005625
0.01820005625
0.01820005625
0.01820005625
0.01820005625
0.01820005625
0.01820005625
0.01820005625
0.01820005625
0.01820005625
0.01820005625
0.01820005625
0.01820005625
0.01820005625
0.01820005625
0.01820005625
0.01820005626
0.01820005626
0.01820005626
0.01820005626
0.01820005626
0.01820005626
0.01820005626
0.01820005626
0.01820005626
0.01820005626
0.01820005626
0.01820005626
0.01820005626
0.01820005626
0.01820005626
0.01820005626
0.01820005626
0.01820005626
0.01820005626
0.01820005626
0.01820005626
0.01820005626
0.01820005626
0.01820005626
0.01820005626
0.01820005626
0.01820005626
0.01820005626
0.01820005626
0.01820005626
0.01820005626
0.01820005626
0.01820005626
0.01820005626
0.01820005626
0.01820005626
0.01820005626
0.01820005626
0.1369209526
0.1352358722
0.1352519975
0.135287106
0.1352852869
0.1352276037
0.1350924405
0.134840994
0.13427904
0.1315951237
0.1155542202
0.06811063074
0.01822191592
0.01820022138
0.01820005658
0.01820005626
0.01820005625
0.01820005625
0.01820005625
0.01820005625
0.01820005625
0.01820005625
0.01820005625
0.01820005625
0.01820005625
0.01820005625
0.01820005625
0.01820005625
0.01820005625
0.01820005625
0.01820005625
0.01820005625
0.01820005625
0.01820005625
0.01820005625
0.01820005625
0.01820005625
0.01820005625
0.01820005625
0.01820005625
0.01820005625
0.01820005625
0.01820005625
0.01820005625
0.01820005625
0.01820005625
0.01820005625
0.01820005625
0.01820005625
0.01820005625
0.01820005625
0.01820005625
0.01820005625
0.01820005625
0.01820005625
0.01820005625
0.01820005625
0.01820005625
0.01820005625
0.01820005625
0.01820005625
0.01820005625
0.01820005625
0.01820005625
0.01820005625
0.01820005625
0.01820005625
0.01820005625
0.01820005625
0.01820005625
0.01820005625
0.01820005625
0.01820005625
0.01820005625
0.01820005625
0.01820005625
0.01820005625
0.01820005625
0.01820005625
0.01820005625
0.01820005625
0.01820005625
0.01820005625
0.01820005625
0.01820005625
0.01820005625
0.01820005625
0.01820005625
0.01820005625
0.01820005625
0.01820005625
0.01820005625
0.01820005625
0.01820005625
0.01820005625
0.01820005625
0.01820005625
0.01820005625
0.01820005625
0.01820005625
0.01820005625
0.01820005625
0.01820005625
0.01820005625
0.01820005625
0.01820005625
0.01820005625
0.01820005625
0.01820005625
0.01820005625
0.01820005625
0.01820005625
0.01820005625
0.01820005625
0.01820005625
0.01820005625
0.01820005625
0.01820005625
0.01820005625
0.01820005625
0.01820005625
0.01820005625
0.01820005625
0.01820005625
0.01820005625
0.01820005625
0.01820005625
0.01820005625
0.01820005625
0.01820005625
0.01820005625
0.01820005625
0.01820005625
0.01820005625
0.01820005625
0.01820005625
0.01820005625
0.01820005625
0.01820005625
0.01820005625
0.01820005625
0.01820005625
0.01820005625
0.01820005625
0.01820005625
0.01820005625
0.01820005625
0.01820005625
0.01820005625
0.01820005625
0.01820005625
0.01820005625
0.01820005625
0.01820005625
0.01820005625
0.01820005625
0.01820005625
0.01820005625
0.01820005625
0.01820005625
0.01820005625
0.01820005625
0.01820005626
0.01820005626
0.01820005626
0.01820005626
0.01820005626
0.01820005626
0.01820005626
0.01820005626
0.01820005626
0.01820005626
0.01820005626
0.01820005626
0.01820005626
0.01820005626
0.01820005626
0.01820005626
0.01820005626
0.01820005626
0.01820005626
0.01820005626
0.01820005626
0.01820005626
0.01820005626
0.01820005626
0.01820005626
0.01820005626
0.01820005626
0.01820005626
0.01820005626
0.01820005626
0.01820005626
0.01820005626
0.01820005626
0.01820005626
0.01820005626
0.01820005626
0.01820005626
0.01820005626
0.1366391047
0.1349771384
0.1350094009
0.135064218
0.1350861934
0.1350567564
0.1349547967
0.1347425056
0.1342322337
0.1316800027
0.1161149613
0.0692698628
0.01822222525
0.01820022358
0.01820005659
0.01820005626
0.01820005625
0.01820005625
0.01820005625
0.01820005625
0.01820005625
0.01820005625
0.01820005625
0.01820005625
0.01820005625
0.01820005625
0.01820005625
0.01820005625
0.01820005625
0.01820005625
0.01820005625
0.01820005625
0.01820005625
0.01820005625
0.01820005625
0.01820005625
0.01820005625
0.01820005625
0.01820005625
0.01820005625
0.01820005625
0.01820005625
0.01820005625
0.01820005625
0.01820005625
0.01820005625
0.01820005625
0.01820005625
0.01820005625
0.01820005625
0.01820005625
0.01820005625
0.01820005625
0.01820005625
0.01820005625
0.01820005625
0.01820005625
0.01820005625
0.01820005625
0.01820005625
0.01820005625
0.01820005625
0.01820005625
0.01820005625
0.01820005625
0.01820005625
0.01820005625
0.01820005625
0.01820005625
0.01820005625
0.01820005625
0.01820005625
0.01820005625
0.01820005625
0.01820005625
0.01820005625
0.01820005625
0.01820005625
0.01820005625
0.01820005625
0.01820005625
0.01820005625
0.01820005625
0.01820005625
0.01820005625
0.01820005625
0.01820005625
0.01820005625
0.01820005625
0.01820005625
0.01820005625
0.01820005625
0.01820005625
0.01820005625
0.01820005625
0.01820005625
0.01820005625
0.01820005625
0.01820005625
0.01820005625
0.01820005625
0.01820005625
0.01820005625
0.01820005625
0.01820005625
0.01820005625
0.01820005625
0.01820005625
0.01820005625
0.01820005625
0.01820005625
0.01820005625
0.01820005625
0.01820005625
0.01820005625
0.01820005625
0.01820005625
0.01820005625
0.01820005625
0.01820005625
0.01820005625
0.01820005625
0.01820005625
0.01820005625
0.01820005625
0.01820005625
0.01820005625
0.01820005625
0.01820005625
0.01820005625
0.01820005625
0.01820005625
0.01820005625
0.01820005625
0.01820005625
0.01820005625
0.01820005625
0.01820005625
0.01820005625
0.01820005625
0.01820005625
0.01820005625
0.01820005625
0.01820005625
0.01820005625
0.01820005625
0.01820005625
0.01820005625
0.01820005625
0.01820005625
0.01820005625
0.01820005625
0.01820005625
0.01820005625
0.01820005625
0.01820005625
0.01820005625
0.01820005625
0.01820005625
0.01820005625
0.01820005625
0.01820005626
0.01820005626
0.01820005626
0.01820005626
0.01820005626
0.01820005626
0.01820005626
0.01820005626
0.01820005626
0.01820005626
0.01820005626
0.01820005626
0.01820005626
0.01820005626
0.01820005626
0.01820005626
0.01820005626
0.01820005626
0.01820005626
0.01820005626
0.01820005626
0.01820005626
0.01820005626
0.01820005626
0.01820005626
0.01820005626
0.01820005626
0.01820005626
0.01820005626
0.01820005626
0.01820005626
0.01820005626
0.01820005626
0.01820005626
0.01820005626
0.01820005626
0.01820005626
0.01820005626
0.01820005626
0.1363502923
0.1347115631
0.1347600945
0.1348347415
0.1348806677
0.134879791
0.1348117841
0.134640366
0.1341852188
0.1317701118
0.1166920576
0.07047219309
0.01822254098
0.01820022582
0.01820005659
0.01820005626
0.01820005625
0.01820005625
0.01820005625
0.01820005625
0.01820005625
0.01820005625
0.01820005625
0.01820005625
0.01820005625
0.01820005625
0.01820005625
0.01820005625
0.01820005625
0.01820005625
0.01820005625
0.01820005625
0.01820005625
0.01820005625
0.01820005625
0.01820005625
0.01820005625
0.01820005625
0.01820005625
0.01820005625
0.01820005625
0.01820005625
0.01820005625
0.01820005625
0.01820005625
0.01820005625
0.01820005625
0.01820005625
0.01820005625
0.01820005625
0.01820005625
0.01820005625
0.01820005625
0.01820005625
0.01820005625
0.01820005625
0.01820005625
0.01820005625
0.01820005625
0.01820005625
0.01820005625
0.01820005625
0.01820005625
0.01820005625
0.01820005625
0.01820005625
0.01820005625
0.01820005625
0.01820005625
0.01820005625
0.01820005625
0.01820005625
0.01820005625
0.01820005625
0.01820005625
0.01820005625
0.01820005625
0.01820005625
0.01820005625
0.01820005625
0.01820005625
0.01820005625
0.01820005625
0.01820005625
0.01820005625
0.01820005625
0.01820005625
0.01820005625
0.01820005625
0.01820005625
0.01820005625
0.01820005625
0.01820005625
0.01820005625
0.01820005625
0.01820005625
0.01820005625
0.01820005625
0.01820005625
0.01820005625
0.01820005625
0.01820005625
0.01820005625
0.01820005625
0.01820005625
0.01820005625
0.01820005625
0.01820005625
0.01820005625
0.01820005625
0.01820005625
0.01820005625
0.01820005625
0.01820005625
0.01820005625
0.01820005625
0.01820005625
0.01820005625
0.01820005625
0.01820005625
0.01820005625
0.01820005625
0.01820005625
0.01820005625
0.01820005625
0.01820005625
0.01820005625
0.01820005625
0.01820005625
0.01820005625
0.01820005625
0.01820005625
0.01820005625
0.01820005625
0.01820005625
0.01820005625
0.01820005625
0.01820005625
0.01820005625
0.01820005625
0.01820005625
0.01820005625
0.01820005625
0.01820005625
0.01820005625
0.01820005625
0.01820005625
0.01820005625
0.01820005625
0.01820005625
0.01820005625
0.01820005625
0.01820005625
0.01820005625
0.01820005625
0.01820005625
0.01820005625
0.01820005625
0.01820005625
0.01820005625
0.01820005625
0.01820005626
0.01820005626
0.01820005626
0.01820005626
0.01820005626
0.01820005626
0.01820005626
0.01820005626
0.01820005626
0.01820005626
0.01820005626
0.01820005626
0.01820005626
0.01820005626
0.01820005626
0.01820005626
0.01820005626
0.01820005626
0.01820005626
0.01820005626
0.01820005626
0.01820005626
0.01820005626
0.01820005626
0.01820005626
0.01820005626
0.01820005626
0.01820005626
0.01820005626
0.01820005626
0.01820005626
0.01820005626
0.01820005626
0.01820005626
0.01820005626
0.01820005626
0.01820005626
0.01820005626
0.01820005626
0.136054175
0.1344388101
0.1345036429
0.1345980485
0.1346677392
0.1346951609
0.1346609722
0.1345310297
0.134133723
0.1318627337
0.1172884476
0.07172151073
0.01822274752
0.01820023447
0.0182000566
0.01820005626
0.01820005625
0.01820005625
0.01820005625
0.01820005625
0.01820005625
0.01820005625
0.01820005625
0.01820005625
0.01820005625
0.01820005625
0.01820005625
0.01820005625
0.01820005625
0.01820005625
0.01820005625
0.01820005625
0.01820005625
0.01820005625
0.01820005625
0.01820005625
0.01820005625
0.01820005625
0.01820005625
0.01820005625
0.01820005625
0.01820005625
0.01820005625
0.01820005625
0.01820005625
0.01820005625
0.01820005625
0.01820005625
0.01820005625
0.01820005625
0.01820005625
0.01820005625
0.01820005625
0.01820005625
0.01820005625
0.01820005625
0.01820005625
0.01820005625
0.01820005625
0.01820005625
0.01820005625
0.01820005625
0.01820005625
0.01820005625
0.01820005625
0.01820005625
0.01820005625
0.01820005625
0.01820005625
0.01820005625
0.01820005625
0.01820005625
0.01820005625
0.01820005625
0.01820005625
0.01820005625
0.01820005625
0.01820005625
0.01820005625
0.01820005625
0.01820005625
0.01820005625
0.01820005625
0.01820005625
0.01820005625
0.01820005625
0.01820005625
0.01820005625
0.01820005625
0.01820005625
0.01820005625
0.01820005625
0.01820005625
0.01820005625
0.01820005625
0.01820005625
0.01820005625
0.01820005625
0.01820005625
0.01820005625
0.01820005625
0.01820005625
0.01820005625
0.01820005625
0.01820005625
0.01820005625
0.01820005625
0.01820005625
0.01820005625
0.01820005625
0.01820005625
0.01820005625
0.01820005625
0.01820005625
0.01820005625
0.01820005625
0.01820005625
0.01820005625
0.01820005625
0.01820005625
0.01820005625
0.01820005625
0.01820005625
0.01820005625
0.01820005625
0.01820005625
0.01820005625
0.01820005625
0.01820005625
0.01820005625
0.01820005625
0.01820005625
0.01820005625
0.01820005625
0.01820005625
0.01820005625
0.01820005625
0.01820005625
0.01820005625
0.01820005625
0.01820005625
0.01820005625
0.01820005625
0.01820005625
0.01820005625
0.01820005625
0.01820005625
0.01820005625
0.01820005625
0.01820005625
0.01820005625
0.01820005625
0.01820005625
0.01820005625
0.01820005625
0.01820005625
0.01820005625
0.01820005625
0.01820005625
0.01820005625
0.01820005625
0.01820005625
0.01820005626
0.01820005626
0.01820005626
0.01820005626
0.01820005626
0.01820005626
0.01820005626
0.01820005626
0.01820005626
0.01820005626
0.01820005626
0.01820005626
0.01820005626
0.01820005626
0.01820005626
0.01820005626
0.01820005626
0.01820005626
0.01820005626
0.01820005626
0.01820005626
0.01820005626
0.01820005626
0.01820005626
0.01820005626
0.01820005626
0.01820005626
0.01820005626
0.01820005626
0.01820005626
0.01820005626
0.01820005626
0.01820005626
0.01820005626
0.01820005626
0.01820005626
0.01820005626
0.01820005626
0.1357504286
0.1341585814
0.1342396431
0.1343535167
0.1344463487
0.1345009412
0.1344987539
0.1344077789
0.1340658228
0.1319386318
0.117872332
0.0729143658
0.01871656679
0.01820039181
0.01820005814
0.01820005626
0.01820005625
0.01820005625
0.01820005625
0.01820005625
0.01820005625
0.01820005625
0.01820005625
0.01820005625
0.01820005625
0.01820005625
0.01820005625
0.01820005625
0.01820005625
0.01820005625
0.01820005625
0.01820005625
0.01820005625
0.01820005625
0.01820005625
0.01820005625
0.01820005625
0.01820005625
0.01820005625
0.01820005625
0.01820005625
0.01820005625
0.01820005625
0.01820005625
0.01820005625
0.01820005625
0.01820005625
0.01820005625
0.01820005625
0.01820005625
0.01820005625
0.01820005625
0.01820005625
0.01820005625
0.01820005625
0.01820005625
0.01820005625
0.01820005625
0.01820005625
0.01820005625
0.01820005625
0.01820005625
0.01820005625
0.01820005625
0.01820005625
0.01820005625
0.01820005625
0.01820005625
0.01820005625
0.01820005625
0.01820005625
0.01820005625
0.01820005625
0.01820005625
0.01820005625
0.01820005625
0.01820005625
0.01820005625
0.01820005625
0.01820005625
0.01820005625
0.01820005625
0.01820005625
0.01820005625
0.01820005625
0.01820005625
0.01820005625
0.01820005625
0.01820005625
0.01820005625
0.01820005625
0.01820005625
0.01820005625
0.01820005625
0.01820005625
0.01820005625
0.01820005625
0.01820005625
0.01820005625
0.01820005625
0.01820005625
0.01820005625
0.01820005625
0.01820005625
0.01820005625
0.01820005625
0.01820005625
0.01820005625
0.01820005625
0.01820005625
0.01820005625
0.01820005625
0.01820005625
0.01820005625
0.01820005625
0.01820005625
0.01820005625
0.01820005625
0.01820005625
0.01820005625
0.01820005625
0.01820005625
0.01820005625
0.01820005625
0.01820005625
0.01820005625
0.01820005625
0.01820005625
0.01820005625
0.01820005625
0.01820005625
0.01820005625
0.01820005625
0.01820005625
0.01820005625
0.01820005625
0.01820005625
0.01820005625
0.01820005625
0.01820005625
0.01820005625
0.01820005625
0.01820005625
0.01820005625
0.01820005625
0.01820005625
0.01820005625
0.01820005625
0.01820005625
0.01820005625
0.01820005625
0.01820005625
0.01820005625
0.01820005625
0.01820005625
0.01820005625
0.01820005625
0.01820005625
0.01820005625
0.01820005625
0.01820005625
0.01820005625
0.01820005626
0.01820005626
0.01820005626
0.01820005626
0.01820005626
0.01820005626
0.01820005626
0.01820005626
0.01820005626
0.01820005626
0.01820005626
0.01820005626
0.01820005626
0.01820005626
0.01820005626
0.01820005626
0.01820005626
0.01820005626
0.01820005626
0.01820005626
0.01820005626
0.01820005626
0.01820005626
0.01820005626
0.01820005626
0.01820005626
0.01820005626
0.01820005626
0.01820005626
0.01820005626
0.01820005626
0.01820005626
0.01820005626
0.01820005626
0.01820005626
0.01820005626
0.01820005626
0.01820005626
0.1354387682
0.1338706471
0.1339677799
0.1341006447
0.1342155923
0.1342953172
0.1343211694
0.1342614908
0.1339600566
0.1319490729
0.1183574263
0.07404201759
0.01937636383
0.01820065668
0.01820006126
0.01820005626
0.01820005625
0.01820005625
0.01820005625
0.01820005625
0.01820005625
0.01820005625
0.01820005625
0.01820005625
0.01820005625
0.01820005625
0.01820005625
0.01820005625
0.01820005625
0.01820005625
0.01820005625
0.01820005625
0.01820005625
0.01820005625
0.01820005625
0.01820005625
0.01820005625
0.01820005625
0.01820005625
0.01820005625
0.01820005625
0.01820005625
0.01820005625
0.01820005625
0.01820005625
0.01820005625
0.01820005625
0.01820005625
0.01820005625
0.01820005625
0.01820005625
0.01820005625
0.01820005625
0.01820005625
0.01820005625
0.01820005625
0.01820005625
0.01820005625
0.01820005625
0.01820005625
0.01820005625
0.01820005625
0.01820005625
0.01820005625
0.01820005625
0.01820005625
0.01820005625
0.01820005625
0.01820005625
0.01820005625
0.01820005625
0.01820005625
0.01820005625
0.01820005625
0.01820005625
0.01820005625
0.01820005625
0.01820005625
0.01820005625
0.01820005625
0.01820005625
0.01820005625
0.01820005625
0.01820005625
0.01820005625
0.01820005625
0.01820005625
0.01820005625
0.01820005625
0.01820005625
0.01820005625
0.01820005625
0.01820005625
0.01820005625
0.01820005625
0.01820005625
0.01820005625
0.01820005625
0.01820005625
0.01820005625
0.01820005625
0.01820005625
0.01820005625
0.01820005625
0.01820005625
0.01820005625
0.01820005625
0.01820005625
0.01820005625
0.01820005625
0.01820005625
0.01820005625
0.01820005625
0.01820005625
0.01820005625
0.01820005625
0.01820005625
0.01820005625
0.01820005625
0.01820005625
0.01820005625
0.01820005625
0.01820005625
0.01820005625
0.01820005625
0.01820005625
0.01820005625
0.01820005625
0.01820005625
0.01820005625
0.01820005625
0.01820005625
0.01820005625
0.01820005625
0.01820005625
0.01820005625
0.01820005625
0.01820005625
0.01820005625
0.01820005625
0.01820005625
0.01820005625
0.01820005625
0.01820005625
0.01820005625
0.01820005625
0.01820005625
0.01820005625
0.01820005625
0.01820005625
0.01820005625
0.01820005625
0.01820005625
0.01820005625
0.01820005625
0.01820005625
0.01820005625
0.01820005625
0.01820005625
0.01820005625
0.01820005625
0.01820005625
0.01820005625
0.01820005625
0.01820005626
0.01820005626
0.01820005626
0.01820005626
0.01820005626
0.01820005626
0.01820005626
0.01820005626
0.01820005626
0.01820005626
0.01820005626
0.01820005626
0.01820005626
0.01820005626
0.01820005626
0.01820005626
0.01820005626
0.01820005626
0.01820005626
0.01820005626
0.01820005626
0.01820005626
0.01820005626
0.01820005626
0.01820005626
0.01820005626
0.01820005626
0.01820005626
0.01820005626
0.01820005626
0.01820005626
0.01820005626
0.01820005626
0.01820005626
0.01820005626
0.01820005626
0.1351189659
0.1335748668
0.1336878733
0.1338391821
0.1339751094
0.1340777715
0.134127525
0.1340914564
0.1338166112
0.1318985588
0.1187637435
0.0751578087
0.02015092364
0.01820099316
0.01820006552
0.01820005626
0.01820005625
0.01820005625
0.01820005625
0.01820005625
0.01820005625
0.01820005625
0.01820005625
0.01820005625
0.01820005625
0.01820005625
0.01820005625
0.01820005625
0.01820005625
0.01820005625
0.01820005625
0.01820005625
0.01820005625
0.01820005625
0.01820005625
0.01820005625
0.01820005625
0.01820005625
0.01820005625
0.01820005625
0.01820005625
0.01820005625
0.01820005625
0.01820005625
0.01820005625
0.01820005625
0.01820005625
0.01820005625
0.01820005625
0.01820005625
0.01820005625
0.01820005625
0.01820005625
0.01820005625
0.01820005625
0.01820005625
0.01820005625
0.01820005625
0.01820005625
0.01820005625
0.01820005625
0.01820005625
0.01820005625
0.01820005625
0.01820005625
0.01820005625
0.01820005625
0.01820005625
0.01820005625
0.01820005625
0.01820005625
0.01820005625
0.01820005625
0.01820005625
0.01820005625
0.01820005625
0.01820005625
0.01820005625
0.01820005625
0.01820005625
0.01820005625
0.01820005625
0.01820005625
0.01820005625
0.01820005625
0.01820005625
0.01820005625
0.01820005625
0.01820005625
0.01820005625
0.01820005625
0.01820005625
0.01820005625
0.01820005625
0.01820005625
0.01820005625
0.01820005625
0.01820005625
0.01820005625
0.01820005625
0.01820005625
0.01820005625
0.01820005625
0.01820005625
0.01820005625
0.01820005625
0.01820005625
0.01820005625
0.01820005625
0.01820005625
0.01820005625
0.01820005625
0.01820005625
0.01820005625
0.01820005625
0.01820005625
0.01820005625
0.01820005625
0.01820005625
0.01820005625
0.01820005625
0.01820005625
0.01820005625
0.01820005625
0.01820005625
0.01820005625
0.01820005625
0.01820005625
0.01820005625
0.01820005625
0.01820005625
0.01820005625
0.01820005625
0.01820005625
0.01820005625
0.01820005625
0.01820005625
0.01820005625
0.01820005625
0.01820005625
0.01820005625
0.01820005625
0.01820005625
0.01820005625
0.01820005625
0.01820005625
0.01820005625
0.01820005625
0.01820005625
0.01820005625
0.01820005625
0.01820005625
0.01820005625
0.01820005625
0.01820005625
0.01820005625
0.01820005625
0.01820005625
0.01820005625
0.01820005625
0.01820005625
0.01820005625
0.01820005625
0.01820005625
0.01820005625
0.01820005625
0.01820005626
0.01820005626
0.01820005626
0.01820005626
0.01820005626
0.01820005626
0.01820005626
0.01820005626
0.01820005626
0.01820005626
0.01820005626
0.01820005626
0.01820005626
0.01820005626
0.01820005626
0.01820005626
0.01820005626
0.01820005626
0.01820005626
0.01820005626
0.01820005626
0.01820005626
0.01820005626
0.01820005626
0.01820005626
0.01820005626
0.01820005626
0.01820005626
0.01820005626
0.01820005626
0.01820005626
0.01820005626
0.01820005626
0.01820005626
0.1347908585
0.1332711848
0.1333998599
0.1335690684
0.1337248968
0.1338485291
0.1339187578
0.1339005961
0.1336434707
0.1318061578
0.1191272806
0.07629841318
0.021015232
0.01820138879
0.01820007047
0.01820005627
0.01820005625
0.01820005625
0.01820005625
0.01820005625
0.01820005625
0.01820005625
0.01820005625
0.01820005625
0.01820005625
0.01820005625
0.01820005625
0.01820005625
0.01820005625
0.01820005625
0.01820005625
0.01820005625
0.01820005625
0.01820005625
0.01820005625
0.01820005625
0.01820005625
0.01820005625
0.01820005625
0.01820005625
0.01820005625
0.01820005625
0.01820005625
0.01820005625
0.01820005625
0.01820005625
0.01820005625
0.01820005625
0.01820005625
0.01820005625
0.01820005625
0.01820005625
0.01820005625
0.01820005625
0.01820005625
0.01820005625
0.01820005625
0.01820005625
0.01820005625
0.01820005625
0.01820005625
0.01820005625
0.01820005625
0.01820005625
0.01820005625
0.01820005625
0.01820005625
0.01820005625
0.01820005625
0.01820005625
0.01820005625
0.01820005625
0.01820005625
0.01820005625
0.01820005625
0.01820005625
0.01820005625
0.01820005625
0.01820005625
0.01820005625
0.01820005625
0.01820005625
0.01820005625
0.01820005625
0.01820005625
0.01820005625
0.01820005625
0.01820005625
0.01820005625
0.01820005625
0.01820005625
0.01820005625
0.01820005625
0.01820005625
0.01820005625
0.01820005625
0.01820005625
0.01820005625
0.01820005625
0.01820005625
0.01820005625
0.01820005625
0.01820005625
0.01820005625
0.01820005625
0.01820005625
0.01820005625
0.01820005625
0.01820005625
0.01820005625
0.01820005625
0.01820005625
0.01820005625
0.01820005625
0.01820005625
0.01820005625
0.01820005625
0.01820005625
0.01820005625
0.01820005625
0.01820005625
0.01820005625
0.01820005625
0.01820005625
0.01820005625
0.01820005625
0.01820005625
0.01820005625
0.01820005625
0.01820005625
0.01820005625
0.01820005625
0.01820005625
0.01820005625
0.01820005625
0.01820005625
0.01820005625
0.01820005625
0.01820005625
0.01820005625
0.01820005625
0.01820005625
0.01820005625
0.01820005625
0.01820005625
0.01820005625
0.01820005625
0.01820005625
0.01820005625
0.01820005625
0.01820005625
0.01820005625
0.01820005625
0.01820005625
0.01820005625
0.01820005625
0.01820005625
0.01820005625
0.01820005625
0.01820005625
0.01820005625
0.01820005625
0.01820005625
0.01820005625
0.01820005625
0.01820005625
0.01820005626
0.01820005626
0.01820005626
0.01820005626
0.01820005626
0.01820005626
0.01820005626
0.01820005626
0.01820005626
0.01820005626
0.01820005626
0.01820005626
0.01820005626
0.01820005626
0.01820005626
0.01820005626
0.01820005626
0.01820005626
0.01820005626
0.01820005626
0.01820005626
0.01820005626
0.01820005626
0.01820005626
0.01820005626
0.01820005626
0.01820005626
0.01820005626
0.01820005626
0.01820005626
0.01820005626
0.01820005626
0.01820005626
0.01820005626
0.1344543501
0.13295962
0.1331037686
0.1332903711
0.1334651477
0.1336081357
0.1336963174
0.13369251
0.1334488777
0.1316881
0.1194705442
0.07747159021
0.02194790736
0.01820183932
0.01820007582
0.01820005628
0.01820005625
0.01820005625
0.01820005625
0.01820005625
0.01820005625
0.01820005625
0.01820005625
0.01820005625
0.01820005625
0.01820005625
0.01820005625
0.01820005625
0.01820005625
0.01820005625
0.01820005625
0.01820005625
0.01820005625
0.01820005625
0.01820005625
0.01820005625
0.01820005625
0.01820005625
0.01820005625
0.01820005625
0.01820005625
0.01820005625
0.01820005625
0.01820005625
0.01820005625
0.01820005625
0.01820005625
0.01820005625
0.01820005625
0.01820005625
0.01820005625
0.01820005625
0.01820005625
0.01820005625
0.01820005625
0.01820005625
0.01820005625
0.01820005625
0.01820005625
0.01820005625
0.01820005625
0.01820005625
0.01820005625
0.01820005625
0.01820005625
0.01820005625
0.01820005625
0.01820005625
0.01820005625
0.01820005625
0.01820005625
0.01820005625
0.01820005625
0.01820005625
0.01820005625
0.01820005625
0.01820005625
0.01820005625
0.01820005625
0.01820005625
0.01820005625
0.01820005625
0.01820005625
0.01820005625
0.01820005625
0.01820005625
0.01820005625
0.01820005625
0.01820005625
0.01820005625
0.01820005625
0.01820005625
0.01820005625
0.01820005625
0.01820005625
0.01820005625
0.01820005625
0.01820005625
0.01820005625
0.01820005625
0.01820005625
0.01820005625
0.01820005625
0.01820005625
0.01820005625
0.01820005625
0.01820005625
0.01820005625
0.01820005625
0.01820005625
0.01820005625
0.01820005625
0.01820005625
0.01820005625
0.01820005625
0.01820005625
0.01820005625
0.01820005625
0.01820005625
0.01820005625
0.01820005625
0.01820005625
0.01820005625
0.01820005625
0.01820005625
0.01820005625
0.01820005625
0.01820005625
0.01820005625
0.01820005625
0.01820005625
0.01820005625
0.01820005625
0.01820005625
0.01820005625
0.01820005625
0.01820005625
0.01820005625
0.01820005625
0.01820005625
0.01820005625
0.01820005625
0.01820005625
0.01820005625
0.01820005625
0.01820005625
0.01820005625
0.01820005625
0.01820005625
0.01820005625
0.01820005625
0.01820005625
0.01820005625
0.01820005625
0.01820005625
0.01820005625
0.01820005625
0.01820005625
0.01820005625
0.01820005625
0.01820005625
0.01820005625
0.01820005625
0.01820005625
0.01820005626
0.01820005626
0.01820005626
0.01820005626
0.01820005626
0.01820005626
0.01820005626
0.01820005626
0.01820005626
0.01820005626
0.01820005626
0.01820005626
0.01820005626
0.01820005626
0.01820005626
0.01820005626
0.01820005626
0.01820005626
0.01820005626
0.01820005626
0.01820005626
0.01820005626
0.01820005626
0.01820005626
0.01820005626
0.01820005626
0.01820005626
0.01820005626
0.01820005626
0.01820005626
0.01820005626
0.01820005626
0.01820005626
0.01820005626
0.01820005626
0.01820005626
0.1341094135
0.1326402569
0.1327997044
0.1330032544
0.1331961854
0.133357304
0.1334618033
0.1334706523
0.1332396861
0.131555726
0.1198046314
0.07867194859
0.02293374767
0.01820234079
0.01820008136
0.01820005628
0.01820005625
0.01820005625
0.01820005625
0.01820005625
0.01820005625
0.01820005625
0.01820005625
0.01820005625
0.01820005625
0.01820005625
0.01820005625
0.01820005625
0.01820005625
0.01820005625
0.01820005625
0.01820005625
0.01820005625
0.01820005625
0.01820005625
0.01820005625
0.01820005625
0.01820005625
0.01820005625
0.01820005625
0.01820005625
0.01820005625
0.01820005625
0.01820005625
0.01820005625
0.01820005625
0.01820005625
0.01820005625
0.01820005625
0.01820005625
0.01820005625
0.01820005625
0.01820005625
0.01820005625
0.01820005625
0.01820005625
0.01820005625
0.01820005625
0.01820005625
0.01820005625
0.01820005625
0.01820005625
0.01820005625
0.01820005625
0.01820005625
0.01820005625
0.01820005625
0.01820005625
0.01820005625
0.01820005625
0.01820005625
0.01820005625
0.01820005625
0.01820005625
0.01820005625
0.01820005625
0.01820005625
0.01820005625
0.01820005625
0.01820005625
0.01820005625
0.01820005625
0.01820005625
0.01820005625
0.01820005625
0.01820005625
0.01820005625
0.01820005625
0.01820005625
0.01820005625
0.01820005625
0.01820005625
0.01820005625
0.01820005625
0.01820005625
0.01820005625
0.01820005625
0.01820005625
0.01820005625
0.01820005625
0.01820005625
0.01820005625
0.01820005625
0.01820005625
0.01820005625
0.01820005625
0.01820005625
0.01820005625
0.01820005625
0.01820005625
0.01820005625
0.01820005625
0.01820005625
0.01820005625
0.01820005625
0.01820005625
0.01820005625
0.01820005625
0.01820005625
0.01820005625
0.01820005625
0.01820005625
0.01820005625
0.01820005625
0.01820005625
0.01820005625
0.01820005625
0.01820005625
0.01820005625
0.01820005625
0.01820005625
0.01820005625
0.01820005625
0.01820005625
0.01820005625
0.01820005625
0.01820005625
0.01820005625
0.01820005625
0.01820005625
0.01820005625
0.01820005625
0.01820005625
0.01820005625
0.01820005625
0.01820005625
0.01820005625
0.01820005625
0.01820005625
0.01820005625
0.01820005625
0.01820005625
0.01820005625
0.01820005625
0.01820005625
0.01820005625
0.01820005625
0.01820005625
0.01820005625
0.01820005625
0.01820005625
0.01820005625
0.01820005625
0.01820005626
0.01820005626
0.01820005626
0.01820005626
0.01820005626
0.01820005626
0.01820005626
0.01820005626
0.01820005626
0.01820005626
0.01820005626
0.01820005626
0.01820005626
0.01820005626
0.01820005626
0.01820005626
0.01820005626
0.01820005626
0.01820005626
0.01820005626
0.01820005626
0.01820005626
0.01820005626
0.01820005626
0.01820005626
0.01820005626
0.01820005626
0.01820005626
0.01820005626
0.01820005626
0.01820005626
0.01820005626
0.01820005626
0.01820005626
0.01820005626
0.01820005626
0.01820005626
0.1337560902
0.1323132373
0.1324878373
0.1327079615
0.1329184299
0.1330968471
0.1332168295
0.1332380998
0.1330212035
0.1314164178
0.1201340539
0.07989078624
0.02396325203
0.01820288776
0.018200087
0.01820005629
0.01820005625
0.01820005625
0.01820005625
0.01820005625
0.01820005625
0.01820005625
0.01820005625
0.01820005625
0.01820005625
0.01820005625
0.01820005625
0.01820005625
0.01820005625
0.01820005625
0.01820005625
0.01820005625
0.01820005625
0.01820005625
0.01820005625
0.01820005625
0.01820005625
0.01820005625
0.01820005625
0.01820005625
0.01820005625
0.01820005625
0.01820005625
0.01820005625
0.01820005625
0.01820005625
0.01820005625
0.01820005625
0.01820005625
0.01820005625
0.01820005625
0.01820005625
0.01820005625
0.01820005625
0.01820005625
0.01820005625
0.01820005625
0.01820005625
0.01820005625
0.01820005625
0.01820005625
0.01820005625
0.01820005625
0.01820005625
0.01820005625
0.01820005625
0.01820005625
0.01820005625
0.01820005625
0.01820005625
0.01820005625
0.01820005625
0.01820005625
0.01820005625
0.01820005625
0.01820005625
0.01820005625
0.01820005625
0.01820005625
0.01820005625
0.01820005625
0.01820005625
0.01820005625
0.01820005625
0.01820005625
0.01820005625
0.01820005625
0.01820005625
0.01820005625
0.01820005625
0.01820005625
0.01820005625
0.01820005625
0.01820005625
0.01820005625
0.01820005625
0.01820005625
0.01820005625
0.01820005625
0.01820005625
0.01820005625
0.01820005625
0.01820005625
0.01820005625
0.01820005625
0.01820005625
0.01820005625
0.01820005625
0.01820005625
0.01820005625
0.01820005625
0.01820005625
0.01820005625
0.01820005625
0.01820005625
0.01820005625
0.01820005625
0.01820005625
0.01820005625
0.01820005625
0.01820005625
0.01820005625
0.01820005625
0.01820005625
0.01820005625
0.01820005625
0.01820005625
0.01820005625
0.01820005625
0.01820005625
0.01820005625
0.01820005625
0.01820005625
0.01820005625
0.01820005625
0.01820005625
0.01820005625
0.01820005625
0.01820005625
0.01820005625
0.01820005625
0.01820005625
0.01820005625
0.01820005625
0.01820005625
0.01820005625
0.01820005625
0.01820005625
0.01820005625
0.01820005625
0.01820005625
0.01820005625
0.01820005625
0.01820005625
0.01820005625
0.01820005625
0.01820005625
0.01820005625
0.01820005625
0.01820005625
0.01820005625
0.01820005625
0.01820005626
0.01820005626
0.01820005626
0.01820005626
0.01820005626
0.01820005626
0.01820005626
0.01820005626
0.01820005626
0.01820005626
0.01820005626
0.01820005626
0.01820005626
0.01820005626
0.01820005626
0.01820005626
0.01820005626
0.01820005626
0.01820005626
0.01820005626
0.01820005626
0.01820005626
0.01820005626
0.01820005626
0.01820005626
0.01820005626
0.01820005626
0.01820005626
0.01820005626
0.01820005626
0.01820005626
0.01820005626
0.01820005626
0.01820005626
0.01820005626
0.01820005626
0.01820005626
0.01820005626
0.1333944887
0.1319787525
0.132168393
0.1324048009
0.1326323746
0.132827632
0.1329629441
0.1329974725
0.1327973522
0.13127472
0.1204599283
0.08111995639
0.02503079291
0.01820347385
0.01820009265
0.0182000563
0.01820005625
0.01820005625
0.01820005625
0.01820005625
0.01820005625
0.01820005625
0.01820005625
0.01820005625
0.01820005625
0.01820005625
0.01820005625
0.01820005625
0.01820005625
0.01820005625
0.01820005625
0.01820005625
0.01820005625
0.01820005625
0.01820005625
0.01820005625
0.01820005625
0.01820005625
0.01820005625
0.01820005625
0.01820005625
0.01820005625
0.01820005625
0.01820005625
0.01820005625
0.01820005625
0.01820005625
0.01820005625
0.01820005625
0.01820005625
0.01820005625
0.01820005625
0.01820005625
0.01820005625
0.01820005625
0.01820005625
0.01820005625
0.01820005625
0.01820005625
0.01820005625
0.01820005625
0.01820005625
0.01820005625
0.01820005625
0.01820005625
0.01820005625
0.01820005625
0.01820005625
0.01820005625
0.01820005625
0.01820005625
0.01820005625
0.01820005625
0.01820005625
0.01820005625
0.01820005625
0.01820005625
0.01820005625
0.01820005625
0.01820005625
0.01820005625
0.01820005625
0.01820005625
0.01820005625
0.01820005625
0.01820005625
0.01820005625
0.01820005625
0.01820005625
0.01820005625
0.01820005625
0.01820005625
0.01820005625
0.01820005625
0.01820005625
0.01820005625
0.01820005625
0.01820005625
0.01820005625
0.01820005625
0.01820005625
0.01820005625
0.01820005625
0.01820005625
0.01820005625
0.01820005625
0.01820005625
0.01820005625
0.01820005625
0.01820005625
0.01820005625
0.01820005625
0.01820005625
0.01820005625
0.01820005625
0.01820005625
0.01820005625
0.01820005625
0.01820005625
0.01820005625
0.01820005625
0.01820005625
0.01820005625
0.01820005625
0.01820005625
0.01820005625
0.01820005625
0.01820005625
0.01820005625
0.01820005625
0.01820005625
0.01820005625
0.01820005625
0.01820005625
0.01820005625
0.01820005625
0.01820005625
0.01820005625
0.01820005625
0.01820005625
0.01820005625
0.01820005625
0.01820005625
0.01820005625
0.01820005625
0.01820005625
0.01820005625
0.01820005625
0.01820005625
0.01820005625
0.01820005625
0.01820005625
0.01820005625
0.01820005625
0.01820005625
0.01820005625
0.01820005625
0.01820005625
0.01820005625
0.01820005625
0.01820005625
0.01820005626
0.01820005626
0.01820005626
0.01820005626
0.01820005626
0.01820005626
0.01820005626
0.01820005626
0.01820005626
0.01820005626
0.01820005626
0.01820005626
0.01820005626
0.01820005626
0.01820005626
0.01820005626
0.01820005626
0.01820005626
0.01820005626
0.01820005626
0.01820005626
0.01820005626
0.01820005626
0.01820005626
0.01820005626
0.01820005626
0.01820005626
0.01820005626
0.01820005626
0.01820005626
0.01820005626
0.01820005626
0.01820005626
0.01820005626
0.01820005626
0.01820005626
0.01820005626
0.01820005626
0.01820005626
0.1330247813
0.131637036
0.1318416435
0.1320941332
0.1323385627
0.1325505397
0.1327015741
0.1327509209
0.132570911
0.1311332486
0.1207817861
0.08235293298
0.02613306076
0.01820409255
0.01820009829
0.01820005631
0.01820005625
0.01820005625
0.01820005625
0.01820005625
0.01820005625
0.01820005625
0.01820005625
0.01820005625
0.01820005625
0.01820005625
0.01820005625
0.01820005625
0.01820005625
0.01820005625
0.01820005625
0.01820005625
0.01820005625
0.01820005625
0.01820005625
0.01820005625
0.01820005625
0.01820005625
0.01820005625
0.01820005625
0.01820005625
0.01820005625
0.01820005625
0.01820005625
0.01820005625
0.01820005625
0.01820005625
0.01820005625
0.01820005625
0.01820005625
0.01820005625
0.01820005625
0.01820005625
0.01820005625
0.01820005625
0.01820005625
0.01820005625
0.01820005625
0.01820005625
0.01820005625
0.01820005625
0.01820005625
0.01820005625
0.01820005625
0.01820005625
0.01820005625
0.01820005625
0.01820005625
0.01820005625
0.01820005625
0.01820005625
0.01820005625
0.01820005625
0.01820005625
0.01820005625
0.01820005625
0.01820005625
0.01820005625
0.01820005625
0.01820005625
0.01820005625
0.01820005625
0.01820005625
0.01820005625
0.01820005625
0.01820005625
0.01820005625
0.01820005625
0.01820005625
0.01820005625
0.01820005625
0.01820005625
0.01820005625
0.01820005625
0.01820005625
0.01820005625
0.01820005625
0.01820005625
0.01820005625
0.01820005625
0.01820005625
0.01820005625
0.01820005625
0.01820005625
0.01820005625
0.01820005625
0.01820005625
0.01820005625
0.01820005625
0.01820005625
0.01820005625
0.01820005625
0.01820005625
0.01820005625
0.01820005625
0.01820005625
0.01820005625
0.01820005625
0.01820005625
0.01820005625
0.01820005625
0.01820005625
0.01820005625
0.01820005625
0.01820005625
0.01820005625
0.01820005625
0.01820005625
0.01820005625
0.01820005625
0.01820005625
0.01820005625
0.01820005625
0.01820005625
0.01820005625
0.01820005625
0.01820005625
0.01820005625
0.01820005625
0.01820005625
0.01820005625
0.01820005625
0.01820005625
0.01820005625
0.01820005625
0.01820005625
0.01820005625
0.01820005625
0.01820005625
0.01820005625
0.01820005625
0.01820005625
0.01820005625
0.01820005625
0.01820005625
0.01820005625
0.01820005625
0.01820005625
0.01820005625
0.01820005625
0.01820005626
0.01820005626
0.01820005626
0.01820005626
0.01820005626
0.01820005626
0.01820005626
0.01820005626
0.01820005626
0.01820005626
0.01820005626
0.01820005626
0.01820005626
0.01820005626
0.01820005626
0.01820005626
0.01820005626
0.01820005626
0.01820005626
0.01820005626
0.01820005626
0.01820005626
0.01820005626
0.01820005626
0.01820005626
0.01820005626
0.01820005626
0.01820005626
0.01820005626
0.01820005626
0.01820005626
0.01820005626
0.01820005626
0.01820005626
0.01820005626
0.01820005626
0.01820005626
0.01820005626
0.01820005626
0.01820005626
0.1326471977
0.1312883561
0.1315078979
0.1317763574
0.1320375657
0.1322664317
0.1324339934
0.1325001563
0.1323437691
0.1309933681
0.121098554
0.083584833
0.02726806213
0.01820473771
0.01820010389
0.01820005632
0.01820005625
0.01820005625
0.01820005625
0.01820005625
0.01820005625
0.01820005625
0.01820005625
0.01820005625
0.01820005625
0.01820005625
0.01820005625
0.01820005625
0.01820005625
0.01820005625
0.01820005625
0.01820005625
0.01820005625
0.01820005625
0.01820005625
0.01820005625
0.01820005625
0.01820005625
0.01820005625
0.01820005625
0.01820005625
0.01820005625
0.01820005625
0.01820005625
0.01820005625
0.01820005625
0.01820005625
0.01820005625
0.01820005625
0.01820005625
0.01820005625
0.01820005625
0.01820005625
0.01820005625
0.01820005625
0.01820005625
0.01820005625
0.01820005625
0.01820005625
0.01820005625
0.01820005625
0.01820005625
0.01820005625
0.01820005625
0.01820005625
0.01820005625
0.01820005625
0.01820005625
0.01820005625
0.01820005625
0.01820005625
0.01820005625
0.01820005625
0.01820005625
0.01820005625
0.01820005625
0.01820005625
0.01820005625
0.01820005625
0.01820005625
0.01820005625
0.01820005625
0.01820005625
0.01820005625
0.01820005625
0.01820005625
0.01820005625
0.01820005625
0.01820005625
0.01820005625
0.01820005625
0.01820005625
0.01820005625
0.01820005625
0.01820005625
0.01820005625
0.01820005625
0.01820005625
0.01820005625
0.01820005625
0.01820005625
0.01820005625
0.01820005625
0.01820005625
0.01820005625
0.01820005625
0.01820005625
0.01820005625
0.01820005625
0.01820005625
0.01820005625
0.01820005625
0.01820005625
0.01820005625
0.01820005625
0.01820005625
0.01820005625
0.01820005625
0.01820005625
0.01820005625
0.01820005625
0.01820005625
0.01820005625
0.01820005625
0.01820005625
0.01820005625
0.01820005625
0.01820005625
0.01820005625
0.01820005625
0.01820005625
0.01820005625
0.01820005625
0.01820005625
0.01820005625
0.01820005625
0.01820005625
0.01820005625
0.01820005625
0.01820005625
0.01820005625
0.01820005625
0.01820005625
0.01820005625
0.01820005625
0.01820005625
0.01820005625
0.01820005625
0.01820005625
0.01820005625
0.01820005625
0.01820005625
0.01820005625
0.01820005625
0.01820005625
0.01820005625
0.01820005625
0.01820005625
0.01820005626
0.01820005626
0.01820005626
0.01820005626
0.01820005626
0.01820005626
0.01820005626
0.01820005626
0.01820005626
0.01820005626
0.01820005626
0.01820005626
0.01820005626
0.01820005626
0.01820005626
0.01820005626
0.01820005626
0.01820005626
0.01820005626
0.01820005626
0.01820005626
0.01820005626
0.01820005626
0.01820005626
0.01820005626
0.01820005626
0.01820005626
0.01820005626
0.01820005626
0.01820005626
0.01820005626
0.01820005626
0.01820005626
0.01820005626
0.01820005626
0.01820005626
0.01820005626
0.01820005626
0.01820005626
0.01820005626
0.01820005626
0.01820005626
0.1322620195
0.1309330081
0.1311674934
0.1314518981
0.1317299639
0.1319761262
0.1321613108
0.1322465074
0.1321171582
0.1308556763
0.1214090645
0.08481213821
0.02843453856
0.01820540382
0.01820010944
0.01820005633
0.01820005625
0.01820005625
0.01820005625
0.01820005625
0.01820005625
0.01820005625
0.01820005625
0.01820005625
0.01820005625
0.01820005625
0.01820005625
0.01820005625
0.01820005625
0.01820005625
0.01820005625
0.01820005625
0.01820005625
0.01820005625
0.01820005625
0.01820005625
0.01820005625
0.01820005625
0.01820005625
0.01820005625
0.01820005625
0.01820005625
0.01820005625
0.01820005625
0.01820005625
0.01820005625
0.01820005625
0.01820005625
0.01820005625
0.01820005625
0.01820005625
0.01820005625
0.01820005625
0.01820005625
0.01820005625
0.01820005625
0.01820005625
0.01820005625
0.01820005625
0.01820005625
0.01820005625
0.01820005625
0.01820005625
0.01820005625
0.01820005625
0.01820005625
0.01820005625
0.01820005625
0.01820005625
0.01820005625
0.01820005625
0.01820005625
0.01820005625
0.01820005625
0.01820005625
0.01820005625
0.01820005625
0.01820005625
0.01820005625
0.01820005625
0.01820005625
0.01820005625
0.01820005625
0.01820005625
0.01820005625
0.01820005625
0.01820005625
0.01820005625
0.01820005625
0.01820005625
0.01820005625
0.01820005625
0.01820005625
0.01820005625
0.01820005625
0.01820005625
0.01820005625
0.01820005625
0.01820005625
0.01820005625
0.01820005625
0.01820005625
0.01820005625
0.01820005625
0.01820005625
0.01820005625
0.01820005625
0.01820005625
0.01820005625
0.01820005625
0.01820005625
0.01820005625
0.01820005625
0.01820005625
0.01820005625
0.01820005625
0.01820005625
0.01820005625
0.01820005625
0.01820005625
0.01820005625
0.01820005625
0.01820005625
0.01820005625
0.01820005625
0.01820005625
0.01820005625
0.01820005625
0.01820005625
0.01820005625
0.01820005625
0.01820005625
0.01820005625
0.01820005625
0.01820005625
0.01820005625
0.01820005625
0.01820005625
0.01820005625
0.01820005625
0.01820005625
0.01820005625
0.01820005625
0.01820005625
0.01820005625
0.01820005625
0.01820005625
0.01820005625
0.01820005625
0.01820005625
0.01820005625
0.01820005625
0.01820005625
0.01820005625
0.01820005625
0.01820005625
0.01820005625
0.01820005626
0.01820005626
0.01820005626
0.01820005626
0.01820005626
0.01820005626
0.01820005626
0.01820005626
0.01820005626
0.01820005626
0.01820005626
0.01820005626
0.01820005626
0.01820005626
0.01820005626
0.01820005626
0.01820005626
0.01820005626
0.01820005626
0.01820005626
0.01820005626
0.01820005626
0.01820005626
0.01820005626
0.01820005626
0.01820005626
0.01820005626
0.01820005626
0.01820005626
0.01820005626
0.01820005626
0.01820005626
0.01820005626
0.01820005626
0.01820005626
0.01820005626
0.01820005626
0.01820005626
0.01820005626
0.01820005626
0.01820005626
0.01820005626
0.01820005626
0.1318695711
0.1305713078
0.1308207866
0.1311211935
0.1314163308
0.1316803821
0.1318844732
0.1319909874
0.1318918471
0.1307203348
0.1217123026
0.08603238354
0.02963164884
0.01820608597
0.01820011494
0.01820005634
0.01820005625
0.01820005625
0.01820005625
0.01820005625
0.01820005625
0.01820005625
0.01820005625
0.01820005625
0.01820005625
0.01820005625
0.01820005625
0.01820005625
0.01820005625
0.01820005625
0.01820005625
0.01820005625
0.01820005625
0.01820005625
0.01820005625
0.01820005625
0.01820005625
0.01820005625
0.01820005625
0.01820005625
0.01820005625
0.01820005625
0.01820005625
0.01820005625
0.01820005625
0.01820005625
0.01820005625
0.01820005625
0.01820005625
0.01820005625
0.01820005625
0.01820005625
0.01820005625
0.01820005625
0.01820005625
0.01820005625
0.01820005625
0.01820005625
0.01820005625
0.01820005625
0.01820005625
0.01820005625
0.01820005625
0.01820005625
0.01820005625
0.01820005625
0.01820005625
0.01820005625
0.01820005625
0.01820005625
0.01820005625
0.01820005625
0.01820005625
0.01820005625
0.01820005625
0.01820005625
0.01820005625
0.01820005625
0.01820005625
0.01820005625
0.01820005625
0.01820005625
0.01820005625
0.01820005625
0.01820005625
0.01820005625
0.01820005625
0.01820005625
0.01820005625
0.01820005625
0.01820005625
0.01820005625
0.01820005625
0.01820005625
0.01820005625
0.01820005625
0.01820005625
0.01820005625
0.01820005625
0.01820005625
0.01820005625
0.01820005625
0.01820005625
0.01820005625
0.01820005625
0.01820005625
0.01820005625
0.01820005625
0.01820005625
0.01820005625
0.01820005625
0.01820005625
0.01820005625
0.01820005625
0.01820005625
0.01820005625
0.01820005625
0.01820005625
0.01820005625
0.01820005625
0.01820005625
0.01820005625
0.01820005625
0.01820005625
0.01820005625
0.01820005625
0.01820005625
0.01820005625
0.01820005625
0.01820005625
0.01820005625
0.01820005625
0.01820005625
0.01820005625
0.01820005625
0.01820005625
0.01820005625
0.01820005625
0.01820005625
0.01820005625
0.01820005625
0.01820005625
0.01820005625
0.01820005625
0.01820005625
0.01820005625
0.01820005625
0.01820005625
0.01820005625
0.01820005625
0.01820005625
0.01820005625
0.01820005625
0.01820005625
0.01820005625
0.01820005626
0.01820005626
0.01820005626
0.01820005626
0.01820005626
0.01820005626
0.01820005626
0.01820005626
0.01820005626
0.01820005626
0.01820005626
0.01820005626
0.01820005626
0.01820005626
0.01820005626
0.01820005626
0.01820005626
0.01820005626
0.01820005626
0.01820005626
0.01820005626
0.01820005626
0.01820005626
0.01820005626
0.01820005626
0.01820005626
0.01820005626
0.01820005626
0.01820005626
0.01820005626
0.01820005626
0.01820005626
0.01820005626
0.01820005626
0.01820005626
0.01820005626
0.01820005626
0.01820005626
0.01820005626
0.01820005626
0.01820005626
0.01820005626
0.01820005626
0.01820005626
0.01820005626
0.131470211
0.1302035845
0.1304681451
0.130784685
0.1310972205
0.131379891
0.1316042787
0.131734359
0.1316682932
0.1305872853
0.1220075054
0.08724390101
0.03085880571
0.01820677986
0.01820012038
0.01820005635
0.01820005625
0.01820005625
0.01820005625
0.01820005625
0.01820005625
0.01820005625
0.01820005625
0.01820005625
0.01820005625
0.01820005625
0.01820005625
0.01820005625
0.01820005625
0.01820005625
0.01820005625
0.01820005625
0.01820005625
0.01820005625
0.01820005625
0.01820005625
0.01820005625
0.01820005625
0.01820005625
0.01820005625
0.01820005625
0.01820005625
0.01820005625
0.01820005625
0.01820005625
0.01820005625
0.01820005625
0.01820005625
0.01820005625
0.01820005625
0.01820005625
0.01820005625
0.01820005625
0.01820005625
0.01820005625
0.01820005625
0.01820005625
0.01820005625
0.01820005625
0.01820005625
0.01820005625
0.01820005625
0.01820005625
0.01820005625
0.01820005625
0.01820005625
0.01820005625
0.01820005625
0.01820005625
0.01820005625
0.01820005625
0.01820005625
0.01820005625
0.01820005625
0.01820005625
0.01820005625
0.01820005625
0.01820005625
0.01820005625
0.01820005625
0.01820005625
0.01820005625
0.01820005625
0.01820005625
0.01820005625
0.01820005625
0.01820005625
0.01820005625
0.01820005625
0.01820005625
0.01820005625
0.01820005625
0.01820005625
0.01820005625
0.01820005625
0.01820005625
0.01820005625
0.01820005625
0.01820005625
0.01820005625
0.01820005625
0.01820005625
0.01820005625
0.01820005625
0.01820005625
0.01820005625
0.01820005625
0.01820005625
0.01820005625
0.01820005625
0.01820005625
0.01820005625
0.01820005625
0.01820005625
0.01820005625
0.01820005625
0.01820005625
0.01820005625
0.01820005625
0.01820005625
0.01820005625
0.01820005625
0.01820005625
0.01820005625
0.01820005625
0.01820005625
0.01820005625
0.01820005625
0.01820005625
0.01820005625
0.01820005625
0.01820005625
0.01820005625
0.01820005625
0.01820005625
0.01820005625
0.01820005625
0.01820005625
0.01820005625
0.01820005625
0.01820005625
0.01820005625
0.01820005625
0.01820005625
0.01820005625
0.01820005625
0.01820005625
0.01820005625
0.01820005625
0.01820005625
0.01820005625
0.01820005625
0.01820005625
0.01820005625
0.01820005626
0.01820005626
0.01820005626
0.01820005626
0.01820005626
0.01820005626
0.01820005626
0.01820005626
0.01820005626
0.01820005626
0.01820005626
0.01820005626
0.01820005626
0.01820005626
0.01820005626
0.01820005626
0.01820005626
0.01820005626
0.01820005626
0.01820005626
0.01820005626
0.01820005626
0.01820005626
0.01820005626
0.01820005626
0.01820005626
0.01820005626
0.01820005626
0.01820005626
0.01820005626
0.01820005626
0.01820005626
0.01820005626
0.01820005626
0.01820005626
0.01820005626
0.01820005626
0.01820005626
0.01820005626
0.01820005626
0.01820005626
0.01820005626
0.01820005626
0.01820005626
0.01820005626
0.01820005626
0.1310643222
0.1298301747
0.13010994
0.1304428077
0.1307731588
0.1310752742
0.1313213939
0.1314771928
0.1314467529
0.1304563818
0.1222941819
0.08844561621
0.03211559469
0.01820748172
0.01820012576
0.01820005636
0.01820005625
0.01820005625
0.01820005625
0.01820005625
0.01820005625
0.01820005625
0.01820005625
0.01820005625
0.01820005625
0.01820005625
0.01820005625
0.01820005625
0.01820005625
0.01820005625
0.01820005625
0.01820005625
0.01820005625
0.01820005625
0.01820005625
0.01820005625
0.01820005625
0.01820005625
0.01820005625
0.01820005625
0.01820005625
0.01820005625
0.01820005625
0.01820005625
0.01820005625
0.01820005625
0.01820005625
0.01820005625
0.01820005625
0.01820005625
0.01820005625
0.01820005625
0.01820005625
0.01820005625
0.01820005625
0.01820005625
0.01820005625
0.01820005625
0.01820005625
0.01820005625
0.01820005625
0.01820005625
0.01820005625
0.01820005625
0.01820005625
0.01820005625
0.01820005625
0.01820005625
0.01820005625
0.01820005625
0.01820005625
0.01820005625
0.01820005625
0.01820005625
0.01820005625
0.01820005625
0.01820005625
0.01820005625
0.01820005625
0.01820005625
0.01820005625
0.01820005625
0.01820005625
0.01820005625
0.01820005625
0.01820005625
0.01820005625
0.01820005625
0.01820005625
0.01820005625
0.01820005625
0.01820005625
0.01820005625
0.01820005625
0.01820005625
0.01820005625
0.01820005625
0.01820005625
0.01820005625
0.01820005625
0.01820005625
0.01820005625
0.01820005625
0.01820005625
0.01820005625
0.01820005625
0.01820005625
0.01820005625
0.01820005625
0.01820005625
0.01820005625
0.01820005625
0.01820005625
0.01820005625
0.01820005625
0.01820005625
0.01820005625
0.01820005625
0.01820005625
0.01820005625
0.01820005625
0.01820005625
0.01820005625
0.01820005625
0.01820005625
0.01820005625
0.01820005625
0.01820005625
0.01820005625
0.01820005625
0.01820005625
0.01820005625
0.01820005625
0.01820005625
0.01820005625
0.01820005625
0.01820005625
0.01820005625
0.01820005625
0.01820005625
0.01820005625
0.01820005625
0.01820005625
0.01820005625
0.01820005625
0.01820005625
0.01820005625
0.01820005625
0.01820005625
0.01820005625
0.01820005625
0.01820005625
0.01820005625
0.01820005626
0.01820005626
0.01820005626
0.01820005626
0.01820005626
0.01820005626
0.01820005626
0.01820005626
0.01820005626
0.01820005626
0.01820005626
0.01820005626
0.01820005626
0.01820005626
0.01820005626
0.01820005626
0.01820005626
0.01820005626
0.01820005626
0.01820005626
0.01820005626
0.01820005626
0.01820005626
0.01820005626
0.01820005626
0.01820005626
0.01820005626
0.01820005626
0.01820005626
0.01820005626
0.01820005626
0.01820005626
0.01820005626
0.01820005626
0.01820005626
0.01820005626
0.01820005626
0.01820005626
0.01820005626
0.01820005626
0.01820005626
0.01820005626
0.01820005626
0.01820005626
0.01820005626
0.01820005626
0.01820005626
0.1306523034
0.1294514165
0.1297465395
0.1300959838
0.1304446371
0.1307670835
0.1310363714
0.131219914
0.1312273584
0.1303274638
0.1225720894
0.08963689711
0.03340173979
0.01820818825
0.01820013108
0.01820005637
0.01820005625
0.01820005625
0.01820005625
0.01820005625
0.01820005625
0.01820005625
0.01820005625
0.01820005625
0.01820005625
0.01820005625
0.01820005625
0.01820005625
0.01820005625
0.01820005625
0.01820005625
0.01820005625
0.01820005625
0.01820005625
0.01820005625
0.01820005625
0.01820005625
0.01820005625
0.01820005625
0.01820005625
0.01820005625
0.01820005625
0.01820005625
0.01820005625
0.01820005625
0.01820005625
0.01820005625
0.01820005625
0.01820005625
0.01820005625
0.01820005625
0.01820005625
0.01820005625
0.01820005625
0.01820005625
0.01820005625
0.01820005625
0.01820005625
0.01820005625
0.01820005625
0.01820005625
0.01820005625
0.01820005625
0.01820005625
0.01820005625
0.01820005625
0.01820005625
0.01820005625
0.01820005625
0.01820005625
0.01820005625
0.01820005625
0.01820005625
0.01820005625
0.01820005625
0.01820005625
0.01820005625
0.01820005625
0.01820005625
0.01820005625
0.01820005625
0.01820005625
0.01820005625
0.01820005625
0.01820005625
0.01820005625
0.01820005625
0.01820005625
0.01820005625
0.01820005625
0.01820005625
0.01820005625
0.01820005625
0.01820005625
0.01820005625
0.01820005625
0.01820005625
0.01820005625
0.01820005625
0.01820005625
0.01820005625
0.01820005625
0.01820005625
0.01820005625
0.01820005625
0.01820005625
0.01820005625
0.01820005625
0.01820005625
0.01820005625
0.01820005625
0.01820005625
0.01820005625
0.01820005625
0.01820005625
0.01820005625
0.01820005625
0.01820005625
0.01820005625
0.01820005625
0.01820005625
0.01820005625
0.01820005625
0.01820005625
0.01820005625
0.01820005625
0.01820005625
0.01820005625
0.01820005625
0.01820005625
0.01820005625
0.01820005625
0.01820005625
0.01820005625
0.01820005625
0.01820005625
0.01820005625
0.01820005625
0.01820005625
0.01820005625
0.01820005625
0.01820005625
0.01820005625
0.01820005625
0.01820005625
0.01820005625
0.01820005625
0.01820005625
0.01820005625
0.01820005625
0.01820005625
0.01820005626
0.01820005626
0.01820005626
0.01820005626
0.01820005626
0.01820005626
0.01820005626
0.01820005626
0.01820005626
0.01820005626
0.01820005626
0.01820005626
0.01820005626
0.01820005626
0.01820005626
0.01820005626
0.01820005626
0.01820005626
0.01820005626
0.01820005626
0.01820005626
0.01820005626
0.01820005626
0.01820005626
0.01820005626
0.01820005626
0.01820005626
0.01820005626
0.01820005626
0.01820005626
0.01820005626
0.01820005626
0.01820005626
0.01820005626
0.01820005626
0.01820005626
0.01820005626
0.01820005626
0.01820005626
0.01820005626
0.01820005626
0.01820005626
0.01820005626
0.01820005626
0.01820005626
0.01820005626
0.01820005626
0.01820005626
0.01820005626
0.1302345595
0.1290676442
0.1293783032
0.1297446162
0.1301121087
0.1304558043
0.1307496671
0.1309628384
0.1310101661
0.1302003913
0.1228411882
0.09081743375
0.03471709122
0.01820889661
0.01820013633
0.01820005639
0.01820005625
0.01820005625
0.01820005625
0.01820005625
0.01820005625
0.01820005625
0.01820005625
0.01820005625
0.01820005625
0.01820005625
0.01820005625
0.01820005625
0.01820005625
0.01820005625
0.01820005625
0.01820005625
0.01820005625
0.01820005625
0.01820005625
0.01820005625
0.01820005625
0.01820005625
0.01820005625
0.01820005625
0.01820005625
0.01820005625
0.01820005625
0.01820005625
0.01820005625
0.01820005625
0.01820005625
0.01820005625
0.01820005625
0.01820005625
0.01820005625
0.01820005625
0.01820005625
0.01820005625
0.01820005625
0.01820005625
0.01820005625
0.01820005625
0.01820005625
0.01820005625
0.01820005625
0.01820005625
0.01820005625
0.01820005625
0.01820005625
0.01820005625
0.01820005625
0.01820005625
0.01820005625
0.01820005625
0.01820005625
0.01820005625
0.01820005625
0.01820005625
0.01820005625
0.01820005625
0.01820005625
0.01820005625
0.01820005625
0.01820005625
0.01820005625
0.01820005625
0.01820005625
0.01820005625
0.01820005625
0.01820005625
0.01820005625
0.01820005625
0.01820005625
0.01820005625
0.01820005625
0.01820005625
0.01820005625
0.01820005625
0.01820005625
0.01820005625
0.01820005625
0.01820005625
0.01820005625
0.01820005625
0.01820005625
0.01820005625
0.01820005625
0.01820005625
0.01820005625
0.01820005625
0.01820005625
0.01820005625
0.01820005625
0.01820005625
0.01820005625
0.01820005625
0.01820005625
0.01820005625
0.01820005625
0.01820005625
0.01820005625
0.01820005625
0.01820005625
0.01820005625
0.01820005625
0.01820005625
0.01820005625
0.01820005625
0.01820005625
0.01820005625
0.01820005625
0.01820005625
0.01820005625
0.01820005625
0.01820005625
0.01820005625
0.01820005625
0.01820005625
0.01820005625
0.01820005625
0.01820005625
0.01820005625
0.01820005625
0.01820005625
0.01820005625
0.01820005625
0.01820005625
0.01820005625
0.01820005625
0.01820005625
0.01820005625
0.01820005625
0.01820005625
0.01820005625
0.01820005626
0.01820005626
0.01820005626
0.01820005626
0.01820005626
0.01820005626
0.01820005626
0.01820005626
0.01820005626
0.01820005626
0.01820005626
0.01820005626
0.01820005626
0.01820005626
0.01820005626
0.01820005626
0.01820005626
0.01820005626
0.01820005626
0.01820005626
0.01820005626
0.01820005626
0.01820005626
0.01820005626
0.01820005626
0.01820005626
0.01820005626
0.01820005626
0.01820005626
0.01820005626
0.01820005626
0.01820005626
0.01820005626
0.01820005626
0.01820005626
0.01820005626
0.01820005626
0.01820005626
0.01820005626
0.01820005626
0.01820005626
0.01820005626
0.01820005626
0.01820005626
0.01820005626
0.01820005626
0.01820005626
0.01820005626
0.01820005626
0.01820005626
0.1298114935
0.1286791838
0.1290055771
0.1293890844
0.1297759866
0.130141859
0.1304616539
0.1307061978
0.1307951857
0.1300750527
0.1231015866
0.0919871409
0.0360616212
0.01820960433
0.01820014151
0.0182000564
0.01820005625
0.01820005625
0.01820005625
0.01820005625
0.01820005625
0.01820005625
0.01820005625
0.01820005625
0.01820005625
0.01820005625
0.01820005625
0.01820005625
0.01820005625
0.01820005625
0.01820005625
0.01820005625
0.01820005625
0.01820005625
0.01820005625
0.01820005625
0.01820005625
0.01820005625
0.01820005625
0.01820005625
0.01820005625
0.01820005625
0.01820005625
0.01820005625
0.01820005625
0.01820005625
0.01820005625
0.01820005625
0.01820005625
0.01820005625
0.01820005625
0.01820005625
0.01820005625
0.01820005625
0.01820005625
0.01820005625
0.01820005625
0.01820005625
0.01820005625
0.01820005625
0.01820005625
0.01820005625
0.01820005625
0.01820005625
0.01820005625
0.01820005625
0.01820005625
0.01820005625
0.01820005625
0.01820005625
0.01820005625
0.01820005625
0.01820005625
0.01820005625
0.01820005625
0.01820005625
0.01820005625
0.01820005625
0.01820005625
0.01820005625
0.01820005625
0.01820005625
0.01820005625
0.01820005625
0.01820005625
0.01820005625
0.01820005625
0.01820005625
0.01820005625
0.01820005625
0.01820005625
0.01820005625
0.01820005625
0.01820005625
0.01820005625
0.01820005625
0.01820005625
0.01820005625
0.01820005625
0.01820005625
0.01820005625
0.01820005625
0.01820005625
0.01820005625
0.01820005625
0.01820005625
0.01820005625
0.01820005625
0.01820005625
0.01820005625
0.01820005625
0.01820005625
0.01820005625
0.01820005625
0.01820005625
0.01820005625
0.01820005625
0.01820005625
0.01820005625
0.01820005625
0.01820005625
0.01820005625
0.01820005625
0.01820005625
0.01820005625
0.01820005625
0.01820005625
0.01820005625
0.01820005625
0.01820005625
0.01820005625
0.01820005625
0.01820005625
0.01820005625
0.01820005625
0.01820005625
0.01820005625
0.01820005625
0.01820005625
0.01820005625
0.01820005625
0.01820005625
0.01820005625
0.01820005625
0.01820005625
0.01820005625
0.01820005625
0.01820005625
0.01820005626
0.01820005626
0.01820005626
0.01820005626
0.01820005626
0.01820005626
0.01820005626
0.01820005626
0.01820005626
0.01820005626
0.01820005626
0.01820005626
0.01820005626
0.01820005626
0.01820005626
0.01820005626
0.01820005626
0.01820005626
0.01820005626
0.01820005626
0.01820005626
0.01820005626
0.01820005626
0.01820005626
0.01820005626
0.01820005626
0.01820005626
0.01820005626
0.01820005626
0.01820005626
0.01820005626
0.01820005626
0.01820005626
0.01820005626
0.01820005626
0.01820005626
0.01820005626
0.01820005626
0.01820005626
0.01820005626
0.01820005626
0.01820005626
0.01820005626
0.01820005626
0.01820005626
0.01820005626
0.01820005626
0.01820005626
0.01820005626
0.01820005626
0.01820005626
0.01820005626
0.1293834996
0.1282863495
0.1286286903
0.1290297415
0.1294366428
0.129825612
0.1301726336
0.130450158
0.1305823947
0.1299513599
0.1233534862
0.09314607634
0.03743542151
0.01821030935
0.01820014663
0.01820005641
0.01820005625
0.01820005625
0.01820005625
0.01820005625
0.01820005625
0.01820005625
0.01820005625
0.01820005625
0.01820005625
0.01820005625
0.01820005625
0.01820005625
0.01820005625
0.01820005625
0.01820005625
0.01820005625
0.01820005625
0.01820005625
0.01820005625
0.01820005625
0.01820005625
0.01820005625
0.01820005625
0.01820005625
0.01820005625
0.01820005625
0.01820005625
0.01820005625
0.01820005625
0.01820005625
0.01820005625
0.01820005625
0.01820005625
0.01820005625
0.01820005625
0.01820005625
0.01820005625
0.01820005625
0.01820005625
0.01820005625
0.01820005625
0.01820005625
0.01820005625
0.01820005625
0.01820005625
0.01820005625
0.01820005625
0.01820005625
0.01820005625
0.01820005625
0.01820005625
0.01820005625
0.01820005625
0.01820005625
0.01820005625
0.01820005625
0.01820005625
0.01820005625
0.01820005625
0.01820005625
0.01820005625
0.01820005625
0.01820005625
0.01820005625
0.01820005625
0.01820005625
0.01820005625
0.01820005625
0.01820005625
0.01820005625
0.01820005625
0.01820005625
0.01820005625
0.01820005625
0.01820005625
0.01820005625
0.01820005625
0.01820005625
0.01820005625
0.01820005625
0.01820005625
0.01820005625
0.01820005625
0.01820005625
0.01820005625
0.01820005625
0.01820005625
0.01820005625
0.01820005625
0.01820005625
0.01820005625
0.01820005625
0.01820005625
0.01820005625
0.01820005625
0.01820005625
0.01820005625
0.01820005625
0.01820005625
0.01820005625
0.01820005625
0.01820005625
0.01820005625
0.01820005625
0.01820005625
0.01820005625
0.01820005625
0.01820005625
0.01820005625
0.01820005625
0.01820005625
0.01820005625
0.01820005625
0.01820005625
0.01820005625
0.01820005625
0.01820005625
0.01820005625
0.01820005625
0.01820005625
0.01820005625
0.01820005625
0.01820005625
0.01820005625
0.01820005625
0.01820005625
0.01820005625
0.01820005625
0.01820005625
0.01820005625
0.01820005625
0.01820005626
0.01820005626
0.01820005626
0.01820005626
0.01820005626
0.01820005626
0.01820005626
0.01820005626
0.01820005626
0.01820005626
0.01820005626
0.01820005626
0.01820005626
0.01820005626
0.01820005626
0.01820005626
0.01820005626
0.01820005626
0.01820005626
0.01820005626
0.01820005626
0.01820005626
0.01820005626
0.01820005626
0.01820005626
0.01820005626
0.01820005626
0.01820005626
0.01820005626
0.01820005626
0.01820005626
0.01820005626
0.01820005626
0.01820005626
0.01820005626
0.01820005626
0.01820005626
0.01820005626
0.01820005626
0.01820005626
0.01820005626
0.01820005626
0.01820005626
0.01820005626
0.01820005626
0.01820005626
0.01820005626
0.01820005626
0.01820005626
0.01820005626
0.01820005626
0.01820005626
0.01820005626
0.1289509572
0.1278894399
0.1282479514
0.1286669117
0.1290944083
0.1295073731
0.1298828463
0.1301948303
0.1303717444
0.1298292348
0.1235971314
0.09429437151
0.03883869516
0.01821100996
0.01820015169
0.01820005642
0.01820005625
0.01820005625
0.01820005625
0.01820005625
0.01820005625
0.01820005625
0.01820005625
0.01820005625
0.01820005625
0.01820005625
0.01820005625
0.01820005625
0.01820005625
0.01820005625
0.01820005625
0.01820005625
0.01820005625
0.01820005625
0.01820005625
0.01820005625
0.01820005625
0.01820005625
0.01820005625
0.01820005625
0.01820005625
0.01820005625
0.01820005625
0.01820005625
0.01820005625
0.01820005625
0.01820005625
0.01820005625
0.01820005625
0.01820005625
0.01820005625
0.01820005625
0.01820005625
0.01820005625
0.01820005625
0.01820005625
0.01820005625
0.01820005625
0.01820005625
0.01820005625
0.01820005625
0.01820005625
0.01820005625
0.01820005625
0.01820005625
0.01820005625
0.01820005625
0.01820005625
0.01820005625
0.01820005625
0.01820005625
0.01820005625
0.01820005625
0.01820005625
0.01820005625
0.01820005625
0.01820005625
0.01820005625
0.01820005625
0.01820005625
0.01820005625
0.01820005625
0.01820005625
0.01820005625
0.01820005625
0.01820005625
0.01820005625
0.01820005625
0.01820005625
0.01820005625
0.01820005625
0.01820005625
0.01820005625
0.01820005625
0.01820005625
0.01820005625
0.01820005625
0.01820005625
0.01820005625
0.01820005625
0.01820005625
0.01820005625
0.01820005625
0.01820005625
0.01820005625
0.01820005625
0.01820005625
0.01820005625
0.01820005625
0.01820005625
0.01820005625
0.01820005625
0.01820005625
0.01820005625
0.01820005625
0.01820005625
0.01820005625
0.01820005625
0.01820005625
0.01820005625
0.01820005625
0.01820005625
0.01820005625
0.01820005625
0.01820005625
0.01820005625
0.01820005625
0.01820005625
0.01820005625
0.01820005625
0.01820005625
0.01820005625
0.01820005625
0.01820005625
0.01820005625
0.01820005625
0.01820005625
0.01820005625
0.01820005625
0.01820005625
0.01820005625
0.01820005625
0.01820005625
0.01820005625
0.01820005625
0.01820005625
0.01820005626
0.01820005626
0.01820005626
0.01820005626
0.01820005626
0.01820005626
0.01820005626
0.01820005626
0.01820005626
0.01820005626
0.01820005626
0.01820005626
0.01820005626
0.01820005626
0.01820005626
0.01820005626
0.01820005626
0.01820005626
0.01820005626
0.01820005626
0.01820005626
0.01820005626
0.01820005626
0.01820005626
0.01820005626
0.01820005626
0.01820005626
0.01820005626
0.01820005626
0.01820005626
0.01820005626
0.01820005626
0.01820005626
0.01820005626
0.01820005626
0.01820005626
0.01820005626
0.01820005626
0.01820005626
0.01820005626
0.01820005626
0.01820005626
0.01820005626
0.01820005626
0.01820005626
0.01820005626
0.01820005626
0.01820005626
0.01820005626
0.01820005626
0.01820005626
0.01820005626
0.01820005626
0.01820005626
0.1285142257
0.1274887358
0.127863647
0.1283008896
0.1287495743
0.1291874024
0.1295924778
0.1299402797
0.1301631619
0.1297085969
0.1238327694
0.09543217719
0.04027174799
0.01821170478
0.01820015668
0.01820005643
0.01820005626
0.01820005625
0.01820005625
0.01820005625
0.01820005625
0.01820005625
0.01820005625
0.01820005625
0.01820005625
0.01820005625
0.01820005625
0.01820005625
0.01820005625
0.01820005625
0.01820005625
0.01820005625
0.01820005625
0.01820005625
0.01820005625
0.01820005625
0.01820005625
0.01820005625
0.01820005625
0.01820005625
0.01820005625
0.01820005625
0.01820005625
0.01820005625
0.01820005625
0.01820005625
0.01820005625
0.01820005625
0.01820005625
0.01820005625
0.01820005625
0.01820005625
0.01820005625
0.01820005625
0.01820005625
0.01820005625
0.01820005625
0.01820005625
0.01820005625
0.01820005625
0.01820005625
0.01820005625
0.01820005625
0.01820005625
0.01820005625
0.01820005625
0.01820005625
0.01820005625
0.01820005625
0.01820005625
0.01820005625
0.01820005625
0.01820005625
0.01820005625
0.01820005625
0.01820005625
0.01820005625
0.01820005625
0.01820005625
0.01820005625
0.01820005625
0.01820005625
0.01820005625
0.01820005625
0.01820005625
0.01820005625
0.01820005625
0.01820005625
0.01820005625
0.01820005625
0.01820005625
0.01820005625
0.01820005625
0.01820005625
0.01820005625
0.01820005625
0.01820005625
0.01820005625
0.01820005625
0.01820005625
0.01820005625
0.01820005625
0.01820005625
0.01820005625
0.01820005625
0.01820005625
0.01820005625
0.01820005625
0.01820005625
0.01820005625
0.01820005625
0.01820005625
0.01820005625
0.01820005625
0.01820005625
0.01820005625
0.01820005625
0.01820005625
0.01820005625
0.01820005625
0.01820005625
0.01820005625
0.01820005625
0.01820005625
0.01820005625
0.01820005625
0.01820005625
0.01820005625
0.01820005625
0.01820005625
0.01820005625
0.01820005625
0.01820005625
0.01820005625
0.01820005625
0.01820005625
0.01820005625
0.01820005625
0.01820005625
0.01820005625
0.01820005625
0.01820005625
0.01820005625
0.01820005625
0.01820005625
0.01820005626
0.01820005626
0.01820005626
0.01820005626
0.01820005626
0.01820005626
0.01820005626
0.01820005626
0.01820005626
0.01820005626
0.01820005626
0.01820005626
0.01820005626
0.01820005626
0.01820005626
0.01820005626
0.01820005626
0.01820005626
0.01820005626
0.01820005626
0.01820005626
0.01820005626
0.01820005626
0.01820005626
0.01820005626
0.01820005626
0.01820005626
0.01820005626
0.01820005626
0.01820005626
0.01820005626
0.01820005626
0.01820005626
0.01820005626
0.01820005626
0.01820005626
0.01820005626
0.01820005626
0.01820005626
0.01820005626
0.01820005626
0.01820005626
0.01820005626
0.01820005626
0.01820005626
0.01820005626
0.01820005626
0.01820005626
0.01820005626
0.01820005626
0.01820005626
0.01820005626
0.01820005626
0.01820005626
0.01820005626
0.128073641
0.1270844984
0.1274760399
0.1279319396
0.1284023937
0.1288659144
0.1293016661
0.129686531
0.1299565502
0.1295893519
0.1240606206
0.09655962139
0.04173497347
0.01821239274
0.01820016161
0.01820005644
0.01820005626
0.01820005625
0.01820005625
0.01820005625
0.01820005625
0.01820005625
0.01820005625
0.01820005625
0.01820005625
0.01820005625
0.01820005625
0.01820005625
0.01820005625
0.01820005625
0.01820005625
0.01820005625
0.01820005625
0.01820005625
0.01820005625
0.01820005625
0.01820005625
0.01820005625
0.01820005625
0.01820005625
0.01820005625
0.01820005625
0.01820005625
0.01820005625
0.01820005625
0.01820005625
0.01820005625
0.01820005625
0.01820005625
0.01820005625
0.01820005625
0.01820005625
0.01820005625
0.01820005625
0.01820005625
0.01820005625
0.01820005625
0.01820005625
0.01820005625
0.01820005625
0.01820005625
0.01820005625
0.01820005625
0.01820005625
0.01820005625
0.01820005625
0.01820005625
0.01820005625
0.01820005625
0.01820005625
0.01820005625
0.01820005625
0.01820005625
0.01820005625
0.01820005625
0.01820005625
0.01820005625
0.01820005625
0.01820005625
0.01820005625
0.01820005625
0.01820005625
0.01820005625
0.01820005625
0.01820005625
0.01820005625
0.01820005625
0.01820005625
0.01820005625
0.01820005625
0.01820005625
0.01820005625
0.01820005625
0.01820005625
0.01820005625
0.01820005625
0.01820005625
0.01820005625
0.01820005625
0.01820005625
0.01820005625
0.01820005625
0.01820005625
0.01820005625
0.01820005625
0.01820005625
0.01820005625
0.01820005625
0.01820005625
0.01820005625
0.01820005625
0.01820005625
0.01820005625
0.01820005625
0.01820005625
0.01820005625
0.01820005625
0.01820005625
0.01820005625
0.01820005625
0.01820005625
0.01820005625
0.01820005625
0.01820005625
0.01820005625
0.01820005625
0.01820005625
0.01820005625
0.01820005625
0.01820005625
0.01820005625
0.01820005625
0.01820005625
0.01820005625
0.01820005625
0.01820005625
0.01820005625
0.01820005625
0.01820005625
0.01820005625
0.01820005625
0.01820005625
0.01820005625
0.01820005625
0.01820005625
0.01820005626
0.01820005626
0.01820005626
0.01820005626
0.01820005626
0.01820005626
0.01820005626
0.01820005626
0.01820005626
0.01820005626
0.01820005626
0.01820005626
0.01820005626
0.01820005626
0.01820005626
0.01820005626
0.01820005626
0.01820005626
0.01820005626
0.01820005626
0.01820005626
0.01820005626
0.01820005626
0.01820005626
0.01820005626
0.01820005626
0.01820005626
0.01820005626
0.01820005626
0.01820005626
0.01820005626
0.01820005626
0.01820005626
0.01820005626
0.01820005626
0.01820005626
0.01820005626
0.01820005626
0.01820005626
0.01820005626
0.01820005626
0.01820005626
0.01820005626
0.01820005626
0.01820005626
0.01820005626
0.01820005626
0.01820005626
0.01820005626
0.01820005626
0.01820005626
0.01820005626
0.01820005626
0.01820005626
0.01820005626
0.1276295121
0.1266769675
0.1270853686
0.1275602964
0.1280530834
0.1285430824
0.1290105076
0.1294335737
0.129751789
0.1294713847
0.1242808608
0.09767677846
0.04322883428
0.01821307306
0.01820016648
0.01820005645
0.01820005626
0.01820005625
0.01820005625
0.01820005625
0.01820005625
0.01820005625
0.01820005625
0.01820005625
0.01820005625
0.01820005625
0.01820005625
0.01820005625
0.01820005625
0.01820005625
0.01820005625
0.01820005625
0.01820005625
0.01820005625
0.01820005625
0.01820005625
0.01820005625
0.01820005625
0.01820005625
0.01820005625
0.01820005625
0.01820005625
0.01820005625
0.01820005625
0.01820005625
0.01820005625
0.01820005625
0.01820005625
0.01820005625
0.01820005625
0.01820005625
0.01820005625
0.01820005625
0.01820005625
0.01820005625
0.01820005625
0.01820005625
0.01820005625
0.01820005625
0.01820005625
0.01820005625
0.01820005625
0.01820005625
0.01820005625
0.01820005625
0.01820005625
0.01820005625
0.01820005625
0.01820005625
0.01820005625
0.01820005625
0.01820005625
0.01820005625
0.01820005625
0.01820005625
0.01820005625
0.01820005625
0.01820005625
0.01820005625
0.01820005625
0.01820005625
0.01820005625
0.01820005625
0.01820005625
0.01820005625
0.01820005625
0.01820005625
0.01820005625
0.01820005625
0.01820005625
0.01820005625
0.01820005625
0.01820005625
0.01820005625
0.01820005625
0.01820005625
0.01820005625
0.01820005625
0.01820005625
0.01820005625
0.01820005625
0.01820005625
0.01820005625
0.01820005625
0.01820005625
0.01820005625
0.01820005625
0.01820005625
0.01820005625
0.01820005625
0.01820005625
0.01820005625
0.01820005625
0.01820005625
0.01820005625
0.01820005625
0.01820005625
0.01820005625
0.01820005625
0.01820005625
0.01820005625
0.01820005625
0.01820005625
0.01820005625
0.01820005625
0.01820005625
0.01820005625
0.01820005625
0.01820005625
0.01820005625
0.01820005625
0.01820005625
0.01820005625
0.01820005625
0.01820005625
0.01820005625
0.01820005625
0.01820005625
0.01820005625
0.01820005625
0.01820005625
0.01820005625
0.01820005625
0.01820005625
0.01820005625
0.01820005625
0.01820005626
0.01820005626
0.01820005626
0.01820005626
0.01820005626
0.01820005626
0.01820005626
0.01820005626
0.01820005626
0.01820005626
0.01820005626
0.01820005626
0.01820005626
0.01820005626
0.01820005626
0.01820005626
0.01820005626
0.01820005626
0.01820005626
0.01820005626
0.01820005626
0.01820005626
0.01820005626
0.01820005626
0.01820005626
0.01820005626
0.01820005626
0.01820005626
0.01820005626
0.01820005626
0.01820005626
0.01820005626
0.01820005626
0.01820005626
0.01820005626
0.01820005626
0.01820005626
0.01820005626
0.01820005626
0.01820005626
0.01820005626
0.01820005626
0.01820005626
0.01820005626
0.01820005626
0.01820005626
0.01820005626
0.01820005626
0.01820005626
0.01820005626
0.01820005626
0.01820005626
0.01820005626
0.01820005626
0.1271821203
0.1262663611
0.1266918468
0.1271861656
0.1277018262
0.1282190426
0.1287190624
0.1291813674
0.1295487368
0.1293545578
0.1244936145
0.09878365437
0.04475384728
0.01821374518
0.01820017129
0.01820005646
0.01820005626
0.01820005625
0.01820005625
0.01820005625
0.01820005625
0.01820005625
0.01820005625
0.01820005625
0.01820005625
0.01820005625
0.01820005625
0.01820005625
0.01820005625
0.01820005625
0.01820005625
0.01820005625
0.01820005625
0.01820005625
0.01820005625
0.01820005625
0.01820005625
0.01820005625
0.01820005625
0.01820005625
0.01820005625
0.01820005625
0.01820005625
0.01820005625
0.01820005625
0.01820005625
0.01820005625
0.01820005625
0.01820005625
0.01820005625
0.01820005625
0.01820005625
0.01820005625
0.01820005625
0.01820005625
0.01820005625
0.01820005625
0.01820005625
0.01820005625
0.01820005625
0.01820005625
0.01820005625
0.01820005625
0.01820005625
0.01820005625
0.01820005625
0.01820005625
0.01820005625
0.01820005625
0.01820005625
0.01820005625
0.01820005625
0.01820005625
0.01820005625
0.01820005625
0.01820005625
0.01820005625
0.01820005625
0.01820005625
0.01820005625
0.01820005625
0.01820005625
0.01820005625
0.01820005625
0.01820005625
0.01820005625
0.01820005625
0.01820005625
0.01820005625
0.01820005625
0.01820005625
0.01820005625
0.01820005625
0.01820005625
0.01820005625
0.01820005625
0.01820005625
0.01820005625
0.01820005625
0.01820005625
0.01820005625
0.01820005625
0.01820005625
0.01820005625
0.01820005625
0.01820005625
0.01820005625
0.01820005625
0.01820005625
0.01820005625
0.01820005625
0.01820005625
0.01820005625
0.01820005625
0.01820005625
0.01820005625
0.01820005625
0.01820005625
0.01820005625
0.01820005625
0.01820005625
0.01820005625
0.01820005625
0.01820005625
0.01820005625
0.01820005625
0.01820005625
0.01820005625
0.01820005625
0.01820005625
0.01820005625
0.01820005625
0.01820005625
0.01820005625
0.01820005625
0.01820005625
0.01820005625
0.01820005625
0.01820005625
0.01820005625
0.01820005625
0.01820005625
0.01820005625
0.01820005625
0.01820005625
0.01820005625
0.01820005626
0.01820005626
0.01820005626
0.01820005626
0.01820005626
0.01820005626
0.01820005626
0.01820005626
0.01820005626
0.01820005626
0.01820005626
0.01820005626
0.01820005626
0.01820005626
0.01820005626
0.01820005626
0.01820005626
0.01820005626
0.01820005626
0.01820005626
0.01820005626
0.01820005626
0.01820005626
0.01820005626
0.01820005626
0.01820005626
0.01820005626
0.01820005626
0.01820005626
0.01820005626
0.01820005626
0.01820005626
0.01820005626
0.01820005626
0.01820005626
0.01820005626
0.01820005626
0.01820005626
0.01820005626
0.01820005626
0.01820005626
0.01820005626
0.01820005626
0.01820005626
0.01820005626
0.01820005626
0.01820005626
0.01820005626
0.01820005626
0.01820005626
0.01820005626
0.01820005626
0.01820005626
0.01820005626
0.1267317178
0.125852875
0.126295664
0.1268097255
0.1273487747
0.1278938989
0.1284273598
0.1289298468
0.1293472341
0.1292387125
0.1246989554
0.0998801775
0.04631056528
0.01821440877
0.01820017605
0.01820005647
0.01820005626
0.01820005625
0.01820005625
0.01820005625
0.01820005625
0.01820005625
0.01820005625
0.01820005625
0.01820005625
0.01820005625
0.01820005625
0.01820005625
0.01820005625
0.01820005625
0.01820005625
0.01820005625
0.01820005625
0.01820005625
0.01820005625
0.01820005625
0.01820005625
0.01820005625
0.01820005625
0.01820005625
0.01820005625
0.01820005625
0.01820005625
0.01820005625
0.01820005625
0.01820005625
0.01820005625
0.01820005625
0.01820005625
0.01820005625
0.01820005625
0.01820005625
0.01820005625
0.01820005625
0.01820005625
0.01820005625
0.01820005625
0.01820005625
0.01820005625
0.01820005625
0.01820005625
0.01820005625
0.01820005625
0.01820005625
0.01820005625
0.01820005625
0.01820005625
0.01820005625
0.01820005625
0.01820005625
0.01820005625
0.01820005625
0.01820005625
0.01820005625
0.01820005625
0.01820005625
0.01820005625
0.01820005625
0.01820005625
0.01820005625
0.01820005625
0.01820005625
0.01820005625
0.01820005625
0.01820005625
0.01820005625
0.01820005625
0.01820005625
0.01820005625
0.01820005625
0.01820005625
0.01820005625
0.01820005625
0.01820005625
0.01820005625
0.01820005625
0.01820005625
0.01820005625
0.01820005625
0.01820005625
0.01820005625
0.01820005625
0.01820005625
0.01820005625
0.01820005625
0.01820005625
0.01820005625
0.01820005625
0.01820005625
0.01820005625
0.01820005625
0.01820005625
0.01820005625
0.01820005625
0.01820005625
0.01820005625
0.01820005625
0.01820005625
0.01820005625
0.01820005625
0.01820005625
0.01820005625
0.01820005625
0.01820005625
0.01820005625
0.01820005625
0.01820005625
0.01820005625
0.01820005625
0.01820005625
0.01820005625
0.01820005625
0.01820005625
0.01820005625
0.01820005625
0.01820005625
0.01820005625
0.01820005625
0.01820005625
0.01820005625
0.01820005625
0.01820005625
0.01820005625
0.01820005625
0.01820005625
0.01820005625
0.01820005626
0.01820005626
0.01820005626
0.01820005626
0.01820005626
0.01820005626
0.01820005626
0.01820005626
0.01820005626
0.01820005626
0.01820005626
0.01820005626
0.01820005626
0.01820005626
0.01820005626
0.01820005626
0.01820005626
0.01820005626
0.01820005626
0.01820005626
0.01820005626
0.01820005626
0.01820005626
0.01820005626
0.01820005626
0.01820005626
0.01820005626
0.01820005626
0.01820005626
0.01820005626
0.01820005626
0.01820005626
0.01820005626
0.01820005626
0.01820005626
0.01820005626
0.01820005626
0.01820005626
0.01820005626
0.01820005626
0.01820005626
0.01820005626
0.01820005626
0.01820005626
0.01820005626
0.01820005626
0.01820005626
0.01820005626
0.01820005626
0.01820005626
0.01820005626
0.01820005626
0.01820005626
0.01820005626
0.1262785269
0.125436682
0.1258969857
0.1264311284
0.1269940531
0.1275677269
0.128135404
0.1286789269
0.1291471085
0.1291236741
0.1248969136
0.1009661988
0.04789956059
0.01821506365
0.01820018075
0.01820005649
0.01820005626
0.01820005625
0.01820005625
0.01820005625
0.01820005625
0.01820005625
0.01820005625
0.01820005625
0.01820005625
0.01820005625
0.01820005625
0.01820005625
0.01820005625
0.01820005625
0.01820005625
0.01820005625
0.01820005625
0.01820005625
0.01820005625
0.01820005625
0.01820005625
0.01820005625
0.01820005625
0.01820005625
0.01820005625
0.01820005625
0.01820005625
0.01820005625
0.01820005625
0.01820005625
0.01820005625
0.01820005625
0.01820005625
0.01820005625
0.01820005625
0.01820005625
0.01820005625
0.01820005625
0.01820005625
0.01820005625
0.01820005625
0.01820005625
0.01820005625
0.01820005625
0.01820005625
0.01820005625
0.01820005625
0.01820005625
0.01820005625
0.01820005625
0.01820005625
0.01820005625
0.01820005625
0.01820005625
0.01820005625
0.01820005625
0.01820005625
0.01820005625
0.01820005625
0.01820005625
0.01820005625
0.01820005625
0.01820005625
0.01820005625
0.01820005625
0.01820005625
0.01820005625
0.01820005625
0.01820005625
0.01820005625
0.01820005625
0.01820005625
0.01820005625
0.01820005625
0.01820005625
0.01820005625
0.01820005625
0.01820005625
0.01820005625
0.01820005625
0.01820005625
0.01820005625
0.01820005625
0.01820005625
0.01820005625
0.01820005625
0.01820005625
0.01820005625
0.01820005625
0.01820005625
0.01820005625
0.01820005625
0.01820005625
0.01820005625
0.01820005625
0.01820005625
0.01820005625
0.01820005625
0.01820005625
0.01820005625
0.01820005625
0.01820005625
0.01820005625
0.01820005625
0.01820005625
0.01820005625
0.01820005625
0.01820005625
0.01820005625
0.01820005625
0.01820005625
0.01820005625
0.01820005625
0.01820005625
0.01820005625
0.01820005625
0.01820005625
0.01820005625
0.01820005625
0.01820005625
0.01820005625
0.01820005625
0.01820005625
0.01820005625
0.01820005625
0.01820005625
0.01820005625
0.01820005625
0.01820005625
0.01820005625
0.01820005625
0.01820005626
0.01820005626
0.01820005626
0.01820005626
0.01820005626
0.01820005626
0.01820005626
0.01820005626
0.01820005626
0.01820005626
0.01820005626
0.01820005626
0.01820005626
0.01820005626
0.01820005626
0.01820005626
0.01820005626
0.01820005626
0.01820005626
0.01820005626
0.01820005626
0.01820005626
0.01820005626
0.01820005626
0.01820005626
0.01820005626
0.01820005626
0.01820005626
0.01820005626
0.01820005626
0.01820005626
0.01820005626
0.01820005626
0.01820005626
0.01820005626
0.01820005626
0.01820005626
0.01820005626
0.01820005626
0.01820005626
0.01820005626
0.01820005626
0.01820005626
0.01820005626
0.01820005626
0.01820005626
0.01820005626
0.01820005626
0.01820005626
0.01820005626
0.01820005626
0.01820005626
0.01820005626
0.1258227398
0.1250179325
0.1254959545
0.1260505023
0.1266377614
0.127240579
0.1278431792
0.128428509
0.1289481798
0.1290092588
0.1250874866
0.102041499
0.04952141411
0.0182157098
0.0182001854
0.0182000565
0.01820005626
0.01820005625
0.01820005625
0.01820005625
0.01820005625
0.01820005625
0.01820005625
0.01820005625
0.01820005625
0.01820005625
0.01820005625
0.01820005625
0.01820005625
0.01820005625
0.01820005625
0.01820005625
0.01820005625
0.01820005625
0.01820005625
0.01820005625
0.01820005625
0.01820005625
0.01820005625
0.01820005625
0.01820005625
0.01820005625
0.01820005625
0.01820005625
0.01820005625
0.01820005625
0.01820005625
0.01820005625
0.01820005625
0.01820005625
0.01820005625
0.01820005625
0.01820005625
0.01820005625
0.01820005625
0.01820005625
0.01820005625
0.01820005625
0.01820005625
0.01820005625
0.01820005625
0.01820005625
0.01820005625
0.01820005625
0.01820005625
0.01820005625
0.01820005625
0.01820005625
0.01820005625
0.01820005625
0.01820005625
0.01820005625
0.01820005625
0.01820005625
0.01820005625
0.01820005625
0.01820005625
0.01820005625
0.01820005625
0.01820005625
0.01820005625
0.01820005625
0.01820005625
0.01820005625
0.01820005625
0.01820005625
0.01820005625
0.01820005625
0.01820005625
0.01820005625
0.01820005625
0.01820005625
0.01820005625
0.01820005625
0.01820005625
0.01820005625
0.01820005625
0.01820005625
0.01820005625
0.01820005625
0.01820005625
0.01820005625
0.01820005625
0.01820005625
0.01820005625
0.01820005625
0.01820005625
0.01820005625
0.01820005625
0.01820005625
0.01820005625
0.01820005625
0.01820005625
0.01820005625
0.01820005625
0.01820005625
0.01820005625
0.01820005625
0.01820005625
0.01820005625
0.01820005625
0.01820005625
0.01820005625
0.01820005625
0.01820005625
0.01820005625
0.01820005625
0.01820005625
0.01820005625
0.01820005625
0.01820005625
0.01820005625
0.01820005625
0.01820005625
0.01820005625
0.01820005625
0.01820005625
0.01820005625
0.01820005625
0.01820005625
0.01820005625
0.01820005625
0.01820005625
0.01820005625
0.01820005625
0.01820005625
0.01820005625
0.01820005625
0.01820005625
0.01820005625
0.01820005625
0.01820005625
0.01820005626
0.01820005626
0.01820005626
0.01820005626
0.01820005626
0.01820005626
0.01820005626
0.01820005626
0.01820005626
0.01820005626
0.01820005626
0.01820005626
0.01820005626
0.01820005626
0.01820005626
0.01820005626
0.01820005626
0.01820005626
0.01820005626
0.01820005626
0.01820005626
0.01820005626
0.01820005626
0.01820005626
0.01820005626
0.01820005626
0.01820005626
0.01820005626
0.01820005626
0.01820005626
0.01820005626
0.01820005626
0.01820005626
0.01820005626
0.01820005626
0.01820005626
0.01820005626
0.01820005626
0.01820005626
0.01820005626
0.01820005626
0.01820005626
0.01820005626
0.01820005626
0.01820005626
0.01820005626
0.01820005626
0.01820005626
0.1253645201
0.1245967546
0.1250926905
0.1256679533
0.1262799781
0.1269124885
0.1275506552
0.1281784864
0.1287502665
0.1288952803
0.1252706505
0.1031057961
0.05117670431
0.0182163473
0.01820019001
0.01820005651
0.01820005626
0.01820005625
0.01820005625
0.01820005625
0.01820005625
0.01820005625
0.01820005625
0.01820005625
0.01820005625
0.01820005625
0.01820005625
0.01820005625
0.01820005625
0.01820005625
0.01820005625
0.01820005625
0.01820005625
0.01820005625
0.01820005625
0.01820005625
0.01820005625
0.01820005625
0.01820005625
0.01820005625
0.01820005625
0.01820005625
0.01820005625
0.01820005625
0.01820005625
0.01820005625
0.01820005625
0.01820005625
0.01820005625
0.01820005625
0.01820005625
0.01820005625
0.01820005625
0.01820005625
0.01820005625
0.01820005625
0.01820005625
0.01820005625
0.01820005625
0.01820005625
0.01820005625
0.01820005625
0.01820005625
0.01820005625
0.01820005625
0.01820005625
0.01820005625
0.01820005625
0.01820005625
0.01820005625
0.01820005625
0.01820005625
0.01820005625
0.01820005625
0.01820005625
0.01820005625
0.01820005625
0.01820005625
0.01820005625
0.01820005625
0.01820005625
0.01820005625
0.01820005625
0.01820005625
0.01820005625
0.01820005625
0.01820005625
0.01820005625
0.01820005625
0.01820005625
0.01820005625
0.01820005625
0.01820005625
0.01820005625
0.01820005625
0.01820005625
0.01820005625
0.01820005625
0.01820005625
0.01820005625
0.01820005625
0.01820005625
0.01820005625
0.01820005625
0.01820005625
0.01820005625
0.01820005625
0.01820005625
0.01820005625
0.01820005625
0.01820005625
0.01820005625
0.01820005625
0.01820005625
0.01820005625
0.01820005625
0.01820005625
0.01820005625
0.01820005625
0.01820005625
0.01820005625
0.01820005625
0.01820005625
0.01820005625
0.01820005625
0.01820005625
0.01820005625
0.01820005625
0.01820005625
0.01820005625
0.01820005625
0.01820005625
0.01820005625
0.01820005625
0.01820005625
0.01820005625
0.01820005625
0.01820005625
0.01820005625
0.01820005625
0.01820005625
0.01820005625
0.01820005625
0.01820005625
0.01820005625
0.01820005625
0.01820005625
0.01820005625
0.01820005625
0.01820005625
0.01820005625
0.01820005625
0.01820005626
0.01820005626
0.01820005626
0.01820005626
0.01820005626
0.01820005626
0.01820005626
0.01820005626
0.01820005626
0.01820005626
0.01820005626
0.01820005626
0.01820005626
0.01820005626
0.01820005626
0.01820005626
0.01820005626
0.01820005626
0.01820005626
0.01820005626
0.01820005626
0.01820005626
0.01820005626
0.01820005626
0.01820005626
0.01820005626
0.01820005626
0.01820005626
0.01820005626
0.01820005626
0.01820005626
0.01820005626
0.01820005626
0.01820005626
0.01820005626
0.01820005626
0.01820005626
0.01820005626
0.01820005626
0.01820005626
0.01820005626
0.01820005626
0.01820005626
0.01820005626
0.01820005626
0.01820005626
0.01820005626
0.01820005626
0.1249040007
0.1241732524
0.1246872916
0.1252835669
0.125920764
0.126583475
0.1272577935
0.1279287508
0.1285531918
0.1287815584
0.1254463725
0.1041587562
0.05286599953
0.01821697632
0.01820019458
0.01820005652
0.01820005626
0.01820005625
0.01820005625
0.01820005625
0.01820005625
0.01820005625
0.01820005625
0.01820005625
0.01820005625
0.01820005625
0.01820005625
0.01820005625
0.01820005625
0.01820005625
0.01820005625
0.01820005625
0.01820005625
0.01820005625
0.01820005625
0.01820005625
0.01820005625
0.01820005625
0.01820005625
0.01820005625
0.01820005625
0.01820005625
0.01820005625
0.01820005625
0.01820005625
0.01820005625
0.01820005625
0.01820005625
0.01820005625
0.01820005625
0.01820005625
0.01820005625
0.01820005625
0.01820005625
0.01820005625
0.01820005625
0.01820005625
0.01820005625
0.01820005625
0.01820005625
0.01820005625
0.01820005625
0.01820005625
0.01820005625
0.01820005625
0.01820005625
0.01820005625
0.01820005625
0.01820005625
0.01820005625
0.01820005625
0.01820005625
0.01820005625
0.01820005625
0.01820005625
0.01820005625
0.01820005625
0.01820005625
0.01820005625
0.01820005625
0.01820005625
0.01820005625
0.01820005625
0.01820005625
0.01820005625
0.01820005625
0.01820005625
0.01820005625
0.01820005625
0.01820005625
0.01820005625
0.01820005625
0.01820005625
0.01820005625
0.01820005625
0.01820005625
0.01820005625
0.01820005625
0.01820005625
0.01820005625
0.01820005625
0.01820005625
0.01820005625
0.01820005625
0.01820005625
0.01820005625
0.01820005625
0.01820005625
0.01820005625
0.01820005625
0.01820005625
0.01820005625
0.01820005625
0.01820005625
0.01820005625
0.01820005625
0.01820005625
0.01820005625
0.01820005625
0.01820005625
0.01820005625
0.01820005625
0.01820005625
0.01820005625
0.01820005625
0.01820005625
0.01820005625
0.01820005625
0.01820005625
0.01820005625
0.01820005625
0.01820005625
0.01820005625
0.01820005625
0.01820005625
0.01820005625
0.01820005625
0.01820005625
0.01820005625
0.01820005625
0.01820005625
0.01820005625
0.01820005625
0.01820005625
0.01820005625
0.01820005625
0.01820005625
0.01820005625
0.01820005625
0.01820005625
0.01820005625
0.01820005625
0.01820005626
0.01820005626
0.01820005626
0.01820005626
0.01820005626
0.01820005626
0.01820005626
0.01820005626
0.01820005626
0.01820005626
0.01820005626
0.01820005626
0.01820005626
0.01820005626
0.01820005626
0.01820005626
0.01820005626
0.01820005626
0.01820005626
0.01820005626
0.01820005626
0.01820005626
0.01820005626
0.01820005626
0.01820005626
0.01820005626
0.01820005626
0.01820005626
0.01820005626
0.01820005626
0.01820005626
0.01820005626
0.01820005626
0.01820005626
0.01820005626
0.01820005626
0.01820005626
0.01820005626
0.01820005626
0.01820005626
0.01820005626
0.01820005626
0.01820005626
0.01820005626
0.01820005626
0.01820005626
0.01820005626
0.01820005626
0.1244412827
0.1237475054
0.1242798336
0.1248974098
0.1255601654
0.126253549
0.1269645534
0.1276791992
0.1283567913
0.128667927
0.1256146232
0.1052000057
0.05458985359
0.01821759707
0.0182001991
0.01820005653
0.01820005626
0.01820005625
0.01820005625
0.01820005625
0.01820005625
0.01820005625
0.01820005625
0.01820005625
0.01820005625
0.01820005625
0.01820005625
0.01820005625
0.01820005625
0.01820005625
0.01820005625
0.01820005625
0.01820005625
0.01820005625
0.01820005625
0.01820005625
0.01820005625
0.01820005625
0.01820005625
0.01820005625
0.01820005625
0.01820005625
0.01820005625
0.01820005625
0.01820005625
0.01820005625
0.01820005625
0.01820005625
0.01820005625
0.01820005625
0.01820005625
0.01820005625
0.01820005625
0.01820005625
0.01820005625
0.01820005625
0.01820005625
0.01820005625
0.01820005625
0.01820005625
0.01820005625
0.01820005625
0.01820005625
0.01820005625
0.01820005625
0.01820005625
0.01820005625
0.01820005625
0.01820005625
0.01820005625
0.01820005625
0.01820005625
0.01820005625
0.01820005625
0.01820005625
0.01820005625
0.01820005625
0.01820005625
0.01820005625
0.01820005625
0.01820005625
0.01820005625
0.01820005625
0.01820005625
0.01820005625
0.01820005625
0.01820005625
0.01820005625
0.01820005625
0.01820005625
0.01820005625
0.01820005625
0.01820005625
0.01820005625
0.01820005625
0.01820005625
0.01820005625
0.01820005625
0.01820005625
0.01820005625
0.01820005625
0.01820005625
0.01820005625
0.01820005625
0.01820005625
0.01820005625
0.01820005625
0.01820005625
0.01820005625
0.01820005625
0.01820005625
0.01820005625
0.01820005625
0.01820005625
0.01820005625
0.01820005625
0.01820005625
0.01820005625
0.01820005625
0.01820005625
0.01820005625
0.01820005625
0.01820005625
0.01820005625
0.01820005625
0.01820005625
0.01820005625
0.01820005625
0.01820005625
0.01820005625
0.01820005625
0.01820005625
0.01820005625
0.01820005625
0.01820005625
0.01820005625
0.01820005625
0.01820005625
0.01820005625
0.01820005625
0.01820005625
0.01820005625
0.01820005625
0.01820005625
0.01820005625
0.01820005625
0.01820005625
0.01820005625
0.01820005625
0.01820005625
0.01820005625
0.01820005625
0.01820005626
0.01820005626
0.01820005626
0.01820005626
0.01820005626
0.01820005626
0.01820005626
0.01820005626
0.01820005626
0.01820005626
0.01820005626
0.01820005626
0.01820005626
0.01820005626
0.01820005626
0.01820005626
0.01820005626
0.01820005626
0.01820005626
0.01820005626
0.01820005626
0.01820005626
0.01820005626
0.01820005626
0.01820005626
0.01820005626
0.01820005626
0.01820005626
0.01820005626
0.01820005626
0.01820005626
0.01820005626
0.01820005626
0.01820005626
0.01820005626
0.01820005626
0.01820005626
0.01820005626
0.01820005626
0.01820005626
0.01820005626
0.01820005626
0.01820005626
0.01820005626
0.01820005626
0.01820005626
0.01820005626
0.01820005626
0.1239764336
0.1233195652
0.1238703685
0.124509531
0.1251982184
0.1259227193
0.126670901
0.1274297432
0.1281609218
0.1285542425
0.1257753876
0.1062291426
0.05634880567
0.01821820984
0.01820020358
0.01820005654
0.01820005626
0.01820005625
0.01820005625
0.01820005625
0.01820005625
0.01820005625
0.01820005625
0.01820005625
0.01820005625
0.01820005625
0.01820005625
0.01820005625
0.01820005625
0.01820005625
0.01820005625
0.01820005625
0.01820005625
0.01820005625
0.01820005625
0.01820005625
0.01820005625
0.01820005625
0.01820005625
0.01820005625
0.01820005625
0.01820005625
0.01820005625
0.01820005625
0.01820005625
0.01820005625
0.01820005625
0.01820005625
0.01820005625
0.01820005625
0.01820005625
0.01820005625
0.01820005625
0.01820005625
0.01820005625
0.01820005625
0.01820005625
0.01820005625
0.01820005625
0.01820005625
0.01820005625
0.01820005625
0.01820005625
0.01820005625
0.01820005625
0.01820005625
0.01820005625
0.01820005625
0.01820005625
0.01820005625
0.01820005625
0.01820005625
0.01820005625
0.01820005625
0.01820005625
0.01820005625
0.01820005625
0.01820005625
0.01820005625
0.01820005625
0.01820005625
0.01820005625
0.01820005625
0.01820005625
0.01820005625
0.01820005625
0.01820005625
0.01820005625
0.01820005625
0.01820005625
0.01820005625
0.01820005625
0.01820005625
0.01820005625
0.01820005625
0.01820005625
0.01820005625
0.01820005625
0.01820005625
0.01820005625
0.01820005625
0.01820005625
0.01820005625
0.01820005625
0.01820005625
0.01820005625
0.01820005625
0.01820005625
0.01820005625
0.01820005625
0.01820005625
0.01820005625
0.01820005625
0.01820005625
0.01820005625
0.01820005625
0.01820005625
0.01820005625
0.01820005625
0.01820005625
0.01820005625
0.01820005625
0.01820005625
0.01820005625
0.01820005625
0.01820005625
0.01820005625
0.01820005625
0.01820005625
0.01820005625
0.01820005625
0.01820005625
0.01820005625
0.01820005625
0.01820005625
0.01820005625
0.01820005625
0.01820005625
0.01820005625
0.01820005625
0.01820005625
0.01820005625
0.01820005625
0.01820005625
0.01820005625
0.01820005625
0.01820005625
0.01820005625
0.01820005625
0.01820005625
0.01820005625
0.01820005626
0.01820005626
0.01820005626
0.01820005626
0.01820005626
0.01820005626
0.01820005626
0.01820005626
0.01820005626
0.01820005626
0.01820005626
0.01820005626
0.01820005626
0.01820005626
0.01820005626
0.01820005626
0.01820005626
0.01820005626
0.01820005626
0.01820005626
0.01820005626
0.01820005626
0.01820005626
0.01820005626
0.01820005626
0.01820005626
0.01820005626
0.01820005626
0.01820005626
0.01820005626
0.01820005626
0.01820005626
0.01820005626
0.01820005626
0.01820005626
0.01820005626
0.01820005626
0.01820005626
0.01820005626
0.01820005626
0.01820005626
0.01820005626
0.01820005626
0.01820005626
0.01820005626
0.01820005626
0.01820005626
0.01820005626
0.01820005626
0.1235094812
0.1228894497
0.1234589216
0.1241199618
0.1248349528
0.1255910011
0.1263768206
0.1271803222
0.1279654739
0.1284403962
0.1259286786
0.1072457502
0.058143382
0.01821881491
0.01820020803
0.01820005655
0.01820005626
0.01820005625
0.01820005625
0.01820005625
0.01820005625
0.01820005625
0.01820005625
0.01820005625
0.01820005625
0.01820005625
0.01820005625
0.01820005625
0.01820005625
0.01820005625
0.01820005625
0.01820005625
0.01820005625
0.01820005625
0.01820005625
0.01820005625
0.01820005625
0.01820005625
0.01820005625
0.01820005625
0.01820005625
0.01820005625
0.01820005625
0.01820005625
0.01820005625
0.01820005625
0.01820005625
0.01820005625
0.01820005625
0.01820005625
0.01820005625
0.01820005625
0.01820005625
0.01820005625
0.01820005625
0.01820005625
0.01820005625
0.01820005625
0.01820005625
0.01820005625
0.01820005625
0.01820005625
0.01820005625
0.01820005625
0.01820005625
0.01820005625
0.01820005625
0.01820005625
0.01820005625
0.01820005625
0.01820005625
0.01820005625
0.01820005625
0.01820005625
0.01820005625
0.01820005625
0.01820005625
0.01820005625
0.01820005625
0.01820005625
0.01820005625
0.01820005625
0.01820005625
0.01820005625
0.01820005625
0.01820005625
0.01820005625
0.01820005625
0.01820005625
0.01820005625
0.01820005625
0.01820005625
0.01820005625
0.01820005625
0.01820005625
0.01820005625
0.01820005625
0.01820005625
0.01820005625
0.01820005625
0.01820005625
0.01820005625
0.01820005625
0.01820005625
0.01820005625
0.01820005625
0.01820005625
0.01820005625
0.01820005625
0.01820005625
0.01820005625
0.01820005625
0.01820005625
0.01820005625
0.01820005625
0.01820005625
0.01820005625
0.01820005625
0.01820005625
0.01820005625
0.01820005625
0.01820005625
0.01820005625
0.01820005625
0.01820005625
0.01820005625
0.01820005625
0.01820005625
0.01820005625
0.01820005625
0.01820005625
0.01820005625
0.01820005625
0.01820005625
0.01820005625
0.01820005625
0.01820005625
0.01820005625
0.01820005625
0.01820005625
0.01820005625
0.01820005625
0.01820005625
0.01820005625
0.01820005625
0.01820005625
0.01820005625
0.01820005625
0.01820005625
0.01820005625
0.01820005626
0.01820005626
0.01820005626
0.01820005626
0.01820005626
0.01820005626
0.01820005626
0.01820005626
0.01820005626
0.01820005626
0.01820005626
0.01820005626
0.01820005626
0.01820005626
0.01820005626
0.01820005626
0.01820005626
0.01820005626
0.01820005626
0.01820005626
0.01820005626
0.01820005626
0.01820005626
0.01820005626
0.01820005626
0.01820005626
0.01820005626
0.01820005626
0.01820005626
0.01820005626
0.01820005626
0.01820005626
0.01820005626
0.01820005626
0.01820005626
0.01820005626
0.01820005626
0.01820005626
0.01820005626
0.01820005626
0.01820005626
0.01820005626
0.01820005626
0.01820005626
0.01820005626
0.01820005626
0.01820005626
0.01820005626
0.01820005626
0.01820005626
0.1230404034
0.1224571333
0.1230454838
0.1237287137
0.1244703971
0.1252584283
0.1260823335
0.1269309256
0.1277703941
0.1283263324
0.1260745524
0.1082494128
0.05997410296
0.01821941259
0.01820021245
0.01820005656
0.01820005626
0.01820005625
0.01820005625
0.01820005625
0.01820005625
0.01820005625
0.01820005625
0.01820005625
0.01820005625
0.01820005625
0.01820005625
0.01820005625
0.01820005625
0.01820005625
0.01820005625
0.01820005625
0.01820005625
0.01820005625
0.01820005625
0.01820005625
0.01820005625
0.01820005625
0.01820005625
0.01820005625
0.01820005625
0.01820005625
0.01820005625
0.01820005625
0.01820005625
0.01820005625
0.01820005625
0.01820005625
0.01820005625
0.01820005625
0.01820005625
0.01820005625
0.01820005625
0.01820005625
0.01820005625
0.01820005625
0.01820005625
0.01820005625
0.01820005625
0.01820005625
0.01820005625
0.01820005625
0.01820005625
0.01820005625
0.01820005625
0.01820005625
0.01820005625
0.01820005625
0.01820005625
0.01820005625
0.01820005625
0.01820005625
0.01820005625
0.01820005625
0.01820005625
0.01820005625
0.01820005625
0.01820005625
0.01820005625
0.01820005625
0.01820005625
0.01820005625
0.01820005625
0.01820005625
0.01820005625
0.01820005625
0.01820005625
0.01820005625
0.01820005625
0.01820005625
0.01820005625
0.01820005625
0.01820005625
0.01820005625
0.01820005625
0.01820005625
0.01820005625
0.01820005625
0.01820005625
0.01820005625
0.01820005625
0.01820005625
0.01820005625
0.01820005625
0.01820005625
0.01820005625
0.01820005625
0.01820005625
0.01820005625
0.01820005625
0.01820005625
0.01820005625
0.01820005625
0.01820005625
0.01820005625
0.01820005625
0.01820005625
0.01820005625
0.01820005625
0.01820005625
0.01820005625
0.01820005625
0.01820005625
0.01820005625
0.01820005625
0.01820005625
0.01820005625
0.01820005625
0.01820005625
0.01820005625
0.01820005625
0.01820005625
0.01820005625
0.01820005625
0.01820005625
0.01820005625
0.01820005625
0.01820005625
0.01820005625
0.01820005625
0.01820005625
0.01820005625
0.01820005625
0.01820005625
0.01820005625
0.01820005625
0.01820005625
0.01820005625
0.01820005625
0.01820005626
0.01820005626
0.01820005626
0.01820005626
0.01820005626
0.01820005626
0.01820005626
0.01820005626
0.01820005626
0.01820005626
0.01820005626
0.01820005626
0.01820005626
0.01820005626
0.01820005626
0.01820005626
0.01820005626
0.01820005626
0.01820005626
0.01820005626
0.01820005626
0.01820005626
0.01820005626
0.01820005626
0.01820005626
0.01820005626
0.01820005626
0.01820005626
0.01820005626
0.01820005626
0.01820005626
0.01820005626
0.01820005626
0.01820005626
0.01820005626
0.01820005626
0.01820005626
0.01820005626
0.01820005626
0.01820005626
0.01820005626
0.01820005626
0.01820005626
0.01820005626
0.01820005626
0.01820005626
0.01820005626
0.01820005626
0.01820005626
0.01820005626
0.01820005626
0.1225691131
0.1220225304
0.1226299986
0.1233357708
0.124104581
0.1249250703
0.1257875297
0.1266816339
0.127575726
0.1282120822
0.1262131363
0.1092397395
0.06184150053
0.01822000321
0.01820021683
0.01820005657
0.01820005626
0.01820005625
0.01820005625
0.01820005625
0.01820005625
0.01820005625
0.01820005625
0.01820005625
0.01820005625
0.01820005625
0.01820005625
0.01820005625
0.01820005625
0.01820005625
0.01820005625
0.01820005625
0.01820005625
0.01820005625
0.01820005625
0.01820005625
0.01820005625
0.01820005625
0.01820005625
0.01820005625
0.01820005625
0.01820005625
0.01820005625
0.01820005625
0.01820005625
0.01820005625
0.01820005625
0.01820005625
0.01820005625
0.01820005625
0.01820005625
0.01820005625
0.01820005625
0.01820005625
0.01820005625
0.01820005625
0.01820005625
0.01820005625
0.01820005625
0.01820005625
0.01820005625
0.01820005625
0.01820005625
0.01820005625
0.01820005625
0.01820005625
0.01820005625
0.01820005625
0.01820005625
0.01820005625
0.01820005625
0.01820005625
0.01820005625
0.01820005625
0.01820005625
0.01820005625
0.01820005625
0.01820005625
0.01820005625
0.01820005625
0.01820005625
0.01820005625
0.01820005625
0.01820005625
0.01820005625
0.01820005625
0.01820005625
0.01820005625
0.01820005625
0.01820005625
0.01820005625
0.01820005625
0.01820005625
0.01820005625
0.01820005625
0.01820005625
0.01820005625
0.01820005625
0.01820005625
0.01820005625
0.01820005625
0.01820005625
0.01820005625
0.01820005625
0.01820005625
0.01820005625
0.01820005625
0.01820005625
0.01820005625
0.01820005625
0.01820005625
0.01820005625
0.01820005625
0.01820005625
0.01820005625
0.01820005625
0.01820005625
0.01820005625
0.01820005625
0.01820005625
0.01820005625
0.01820005625
0.01820005625
0.01820005625
0.01820005625
0.01820005625
0.01820005625
0.01820005625
0.01820005625
0.01820005625
0.01820005625
0.01820005625
0.01820005625
0.01820005625
0.01820005625
0.01820005625
0.01820005625
0.01820005625
0.01820005625
0.01820005625
0.01820005625
0.01820005625
0.01820005625
0.01820005625
0.01820005625
0.01820005625
0.01820005625
0.01820005625
0.01820005626
0.01820005626
0.01820005626
0.01820005626
0.01820005626
0.01820005626
0.01820005626
0.01820005626
0.01820005626
0.01820005626
0.01820005626
0.01820005626
0.01820005626
0.01820005626
0.01820005626
0.01820005626
0.01820005626
0.01820005626
0.01820005626
0.01820005626
0.01820005626
0.01820005626
0.01820005626
0.01820005626
0.01820005626
0.01820005626
0.01820005626
0.01820005626
0.01820005626
0.01820005626
0.01820005626
0.01820005626
0.01820005626
0.01820005626
0.01820005626
0.01820005626
0.01820005626
0.01820005626
0.01820005626
0.01820005626
0.01820005626
0.01820005626
0.01820005626
0.01820005626
0.01820005626
0.01820005626
0.01820005626
0.01820005626
0.01820005626
0.01820005626
0.01820005626
0.01820005626
0.1220954339
0.1215854698
0.1222123369
0.1229410709
0.1237375308
0.1245910528
0.1254926213
0.1264327012
0.1273817016
0.1280978367
0.12634467
0.1102163962
0.06374614375
0.0182205871
0.01820022119
0.01820005658
0.01820005626
0.01820005625
0.01820005625
0.01820005625
0.01820005625
0.01820005625
0.01820005625
0.01820005625
0.01820005625
0.01820005625
0.01820005625
0.01820005625
0.01820005625
0.01820005625
0.01820005625
0.01820005625
0.01820005625
0.01820005625
0.01820005625
0.01820005625
0.01820005625
0.01820005625
0.01820005625
0.01820005625
0.01820005625
0.01820005625
0.01820005625
0.01820005625
0.01820005625
0.01820005625
0.01820005625
0.01820005625
0.01820005625
0.01820005625
0.01820005625
0.01820005625
0.01820005625
0.01820005625
0.01820005625
0.01820005625
0.01820005625
0.01820005625
0.01820005625
0.01820005625
0.01820005625
0.01820005625
0.01820005625
0.01820005625
0.01820005625
0.01820005625
0.01820005625
0.01820005625
0.01820005625
0.01820005625
0.01820005625
0.01820005625
0.01820005625
0.01820005625
0.01820005625
0.01820005625
0.01820005625
0.01820005625
0.01820005625
0.01820005625
0.01820005625
0.01820005625
0.01820005625
0.01820005625
0.01820005625
0.01820005625
0.01820005625
0.01820005625
0.01820005625
0.01820005625
0.01820005625
0.01820005625
0.01820005625
0.01820005625
0.01820005625
0.01820005625
0.01820005625
0.01820005625
0.01820005625
0.01820005625
0.01820005625
0.01820005625
0.01820005625
0.01820005625
0.01820005625
0.01820005625
0.01820005625
0.01820005625
0.01820005625
0.01820005625
0.01820005625
0.01820005625
0.01820005625
0.01820005625
0.01820005625
0.01820005625
0.01820005625
0.01820005625
0.01820005625
0.01820005625
0.01820005625
0.01820005625
0.01820005625
0.01820005625
0.01820005625
0.01820005625
0.01820005625
0.01820005625
0.01820005625
0.01820005625
0.01820005625
0.01820005625
0.01820005625
0.01820005625
0.01820005625
0.01820005625
0.01820005625
0.01820005625
0.01820005625
0.01820005625
0.01820005625
0.01820005625
0.01820005625
0.01820005625
0.01820005625
0.01820005625
0.01820005625
0.01820005625
0.01820005626
0.01820005626
0.01820005626
0.01820005626
0.01820005626
0.01820005626
0.01820005626
0.01820005626
0.01820005626
0.01820005626
0.01820005626
0.01820005626
0.01820005626
0.01820005626
0.01820005626
0.01820005626
0.01820005626
0.01820005626
0.01820005626
0.01820005626
0.01820005626
0.01820005626
0.01820005626
0.01820005626
0.01820005626
0.01820005626
0.01820005626
0.01820005626
0.01820005626
0.01820005626
0.01820005626
0.01820005626
0.01820005626
0.01820005626
0.01820005626
0.01820005626
0.01820005626
0.01820005626
0.01820005626
0.01820005626
0.01820005626
0.01820005626
0.01820005626
0.01820005626
0.01820005626
0.01820005626
0.01820005626
0.01820005626
0.01820005626
0.01820005626
0.01820005626
0.01820005626
0.1216190662
0.121145656
0.1217922539
0.1225444603
0.1233692383
0.1242565676
0.1251980266
0.1261847303
0.1271889741
0.1279841371
0.1264695454
0.1111790916
0.06568871832
0.01822116572
0.01820022552
0.01820005659
0.01820005626
0.01820005625
0.01820005625
0.01820005625
0.01820005625
0.01820005625
0.01820005625
0.01820005625
0.01820005625
0.01820005625
0.01820005625
0.01820005625
0.01820005625
0.01820005625
0.01820005625
0.01820005625
0.01820005625
0.01820005625
0.01820005625
0.01820005625
0.01820005625
0.01820005625
0.01820005625
0.01820005625
0.01820005625
0.01820005625
0.01820005625
0.01820005625
0.01820005625
0.01820005625
0.01820005625
0.01820005625
0.01820005625
0.01820005625
0.01820005625
0.01820005625
0.01820005625
0.01820005625
0.01820005625
0.01820005625
0.01820005625
0.01820005625
0.01820005625
0.01820005625
0.01820005625
0.01820005625
0.01820005625
0.01820005625
0.01820005625
0.01820005625
0.01820005625
0.01820005625
0.01820005625
0.01820005625
0.01820005625
0.01820005625
0.01820005625
0.01820005625
0.01820005625
0.01820005625
0.01820005625
0.01820005625
0.01820005625
0.01820005625
0.01820005625
0.01820005625
0.01820005625
0.01820005625
0.01820005625
0.01820005625
0.01820005625
0.01820005625
0.01820005625
0.01820005625
0.01820005625
0.01820005625
0.01820005625
0.01820005625
0.01820005625
0.01820005625
0.01820005625
0.01820005625
0.01820005625
0.01820005625
0.01820005625
0.01820005625
0.01820005625
0.01820005625
0.01820005625
0.01820005625
0.01820005625
0.01820005625
0.01820005625
0.01820005625
0.01820005625
0.01820005625
0.01820005625
0.01820005625
0.01820005625
0.01820005625
0.01820005625
0.01820005625
0.01820005625
0.01820005625
0.01820005625
0.01820005625
0.01820005625
0.01820005625
0.01820005625
0.01820005625
0.01820005625
0.01820005625
0.01820005625
0.01820005625
0.01820005625
0.01820005625
0.01820005625
0.01820005625
0.01820005625
0.01820005625
0.01820005625
0.01820005625
0.01820005625
0.01820005625
0.01820005625
0.01820005625
0.01820005625
0.01820005625
0.01820005625
0.01820005625
0.01820005625
0.01820005626
0.01820005626
0.01820005626
0.01820005626
0.01820005626
0.01820005626
0.01820005626
0.01820005626
0.01820005626
0.01820005626
0.01820005626
0.01820005626
0.01820005626
0.01820005626
0.01820005626
0.01820005626
0.01820005626
0.01820005626
0.01820005626
0.01820005626
0.01820005626
0.01820005626
0.01820005626
0.01820005626
0.01820005626
0.01820005626
0.01820005626
0.01820005626
0.01820005626
0.01820005626
0.01820005626
0.01820005626
0.01820005626
0.01820005626
0.01820005626
0.01820005626
0.01820005626
0.01820005626
0.01820005626
0.01820005626
0.01820005626
0.01820005626
0.01820005626
0.01820005626
0.01820005626
0.01820005626
0.01820005626
0.01820005626
0.01820005626
0.01820005626
0.01820005626
0.01820005626
0.01820005626
0.1211395495
0.1207026213
0.1213693176
0.1221455982
0.1229995542
0.1239218069
0.1249044473
0.1259390308
0.1269993448
0.1278728379
0.1265890133
0.1121276856
0.0676704643
0.01822168079
0.01820023308
0.0182000566
0.01820005626
0.01820005625
0.01820005625
0.01820005625
0.01820005625
0.01820005625
0.01820005625
0.01820005625
0.01820005625
0.01820005625
0.01820005625
0.01820005625
0.01820005625
0.01820005625
0.01820005625
0.01820005625
0.01820005625
0.01820005625
0.01820005625
0.01820005625
0.01820005625
0.01820005625
0.01820005625
0.01820005625
0.01820005625
0.01820005625
0.01820005625
0.01820005625
0.01820005625
0.01820005625
0.01820005625
0.01820005625
0.01820005625
0.01820005625
0.01820005625
0.01820005625
0.01820005625
0.01820005625
0.01820005625
0.01820005625
0.01820005625
0.01820005625
0.01820005625
0.01820005625
0.01820005625
0.01820005625
0.01820005625
0.01820005625
0.01820005625
0.01820005625
0.01820005625
0.01820005625
0.01820005625
0.01820005625
0.01820005625
0.01820005625
0.01820005625
0.01820005625
0.01820005625
0.01820005625
0.01820005625
0.01820005625
0.01820005625
0.01820005625
0.01820005625
0.01820005625
0.01820005625
0.01820005625
0.01820005625
0.01820005625
0.01820005625
0.01820005625
0.01820005625
0.01820005625
0.01820005625
0.01820005625
0.01820005625
0.01820005625
0.01820005625
0.01820005625
0.01820005625
0.01820005625
0.01820005625
0.01820005625
0.01820005625
0.01820005625
0.01820005625
0.01820005625
0.01820005625
0.01820005625
0.01820005625
0.01820005625
0.01820005625
0.01820005625
0.01820005625
0.01820005625
0.01820005625
0.01820005625
0.01820005625
0.01820005625
0.01820005625
0.01820005625
0.01820005625
0.01820005625
0.01820005625
0.01820005625
0.01820005625
0.01820005625
0.01820005625
0.01820005625
0.01820005625
0.01820005625
0.01820005625
0.01820005625
0.01820005625
0.01820005625
0.01820005625
0.01820005625
0.01820005625
0.01820005625
0.01820005625
0.01820005625
0.01820005625
0.01820005625
0.01820005625
0.01820005625
0.01820005625
0.01820005625
0.01820005625
0.01820005625
0.01820005626
0.01820005626
0.01820005626
0.01820005626
0.01820005626
0.01820005626
0.01820005626
0.01820005626
0.01820005626
0.01820005626
0.01820005626
0.01820005626
0.01820005626
0.01820005626
0.01820005626
0.01820005626
0.01820005626
0.01820005626
0.01820005626
0.01820005626
0.01820005626
0.01820005626
0.01820005626
0.01820005626
0.01820005626
0.01820005626
0.01820005626
0.01820005626
0.01820005626
0.01820005626
0.01820005626
0.01820005626
0.01820005626
0.01820005626
0.01820005626
0.01820005626
0.01820005626
0.01820005626
0.01820005626
0.01820005626
0.01820005626
0.01820005626
0.01820005626
0.01820005626
0.01820005626
0.01820005626
0.01820005626
0.01820005626
0.01820005626
0.01820005626
0.01820005626
0.01820005626
0.01820005626
0.01820005626
0.1206562329
0.1202556784
0.1209428137
0.1217437782
0.1226279012
0.1235865879
0.1246125593
0.1256977846
0.1268170911
0.1277699724
0.1267067008
0.1130397739
0.06953984263
0.01857020718
0.01820031496
0.01820005743
0.01820005626
0.01820005625
0.01820005625
0.01820005625
0.01820005625
0.01820005625
0.01820005625
0.01820005625
0.01820005625
0.01820005625
0.01820005625
0.01820005625
0.01820005625
0.01820005625
0.01820005625
0.01820005625
0.01820005625
0.01820005625
0.01820005625
0.01820005625
0.01820005625
0.01820005625
0.01820005625
0.01820005625
0.01820005625
0.01820005625
0.01820005625
0.01820005625
0.01820005625
0.01820005625
0.01820005625
0.01820005625
0.01820005625
0.01820005625
0.01820005625
0.01820005625
0.01820005625
0.01820005625
0.01820005625
0.01820005625
0.01820005625
0.01820005625
0.01820005625
0.01820005625
0.01820005625
0.01820005625
0.01820005625
0.01820005625
0.01820005625
0.01820005625
0.01820005625
0.01820005625
0.01820005625
0.01820005625
0.01820005625
0.01820005625
0.01820005625
0.01820005625
0.01820005625
0.01820005625
0.01820005625
0.01820005625
0.01820005625
0.01820005625
0.01820005625
0.01820005625
0.01820005625
0.01820005625
0.01820005625
0.01820005625
0.01820005625
0.01820005625
0.01820005625
0.01820005625
0.01820005625
0.01820005625
0.01820005625
0.01820005625
0.01820005625
0.01820005625
0.01820005625
0.01820005625
0.01820005625
0.01820005625
0.01820005625
0.01820005625
0.01820005625
0.01820005625
0.01820005625
0.01820005625
0.01820005625
0.01820005625
0.01820005625
0.01820005625
0.01820005625
0.01820005625
0.01820005625
0.01820005625
0.01820005625
0.01820005625
0.01820005625
0.01820005625
0.01820005625
0.01820005625
0.01820005625
0.01820005625
0.01820005625
0.01820005625
0.01820005625
0.01820005625
0.01820005625
0.01820005625
0.01820005625
0.01820005625
0.01820005625
0.01820005625
0.01820005625
0.01820005625
0.01820005625
0.01820005625
0.01820005625
0.01820005625
0.01820005625
0.01820005625
0.01820005625
0.01820005625
0.01820005625
0.01820005625
0.01820005625
0.01820005626
0.01820005626
0.01820005626
0.01820005626
0.01820005626
0.01820005626
0.01820005626
0.01820005626
0.01820005626
0.01820005626
0.01820005626
0.01820005626
0.01820005626
0.01820005626
0.01820005626
0.01820005626
0.01820005626
0.01820005626
0.01820005626
0.01820005626
0.01820005626
0.01820005626
0.01820005626
0.01820005626
0.01820005626
0.01820005626
0.01820005626
0.01820005626
0.01820005626
0.01820005626
0.01820005626
0.01820005626
0.01820005626
0.01820005626
0.01820005626
0.01820005626
0.01820005626
0.01820005626
0.01820005626
0.01820005626
0.01820005626
0.01820005626
0.01820005626
0.01820005626
0.01820005626
0.01820005626
0.01820005626
0.01820005626
0.01820005626
0.01820005626
0.01820005626
0.01820005626
0.01820005626
0.01820005626
0.01820005626
0.1201682895
0.1198039173
0.120511674
0.1213377026
0.1222527281
0.1232492071
0.1243208581
0.125460418
0.1266436179
0.1276795998
0.126828304
0.1139183245
0.0713170646
0.0193661451
0.01820055363
0.01820006
0.01820005626
0.01820005625
0.01820005625
0.01820005625
0.01820005625
0.01820005625
0.01820005625
0.01820005625
0.01820005625
0.01820005625
0.01820005625
0.01820005625
0.01820005625
0.01820005625
0.01820005625
0.01820005625
0.01820005625
0.01820005625
0.01820005625
0.01820005625
0.01820005625
0.01820005625
0.01820005625
0.01820005625
0.01820005625
0.01820005625
0.01820005625
0.01820005625
0.01820005625
0.01820005625
0.01820005625
0.01820005625
0.01820005625
0.01820005625
0.01820005625
0.01820005625
0.01820005625
0.01820005625
0.01820005625
0.01820005625
0.01820005625
0.01820005625
0.01820005625
0.01820005625
0.01820005625
0.01820005625
0.01820005625
0.01820005625
0.01820005625
0.01820005625
0.01820005625
0.01820005625
0.01820005625
0.01820005625
0.01820005625
0.01820005625
0.01820005625
0.01820005625
0.01820005625
0.01820005625
0.01820005625
0.01820005625
0.01820005625
0.01820005625
0.01820005625
0.01820005625
0.01820005625
0.01820005625
0.01820005625
0.01820005625
0.01820005625
0.01820005625
0.01820005625
0.01820005625
0.01820005625
0.01820005625
0.01820005625
0.01820005625
0.01820005625
0.01820005625
0.01820005625
0.01820005625
0.01820005625
0.01820005625
0.01820005625
0.01820005625
0.01820005625
0.01820005625
0.01820005625
0.01820005625
0.01820005625
0.01820005625
0.01820005625
0.01820005625
0.01820005625
0.01820005625
0.01820005625
0.01820005625
0.01820005625
0.01820005625
0.01820005625
0.01820005625
0.01820005625
0.01820005625
0.01820005625
0.01820005625
0.01820005625
0.01820005625
0.01820005625
0.01820005625
0.01820005625
0.01820005625
0.01820005625
0.01820005625
0.01820005625
0.01820005625
0.01820005625
0.01820005625
0.01820005625
0.01820005625
0.01820005625
0.01820005625
0.01820005625
0.01820005625
0.01820005625
0.01820005625
0.01820005625
0.01820005625
0.01820005625
0.01820005626
0.01820005626
0.01820005626
0.01820005626
0.01820005626
0.01820005626
0.01820005626
0.01820005626
0.01820005626
0.01820005626
0.01820005626
0.01820005626
0.01820005626
0.01820005626
0.01820005626
0.01820005626
0.01820005626
0.01820005626
0.01820005626
0.01820005626
0.01820005626
0.01820005626
0.01820005626
0.01820005626
0.01820005626
0.01820005626
0.01820005626
0.01820005626
0.01820005626
0.01820005626
0.01820005626
0.01820005626
0.01820005626
0.01820005626
0.01820005626
0.01820005626
0.01820005626
0.01820005626
0.01820005626
0.01820005626
0.01820005626
0.01820005626
0.01820005626
0.01820005626
0.01820005626
0.01820005626
0.01820005626
0.01820005626
0.01820005626
0.01820005626
0.01820005626
0.01820005626
0.01820005626
0.01820005626
0.01820005626
0.1196748055
0.1193463144
0.1200745861
0.1209255383
0.1218713398
0.1229056041
0.124023185
0.1252175963
0.1264647931
0.1275806257
0.1269259308
0.1147482903
0.07311105493
0.02044585498
0.01820094779
0.01820006451
0.01820005626
0.01820005625
0.01820005625
0.01820005625
0.01820005625
0.01820005625
0.01820005625
0.01820005625
0.01820005625
0.01820005625
0.01820005625
0.01820005625
0.01820005625
0.01820005625
0.01820005625
0.01820005625
0.01820005625
0.01820005625
0.01820005625
0.01820005625
0.01820005625
0.01820005625
0.01820005625
0.01820005625
0.01820005625
0.01820005625
0.01820005625
0.01820005625
0.01820005625
0.01820005625
0.01820005625
0.01820005625
0.01820005625
0.01820005625
0.01820005625
0.01820005625
0.01820005625
0.01820005625
0.01820005625
0.01820005625
0.01820005625
0.01820005625
0.01820005625
0.01820005625
0.01820005625
0.01820005625
0.01820005625
0.01820005625
0.01820005625
0.01820005625
0.01820005625
0.01820005625
0.01820005625
0.01820005625
0.01820005625
0.01820005625
0.01820005625
0.01820005625
0.01820005625
0.01820005625
0.01820005625
0.01820005625
0.01820005625
0.01820005625
0.01820005625
0.01820005625
0.01820005625
0.01820005625
0.01820005625
0.01820005625
0.01820005625
0.01820005625
0.01820005625
0.01820005625
0.01820005625
0.01820005625
0.01820005625
0.01820005625
0.01820005625
0.01820005625
0.01820005625
0.01820005625
0.01820005625
0.01820005625
0.01820005625
0.01820005625
0.01820005625
0.01820005625
0.01820005625
0.01820005625
0.01820005625
0.01820005625
0.01820005625
0.01820005625
0.01820005625
0.01820005625
0.01820005625
0.01820005625
0.01820005625
0.01820005625
0.01820005625
0.01820005625
0.01820005625
0.01820005625
0.01820005625
0.01820005625
0.01820005625
0.01820005625
0.01820005625
0.01820005625
0.01820005625
0.01820005625
0.01820005625
0.01820005625
0.01820005625
0.01820005625
0.01820005625
0.01820005625
0.01820005625
0.01820005625
0.01820005625
0.01820005625
0.01820005625
0.01820005625
0.01820005625
0.01820005625
0.01820005625
0.01820005625
0.01820005626
0.01820005626
0.01820005626
0.01820005626
0.01820005626
0.01820005626
0.01820005626
0.01820005626
0.01820005626
0.01820005626
0.01820005626
0.01820005626
0.01820005626
0.01820005626
0.01820005626
0.01820005626
0.01820005626
0.01820005626
0.01820005626
0.01820005626
0.01820005626
0.01820005626
0.01820005626
0.01820005626
0.01820005626
0.01820005626
0.01820005626
0.01820005626
0.01820005626
0.01820005626
0.01820005626
0.01820005626
0.01820005626
0.01820005626
0.01820005626
0.01820005626
0.01820005626
0.01820005626
0.01820005626
0.01820005626
0.01820005626
0.01820005626
0.01820005626
0.01820005626
0.01820005626
0.01820005626
0.01820005626
0.01820005626
0.01820005626
0.01820005626
0.01820005626
0.01820005626
0.01820005626
0.01820005626
0.01820005626
0.01820005626
0.119174952
0.1188819667
0.119630372
0.1205055786
0.1214810751
0.1225514406
0.1237123284
0.124957354
0.1262612572
0.1274437258
0.1269617949
0.1155006211
0.07493826749
0.02174414106
0.01820147998
0.01820007072
0.01820005627
0.01820005625
0.01820005625
0.01820005625
0.01820005625
0.01820005625
0.01820005625
0.01820005625
0.01820005625
0.01820005625
0.01820005625
0.01820005625
0.01820005625
0.01820005625
0.01820005625
0.01820005625
0.01820005625
0.01820005625
0.01820005625
0.01820005625
0.01820005625
0.01820005625
0.01820005625
0.01820005625
0.01820005625
0.01820005625
0.01820005625
0.01820005625
0.01820005625
0.01820005625
0.01820005625
0.01820005625
0.01820005625
0.01820005625
0.01820005625
0.01820005625
0.01820005625
0.01820005625
0.01820005625
0.01820005625
0.01820005625
0.01820005625
0.01820005625
0.01820005625
0.01820005625
0.01820005625
0.01820005625
0.01820005625
0.01820005625
0.01820005625
0.01820005625
0.01820005625
0.01820005625
0.01820005625
0.01820005625
0.01820005625
0.01820005625
0.01820005625
0.01820005625
0.01820005625
0.01820005625
0.01820005625
0.01820005625
0.01820005625
0.01820005625
0.01820005625
0.01820005625
0.01820005625
0.01820005625
0.01820005625
0.01820005625
0.01820005625
0.01820005625
0.01820005625
0.01820005625
0.01820005625
0.01820005625
0.01820005625
0.01820005625
0.01820005625
0.01820005625
0.01820005625
0.01820005625
0.01820005625
0.01820005625
0.01820005625
0.01820005625
0.01820005625
0.01820005625
0.01820005625
0.01820005625
0.01820005625
0.01820005625
0.01820005625
0.01820005625
0.01820005625
0.01820005625
0.01820005625
0.01820005625
0.01820005625
0.01820005625
0.01820005625
0.01820005625
0.01820005625
0.01820005625
0.01820005625
0.01820005625
0.01820005625
0.01820005625
0.01820005625
0.01820005625
0.01820005625
0.01820005625
0.01820005625
0.01820005625
0.01820005625
0.01820005625
0.01820005625
0.01820005625
0.01820005625
0.01820005625
0.01820005625
0.01820005625
0.01820005625
0.01820005625
0.01820005625
0.01820005625
0.01820005626
0.01820005626
0.01820005626
0.01820005626
0.01820005626
0.01820005626
0.01820005626
0.01820005626
0.01820005626
0.01820005626
0.01820005626
0.01820005626
0.01820005626
0.01820005626
0.01820005626
0.01820005626
0.01820005626
0.01820005626
0.01820005626
0.01820005626
0.01820005626
0.01820005626
0.01820005626
0.01820005626
0.01820005626
0.01820005626
0.01820005626
0.01820005626
0.01820005626
0.01820005626
0.01820005626
0.01820005626
0.01820005626
0.01820005626
0.01820005626
0.01820005626
0.01820005626
0.01820005626
0.01820005626
0.01820005626
0.01820005626
0.01820005626
0.01820005626
0.01820005626
0.01820005626
0.01820005626
0.01820005626
0.01820005626
0.01820005626
0.01820005626
0.01820005626
0.01820005626
0.01820005626
0.01820005626
0.01820005626
0.01820005626
0.01820005626
0.1186681161
0.1184102742
0.1191783099
0.1200768606
0.12108052
0.1221844832
0.1233846297
0.1246737607
0.126024061
0.1272575718
0.1269262367
0.116176491
0.07680567523
0.02322342847
0.01820213702
0.01820007823
0.01820005628
0.01820005625
0.01820005625
0.01820005625
0.01820005625
0.01820005625
0.01820005625
0.01820005625
0.01820005625
0.01820005625
0.01820005625
0.01820005625
0.01820005625
0.01820005625
0.01820005625
0.01820005625
0.01820005625
0.01820005625
0.01820005625
0.01820005625
0.01820005625
0.01820005625
0.01820005625
0.01820005625
0.01820005625
0.01820005625
0.01820005625
0.01820005625
0.01820005625
0.01820005625
0.01820005625
0.01820005625
0.01820005625
0.01820005625
0.01820005625
0.01820005625
0.01820005625
0.01820005625
0.01820005625
0.01820005625
0.01820005625
0.01820005625
0.01820005625
0.01820005625
0.01820005625
0.01820005625
0.01820005625
0.01820005625
0.01820005625
0.01820005625
0.01820005625
0.01820005625
0.01820005625
0.01820005625
0.01820005625
0.01820005625
0.01820005625
0.01820005625
0.01820005625
0.01820005625
0.01820005625
0.01820005625
0.01820005625
0.01820005625
0.01820005625
0.01820005625
0.01820005625
0.01820005625
0.01820005625
0.01820005625
0.01820005625
0.01820005625
0.01820005625
0.01820005625
0.01820005625
0.01820005625
0.01820005625
0.01820005625
0.01820005625
0.01820005625
0.01820005625
0.01820005625
0.01820005625
0.01820005625
0.01820005625
0.01820005625
0.01820005625
0.01820005625
0.01820005625
0.01820005625
0.01820005625
0.01820005625
0.01820005625
0.01820005625
0.01820005625
0.01820005625
0.01820005625
0.01820005625
0.01820005625
0.01820005625
0.01820005625
0.01820005625
0.01820005625
0.01820005625
0.01820005625
0.01820005625
0.01820005625
0.01820005625
0.01820005625
0.01820005625
0.01820005625
0.01820005625
0.01820005625
0.01820005625
0.01820005625
0.01820005625
0.01820005625
0.01820005625
0.01820005625
0.01820005625
0.01820005625
0.01820005625
0.01820005625
0.01820005625
0.01820005625
0.01820005625
0.01820005625
0.01820005626
0.01820005626
0.01820005626
0.01820005626
0.01820005626
0.01820005626
0.01820005626
0.01820005626
0.01820005626
0.01820005626
0.01820005626
0.01820005626
0.01820005626
0.01820005626
0.01820005626
0.01820005626
0.01820005626
0.01820005626
0.01820005626
0.01820005626
0.01820005626
0.01820005626
0.01820005626
0.01820005626
0.01820005626
0.01820005626
0.01820005626
0.01820005626
0.01820005626
0.01820005626
0.01820005626
0.01820005626
0.01820005626
0.01820005626
0.01820005626
0.01820005626
0.01820005626
0.01820005626
0.01820005626
0.01820005626
0.01820005626
0.01820005626
0.01820005626
0.01820005626
0.01820005626
0.01820005626
0.01820005626
0.01820005626
0.01820005626
0.01820005626
0.01820005626
0.01820005626
0.01820005626
0.01820005626
0.01820005626
0.01820005626
0.01820005626
0.1181539264
0.1179309581
0.1187181555
0.1196391974
0.1206695689
0.1218047029
0.1230400605
0.1243666361
0.1257528964
0.1270227767
0.1268223539
0.1167861776
0.07871004011
0.02485655529
0.01820290881
0.01820008664
0.01820005629
0.01820005625
0.01820005625
0.01820005625
0.01820005625
0.01820005625
0.01820005625
0.01820005625
0.01820005625
0.01820005625
0.01820005625
0.01820005625
0.01820005625
0.01820005625
0.01820005625
0.01820005625
0.01820005625
0.01820005625
0.01820005625
0.01820005625
0.01820005625
0.01820005625
0.01820005625
0.01820005625
0.01820005625
0.01820005625
0.01820005625
0.01820005625
0.01820005625
0.01820005625
0.01820005625
0.01820005625
0.01820005625
0.01820005625
0.01820005625
0.01820005625
0.01820005625
0.01820005625
0.01820005625
0.01820005625
0.01820005625
0.01820005625
0.01820005625
0.01820005625
0.01820005625
0.01820005625
0.01820005625
0.01820005625
0.01820005625
0.01820005625
0.01820005625
0.01820005625
0.01820005625
0.01820005625
0.01820005625
0.01820005625
0.01820005625
0.01820005625
0.01820005625
0.01820005625
0.01820005625
0.01820005625
0.01820005625
0.01820005625
0.01820005625
0.01820005625
0.01820005625
0.01820005625
0.01820005625
0.01820005625
0.01820005625
0.01820005625
0.01820005625
0.01820005625
0.01820005625
0.01820005625
0.01820005625
0.01820005625
0.01820005625
0.01820005625
0.01820005625
0.01820005625
0.01820005625
0.01820005625
0.01820005625
0.01820005625
0.01820005625
0.01820005625
0.01820005625
0.01820005625
0.01820005625
0.01820005625
0.01820005625
0.01820005625
0.01820005625
0.01820005625
0.01820005625
0.01820005625
0.01820005625
0.01820005625
0.01820005625
0.01820005625
0.01820005625
0.01820005625
0.01820005625
0.01820005625
0.01820005625
0.01820005625
0.01820005625
0.01820005625
0.01820005625
0.01820005625
0.01820005625
0.01820005625
0.01820005625
0.01820005625
0.01820005625
0.01820005625
0.01820005625
0.01820005625
0.01820005625
0.01820005625
0.01820005625
0.01820005625
0.01820005625
0.01820005625
0.01820005626
0.01820005626
0.01820005626
0.01820005626
0.01820005626
0.01820005626
0.01820005626
0.01820005626
0.01820005626
0.01820005626
0.01820005626
0.01820005626
0.01820005626
0.01820005626
0.01820005626
0.01820005626
0.01820005626
0.01820005626
0.01820005626
0.01820005626
0.01820005626
0.01820005626
0.01820005626
0.01820005626
0.01820005626
0.01820005626
0.01820005626
0.01820005626
0.01820005626
0.01820005626
0.01820005626
0.01820005626
0.01820005626
0.01820005626
0.01820005626
0.01820005626
0.01820005626
0.01820005626
0.01820005626
0.01820005626
0.01820005626
0.01820005626
0.01820005626
0.01820005626
0.01820005626
0.01820005626
0.01820005626
0.01820005626
0.01820005626
0.01820005626
0.01820005626
0.01820005626
0.01820005626
0.01820005626
0.01820005626
0.01820005626
0.01820005626
0.01820005626
0.1176321989
0.117443963
0.1182499656
0.1191928675
0.1202489261
0.12141361
0.1226816432
0.1240418232
0.1254587827
0.1267592916
0.1266840559
0.1173512496
0.08064533262
0.02662397575
0.01820378473
0.01820009563
0.0182000563
0.01820005625
0.01820005625
0.01820005625
0.01820005625
0.01820005625
0.01820005625
0.01820005625
0.01820005625
0.01820005625
0.01820005625
0.01820005625
0.01820005625
0.01820005625
0.01820005625
0.01820005625
0.01820005625
0.01820005625
0.01820005625
0.01820005625
0.01820005625
0.01820005625
0.01820005625
0.01820005625
0.01820005625
0.01820005625
0.01820005625
0.01820005625
0.01820005625
0.01820005625
0.01820005625
0.01820005625
0.01820005625
0.01820005625
0.01820005625
0.01820005625
0.01820005625
0.01820005625
0.01820005625
0.01820005625
0.01820005625
0.01820005625
0.01820005625
0.01820005625
0.01820005625
0.01820005625
0.01820005625
0.01820005625
0.01820005625
0.01820005625
0.01820005625
0.01820005625
0.01820005625
0.01820005625
0.01820005625
0.01820005625
0.01820005625
0.01820005625
0.01820005625
0.01820005625
0.01820005625
0.01820005625
0.01820005625
0.01820005625
0.01820005625
0.01820005625
0.01820005625
0.01820005625
0.01820005625
0.01820005625
0.01820005625
0.01820005625
0.01820005625
0.01820005625
0.01820005625
0.01820005625
0.01820005625
0.01820005625
0.01820005625
0.01820005625
0.01820005625
0.01820005625
0.01820005625
0.01820005625
0.01820005625
0.01820005625
0.01820005625
0.01820005625
0.01820005625
0.01820005625
0.01820005625
0.01820005625
0.01820005625
0.01820005625
0.01820005625
0.01820005625
0.01820005625
0.01820005625
0.01820005625
0.01820005625
0.01820005625
0.01820005625
0.01820005625
0.01820005625
0.01820005625
0.01820005625
0.01820005625
0.01820005625
0.01820005625
0.01820005625
0.01820005625
0.01820005625
0.01820005625
0.01820005625
0.01820005625
0.01820005625
0.01820005625
0.01820005625
0.01820005625
0.01820005625
0.01820005625
0.01820005625
0.01820005625
0.01820005625
0.01820005625
0.01820005625
0.01820005626
0.01820005626
0.01820005626
0.01820005626
0.01820005626
0.01820005626
0.01820005626
0.01820005626
0.01820005626
0.01820005626
0.01820005626
0.01820005626
0.01820005626
0.01820005626
0.01820005626
0.01820005626
0.01820005626
0.01820005626
0.01820005626
0.01820005626
0.01820005626
0.01820005626
0.01820005626
0.01820005626
0.01820005626
0.01820005626
0.01820005626
0.01820005626
0.01820005626
0.01820005626
0.01820005626
0.01820005626
0.01820005626
0.01820005626
0.01820005626
0.01820005626
0.01820005626
0.01820005626
0.01820005626
0.01820005626
0.01820005626
0.01820005626
0.01820005626
0.01820005626
0.01820005626
0.01820005626
0.01820005626
0.01820005626
0.01820005626
0.01820005626
0.01820005626
0.01820005626
0.01820005626
0.01820005626
0.01820005626
0.01820005626
0.01820005626
0.01820005626
0.1171028715
0.1169493308
0.1177738351
0.118738042
0.1198188621
0.1210115991
0.1223099411
0.1237001752
0.1251431592
0.1264695567
0.1265138163
0.1178772894
0.08259816341
0.02851057899
0.0182047514
0.01820010497
0.01820005632
0.01820005625
0.01820005625
0.01820005625
0.01820005625
0.01820005625
0.01820005625
0.01820005625
0.01820005625
0.01820005625
0.01820005625
0.01820005625
0.01820005625
0.01820005625
0.01820005625
0.01820005625
0.01820005625
0.01820005625
0.01820005625
0.01820005625
0.01820005625
0.01820005625
0.01820005625
0.01820005625
0.01820005625
0.01820005625
0.01820005625
0.01820005625
0.01820005625
0.01820005625
0.01820005625
0.01820005625
0.01820005625
0.01820005625
0.01820005625
0.01820005625
0.01820005625
0.01820005625
0.01820005625
0.01820005625
0.01820005625
0.01820005625
0.01820005625
0.01820005625
0.01820005625
0.01820005625
0.01820005625
0.01820005625
0.01820005625
0.01820005625
0.01820005625
0.01820005625
0.01820005625
0.01820005625
0.01820005625
0.01820005625
0.01820005625
0.01820005625
0.01820005625
0.01820005625
0.01820005625
0.01820005625
0.01820005625
0.01820005625
0.01820005625
0.01820005625
0.01820005625
0.01820005625
0.01820005625
0.01820005625
0.01820005625
0.01820005625
0.01820005625
0.01820005625
0.01820005625
0.01820005625
0.01820005625
0.01820005625
0.01820005625
0.01820005625
0.01820005625
0.01820005625
0.01820005625
0.01820005625
0.01820005625
0.01820005625
0.01820005625
0.01820005625
0.01820005625
0.01820005625
0.01820005625
0.01820005625
0.01820005625
0.01820005625
0.01820005625
0.01820005625
0.01820005625
0.01820005625
0.01820005625
0.01820005625
0.01820005625
0.01820005625
0.01820005625
0.01820005625
0.01820005625
0.01820005625
0.01820005625
0.01820005625
0.01820005625
0.01820005625
0.01820005625
0.01820005625
0.01820005625
0.01820005625
0.01820005625
0.01820005625
0.01820005625
0.01820005625
0.01820005625
0.01820005625
0.01820005625
0.01820005625
0.01820005625
0.01820005625
0.01820005625
0.01820005625
0.01820005626
0.01820005626
0.01820005626
0.01820005626
0.01820005626
0.01820005626
0.01820005626
0.01820005626
0.01820005626
0.01820005626
0.01820005626
0.01820005626
0.01820005626
0.01820005626
0.01820005626
0.01820005626
0.01820005626
0.01820005626
0.01820005626
0.01820005626
0.01820005626
0.01820005626
0.01820005626
0.01820005626
0.01820005626
0.01820005626
0.01820005626
0.01820005626
0.01820005626
0.01820005626
0.01820005626
0.01820005626
0.01820005626
0.01820005626
0.01820005626
0.01820005626
0.01820005626
0.01820005626
0.01820005626
0.01820005626
0.01820005626
0.01820005626
0.01820005626
0.01820005626
0.01820005626
0.01820005626
0.01820005626
0.01820005626
0.01820005626
0.01820005626
0.01820005626
0.01820005626
0.01820005626
0.01820005626
0.01820005626
0.01820005626
0.01820005626
0.01820005626
0.1165659999
0.1164472086
0.1172899447
0.1182749299
0.1193795896
0.1205988586
0.121925175
0.1233422983
0.1248079504
0.1261582366
0.126318784
0.1183671599
0.08455360348
0.03050409295
0.01820579281
0.01820011446
0.01820005633
0.01820005625
0.01820005625
0.01820005625
0.01820005625
0.01820005625
0.01820005625
0.01820005625
0.01820005625
0.01820005625
0.01820005625
0.01820005625
0.01820005625
0.01820005625
0.01820005625
0.01820005625
0.01820005625
0.01820005625
0.01820005625
0.01820005625
0.01820005625
0.01820005625
0.01820005625
0.01820005625
0.01820005625
0.01820005625
0.01820005625
0.01820005625
0.01820005625
0.01820005625
0.01820005625
0.01820005625
0.01820005625
0.01820005625
0.01820005625
0.01820005625
0.01820005625
0.01820005625
0.01820005625
0.01820005625
0.01820005625
0.01820005625
0.01820005625
0.01820005625
0.01820005625
0.01820005625
0.01820005625
0.01820005625
0.01820005625
0.01820005625
0.01820005625
0.01820005625
0.01820005625
0.01820005625
0.01820005625
0.01820005625
0.01820005625
0.01820005625
0.01820005625
0.01820005625
0.01820005625
0.01820005625
0.01820005625
0.01820005625
0.01820005625
0.01820005625
0.01820005625
0.01820005625
0.01820005625
0.01820005625
0.01820005625
0.01820005625
0.01820005625
0.01820005625
0.01820005625
0.01820005625
0.01820005625
0.01820005625
0.01820005625
0.01820005625
0.01820005625
0.01820005625
0.01820005625
0.01820005625
0.01820005625
0.01820005625
0.01820005625
0.01820005625
0.01820005625
0.01820005625
0.01820005625
0.01820005625
0.01820005625
0.01820005625
0.01820005625
0.01820005625
0.01820005625
0.01820005625
0.01820005625
0.01820005625
0.01820005625
0.01820005625
0.01820005625
0.01820005625
0.01820005625
0.01820005625
0.01820005625
0.01820005625
0.01820005625
0.01820005625
0.01820005625
0.01820005625
0.01820005625
0.01820005625
0.01820005625
0.01820005625
0.01820005625
0.01820005625
0.01820005625
0.01820005625
0.01820005625
0.01820005625
0.01820005625
0.01820005625
0.01820005625
0.01820005626
0.01820005626
0.01820005626
0.01820005626
0.01820005626
0.01820005626
0.01820005626
0.01820005626
0.01820005626
0.01820005626
0.01820005626
0.01820005626
0.01820005626
0.01820005626
0.01820005626
0.01820005626
0.01820005626
0.01820005626
0.01820005626
0.01820005626
0.01820005626
0.01820005626
0.01820005626
0.01820005626
0.01820005626
0.01820005626
0.01820005626
0.01820005626
0.01820005626
0.01820005626
0.01820005626
0.01820005626
0.01820005626
0.01820005626
0.01820005626
0.01820005626
0.01820005626
0.01820005626
0.01820005626
0.01820005626
0.01820005626
0.01820005626
0.01820005626
0.01820005626
0.01820005626
0.01820005626
0.01820005626
0.01820005626
0.01820005626
0.01820005626
0.01820005626
0.01820005626
0.01820005626
0.01820005626
0.01820005626
0.01820005626
0.01820005626
0.01820005626
0.01820005626
0.1160217622
0.115937864
0.1167986156
0.1178039062
0.1189314781
0.1201755568
0.1215268658
0.122966263
0.1244486258
0.1258148726
0.1260966876
0.1188177697
0.08649570344
0.03259334274
0.01820689148
0.018200124
0.01820005635
0.01820005626
0.01820005625
0.01820005625
0.01820005625
0.01820005625
0.01820005625
0.01820005625
0.01820005625
0.01820005625
0.01820005625
0.01820005625
0.01820005625
0.01820005625
0.01820005625
0.01820005625
0.01820005625
0.01820005625
0.01820005625
0.01820005625
0.01820005625
0.01820005625
0.01820005625
0.01820005625
0.01820005625
0.01820005625
0.01820005625
0.01820005625
0.01820005625
0.01820005625
0.01820005625
0.01820005625
0.01820005625
0.01820005625
0.01820005625
0.01820005625
0.01820005625
0.01820005625
0.01820005625
0.01820005625
0.01820005625
0.01820005625
0.01820005625
0.01820005625
0.01820005625
0.01820005625
0.01820005625
0.01820005625
0.01820005625
0.01820005625
0.01820005625
0.01820005625
0.01820005625
0.01820005625
0.01820005625
0.01820005625
0.01820005625
0.01820005625
0.01820005625
0.01820005625
0.01820005625
0.01820005625
0.01820005625
0.01820005625
0.01820005625
0.01820005625
0.01820005625
0.01820005625
0.01820005625
0.01820005625
0.01820005625
0.01820005625
0.01820005625
0.01820005625
0.01820005625
0.01820005625
0.01820005625
0.01820005625
0.01820005625
0.01820005625
0.01820005625
0.01820005625
0.01820005625
0.01820005625
0.01820005625
0.01820005625
0.01820005625
0.01820005625
0.01820005625
0.01820005625
0.01820005625
0.01820005625
0.01820005625
0.01820005625
0.01820005625
0.01820005625
0.01820005625
0.01820005625
0.01820005625
0.01820005625
0.01820005625
0.01820005625
0.01820005625
0.01820005625
0.01820005625
0.01820005625
0.01820005625
0.01820005625
0.01820005625
0.01820005625
0.01820005625
0.01820005625
0.01820005625
0.01820005625
0.01820005625
0.01820005625
0.01820005625
0.01820005625
0.01820005625
0.01820005625
0.01820005625
0.01820005625
0.01820005625
0.01820005625
0.01820005626
0.01820005626
0.01820005626
0.01820005626
0.01820005626
0.01820005626
0.01820005626
0.01820005626
0.01820005626
0.01820005626
0.01820005626
0.01820005626
0.01820005626
0.01820005626
0.01820005626
0.01820005626
0.01820005626
0.01820005626
0.01820005626
0.01820005626
0.01820005626
0.01820005626
0.01820005626
0.01820005626
0.01820005626
0.01820005626
0.01820005626
0.01820005626
0.01820005626
0.01820005626
0.01820005626
0.01820005626
0.01820005626
0.01820005626
0.01820005626
0.01820005626
0.01820005626
0.01820005626
0.01820005626
0.01820005626
0.01820005626
0.01820005626
0.01820005626
0.01820005626
0.01820005626
0.01820005626
0.01820005626
0.01820005626
0.01820005626
0.01820005626
0.01820005626
0.01820005626
0.01820005626
0.01820005626
0.01820005626
0.01820005626
0.01820005626
0.01820005626
0.01820005626
0.01820005626
0.1154704233
0.1154216597
0.1163003487
0.1173257765
0.1184759878
0.1197445129
0.1211205114
0.1225824625
0.1240835989
0.125471684
0.1258647062
0.1192347642
0.08841410422
0.03476900926
0.01820803012
0.0182001335
0.01820005637
0.01820005626
0.01820005625
0.01820005625
0.01820005625
0.01820005625
0.01820005625
0.01820005625
0.01820005625
0.01820005625
0.01820005625
0.01820005625
0.01820005625
0.01820005625
0.01820005625
0.01820005625
0.01820005625
0.01820005625
0.01820005625
0.01820005625
0.01820005625
0.01820005625
0.01820005625
0.01820005625
0.01820005625
0.01820005625
0.01820005625
0.01820005625
0.01820005625
0.01820005625
0.01820005625
0.01820005625
0.01820005625
0.01820005625
0.01820005625
0.01820005625
0.01820005625
0.01820005625
0.01820005625
0.01820005625
0.01820005625
0.01820005625
0.01820005625
0.01820005625
0.01820005625
0.01820005625
0.01820005625
0.01820005625
0.01820005625
0.01820005625
0.01820005625
0.01820005625
0.01820005625
0.01820005625
0.01820005625
0.01820005625
0.01820005625
0.01820005625
0.01820005625
0.01820005625
0.01820005625
0.01820005625
0.01820005625
0.01820005625
0.01820005625
0.01820005625
0.01820005625
0.01820005625
0.01820005625
0.01820005625
0.01820005625
0.01820005625
0.01820005625
0.01820005625
0.01820005625
0.01820005625
0.01820005625
0.01820005625
0.01820005625
0.01820005625
0.01820005625
0.01820005625
0.01820005625
0.01820005625
0.01820005625
0.01820005625
0.01820005625
0.01820005625
0.01820005625
0.01820005625
0.01820005625
0.01820005625
0.01820005625
0.01820005625
0.01820005625
0.01820005625
0.01820005625
0.01820005625
0.01820005625
0.01820005625
0.01820005625
0.01820005625
0.01820005625
0.01820005625
0.01820005625
0.01820005625
0.01820005625
0.01820005625
0.01820005625
0.01820005625
0.01820005625
0.01820005625
0.01820005625
0.01820005625
0.01820005625
0.01820005625
0.01820005625
0.01820005625
0.01820005625
0.01820005625
0.01820005625
0.01820005625
0.01820005625
0.01820005625
0.01820005626
0.01820005626
0.01820005626
0.01820005626
0.01820005626
0.01820005626
0.01820005626
0.01820005626
0.01820005626
0.01820005626
0.01820005626
0.01820005626
0.01820005626
0.01820005626
0.01820005626
0.01820005626
0.01820005626
0.01820005626
0.01820005626
0.01820005626
0.01820005626
0.01820005626
0.01820005626
0.01820005626
0.01820005626
0.01820005626
0.01820005626
0.01820005626
0.01820005626
0.01820005626
0.01820005626
0.01820005626
0.01820005626
0.01820005626
0.01820005626
0.01820005626
0.01820005626
0.01820005626
0.01820005626
0.01820005626
0.01820005626
0.01820005626
0.01820005626
0.01820005626
0.01820005626
0.01820005626
0.01820005626
0.01820005626
0.01820005626
0.01820005626
0.01820005626
0.01820005626
0.01820005626
0.01820005626
0.01820005626
0.01820005626
0.01820005626
0.01820005626
0.01820005626
0.01820005626
0.1149122219
0.1148988416
0.1157953258
0.116840597
0.1180129566
0.1193052084
0.12070501
0.1221887673
0.1237087839
0.125120858
0.1256233124
0.1196188742
0.09030010704
0.03702284983
0.01820919249
0.01820014287
0.01820005639
0.01820005626
0.01820005625
0.01820005625
0.01820005625
0.01820005625
0.01820005625
0.01820005625
0.01820005625
0.01820005625
0.01820005625
0.01820005625
0.01820005625
0.01820005625
0.01820005625
0.01820005625
0.01820005625
0.01820005625
0.01820005625
0.01820005625
0.01820005625
0.01820005625
0.01820005625
0.01820005625
0.01820005625
0.01820005625
0.01820005625
0.01820005625
0.01820005625
0.01820005625
0.01820005625
0.01820005625
0.01820005625
0.01820005625
0.01820005625
0.01820005625
0.01820005625
0.01820005625
0.01820005625
0.01820005625
0.01820005625
0.01820005625
0.01820005625
0.01820005625
0.01820005625
0.01820005625
0.01820005625
0.01820005625
0.01820005625
0.01820005625
0.01820005625
0.01820005625
0.01820005625
0.01820005625
0.01820005625
0.01820005625
0.01820005625
0.01820005625
0.01820005625
0.01820005625
0.01820005625
0.01820005625
0.01820005625
0.01820005625
0.01820005625
0.01820005625
0.01820005625
0.01820005625
0.01820005625
0.01820005625
0.01820005625
0.01820005625
0.01820005625
0.01820005625
0.01820005625
0.01820005625
0.01820005625
0.01820005625
0.01820005625
0.01820005625
0.01820005625
0.01820005625
0.01820005625
0.01820005625
0.01820005625
0.01820005625
0.01820005625
0.01820005625
0.01820005625
0.01820005625
0.01820005625
0.01820005625
0.01820005625
0.01820005625
0.01820005625
0.01820005625
0.01820005625
0.01820005625
0.01820005625
0.01820005625
0.01820005625
0.01820005625
0.01820005625
0.01820005625
0.01820005625
0.01820005625
0.01820005625
0.01820005625
0.01820005625
0.01820005625
0.01820005625
0.01820005625
0.01820005625
0.01820005625
0.01820005625
0.01820005625
0.01820005625
0.01820005625
0.01820005625
0.01820005625
0.01820005625
0.01820005625
0.01820005625
0.01820005626
0.01820005626
0.01820005626
0.01820005626
0.01820005626
0.01820005626
0.01820005626
0.01820005626
0.01820005626
0.01820005626
0.01820005626
0.01820005626
0.01820005626
0.01820005626
0.01820005626
0.01820005626
0.01820005626
0.01820005626
0.01820005626
0.01820005626
0.01820005626
0.01820005626
0.01820005626
0.01820005626
0.01820005626
0.01820005626
0.01820005626
0.01820005626
0.01820005626
0.01820005626
0.01820005626
0.01820005626
0.01820005626
0.01820005626
0.01820005626
0.01820005626
0.01820005626
0.01820005626
0.01820005626
0.01820005626
0.01820005626
0.01820005626
0.01820005626
0.01820005626
0.01820005626
0.01820005626
0.01820005626
0.01820005626
0.01820005626
0.01820005626
0.01820005626
0.01820005626
0.01820005626
0.01820005626
0.01820005626
0.01820005626
0.01820005626
0.01820005626
0.01820005626
0.01820005626
0.01820005626
0.1143474828
0.1143697195
0.115283758
0.1163483859
0.1175420836
0.1188569142
0.1202792351
0.1217839783
0.1233234868
0.1247622881
0.1253739676
0.1199709269
0.09214713562
0.03934747418
0.01821036409
0.01820015209
0.01820005641
0.01820005626
0.01820005625
0.01820005625
0.01820005625
0.01820005625
0.01820005625
0.01820005625
0.01820005625
0.01820005625
0.01820005625
0.01820005625
0.01820005625
0.01820005625
0.01820005625
0.01820005625
0.01820005625
0.01820005625
0.01820005625
0.01820005625
0.01820005625
0.01820005625
0.01820005625
0.01820005625
0.01820005625
0.01820005625
0.01820005625
0.01820005625
0.01820005625
0.01820005625
0.01820005625
0.01820005625
0.01820005625
0.01820005625
0.01820005625
0.01820005625
0.01820005625
0.01820005625
0.01820005625
0.01820005625
0.01820005625
0.01820005625
0.01820005625
0.01820005625
0.01820005625
0.01820005625
0.01820005625
0.01820005625
0.01820005625
0.01820005625
0.01820005625
0.01820005625
0.01820005625
0.01820005625
0.01820005625
0.01820005625
0.01820005625
0.01820005625
0.01820005625
0.01820005625
0.01820005625
0.01820005625
0.01820005625
0.01820005625
0.01820005625
0.01820005625
0.01820005625
0.01820005625
0.01820005625
0.01820005625
0.01820005625
0.01820005625
0.01820005625
0.01820005625
0.01820005625
0.01820005625
0.01820005625
0.01820005625
0.01820005625
0.01820005625
0.01820005625
0.01820005625
0.01820005625
0.01820005625
0.01820005625
0.01820005625
0.01820005625
0.01820005625
0.01820005625
0.01820005625
0.01820005625
0.01820005625
0.01820005625
0.01820005625
0.01820005625
0.01820005625
0.01820005625
0.01820005625
0.01820005625
0.01820005625
0.01820005625
0.01820005625
0.01820005625
0.01820005625
0.01820005625
0.01820005625
0.01820005625
0.01820005625
0.01820005625
0.01820005625
0.01820005625
0.01820005625
0.01820005625
0.01820005625
0.01820005625
0.01820005625
0.01820005625
0.01820005625
0.01820005625
0.01820005625
0.01820005625
0.01820005625
0.01820005626
0.01820005626
0.01820005626
0.01820005626
0.01820005626
0.01820005626
0.01820005626
0.01820005626
0.01820005626
0.01820005626
0.01820005626
0.01820005626
0.01820005626
0.01820005626
0.01820005626
0.01820005626
0.01820005626
0.01820005626
0.01820005626
0.01820005626
0.01820005626
0.01820005626
0.01820005626
0.01820005626
0.01820005626
0.01820005626
0.01820005626
0.01820005626
0.01820005626
0.01820005626
0.01820005626
0.01820005626
0.01820005626
0.01820005626
0.01820005626
0.01820005626
0.01820005626
0.01820005626
0.01820005626
0.01820005626
0.01820005626
0.01820005626
0.01820005626
0.01820005626
0.01820005626
0.01820005626
0.01820005626
0.01820005626
0.01820005626
0.01820005626
0.01820005626
0.01820005626
0.01820005626
0.01820005626
0.01820005626
0.01820005626
0.01820005626
0.01820005626
0.01820005626
0.01820005626
0.01820005626
0.01820005626
0.113776713
0.113834816
0.114766146
0.1158495309
0.1170633942
0.1183987301
0.1198402926
0.1213615609
0.1229134433
0.1243895364
0.1251145119
0.1202904617
0.09394980317
0.04173600005
0.01821153247
0.01820016111
0.01820005643
0.01820005626
0.01820005625
0.01820005625
0.01820005625
0.01820005625
0.01820005625
0.01820005625
0.01820005625
0.01820005625
0.01820005625
0.01820005625
0.01820005625
0.01820005625
0.01820005625
0.01820005625
0.01820005625
0.01820005625
0.01820005625
0.01820005625
0.01820005625
0.01820005625
0.01820005625
0.01820005625
0.01820005625
0.01820005625
0.01820005625
0.01820005625
0.01820005625
0.01820005625
0.01820005625
0.01820005625
0.01820005625
0.01820005625
0.01820005625
0.01820005625
0.01820005625
0.01820005625
0.01820005625
0.01820005625
0.01820005625
0.01820005625
0.01820005625
0.01820005625
0.01820005625
0.01820005625
0.01820005625
0.01820005625
0.01820005625
0.01820005625
0.01820005625
0.01820005625
0.01820005625
0.01820005625
0.01820005625
0.01820005625
0.01820005625
0.01820005625
0.01820005625
0.01820005625
0.01820005625
0.01820005625
0.01820005625
0.01820005625
0.01820005625
0.01820005625
0.01820005625
0.01820005625
0.01820005625
0.01820005625
0.01820005625
0.01820005625
0.01820005625
0.01820005625
0.01820005625
0.01820005625
0.01820005625
0.01820005625
0.01820005625
0.01820005625
0.01820005625
0.01820005625
0.01820005625
0.01820005625
0.01820005625
0.01820005625
0.01820005625
0.01820005625
0.01820005625
0.01820005625
0.01820005625
0.01820005625
0.01820005625
0.01820005625
0.01820005625
0.01820005625
0.01820005625
0.01820005625
0.01820005625
0.01820005625
0.01820005625
0.01820005625
0.01820005625
0.01820005625
0.01820005625
0.01820005625
0.01820005625
0.01820005625
0.01820005625
0.01820005625
0.01820005625
0.01820005625
0.01820005625
0.01820005625
0.01820005625
0.01820005625
0.01820005625
0.01820005625
0.01820005625
0.01820005625
0.01820005625
0.01820005626
0.01820005626
0.01820005626
0.01820005626
0.01820005626
0.01820005626
0.01820005626
0.01820005626
0.01820005626
0.01820005626
0.01820005626
0.01820005626
0.01820005626
0.01820005626
0.01820005626
0.01820005626
0.01820005626
0.01820005626
0.01820005626
0.01820005626
0.01820005626
0.01820005626
0.01820005626
0.01820005626
0.01820005626
0.01820005626
0.01820005626
0.01820005626
0.01820005626
0.01820005626
0.01820005626
0.01820005626
0.01820005626
0.01820005626
0.01820005626
0.01820005626
0.01820005626
0.01820005626
0.01820005626
0.01820005626
0.01820005626
0.01820005626
0.01820005626
0.01820005626
0.01820005626
0.01820005626
0.01820005626
0.01820005626
0.01820005626
0.01820005626
0.01820005626
0.01820005626
0.01820005626
0.01820005626
0.01820005626
0.01820005626
0.01820005626
0.01820005626
0.01820005626
0.01820005626
0.01820005626
0.01820005626
0.01820005626
0.1132005974
0.1132949319
0.1142436068
0.115345857
0.1165801885
0.1179368387
0.1193995705
0.1209413841
0.1225136814
0.1240206375
0.1248543401
0.1205824712
0.0957062773
0.04418289394
0.01821268765
0.01820016992
0.01820005645
0.01820005626
0.01820005625
0.01820005625
0.01820005625
0.01820005625
0.01820005625
0.01820005625
0.01820005625
0.01820005625
0.01820005625
0.01820005625
0.01820005625
0.01820005625
0.01820005625
0.01820005625
0.01820005625
0.01820005625
0.01820005625
0.01820005625
0.01820005625
0.01820005625
0.01820005625
0.01820005625
0.01820005625
0.01820005625
0.01820005625
0.01820005625
0.01820005625
0.01820005625
0.01820005625
0.01820005625
0.01820005625
0.01820005625
0.01820005625
0.01820005625
0.01820005625
0.01820005625
0.01820005625
0.01820005625
0.01820005625
0.01820005625
0.01820005625
0.01820005625
0.01820005625
0.01820005625
0.01820005625
0.01820005625
0.01820005625
0.01820005625
0.01820005625
0.01820005625
0.01820005625
0.01820005625
0.01820005625
0.01820005625
0.01820005625
0.01820005625
0.01820005625
0.01820005625
0.01820005625
0.01820005625
0.01820005625
0.01820005625
0.01820005625
0.01820005625
0.01820005625
0.01820005625
0.01820005625
0.01820005625
0.01820005625
0.01820005625
0.01820005625
0.01820005625
0.01820005625
0.01820005625
0.01820005625
0.01820005625
0.01820005625
0.01820005625
0.01820005625
0.01820005625
0.01820005625
0.01820005625
0.01820005625
0.01820005625
0.01820005625
0.01820005625
0.01820005625
0.01820005625
0.01820005625
0.01820005625
0.01820005625
0.01820005625
0.01820005625
0.01820005625
0.01820005625
0.01820005625
0.01820005625
0.01820005625
0.01820005625
0.01820005625
0.01820005625
0.01820005625
0.01820005625
0.01820005625
0.01820005625
0.01820005625
0.01820005625
0.01820005625
0.01820005625
0.01820005625
0.01820005625
0.01820005625
0.01820005625
0.01820005625
0.01820005625
0.01820005625
0.01820005625
0.01820005625
0.01820005625
0.01820005626
0.01820005626
0.01820005626
0.01820005626
0.01820005626
0.01820005626
0.01820005626
0.01820005626
0.01820005626
0.01820005626
0.01820005626
0.01820005626
0.01820005626
0.01820005626
0.01820005626
0.01820005626
0.01820005626
0.01820005626
0.01820005626
0.01820005626
0.01820005626
0.01820005626
0.01820005626
0.01820005626
0.01820005626
0.01820005626
0.01820005626
0.01820005626
0.01820005626
0.01820005626
0.01820005626
0.01820005626
0.01820005626
0.01820005626
0.01820005626
0.01820005626
0.01820005626
0.01820005626
0.01820005626
0.01820005626
0.01820005626
0.01820005626
0.01820005626
0.01820005626
0.01820005626
0.01820005626
0.01820005626
0.01820005626
0.01820005626
0.01820005626
0.01820005626
0.01820005626
0.01820005626
0.01820005626
0.01820005626
0.01820005626
0.01820005626
0.01820005626
0.01820005626
0.01820005626
0.01820005626
0.01820005626
0.01820005626
0.1126196045
0.1127504647
0.1137163987
0.1148373517
0.1160919494
0.1174697871
0.1189538724
0.1205170587
0.1221119801
0.1236535017
0.1245955955
0.1208504419
0.09741595874
0.04668382023
0.01821382198
0.0182001785
0.01820005647
0.01820005626
0.01820005625
0.01820005625
0.01820005625
0.01820005625
0.01820005625
0.01820005625
0.01820005625
0.01820005625
0.01820005625
0.01820005625
0.01820005625
0.01820005625
0.01820005625
0.01820005625
0.01820005625
0.01820005625
0.01820005625
0.01820005625
0.01820005625
0.01820005625
0.01820005625
0.01820005625
0.01820005625
0.01820005625
0.01820005625
0.01820005625
0.01820005625
0.01820005625
0.01820005625
0.01820005625
0.01820005625
0.01820005625
0.01820005625
0.01820005625
0.01820005625
0.01820005625
0.01820005625
0.01820005625
0.01820005625
0.01820005625
0.01820005625
0.01820005625
0.01820005625
0.01820005625
0.01820005625
0.01820005625
0.01820005625
0.01820005625
0.01820005625
0.01820005625
0.01820005625
0.01820005625
0.01820005625
0.01820005625
0.01820005625
0.01820005625
0.01820005625
0.01820005625
0.01820005625
0.01820005625
0.01820005625
0.01820005625
0.01820005625
0.01820005625
0.01820005625
0.01820005625
0.01820005625
0.01820005625
0.01820005625
0.01820005625
0.01820005625
0.01820005625
0.01820005625
0.01820005625
0.01820005625
0.01820005625
0.01820005625
0.01820005625
0.01820005625
0.01820005625
0.01820005625
0.01820005625
0.01820005625
0.01820005625
0.01820005625
0.01820005625
0.01820005625
0.01820005625
0.01820005625
0.01820005625
0.01820005625
0.01820005625
0.01820005625
0.01820005625
0.01820005625
0.01820005625
0.01820005625
0.01820005625
0.01820005625
0.01820005625
0.01820005625
0.01820005625
0.01820005625
0.01820005625
0.01820005625
0.01820005625
0.01820005625
0.01820005625
0.01820005625
0.01820005625
0.01820005625
0.01820005625
0.01820005625
0.01820005625
0.01820005625
0.01820005625
0.01820005625
0.01820005625
0.01820005626
0.01820005626
0.01820005626
0.01820005626
0.01820005626
0.01820005626
0.01820005626
0.01820005626
0.01820005626
0.01820005626
0.01820005626
0.01820005626
0.01820005626
0.01820005626
0.01820005626
0.01820005626
0.01820005626
0.01820005626
0.01820005626
0.01820005626
0.01820005626
0.01820005626
0.01820005626
0.01820005626
0.01820005626
0.01820005626
0.01820005626
0.01820005626
0.01820005626
0.01820005626
0.01820005626
0.01820005626
0.01820005626
0.01820005626
0.01820005626
0.01820005626
0.01820005626
0.01820005626
0.01820005626
0.01820005626
0.01820005626
0.01820005626
0.01820005626
0.01820005626
0.01820005626
0.01820005626
0.01820005626
0.01820005626
0.01820005626
0.01820005626
0.01820005626
0.01820005626
0.01820005626
0.01820005626
0.01820005626
0.01820005626
0.01820005626
0.01820005626
0.01820005626
0.01820005626
0.01820005626
0.01820005626
0.01820005626
0.01820005626
0.1120342645
0.1122018622
0.1131848149
0.1143240173
0.1155981875
0.1169963471
0.118501004
0.1200847374
0.1217066963
0.1232880155
0.1243396326
0.1210971469
0.09907880983
0.0492354272
0.01821492997
0.01820018685
0.01820005649
0.01820005626
0.01820005625
0.01820005625
0.01820005625
0.01820005625
0.01820005625
0.01820005625
0.01820005625
0.01820005625
0.01820005625
0.01820005625
0.01820005625
0.01820005625
0.01820005625
0.01820005625
0.01820005625
0.01820005625
0.01820005625
0.01820005625
0.01820005625
0.01820005625
0.01820005625
0.01820005625
0.01820005625
0.01820005625
0.01820005625
0.01820005625
0.01820005625
0.01820005625
0.01820005625
0.01820005625
0.01820005625
0.01820005625
0.01820005625
0.01820005625
0.01820005625
0.01820005625
0.01820005625
0.01820005625
0.01820005625
0.01820005625
0.01820005625
0.01820005625
0.01820005625
0.01820005625
0.01820005625
0.01820005625
0.01820005625
0.01820005625
0.01820005625
0.01820005625
0.01820005625
0.01820005625
0.01820005625
0.01820005625
0.01820005625
0.01820005625
0.01820005625
0.01820005625
0.01820005625
0.01820005625
0.01820005625
0.01820005625
0.01820005625
0.01820005625
0.01820005625
0.01820005625
0.01820005625
0.01820005625
0.01820005625
0.01820005625
0.01820005625
0.01820005625
0.01820005625
0.01820005625
0.01820005625
0.01820005625
0.01820005625
0.01820005625
0.01820005625
0.01820005625
0.01820005625
0.01820005625
0.01820005625
0.01820005625
0.01820005625
0.01820005625
0.01820005625
0.01820005625
0.01820005625
0.01820005625
0.01820005625
0.01820005625
0.01820005625
0.01820005625
0.01820005625
0.01820005625
0.01820005625
0.01820005625
0.01820005625
0.01820005625
0.01820005625
0.01820005625
0.01820005625
0.01820005625
0.01820005625
0.01820005625
0.01820005625
0.01820005625
0.01820005625
0.01820005625
0.01820005625
0.01820005625
0.01820005625
0.01820005625
0.01820005625
0.01820005625
0.01820005625
0.01820005626
0.01820005626
0.01820005626
0.01820005626
0.01820005626
0.01820005626
0.01820005626
0.01820005626
0.01820005626
0.01820005626
0.01820005626
0.01820005626
0.01820005626
0.01820005626
0.01820005626
0.01820005626
0.01820005626
0.01820005626
0.01820005626
0.01820005626
0.01820005626
0.01820005626
0.01820005626
0.01820005626
0.01820005626
0.01820005626
0.01820005626
0.01820005626
0.01820005626
0.01820005626
0.01820005626
0.01820005626
0.01820005626
0.01820005626
0.01820005626
0.01820005626
0.01820005626
0.01820005626
0.01820005626
0.01820005626
0.01820005626
0.01820005626
0.01820005626
0.01820005626
0.01820005626
0.01820005626
0.01820005626
0.01820005626
0.01820005626
0.01820005626
0.01820005626
0.01820005626
0.01820005626
0.01820005626
0.01820005626
0.01820005626
0.01820005626
0.01820005626
0.01820005626
0.01820005626
0.01820005626
0.01820005626
0.01820005626
0.01820005626
0.01820005626
0.1114453491
0.1116498985
0.1126496757
0.1138066997
0.1150996557
0.1165168897
0.1180404791
0.1196417253
0.1212967733
0.1229239652
0.1240871162
0.1213246601
0.1006949382
0.05183512537
0.01821600798
0.01820019496
0.01820005651
0.01820005626
0.01820005625
0.01820005625
0.01820005625
0.01820005625
0.01820005625
0.01820005625
0.01820005625
0.01820005625
0.01820005625
0.01820005625
0.01820005625
0.01820005625
0.01820005625
0.01820005625
0.01820005625
0.01820005625
0.01820005625
0.01820005625
0.01820005625
0.01820005625
0.01820005625
0.01820005625
0.01820005625
0.01820005625
0.01820005625
0.01820005625
0.01820005625
0.01820005625
0.01820005625
0.01820005625
0.01820005625
0.01820005625
0.01820005625
0.01820005625
0.01820005625
0.01820005625
0.01820005625
0.01820005625
0.01820005625
0.01820005625
0.01820005625
0.01820005625
0.01820005625
0.01820005625
0.01820005625
0.01820005625
0.01820005625
0.01820005625
0.01820005625
0.01820005625
0.01820005625
0.01820005625
0.01820005625
0.01820005625
0.01820005625
0.01820005625
0.01820005625
0.01820005625
0.01820005625
0.01820005625
0.01820005625
0.01820005625
0.01820005625
0.01820005625
0.01820005625
0.01820005625
0.01820005625
0.01820005625
0.01820005625
0.01820005625
0.01820005625
0.01820005625
0.01820005625
0.01820005625
0.01820005625
0.01820005625
0.01820005625
0.01820005625
0.01820005625
0.01820005625
0.01820005625
0.01820005625
0.01820005625
0.01820005625
0.01820005625
0.01820005625
0.01820005625
0.01820005625
0.01820005625
0.01820005625
0.01820005625
0.01820005625
0.01820005625
0.01820005625
0.01820005625
0.01820005625
0.01820005625
0.01820005625
0.01820005625
0.01820005625
0.01820005625
0.01820005625
0.01820005625
0.01820005625
0.01820005625
0.01820005625
0.01820005625
0.01820005625
0.01820005625
0.01820005625
0.01820005625
0.01820005625
0.01820005625
0.01820005625
0.01820005625
0.01820005625
0.01820005626
0.01820005626
0.01820005626
0.01820005626
0.01820005626
0.01820005626
0.01820005626
0.01820005626
0.01820005626
0.01820005626
0.01820005626
0.01820005626
0.01820005626
0.01820005626
0.01820005626
0.01820005626
0.01820005626
0.01820005626
0.01820005626
0.01820005626
0.01820005626
0.01820005626
0.01820005626
0.01820005626
0.01820005626
0.01820005626
0.01820005626
0.01820005626
0.01820005626
0.01820005626
0.01820005626
0.01820005626
0.01820005626
0.01820005626
0.01820005626
0.01820005626
0.01820005626
0.01820005626
0.01820005626
0.01820005626
0.01820005626
0.01820005626
0.01820005626
0.01820005626
0.01820005626
0.01820005626
0.01820005626
0.01820005626
0.01820005626
0.01820005626
0.01820005626
0.01820005626
0.01820005626
0.01820005626
0.01820005626
0.01820005626
0.01820005626
0.01820005626
0.01820005626
0.01820005626
0.01820005626
0.01820005626
0.01820005626
0.01820005626
0.01820005626
0.01820005626
0.1108537536
0.1110956066
0.1121124768
0.1132878708
0.1146007014
0.1160390712
0.1175852121
0.1192104787
0.1208943633
0.1225677538
0.1238414503
0.1215358945
0.1022650235
0.05448115749
0.01821705398
0.01820020285
0.01820005653
0.01820005626
0.01820005625
0.01820005625
0.01820005625
0.01820005625
0.01820005625
0.01820005625
0.01820005625
0.01820005625
0.01820005625
0.01820005625
0.01820005625
0.01820005625
0.01820005625
0.01820005625
0.01820005625
0.01820005625
0.01820005625
0.01820005625
0.01820005625
0.01820005625
0.01820005625
0.01820005625
0.01820005625
0.01820005625
0.01820005625
0.01820005625
0.01820005625
0.01820005625
0.01820005625
0.01820005625
0.01820005625
0.01820005625
0.01820005625
0.01820005625
0.01820005625
0.01820005625
0.01820005625
0.01820005625
0.01820005625
0.01820005625
0.01820005625
0.01820005625
0.01820005625
0.01820005625
0.01820005625
0.01820005625
0.01820005625
0.01820005625
0.01820005625
0.01820005625
0.01820005625
0.01820005625
0.01820005625
0.01820005625
0.01820005625
0.01820005625
0.01820005625
0.01820005625
0.01820005625
0.01820005625
0.01820005625
0.01820005625
0.01820005625
0.01820005625
0.01820005625
0.01820005625
0.01820005625
0.01820005625
0.01820005625
0.01820005625
0.01820005625
0.01820005625
0.01820005625
0.01820005625
0.01820005625
0.01820005625
0.01820005625
0.01820005625
0.01820005625
0.01820005625
0.01820005625
0.01820005625
0.01820005625
0.01820005625
0.01820005625
0.01820005625
0.01820005625
0.01820005625
0.01820005625
0.01820005625
0.01820005625
0.01820005625
0.01820005625
0.01820005625
0.01820005625
0.01820005625
0.01820005625
0.01820005625
0.01820005625
0.01820005625
0.01820005625
0.01820005625
0.01820005625
0.01820005625
0.01820005625
0.01820005625
0.01820005625
0.01820005625
0.01820005625
0.01820005625
0.01820005625
0.01820005625
0.01820005625
0.01820005625
0.01820005625
0.01820005625
0.01820005626
0.01820005626
0.01820005626
0.01820005626
0.01820005626
0.01820005626
0.01820005626
0.01820005626
0.01820005626
0.01820005626
0.01820005626
0.01820005626
0.01820005626
0.01820005626
0.01820005626
0.01820005626
0.01820005626
0.01820005626
0.01820005626
0.01820005626
0.01820005626
0.01820005626
0.01820005626
0.01820005626
0.01820005626
0.01820005626
0.01820005626
0.01820005626
0.01820005626
0.01820005626
0.01820005626
0.01820005626
0.01820005626
0.01820005626
0.01820005626
0.01820005626
0.01820005626
0.01820005626
0.01820005626
0.01820005626
0.01820005626
0.01820005626
0.01820005626
0.01820005626
0.01820005626
0.01820005626
0.01820005626
0.01820005626
0.01820005626
0.01820005626
0.01820005626
0.01820005626
0.01820005626
0.01820005626
0.01820005626
0.01820005626
0.01820005626
0.01820005626
0.01820005626
0.01820005626
0.01820005626
0.01820005626
0.01820005626
0.01820005626
0.01820005626
0.01820005626
0.1102597761
0.1105391105
0.1115730622
0.1127668658
0.114099788
0.1155598904
0.1171297434
0.1187810141
0.1204967986
0.1222196937
0.1236037947
0.1217329405
0.1037897699
0.05717243697
0.01821806722
0.01820021051
0.01820005655
0.01820005626
0.01820005625
0.01820005625
0.01820005625
0.01820005625
0.01820005625
0.01820005625
0.01820005625
0.01820005625
0.01820005625
0.01820005625
0.01820005625
0.01820005625
0.01820005625
0.01820005625
0.01820005625
0.01820005625
0.01820005625
0.01820005625
0.01820005625
0.01820005625
0.01820005625
0.01820005625
0.01820005625
0.01820005625
0.01820005625
0.01820005625
0.01820005625
0.01820005625
0.01820005625
0.01820005625
0.01820005625
0.01820005625
0.01820005625
0.01820005625
0.01820005625
0.01820005625
0.01820005625
0.01820005625
0.01820005625
0.01820005625
0.01820005625
0.01820005625
0.01820005625
0.01820005625
0.01820005625
0.01820005625
0.01820005625
0.01820005625
0.01820005625
0.01820005625
0.01820005625
0.01820005625
0.01820005625
0.01820005625
0.01820005625
0.01820005625
0.01820005625
0.01820005625
0.01820005625
0.01820005625
0.01820005625
0.01820005625
0.01820005625
0.01820005625
0.01820005625
0.01820005625
0.01820005625
0.01820005625
0.01820005625
0.01820005625
0.01820005625
0.01820005625
0.01820005625
0.01820005625
0.01820005625
0.01820005625
0.01820005625
0.01820005625
0.01820005625
0.01820005625
0.01820005625
0.01820005625
0.01820005625
0.01820005625
0.01820005625
0.01820005625
0.01820005625
0.01820005625
0.01820005625
0.01820005625
0.01820005625
0.01820005625
0.01820005625
0.01820005625
0.01820005625
0.01820005625
0.01820005625
0.01820005625
0.01820005625
0.01820005625
0.01820005625
0.01820005625
0.01820005625
0.01820005625
0.01820005625
0.01820005625
0.01820005625
0.01820005625
0.01820005625
0.01820005625
0.01820005625
0.01820005625
0.01820005625
0.01820005625
0.01820005625
0.01820005626
0.01820005626
0.01820005626
0.01820005626
0.01820005626
0.01820005626
0.01820005626
0.01820005626
0.01820005626
0.01820005626
0.01820005626
0.01820005626
0.01820005626
0.01820005626
0.01820005626
0.01820005626
0.01820005626
0.01820005626
0.01820005626
0.01820005626
0.01820005626
0.01820005626
0.01820005626
0.01820005626
0.01820005626
0.01820005626
0.01820005626
0.01820005626
0.01820005626
0.01820005626
0.01820005626
0.01820005626
0.01820005626
0.01820005626
0.01820005626
0.01820005626
0.01820005626
0.01820005626
0.01820005626
0.01820005626
0.01820005626
0.01820005626
0.01820005626
0.01820005626
0.01820005626
0.01820005626
0.01820005626
0.01820005626
0.01820005626
0.01820005626
0.01820005626
0.01820005626
0.01820005626
0.01820005626
0.01820005626
0.01820005626
0.01820005626
0.01820005626
0.01820005626
0.01820005626
0.01820005626
0.01820005626
0.01820005626
0.01820005626
0.01820005626
0.01820005626
0.01820005626
0.1096636588
0.1099804599
0.1110310982
0.1122425563
0.113594286
0.1150741733
0.1166637234
0.1183473472
0.1201007377
0.1218782142
0.1233736826
0.1219168275
0.1052695771
0.05990830914
0.01821904821
0.01820021797
0.01820005656
0.01820005626
0.01820005625
0.01820005625
0.01820005625
0.01820005625
0.01820005625
0.01820005625
0.01820005625
0.01820005625
0.01820005625
0.01820005625
0.01820005625
0.01820005625
0.01820005625
0.01820005625
0.01820005625
0.01820005625
0.01820005625
0.01820005625
0.01820005625
0.01820005625
0.01820005625
0.01820005625
0.01820005625
0.01820005625
0.01820005625
0.01820005625
0.01820005625
0.01820005625
0.01820005625
0.01820005625
0.01820005625
0.01820005625
0.01820005625
0.01820005625
0.01820005625
0.01820005625
0.01820005625
0.01820005625
0.01820005625
0.01820005625
0.01820005625
0.01820005625
0.01820005625
0.01820005625
0.01820005625
0.01820005625
0.01820005625
0.01820005625
0.01820005625
0.01820005625
0.01820005625
0.01820005625
0.01820005625
0.01820005625
0.01820005625
0.01820005625
0.01820005625
0.01820005625
0.01820005625
0.01820005625
0.01820005625
0.01820005625
0.01820005625
0.01820005625
0.01820005625
0.01820005625
0.01820005625
0.01820005625
0.01820005625
0.01820005625
0.01820005625
0.01820005625
0.01820005625
0.01820005625
0.01820005625
0.01820005625
0.01820005625
0.01820005625
0.01820005625
0.01820005625
0.01820005625
0.01820005625
0.01820005625
0.01820005625
0.01820005625
0.01820005625
0.01820005625
0.01820005625
0.01820005625
0.01820005625
0.01820005625
0.01820005625
0.01820005625
0.01820005625
0.01820005625
0.01820005625
0.01820005625
0.01820005625
0.01820005625
0.01820005625
0.01820005625
0.01820005625
0.01820005625
0.01820005625
0.01820005625
0.01820005625
0.01820005625
0.01820005625
0.01820005625
0.01820005625
0.01820005625
0.01820005625
0.01820005625
0.01820005625
0.01820005625
0.01820005626
0.01820005626
0.01820005626
0.01820005626
0.01820005626
0.01820005626
0.01820005626
0.01820005626
0.01820005626
0.01820005626
0.01820005626
0.01820005626
0.01820005626
0.01820005626
0.01820005626
0.01820005626
0.01820005626
0.01820005626
0.01820005626
0.01820005626
0.01820005626
0.01820005626
0.01820005626
0.01820005626
0.01820005626
0.01820005626
0.01820005626
0.01820005626
0.01820005626
0.01820005626
0.01820005626
0.01820005626
0.01820005626
0.01820005626
0.01820005626
0.01820005626
0.01820005626
0.01820005626
0.01820005626
0.01820005626
0.01820005626
0.01820005626
0.01820005626
0.01820005626
0.01820005626
0.01820005626
0.01820005626
0.01820005626
0.01820005626
0.01820005626
0.01820005626
0.01820005626
0.01820005626
0.01820005626
0.01820005626
0.01820005626
0.01820005626
0.01820005626
0.01820005626
0.01820005626
0.01820005626
0.01820005626
0.01820005626
0.01820005626
0.01820005626
0.01820005626
0.01820005626
0.1090661845
0.109420643
0.1104882043
0.111717795
0.1130892427
0.1145905805
0.1162024889
0.1179170951
0.119709434
0.1215442599
0.1231511661
0.1220883707
0.1067047349
0.06268845979
0.01821998245
0.01820022611
0.01820005658
0.01820005626
0.01820005625
0.01820005625
0.01820005625
0.01820005625
0.01820005625
0.01820005625
0.01820005625
0.01820005625
0.01820005625
0.01820005625
0.01820005625
0.01820005625
0.01820005625
0.01820005625
0.01820005625
0.01820005625
0.01820005625
0.01820005625
0.01820005625
0.01820005625
0.01820005625
0.01820005625
0.01820005625
0.01820005625
0.01820005625
0.01820005625
0.01820005625
0.01820005625
0.01820005625
0.01820005625
0.01820005625
0.01820005625
0.01820005625
0.01820005625
0.01820005625
0.01820005625
0.01820005625
0.01820005625
0.01820005625
0.01820005625
0.01820005625
0.01820005625
0.01820005625
0.01820005625
0.01820005625
0.01820005625
0.01820005625
0.01820005625
0.01820005625
0.01820005625
0.01820005625
0.01820005625
0.01820005625
0.01820005625
0.01820005625
0.01820005625
0.01820005625
0.01820005625
0.01820005625
0.01820005625
0.01820005625
0.01820005625
0.01820005625
0.01820005625
0.01820005625
0.01820005625
0.01820005625
0.01820005625
0.01820005625
0.01820005625
0.01820005625
0.01820005625
0.01820005625
0.01820005625
0.01820005625
0.01820005625
0.01820005625
0.01820005625
0.01820005625
0.01820005625
0.01820005625
0.01820005625
0.01820005625
0.01820005625
0.01820005625
0.01820005625
0.01820005625
0.01820005625
0.01820005625
0.01820005625
0.01820005625
0.01820005625
0.01820005625
0.01820005625
0.01820005625
0.01820005625
0.01820005625
0.01820005625
0.01820005625
0.01820005625
0.01820005625
0.01820005625
0.01820005625
0.01820005625
0.01820005625
0.01820005625
0.01820005625
0.01820005625
0.01820005625
0.01820005625
0.01820005625
0.01820005625
0.01820005625
0.01820005625
0.01820005625
0.01820005626
0.01820005626
0.01820005626
0.01820005626
0.01820005626
0.01820005626
0.01820005626
0.01820005626
0.01820005626
0.01820005626
0.01820005626
0.01820005626
0.01820005626
0.01820005626
0.01820005626
0.01820005626
0.01820005626
0.01820005626
0.01820005626
0.01820005626
0.01820005626
0.01820005626
0.01820005626
0.01820005626
0.01820005626
0.01820005626
0.01820005626
0.01820005626
0.01820005626
0.01820005626
0.01820005626
0.01820005626
0.01820005626
0.01820005626
0.01820005626
0.01820005626
0.01820005626
0.01820005626
0.01820005626
0.01820005626
0.01820005626
0.01820005626
0.01820005626
0.01820005626
0.01820005626
0.01820005626
0.01820005626
0.01820005626
0.01820005626
0.01820005626
0.01820005626
0.01820005626
0.01820005626
0.01820005626
0.01820005626
0.01820005626
0.01820005626
0.01820005626
0.01820005626
0.01820005626
0.01820005626
0.01820005626
0.01820005626
0.01820005626
0.01820005626
0.01820005626
0.01820005626
0.1084672487
0.1088595119
0.1099443054
0.1111926932
0.1125850956
0.1141098888
0.11574745
0.1174916018
0.1193233187
0.1212165471
0.1229327057
0.1222409314
0.1080766865
0.06544570363
0.01833319443
0.01820025596
0.01820005683
0.01820005626
0.01820005625
0.01820005625
0.01820005625
0.01820005625
0.01820005625
0.01820005625
0.01820005625
0.01820005625
0.01820005625
0.01820005625
0.01820005625
0.01820005625
0.01820005625
0.01820005625
0.01820005625
0.01820005625
0.01820005625
0.01820005625
0.01820005625
0.01820005625
0.01820005625
0.01820005625
0.01820005625
0.01820005625
0.01820005625
0.01820005625
0.01820005625
0.01820005625
0.01820005625
0.01820005625
0.01820005625
0.01820005625
0.01820005625
0.01820005625
0.01820005625
0.01820005625
0.01820005625
0.01820005625
0.01820005625
0.01820005625
0.01820005625
0.01820005625
0.01820005625
0.01820005625
0.01820005625
0.01820005625
0.01820005625
0.01820005625
0.01820005625
0.01820005625
0.01820005625
0.01820005625
0.01820005625
0.01820005625
0.01820005625
0.01820005625
0.01820005625
0.01820005625
0.01820005625
0.01820005625
0.01820005625
0.01820005625
0.01820005625
0.01820005625
0.01820005625
0.01820005625
0.01820005625
0.01820005625
0.01820005625
0.01820005625
0.01820005625
0.01820005625
0.01820005625
0.01820005625
0.01820005625
0.01820005625
0.01820005625
0.01820005625
0.01820005625
0.01820005625
0.01820005625
0.01820005625
0.01820005625
0.01820005625
0.01820005625
0.01820005625
0.01820005625
0.01820005625
0.01820005625
0.01820005625
0.01820005625
0.01820005625
0.01820005625
0.01820005625
0.01820005625
0.01820005625
0.01820005625
0.01820005625
0.01820005625
0.01820005625
0.01820005625
0.01820005625
0.01820005625
0.01820005625
0.01820005625
0.01820005625
0.01820005625
0.01820005625
0.01820005625
0.01820005625
0.01820005625
0.01820005625
0.01820005625
0.01820005625
0.01820005626
0.01820005626
0.01820005626
0.01820005626
0.01820005626
0.01820005626
0.01820005626
0.01820005626
0.01820005626
0.01820005626
0.01820005626
0.01820005626
0.01820005626
0.01820005626
0.01820005626
0.01820005626
0.01820005626
0.01820005626
0.01820005626
0.01820005626
0.01820005626
0.01820005626
0.01820005626
0.01820005626
0.01820005626
0.01820005626
0.01820005626
0.01820005626
0.01820005626
0.01820005626
0.01820005626
0.01820005626
0.01820005626
0.01820005626
0.01820005626
0.01820005626
0.01820005626
0.01820005626
0.01820005626
0.01820005626
0.01820005626
0.01820005626
0.01820005626
0.01820005626
0.01820005626
0.01820005626
0.01820005626
0.01820005626
0.01820005626
0.01820005626
0.01820005626
0.01820005626
0.01820005626
0.01820005626
0.01820005626
0.01820005626
0.01820005626
0.01820005626
0.01820005626
0.01820005626
0.01820005626
0.01820005626
0.01820005626
0.01820005626
0.01820005626
0.01820005626
0.01820005626
0.01820005626
0.1078656051
0.1082954081
0.1093969082
0.1106632884
0.1120755199
0.1136215717
0.1152868414
0.1170621656
0.1189339054
0.1208837927
0.1226997289
0.1223388187
0.1092948699
0.06786788868
0.01910655954
0.01820042899
0.01820005859
0.01820005626
0.01820005625
0.01820005625
0.01820005625
0.01820005625
0.01820005625
0.01820005625
0.01820005625
0.01820005625
0.01820005625
0.01820005625
0.01820005625
0.01820005625
0.01820005625
0.01820005625
0.01820005625
0.01820005625
0.01820005625
0.01820005625
0.01820005625
0.01820005625
0.01820005625
0.01820005625
0.01820005625
0.01820005625
0.01820005625
0.01820005625
0.01820005625
0.01820005625
0.01820005625
0.01820005625
0.01820005625
0.01820005625
0.01820005625
0.01820005625
0.01820005625
0.01820005625
0.01820005625
0.01820005625
0.01820005625
0.01820005625
0.01820005625
0.01820005625
0.01820005625
0.01820005625
0.01820005625
0.01820005625
0.01820005625
0.01820005625
0.01820005625
0.01820005625
0.01820005625
0.01820005625
0.01820005625
0.01820005625
0.01820005625
0.01820005625
0.01820005625
0.01820005625
0.01820005625
0.01820005625
0.01820005625
0.01820005625
0.01820005625
0.01820005625
0.01820005625
0.01820005625
0.01820005625
0.01820005625
0.01820005625
0.01820005625
0.01820005625
0.01820005625
0.01820005625
0.01820005625
0.01820005625
0.01820005625
0.01820005625
0.01820005625
0.01820005625
0.01820005625
0.01820005625
0.01820005625
0.01820005625
0.01820005625
0.01820005625
0.01820005625
0.01820005625
0.01820005625
0.01820005625
0.01820005625
0.01820005625
0.01820005625
0.01820005625
0.01820005625
0.01820005625
0.01820005625
0.01820005625
0.01820005625
0.01820005625
0.01820005625
0.01820005625
0.01820005625
0.01820005625
0.01820005625
0.01820005625
0.01820005625
0.01820005625
0.01820005625
0.01820005625
0.01820005625
0.01820005625
0.01820005625
0.01820005625
0.01820005625
0.01820005626
0.01820005626
0.01820005626
0.01820005626
0.01820005626
0.01820005626
0.01820005626
0.01820005626
0.01820005626
0.01820005626
0.01820005626
0.01820005626
0.01820005626
0.01820005626
0.01820005626
0.01820005626
0.01820005626
0.01820005626
0.01820005626
0.01820005626
0.01820005626
0.01820005626
0.01820005626
0.01820005626
0.01820005626
0.01820005626
0.01820005626
0.01820005626
0.01820005626
0.01820005626
0.01820005626
0.01820005626
0.01820005626
0.01820005626
0.01820005626
0.01820005626
0.01820005626
0.01820005626
0.01820005626
0.01820005626
0.01820005626
0.01820005626
0.01820005626
0.01820005626
0.01820005626
0.01820005626
0.01820005626
0.01820005626
0.01820005626
0.01820005626
0.01820005626
0.01820005626
0.01820005626
0.01820005626
0.01820005626
0.01820005626
0.01820005626
0.01820005626
0.01820005626
0.01820005626
0.01820005626
0.01820005626
0.01820005626
0.01820005626
0.01820005626
0.01820005626
0.01820005626
0.01820005626
0.1072605644
0.1077274922
0.1088448453
0.1101278094
0.1115577981
0.1131211112
0.1148162326
0.1166243164
0.1185369964
0.1205423071
0.1224497223
0.1223848734
0.1103889005
0.07019628622
0.02031059001
0.01820079111
0.0182000626
0.01820005626
0.01820005625
0.01820005625
0.01820005625
0.01820005625
0.01820005625
0.01820005625
0.01820005625
0.01820005625
0.01820005625
0.01820005625
0.01820005625
0.01820005625
0.01820005625
0.01820005625
0.01820005625
0.01820005625
0.01820005625
0.01820005625
0.01820005625
0.01820005625
0.01820005625
0.01820005625
0.01820005625
0.01820005625
0.01820005625
0.01820005625
0.01820005625
0.01820005625
0.01820005625
0.01820005625
0.01820005625
0.01820005625
0.01820005625
0.01820005625
0.01820005625
0.01820005625
0.01820005625
0.01820005625
0.01820005625
0.01820005625
0.01820005625
0.01820005625
0.01820005625
0.01820005625
0.01820005625
0.01820005625
0.01820005625
0.01820005625
0.01820005625
0.01820005625
0.01820005625
0.01820005625
0.01820005625
0.01820005625
0.01820005625
0.01820005625
0.01820005625
0.01820005625
0.01820005625
0.01820005625
0.01820005625
0.01820005625
0.01820005625
0.01820005625
0.01820005625
0.01820005625
0.01820005625
0.01820005625
0.01820005625
0.01820005625
0.01820005625
0.01820005625
0.01820005625
0.01820005625
0.01820005625
0.01820005625
0.01820005625
0.01820005625
0.01820005625
0.01820005625
0.01820005625
0.01820005625
0.01820005625
0.01820005625
0.01820005625
0.01820005625
0.01820005625
0.01820005625
0.01820005625
0.01820005625
0.01820005625
0.01820005625
0.01820005625
0.01820005625
0.01820005625
0.01820005625
0.01820005625
0.01820005625
0.01820005625
0.01820005625
0.01820005625
0.01820005625
0.01820005625
0.01820005625
0.01820005625
0.01820005625
0.01820005625
0.01820005625
0.01820005625
0.01820005625
0.01820005625
0.01820005625
0.01820005625
0.01820005625
0.01820005626
0.01820005626
0.01820005626
0.01820005626
0.01820005626
0.01820005626
0.01820005626
0.01820005626
0.01820005626
0.01820005626
0.01820005626
0.01820005626
0.01820005626
0.01820005626
0.01820005626
0.01820005626
0.01820005626
0.01820005626
0.01820005626
0.01820005626
0.01820005626
0.01820005626
0.01820005626
0.01820005626
0.01820005626
0.01820005626
0.01820005626
0.01820005626
0.01820005626
0.01820005626
0.01820005626
0.01820005626
0.01820005626
0.01820005626
0.01820005626
0.01820005626
0.01820005626
0.01820005626
0.01820005626
0.01820005626
0.01820005626
0.01820005626
0.01820005626
0.01820005626
0.01820005626
0.01820005626
0.01820005626
0.01820005626
0.01820005626
0.01820005626
0.01820005626
0.01820005626
0.01820005626
0.01820005626
0.01820005626
0.01820005626
0.01820005626
0.01820005626
0.01820005626
0.01820005626
0.01820005626
0.01820005626
0.01820005626
0.01820005626
0.01820005626
0.01820005626
0.01820005626
0.01820005626
0.1066527321
0.1071568986
0.1082905789
0.1095912274
0.1110410791
0.1126257147
0.1143444158
0.1161820067
0.1181337593
0.1201916512
0.1221810771
0.1223786346
0.1113722123
0.07250652739
0.02183786717
0.01820133914
0.0182000689
0.01820005627
0.01820005625
0.01820005625
0.01820005625
0.01820005625
0.01820005625
0.01820005625
0.01820005625
0.01820005625
0.01820005625
0.01820005625
0.01820005625
0.01820005625
0.01820005625
0.01820005625
0.01820005625
0.01820005625
0.01820005625
0.01820005625
0.01820005625
0.01820005625
0.01820005625
0.01820005625
0.01820005625
0.01820005625
0.01820005625
0.01820005625
0.01820005625
0.01820005625
0.01820005625
0.01820005625
0.01820005625
0.01820005625
0.01820005625
0.01820005625
0.01820005625
0.01820005625
0.01820005625
0.01820005625
0.01820005625
0.01820005625
0.01820005625
0.01820005625
0.01820005625
0.01820005625
0.01820005625
0.01820005625
0.01820005625
0.01820005625
0.01820005625
0.01820005625
0.01820005625
0.01820005625
0.01820005625
0.01820005625
0.01820005625
0.01820005625
0.01820005625
0.01820005625
0.01820005625
0.01820005625
0.01820005625
0.01820005625
0.01820005625
0.01820005625
0.01820005625
0.01820005625
0.01820005625
0.01820005625
0.01820005625
0.01820005625
0.01820005625
0.01820005625
0.01820005625
0.01820005625
0.01820005625
0.01820005625
0.01820005625
0.01820005625
0.01820005625
0.01820005625
0.01820005625
0.01820005625
0.01820005625
0.01820005625
0.01820005625
0.01820005625
0.01820005625
0.01820005625
0.01820005625
0.01820005625
0.01820005625
0.01820005625
0.01820005625
0.01820005625
0.01820005625
0.01820005625
0.01820005625
0.01820005625
0.01820005625
0.01820005625
0.01820005625
0.01820005625
0.01820005625
0.01820005625
0.01820005625
0.01820005625
0.01820005625
0.01820005625
0.01820005625
0.01820005625
0.01820005625
0.01820005625
0.01820005625
0.01820005626
0.01820005626
0.01820005626
0.01820005626
0.01820005626
0.01820005626
0.01820005626
0.01820005626
0.01820005626
0.01820005626
0.01820005626
0.01820005626
0.01820005626
0.01820005626
0.01820005626
0.01820005626
0.01820005626
0.01820005626
0.01820005626
0.01820005626
0.01820005626
0.01820005626
0.01820005626
0.01820005626
0.01820005626
0.01820005626
0.01820005626
0.01820005626
0.01820005626
0.01820005626
0.01820005626
0.01820005626
0.01820005626
0.01820005626
0.01820005626
0.01820005626
0.01820005626
0.01820005626
0.01820005626
0.01820005626
0.01820005626
0.01820005626
0.01820005626
0.01820005626
0.01820005626
0.01820005626
0.01820005626
0.01820005626
0.01820005626
0.01820005626
0.01820005626
0.01820005626
0.01820005626
0.01820005626
0.01820005626
0.01820005626
0.01820005626
0.01820005626
0.01820005626
0.01820005626
0.01820005626
0.01820005626
0.01820005626
0.01820005626
0.01820005626
0.01820005626
0.01820005626
0.01820005626
0.01820005626
0.1060400114
0.1065809247
0.1077300003
0.1090468498
0.1105135147
0.1121215636
0.1138651527
0.1157327213
0.117722837
0.1198299527
0.1218907953
0.1223191591
0.1122557861
0.07482723175
0.02362797311
0.01820205891
0.01820007719
0.01820005627
0.01820005625
0.01820005625
0.01820005625
0.01820005625
0.01820005625
0.01820005625
0.01820005625
0.01820005625
0.01820005625
0.01820005625
0.01820005625
0.01820005625
0.01820005625
0.01820005625
0.01820005625
0.01820005625
0.01820005625
0.01820005625
0.01820005625
0.01820005625
0.01820005625
0.01820005625
0.01820005625
0.01820005625
0.01820005625
0.01820005625
0.01820005625
0.01820005625
0.01820005625
0.01820005625
0.01820005625
0.01820005625
0.01820005625
0.01820005625
0.01820005625
0.01820005625
0.01820005625
0.01820005625
0.01820005625
0.01820005625
0.01820005625
0.01820005625
0.01820005625
0.01820005625
0.01820005625
0.01820005625
0.01820005625
0.01820005625
0.01820005625
0.01820005625
0.01820005625
0.01820005625
0.01820005625
0.01820005625
0.01820005625
0.01820005625
0.01820005625
0.01820005625
0.01820005625
0.01820005625
0.01820005625
0.01820005625
0.01820005625
0.01820005625
0.01820005625
0.01820005625
0.01820005625
0.01820005625
0.01820005625
0.01820005625
0.01820005625
0.01820005625
0.01820005625
0.01820005625
0.01820005625
0.01820005625
0.01820005625
0.01820005625
0.01820005625
0.01820005625
0.01820005625
0.01820005625
0.01820005625
0.01820005625
0.01820005625
0.01820005625
0.01820005625
0.01820005625
0.01820005625
0.01820005625
0.01820005625
0.01820005625
0.01820005625
0.01820005625
0.01820005625
0.01820005625
0.01820005625
0.01820005625
0.01820005625
0.01820005625
0.01820005625
0.01820005625
0.01820005625
0.01820005625
0.01820005625
0.01820005625
0.01820005625
0.01820005625
0.01820005625
0.01820005625
0.01820005625
0.01820005625
0.01820005625
0.01820005626
0.01820005626
0.01820005626
0.01820005626
0.01820005626
0.01820005626
0.01820005626
0.01820005626
0.01820005626
0.01820005626
0.01820005626
0.01820005626
0.01820005626
0.01820005626
0.01820005626
0.01820005626
0.01820005626
0.01820005626
0.01820005626
0.01820005626
0.01820005626
0.01820005626
0.01820005626
0.01820005626
0.01820005626
0.01820005626
0.01820005626
0.01820005626
0.01820005626
0.01820005626
0.01820005626
0.01820005626
0.01820005626
0.01820005626
0.01820005626
0.01820005626
0.01820005626
0.01820005626
0.01820005626
0.01820005626
0.01820005626
0.01820005626
0.01820005626
0.01820005626
0.01820005626
0.01820005626
0.01820005626
0.01820005626
0.01820005626
0.01820005626
0.01820005626
0.01820005626
0.01820005626
0.01820005626
0.01820005626
0.01820005626
0.01820005626
0.01820005626
0.01820005626
0.01820005626
0.01820005626
0.01820005626
0.01820005626
0.01820005626
0.01820005626
0.01820005626
0.01820005626
0.01820005626
0.01820005626
0.1054218683
0.1059990646
0.1071626179
0.1084942702
0.1099747993
0.1116074609
0.113376846
0.1152749497
0.1173026931
0.1194552786
0.1215772802
0.122209757
0.1130530647
0.07716685925
0.02564149563
0.01820293678
0.01820008701
0.01820005629
0.01820005625
0.01820005625
0.01820005625
0.01820005625
0.01820005625
0.01820005625
0.01820005625
0.01820005625
0.01820005625
0.01820005625
0.01820005625
0.01820005625
0.01820005625
0.01820005625
0.01820005625
0.01820005625
0.01820005625
0.01820005625
0.01820005625
0.01820005625
0.01820005625
0.01820005625
0.01820005625
0.01820005625
0.01820005625
0.01820005625
0.01820005625
0.01820005625
0.01820005625
0.01820005625
0.01820005625
0.01820005625
0.01820005625
0.01820005625
0.01820005625
0.01820005625
0.01820005625
0.01820005625
0.01820005625
0.01820005625
0.01820005625
0.01820005625
0.01820005625
0.01820005625
0.01820005625
0.01820005625
0.01820005625
0.01820005625
0.01820005625
0.01820005625
0.01820005625
0.01820005625
0.01820005625
0.01820005625
0.01820005625
0.01820005625
0.01820005625
0.01820005625
0.01820005625
0.01820005625
0.01820005625
0.01820005625
0.01820005625
0.01820005625
0.01820005625
0.01820005625
0.01820005625
0.01820005625
0.01820005625
0.01820005625
0.01820005625
0.01820005625
0.01820005625
0.01820005625
0.01820005625
0.01820005625
0.01820005625
0.01820005625
0.01820005625
0.01820005625
0.01820005625
0.01820005625
0.01820005625
0.01820005625
0.01820005625
0.01820005625
0.01820005625
0.01820005625
0.01820005625
0.01820005625
0.01820005625
0.01820005625
0.01820005625
0.01820005625
0.01820005625
0.01820005625
0.01820005625
0.01820005625
0.01820005625
0.01820005625
0.01820005625
0.01820005625
0.01820005625
0.01820005625
0.01820005625
0.01820005625
0.01820005625
0.01820005625
0.01820005625
0.01820005625
0.01820005625
0.01820005625
0.01820005626
0.01820005626
0.01820005626
0.01820005626
0.01820005626
0.01820005626
0.01820005626
0.01820005626
0.01820005626
0.01820005626
0.01820005626
0.01820005626
0.01820005626
0.01820005626
0.01820005626
0.01820005626
0.01820005626
0.01820005626
0.01820005626
0.01820005626
0.01820005626
0.01820005626
0.01820005626
0.01820005626
0.01820005626
0.01820005626
0.01820005626
0.01820005626
0.01820005626
0.01820005626
0.01820005626
0.01820005626
0.01820005626
0.01820005626
0.01820005626
0.01820005626
0.01820005626
0.01820005626
0.01820005626
0.01820005626
0.01820005626
0.01820005626
0.01820005626
0.01820005626
0.01820005626
0.01820005626
0.01820005626
0.01820005626
0.01820005626
0.01820005626
0.01820005626
0.01820005626
0.01820005626
0.01820005626
0.01820005626
0.01820005626
0.01820005626
0.01820005626
0.01820005626
0.01820005626
0.01820005626
0.01820005626
0.01820005626
0.01820005626
0.01820005626
0.01820005626
0.01820005626
0.01820005626
0.01820005626
0.01820005626
0.1047999767
0.1054139293
0.1065931969
0.1079419311
0.1094402882
0.1110919151
0.1128839455
0.114810604
0.1168737444
0.119067451
0.1212417677
0.1220576902
0.1137774625
0.07952186171
0.0278503172
0.01820395852
0.0182000979
0.0182000563
0.01820005625
0.01820005625
0.01820005625
0.01820005625
0.01820005625
0.01820005625
0.01820005625
0.01820005625
0.01820005625
0.01820005625
0.01820005625
0.01820005625
0.01820005625
0.01820005625
0.01820005625
0.01820005625
0.01820005625
0.01820005625
0.01820005625
0.01820005625
0.01820005625
0.01820005625
0.01820005625
0.01820005625
0.01820005625
0.01820005625
0.01820005625
0.01820005625
0.01820005625
0.01820005625
0.01820005625
0.01820005625
0.01820005625
0.01820005625
0.01820005625
0.01820005625
0.01820005625
0.01820005625
0.01820005625
0.01820005625
0.01820005625
0.01820005625
0.01820005625
0.01820005625
0.01820005625
0.01820005625
0.01820005625
0.01820005625
0.01820005625
0.01820005625
0.01820005625
0.01820005625
0.01820005625
0.01820005625
0.01820005625
0.01820005625
0.01820005625
0.01820005625
0.01820005625
0.01820005625
0.01820005625
0.01820005625
0.01820005625
0.01820005625
0.01820005625
0.01820005625
0.01820005625
0.01820005625
0.01820005625
0.01820005625
0.01820005625
0.01820005625
0.01820005625
0.01820005625
0.01820005625
0.01820005625
0.01820005625
0.01820005625
0.01820005625
0.01820005625
0.01820005625
0.01820005625
0.01820005625
0.01820005625
0.01820005625
0.01820005625
0.01820005625
0.01820005625
0.01820005625
0.01820005625
0.01820005625
0.01820005625
0.01820005625
0.01820005625
0.01820005625
0.01820005625
0.01820005625
0.01820005625
0.01820005625
0.01820005625
0.01820005625
0.01820005625
0.01820005625
0.01820005625
0.01820005625
0.01820005625
0.01820005625
0.01820005625
0.01820005625
0.01820005625
0.01820005625
0.01820005626
0.01820005626
0.01820005626
0.01820005626
0.01820005626
0.01820005626
0.01820005626
0.01820005626
0.01820005626
0.01820005626
0.01820005626
0.01820005626
0.01820005626
0.01820005626
0.01820005626
0.01820005626
0.01820005626
0.01820005626
0.01820005626
0.01820005626
0.01820005626
0.01820005626
0.01820005626
0.01820005626
0.01820005626
0.01820005626
0.01820005626
0.01820005626
0.01820005626
0.01820005626
0.01820005626
0.01820005626
0.01820005626
0.01820005626
0.01820005626
0.01820005626
0.01820005626
0.01820005626
0.01820005626
0.01820005626
0.01820005626
0.01820005626
0.01820005626
0.01820005626
0.01820005626
0.01820005626
0.01820005626
0.01820005626
0.01820005626
0.01820005626
0.01820005626
0.01820005626
0.01820005626
0.01820005626
0.01820005626
0.01820005626
0.01820005626
0.01820005626
0.01820005626
0.01820005626
0.01820005626
0.01820005626
0.01820005626
0.01820005626
0.01820005626
0.01820005626
0.01820005626
0.01820005626
0.01820005626
0.01820005626
0.01820005626
0.1041679431
0.1048172152
0.1060090416
0.1073674371
0.1088904341
0.1105651596
0.1123822132
0.114338166
0.1164356663
0.1186670978
0.1208873356
0.121871668
0.1144397725
0.0818815616
0.03023324367
0.01820510676
0.01820010949
0.01820005632
0.01820005626
0.01820005625
0.01820005625
0.01820005625
0.01820005625
0.01820005625
0.01820005625
0.01820005625
0.01820005625
0.01820005625
0.01820005625
0.01820005625
0.01820005625
0.01820005625
0.01820005625
0.01820005625
0.01820005625
0.01820005625
0.01820005625
0.01820005625
0.01820005625
0.01820005625
0.01820005625
0.01820005625
0.01820005625
0.01820005625
0.01820005625
0.01820005625
0.01820005625
0.01820005625
0.01820005625
0.01820005625
0.01820005625
0.01820005625
0.01820005625
0.01820005625
0.01820005625
0.01820005625
0.01820005625
0.01820005625
0.01820005625
0.01820005625
0.01820005625
0.01820005625
0.01820005625
0.01820005625
0.01820005625
0.01820005625
0.01820005625
0.01820005625
0.01820005625
0.01820005625
0.01820005625
0.01820005625
0.01820005625
0.01820005625
0.01820005625
0.01820005625
0.01820005625
0.01820005625
0.01820005625
0.01820005625
0.01820005625
0.01820005625
0.01820005625
0.01820005625
0.01820005625
0.01820005625
0.01820005625
0.01820005625
0.01820005625
0.01820005625
0.01820005625
0.01820005625
0.01820005625
0.01820005625
0.01820005625
0.01820005625
0.01820005625
0.01820005625
0.01820005625
0.01820005625
0.01820005625
0.01820005625
0.01820005625
0.01820005625
0.01820005625
0.01820005625
0.01820005625
0.01820005625
0.01820005625
0.01820005625
0.01820005625
0.01820005625
0.01820005625
0.01820005625
0.01820005625
0.01820005625
0.01820005625
0.01820005625
0.01820005625
0.01820005625
0.01820005625
0.01820005625
0.01820005625
0.01820005625
0.01820005625
0.01820005625
0.01820005625
0.01820005625
0.01820005625
0.01820005626
0.01820005626
0.01820005626
0.01820005626
0.01820005626
0.01820005626
0.01820005626
0.01820005626
0.01820005626
0.01820005626
0.01820005626
0.01820005626
0.01820005626
0.01820005626
0.01820005626
0.01820005626
0.01820005626
0.01820005626
0.01820005626
0.01820005626
0.01820005626
0.01820005626
0.01820005626
0.01820005626
0.01820005626
0.01820005626
0.01820005626
0.01820005626
0.01820005626
0.01820005626
0.01820005626
0.01820005626
0.01820005626
0.01820005626
0.01820005626
0.01820005626
0.01820005626
0.01820005626
0.01820005626
0.01820005626
0.01820005626
0.01820005626
0.01820005626
0.01820005626
0.01820005626
0.01820005626
0.01820005626
0.01820005626
0.01820005626
0.01820005626
0.01820005626
0.01820005626
0.01820005626
0.01820005626
0.01820005626
0.01820005626
0.01820005626
0.01820005626
0.01820005626
0.01820005626
0.01820005626
0.01820005626
0.01820005626
0.01820005626
0.01820005626
0.01820005626
0.01820005626
0.01820005626
0.01820005626
0.01820005626
0.01820005626
0.1035334376
0.104219198
0.1054257835
0.1068010391
0.108341357
0.1100352872
0.1118754445
0.113859484
0.1159896934
0.1182559488
0.1205179112
0.1216598572
0.1150474034
0.08423197427
0.03277350886
0.01820636061
0.01820012147
0.01820005634
0.01820005626
0.01820005625
0.01820005625
0.01820005625
0.01820005625
0.01820005625
0.01820005625
0.01820005625
0.01820005625
0.01820005625
0.01820005625
0.01820005625
0.01820005625
0.01820005625
0.01820005625
0.01820005625
0.01820005625
0.01820005625
0.01820005625
0.01820005625
0.01820005625
0.01820005625
0.01820005625
0.01820005625
0.01820005625
0.01820005625
0.01820005625
0.01820005625
0.01820005625
0.01820005625
0.01820005625
0.01820005625
0.01820005625
0.01820005625
0.01820005625
0.01820005625
0.01820005625
0.01820005625
0.01820005625
0.01820005625
0.01820005625
0.01820005625
0.01820005625
0.01820005625
0.01820005625
0.01820005625
0.01820005625
0.01820005625
0.01820005625
0.01820005625
0.01820005625
0.01820005625
0.01820005625
0.01820005625
0.01820005625
0.01820005625
0.01820005625
0.01820005625
0.01820005625
0.01820005625
0.01820005625
0.01820005625
0.01820005625
0.01820005625
0.01820005625
0.01820005625
0.01820005625
0.01820005625
0.01820005625
0.01820005625
0.01820005625
0.01820005625
0.01820005625
0.01820005625
0.01820005625
0.01820005625
0.01820005625
0.01820005625
0.01820005625
0.01820005625
0.01820005625
0.01820005625
0.01820005625
0.01820005625
0.01820005625
0.01820005625
0.01820005625
0.01820005625
0.01820005625
0.01820005625
0.01820005625
0.01820005625
0.01820005625
0.01820005625
0.01820005625
0.01820005625
0.01820005625
0.01820005625
0.01820005625
0.01820005625
0.01820005625
0.01820005625
0.01820005625
0.01820005625
0.01820005625
0.01820005625
0.01820005625
0.01820005625
0.01820005625
0.01820005625
0.01820005626
0.01820005626
0.01820005626
0.01820005626
0.01820005626
0.01820005626
0.01820005626
0.01820005626
0.01820005626
0.01820005626
0.01820005626
0.01820005626
0.01820005626
0.01820005626
0.01820005626
0.01820005626
0.01820005626
0.01820005626
0.01820005626
0.01820005626
0.01820005626
0.01820005626
0.01820005626
0.01820005626
0.01820005626
0.01820005626
0.01820005626
0.01820005626
0.01820005626
0.01820005626
0.01820005626
0.01820005626
0.01820005626
0.01820005626
0.01820005626
0.01820005626
0.01820005626
0.01820005626
0.01820005626
0.01820005626
0.01820005626
0.01820005626
0.01820005626
0.01820005626
0.01820005626
0.01820005626
0.01820005626
0.01820005626
0.01820005626
0.01820005626
0.01820005626
0.01820005626
0.01820005626
0.01820005626
0.01820005626
0.01820005626
0.01820005626
0.01820005626
0.01820005626
0.01820005626
0.01820005626
0.01820005626
0.01820005626
0.01820005626
0.01820005626
0.01820005626
0.01820005626
0.01820005626
0.01820005626
0.01820005626
0.01820005626
0.01820005626
0.1028868786
0.1036080512
0.1048248825
0.1062227503
0.1077834444
0.1094985396
0.111362738
0.1133748835
0.1155367776
0.117835836
0.1201372102
0.1214288526
0.1156049022
0.08655858393
0.03545717093
0.01820769677
0.01820013362
0.01820005636
0.01820005626
0.01820005625
0.01820005625
0.01820005625
0.01820005625
0.01820005625
0.01820005625
0.01820005625
0.01820005625
0.01820005625
0.01820005625
0.01820005625
0.01820005625
0.01820005625
0.01820005625
0.01820005625
0.01820005625
0.01820005625
0.01820005625
0.01820005625
0.01820005625
0.01820005625
0.01820005625
0.01820005625
0.01820005625
0.01820005625
0.01820005625
0.01820005625
0.01820005625
0.01820005625
0.01820005625
0.01820005625
0.01820005625
0.01820005625
0.01820005625
0.01820005625
0.01820005625
0.01820005625
0.01820005625
0.01820005625
0.01820005625
0.01820005625
0.01820005625
0.01820005625
0.01820005625
0.01820005625
0.01820005625
0.01820005625
0.01820005625
0.01820005625
0.01820005625
0.01820005625
0.01820005625
0.01820005625
0.01820005625
0.01820005625
0.01820005625
0.01820005625
0.01820005625
0.01820005625
0.01820005625
0.01820005625
0.01820005625
0.01820005625
0.01820005625
0.01820005625
0.01820005625
0.01820005625
0.01820005625
0.01820005625
0.01820005625
0.01820005625
0.01820005625
0.01820005625
0.01820005625
0.01820005625
0.01820005625
0.01820005625
0.01820005625
0.01820005625
0.01820005625
0.01820005625
0.01820005625
0.01820005625
0.01820005625
0.01820005625
0.01820005625
0.01820005625
0.01820005625
0.01820005625
0.01820005625
0.01820005625
0.01820005625
0.01820005625
0.01820005625
0.01820005625
0.01820005625
0.01820005625
0.01820005625
0.01820005625
0.01820005625
0.01820005625
0.01820005625
0.01820005625
0.01820005625
0.01820005625
0.01820005625
0.01820005625
0.01820005625
0.01820005626
0.01820005626
0.01820005626
0.01820005626
0.01820005626
0.01820005626
0.01820005626
0.01820005626
0.01820005626
0.01820005626
0.01820005626
0.01820005626
0.01820005626
0.01820005626
0.01820005626
0.01820005626
0.01820005626
0.01820005626
0.01820005626
0.01820005626
0.01820005626
0.01820005626
0.01820005626
0.01820005626
0.01820005626
0.01820005626
0.01820005626
0.01820005626
0.01820005626
0.01820005626
0.01820005626
0.01820005626
0.01820005626
0.01820005626
0.01820005626
0.01820005626
0.01820005626
0.01820005626
0.01820005626
0.01820005626
0.01820005626
0.01820005626
0.01820005626
0.01820005626
0.01820005626
0.01820005626
0.01820005626
0.01820005626
0.01820005626
0.01820005626
0.01820005626
0.01820005626
0.01820005626
0.01820005626
0.01820005626
0.01820005626
0.01820005626
0.01820005626
0.01820005626
0.01820005626
0.01820005626
0.01820005626
0.01820005626
0.01820005626
0.01820005626
0.01820005626
0.01820005626
0.01820005626
0.01820005626
0.01820005626
0.01820005626
0.01820005626
0.01820005626
0.1022080194
0.1029666724
0.1042120372
0.1056334436
0.107216231
0.1089542129
0.1108437289
0.1128844799
0.1150775704
0.1174082582
0.1197481939
0.1211834885
0.116114973
0.08884811099
0.03827212652
0.01820909132
0.01820014579
0.01820005638
0.01820005626
0.01820005625
0.01820005625
0.01820005625
0.01820005625
0.01820005625
0.01820005625
0.01820005625
0.01820005625
0.01820005625
0.01820005625
0.01820005625
0.01820005625
0.01820005625
0.01820005625
0.01820005625
0.01820005625
0.01820005625
0.01820005625
0.01820005625
0.01820005625
0.01820005625
0.01820005625
0.01820005625
0.01820005625
0.01820005625
0.01820005625
0.01820005625
0.01820005625
0.01820005625
0.01820005625
0.01820005625
0.01820005625
0.01820005625
0.01820005625
0.01820005625
0.01820005625
0.01820005625
0.01820005625
0.01820005625
0.01820005625
0.01820005625
0.01820005625
0.01820005625
0.01820005625
0.01820005625
0.01820005625
0.01820005625
0.01820005625
0.01820005625
0.01820005625
0.01820005625
0.01820005625
0.01820005625
0.01820005625
0.01820005625
0.01820005625
0.01820005625
0.01820005625
0.01820005625
0.01820005625
0.01820005625
0.01820005625
0.01820005625
0.01820005625
0.01820005625
0.01820005625
0.01820005625
0.01820005625
0.01820005625
0.01820005625
0.01820005625
0.01820005625
0.01820005625
0.01820005625
0.01820005625
0.01820005625
0.01820005625
0.01820005625
0.01820005625
0.01820005625
0.01820005625
0.01820005625
0.01820005625
0.01820005625
0.01820005625
0.01820005625
0.01820005625
0.01820005625
0.01820005625
0.01820005625
0.01820005625
0.01820005625
0.01820005625
0.01820005625
0.01820005625
0.01820005625
0.01820005625
0.01820005625
0.01820005625
0.01820005625
0.01820005625
0.01820005625
0.01820005625
0.01820005625
0.01820005625
0.01820005625
0.01820005625
0.01820005626
0.01820005626
0.01820005626
0.01820005626
0.01820005626
0.01820005626
0.01820005626
0.01820005626
0.01820005626
0.01820005626
0.01820005626
0.01820005626
0.01820005626
0.01820005626
0.01820005626
0.01820005626
0.01820005626
0.01820005626
0.01820005626
0.01820005626
0.01820005626
0.01820005626
0.01820005626
0.01820005626
0.01820005626
0.01820005626
0.01820005626
0.01820005626
0.01820005626
0.01820005626
0.01820005626
0.01820005626
0.01820005626
0.01820005626
0.01820005626
0.01820005626
0.01820005626
0.01820005626
0.01820005626
0.01820005626
0.01820005626
0.01820005626
0.01820005626
0.01820005626
0.01820005626
0.01820005626
0.01820005626
0.01820005626
0.01820005626
0.01820005626
0.01820005626
0.01820005626
0.01820005626
0.01820005626
0.01820005626
0.01820005626
0.01820005626
0.01820005626
0.01820005626
0.01820005626
0.01820005626
0.01820005626
0.01820005626
0.01820005626
0.01820005626
0.01820005626
0.01820005626
0.01820005626
0.01820005626
0.01820005626
0.01820005626
0.01820005626
0.01820005626
0.01820005626
0.101546242
0.1023455202
0.1036080957
0.1050462824
0.106647427
0.1084065012
0.1103205831
0.1123894432
0.114612976
0.1169744951
0.1193530734
0.1209271782
0.1165794936
0.0910894688
0.04120759942
0.01821052135
0.01820015785
0.01820005641
0.01820005626
0.01820005625
0.01820005625
0.01820005625
0.01820005625
0.01820005625
0.01820005625
0.01820005625
0.01820005625
0.01820005625
0.01820005625
0.01820005625
0.01820005625
0.01820005625
0.01820005625
0.01820005625
0.01820005625
0.01820005625
0.01820005625
0.01820005625
0.01820005625
0.01820005625
0.01820005625
0.01820005625
0.01820005625
0.01820005625
0.01820005625
0.01820005625
0.01820005625
0.01820005625
0.01820005625
0.01820005625
0.01820005625
0.01820005625
0.01820005625
0.01820005625
0.01820005625
0.01820005625
0.01820005625
0.01820005625
0.01820005625
0.01820005625
0.01820005625
0.01820005625
0.01820005625
0.01820005625
0.01820005625
0.01820005625
0.01820005625
0.01820005625
0.01820005625
0.01820005625
0.01820005625
0.01820005625
0.01820005625
0.01820005625
0.01820005625
0.01820005625
0.01820005625
0.01820005625
0.01820005625
0.01820005625
0.01820005625
0.01820005625
0.01820005625
0.01820005625
0.01820005625
0.01820005625
0.01820005625
0.01820005625
0.01820005625
0.01820005625
0.01820005625
0.01820005625
0.01820005625
0.01820005625
0.01820005625
0.01820005625
0.01820005625
0.01820005625
0.01820005625
0.01820005625
0.01820005625
0.01820005625
0.01820005625
0.01820005625
0.01820005625
0.01820005625
0.01820005625
0.01820005625
0.01820005625
0.01820005625
0.01820005625
0.01820005625
0.01820005625
0.01820005625
0.01820005625
0.01820005625
0.01820005625
0.01820005625
0.01820005625
0.01820005625
0.01820005625
0.01820005625
0.01820005625
0.01820005625
0.01820005625
0.01820005625
0.01820005626
0.01820005626
0.01820005626
0.01820005626
0.01820005626
0.01820005626
0.01820005626
0.01820005626
0.01820005626
0.01820005626
0.01820005626
0.01820005626
0.01820005626
0.01820005626
0.01820005626
0.01820005626
0.01820005626
0.01820005626
0.01820005626
0.01820005626
0.01820005626
0.01820005626
0.01820005626
0.01820005626
0.01820005626
0.01820005626
0.01820005626
0.01820005626
0.01820005626
0.01820005626
0.01820005626
0.01820005626
0.01820005626
0.01820005626
0.01820005626
0.01820005626
0.01820005626
0.01820005626
0.01820005626
0.01820005626
0.01820005626
0.01820005626
0.01820005626
0.01820005626
0.01820005626
0.01820005626
0.01820005626
0.01820005626
0.01820005626
0.01820005626
0.01820005626
0.01820005626
0.01820005626
0.01820005626
0.01820005626
0.01820005626
0.01820005626
0.01820005626
0.01820005626
0.01820005626
0.01820005626
0.01820005626
0.01820005626
0.01820005626
0.01820005626
0.01820005626
0.01820005626
0.01820005626
0.01820005626
0.01820005626
0.01820005626
0.01820005626
0.01820005626
0.01820005626
0.1009060291
0.1017379053
0.1030123988
0.1044634735
0.1060800994
0.1078582074
0.1097953904
0.1118911668
0.1141440118
0.116535682
0.1189535265
0.1206624294
0.1170002815
0.09327411721
0.04425394848
0.0182119662
0.01820016973
0.01820005644
0.01820005626
0.01820005625
0.01820005625
0.01820005625
0.01820005625
0.01820005625
0.01820005625
0.01820005625
0.01820005625
0.01820005625
0.01820005625
0.01820005625
0.01820005625
0.01820005625
0.01820005625
0.01820005625
0.01820005625
0.01820005625
0.01820005625
0.01820005625
0.01820005625
0.01820005625
0.01820005625
0.01820005625
0.01820005625
0.01820005625
0.01820005625
0.01820005625
0.01820005625
0.01820005625
0.01820005625
0.01820005625
0.01820005625
0.01820005625
0.01820005625
0.01820005625
0.01820005625
0.01820005625
0.01820005625
0.01820005625
0.01820005625
0.01820005625
0.01820005625
0.01820005625
0.01820005625
0.01820005625
0.01820005625
0.01820005625
0.01820005625
0.01820005625
0.01820005625
0.01820005625
0.01820005625
0.01820005625
0.01820005625
0.01820005625
0.01820005625
0.01820005625
0.01820005625
0.01820005625
0.01820005625
0.01820005625
0.01820005625
0.01820005625
0.01820005625
0.01820005625
0.01820005625
0.01820005625
0.01820005625
0.01820005625
0.01820005625
0.01820005625
0.01820005625
0.01820005625
0.01820005625
0.01820005625
0.01820005625
0.01820005625
0.01820005625
0.01820005625
0.01820005625
0.01820005625
0.01820005625
0.01820005625
0.01820005625
0.01820005625
0.01820005625
0.01820005625
0.01820005625
0.01820005625
0.01820005625
0.01820005625
0.01820005625
0.01820005625
0.01820005625
0.01820005625
0.01820005625
0.01820005625
0.01820005625
0.01820005625
0.01820005625
0.01820005625
0.01820005625
0.01820005625
0.01820005625
0.01820005625
0.01820005625
0.01820005626
0.01820005626
0.01820005626
0.01820005626
0.01820005626
0.01820005626
0.01820005626
0.01820005626
0.01820005626
0.01820005626
0.01820005626
0.01820005626
0.01820005626
0.01820005626
0.01820005626
0.01820005626
0.01820005626
0.01820005626
0.01820005626
0.01820005626
0.01820005626
0.01820005626
0.01820005626
0.01820005626
0.01820005626
0.01820005626
0.01820005626
0.01820005626
0.01820005626
0.01820005626
0.01820005626
0.01820005626
0.01820005626
0.01820005626
0.01820005626
0.01820005626
0.01820005626
0.01820005626
0.01820005626
0.01820005626
0.01820005626
0.01820005626
0.01820005626
0.01820005626
0.01820005626
0.01820005626
0.01820005626
0.01820005626
0.01820005626
0.01820005626
0.01820005626
0.01820005626
0.01820005626
0.01820005626
0.01820005626
0.01820005626
0.01820005626
0.01820005626
0.01820005626
0.01820005626
0.01820005626
0.01820005626
0.01820005626
0.01820005626
0.01820005626
0.01820005626
0.01820005626
0.01820005626
0.01820005626
0.01820005626
0.01820005626
0.01820005626
0.01820005626
0.01820005626
0.01820005626
0.1002708163
0.1011346924
0.10242044
0.1038835025
0.1055145012
0.1073104087
0.1092693918
0.1113907238
0.1136715937
0.1160928412
0.1185509343
0.1203912992
0.1173795264
0.09539598944
0.04740264183
0.01821340824
0.01820018136
0.01820005646
0.01820005626
0.01820005625
0.01820005625
0.01820005625
0.01820005625
0.01820005625
0.01820005625
0.01820005625
0.01820005625
0.01820005625
0.01820005625
0.01820005625
0.01820005625
0.01820005625
0.01820005625
0.01820005625
0.01820005625
0.01820005625
0.01820005625
0.01820005625
0.01820005625
0.01820005625
0.01820005625
0.01820005625
0.01820005625
0.01820005625
0.01820005625
0.01820005625
0.01820005625
0.01820005625
0.01820005625
0.01820005625
0.01820005625
0.01820005625
0.01820005625
0.01820005625
0.01820005625
0.01820005625
0.01820005625
0.01820005625
0.01820005625
0.01820005625
0.01820005625
0.01820005625
0.01820005625
0.01820005625
0.01820005625
0.01820005625
0.01820005625
0.01820005625
0.01820005625
0.01820005625
0.01820005625
0.01820005625
0.01820005625
0.01820005625
0.01820005625
0.01820005625
0.01820005625
0.01820005625
0.01820005625
0.01820005625
0.01820005625
0.01820005625
0.01820005625
0.01820005625
0.01820005625
0.01820005625
0.01820005625
0.01820005625
0.01820005625
0.01820005625
0.01820005625
0.01820005625
0.01820005625
0.01820005625
0.01820005625
0.01820005625
0.01820005625
0.01820005625
0.01820005625
0.01820005625
0.01820005625
0.01820005625
0.01820005625
0.01820005625
0.01820005625
0.01820005625
0.01820005625
0.01820005625
0.01820005625
0.01820005625
0.01820005625
0.01820005625
0.01820005625
0.01820005625
0.01820005625
0.01820005625
0.01820005625
0.01820005625
0.01820005625
0.01820005625
0.01820005625
0.01820005625
0.01820005625
0.01820005625
0.01820005626
0.01820005626
0.01820005626
0.01820005626
0.01820005626
0.01820005626
0.01820005626
0.01820005626
0.01820005626
0.01820005626
0.01820005626
0.01820005626
0.01820005626
0.01820005626
0.01820005626
0.01820005626
0.01820005626
0.01820005626
0.01820005626
0.01820005626
0.01820005626
0.01820005626
0.01820005626
0.01820005626
0.01820005626
0.01820005626
0.01820005626
0.01820005626
0.01820005626
0.01820005626
0.01820005626
0.01820005626
0.01820005626
0.01820005626
0.01820005626
0.01820005626
0.01820005626
0.01820005626
0.01820005626
0.01820005626
0.01820005626
0.01820005626
0.01820005626
0.01820005626
0.01820005626
0.01820005626
0.01820005626
0.01820005626
0.01820005626
0.01820005626
0.01820005626
0.01820005626
0.01820005626
0.01820005626
0.01820005626
0.01820005626
0.01820005626
0.01820005626
0.01820005626
0.01820005626
0.01820005626
0.01820005626
0.01820005626
0.01820005626
0.01820005626
0.01820005626
0.01820005626
0.01820005626
0.01820005626
0.01820005626
0.01820005626
0.01820005626
0.01820005626
0.01820005626
0.01820005626
0.01820005626
0.0996374874
0.1005333869
0.1018304632
0.1033054394
0.1049504555
0.1067634718
0.1087432296
0.110888831
0.1131964896
0.1156469332
0.1181465687
0.1201156898
0.1177199151
0.09745113977
0.05064626998
0.0182148332
0.01820019271
0.01820005649
0.01820005626
0.01820005625
0.01820005625
0.01820005625
0.01820005625
0.01820005625
0.01820005625
0.01820005625
0.01820005625
0.01820005625
0.01820005625
0.01820005625
0.01820005625
0.01820005625
0.01820005625
0.01820005625
0.01820005625
0.01820005625
0.01820005625
0.01820005625
0.01820005625
0.01820005625
0.01820005625
0.01820005625
0.01820005625
0.01820005625
0.01820005625
0.01820005625
0.01820005625
0.01820005625
0.01820005625
0.01820005625
0.01820005625
0.01820005625
0.01820005625
0.01820005625
0.01820005625
0.01820005625
0.01820005625
0.01820005625
0.01820005625
0.01820005625
0.01820005625
0.01820005625
0.01820005625
0.01820005625
0.01820005625
0.01820005625
0.01820005625
0.01820005625
0.01820005625
0.01820005625
0.01820005625
0.01820005625
0.01820005625
0.01820005625
0.01820005625
0.01820005625
0.01820005625
0.01820005625
0.01820005625
0.01820005625
0.01820005625
0.01820005625
0.01820005625
0.01820005625
0.01820005625
0.01820005625
0.01820005625
0.01820005625
0.01820005625
0.01820005625
0.01820005625
0.01820005625
0.01820005625
0.01820005625
0.01820005625
0.01820005625
0.01820005625
0.01820005625
0.01820005625
0.01820005625
0.01820005625
0.01820005625
0.01820005625
0.01820005625
0.01820005625
0.01820005625
0.01820005625
0.01820005625
0.01820005625
0.01820005625
0.01820005625
0.01820005625
0.01820005625
0.01820005625
0.01820005625
0.01820005625
0.01820005625
0.01820005625
0.01820005625
0.01820005625
0.01820005625
0.01820005625
0.01820005625
0.01820005625
0.01820005626
0.01820005626
0.01820005626
0.01820005626
0.01820005626
0.01820005626
0.01820005626
0.01820005626
0.01820005626
0.01820005626
0.01820005626
0.01820005626
0.01820005626
0.01820005626
0.01820005626
0.01820005626
0.01820005626
0.01820005626
0.01820005626
0.01820005626
0.01820005626
0.01820005626
0.01820005626
0.01820005626
0.01820005626
0.01820005626
0.01820005626
0.01820005626
0.01820005626
0.01820005626
0.01820005626
0.01820005626
0.01820005626
0.01820005626
0.01820005626
0.01820005626
0.01820005626
0.01820005626
0.01820005626
0.01820005626
0.01820005626
0.01820005626
0.01820005626
0.01820005626
0.01820005626
0.01820005626
0.01820005626
0.01820005626
0.01820005626
0.01820005626
0.01820005626
0.01820005626
0.01820005626
0.01820005626
0.01820005626
0.01820005626
0.01820005626
0.01820005626
0.01820005626
0.01820005626
0.01820005626
0.01820005626
0.01820005626
0.01820005626
0.01820005626
0.01820005626
0.01820005626
0.01820005626
0.01820005626
0.01820005626
0.01820005626
0.01820005626
0.01820005626
0.01820005626
0.01820005626
0.01820005626
0.09900473693
0.09993287304
0.1012415633
0.1027286713
0.1043876857
0.1062174361
0.108217186
0.1103859508
0.1127193616
0.1151989103
0.1177416973
0.1198374751
0.1180245336
0.09943725259
0.05397851958
0.01821623017
0.01820020376
0.01820005652
0.01820005626
0.01820005625
0.01820005625
0.01820005625
0.01820005625
0.01820005625
0.01820005625
0.01820005625
0.01820005625
0.01820005625
0.01820005625
0.01820005625
0.01820005625
0.01820005625
0.01820005625
0.01820005625
0.01820005625
0.01820005625
0.01820005625
0.01820005625
0.01820005625
0.01820005625
0.01820005625
0.01820005625
0.01820005625
0.01820005625
0.01820005625
0.01820005625
0.01820005625
0.01820005625
0.01820005625
0.01820005625
0.01820005625
0.01820005625
0.01820005625
0.01820005625
0.01820005625
0.01820005625
0.01820005625
0.01820005625
0.01820005625
0.01820005625
0.01820005625
0.01820005625
0.01820005625
0.01820005625
0.01820005625
0.01820005625
0.01820005625
0.01820005625
0.01820005625
0.01820005625
0.01820005625
0.01820005625
0.01820005625
0.01820005625
0.01820005625
0.01820005625
0.01820005625
0.01820005625
0.01820005625
0.01820005625
0.01820005625
0.01820005625
0.01820005625
0.01820005625
0.01820005625
0.01820005625
0.01820005625
0.01820005625
0.01820005625
0.01820005625
0.01820005625
0.01820005625
0.01820005625
0.01820005625
0.01820005625
0.01820005625
0.01820005625
0.01820005625
0.01820005625
0.01820005625
0.01820005625
0.01820005625
0.01820005625
0.01820005625
0.01820005625
0.01820005625
0.01820005625
0.01820005625
0.01820005625
0.01820005625
0.01820005625
0.01820005625
0.01820005625
0.01820005625
0.01820005625
0.01820005625
0.01820005625
0.01820005625
0.01820005625
0.01820005625
0.01820005625
0.01820005625
0.01820005625
0.01820005626
0.01820005626
0.01820005626
0.01820005626
0.01820005626
0.01820005626
0.01820005626
0.01820005626
0.01820005626
0.01820005626
0.01820005626
0.01820005626
0.01820005626
0.01820005626
0.01820005626
0.01820005626
0.01820005626
0.01820005626
0.01820005626
0.01820005626
0.01820005626
0.01820005626
0.01820005626
0.01820005626
0.01820005626
0.01820005626
0.01820005626
0.01820005626
0.01820005626
0.01820005626
0.01820005626
0.01820005626
0.01820005626
0.01820005626
0.01820005626
0.01820005626
0.01820005626
0.01820005626
0.01820005626
0.01820005626
0.01820005626
0.01820005626
0.01820005626
0.01820005626
0.01820005626
0.01820005626
0.01820005626
0.01820005626
0.01820005626
0.01820005626
0.01820005626
0.01820005626
0.01820005626
0.01820005626
0.01820005626
0.01820005626
0.01820005626
0.01820005626
0.01820005626
0.01820005626
0.01820005626
0.01820005626
0.01820005626
0.01820005626
0.01820005626
0.01820005626
0.01820005626
0.01820005626
0.01820005626
0.01820005626
0.01820005626
0.01820005626
0.01820005626
0.01820005626
0.01820005626
0.01820005626
0.01820005626
0.09837206157
0.09933267026
0.100653279
0.1021528057
0.1038259263
0.105672206
0.1076913585
0.1098824052
0.1122408238
0.1147497457
0.1173376077
0.1195584939
0.1182966562
0.1013531382
0.05739410061
0.0182175928
0.01820021451
0.01820005654
0.01820005626
0.01820005625
0.01820005625
0.01820005625
0.01820005625
0.01820005625
0.01820005625
0.01820005625
0.01820005625
0.01820005625
0.01820005625
0.01820005625
0.01820005625
0.01820005625
0.01820005625
0.01820005625
0.01820005625
0.01820005625
0.01820005625
0.01820005625
0.01820005625
0.01820005625
0.01820005625
0.01820005625
0.01820005625
0.01820005625
0.01820005625
0.01820005625
0.01820005625
0.01820005625
0.01820005625
0.01820005625
0.01820005625
0.01820005625
0.01820005625
0.01820005625
0.01820005625
0.01820005625
0.01820005625
0.01820005625
0.01820005625
0.01820005625
0.01820005625
0.01820005625
0.01820005625
0.01820005625
0.01820005625
0.01820005625
0.01820005625
0.01820005625
0.01820005625
0.01820005625
0.01820005625
0.01820005625
0.01820005625
0.01820005625
0.01820005625
0.01820005625
0.01820005625
0.01820005625
0.01820005625
0.01820005625
0.01820005625
0.01820005625
0.01820005625
0.01820005625
0.01820005625
0.01820005625
0.01820005625
0.01820005625
0.01820005625
0.01820005625
0.01820005625
0.01820005625
0.01820005625
0.01820005625
0.01820005625
0.01820005625
0.01820005625
0.01820005625
0.01820005625
0.01820005625
0.01820005625
0.01820005625
0.01820005625
0.01820005625
0.01820005625
0.01820005625
0.01820005625
0.01820005625
0.01820005625
0.01820005625
0.01820005625
0.01820005625
0.01820005625
0.01820005625
0.01820005625
0.01820005625
0.01820005625
0.01820005625
0.01820005625
0.01820005625
0.01820005625
0.01820005625
0.01820005626
0.01820005626
0.01820005626
0.01820005626
0.01820005626
0.01820005626
0.01820005626
0.01820005626
0.01820005626
0.01820005626
0.01820005626
0.01820005626
0.01820005626
0.01820005626
0.01820005626
0.01820005626
0.01820005626
0.01820005626
0.01820005626
0.01820005626
0.01820005626
0.01820005626
0.01820005626
0.01820005626
0.01820005626
0.01820005626
0.01820005626
0.01820005626
0.01820005626
0.01820005626
0.01820005626
0.01820005626
0.01820005626
0.01820005626
0.01820005626
0.01820005626
0.01820005626
0.01820005626
0.01820005626
0.01820005626
0.01820005626
0.01820005626
0.01820005626
0.01820005626
0.01820005626
0.01820005626
0.01820005626
0.01820005626
0.01820005626
0.01820005626
0.01820005626
0.01820005626
0.01820005626
0.01820005626
0.01820005626
0.01820005626
0.01820005626
0.01820005626
0.01820005626
0.01820005626
0.01820005626
0.01820005626
0.01820005626
0.01820005626
0.01820005626
0.01820005626
0.01820005626
0.01820005626
0.01820005626
0.01820005626
0.01820005626
0.01820005626
0.01820005626
0.01820005626
0.01820005626
0.01820005626
0.01820005626
0.01820005626
0.09773935982
0.09873262715
0.1000654069
0.1015776118
0.1032649688
0.1051276563
0.1071657759
0.1093784622
0.1117614802
0.1143004262
0.1169355718
0.1192804806
0.1185395413
0.1031983526
0.06088866001
0.01821889355
0.01820022903
0.01820005657
0.01820005626
0.01820005625
0.01820005625
0.01820005625
0.01820005625
0.01820005625
0.01820005625
0.01820005625
0.01820005625
0.01820005625
0.01820005625
0.01820005625
0.01820005625
0.01820005625
0.01820005625
0.01820005625
0.01820005625
0.01820005625
0.01820005625
0.01820005625
0.01820005625
0.01820005625
0.01820005625
0.01820005625
0.01820005625
0.01820005625
0.01820005625
0.01820005625
0.01820005625
0.01820005625
0.01820005625
0.01820005625
0.01820005625
0.01820005625
0.01820005625
0.01820005625
0.01820005625
0.01820005625
0.01820005625
0.01820005625
0.01820005625
0.01820005625
0.01820005625
0.01820005625
0.01820005625
0.01820005625
0.01820005625
0.01820005625
0.01820005625
0.01820005625
0.01820005625
0.01820005625
0.01820005625
0.01820005625
0.01820005625
0.01820005625
0.01820005625
0.01820005625
0.01820005625
0.01820005625
0.01820005625
0.01820005625
0.01820005625
0.01820005625
0.01820005625
0.01820005625
0.01820005625
0.01820005625
0.01820005625
0.01820005625
0.01820005625
0.01820005625
0.01820005625
0.01820005625
0.01820005625
0.01820005625
0.01820005625
0.01820005625
0.01820005625
0.01820005625
0.01820005625
0.01820005625
0.01820005625
0.01820005625
0.01820005625
0.01820005625
0.01820005625
0.01820005625
0.01820005625
0.01820005625
0.01820005625
0.01820005625
0.01820005625
0.01820005625
0.01820005625
0.01820005625
0.01820005625
0.01820005625
0.01820005625
0.01820005625
0.01820005625
0.01820005625
0.01820005625
0.01820005625
0.01820005626
0.01820005626
0.01820005626
0.01820005626
0.01820005626
0.01820005626
0.01820005626
0.01820005626
0.01820005626
0.01820005626
0.01820005626
0.01820005626
0.01820005626
0.01820005626
0.01820005626
0.01820005626
0.01820005626
0.01820005626
0.01820005626
0.01820005626
0.01820005626
0.01820005626
0.01820005626
0.01820005626
0.01820005626
0.01820005626
0.01820005626
0.01820005626
0.01820005626
0.01820005626
0.01820005626
0.01820005626
0.01820005626
0.01820005626
0.01820005626
0.01820005626
0.01820005626
0.01820005626
0.01820005626
0.01820005626
0.01820005626
0.01820005626
0.01820005626
0.01820005626
0.01820005626
0.01820005626
0.01820005626
0.01820005626
0.01820005626
0.01820005626
0.01820005626
0.01820005626
0.01820005626
0.01820005626
0.01820005626
0.01820005626
0.01820005626
0.01820005626
0.01820005626
0.01820005626
0.01820005626
0.01820005626
0.01820005626
0.01820005626
0.01820005626
0.01820005626
0.01820005626
0.01820005626
0.01820005626
0.01820005626
0.01820005626
0.01820005626
0.01820005626
0.01820005626
0.01820005626
0.01820005626
0.01820005626
0.01820005626
0.09710670114
0.0981327305
0.09947784815
0.1010029017
0.102704554
0.1045834826
0.1066401035
0.1088737197
0.1112806545
0.1138493253
0.1165311714
0.1189917554
0.1187219527
0.1048694758
0.06405011509
0.01882430869
0.01820033803
0.01820005766
0.01820005626
0.01820005625
0.01820005625
0.01820005625
0.01820005625
0.01820005625
0.01820005625
0.01820005625
0.01820005625
0.01820005625
0.01820005625
0.01820005625
0.01820005625
0.01820005625
0.01820005625
0.01820005625
0.01820005625
0.01820005625
0.01820005625
0.01820005625
0.01820005625
0.01820005625
0.01820005625
0.01820005625
0.01820005625
0.01820005625
0.01820005625
0.01820005625
0.01820005625
0.01820005625
0.01820005625
0.01820005625
0.01820005625
0.01820005625
0.01820005625
0.01820005625
0.01820005625
0.01820005625
0.01820005625
0.01820005625
0.01820005625
0.01820005625
0.01820005625
0.01820005625
0.01820005625
0.01820005625
0.01820005625
0.01820005625
0.01820005625
0.01820005625
0.01820005625
0.01820005625
0.01820005625
0.01820005625
0.01820005625
0.01820005625
0.01820005625
0.01820005625
0.01820005625
0.01820005625
0.01820005625
0.01820005625
0.01820005625
0.01820005625
0.01820005625
0.01820005625
0.01820005625
0.01820005625
0.01820005625
0.01820005625
0.01820005625
0.01820005625
0.01820005625
0.01820005625
0.01820005625
0.01820005625
0.01820005625
0.01820005625
0.01820005625
0.01820005625
0.01820005625
0.01820005625
0.01820005625
0.01820005625
0.01820005625
0.01820005625
0.01820005625
0.01820005625
0.01820005625
0.01820005625
0.01820005625
0.01820005625
0.01820005625
0.01820005625
0.01820005625
0.01820005625
0.01820005625
0.01820005625
0.01820005625
0.01820005625
0.01820005625
0.01820005625
0.01820005625
0.01820005626
0.01820005626
0.01820005626
0.01820005626
0.01820005626
0.01820005626
0.01820005626
0.01820005626
0.01820005626
0.01820005626
0.01820005626
0.01820005626
0.01820005626
0.01820005626
0.01820005626
0.01820005626
0.01820005626
0.01820005626
0.01820005626
0.01820005626
0.01820005626
0.01820005626
0.01820005626
0.01820005626
0.01820005626
0.01820005626
0.01820005626
0.01820005626
0.01820005626
0.01820005626
0.01820005626
0.01820005626
0.01820005626
0.01820005626
0.01820005626
0.01820005626
0.01820005626
0.01820005626
0.01820005626
0.01820005626
0.01820005626
0.01820005626
0.01820005626
0.01820005626
0.01820005626
0.01820005626
0.01820005626
0.01820005626
0.01820005626
0.01820005626
0.01820005626
0.01820005626
0.01820005626
0.01820005626
0.01820005626
0.01820005626
0.01820005626
0.01820005626
0.01820005626
0.01820005626
0.01820005626
0.01820005626
0.01820005626
0.01820005626
0.01820005626
0.01820005626
0.01820005626
0.01820005626
0.01820005626
0.01820005626
0.01820005626
0.01820005626
0.01820005626
0.01820005626
0.01820005626
0.01820005626
0.01820005626
0.01820005626
0.01820005626
0.09647418094
0.09753296704
0.09889047087
0.1004283926
0.1021442247
0.1040390261
0.1061134254
0.1083668692
0.1107963165
0.1133929541
0.1161180018
0.1186808333
0.118825999
0.1063445177
0.06697171071
0.0200341878
0.0182006377
0.01820006092
0.01820005626
0.01820005625
0.01820005625
0.01820005625
0.01820005625
0.01820005625
0.01820005625
0.01820005625
0.01820005625
0.01820005625
0.01820005625
0.01820005625
0.01820005625
0.01820005625
0.01820005625
0.01820005625
0.01820005625
0.01820005625
0.01820005625
0.01820005625
0.01820005625
0.01820005625
0.01820005625
0.01820005625
0.01820005625
0.01820005625
0.01820005625
0.01820005625
0.01820005625
0.01820005625
0.01820005625
0.01820005625
0.01820005625
0.01820005625
0.01820005625
0.01820005625
0.01820005625
0.01820005625
0.01820005625
0.01820005625
0.01820005625
0.01820005625
0.01820005625
0.01820005625
0.01820005625
0.01820005625
0.01820005625
0.01820005625
0.01820005625
0.01820005625
0.01820005625
0.01820005625
0.01820005625
0.01820005625
0.01820005625
0.01820005625
0.01820005625
0.01820005625
0.01820005625
0.01820005625
0.01820005625
0.01820005625
0.01820005625
0.01820005625
0.01820005625
0.01820005625
0.01820005625
0.01820005625
0.01820005625
0.01820005625
0.01820005625
0.01820005625
0.01820005625
0.01820005625
0.01820005625
0.01820005625
0.01820005625
0.01820005625
0.01820005625
0.01820005625
0.01820005625
0.01820005625
0.01820005625
0.01820005625
0.01820005625
0.01820005625
0.01820005625
0.01820005625
0.01820005625
0.01820005625
0.01820005625
0.01820005625
0.01820005625
0.01820005625
0.01820005625
0.01820005625
0.01820005625
0.01820005625
0.01820005625
0.01820005625
0.01820005625
0.01820005625
0.01820005625
0.01820005626
0.01820005626
0.01820005626
0.01820005626
0.01820005626
0.01820005626
0.01820005626
0.01820005626
0.01820005626
0.01820005626
0.01820005626
0.01820005626
0.01820005626
0.01820005626
0.01820005626
0.01820005626
0.01820005626
0.01820005626
0.01820005626
0.01820005626
0.01820005626
0.01820005626
0.01820005626
0.01820005626
0.01820005626
0.01820005626
0.01820005626
0.01820005626
0.01820005626
0.01820005626
0.01820005626
0.01820005626
0.01820005626
0.01820005626
0.01820005626
0.01820005626
0.01820005626
0.01820005626
0.01820005626
0.01820005626
0.01820005626
0.01820005626
0.01820005626
0.01820005626
0.01820005626
0.01820005626
0.01820005626
0.01820005626
0.01820005626
0.01820005626
0.01820005626
0.01820005626
0.01820005626
0.01820005626
0.01820005626
0.01820005626
0.01820005626
0.01820005626
0.01820005626
0.01820005626
0.01820005626
0.01820005626
0.01820005626
0.01820005626
0.01820005626
0.01820005626
0.01820005626
0.01820005626
0.01820005626
0.01820005626
0.01820005626
0.01820005626
0.01820005626
0.01820005626
0.01820005626
0.01820005626
0.01820005626
0.01820005626
0.01820005626
0.09584178868
0.09693321176
0.09830300687
0.099853617
0.1015832616
0.1034932607
0.1055843408
0.1078560306
0.1103059238
0.1129277912
0.1156911492
0.118341724
0.1188493821
0.1076423475
0.06980012193
0.0217016261
0.01820115784
0.01820006682
0.01820005626
0.01820005625
0.01820005625
0.01820005625
0.01820005625
0.01820005625
0.01820005625
0.01820005625
0.01820005625
0.01820005625
0.01820005625
0.01820005625
0.01820005625
0.01820005625
0.01820005625
0.01820005625
0.01820005625
0.01820005625
0.01820005625
0.01820005625
0.01820005625
0.01820005625
0.01820005625
0.01820005625
0.01820005625
0.01820005625
0.01820005625
0.01820005625
0.01820005625
0.01820005625
0.01820005625
0.01820005625
0.01820005625
0.01820005625
0.01820005625
0.01820005625
0.01820005625
0.01820005625
0.01820005625
0.01820005625
0.01820005625
0.01820005625
0.01820005625
0.01820005625
0.01820005625
0.01820005625
0.01820005625
0.01820005625
0.01820005625
0.01820005625
0.01820005625
0.01820005625
0.01820005625
0.01820005625
0.01820005625
0.01820005625
0.01820005625
0.01820005625
0.01820005625
0.01820005625
0.01820005625
0.01820005625
0.01820005625
0.01820005625
0.01820005625
0.01820005625
0.01820005625
0.01820005625
0.01820005625
0.01820005625
0.01820005625
0.01820005625
0.01820005625
0.01820005625
0.01820005625
0.01820005625
0.01820005625
0.01820005625
0.01820005625
0.01820005625
0.01820005625
0.01820005625
0.01820005625
0.01820005625
0.01820005625
0.01820005625
0.01820005625
0.01820005625
0.01820005625
0.01820005625
0.01820005625
0.01820005625
0.01820005625
0.01820005625
0.01820005625
0.01820005625
0.01820005625
0.01820005625
0.01820005625
0.01820005625
0.01820005625
0.01820005625
0.01820005625
0.01820005626
0.01820005626
0.01820005626
0.01820005626
0.01820005626
0.01820005626
0.01820005626
0.01820005626
0.01820005626
0.01820005626
0.01820005626
0.01820005626
0.01820005626
0.01820005626
0.01820005626
0.01820005626
0.01820005626
0.01820005626
0.01820005626
0.01820005626
0.01820005626
0.01820005626
0.01820005626
0.01820005626
0.01820005626
0.01820005626
0.01820005626
0.01820005626
0.01820005626
0.01820005626
0.01820005626
0.01820005626
0.01820005626
0.01820005626
0.01820005626
0.01820005626
0.01820005626
0.01820005626
0.01820005626
0.01820005626
0.01820005626
0.01820005626
0.01820005626
0.01820005626
0.01820005626
0.01820005626
0.01820005626
0.01820005626
0.01820005626
0.01820005626
0.01820005626
0.01820005626
0.01820005626
0.01820005626
0.01820005626
0.01820005626
0.01820005626
0.01820005626
0.01820005626
0.01820005626
0.01820005626
0.01820005626
0.01820005626
0.01820005626
0.01820005626
0.01820005626
0.01820005626
0.01820005626
0.01820005626
0.01820005626
0.01820005626
0.01820005626
0.01820005626
0.01820005626
0.01820005626
0.01820005626
0.01820005626
0.01820005626
0.01820005626
0.09520934969
0.09633317656
0.09771501279
0.09927791246
0.1010207265
0.1029449279
0.105051246
0.1073392552
0.1098072045
0.1124512753
0.1152478784
0.1179725757
0.1187964614
0.1087847619
0.07259492562
0.02373993107
0.01820189505
0.01820007531
0.01820005627
0.01820005625
0.01820005625
0.01820005625
0.01820005625
0.01820005625
0.01820005625
0.01820005625
0.01820005625
0.01820005625
0.01820005625
0.01820005625
0.01820005625
0.01820005625
0.01820005625
0.01820005625
0.01820005625
0.01820005625
0.01820005625
0.01820005625
0.01820005625
0.01820005625
0.01820005625
0.01820005625
0.01820005625
0.01820005625
0.01820005625
0.01820005625
0.01820005625
0.01820005625
0.01820005625
0.01820005625
0.01820005625
0.01820005625
0.01820005625
0.01820005625
0.01820005625
0.01820005625
0.01820005625
0.01820005625
0.01820005625
0.01820005625
0.01820005625
0.01820005625
0.01820005625
0.01820005625
0.01820005625
0.01820005625
0.01820005625
0.01820005625
0.01820005625
0.01820005625
0.01820005625
0.01820005625
0.01820005625
0.01820005625
0.01820005625
0.01820005625
0.01820005625
0.01820005625
0.01820005625
0.01820005625
0.01820005625
0.01820005625
0.01820005625
0.01820005625
0.01820005625
0.01820005625
0.01820005625
0.01820005625
0.01820005625
0.01820005625
0.01820005625
0.01820005625
0.01820005625
0.01820005625
0.01820005625
0.01820005625
0.01820005625
0.01820005625
0.01820005625
0.01820005625
0.01820005625
0.01820005625
0.01820005625
0.01820005625
0.01820005625
0.01820005625
0.01820005625
0.01820005625
0.01820005625
0.01820005625
0.01820005625
0.01820005625
0.01820005625
0.01820005625
0.01820005625
0.01820005625
0.01820005625
0.01820005625
0.01820005625
0.01820005625
0.01820005626
0.01820005626
0.01820005626
0.01820005626
0.01820005626
0.01820005626
0.01820005626
0.01820005626
0.01820005626
0.01820005626
0.01820005626
0.01820005626
0.01820005626
0.01820005626
0.01820005626
0.01820005626
0.01820005626
0.01820005626
0.01820005626
0.01820005626
0.01820005626
0.01820005626
0.01820005626
0.01820005626
0.01820005626
0.01820005626
0.01820005626
0.01820005626
0.01820005626
0.01820005626
0.01820005626
0.01820005626
0.01820005626
0.01820005626
0.01820005626
0.01820005626
0.01820005626
0.01820005626
0.01820005626
0.01820005626
0.01820005626
0.01820005626
0.01820005626
0.01820005626
0.01820005626
0.01820005626
0.01820005626
0.01820005626
0.01820005626
0.01820005626
0.01820005626
0.01820005626
0.01820005626
0.01820005626
0.01820005626
0.01820005626
0.01820005626
0.01820005626
0.01820005626
0.01820005626
0.01820005626
0.01820005626
0.01820005626
0.01820005626
0.01820005626
0.01820005626
0.01820005626
0.01820005626
0.01820005626
0.01820005626
0.01820005626
0.01820005626
0.01820005626
0.01820005626
0.01820005626
0.01820005626
0.01820005626
0.01820005626
0.01820005626
0.01820005626
0.09457651362
0.09573240901
0.09712588859
0.0987004767
0.1004555762
0.1023927348
0.1045126376
0.106814932
0.1092986022
0.1119620994
0.1147874285
0.117574514
0.1186756244
0.109793305
0.07537817926
0.0260921969
0.01820283648
0.018200086
0.01820005628
0.01820005625
0.01820005625
0.01820005625
0.01820005625
0.01820005625
0.01820005625
0.01820005625
0.01820005625
0.01820005625
0.01820005625
0.01820005625
0.01820005625
0.01820005625
0.01820005625
0.01820005625
0.01820005625
0.01820005625
0.01820005625
0.01820005625
0.01820005625
0.01820005625
0.01820005625
0.01820005625
0.01820005625
0.01820005625
0.01820005625
0.01820005625
0.01820005625
0.01820005625
0.01820005625
0.01820005625
0.01820005625
0.01820005625
0.01820005625
0.01820005625
0.01820005625
0.01820005625
0.01820005625
0.01820005625
0.01820005625
0.01820005625
0.01820005625
0.01820005625
0.01820005625
0.01820005625
0.01820005625
0.01820005625
0.01820005625
0.01820005625
0.01820005625
0.01820005625
0.01820005625
0.01820005625
0.01820005625
0.01820005625
0.01820005625
0.01820005625
0.01820005625
0.01820005625
0.01820005625
0.01820005625
0.01820005625
0.01820005625
0.01820005625
0.01820005625
0.01820005625
0.01820005625
0.01820005625
0.01820005625
0.01820005625
0.01820005625
0.01820005625
0.01820005625
0.01820005625
0.01820005625
0.01820005625
0.01820005625
0.01820005625
0.01820005625
0.01820005625
0.01820005625
0.01820005625
0.01820005625
0.01820005625
0.01820005625
0.01820005625
0.01820005625
0.01820005625
0.01820005625
0.01820005625
0.01820005625
0.01820005625
0.01820005625
0.01820005625
0.01820005625
0.01820005625
0.01820005625
0.01820005625
0.01820005625
0.01820005625
0.01820005625
0.01820005626
0.01820005626
0.01820005626
0.01820005626
0.01820005626
0.01820005626
0.01820005626
0.01820005626
0.01820005626
0.01820005626
0.01820005626
0.01820005626
0.01820005626
0.01820005626
0.01820005626
0.01820005626
0.01820005626
0.01820005626
0.01820005626
0.01820005626
0.01820005626
0.01820005626
0.01820005626
0.01820005626
0.01820005626
0.01820005626
0.01820005626
0.01820005626
0.01820005626
0.01820005626
0.01820005626
0.01820005626
0.01820005626
0.01820005626
0.01820005626
0.01820005626
0.01820005626
0.01820005626
0.01820005626
0.01820005626
0.01820005626
0.01820005626
0.01820005626
0.01820005626
0.01820005626
0.01820005626
0.01820005626
0.01820005626
0.01820005626
0.01820005626
0.01820005626
0.01820005626
0.01820005626
0.01820005626
0.01820005626
0.01820005626
0.01820005626
0.01820005626
0.01820005626
0.01820005626
0.01820005626
0.01820005626
0.01820005626
0.01820005626
0.01820005626
0.01820005626
0.01820005626
0.01820005626
0.01820005626
0.01820005626
0.01820005626
0.01820005626
0.01820005626
0.01820005626
0.01820005626
0.01820005626
0.01820005626
0.01820005626
0.01820005626
0.01820005626
0.09394275587
0.09513031813
0.09653492909
0.09812045469
0.09988679617
0.1018355409
0.1039673456
0.10628203
0.1087794466
0.1114601885
0.1143106934
0.1171509471
0.1184979057
0.1106880517
0.07815261213
0.02871789079
0.01820396582
0.01820009838
0.0182000563
0.01820005626
0.01820005625
0.01820005625
0.01820005625
0.01820005625
0.01820005625
0.01820005625
0.01820005625
0.01820005625
0.01820005625
0.01820005625
0.01820005625
0.01820005625
0.01820005625
0.01820005625
0.01820005625
0.01820005625
0.01820005625
0.01820005625
0.01820005625
0.01820005625
0.01820005625
0.01820005625
0.01820005625
0.01820005625
0.01820005625
0.01820005625
0.01820005625
0.01820005625
0.01820005625
0.01820005625
0.01820005625
0.01820005625
0.01820005625
0.01820005625
0.01820005625
0.01820005625
0.01820005625
0.01820005625
0.01820005625
0.01820005625
0.01820005625
0.01820005625
0.01820005625
0.01820005625
0.01820005625
0.01820005625
0.01820005625
0.01820005625
0.01820005625
0.01820005625
0.01820005625
0.01820005625
0.01820005625
0.01820005625
0.01820005625
0.01820005625
0.01820005625
0.01820005625
0.01820005625
0.01820005625
0.01820005625
0.01820005625
0.01820005625
0.01820005625
0.01820005625
0.01820005625
0.01820005625
0.01820005625
0.01820005625
0.01820005625
0.01820005625
0.01820005625
0.01820005625
0.01820005625
0.01820005625
0.01820005625
0.01820005625
0.01820005625
0.01820005625
0.01820005625
0.01820005625
0.01820005625
0.01820005625
0.01820005625
0.01820005625
0.01820005625
0.01820005625
0.01820005625
0.01820005625
0.01820005625
0.01820005625
0.01820005625
0.01820005625
0.01820005625
0.01820005625
0.01820005625
0.01820005625
0.01820005625
0.01820005625
0.01820005626
0.01820005626
0.01820005626
0.01820005626
0.01820005626
0.01820005626
0.01820005626
0.01820005626
0.01820005626
0.01820005626
0.01820005626
0.01820005626
0.01820005626
0.01820005626
0.01820005626
0.01820005626
0.01820005626
0.01820005626
0.01820005626
0.01820005626
0.01820005626
0.01820005626
0.01820005626
0.01820005626
0.01820005626
0.01820005626
0.01820005626
0.01820005626
0.01820005626
0.01820005626
0.01820005626
0.01820005626
0.01820005626
0.01820005626
0.01820005626
0.01820005626
0.01820005626
0.01820005626
0.01820005626
0.01820005626
0.01820005626
0.01820005626
0.01820005626
0.01820005626
0.01820005626
0.01820005626
0.01820005626
0.01820005626
0.01820005626
0.01820005626
0.01820005626
0.01820005626
0.01820005626
0.01820005626
0.01820005626
0.01820005626
0.01820005626
0.01820005626
0.01820005626
0.01820005626
0.01820005626
0.01820005626
0.01820005626
0.01820005626
0.01820005626
0.01820005626
0.01820005626
0.01820005626
0.01820005626
0.01820005626
0.01820005626
0.01820005626
0.01820005626
0.01820005626
0.01820005626
0.01820005626
0.01820005626
0.01820005626
0.01820005626
0.01820005626
0.01820005626
0.09330744929
0.09452624119
0.09594140187
0.09753703634
0.09931352153
0.1012724975
0.1034146707
0.1057401909
0.1082499378
0.1109465183
0.1138198285
0.1167067865
0.1182753011
0.1114861172
0.08091021234
0.03158632762
0.01820526257
0.01820011195
0.01820005632
0.01820005626
0.01820005625
0.01820005625
0.01820005625
0.01820005625
0.01820005625
0.01820005625
0.01820005625
0.01820005625
0.01820005625
0.01820005625
0.01820005625
0.01820005625
0.01820005625
0.01820005625
0.01820005625
0.01820005625
0.01820005625
0.01820005625
0.01820005625
0.01820005625
0.01820005625
0.01820005625
0.01820005625
0.01820005625
0.01820005625
0.01820005625
0.01820005625
0.01820005625
0.01820005625
0.01820005625
0.01820005625
0.01820005625
0.01820005625
0.01820005625
0.01820005625
0.01820005625
0.01820005625
0.01820005625
0.01820005625
0.01820005625
0.01820005625
0.01820005625
0.01820005625
0.01820005625
0.01820005625
0.01820005625
0.01820005625
0.01820005625
0.01820005625
0.01820005625
0.01820005625
0.01820005625
0.01820005625
0.01820005625
0.01820005625
0.01820005625
0.01820005625
0.01820005625
0.01820005625
0.01820005625
0.01820005625
0.01820005625
0.01820005625
0.01820005625
0.01820005625
0.01820005625
0.01820005625
0.01820005625
0.01820005625
0.01820005625
0.01820005625
0.01820005625
0.01820005625
0.01820005625
0.01820005625
0.01820005625
0.01820005625
0.01820005625
0.01820005625
0.01820005625
0.01820005625
0.01820005625
0.01820005625
0.01820005625
0.01820005625
0.01820005625
0.01820005625
0.01820005625
0.01820005625
0.01820005625
0.01820005625
0.01820005625
0.01820005625
0.01820005625
0.01820005625
0.01820005625
0.01820005625
0.01820005625
0.01820005625
0.01820005626
0.01820005626
0.01820005626
0.01820005626
0.01820005626
0.01820005626
0.01820005626
0.01820005626
0.01820005626
0.01820005626
0.01820005626
0.01820005626
0.01820005626
0.01820005626
0.01820005626
0.01820005626
0.01820005626
0.01820005626
0.01820005626
0.01820005626
0.01820005626
0.01820005626
0.01820005626
0.01820005626
0.01820005626
0.01820005626
0.01820005626
0.01820005626
0.01820005626
0.01820005626
0.01820005626
0.01820005626
0.01820005626
0.01820005626
0.01820005626
0.01820005626
0.01820005626
0.01820005626
0.01820005626
0.01820005626
0.01820005626
0.01820005626
0.01820005626
0.01820005626
0.01820005626
0.01820005626
0.01820005626
0.01820005626
0.01820005626
0.01820005626
0.01820005626
0.01820005626
0.01820005626
0.01820005626
0.01820005626
0.01820005626
0.01820005626
0.01820005626
0.01820005626
0.01820005626
0.01820005626
0.01820005626
0.01820005626
0.01820005626
0.01820005626
0.01820005626
0.01820005626
0.01820005626
0.01820005626
0.01820005626
0.01820005626
0.01820005626
0.01820005626
0.01820005626
0.01820005626
0.01820005626
0.01820005626
0.01820005626
0.01820005626
0.01820005626
0.01820005626
0.0926699238
0.09391951161
0.09534462411
0.09694954149
0.09873512553
0.1007031265
0.1028544276
0.1051897011
0.1077110092
0.110422834
0.1133177695
0.1162475503
0.1180191751
0.1122009109
0.0836375374
0.03467304587
0.01820670133
0.0182001263
0.01820005634
0.01820005626
0.01820005625
0.01820005625
0.01820005625
0.01820005625
0.01820005625
0.01820005625
0.01820005625
0.01820005625
0.01820005625
0.01820005625
0.01820005625
0.01820005625
0.01820005625
0.01820005625
0.01820005625
0.01820005625
0.01820005625
0.01820005625
0.01820005625
0.01820005625
0.01820005625
0.01820005625
0.01820005625
0.01820005625
0.01820005625
0.01820005625
0.01820005625
0.01820005625
0.01820005625
0.01820005625
0.01820005625
0.01820005625
0.01820005625
0.01820005625
0.01820005625
0.01820005625
0.01820005625
0.01820005625
0.01820005625
0.01820005625
0.01820005625
0.01820005625
0.01820005625
0.01820005625
0.01820005625
0.01820005625
0.01820005625
0.01820005625
0.01820005625
0.01820005625
0.01820005625
0.01820005625
0.01820005625
0.01820005625
0.01820005625
0.01820005625
0.01820005625
0.01820005625
0.01820005625
0.01820005625
0.01820005625
0.01820005625
0.01820005625
0.01820005625
0.01820005625
0.01820005625
0.01820005625
0.01820005625
0.01820005625
0.01820005625
0.01820005625
0.01820005625
0.01820005625
0.01820005625
0.01820005625
0.01820005625
0.01820005625
0.01820005625
0.01820005625
0.01820005625
0.01820005625
0.01820005625
0.01820005625
0.01820005625
0.01820005625
0.01820005625
0.01820005625
0.01820005625
0.01820005625
0.01820005625
0.01820005625
0.01820005625
0.01820005625
0.01820005625
0.01820005625
0.01820005625
0.01820005625
0.01820005625
0.01820005626
0.01820005626
0.01820005626
0.01820005626
0.01820005626
0.01820005626
0.01820005626
0.01820005626
0.01820005626
0.01820005626
0.01820005626
0.01820005626
0.01820005626
0.01820005626
0.01820005626
0.01820005626
0.01820005626
0.01820005626
0.01820005626
0.01820005626
0.01820005626
0.01820005626
0.01820005626
0.01820005626
0.01820005626
0.01820005626
0.01820005626
0.01820005626
0.01820005626
0.01820005626
0.01820005626
0.01820005626
0.01820005626
0.01820005626
0.01820005626
0.01820005626
0.01820005626
0.01820005626
0.01820005626
0.01820005626
0.01820005626
0.01820005626
0.01820005626
0.01820005626
0.01820005626
0.01820005626
0.01820005626
0.01820005626
0.01820005626
0.01820005626
0.01820005626
0.01820005626
0.01820005626
0.01820005626
0.01820005626
0.01820005626
0.01820005626
0.01820005626
0.01820005626
0.01820005626
0.01820005626
0.01820005626
0.01820005626
0.01820005626
0.01820005626
0.01820005626
0.01820005626
0.01820005626
0.01820005626
0.01820005626
0.01820005626
0.01820005626
0.01820005626
0.01820005626
0.01820005626
0.01820005626
0.01820005626
0.01820005626
0.01820005626
0.01820005626
0.01820005626
0.01820005626
0.09202953324
0.09330952447
0.0947440282
0.0963574807
0.09815126623
0.1001273372
0.1022869111
0.104631381
0.1071641165
0.1098913221
0.1128077339
0.115778562
0.1177392186
0.1128423407
0.08631937074
0.03795763749
0.01820825291
0.01820014106
0.01820005637
0.01820005626
0.01820005625
0.01820005625
0.01820005625
0.01820005625
0.01820005625
0.01820005625
0.01820005625
0.01820005625
0.01820005625
0.01820005625
0.01820005625
0.01820005625
0.01820005625
0.01820005625
0.01820005625
0.01820005625
0.01820005625
0.01820005625
0.01820005625
0.01820005625
0.01820005625
0.01820005625
0.01820005625
0.01820005625
0.01820005625
0.01820005625
0.01820005625
0.01820005625
0.01820005625
0.01820005625
0.01820005625
0.01820005625
0.01820005625
0.01820005625
0.01820005625
0.01820005625
0.01820005625
0.01820005625
0.01820005625
0.01820005625
0.01820005625
0.01820005625
0.01820005625
0.01820005625
0.01820005625
0.01820005625
0.01820005625
0.01820005625
0.01820005625
0.01820005625
0.01820005625
0.01820005625
0.01820005625
0.01820005625
0.01820005625
0.01820005625
0.01820005625
0.01820005625
0.01820005625
0.01820005625
0.01820005625
0.01820005625
0.01820005625
0.01820005625
0.01820005625
0.01820005625
0.01820005625
0.01820005625
0.01820005625
0.01820005625
0.01820005625
0.01820005625
0.01820005625
0.01820005625
0.01820005625
0.01820005625
0.01820005625
0.01820005625
0.01820005625
0.01820005625
0.01820005625
0.01820005625
0.01820005625
0.01820005625
0.01820005625
0.01820005625
0.01820005625
0.01820005625
0.01820005625
0.01820005625
0.01820005625
0.01820005625
0.01820005625
0.01820005625
0.01820005625
0.01820005625
0.01820005625
0.01820005625
0.01820005626
0.01820005626
0.01820005626
0.01820005626
0.01820005626
0.01820005626
0.01820005626
0.01820005626
0.01820005626
0.01820005626
0.01820005626
0.01820005626
0.01820005626
0.01820005626
0.01820005626
0.01820005626
0.01820005626
0.01820005626
0.01820005626
0.01820005626
0.01820005626
0.01820005626
0.01820005626
0.01820005626
0.01820005626
0.01820005626
0.01820005626
0.01820005626
0.01820005626
0.01820005626
0.01820005626
0.01820005626
0.01820005626
0.01820005626
0.01820005626
0.01820005626
0.01820005626
0.01820005626
0.01820005626
0.01820005626
0.01820005626
0.01820005626
0.01820005626
0.01820005626
0.01820005626
0.01820005626
0.01820005626
0.01820005626
0.01820005626
0.01820005626
0.01820005626
0.01820005626
0.01820005626
0.01820005626
0.01820005626
0.01820005626
0.01820005626
0.01820005626
0.01820005626
0.01820005626
0.01820005626
0.01820005626
0.01820005626
0.01820005626
0.01820005626
0.01820005626
0.01820005626
0.01820005626
0.01820005626
0.01820005626
0.01820005626
0.01820005626
0.01820005626
0.01820005626
0.01820005626
0.01820005626
0.01820005626
0.01820005626
0.01820005626
0.01820005626
0.01820005626
0.01820005626
0.09138572748
0.09269579585
0.09413921115
0.09576058903
0.09756189457
0.09954539508
0.1017128079
0.1040664255
0.1066110015
0.109354293
0.1122928001
0.1153044084
0.1174430518
0.1134176059
0.08894114702
0.04142246943
0.0182098864
0.01820015598
0.0182000564
0.01820005626
0.01820005625
0.01820005625
0.01820005625
0.01820005625
0.01820005625
0.01820005625
0.01820005625
0.01820005625
0.01820005625
0.01820005625
0.01820005625
0.01820005625
0.01820005625
0.01820005625
0.01820005625
0.01820005625
0.01820005625
0.01820005625
0.01820005625
0.01820005625
0.01820005625
0.01820005625
0.01820005625
0.01820005625
0.01820005625
0.01820005625
0.01820005625
0.01820005625
0.01820005625
0.01820005625
0.01820005625
0.01820005625
0.01820005625
0.01820005625
0.01820005625
0.01820005625
0.01820005625
0.01820005625
0.01820005625
0.01820005625
0.01820005625
0.01820005625
0.01820005625
0.01820005625
0.01820005625
0.01820005625
0.01820005625
0.01820005625
0.01820005625
0.01820005625
0.01820005625
0.01820005625
0.01820005625
0.01820005625
0.01820005625
0.01820005625
0.01820005625
0.01820005625
0.01820005625
0.01820005625
0.01820005625
0.01820005625
0.01820005625
0.01820005625
0.01820005625
0.01820005625
0.01820005625
0.01820005625
0.01820005625
0.01820005625
0.01820005625
0.01820005625
0.01820005625
0.01820005625
0.01820005625
0.01820005625
0.01820005625
0.01820005625
0.01820005625
0.01820005625
0.01820005625
0.01820005625
0.01820005625
0.01820005625
0.01820005625
0.01820005625
0.01820005625
0.01820005625
0.01820005625
0.01820005625
0.01820005625
0.01820005625
0.01820005625
0.01820005625
0.01820005625
0.01820005625
0.01820005625
0.01820005625
0.01820005626
0.01820005626
0.01820005626
0.01820005626
0.01820005626
0.01820005626
0.01820005626
0.01820005626
0.01820005626
0.01820005626
0.01820005626
0.01820005626
0.01820005626
0.01820005626
0.01820005626
0.01820005626
0.01820005626
0.01820005626
0.01820005626
0.01820005626
0.01820005626
0.01820005626
0.01820005626
0.01820005626
0.01820005626
0.01820005626
0.01820005626
0.01820005626
0.01820005626
0.01820005626
0.01820005626
0.01820005626
0.01820005626
0.01820005626
0.01820005626
0.01820005626
0.01820005626
0.01820005626
0.01820005626
0.01820005626
0.01820005626
0.01820005626
0.01820005626
0.01820005626
0.01820005626
0.01820005626
0.01820005626
0.01820005626
0.01820005626
0.01820005626
0.01820005626
0.01820005626
0.01820005626
0.01820005626
0.01820005626
0.01820005626
0.01820005626
0.01820005626
0.01820005626
0.01820005626
0.01820005626
0.01820005626
0.01820005626
0.01820005626
0.01820005626
0.01820005626
0.01820005626
0.01820005626
0.01820005626
0.01820005626
0.01820005626
0.01820005626
0.01820005626
0.01820005626
0.01820005626
0.01820005626
0.01820005626
0.01820005626
0.01820005626
0.01820005626
0.01820005626
0.01820005626
0.09073811032
0.09207800672
0.09352996435
0.09515883391
0.09696723082
0.09895785559
0.1011330797
0.1034962335
0.1060534729
0.1088139253
0.1117756263
0.1148286967
0.1171363245
0.1139321604
0.09149038631
0.04505201953
0.01821157157
0.01820017086
0.01820005643
0.01820005626
0.01820005625
0.01820005625
0.01820005625
0.01820005625
0.01820005625
0.01820005625
0.01820005625
0.01820005625
0.01820005625
0.01820005625
0.01820005625
0.01820005625
0.01820005625
0.01820005625
0.01820005625
0.01820005625
0.01820005625
0.01820005625
0.01820005625
0.01820005625
0.01820005625
0.01820005625
0.01820005625
0.01820005625
0.01820005625
0.01820005625
0.01820005625
0.01820005625
0.01820005625
0.01820005625
0.01820005625
0.01820005625
0.01820005625
0.01820005625
0.01820005625
0.01820005625
0.01820005625
0.01820005625
0.01820005625
0.01820005625
0.01820005625
0.01820005625
0.01820005625
0.01820005625
0.01820005625
0.01820005625
0.01820005625
0.01820005625
0.01820005625
0.01820005625
0.01820005625
0.01820005625
0.01820005625
0.01820005625
0.01820005625
0.01820005625
0.01820005625
0.01820005625
0.01820005625
0.01820005625
0.01820005625
0.01820005625
0.01820005625
0.01820005625
0.01820005625
0.01820005625
0.01820005625
0.01820005625
0.01820005625
0.01820005625
0.01820005625
0.01820005625
0.01820005625
0.01820005625
0.01820005625
0.01820005625
0.01820005625
0.01820005625
0.01820005625
0.01820005625
0.01820005625
0.01820005625
0.01820005625
0.01820005625
0.01820005625
0.01820005625
0.01820005625
0.01820005625
0.01820005625
0.01820005625
0.01820005625
0.01820005625
0.01820005625
0.01820005625
0.01820005625
0.01820005625
0.01820005625
0.01820005625
0.01820005626
0.01820005626
0.01820005626
0.01820005626
0.01820005626
0.01820005626
0.01820005626
0.01820005625
0.01820005625
0.01820005626
0.01820005626
0.01820005626
0.01820005626
0.01820005626
0.01820005626
0.01820005626
0.01820005626
0.01820005626
0.01820005626
0.01820005626
0.01820005626
0.01820005626
0.01820005626
0.01820005626
0.01820005626
0.01820005626
0.01820005626
0.01820005626
0.01820005626
0.01820005626
0.01820005626
0.01820005626
0.01820005626
0.01820005626
0.01820005626
0.01820005626
0.01820005626
0.01820005626
0.01820005626
0.01820005626
0.01820005626
0.01820005626
0.01820005626
0.01820005626
0.01820005626
0.01820005626
0.01820005626
0.01820005626
0.01820005626
0.01820005626
0.01820005626
0.01820005626
0.01820005626
0.01820005626
0.01820005626
0.01820005626
0.01820005626
0.01820005626
0.01820005626
0.01820005626
0.01820005626
0.01820005626
0.01820005626
0.01820005626
0.01820005626
0.01820005626
0.01820005626
0.01820005626
0.01820005626
0.01820005626
0.01820005626
0.01820005626
0.01820005626
0.01820005626
0.01820005626
0.01820005626
0.01820005626
0.01820005626
0.01820005626
0.01820005626
0.01820005626
0.01820005626
0.09008645847
0.09145601978
0.0929162787
0.09455239917
0.09636771869
0.09836548177
0.1005488411
0.1029222521
0.1054932336
0.1082720993
0.1112583211
0.1143540587
0.1168230909
0.1143905513
0.09395733408
0.04883259953
0.01821328069
0.01820018556
0.01820005646
0.01820005626
0.01820005625
0.01820005625
0.01820005625
0.01820005625
0.01820005625
0.01820005625
0.01820005625
0.01820005625
0.01820005625
0.01820005625
0.01820005625
0.01820005625
0.01820005625
0.01820005625
0.01820005625
0.01820005625
0.01820005625
0.01820005625
0.01820005625
0.01820005625
0.01820005625
0.01820005625
0.01820005625
0.01820005625
0.01820005625
0.01820005625
0.01820005625
0.01820005625
0.01820005625
0.01820005625
0.01820005625
0.01820005625
0.01820005625
0.01820005625
0.01820005625
0.01820005625
0.01820005625
0.01820005625
0.01820005625
0.01820005625
0.01820005625
0.01820005625
0.01820005625
0.01820005625
0.01820005625
0.01820005625
0.01820005625
0.01820005625
0.01820005625
0.01820005625
0.01820005625
0.01820005625
0.01820005625
0.01820005625
0.01820005625
0.01820005625
0.01820005625
0.01820005625
0.01820005625
0.01820005625
0.01820005625
0.01820005625
0.01820005625
0.01820005625
0.01820005625
0.01820005625
0.01820005625
0.01820005625
0.01820005625
0.01820005625
0.01820005625
0.01820005625
0.01820005625
0.01820005625
0.01820005625
0.01820005625
0.01820005625
0.01820005625
0.01820005625
0.01820005625
0.01820005625
0.01820005625
0.01820005625
0.01820005625
0.01820005625
0.01820005625
0.01820005625
0.01820005625
0.01820005625
0.01820005625
0.01820005625
0.01820005625
0.01820005625
0.01820005625
0.01820005625
0.01820005625
0.01820005625
0.01820005625
0.01820005625
0.01820005625
0.01820005626
0.01820005625
0.01820005625
0.01820005625
0.01820005625
0.01820005625
0.01820005625
0.01820005625
0.01820005626
0.01820005626
0.01820005626
0.01820005626
0.01820005626
0.01820005626
0.01820005626
0.01820005626
0.01820005626
0.01820005626
0.01820005626
0.01820005626
0.01820005626
0.01820005626
0.01820005626
0.01820005626
0.01820005626
0.01820005626
0.01820005626
0.01820005626
0.01820005626
0.01820005626
0.01820005626
0.01820005626
0.01820005626
0.01820005626
0.01820005626
0.01820005626
0.01820005626
0.01820005626
0.01820005626
0.01820005626
0.01820005626
0.01820005626
0.01820005626
0.01820005626
0.01820005626
0.01820005626
0.01820005626
0.01820005626
0.01820005626
0.01820005626
0.01820005626
0.01820005626
0.01820005626
0.01820005626
0.01820005626
0.01820005626
0.01820005626
0.01820005626
0.01820005626
0.01820005626
0.01820005626
0.01820005626
0.01820005626
0.01820005626
0.01820005626
0.01820005626
0.01820005626
0.01820005626
0.01820005626
0.01820005626
0.01820005626
0.01820005626
0.01820005626
0.01820005626
0.01820005626
0.01820005626
0.01820005626
0.01820005626
0.01820005626
0.01820005626
0.08943074653
0.09082988651
0.0922983353
0.09394165428
0.09576396855
0.09776915905
0.09996124988
0.1023458542
0.1049317674
0.1077303198
0.1107424408
0.1138823072
0.1165062617
0.1147969947
0.09633501333
0.05275225151
0.01821499101
0.01820019998
0.01820005649
0.01820005626
0.01820005625
0.01820005625
0.01820005625
0.01820005625
0.01820005625
0.01820005625
0.01820005625
0.01820005625
0.01820005625
0.01820005625
0.01820005625
0.01820005625
0.01820005625
0.01820005625
0.01820005625
0.01820005625
0.01820005625
0.01820005625
0.01820005625
0.01820005625
0.01820005625
0.01820005625
0.01820005625
0.01820005625
0.01820005625
0.01820005625
0.01820005625
0.01820005625
0.01820005625
0.01820005625
0.01820005625
0.01820005625
0.01820005625
0.01820005625
0.01820005625
0.01820005625
0.01820005625
0.01820005625
0.01820005625
0.01820005625
0.01820005625
0.01820005625
0.01820005625
0.01820005625
0.01820005625
0.01820005625
0.01820005625
0.01820005625
0.01820005625
0.01820005625
0.01820005625
0.01820005625
0.01820005625
0.01820005625
0.01820005625
0.01820005625
0.01820005625
0.01820005625
0.01820005625
0.01820005625
0.01820005625
0.01820005625
0.01820005625
0.01820005625
0.01820005625
0.01820005625
0.01820005625
0.01820005625
0.01820005625
0.01820005625
0.01820005625
0.01820005625
0.01820005625
0.01820005625
0.01820005625
0.01820005625
0.01820005625
0.01820005625
0.01820005625
0.01820005625
0.01820005625
0.01820005625
0.01820005625
0.01820005625
0.01820005625
0.01820005625
0.01820005625
0.01820005625
0.01820005625
0.01820005625
0.01820005625
0.01820005625
0.01820005625
0.01820005625
0.01820005625
0.01820005625
0.01820005625
0.01820005625
0.01820005625
0.01820005625
0.01820005625
0.01820005625
0.01820005625
0.01820005625
0.01820005625
0.01820005625
0.01820005625
0.01820005625
0.01820005626
0.01820005626
0.01820005626
0.01820005626
0.01820005626
0.01820005626
0.01820005626
0.01820005626
0.01820005626
0.01820005626
0.01820005626
0.01820005626
0.01820005626
0.01820005626
0.01820005626
0.01820005626
0.01820005626
0.01820005626
0.01820005626
0.01820005626
0.01820005626
0.01820005626
0.01820005626
0.01820005626
0.01820005626
0.01820005626
0.01820005626
0.01820005626
0.01820005626
0.01820005626
0.01820005626
0.01820005626
0.01820005626
0.01820005626
0.01820005626
0.01820005626
0.01820005626
0.01820005626
0.01820005626
0.01820005626
0.01820005626
0.01820005626
0.01820005626
0.01820005626
0.01820005626
0.01820005626
0.01820005626
0.01820005626
0.01820005626
0.01820005626
0.01820005626
0.01820005626
0.01820005626
0.01820005626
0.01820005626
0.01820005626
0.01820005626
0.01820005626
0.01820005626
0.01820005626
0.01820005626
0.01820005626
0.01820005626
0.01820005626
0.01820005626
0.01820005626
0.01820005626
0.01820005626
0.01820005626
0.01820005626
0.01820005626
0.01820005626
0.0887711459
0.09019983772
0.09167648342
0.09332711538
0.09515669885
0.09716981881
0.09937142031
0.1017682574
0.1043702839
0.1071897126
0.1102290662
0.1134146507
0.1161880045
0.1151556799
0.09861891975
0.0568006794
0.01821667131
0.01820021715
0.01820005653
0.01820005626
0.01820005625
0.01820005625
0.01820005625
0.01820005625
0.01820005625
0.01820005625
0.01820005625
0.01820005625
0.01820005625
0.01820005625
0.01820005625
0.01820005625
0.01820005625
0.01820005625
0.01820005625
0.01820005625
0.01820005625
0.01820005625
0.01820005625
0.01820005625
0.01820005625
0.01820005625
0.01820005625
0.01820005625
0.01820005625
0.01820005625
0.01820005625
0.01820005625
0.01820005625
0.01820005625
0.01820005625
0.01820005625
0.01820005625
0.01820005625
0.01820005625
0.01820005625
0.01820005625
0.01820005625
0.01820005625
0.01820005625
0.01820005625
0.01820005625
0.01820005625
0.01820005625
0.01820005625
0.01820005625
0.01820005625
0.01820005625
0.01820005625
0.01820005625
0.01820005625
0.01820005625
0.01820005625
0.01820005625
0.01820005625
0.01820005625
0.01820005625
0.01820005625
0.01820005625
0.01820005625
0.01820005625
0.01820005625
0.01820005625
0.01820005625
0.01820005625
0.01820005625
0.01820005625
0.01820005625
0.01820005625
0.01820005625
0.01820005625
0.01820005625
0.01820005625
0.01820005625
0.01820005625
0.01820005625
0.01820005625
0.01820005625
0.01820005625
0.01820005625
0.01820005625
0.01820005625
0.01820005625
0.01820005625
0.01820005625
0.01820005625
0.01820005625
0.01820005625
0.01820005625
0.01820005625
0.01820005625
0.01820005625
0.01820005625
0.01820005625
0.01820005625
0.01820005625
0.01820005625
0.01820005625
0.01820005625
0.01820005625
0.01820005625
0.01820005625
0.01820005625
0.01820005625
0.01820005625
0.01820005625
0.01820005625
0.01820005626
0.01820005626
0.01820005626
0.01820005626
0.01820005626
0.01820005626
0.01820005626
0.01820005626
0.01820005626
0.01820005626
0.01820005626
0.01820005626
0.01820005626
0.01820005626
0.01820005626
0.01820005626
0.01820005626
0.01820005626
0.01820005626
0.01820005626
0.01820005626
0.01820005626
0.01820005626
0.01820005626
0.01820005626
0.01820005626
0.01820005626
0.01820005626
0.01820005626
0.01820005626
0.01820005626
0.01820005626
0.01820005626
0.01820005626
0.01820005626
0.01820005626
0.01820005626
0.01820005626
0.01820005626
0.01820005626
0.01820005626
0.01820005626
0.01820005626
0.01820005626
0.01820005626
0.01820005626
0.01820005626
0.01820005626
0.01820005626
0.01820005626
0.01820005626
0.01820005626
0.01820005626
0.01820005626
0.01820005626
0.01820005626
0.01820005626
0.01820005626
0.01820005626
0.01820005626
0.01820005626
0.01820005626
0.01820005626
0.01820005626
0.01820005626
0.01820005626
0.01820005626
0.01820005626
0.01820005626
0.01820005626
0.01820005626
0.01820005626
0.01820005626
0.08810800525
0.08956625996
0.0910512073
0.0927093985
0.09454667361
0.0965683589
0.09878032503
0.101190396
0.1038095192
0.1066506153
0.1097177953
0.1129489666
0.1158617655
0.115445785
0.1007211786
0.06060276064
0.01872584682
0.01820030259
0.01820005738
0.01820005626
0.01820005625
0.01820005625
0.01820005625
0.01820005625
0.01820005625
0.01820005625
0.01820005625
0.01820005625
0.01820005625
0.01820005625
0.01820005625
0.01820005625
0.01820005625
0.01820005625
0.01820005625
0.01820005625
0.01820005625
0.01820005625
0.01820005625
0.01820005625
0.01820005625
0.01820005625
0.01820005625
0.01820005625
0.01820005625
0.01820005625
0.01820005625
0.01820005625
0.01820005625
0.01820005625
0.01820005625
0.01820005625
0.01820005625
0.01820005625
0.01820005625
0.01820005625
0.01820005625
0.01820005625
0.01820005625
0.01820005625
0.01820005625
0.01820005625
0.01820005625
0.01820005625
0.01820005625
0.01820005625
0.01820005625
0.01820005625
0.01820005625
0.01820005625
0.01820005625
0.01820005625
0.01820005625
0.01820005625
0.01820005625
0.01820005625
0.01820005625
0.01820005625
0.01820005625
0.01820005625
0.01820005625
0.01820005625
0.01820005625
0.01820005625
0.01820005625
0.01820005625
0.01820005625
0.01820005625
0.01820005625
0.01820005625
0.01820005625
0.01820005625
0.01820005625
0.01820005625
0.01820005625
0.01820005625
0.01820005625
0.01820005625
0.01820005625
0.01820005625
0.01820005625
0.01820005625
0.01820005625
0.01820005625
0.01820005625
0.01820005625
0.01820005625
0.01820005625
0.01820005625
0.01820005625
0.01820005625
0.01820005625
0.01820005625
0.01820005625
0.01820005625
0.01820005625
0.01820005625
0.01820005625
0.01820005625
0.01820005625
0.01820005625
0.01820005625
0.01820005625
0.01820005625
0.01820005625
0.01820005625
0.01820005625
0.01820005626
0.01820005626
0.01820005626
0.01820005626
0.01820005626
0.01820005626
0.01820005626
0.01820005626
0.01820005626
0.01820005626
0.01820005626
0.01820005626
0.01820005626
0.01820005626
0.01820005626
0.01820005626
0.01820005626
0.01820005626
0.01820005626
0.01820005626
0.01820005626
0.01820005626
0.01820005626
0.01820005626
0.01820005626
0.01820005626
0.01820005626
0.01820005626
0.01820005626
0.01820005626
0.01820005626
0.01820005626
0.01820005626
0.01820005626
0.01820005626
0.01820005626
0.01820005626
0.01820005626
0.01820005626
0.01820005626
0.01820005626
0.01820005626
0.01820005626
0.01820005626
0.01820005626
0.01820005626
0.01820005626
0.01820005626
0.01820005626
0.01820005626
0.01820005626
0.01820005626
0.01820005626
0.01820005626
0.01820005626
0.01820005626
0.01820005626
0.01820005626
0.01820005626
0.01820005626
0.01820005626
0.01820005626
0.01820005626
0.01820005626
0.01820005626
0.01820005626
0.01820005626
0.01820005626
0.01820005626
0.01820005626
0.01820005626
0.01820005626
0.01820005626
0.08744182429
0.08892966299
0.09042308428
0.09208916491
0.09393463135
0.09596555185
0.09818867425
0.1006127537
0.1032494841
0.1061121926
0.1092062477
0.1124797263
0.1155156085
0.1156424848
0.1025813575
0.0640717232
0.01995593842
0.01820056949
0.01820006029
0.01820005626
0.01820005625
0.01820005625
0.01820005625
0.01820005625
0.01820005625
0.01820005625
0.01820005625
0.01820005625
0.01820005625
0.01820005625
0.01820005625
0.01820005625
0.01820005625
0.01820005625
0.01820005625
0.01820005625
0.01820005625
0.01820005625
0.01820005625
0.01820005625
0.01820005625
0.01820005625
0.01820005625
0.01820005625
0.01820005625
0.01820005625
0.01820005625
0.01820005625
0.01820005625
0.01820005625
0.01820005625
0.01820005625
0.01820005625
0.01820005625
0.01820005625
0.01820005625
0.01820005625
0.01820005625
0.01820005625
0.01820005625
0.01820005625
0.01820005625
0.01820005625
0.01820005625
0.01820005625
0.01820005625
0.01820005625
0.01820005625
0.01820005625
0.01820005625
0.01820005625
0.01820005625
0.01820005625
0.01820005625
0.01820005625
0.01820005625
0.01820005625
0.01820005625
0.01820005625
0.01820005625
0.01820005625
0.01820005625
0.01820005625
0.01820005625
0.01820005625
0.01820005625
0.01820005625
0.01820005625
0.01820005625
0.01820005625
0.01820005625
0.01820005625
0.01820005625
0.01820005625
0.01820005625
0.01820005625
0.01820005625
0.01820005625
0.01820005625
0.01820005625
0.01820005625
0.01820005625
0.01820005625
0.01820005625
0.01820005625
0.01820005625
0.01820005625
0.01820005625
0.01820005625
0.01820005625
0.01820005625
0.01820005625
0.01820005625
0.01820005625
0.01820005625
0.01820005625
0.01820005625
0.01820005625
0.01820005625
0.01820005625
0.01820005625
0.01820005625
0.01820005625
0.01820005625
0.01820005625
0.01820005625
0.01820005625
0.01820005626
0.01820005626
0.01820005626
0.01820005626
0.01820005626
0.01820005626
0.01820005626
0.01820005626
0.01820005626
0.01820005626
0.01820005626
0.01820005626
0.01820005626
0.01820005626
0.01820005626
0.01820005626
0.01820005626
0.01820005626
0.01820005626
0.01820005626
0.01820005626
0.01820005626
0.01820005626
0.01820005626
0.01820005626
0.01820005626
0.01820005626
0.01820005626
0.01820005626
0.01820005626
0.01820005626
0.01820005626
0.01820005626
0.01820005626
0.01820005626
0.01820005626
0.01820005626
0.01820005626
0.01820005626
0.01820005626
0.01820005626
0.01820005626
0.01820005626
0.01820005626
0.01820005626
0.01820005626
0.01820005626
0.01820005626
0.01820005626
0.01820005626
0.01820005626
0.01820005626
0.01820005626
0.01820005626
0.01820005626
0.01820005626
0.01820005626
0.01820005626
0.01820005626
0.01820005626
0.01820005626
0.01820005626
0.01820005626
0.01820005626
0.01820005626
0.01820005626
0.01820005626
0.01820005626
0.01820005626
0.01820005626
0.01820005626
0.01820005626
0.01820005626
0.08677320853
0.08829063563
0.089792734
0.0914670601
0.09332121104
0.09536195599
0.09759681316
0.1000352574
0.1026894009
0.1055725876
0.10869081
0.1120006216
0.1151400975
0.1157371326
0.1042074465
0.06738439642
0.02175357356
0.01820107411
0.01820006602
0.01820005626
0.01820005625
0.01820005625
0.01820005625
0.01820005625
0.01820005625
0.01820005625
0.01820005625
0.01820005625
0.01820005625
0.01820005625
0.01820005625
0.01820005625
0.01820005625
0.01820005625
0.01820005625
0.01820005625
0.01820005625
0.01820005625
0.01820005625
0.01820005625
0.01820005625
0.01820005625
0.01820005625
0.01820005625
0.01820005625
0.01820005625
0.01820005625
0.01820005625
0.01820005625
0.01820005625
0.01820005625
0.01820005625
0.01820005625
0.01820005625
0.01820005625
0.01820005625
0.01820005625
0.01820005625
0.01820005625
0.01820005625
0.01820005625
0.01820005625
0.01820005625
0.01820005625
0.01820005625
0.01820005625
0.01820005625
0.01820005625
0.01820005625
0.01820005625
0.01820005625
0.01820005625
0.01820005625
0.01820005625
0.01820005625
0.01820005625
0.01820005625
0.01820005625
0.01820005625
0.01820005625
0.01820005625
0.01820005625
0.01820005625
0.01820005625
0.01820005625
0.01820005625
0.01820005625
0.01820005625
0.01820005625
0.01820005625
0.01820005625
0.01820005625
0.01820005625
0.01820005625
0.01820005625
0.01820005625
0.01820005625
0.01820005625
0.01820005625
0.01820005625
0.01820005625
0.01820005625
0.01820005625
0.01820005625
0.01820005625
0.01820005625
0.01820005625
0.01820005625
0.01820005625
0.01820005625
0.01820005625
0.01820005625
0.01820005625
0.01820005625
0.01820005625
0.01820005625
0.01820005625
0.01820005625
0.01820005625
0.01820005625
0.01820005625
0.01820005625
0.01820005625
0.01820005625
0.01820005625
0.01820005625
0.01820005626
0.01820005626
0.01820005626
0.01820005626
0.01820005626
0.01820005626
0.01820005626
0.01820005626
0.01820005626
0.01820005626
0.01820005626
0.01820005626
0.01820005626
0.01820005626
0.01820005626
0.01820005626
0.01820005626
0.01820005626
0.01820005626
0.01820005626
0.01820005626
0.01820005626
0.01820005626
0.01820005626
0.01820005626
0.01820005626
0.01820005626
0.01820005626
0.01820005626
0.01820005626
0.01820005626
0.01820005626
0.01820005626
0.01820005626
0.01820005626
0.01820005626
0.01820005626
0.01820005626
0.01820005626
0.01820005626
0.01820005626
0.01820005626
0.01820005626
0.01820005626
0.01820005626
0.01820005626
0.01820005626
0.01820005626
0.01820005626
0.01820005626
0.01820005626
0.01820005626
0.01820005626
0.01820005626
0.01820005626
0.01820005626
0.01820005626
0.01820005626
0.01820005626
0.01820005626
0.01820005626
0.01820005626
0.01820005626
0.01820005626
0.01820005626
0.01820005626
0.01820005626
0.01820005626
0.01820005626
0.01820005626
0.01820005626
0.01820005626
0.01820005626
0.01820005626
0.08610282741
0.08764979956
0.08916076623
0.09084365553
0.09270688962
0.09475785549
0.09700468175
0.09945729663
0.102127863
0.1050293336
0.1081677381
0.1115065634
0.1147303555
0.1157324414
0.1056230006
0.07062061318
0.02402073779
0.01820182847
0.01820007473
0.01820005627
0.01820005625
0.01820005625
0.01820005625
0.01820005625
0.01820005625
0.01820005625
0.01820005625
0.01820005625
0.01820005625
0.01820005625
0.01820005625
0.01820005625
0.01820005625
0.01820005625
0.01820005625
0.01820005625
0.01820005625
0.01820005625
0.01820005625
0.01820005625
0.01820005625
0.01820005625
0.01820005625
0.01820005625
0.01820005625
0.01820005625
0.01820005625
0.01820005625
0.01820005625
0.01820005625
0.01820005625
0.01820005625
0.01820005625
0.01820005625
0.01820005625
0.01820005625
0.01820005625
0.01820005625
0.01820005625
0.01820005625
0.01820005625
0.01820005625
0.01820005625
0.01820005625
0.01820005625
0.01820005625
0.01820005625
0.01820005625
0.01820005625
0.01820005625
0.01820005625
0.01820005625
0.01820005625
0.01820005625
0.01820005625
0.01820005625
0.01820005625
0.01820005625
0.01820005625
0.01820005625
0.01820005625
0.01820005625
0.01820005625
0.01820005625
0.01820005625
0.01820005625
0.01820005625
0.01820005625
0.01820005625
0.01820005625
0.01820005625
0.01820005625
0.01820005625
0.01820005625
0.01820005625
0.01820005625
0.01820005625
0.01820005625
0.01820005625
0.01820005625
0.01820005625
0.01820005625
0.01820005625
0.01820005625
0.01820005625
0.01820005625
0.01820005625
0.01820005625
0.01820005625
0.01820005625
0.01820005625
0.01820005625
0.01820005625
0.01820005625
0.01820005625
0.01820005625
0.01820005625
0.01820005625
0.01820005625
0.01820005625
0.01820005625
0.01820005625
0.01820005625
0.01820005625
0.01820005625
0.01820005625
0.01820005626
0.01820005626
0.01820005626
0.01820005626
0.01820005626
0.01820005626
0.01820005626
0.01820005626
0.01820005626
0.01820005626
0.01820005626
0.01820005626
0.01820005626
0.01820005626
0.01820005626
0.01820005626
0.01820005626
0.01820005626
0.01820005626
0.01820005626
0.01820005626
0.01820005626
0.01820005626
0.01820005626
0.01820005626
0.01820005626
0.01820005626
0.01820005626
0.01820005626
0.01820005626
0.01820005626
0.01820005626
0.01820005626
0.01820005626
0.01820005626
0.01820005626
0.01820005626
0.01820005626
0.01820005626
0.01820005626
0.01820005626
0.01820005626
0.01820005626
0.01820005626
0.01820005626
0.01820005626
0.01820005626
0.01820005626
0.01820005626
0.01820005626
0.01820005626
0.01820005626
0.01820005626
0.01820005626
0.01820005626
0.01820005626
0.01820005626
0.01820005626
0.01820005626
0.01820005626
0.01820005626
0.01820005626
0.01820005626
0.01820005626
0.01820005626
0.01820005626
0.01820005626
0.01820005626
0.01820005626
0.01820005626
0.01820005626
0.01820005626
0.01820005626
0.01820005626
0.08543135913
0.08700775985
0.08852773169
0.0902194018
0.09209194416
0.09415324555
0.09641185014
0.09887785725
0.1015631571
0.1044798898
0.1076339604
0.1109945375
0.1142858246
0.1156380661
0.1068548578
0.07381311249
0.02668991945
0.01820282535
0.01820008615
0.01820005628
0.01820005625
0.01820005625
0.01820005625
0.01820005625
0.01820005625
0.01820005625
0.01820005625
0.01820005625
0.01820005625
0.01820005625
0.01820005625
0.01820005625
0.01820005625
0.01820005625
0.01820005625
0.01820005625
0.01820005625
0.01820005625
0.01820005625
0.01820005625
0.01820005625
0.01820005625
0.01820005625
0.01820005625
0.01820005625
0.01820005625
0.01820005625
0.01820005625
0.01820005625
0.01820005625
0.01820005625
0.01820005625
0.01820005625
0.01820005625
0.01820005625
0.01820005625
0.01820005625
0.01820005625
0.01820005625
0.01820005625
0.01820005625
0.01820005625
0.01820005625
0.01820005625
0.01820005625
0.01820005625
0.01820005625
0.01820005625
0.01820005625
0.01820005625
0.01820005625
0.01820005625
0.01820005625
0.01820005625
0.01820005625
0.01820005625
0.01820005625
0.01820005625
0.01820005625
0.01820005625
0.01820005625
0.01820005625
0.01820005625
0.01820005625
0.01820005625
0.01820005625
0.01820005625
0.01820005625
0.01820005625
0.01820005625
0.01820005625
0.01820005625
0.01820005625
0.01820005625
0.01820005625
0.01820005625
0.01820005625
0.01820005625
0.01820005625
0.01820005625
0.01820005625
0.01820005625
0.01820005625
0.01820005625
0.01820005625
0.01820005625
0.01820005625
0.01820005625
0.01820005625
0.01820005625
0.01820005625
0.01820005625
0.01820005625
0.01820005625
0.01820005625
0.01820005625
0.01820005625
0.01820005625
0.01820005625
0.01820005625
0.01820005625
0.01820005625
0.01820005625
0.01820005625
0.01820005625
0.01820005626
0.01820005626
0.01820005626
0.01820005626
0.01820005626
0.01820005626
0.01820005626
0.01820005626
0.01820005626
0.01820005626
0.01820005626
0.01820005626
0.01820005626
0.01820005626
0.01820005626
0.01820005626
0.01820005626
0.01820005626
0.01820005626
0.01820005626
0.01820005626
0.01820005626
0.01820005626
0.01820005626
0.01820005626
0.01820005626
0.01820005626
0.01820005626
0.01820005626
0.01820005626
0.01820005626
0.01820005626
0.01820005626
0.01820005626
0.01820005626
0.01820005626
0.01820005626
0.01820005626
0.01820005626
0.01820005626
0.01820005626
0.01820005626
0.01820005626
0.01820005626
0.01820005626
0.01820005626
0.01820005626
0.01820005626
0.01820005626
0.01820005626
0.01820005626
0.01820005626
0.01820005626
0.01820005626
0.01820005626
0.01820005626
0.01820005626
0.01820005626
0.01820005626
0.01820005626
0.01820005626
0.01820005626
0.01820005626
0.01820005626
0.01820005626
0.01820005626
0.01820005626
0.01820005626
0.01820005626
0.01820005626
0.01820005626
0.01820005626
0.01820005626
0.01820005626
0.01820005626
0.08475944451
0.08636506231
0.08789408389
0.08959460115
0.0914764457
0.09354786559
0.09581761751
0.09829571646
0.1009935376
0.1039221809
0.1070875461
0.110463727
0.1138093603
0.1154675682
0.1079291129
0.07696963733
0.02971157858
0.01820404925
0.01820009981
0.0182000563
0.01820005626
0.01820005625
0.01820005625
0.01820005625
0.01820005625
0.01820005625
0.01820005625
0.01820005625
0.01820005625
0.01820005625
0.01820005625
0.01820005625
0.01820005625
0.01820005625
0.01820005625
0.01820005625
0.01820005625
0.01820005625
0.01820005625
0.01820005625
0.01820005625
0.01820005625
0.01820005625
0.01820005625
0.01820005625
0.01820005625
0.01820005625
0.01820005625
0.01820005625
0.01820005625
0.01820005625
0.01820005625
0.01820005625
0.01820005625
0.01820005625
0.01820005625
0.01820005625
0.01820005625
0.01820005625
0.01820005625
0.01820005625
0.01820005625
0.01820005625
0.01820005625
0.01820005625
0.01820005625
0.01820005625
0.01820005625
0.01820005625
0.01820005625
0.01820005625
0.01820005625
0.01820005625
0.01820005625
0.01820005625
0.01820005625
0.01820005625
0.01820005625
0.01820005625
0.01820005625
0.01820005625
0.01820005625
0.01820005625
0.01820005625
0.01820005625
0.01820005625
0.01820005625
0.01820005625
0.01820005625
0.01820005625
0.01820005625
0.01820005625
0.01820005625
0.01820005625
0.01820005625
0.01820005625
0.01820005625
0.01820005625
0.01820005625
0.01820005625
0.01820005625
0.01820005625
0.01820005625
0.01820005625
0.01820005625
0.01820005625
0.01820005625
0.01820005625
0.01820005625
0.01820005625
0.01820005625
0.01820005625
0.01820005625
0.01820005625
0.01820005625
0.01820005625
0.01820005625
0.01820005625
0.01820005625
0.01820005625
0.01820005625
0.01820005625
0.01820005625
0.01820005625
0.01820005625
0.01820005626
0.01820005626
0.01820005626
0.01820005626
0.01820005626
0.01820005626
0.01820005626
0.01820005626
0.01820005626
0.01820005626
0.01820005626
0.01820005626
0.01820005626
0.01820005626
0.01820005626
0.01820005626
0.01820005626
0.01820005626
0.01820005626
0.01820005626
0.01820005626
0.01820005626
0.01820005626
0.01820005626
0.01820005626
0.01820005626
0.01820005626
0.01820005626
0.01820005626
0.01820005626
0.01820005626
0.01820005626
0.01820005626
0.01820005626
0.01820005626
0.01820005626
0.01820005626
0.01820005626
0.01820005626
0.01820005626
0.01820005626
0.01820005626
0.01820005626
0.01820005626
0.01820005626
0.01820005626
0.01820005626
0.01820005626
0.01820005626
0.01820005626
0.01820005626
0.01820005626
0.01820005626
0.01820005626
0.01820005626
0.01820005626
0.01820005626
0.01820005626
0.01820005626
0.01820005626
0.01820005626
0.01820005626
0.01820005626
0.01820005626
0.01820005626
0.01820005626
0.01820005626
0.01820005626
0.01820005626
0.01820005626
0.01820005626
0.01820005626
0.01820005626
0.01820005626
0.01820005626
0.08408763676
0.08572215687
0.08726015413
0.08896940122
0.0908602832
0.092941269
0.09522114616
0.09770965905
0.1004175226
0.1033548543
0.106527863
0.1099153145
0.1133059966
0.1152359836
0.1088689684
0.08008415141
0.03304732362
0.01820547808
0.01820011515
0.01820005632
0.01820005626
0.01820005625
0.01820005625
0.01820005625
0.01820005625
0.01820005625
0.01820005625
0.01820005625
0.01820005625
0.01820005625
0.01820005625
0.01820005625
0.01820005625
0.01820005625
0.01820005625
0.01820005625
0.01820005625
0.01820005625
0.01820005625
0.01820005625
0.01820005625
0.01820005625
0.01820005625
0.01820005625
0.01820005625
0.01820005625
0.01820005625
0.01820005625
0.01820005625
0.01820005625
0.01820005625
0.01820005625
0.01820005625
0.01820005625
0.01820005625
0.01820005625
0.01820005625
0.01820005625
0.01820005625
0.01820005625
0.01820005625
0.01820005625
0.01820005625
0.01820005625
0.01820005625
0.01820005625
0.01820005625
0.01820005625
0.01820005625
0.01820005625
0.01820005625
0.01820005625
0.01820005625
0.01820005625
0.01820005625
0.01820005625
0.01820005625
0.01820005625
0.01820005625
0.01820005625
0.01820005625
0.01820005625
0.01820005625
0.01820005625
0.01820005625
0.01820005625
0.01820005625
0.01820005625
0.01820005625
0.01820005625
0.01820005625
0.01820005625
0.01820005625
0.01820005625
0.01820005625
0.01820005625
0.01820005625
0.01820005625
0.01820005625
0.01820005625
0.01820005625
0.01820005625
0.01820005625
0.01820005625
0.01820005625
0.01820005625
0.01820005625
0.01820005625
0.01820005625
0.01820005625
0.01820005625
0.01820005625
0.01820005625
0.01820005625
0.01820005625
0.01820005625
0.01820005625
0.01820005625
0.01820005625
0.01820005625
0.01820005625
0.01820005625
0.01820005625
0.01820005625
0.01820005626
0.01820005626
0.01820005626
0.01820005626
0.01820005626
0.01820005626
0.01820005626
0.01820005626
0.01820005626
0.01820005626
0.01820005626
0.01820005626
0.01820005626
0.01820005626
0.01820005626
0.01820005626
0.01820005626
0.01820005626
0.01820005626
0.01820005626
0.01820005626
0.01820005626
0.01820005626
0.01820005626
0.01820005626
0.01820005626
0.01820005626
0.01820005626
0.01820005626
0.01820005626
0.01820005626
0.01820005626
0.01820005626
0.01820005626
0.01820005626
0.01820005626
0.01820005626
0.01820005626
0.01820005626
0.01820005626
0.01820005626
0.01820005626
0.01820005626
0.01820005626
0.01820005626
0.01820005626
0.01820005626
0.01820005626
0.01820005626
0.01820005626
0.01820005626
0.01820005626
0.01820005626
0.01820005626
0.01820005626
0.01820005626
0.01820005626
0.01820005626
0.01820005626
0.01820005626
0.01820005626
0.01820005626
0.01820005626
0.01820005626
0.01820005626
0.01820005626
0.01820005626
0.01820005626
0.01820005626
0.01820005626
0.01820005626
0.01820005626
0.01820005626
0.01820005626
0.01820005626
0.01820005626
0.08341638274
0.08507937992
0.0866261452
0.08834381005
0.09024321082
0.09233291413
0.09462160433
0.09711867031
0.09983408102
0.1027773925
0.1059554726
0.1093517833
0.1127820845
0.1149578825
0.1096937051
0.08314354976
0.0366659059
0.01820708322
0.01820013164
0.01820005634
0.01820005626
0.01820005625
0.01820005625
0.01820005625
0.01820005625
0.01820005625
0.01820005625
0.01820005625
0.01820005625
0.01820005625
0.01820005625
0.01820005625
0.01820005625
0.01820005625
0.01820005625
0.01820005625
0.01820005625
0.01820005625
0.01820005625
0.01820005625
0.01820005625
0.01820005625
0.01820005625
0.01820005625
0.01820005625
0.01820005625
0.01820005625
0.01820005625
0.01820005625
0.01820005625
0.01820005625
0.01820005625
0.01820005625
0.01820005625
0.01820005625
0.01820005625
0.01820005625
0.01820005625
0.01820005625
0.01820005625
0.01820005625
0.01820005625
0.01820005625
0.01820005625
0.01820005625
0.01820005625
0.01820005625
0.01820005625
0.01820005625
0.01820005625
0.01820005625
0.01820005625
0.01820005625
0.01820005625
0.01820005625
0.01820005625
0.01820005625
0.01820005625
0.01820005625
0.01820005625
0.01820005625
0.01820005625
0.01820005625
0.01820005625
0.01820005625
0.01820005625
0.01820005625
0.01820005625
0.01820005625
0.01820005625
0.01820005625
0.01820005625
0.01820005625
0.01820005625
0.01820005625
0.01820005625
0.01820005625
0.01820005625
0.01820005625
0.01820005625
0.01820005625
0.01820005625
0.01820005625
0.01820005625
0.01820005625
0.01820005625
0.01820005625
0.01820005625
0.01820005625
0.01820005625
0.01820005625
0.01820005625
0.01820005625
0.01820005625
0.01820005625
0.01820005625
0.01820005625
0.01820005625
0.01820005625
0.01820005625
0.01820005625
0.01820005625
0.01820005625
0.01820005625
0.01820005626
0.01820005626
0.01820005626
0.01820005626
0.01820005626
0.01820005626
0.01820005626
0.01820005626
0.01820005626
0.01820005626
0.01820005626
0.01820005626
0.01820005626
0.01820005626
0.01820005626
0.01820005626
0.01820005626
0.01820005626
0.01820005626
0.01820005626
0.01820005626
0.01820005626
0.01820005626
0.01820005626
0.01820005626
0.01820005626
0.01820005626
0.01820005626
0.01820005626
0.01820005626
0.01820005626
0.01820005626
0.01820005626
0.01820005626
0.01820005626
0.01820005626
0.01820005626
0.01820005626
0.01820005626
0.01820005626
0.01820005626
0.01820005626
0.01820005626
0.01820005626
0.01820005626
0.01820005626
0.01820005626
0.01820005626
0.01820005626
0.01820005626
0.01820005626
0.01820005626
0.01820005626
0.01820005626
0.01820005626
0.01820005626
0.01820005626
0.01820005626
0.01820005626
0.01820005626
0.01820005626
0.01820005626
0.01820005626
0.01820005626
0.01820005626
0.01820005626
0.01820005626
0.01820005626
0.01820005626
0.01820005626
0.01820005626
0.01820005626
0.01820005626
0.01820005626
0.01820005626
0.01820005626
0.08274598989
0.08443694284
0.08599213761
0.087717726
0.08962490816
0.09172225816
0.09401828507
0.09652202654
0.09924278303
0.1021900736
0.1053718678
0.1087764522
0.1122441769
0.1146461236
0.1104186353
0.08613208258
0.0405407987
0.01820883079
0.01820014885
0.01820005637
0.01820005626
0.01820005625
0.01820005625
0.01820005625
0.01820005625
0.01820005625
0.01820005625
0.01820005625
0.01820005625
0.01820005625
0.01820005625
0.01820005625
0.01820005625
0.01820005625
0.01820005625
0.01820005625
0.01820005625
0.01820005625
0.01820005625
0.01820005625
0.01820005625
0.01820005625
0.01820005625
0.01820005625
0.01820005625
0.01820005625
0.01820005625
0.01820005625
0.01820005625
0.01820005625
0.01820005625
0.01820005625
0.01820005625
0.01820005625
0.01820005625
0.01820005625
0.01820005625
0.01820005625
0.01820005625
0.01820005625
0.01820005625
0.01820005625
0.01820005625
0.01820005625
0.01820005625
0.01820005625
0.01820005625
0.01820005625
0.01820005625
0.01820005625
0.01820005625
0.01820005625
0.01820005625
0.01820005625
0.01820005625
0.01820005625
0.01820005625
0.01820005625
0.01820005625
0.01820005625
0.01820005625
0.01820005625
0.01820005625
0.01820005625
0.01820005625
0.01820005625
0.01820005625
0.01820005625
0.01820005625
0.01820005625
0.01820005625
0.01820005625
0.01820005625
0.01820005625
0.01820005625
0.01820005625
0.01820005625
0.01820005625
0.01820005625
0.01820005625
0.01820005625
0.01820005625
0.01820005625
0.01820005625
0.01820005625
0.01820005625
0.01820005625
0.01820005625
0.01820005625
0.01820005625
0.01820005625
0.01820005625
0.01820005625
0.01820005625
0.01820005625
0.01820005625
0.01820005625
0.01820005625
0.01820005625
0.01820005625
0.01820005625
0.01820005625
0.01820005625
0.01820005625
0.01820005625
0.01820005626
0.01820005626
0.01820005626
0.01820005626
0.01820005626
0.01820005626
0.01820005626
0.01820005626
0.01820005626
0.01820005626
0.01820005626
0.01820005626
0.01820005626
0.01820005626
0.01820005626
0.01820005626
0.01820005626
0.01820005626
0.01820005626
0.01820005626
0.01820005626
0.01820005626
0.01820005626
0.01820005626
0.01820005626
0.01820005626
0.01820005626
0.01820005626
0.01820005626
0.01820005626
0.01820005626
0.01820005626
0.01820005626
0.01820005626
0.01820005626
0.01820005626
0.01820005626
0.01820005626
0.01820005626
0.01820005626
0.01820005626
0.01820005626
0.01820005626
0.01820005626
0.01820005626
0.01820005626
0.01820005626
0.01820005626
0.01820005626
0.01820005626
0.01820005626
0.01820005626
0.01820005626
0.01820005626
0.01820005626
0.01820005626
0.01820005626
0.01820005626
0.01820005626
0.01820005626
0.01820005626
0.01820005626
0.01820005626
0.01820005626
0.01820005626
0.01820005626
0.01820005626
0.01820005626
0.01820005626
0.01820005626
0.01820005626
0.01820005626
0.01820005626
0.01820005626
0.01820005626
0.08207663675
0.08379494103
0.08535811064
0.08709097777
0.08900504263
0.0911088398
0.09341070097
0.09591938332
0.09864376261
0.1015938428
0.1047791582
0.1081929535
0.1116982997
0.1143112579
0.1110557011
0.08903426967
0.04464880608
0.01821068416
0.01820016642
0.01820005641
0.01820005626
0.01820005625
0.01820005625
0.01820005625
0.01820005625
0.01820005625
0.01820005625
0.01820005625
0.01820005625
0.01820005625
0.01820005625
0.01820005625
0.01820005625
0.01820005625
0.01820005625
0.01820005625
0.01820005625
0.01820005625
0.01820005625
0.01820005625
0.01820005625
0.01820005625
0.01820005625
0.01820005625
0.01820005625
0.01820005625
0.01820005625
0.01820005625
0.01820005625
0.01820005625
0.01820005625
0.01820005625
0.01820005625
0.01820005625
0.01820005625
0.01820005625
0.01820005625
0.01820005625
0.01820005625
0.01820005625
0.01820005625
0.01820005625
0.01820005625
0.01820005625
0.01820005625
0.01820005625
0.01820005625
0.01820005625
0.01820005625
0.01820005625
0.01820005625
0.01820005625
0.01820005625
0.01820005625
0.01820005625
0.01820005625
0.01820005625
0.01820005625
0.01820005625
0.01820005625
0.01820005625
0.01820005625
0.01820005625
0.01820005625
0.01820005625
0.01820005625
0.01820005625
0.01820005625
0.01820005625
0.01820005625
0.01820005625
0.01820005625
0.01820005625
0.01820005625
0.01820005625
0.01820005625
0.01820005625
0.01820005625
0.01820005625
0.01820005625
0.01820005625
0.01820005625
0.01820005625
0.01820005625
0.01820005625
0.01820005625
0.01820005625
0.01820005625
0.01820005625
0.01820005625
0.01820005625
0.01820005625
0.01820005625
0.01820005625
0.01820005625
0.01820005625
0.01820005625
0.01820005625
0.01820005625
0.01820005625
0.01820005625
0.01820005625
0.01820005625
0.01820005625
0.01820005625
0.01820005626
0.01820005626
0.01820005626
0.01820005626
0.01820005626
0.01820005626
0.01820005626
0.01820005626
0.01820005626
0.01820005626
0.01820005626
0.01820005626
0.01820005626
0.01820005626
0.01820005626
0.01820005626
0.01820005626
0.01820005626
0.01820005626
0.01820005626
0.01820005626
0.01820005626
0.01820005626
0.01820005626
0.01820005626
0.01820005626
0.01820005626
0.01820005626
0.01820005626
0.01820005626
0.01820005626
0.01820005626
0.01820005626
0.01820005626
0.01820005626
0.01820005626
0.01820005626
0.01820005626
0.01820005626
0.01820005626
0.01820005626
0.01820005626
0.01820005626
0.01820005626
0.01820005626
0.01820005626
0.01820005626
0.01820005626
0.01820005626
0.01820005626
0.01820005626
0.01820005626
0.01820005626
0.01820005626
0.01820005626
0.01820005626
0.01820005626
0.01820005626
0.01820005626
0.01820005626
0.01820005626
0.01820005626
0.01820005626
0.01820005626
0.01820005626
0.01820005626
0.01820005626
0.01820005626
0.01820005626
0.01820005626
0.01820005626
0.01820005626
0.01820005626
0.01820005626
0.01820005626
0.08140837485
0.08315336912
0.08472397023
0.08646336703
0.0883833262
0.0904923444
0.09279864882
0.09531076752
0.09803764399
0.1009901283
0.1041797587
0.107604816
0.1111495347
0.1139614593
0.1116143371
0.09183664796
0.04896936634
0.01821260795
0.01820018407
0.01820005644
0.01820005626
0.01820005625
0.01820005625
0.01820005625
0.01820005625
0.01820005625
0.01820005625
0.01820005625
0.01820005625
0.01820005625
0.01820005625
0.01820005625
0.01820005625
0.01820005625
0.01820005625
0.01820005625
0.01820005625
0.01820005625
0.01820005625
0.01820005625
0.01820005625
0.01820005625
0.01820005625
0.01820005625
0.01820005625
0.01820005625
0.01820005625
0.01820005625
0.01820005625
0.01820005625
0.01820005625
0.01820005625
0.01820005625
0.01820005625
0.01820005625
0.01820005625
0.01820005625
0.01820005625
0.01820005625
0.01820005625
0.01820005625
0.01820005625
0.01820005625
0.01820005625
0.01820005625
0.01820005625
0.01820005625
0.01820005625
0.01820005625
0.01820005625
0.01820005625
0.01820005625
0.01820005625
0.01820005625
0.01820005625
0.01820005625
0.01820005625
0.01820005625
0.01820005625
0.01820005625
0.01820005625
0.01820005625
0.01820005625
0.01820005625
0.01820005625
0.01820005625
0.01820005625
0.01820005625
0.01820005625
0.01820005625
0.01820005625
0.01820005625
0.01820005625
0.01820005625
0.01820005625
0.01820005625
0.01820005625
0.01820005625
0.01820005625
0.01820005625
0.01820005625
0.01820005625
0.01820005625
0.01820005625
0.01820005625
0.01820005625
0.01820005625
0.01820005625
0.01820005625
0.01820005625
0.01820005625
0.01820005625
0.01820005625
0.01820005625
0.01820005625
0.01820005625
0.01820005625
0.01820005625
0.01820005625
0.01820005625
0.01820005625
0.01820005625
0.01820005625
0.01820005625
0.01820005625
0.01820005626
0.01820005626
0.01820005626
0.01820005626
0.01820005626
0.01820005626
0.01820005626
0.01820005626
0.01820005626
0.01820005626
0.01820005626
0.01820005626
0.01820005626
0.01820005626
0.01820005626
0.01820005626
0.01820005626
0.01820005626
0.01820005626
0.01820005626
0.01820005626
0.01820005626
0.01820005626
0.01820005626
0.01820005626
0.01820005626
0.01820005626
0.01820005626
0.01820005626
0.01820005626
0.01820005626
0.01820005626
0.01820005626
0.01820005626
0.01820005626
0.01820005626
0.01820005626
0.01820005626
0.01820005626
0.01820005626
0.01820005626
0.01820005626
0.01820005626
0.01820005626
0.01820005626
0.01820005626
0.01820005626
0.01820005626
0.01820005626
0.01820005626
0.01820005626
0.01820005626
0.01820005626
0.01820005626
0.01820005626
0.01820005626
0.01820005626
0.01820005626
0.01820005626
0.01820005626
0.01820005626
0.01820005626
0.01820005626
0.01820005626
0.01820005626
0.01820005626
0.01820005626
0.01820005626
0.01820005626
0.01820005626
0.01820005626
0.01820005626
0.01820005626
0.01820005626
0.01820005626
0.08074115218
0.08251214579
0.08408958105
0.08583470805
0.08775955803
0.08987263445
0.0921821734
0.09469661094
0.09742542592
0.1003806427
0.1035761245
0.1070151852
0.1106018701
0.1136027955
0.1121023209
0.09452863289
0.0534842624
0.01821456624
0.01820020455
0.01820005648
0.01820005626
0.01820005625
0.01820005625
0.01820005625
0.01820005625
0.01820005625
0.01820005625
0.01820005625
0.01820005625
0.01820005625
0.01820005625
0.01820005625
0.01820005625
0.01820005625
0.01820005625
0.01820005625
0.01820005625
0.01820005625
0.01820005625
0.01820005625
0.01820005625
0.01820005625
0.01820005625
0.01820005625
0.01820005625
0.01820005625
0.01820005625
0.01820005625
0.01820005625
0.01820005625
0.01820005625
0.01820005625
0.01820005625
0.01820005625
0.01820005625
0.01820005625
0.01820005625
0.01820005625
0.01820005625
0.01820005625
0.01820005625
0.01820005625
0.01820005625
0.01820005625
0.01820005625
0.01820005625
0.01820005625
0.01820005625
0.01820005625
0.01820005625
0.01820005625
0.01820005625
0.01820005625
0.01820005625
0.01820005625
0.01820005625
0.01820005625
0.01820005625
0.01820005625
0.01820005625
0.01820005625
0.01820005625
0.01820005625
0.01820005625
0.01820005625
0.01820005625
0.01820005625
0.01820005625
0.01820005625
0.01820005625
0.01820005625
0.01820005625
0.01820005625
0.01820005625
0.01820005625
0.01820005625
0.01820005625
0.01820005625
0.01820005625
0.01820005625
0.01820005625
0.01820005625
0.01820005625
0.01820005625
0.01820005625
0.01820005625
0.01820005625
0.01820005625
0.01820005625
0.01820005625
0.01820005625
0.01820005625
0.01820005625
0.01820005625
0.01820005625
0.01820005625
0.01820005625
0.01820005625
0.01820005625
0.01820005625
0.01820005625
0.01820005625
0.01820005625
0.01820005625
0.01820005625
0.01820005625
0.01820005626
0.01820005626
0.01820005626
0.01820005626
0.01820005626
0.01820005626
0.01820005626
0.01820005626
0.01820005626
0.01820005626
0.01820005626
0.01820005626
0.01820005626
0.01820005626
0.01820005626
0.01820005626
0.01820005626
0.01820005626
0.01820005626
0.01820005626
0.01820005626
0.01820005626
0.01820005626
0.01820005626
0.01820005626
0.01820005626
0.01820005626
0.01820005626
0.01820005626
0.01820005626
0.01820005626
0.01820005626
0.01820005626
0.01820005626
0.01820005626
0.01820005626
0.01820005626
0.01820005626
0.01820005626
0.01820005626
0.01820005626
0.01820005626
0.01820005626
0.01820005626
0.01820005626
0.01820005626
0.01820005626
0.01820005626
0.01820005626
0.01820005626
0.01820005626
0.01820005626
0.01820005626
0.01820005626
0.01820005626
0.01820005626
0.01820005626
0.01820005626
0.01820005626
0.01820005626
0.01820005626
0.01820005626
0.01820005626
0.01820005626
0.01820005626
0.01820005626
0.01820005626
0.01820005626
0.01820005626
0.01820005626
0.01820005626
0.01820005626
0.01820005626
0.01820005626
0.08007484008
0.08187114205
0.08345479785
0.08520486002
0.08713365113
0.08924976069
0.09156157691
0.09407762856
0.09680832695
0.09976711841
0.102970319
0.106426004
0.1100562001
0.1132330343
0.1125037156
0.09701660092
0.05777569532
0.01874820268
0.01820028921
0.01820005732
0.01820005626
0.01820005625
0.01820005625
0.01820005625
0.01820005625
0.01820005625
0.01820005625
0.01820005625
0.01820005625
0.01820005625
0.01820005625
0.01820005625
0.01820005625
0.01820005625
0.01820005625
0.01820005625
0.01820005625
0.01820005625
0.01820005625
0.01820005625
0.01820005625
0.01820005625
0.01820005625
0.01820005625
0.01820005625
0.01820005625
0.01820005625
0.01820005625
0.01820005625
0.01820005625
0.01820005625
0.01820005625
0.01820005625
0.01820005625
0.01820005625
0.01820005625
0.01820005625
0.01820005625
0.01820005625
0.01820005625
0.01820005625
0.01820005625
0.01820005625
0.01820005625
0.01820005625
0.01820005625
0.01820005625
0.01820005625
0.01820005625
0.01820005625
0.01820005625
0.01820005625
0.01820005625
0.01820005625
0.01820005625
0.01820005625
0.01820005625
0.01820005625
0.01820005625
0.01820005625
0.01820005625
0.01820005625
0.01820005625
0.01820005625
0.01820005625
0.01820005625
0.01820005625
0.01820005625
0.01820005625
0.01820005625
0.01820005625
0.01820005625
0.01820005625
0.01820005625
0.01820005625
0.01820005625
0.01820005625
0.01820005625
0.01820005625
0.01820005625
0.01820005625
0.01820005625
0.01820005625
0.01820005625
0.01820005625
0.01820005625
0.01820005625
0.01820005625
0.01820005625
0.01820005625
0.01820005625
0.01820005625
0.01820005625
0.01820005625
0.01820005625
0.01820005625
0.01820005625
0.01820005625
0.01820005625
0.01820005625
0.01820005625
0.01820005625
0.01820005625
0.01820005625
0.01820005625
0.01820005625
0.01820005625
0.01820005626
0.01820005626
0.01820005626
0.01820005626
0.01820005626
0.01820005626
0.01820005626
0.01820005626
0.01820005626
0.01820005626
0.01820005626
0.01820005626
0.01820005626
0.01820005626
0.01820005626
0.01820005626
0.01820005626
0.01820005626
0.01820005626
0.01820005626
0.01820005626
0.01820005626
0.01820005626
0.01820005626
0.01820005626
0.01820005626
0.01820005626
0.01820005626
0.01820005626
0.01820005626
0.01820005626
0.01820005626
0.01820005626
0.01820005626
0.01820005626
0.01820005626
0.01820005626
0.01820005626
0.01820005626
0.01820005626
0.01820005626
0.01820005626
0.01820005626
0.01820005626
0.01820005626
0.01820005626
0.01820005626
0.01820005626
0.01820005626
0.01820005626
0.01820005626
0.01820005626
0.01820005626
0.01820005626
0.01820005626
0.01820005626
0.01820005626
0.01820005626
0.01820005626
0.01820005626
0.01820005626
0.01820005626
0.01820005626
0.01820005626
0.01820005626
0.01820005626
0.01820005626
0.01820005626
0.01820005626
0.01820005626
0.01820005626
0.01820005626
0.01820005626
0.07940926608
0.08123021074
0.08281949367
0.08457375029
0.08650564558
0.08862396779
0.0909373316
0.09345469654
0.09618758526
0.0991509999
0.1023635594
0.1058373748
0.1095097376
0.1128431807
0.1127948071
0.09922675659
0.06170839311
0.02007002841
0.01820055491
0.01820006025
0.01820005626
0.01820005625
0.01820005625
0.01820005625
0.01820005625
0.01820005625
0.01820005625
0.01820005625
0.01820005625
0.01820005625
0.01820005625
0.01820005625
0.01820005625
0.01820005625
0.01820005625
0.01820005625
0.01820005625
0.01820005625
0.01820005625
0.01820005625
0.01820005625
0.01820005625
0.01820005625
0.01820005625
0.01820005625
0.01820005625
0.01820005625
0.01820005625
0.01820005625
0.01820005625
0.01820005625
0.01820005625
0.01820005625
0.01820005625
0.01820005625
0.01820005625
0.01820005625
0.01820005625
0.01820005625
0.01820005625
0.01820005625
0.01820005625
0.01820005625
0.01820005625
0.01820005625
0.01820005625
0.01820005625
0.01820005625
0.01820005625
0.01820005625
0.01820005625
0.01820005625
0.01820005625
0.01820005625
0.01820005625
0.01820005625
0.01820005625
0.01820005625
0.01820005625
0.01820005625
0.01820005625
0.01820005625
0.01820005625
0.01820005625
0.01820005625
0.01820005625
0.01820005625
0.01820005625
0.01820005625
0.01820005625
0.01820005625
0.01820005625
0.01820005625
0.01820005625
0.01820005625
0.01820005625
0.01820005625
0.01820005625
0.01820005625
0.01820005625
0.01820005625
0.01820005625
0.01820005625
0.01820005625
0.01820005625
0.01820005625
0.01820005625
0.01820005625
0.01820005625
0.01820005625
0.01820005625
0.01820005625
0.01820005625
0.01820005625
0.01820005625
0.01820005625
0.01820005625
0.01820005625
0.01820005625
0.01820005625
0.01820005625
0.01820005625
0.01820005625
0.01820005625
0.01820005625
0.01820005625
0.01820005625
0.01820005625
0.01820005625
0.01820005626
0.01820005626
0.01820005626
0.01820005626
0.01820005626
0.01820005626
0.01820005626
0.01820005626
0.01820005626
0.01820005626
0.01820005626
0.01820005626
0.01820005626
0.01820005626
0.01820005626
0.01820005626
0.01820005626
0.01820005626
0.01820005626
0.01820005626
0.01820005626
0.01820005626
0.01820005626
0.01820005626
0.01820005626
0.01820005626
0.01820005626
0.01820005626
0.01820005626
0.01820005626
0.01820005626
0.01820005626
0.01820005626
0.01820005626
0.01820005626
0.01820005626
0.01820005626
0.01820005626
0.01820005626
0.01820005626
0.01820005626
0.01820005626
0.01820005626
0.01820005626
0.01820005626
0.01820005626
0.01820005626
0.01820005626
0.01820005626
0.01820005626
0.01820005626
0.01820005626
0.01820005626
0.01820005626
0.01820005626
0.01820005626
0.01820005626
0.01820005626
0.01820005626
0.01820005626
0.01820005626
0.01820005626
0.01820005626
0.01820005626
0.01820005626
0.01820005626
0.01820005626
0.01820005626
0.01820005626
0.01820005626
0.01820005626
0.07874424583
0.08058921312
0.08218358041
0.08394138313
0.08587569347
0.08799561365
0.09031005172
0.09282871062
0.09556426013
0.09853320719
0.1017560316
0.105247762
0.1089578148
0.1124239754
0.1129648252
0.1011564678
0.06545082201
0.02204153689
0.01820107228
0.01820006617
0.01820005626
0.01820005625
0.01820005625
0.01820005625
0.01820005625
0.01820005625
0.01820005625
0.01820005625
0.01820005625
0.01820005625
0.01820005625
0.01820005625
0.01820005625
0.01820005625
0.01820005625
0.01820005625
0.01820005625
0.01820005625
0.01820005625
0.01820005625
0.01820005625
0.01820005625
0.01820005625
0.01820005625
0.01820005625
0.01820005625
0.01820005625
0.01820005625
0.01820005625
0.01820005625
0.01820005625
0.01820005625
0.01820005625
0.01820005625
0.01820005625
0.01820005625
0.01820005625
0.01820005625
0.01820005625
0.01820005625
0.01820005625
0.01820005625
0.01820005625
0.01820005625
0.01820005625
0.01820005625
0.01820005625
0.01820005625
0.01820005625
0.01820005625
0.01820005625
0.01820005625
0.01820005625
0.01820005625
0.01820005625
0.01820005625
0.01820005625
0.01820005625
0.01820005625
0.01820005625
0.01820005625
0.01820005625
0.01820005625
0.01820005625
0.01820005625
0.01820005625
0.01820005625
0.01820005625
0.01820005625
0.01820005625
0.01820005625
0.01820005625
0.01820005625
0.01820005625
0.01820005625
0.01820005625
0.01820005625
0.01820005625
0.01820005625
0.01820005625
0.01820005625
0.01820005625
0.01820005625
0.01820005625
0.01820005625
0.01820005625
0.01820005625
0.01820005625
0.01820005625
0.01820005625
0.01820005625
0.01820005625
0.01820005625
0.01820005625
0.01820005625
0.01820005625
0.01820005625
0.01820005625
0.01820005625
0.01820005625
0.01820005625
0.01820005625
0.01820005625
0.01820005625
0.01820005625
0.01820005625
0.01820005625
0.01820005625
0.01820005625
0.01820005625
0.01820005626
0.01820005626
0.01820005626
0.01820005626
0.01820005626
0.01820005626
0.01820005626
0.01820005626
0.01820005626
0.01820005626
0.01820005626
0.01820005626
0.01820005626
0.01820005626
0.01820005626
0.01820005626
0.01820005626
0.01820005626
0.01820005626
0.01820005626
0.01820005626
0.01820005626
0.01820005626
0.01820005626
0.01820005626
0.01820005626
0.01820005626
0.01820005626
0.01820005626
0.01820005626
0.01820005626
0.01820005626
0.01820005626
0.01820005626
0.01820005626
0.01820005626
0.01820005626
0.01820005626
0.01820005626
0.01820005626
0.01820005626
0.01820005626
0.01820005626
0.01820005626
0.01820005626
0.01820005626
0.01820005626
0.01820005626
0.01820005626
0.01820005626
0.01820005626
0.01820005626
0.01820005626
0.01820005626
0.01820005626
0.01820005626
0.01820005626
0.01820005626
0.01820005626
0.01820005626
0.01820005626
0.01820005626
0.01820005626
0.01820005626
0.01820005626
0.01820005626
0.01820005626
0.01820005626
0.01820005626
0.01820005626
0.07807960883
0.07994803903
0.08154702065
0.08330783651
0.08524403288
0.08736512658
0.08968038927
0.0922004606
0.09493909105
0.09791404849
0.1011470168
0.1046546638
0.1083954888
0.1119694859
0.1130151044
0.1028267621
0.06908501461
0.02456578421
0.01820186524
0.01820007539
0.01820005627
0.01820005625
0.01820005625
0.01820005625
0.01820005625
0.01820005625
0.01820005625
0.01820005625
0.01820005625
0.01820005625
0.01820005625
0.01820005625
0.01820005625
0.01820005625
0.01820005625
0.01820005625
0.01820005625
0.01820005625
0.01820005625
0.01820005625
0.01820005625
0.01820005625
0.01820005625
0.01820005625
0.01820005625
0.01820005625
0.01820005625
0.01820005625
0.01820005625
0.01820005625
0.01820005625
0.01820005625
0.01820005625
0.01820005625
0.01820005625
0.01820005625
0.01820005625
0.01820005625
0.01820005625
0.01820005625
0.01820005625
0.01820005625
0.01820005625
0.01820005625
0.01820005625
0.01820005625
0.01820005625
0.01820005625
0.01820005625
0.01820005625
0.01820005625
0.01820005625
0.01820005625
0.01820005625
0.01820005625
0.01820005625
0.01820005625
0.01820005625
0.01820005625
0.01820005625
0.01820005625
0.01820005625
0.01820005625
0.01820005625
0.01820005625
0.01820005625
0.01820005625
0.01820005625
0.01820005625
0.01820005625
0.01820005625
0.01820005625
0.01820005625
0.01820005625
0.01820005625
0.01820005625
0.01820005625
0.01820005625
0.01820005625
0.01820005625
0.01820005625
0.01820005625
0.01820005625
0.01820005625
0.01820005625
0.01820005625
0.01820005625
0.01820005625
0.01820005625
0.01820005625
0.01820005625
0.01820005625
0.01820005625
0.01820005625
0.01820005625
0.01820005625
0.01820005625
0.01820005625
0.01820005625
0.01820005625
0.01820005625
0.01820005625
0.01820005625
0.01820005625
0.01820005625
0.01820005625
0.01820005625
0.01820005625
0.01820005625
0.01820005625
0.01820005626
0.01820005626
0.01820005626
0.01820005626
0.01820005626
0.01820005626
0.01820005626
0.01820005626
0.01820005626
0.01820005626
0.01820005626
0.01820005626
0.01820005626
0.01820005626
0.01820005626
0.01820005626
0.01820005626
0.01820005626
0.01820005626
0.01820005626
0.01820005626
0.01820005626
0.01820005626
0.01820005626
0.01820005626
0.01820005626
0.01820005626
0.01820005626
0.01820005626
0.01820005626
0.01820005626
0.01820005626
0.01820005626
0.01820005626
0.01820005626
0.01820005626
0.01820005626
0.01820005626
0.01820005626
0.01820005626
0.01820005626
0.01820005626
0.01820005626
0.01820005626
0.01820005626
0.01820005626
0.01820005626
0.01820005626
0.01820005626
0.01820005626
0.01820005626
0.01820005626
0.01820005626
0.01820005626
0.01820005626
0.01820005626
0.01820005626
0.01820005626
0.01820005626
0.01820005626
0.01820005626
0.01820005626
0.01820005626
0.01820005626
0.01820005626
0.01820005626
0.01820005626
0.01820005626
0.01820005626
0.01820005626
0.07741521828
0.07930661984
0.08090983045
0.08267324921
0.08461095532
0.08673295682
0.0890489346
0.09157054046
0.09431244001
0.09729327947
0.1005352115
0.1040553785
0.1078189304
0.1114778363
0.1129555032
0.1042665561
0.07264603867
0.0275715127
0.01820293265
0.01820008774
0.01820005628
0.01820005625
0.01820005625
0.01820005625
0.01820005625
0.01820005625
0.01820005625
0.01820005625
0.01820005625
0.01820005625
0.01820005625
0.01820005625
0.01820005625
0.01820005625
0.01820005625
0.01820005625
0.01820005625
0.01820005625
0.01820005625
0.01820005625
0.01820005625
0.01820005625
0.01820005625
0.01820005625
0.01820005625
0.01820005625
0.01820005625
0.01820005625
0.01820005625
0.01820005625
0.01820005625
0.01820005625
0.01820005625
0.01820005625
0.01820005625
0.01820005625
0.01820005625
0.01820005625
0.01820005625
0.01820005625
0.01820005625
0.01820005625
0.01820005625
0.01820005625
0.01820005625
0.01820005625
0.01820005625
0.01820005625
0.01820005625
0.01820005625
0.01820005625
0.01820005625
0.01820005625
0.01820005625
0.01820005625
0.01820005625
0.01820005625
0.01820005625
0.01820005625
0.01820005625
0.01820005625
0.01820005625
0.01820005625
0.01820005625
0.01820005625
0.01820005625
0.01820005625
0.01820005625
0.01820005625
0.01820005625
0.01820005625
0.01820005625
0.01820005625
0.01820005625
0.01820005625
0.01820005625
0.01820005625
0.01820005625
0.01820005625
0.01820005625
0.01820005625
0.01820005625
0.01820005625
0.01820005625
0.01820005625
0.01820005625
0.01820005625
0.01820005625
0.01820005625
0.01820005625
0.01820005625
0.01820005625
0.01820005625
0.01820005625
0.01820005625
0.01820005625
0.01820005625
0.01820005625
0.01820005625
0.01820005625
0.01820005625
0.01820005625
0.01820005625
0.01820005625
0.01820005625
0.01820005625
0.01820005625
0.01820005625
0.01820005625
0.01820005625
0.01820005626
0.01820005626
0.01820005626
0.01820005626
0.01820005626
0.01820005626
0.01820005626
0.01820005626
0.01820005626
0.01820005626
0.01820005626
0.01820005626
0.01820005626
0.01820005626
0.01820005626
0.01820005626
0.01820005626
0.01820005626
0.01820005626
0.01820005626
0.01820005626
0.01820005626
0.01820005626
0.01820005626
0.01820005626
0.01820005626
0.01820005626
0.01820005626
0.01820005626
0.01820005626
0.01820005626
0.01820005626
0.01820005626
0.01820005626
0.01820005626
0.01820005626
0.01820005626
0.01820005626
0.01820005626
0.01820005626
0.01820005626
0.01820005626
0.01820005626
0.01820005626
0.01820005626
0.01820005626
0.01820005626
0.01820005626
0.01820005626
0.01820005626
0.01820005626
0.01820005626
0.01820005626
0.01820005626
0.01820005626
0.01820005626
0.01820005626
0.01820005626
0.01820005626
0.01820005626
0.01820005626
0.01820005626
0.01820005626
0.01820005626
0.01820005626
0.01820005626
0.01820005626
0.01820005626
0.01820005626
0.01820005626
0.07675099392
0.0786649378
0.08027207764
0.0820378076
0.08397679291
0.08609948814
0.08841615469
0.09093930611
0.09368431498
0.09667026574
0.09991911172
0.1034476342
0.10722606
0.1109508319
0.1128009921
0.1055061126
0.07614256913
0.03100390473
0.01820426078
0.01820010276
0.0182000563
0.01820005626
0.01820005625
0.01820005625
0.01820005625
0.01820005625
0.01820005625
0.01820005625
0.01820005625
0.01820005625
0.01820005625
0.01820005625
0.01820005625
0.01820005625
0.01820005625
0.01820005625
0.01820005625
0.01820005625
0.01820005625
0.01820005625
0.01820005625
0.01820005625
0.01820005625
0.01820005625
0.01820005625
0.01820005625
0.01820005625
0.01820005625
0.01820005625
0.01820005625
0.01820005625
0.01820005625
0.01820005625
0.01820005625
0.01820005625
0.01820005625
0.01820005625
0.01820005625
0.01820005625
0.01820005625
0.01820005625
0.01820005625
0.01820005625
0.01820005625
0.01820005625
0.01820005625
0.01820005625
0.01820005625
0.01820005625
0.01820005625
0.01820005625
0.01820005625
0.01820005625
0.01820005625
0.01820005625
0.01820005625
0.01820005625
0.01820005625
0.01820005625
0.01820005625
0.01820005625
0.01820005625
0.01820005625
0.01820005625
0.01820005625
0.01820005625
0.01820005625
0.01820005625
0.01820005625
0.01820005625
0.01820005625
0.01820005625
0.01820005625
0.01820005625
0.01820005625
0.01820005625
0.01820005625
0.01820005625
0.01820005625
0.01820005625
0.01820005625
0.01820005625
0.01820005625
0.01820005625
0.01820005625
0.01820005625
0.01820005625
0.01820005625
0.01820005625
0.01820005625
0.01820005625
0.01820005625
0.01820005625
0.01820005625
0.01820005625
0.01820005625
0.01820005625
0.01820005625
0.01820005625
0.01820005625
0.01820005625
0.01820005625
0.01820005625
0.01820005625
0.01820005625
0.01820005625
0.01820005625
0.01820005625
0.01820005625
0.01820005625
0.01820005626
0.01820005626
0.01820005626
0.01820005626
0.01820005626
0.01820005626
0.01820005626
0.01820005626
0.01820005626
0.01820005626
0.01820005626
0.01820005626
0.01820005626
0.01820005626
0.01820005626
0.01820005626
0.01820005626
0.01820005626
0.01820005626
0.01820005626
0.01820005626
0.01820005626
0.01820005626
0.01820005626
0.01820005626
0.01820005626
0.01820005626
0.01820005626
0.01820005626
0.01820005626
0.01820005626
0.01820005626
0.01820005626
0.01820005626
0.01820005626
0.01820005626
0.01820005626
0.01820005626
0.01820005626
0.01820005626
0.01820005626
0.01820005626
0.01820005626
0.01820005626
0.01820005626
0.01820005626
0.01820005626
0.01820005626
0.01820005626
0.01820005626
0.01820005626
0.01820005626
0.01820005626
0.01820005626
0.01820005626
0.01820005626
0.01820005626
0.01820005626
0.01820005626
0.01820005626
0.01820005626
0.01820005626
0.01820005626
0.01820005626
0.01820005626
0.01820005626
0.01820005626
0.01820005626
0.01820005626
0.01820005626
0.07608690957
0.07802302333
0.07963386908
0.08140171346
0.08334182974
0.0854650687
0.08778236045
0.09030687954
0.09305445354
0.09604419099
0.09929736061
0.1028299826
0.1066166497
0.1103930342
0.1125687454
0.1065736655
0.07956852673
0.03481887637
0.01820582664
0.01820011988
0.01820005632
0.01820005626
0.01820005625
0.01820005625
0.01820005625
0.01820005625
0.01820005625
0.01820005625
0.01820005625
0.01820005625
0.01820005625
0.01820005625
0.01820005625
0.01820005625
0.01820005625
0.01820005625
0.01820005625
0.01820005625
0.01820005625
0.01820005625
0.01820005625
0.01820005625
0.01820005625
0.01820005625
0.01820005625
0.01820005625
0.01820005625
0.01820005625
0.01820005625
0.01820005625
0.01820005625
0.01820005625
0.01820005625
0.01820005625
0.01820005625
0.01820005625
0.01820005625
0.01820005625
0.01820005625
0.01820005625
0.01820005625
0.01820005625
0.01820005625
0.01820005625
0.01820005625
0.01820005625
0.01820005625
0.01820005625
0.01820005625
0.01820005625
0.01820005625
0.01820005625
0.01820005625
0.01820005625
0.01820005625
0.01820005625
0.01820005625
0.01820005625
0.01820005625
0.01820005625
0.01820005625
0.01820005625
0.01820005625
0.01820005625
0.01820005625
0.01820005625
0.01820005625
0.01820005625
0.01820005625
0.01820005625
0.01820005625
0.01820005625
0.01820005625
0.01820005625
0.01820005625
0.01820005625
0.01820005625
0.01820005625
0.01820005625
0.01820005625
0.01820005625
0.01820005625
0.01820005625
0.01820005625
0.01820005625
0.01820005625
0.01820005625
0.01820005625
0.01820005625
0.01820005625
0.01820005625
0.01820005625
0.01820005625
0.01820005625
0.01820005625
0.01820005625
0.01820005625
0.01820005625
0.01820005625
0.01820005625
0.01820005625
0.01820005625
0.01820005625
0.01820005625
0.01820005625
0.01820005625
0.01820005625
0.01820005625
0.01820005625
0.01820005626
0.01820005626
0.01820005626
0.01820005626
0.01820005626
0.01820005626
0.01820005626
0.01820005626
0.01820005626
0.01820005626
0.01820005626
0.01820005626
0.01820005626
0.01820005626
0.01820005626
0.01820005626
0.01820005626
0.01820005626
0.01820005626
0.01820005626
0.01820005626
0.01820005626
0.01820005626
0.01820005626
0.01820005626
0.01820005626
0.01820005626
0.01820005626
0.01820005626
0.01820005626
0.01820005626
0.01820005626
0.01820005626
0.01820005626
0.01820005626
0.01820005626
0.01820005626
0.01820005626
0.01820005626
0.01820005626
0.01820005626
0.01820005626
0.01820005626
0.01820005626
0.01820005626
0.01820005626
0.01820005626
0.01820005626
0.01820005626
0.01820005626
0.01820005626
0.01820005626
0.01820005626
0.01820005626
0.01820005626
0.01820005626
0.01820005626
0.01820005626
0.01820005626
0.01820005626
0.01820005626
0.01820005626
0.01820005626
0.01820005626
0.01820005626
0.01820005626
0.01820005626
0.01820005626
0.01820005626
0.01820005626
0.01820005626
0.0754229948
0.0773809488
0.07899533716
0.08076516499
0.08270630689
0.08482995419
0.08714770705
0.08967319253
0.09242243953
0.09541426015
0.09866899987
0.1022019553
0.1059920739
0.1098106602
0.1122758842
0.1074937804
0.08291032581
0.03897944593
0.01820759888
0.01820013851
0.01820005635
0.01820005626
0.01820005625
0.01820005625
0.01820005625
0.01820005625
0.01820005625
0.01820005625
0.01820005625
0.01820005625
0.01820005625
0.01820005625
0.01820005625
0.01820005625
0.01820005625
0.01820005625
0.01820005625
0.01820005625
0.01820005625
0.01820005625
0.01820005625
0.01820005625
0.01820005625
0.01820005625
0.01820005625
0.01820005625
0.01820005625
0.01820005625
0.01820005625
0.01820005625
0.01820005625
0.01820005625
0.01820005625
0.01820005625
0.01820005625
0.01820005625
0.01820005625
0.01820005625
0.01820005625
0.01820005625
0.01820005625
0.01820005625
0.01820005625
0.01820005625
0.01820005625
0.01820005625
0.01820005625
0.01820005625
0.01820005625
0.01820005625
0.01820005625
0.01820005625
0.01820005625
0.01820005625
0.01820005625
0.01820005625
0.01820005625
0.01820005625
0.01820005625
0.01820005625
0.01820005625
0.01820005625
0.01820005625
0.01820005625
0.01820005625
0.01820005625
0.01820005625
0.01820005625
0.01820005625
0.01820005625
0.01820005625
0.01820005625
0.01820005625
0.01820005625
0.01820005625
0.01820005625
0.01820005625
0.01820005625
0.01820005625
0.01820005625
0.01820005625
0.01820005625
0.01820005625
0.01820005625
0.01820005625
0.01820005625
0.01820005625
0.01820005625
0.01820005625
0.01820005625
0.01820005625
0.01820005625
0.01820005625
0.01820005625
0.01820005625
0.01820005625
0.01820005625
0.01820005625
0.01820005625
0.01820005625
0.01820005625
0.01820005625
0.01820005625
0.01820005625
0.01820005625
0.01820005625
0.01820005625
0.01820005625
0.01820005625
0.01820005626
0.01820005626
0.01820005626
0.01820005626
0.01820005626
0.01820005626
0.01820005626
0.01820005626
0.01820005626
0.01820005626
0.01820005626
0.01820005626
0.01820005626
0.01820005626
0.01820005626
0.01820005626
0.01820005626
0.01820005626
0.01820005626
0.01820005626
0.01820005626
0.01820005626
0.01820005626
0.01820005626
0.01820005626
0.01820005626
0.01820005626
0.01820005626
0.01820005626
0.01820005626
0.01820005626
0.01820005626
0.01820005626
0.01820005626
0.01820005626
0.01820005626
0.01820005626
0.01820005626
0.01820005626
0.01820005626
0.01820005626
0.01820005626
0.01820005626
0.01820005626
0.01820005626
0.01820005626
0.01820005626
0.01820005626
0.01820005626
0.01820005626
0.01820005626
0.01820005626
0.01820005626
0.01820005626
0.01820005626
0.01820005626
0.01820005626
0.01820005626
0.01820005626
0.01820005626
0.01820005626
0.01820005626
0.01820005626
0.01820005626
0.01820005626
0.01820005626
0.01820005626
0.01820005626
0.01820005626
0.01820005626
0.01820005626
0.07475932872
0.07673881922
0.07835662636
0.08012834198
0.08207041111
0.08419429765
0.0865122175
0.08903805407
0.0917878255
0.09477986261
0.09803360577
0.1015640253
0.1053548776
0.1092105565
0.1119379645
0.1082869205
0.08615164298
0.04345348593
0.0182095399
0.01820015813
0.01820005638
0.01820005626
0.01820005625
0.01820005625
0.01820005625
0.01820005625
0.01820005625
0.01820005625
0.01820005625
0.01820005625
0.01820005625
0.01820005625
0.01820005625
0.01820005625
0.01820005625
0.01820005625
0.01820005625
0.01820005625
0.01820005625
0.01820005625
0.01820005625
0.01820005625
0.01820005625
0.01820005625
0.01820005625
0.01820005625
0.01820005625
0.01820005625
0.01820005625
0.01820005625
0.01820005625
0.01820005625
0.01820005625
0.01820005625
0.01820005625
0.01820005625
0.01820005625
0.01820005625
0.01820005625
0.01820005625
0.01820005625
0.01820005625
0.01820005625
0.01820005625
0.01820005625
0.01820005625
0.01820005625
0.01820005625
0.01820005625
0.01820005625
0.01820005625
0.01820005625
0.01820005625
0.01820005625
0.01820005625
0.01820005625
0.01820005625
0.01820005625
0.01820005625
0.01820005625
0.01820005625
0.01820005625
0.01820005625
0.01820005625
0.01820005625
0.01820005625
0.01820005625
0.01820005625
0.01820005625
0.01820005625
0.01820005625
0.01820005625
0.01820005625
0.01820005625
0.01820005625
0.01820005625
0.01820005625
0.01820005625
0.01820005625
0.01820005625
0.01820005625
0.01820005625
0.01820005625
0.01820005625
0.01820005625
0.01820005625
0.01820005625
0.01820005625
0.01820005625
0.01820005625
0.01820005625
0.01820005625
0.01820005625
0.01820005625
0.01820005625
0.01820005625
0.01820005625
0.01820005625
0.01820005625
0.01820005625
0.01820005625
0.01820005625
0.01820005625
0.01820005625
0.01820005625
0.01820005625
0.01820005625
0.01820005625
0.01820005625
0.01820005626
0.01820005626
0.01820005626
0.01820005626
0.01820005626
0.01820005626
0.01820005626
0.01820005626
0.01820005626
0.01820005626
0.01820005626
0.01820005626
0.01820005626
0.01820005626
0.01820005626
0.01820005626
0.01820005626
0.01820005626
0.01820005626
0.01820005626
0.01820005626
0.01820005626
0.01820005626
0.01820005626
0.01820005626
0.01820005626
0.01820005626
0.01820005626
0.01820005626
0.01820005626
0.01820005626
0.01820005626
0.01820005626
0.01820005626
0.01820005626
0.01820005626
0.01820005626
0.01820005626
0.01820005626
0.01820005626
0.01820005626
0.01820005626
0.01820005626
0.01820005626
0.01820005626
0.01820005626
0.01820005626
0.01820005626
0.01820005626
0.01820005626
0.01820005626
0.01820005626
0.01820005626
0.01820005626
0.01820005626
0.01820005626
0.01820005626
0.01820005626
0.01820005626
0.01820005626
0.01820005626
0.01820005626
0.01820005626
0.01820005626
0.01820005626
0.01820005626
0.01820005626
0.01820005626
0.01820005626
0.01820005626
0.01820005626
0.07409603117
0.07609676349
0.07771788735
0.07949141707
0.0814342401
0.0835581612
0.08587582233
0.08840122598
0.09115023974
0.09414067861
0.09739131919
0.1009174433
0.1047082945
0.1085993938
0.1115681786
0.1089697803
0.08927652458
0.04821245412
0.01821160688
0.01820017908
0.01820005642
0.01820005626
0.01820005625
0.01820005625
0.01820005625
0.01820005625
0.01820005625
0.01820005625
0.01820005625
0.01820005625
0.01820005625
0.01820005625
0.01820005625
0.01820005625
0.01820005625
0.01820005625
0.01820005625
0.01820005625
0.01820005625
0.01820005625
0.01820005625
0.01820005625
0.01820005625
0.01820005625
0.01820005625
0.01820005625
0.01820005625
0.01820005625
0.01820005625
0.01820005625
0.01820005625
0.01820005625
0.01820005625
0.01820005625
0.01820005625
0.01820005625
0.01820005625
0.01820005625
0.01820005625
0.01820005625
0.01820005625
0.01820005625
0.01820005625
0.01820005625
0.01820005625
0.01820005625
0.01820005625
0.01820005625
0.01820005625
0.01820005625
0.01820005625
0.01820005625
0.01820005625
0.01820005625
0.01820005625
0.01820005625
0.01820005625
0.01820005625
0.01820005625
0.01820005625
0.01820005625
0.01820005625
0.01820005625
0.01820005625
0.01820005625
0.01820005625
0.01820005625
0.01820005625
0.01820005625
0.01820005625
0.01820005625
0.01820005625
0.01820005625
0.01820005625
0.01820005625
0.01820005625
0.01820005625
0.01820005625
0.01820005625
0.01820005625
0.01820005625
0.01820005625
0.01820005625
0.01820005625
0.01820005625
0.01820005625
0.01820005625
0.01820005625
0.01820005625
0.01820005625
0.01820005625
0.01820005625
0.01820005625
0.01820005625
0.01820005625
0.01820005625
0.01820005625
0.01820005625
0.01820005625
0.01820005625
0.01820005625
0.01820005625
0.01820005625
0.01820005625
0.01820005625
0.01820005625
0.01820005625
0.01820005625
0.01820005625
0.01820005626
0.01820005626
0.01820005626
0.01820005626
0.01820005626
0.01820005626
0.01820005626
0.01820005626
0.01820005626
0.01820005626
0.01820005626
0.01820005626
0.01820005626
0.01820005626
0.01820005626
0.01820005626
0.01820005626
0.01820005626
0.01820005626
0.01820005626
0.01820005626
0.01820005626
0.01820005626
0.01820005626
0.01820005626
0.01820005626
0.01820005626
0.01820005626
0.01820005626
0.01820005626
0.01820005626
0.01820005626
0.01820005626
0.01820005626
0.01820005626
0.01820005626
0.01820005626
0.01820005626
0.01820005626
0.01820005626
0.01820005626
0.01820005626
0.01820005626
0.01820005626
0.01820005626
0.01820005626
0.01820005626
0.01820005626
0.01820005626
0.01820005626
0.01820005626
0.01820005626
0.01820005626
0.01820005626
0.01820005626
0.01820005626
0.01820005626
0.01820005626
0.01820005626
0.01820005626
0.01820005626
0.01820005626
0.01820005626
0.01820005626
0.01820005626
0.01820005626
0.01820005626
0.01820005626
0.01820005626
0.01820005626
0.01820005626
0.07343324532
0.07545491978
0.07707925714
0.07885450248
0.08079786966
0.08292154045
0.08523840637
0.08776249295
0.09050946372
0.0934967218
0.09674278039
0.100263971
0.1040556913
0.1079827676
0.1111755487
0.1095502659
0.09224773302
0.05311583159
0.01836174237
0.01820021778
0.01820005668
0.01820005626
0.01820005625
0.01820005625
0.01820005625
0.01820005625
0.01820005625
0.01820005625
0.01820005625
0.01820005625
0.01820005625
0.01820005625
0.01820005625
0.01820005625
0.01820005625
0.01820005625
0.01820005625
0.01820005625
0.01820005625
0.01820005625
0.01820005625
0.01820005625
0.01820005625
0.01820005625
0.01820005625
0.01820005625
0.01820005625
0.01820005625
0.01820005625
0.01820005625
0.01820005625
0.01820005625
0.01820005625
0.01820005625
0.01820005625
0.01820005625
0.01820005625
0.01820005625
0.01820005625
0.01820005625
0.01820005625
0.01820005625
0.01820005625
0.01820005625
0.01820005625
0.01820005625
0.01820005625
0.01820005625
0.01820005625
0.01820005625
0.01820005625
0.01820005625
0.01820005625
0.01820005625
0.01820005625
0.01820005625
0.01820005625
0.01820005625
0.01820005625
0.01820005625
0.01820005625
0.01820005625
0.01820005625
0.01820005625
0.01820005625
0.01820005625
0.01820005625
0.01820005625
0.01820005625
0.01820005625
0.01820005625
0.01820005625
0.01820005625
0.01820005625
0.01820005625
0.01820005625
0.01820005625
0.01820005625
0.01820005625
0.01820005625
0.01820005625
0.01820005625
0.01820005625
0.01820005625
0.01820005625
0.01820005625
0.01820005625
0.01820005625
0.01820005625
0.01820005625
0.01820005625
0.01820005625
0.01820005625
0.01820005625
0.01820005625
0.01820005625
0.01820005625
0.01820005625
0.01820005625
0.01820005625
0.01820005625
0.01820005625
0.01820005625
0.01820005625
0.01820005625
0.01820005625
0.01820005625
0.01820005625
0.01820005626
0.01820005626
0.01820005626
0.01820005626
0.01820005626
0.01820005626
0.01820005626
0.01820005626
0.01820005626
0.01820005626
0.01820005626
0.01820005626
0.01820005626
0.01820005626
0.01820005626
0.01820005626
0.01820005626
0.01820005626
0.01820005626
0.01820005626
0.01820005626
0.01820005626
0.01820005626
0.01820005626
0.01820005626
0.01820005626
0.01820005626
0.01820005626
0.01820005626
0.01820005626
0.01820005626
0.01820005626
0.01820005626
0.01820005626
0.01820005626
0.01820005626
0.01820005626
0.01820005626
0.01820005626
0.01820005626
0.01820005626
0.01820005626
0.01820005626
0.01820005626
0.01820005626
0.01820005626
0.01820005626
0.01820005626
0.01820005626
0.01820005626
0.01820005626
0.01820005626
0.01820005626
0.01820005626
0.01820005626
0.01820005626
0.01820005626
0.01820005626
0.01820005626
0.01820005626
0.01820005626
0.01820005626
0.01820005626
0.01820005626
0.01820005626
0.01820005626
0.01820005626
0.01820005626
0.01820005626
0.01820005626
0.01820005626
0.01820005626
0.07277112647
0.07481342558
0.07644085538
0.07821767745
0.08016133976
0.08228439438
0.08459985392
0.08712171544
0.08986546729
0.09284830673
0.09608894803
0.09960542691
0.1033995976
0.1073630072
0.1107588522
0.1100075812
0.09493244981
0.05756772177
0.01941319259
0.01820038527
0.01820005845
0.01820005626
0.01820005625
0.01820005625
0.01820005625
0.01820005625
0.01820005625
0.01820005625
0.01820005625
0.01820005625
0.01820005625
0.01820005625
0.01820005625
0.01820005625
0.01820005625
0.01820005625
0.01820005625
0.01820005625
0.01820005625
0.01820005625
0.01820005625
0.01820005625
0.01820005625
0.01820005625
0.01820005625
0.01820005625
0.01820005625
0.01820005625
0.01820005625
0.01820005625
0.01820005625
0.01820005625
0.01820005625
0.01820005625
0.01820005625
0.01820005625
0.01820005625
0.01820005625
0.01820005625
0.01820005625
0.01820005625
0.01820005625
0.01820005625
0.01820005625
0.01820005625
0.01820005625
0.01820005625
0.01820005625
0.01820005625
0.01820005625
0.01820005625
0.01820005625
0.01820005625
0.01820005625
0.01820005625
0.01820005625
0.01820005625
0.01820005625
0.01820005625
0.01820005625
0.01820005625
0.01820005625
0.01820005625
0.01820005625
0.01820005625
0.01820005625
0.01820005625
0.01820005625
0.01820005625
0.01820005625
0.01820005625
0.01820005625
0.01820005625
0.01820005625
0.01820005625
0.01820005625
0.01820005625
0.01820005625
0.01820005625
0.01820005625
0.01820005625
0.01820005625
0.01820005625
0.01820005625
0.01820005625
0.01820005625
0.01820005625
0.01820005625
0.01820005625
0.01820005625
0.01820005625
0.01820005625
0.01820005625
0.01820005625
0.01820005625
0.01820005625
0.01820005625
0.01820005625
0.01820005625
0.01820005625
0.01820005625
0.01820005625
0.01820005625
0.01820005625
0.01820005625
0.01820005625
0.01820005625
0.01820005625
0.01820005626
0.01820005626
0.01820005626
0.01820005626
0.01820005626
0.01820005626
0.01820005626
0.01820005626
0.01820005626
0.01820005626
0.01820005626
0.01820005626
0.01820005626
0.01820005626
0.01820005626
0.01820005626
0.01820005626
0.01820005626
0.01820005626
0.01820005626
0.01820005626
0.01820005626
0.01820005626
0.01820005626
0.01820005626
0.01820005626
0.01820005626
0.01820005626
0.01820005626
0.01820005626
0.01820005626
0.01820005626
0.01820005626
0.01820005626
0.01820005626
0.01820005626
0.01820005626
0.01820005626
0.01820005626
0.01820005626
0.01820005626
0.01820005626
0.01820005626
0.01820005626
0.01820005626
0.01820005626
0.01820005626
0.01820005626
0.01820005626
0.01820005626
0.01820005626
0.01820005626
0.01820005626
0.01820005626
0.01820005626
0.01820005626
0.01820005626
0.01820005626
0.01820005626
0.01820005626
0.01820005626
0.01820005626
0.01820005626
0.01820005626
0.01820005626
0.01820005626
0.01820005626
0.01820005626
0.01820005626
0.01820005626
0.01820005626
0.01820005626
0.07210983386
0.07417241197
0.07580278486
0.07758100007
0.07952466317
0.08164667437
0.08396008469
0.08647885774
0.08921839912
0.09219595408
0.09543086085
0.09894326488
0.1027411774
0.106739174
0.1103125549
0.1103268604
0.09729711901
0.06176010164
0.02123279523
0.01820078476
0.01820006298
0.01820005626
0.01820005625
0.01820005625
0.01820005625
0.01820005625
0.01820005625
0.01820005625
0.01820005625
0.01820005625
0.01820005625
0.01820005625
0.01820005625
0.01820005625
0.01820005625
0.01820005625
0.01820005625
0.01820005625
0.01820005625
0.01820005625
0.01820005625
0.01820005625
0.01820005625
0.01820005625
0.01820005625
0.01820005625
0.01820005625
0.01820005625
0.01820005625
0.01820005625
0.01820005625
0.01820005625
0.01820005625
0.01820005625
0.01820005625
0.01820005625
0.01820005625
0.01820005625
0.01820005625
0.01820005625
0.01820005625
0.01820005625
0.01820005625
0.01820005625
0.01820005625
0.01820005625
0.01820005625
0.01820005625
0.01820005625
0.01820005625
0.01820005625
0.01820005625
0.01820005625
0.01820005625
0.01820005625
0.01820005625
0.01820005625
0.01820005625
0.01820005625
0.01820005625
0.01820005625
0.01820005625
0.01820005625
0.01820005625
0.01820005625
0.01820005625
0.01820005625
0.01820005625
0.01820005625
0.01820005625
0.01820005625
0.01820005625
0.01820005625
0.01820005625
0.01820005625
0.01820005625
0.01820005625
0.01820005625
0.01820005625
0.01820005625
0.01820005625
0.01820005625
0.01820005625
0.01820005625
0.01820005625
0.01820005625
0.01820005625
0.01820005625
0.01820005625
0.01820005625
0.01820005625
0.01820005625
0.01820005625
0.01820005625
0.01820005625
0.01820005625
0.01820005625
0.01820005625
0.01820005625
0.01820005625
0.01820005625
0.01820005625
0.01820005625
0.01820005625
0.01820005625
0.01820005625
0.01820005625
0.01820005626
0.01820005626
0.01820005626
0.01820005626
0.01820005626
0.01820005626
0.01820005626
0.01820005626
0.01820005626
0.01820005626
0.01820005626
0.01820005626
0.01820005626
0.01820005626
0.01820005626
0.01820005626
0.01820005626
0.01820005626
0.01820005626
0.01820005626
0.01820005626
0.01820005626
0.01820005626
0.01820005626
0.01820005626
0.01820005626
0.01820005626
0.01820005626
0.01820005626
0.01820005626
0.01820005626
0.01820005626
0.01820005626
0.01820005626
0.01820005626
0.01820005626
0.01820005626
0.01820005626
0.01820005626
0.01820005626
0.01820005626
0.01820005626
0.01820005626
0.01820005626
0.01820005626
0.01820005626
0.01820005626
0.01820005626
0.01820005626
0.01820005626
0.01820005626
0.01820005626
0.01820005626
0.01820005626
0.01820005626
0.01820005626
0.01820005626
0.01820005626
0.01820005626
0.01820005626
0.01820005626
0.01820005626
0.01820005626
0.01820005626
0.01820005626
0.01820005626
0.01820005626
0.01820005626
0.01820005626
0.01820005626
0.01820005626
0.01820005626
0.01820005626
0.0714495195
0.07353200561
0.07516515713
0.07694448163
0.078887842
0.0810083476
0.08331907534
0.08583398989
0.08856854163
0.0915402671
0.09476942287
0.09827833421
0.1020802818
0.1061085501
0.1098311912
0.1105047667
0.09934896508
0.06579537165
0.02371908053
0.01820147057
0.01820007099
0.01820005627
0.01820005625
0.01820005625
0.01820005625
0.01820005625
0.01820005625
0.01820005625
0.01820005625
0.01820005625
0.01820005625
0.01820005625
0.01820005625
0.01820005625
0.01820005625
0.01820005625
0.01820005625
0.01820005625
0.01820005625
0.01820005625
0.01820005625
0.01820005625
0.01820005625
0.01820005625
0.01820005625
0.01820005625
0.01820005625
0.01820005625
0.01820005625
0.01820005625
0.01820005625
0.01820005625
0.01820005625
0.01820005625
0.01820005625
0.01820005625
0.01820005625
0.01820005625
0.01820005625
0.01820005625
0.01820005625
0.01820005625
0.01820005625
0.01820005625
0.01820005625
0.01820005625
0.01820005625
0.01820005625
0.01820005625
0.01820005625
0.01820005625
0.01820005625
0.01820005625
0.01820005625
0.01820005625
0.01820005625
0.01820005625
0.01820005625
0.01820005625
0.01820005625
0.01820005625
0.01820005625
0.01820005625
0.01820005625
0.01820005625
0.01820005625
0.01820005625
0.01820005625
0.01820005625
0.01820005625
0.01820005625
0.01820005625
0.01820005625
0.01820005625
0.01820005625
0.01820005625
0.01820005625
0.01820005625
0.01820005625
0.01820005625
0.01820005625
0.01820005625
0.01820005625
0.01820005625
0.01820005625
0.01820005625
0.01820005625
0.01820005625
0.01820005625
0.01820005625
0.01820005625
0.01820005625
0.01820005625
0.01820005625
0.01820005625
0.01820005625
0.01820005625
0.01820005625
0.01820005625
0.01820005625
0.01820005625
0.01820005625
0.01820005625
0.01820005625
0.01820005625
0.01820005625
0.01820005625
0.01820005626
0.01820005626
0.01820005626
0.01820005626
0.01820005626
0.01820005626
0.01820005626
0.01820005626
0.01820005626
0.01820005626
0.01820005626
0.01820005626
0.01820005626
0.01820005626
0.01820005626
0.01820005626
0.01820005626
0.01820005626
0.01820005626
0.01820005626
0.01820005626
0.01820005626
0.01820005626
0.01820005626
0.01820005626
0.01820005626
0.01820005626
0.01820005626
0.01820005626
0.01820005626
0.01820005626
0.01820005626
0.01820005626
0.01820005626
0.01820005626
0.01820005626
0.01820005626
0.01820005626
0.01820005626
0.01820005626
0.01820005626
0.01820005626
0.01820005626
0.01820005626
0.01820005626
0.01820005626
0.01820005626
0.01820005626
0.01820005626
0.01820005626
0.01820005626
0.01820005626
0.01820005626
0.01820005626
0.01820005626
0.01820005626
0.01820005626
0.01820005626
0.01820005626
0.01820005626
0.01820005626
0.01820005626
0.01820005626
0.01820005626
0.01820005626
0.01820005626
0.01820005626
0.01820005626
0.01820005626
0.01820005626
0.01820005626
0.01820005626
0.01820005626
0.07079032518
0.0728923536
0.07452800848
0.07630815986
0.07825088214
0.08036941163
0.08267686509
0.08518726837
0.08791624757
0.09088181537
0.09410526623
0.09761085419
0.1014158621
0.105468029
0.1093116914
0.110548036
0.1011128004
0.06972229817
0.02679284837
0.01820245916
0.01820008261
0.01820005628
0.01820005625
0.01820005625
0.01820005625
0.01820005625
0.01820005625
0.01820005625
0.01820005625
0.01820005625
0.01820005625
0.01820005625
0.01820005625
0.01820005625
0.01820005625
0.01820005625
0.01820005625
0.01820005625
0.01820005625
0.01820005625
0.01820005625
0.01820005625
0.01820005625
0.01820005625
0.01820005625
0.01820005625
0.01820005625
0.01820005625
0.01820005625
0.01820005625
0.01820005625
0.01820005625
0.01820005625
0.01820005625
0.01820005625
0.01820005625
0.01820005625
0.01820005625
0.01820005625
0.01820005625
0.01820005625
0.01820005625
0.01820005625
0.01820005625
0.01820005625
0.01820005625
0.01820005625
0.01820005625
0.01820005625
0.01820005625
0.01820005625
0.01820005625
0.01820005625
0.01820005625
0.01820005625
0.01820005625
0.01820005625
0.01820005625
0.01820005625
0.01820005625
0.01820005625
0.01820005625
0.01820005625
0.01820005625
0.01820005625
0.01820005625
0.01820005625
0.01820005625
0.01820005625
0.01820005625
0.01820005625
0.01820005625
0.01820005625
0.01820005625
0.01820005625
0.01820005625
0.01820005625
0.01820005625
0.01820005625
0.01820005625
0.01820005625
0.01820005625
0.01820005625
0.01820005625
0.01820005625
0.01820005625
0.01820005625
0.01820005625
0.01820005625
0.01820005625
0.01820005625
0.01820005625
0.01820005625
0.01820005625
0.01820005625
0.01820005625
0.01820005625
0.01820005625
0.01820005625
0.01820005625
0.01820005625
0.01820005625
0.01820005625
0.01820005625
0.01820005625
0.01820005625
0.01820005626
0.01820005626
0.01820005626
0.01820005626
0.01820005626
0.01820005626
0.01820005626
0.01820005626
0.01820005626
0.01820005626
0.01820005626
0.01820005626
0.01820005626
0.01820005626
0.01820005626
0.01820005626
0.01820005626
0.01820005626
0.01820005626
0.01820005626
0.01820005626
0.01820005626
0.01820005626
0.01820005626
0.01820005626
0.01820005626
0.01820005626
0.01820005626
0.01820005626
0.01820005626
0.01820005626
0.01820005626
0.01820005626
0.01820005626
0.01820005626
0.01820005626
0.01820005626
0.01820005626
0.01820005626
0.01820005626
0.01820005626
0.01820005626
0.01820005626
0.01820005626
0.01820005626
0.01820005626
0.01820005626
0.01820005626
0.01820005626
0.01820005626
0.01820005626
0.01820005626
0.01820005626
0.01820005626
0.01820005626
0.01820005626
0.01820005626
0.01820005626
0.01820005626
0.01820005626
0.01820005626
0.01820005626
0.01820005626
0.01820005626
0.01820005626
0.01820005626
0.01820005626
0.01820005626
0.01820005626
0.01820005626
0.01820005626
0.01820005626
0.01820005626
0.01820005626
0.07013237536
0.07225354162
0.07389141197
0.07567208206
0.07761380733
0.07972990167
0.08203354921
0.08453890438
0.08726187643
0.09022105183
0.09343870813
0.09694054871
0.100746497
0.1048151361
0.1087541189
0.1104705015
0.1026203673
0.07355756568
0.03039069918
0.01820374622
0.01820009754
0.01820005629
0.01820005626
0.01820005625
0.01820005625
0.01820005625
0.01820005625
0.01820005625
0.01820005625
0.01820005625
0.01820005625
0.01820005625
0.01820005625
0.01820005625
0.01820005625
0.01820005625
0.01820005625
0.01820005625
0.01820005625
0.01820005625
0.01820005625
0.01820005625
0.01820005625
0.01820005625
0.01820005625
0.01820005625
0.01820005625
0.01820005625
0.01820005625
0.01820005625
0.01820005625
0.01820005625
0.01820005625
0.01820005625
0.01820005625
0.01820005625
0.01820005625
0.01820005625
0.01820005625
0.01820005625
0.01820005625
0.01820005625
0.01820005625
0.01820005625
0.01820005625
0.01820005625
0.01820005625
0.01820005625
0.01820005625
0.01820005625
0.01820005625
0.01820005625
0.01820005625
0.01820005625
0.01820005625
0.01820005625
0.01820005625
0.01820005625
0.01820005625
0.01820005625
0.01820005625
0.01820005625
0.01820005625
0.01820005625
0.01820005625
0.01820005625
0.01820005625
0.01820005625
0.01820005625
0.01820005625
0.01820005625
0.01820005625
0.01820005625
0.01820005625
0.01820005625
0.01820005625
0.01820005625
0.01820005625
0.01820005625
0.01820005625
0.01820005625
0.01820005625
0.01820005625
0.01820005625
0.01820005625
0.01820005625
0.01820005625
0.01820005625
0.01820005625
0.01820005625
0.01820005625
0.01820005625
0.01820005625
0.01820005625
0.01820005625
0.01820005625
0.01820005625
0.01820005625
0.01820005625
0.01820005625
0.01820005625
0.01820005625
0.01820005625
0.01820005625
0.01820005625
0.01820005625
0.01820005626
0.01820005626
0.01820005626
0.01820005626
0.01820005626
0.01820005626
0.01820005626
0.01820005626
0.01820005626
0.01820005626
0.01820005626
0.01820005626
0.01820005626
0.01820005626
0.01820005626
0.01820005626
0.01820005626
0.01820005626
0.01820005626
0.01820005626
0.01820005626
0.01820005626
0.01820005626
0.01820005626
0.01820005626
0.01820005626
0.01820005626
0.01820005626
0.01820005626
0.01820005626
0.01820005626
0.01820005626
0.01820005626
0.01820005626
0.01820005626
0.01820005626
0.01820005626
0.01820005626
0.01820005626
0.01820005626
0.01820005626
0.01820005626
0.01820005626
0.01820005626
0.01820005626
0.01820005626
0.01820005626
0.01820005626
0.01820005626
0.01820005626
0.01820005626
0.01820005626
0.01820005626
0.01820005626
0.01820005626
0.01820005626
0.01820005626
0.01820005626
0.01820005626
0.01820005626
0.01820005626
0.01820005626
0.01820005626
0.01820005626
0.01820005626
0.01820005626
0.01820005626
0.01820005626
0.01820005626
0.01820005626
0.01820005626
0.01820005626
0.01820005626
0.01820005626
0.06947577737
0.07161565115
0.07325542777
0.07503630268
0.07697666422
0.07908988943
0.08138926359
0.08388912929
0.08660574446
0.0895582744
0.09276978899
0.09626686359
0.1000708677
0.1041485914
0.1081614375
0.1102900051
0.1039045514
0.07729914513
0.03446030316
0.01820531425
0.01820011527
0.01820005631
0.01820005626
0.01820005625
0.01820005625
0.01820005625
0.01820005625
0.01820005625
0.01820005625
0.01820005625
0.01820005625
0.01820005625
0.01820005625
0.01820005625
0.01820005625
0.01820005625
0.01820005625
0.01820005625
0.01820005625
0.01820005625
0.01820005625
0.01820005625
0.01820005625
0.01820005625
0.01820005625
0.01820005625
0.01820005625
0.01820005625
0.01820005625
0.01820005625
0.01820005625
0.01820005625
0.01820005625
0.01820005625
0.01820005625
0.01820005625
0.01820005625
0.01820005625
0.01820005625
0.01820005625
0.01820005625
0.01820005625
0.01820005625
0.01820005625
0.01820005625
0.01820005625
0.01820005625
0.01820005625
0.01820005625
0.01820005625
0.01820005625
0.01820005625
0.01820005625
0.01820005625
0.01820005625
0.01820005625
0.01820005625
0.01820005625
0.01820005625
0.01820005625
0.01820005625
0.01820005625
0.01820005625
0.01820005625
0.01820005625
0.01820005625
0.01820005625
0.01820005625
0.01820005625
0.01820005625
0.01820005625
0.01820005625
0.01820005625
0.01820005625
0.01820005625
0.01820005625
0.01820005625
0.01820005625
0.01820005625
0.01820005625
0.01820005625
0.01820005625
0.01820005625
0.01820005625
0.01820005625
0.01820005625
0.01820005625
0.01820005625
0.01820005625
0.01820005625
0.01820005625
0.01820005625
0.01820005625
0.01820005625
0.01820005625
0.01820005625
0.01820005625
0.01820005625
0.01820005625
0.01820005625
0.01820005625
0.01820005625
0.01820005625
0.01820005625
0.01820005625
0.01820005625
0.01820005626
0.01820005626
0.01820005626
0.01820005626
0.01820005626
0.01820005626
0.01820005626
0.01820005626
0.01820005626
0.01820005626
0.01820005626
0.01820005626
0.01820005626
0.01820005626
0.01820005626
0.01820005626
0.01820005626
0.01820005626
0.01820005626
0.01820005626
0.01820005626
0.01820005626
0.01820005626
0.01820005626
0.01820005626
0.01820005626
0.01820005626
0.01820005626
0.01820005626
0.01820005626
0.01820005626
0.01820005626
0.01820005626
0.01820005626
0.01820005626
0.01820005626
0.01820005626
0.01820005626
0.01820005626
0.01820005626
0.01820005626
0.01820005626
0.01820005626
0.01820005626
0.01820005626
0.01820005626
0.01820005626
0.01820005626
0.01820005626
0.01820005626
0.01820005626
0.01820005626
0.01820005626
0.01820005626
0.01820005626
0.01820005626
0.01820005626
0.01820005626
0.01820005626
0.01820005626
0.01820005626
0.01820005626
0.01820005626
0.01820005626
0.01820005626
0.01820005626
0.01820005626
0.01820005626
0.01820005626
0.01820005626
0.01820005626
0.01820005626
0.01820005626
0.01820005626
0.06882063034
0.07097876793
0.07262011751
0.07440087387
0.07633951874
0.0784494748
0.08074416601
0.08323816469
0.08594809561
0.08889362955
0.09209836238
0.09558919552
0.09938809617
0.1034684729
0.107538775
0.1100257224
0.1049961362
0.08093492494
0.0389570026
0.01820713483
0.01820013516
0.01820005634
0.01820005626
0.01820005625
0.01820005625
0.01820005625
0.01820005625
0.01820005625
0.01820005625
0.01820005625
0.01820005625
0.01820005625
0.01820005625
0.01820005625
0.01820005625
0.01820005625
0.01820005625
0.01820005625
0.01820005625
0.01820005625
0.01820005625
0.01820005625
0.01820005625
0.01820005625
0.01820005625
0.01820005625
0.01820005625
0.01820005625
0.01820005625
0.01820005625
0.01820005625
0.01820005625
0.01820005625
0.01820005625
0.01820005625
0.01820005625
0.01820005625
0.01820005625
0.01820005625
0.01820005625
0.01820005625
0.01820005625
0.01820005625
0.01820005625
0.01820005625
0.01820005625
0.01820005625
0.01820005625
0.01820005625
0.01820005625
0.01820005625
0.01820005625
0.01820005625
0.01820005625
0.01820005625
0.01820005625
0.01820005625
0.01820005625
0.01820005625
0.01820005625
0.01820005625
0.01820005625
0.01820005625
0.01820005625
0.01820005625
0.01820005625
0.01820005625
0.01820005625
0.01820005625
0.01820005625
0.01820005625
0.01820005625
0.01820005625
0.01820005625
0.01820005625
0.01820005625
0.01820005625
0.01820005625
0.01820005625
0.01820005625
0.01820005625
0.01820005625
0.01820005625
0.01820005625
0.01820005625
0.01820005625
0.01820005625
0.01820005625
0.01820005625
0.01820005625
0.01820005625
0.01820005625
0.01820005625
0.01820005625
0.01820005625
0.01820005625
0.01820005625
0.01820005625
0.01820005625
0.01820005625
0.01820005625
0.01820005625
0.01820005625
0.01820005625
0.01820005625
0.01820005626
0.01820005626
0.01820005626
0.01820005626
0.01820005626
0.01820005626
0.01820005626
0.01820005626
0.01820005626
0.01820005626
0.01820005626
0.01820005626
0.01820005626
0.01820005626
0.01820005626
0.01820005626
0.01820005626
0.01820005626
0.01820005626
0.01820005626
0.01820005626
0.01820005626
0.01820005626
0.01820005626
0.01820005626
0.01820005626
0.01820005626
0.01820005626
0.01820005626
0.01820005626
0.01820005626
0.01820005626
0.01820005626
0.01820005626
0.01820005626
0.01820005626
0.01820005626
0.01820005626
0.01820005626
0.01820005626
0.01820005626
0.01820005626
0.01820005626
0.01820005626
0.01820005626
0.01820005626
0.01820005626
0.01820005626
0.01820005626
0.01820005626
0.01820005626
0.01820005626
0.01820005626
0.01820005626
0.01820005626
0.01820005626
0.01820005626
0.01820005626
0.01820005626
0.01820005626
0.01820005626
0.01820005626
0.01820005626
0.01820005626
0.01820005626
0.01820005626
0.01820005626
0.01820005626
0.01820005626
0.01820005626
0.01820005626
0.01820005626
0.01820005626
0.01820005626
0.01820005626
0.06816701413
0.07034294787
0.07198558826
0.07376585423
0.07570245251
0.07780877501
0.08009841791
0.08258620241
0.08528909502
0.08822714804
0.09142420687
0.09490708503
0.09869792243
0.1027760913
0.1068925228
0.1096961579
0.1059222563
0.08444846049
0.043841521
0.01820917209
0.01820015661
0.01820005638
0.01820005626
0.01820005625
0.01820005625
0.01820005625
0.01820005625
0.01820005625
0.01820005625
0.01820005625
0.01820005625
0.01820005625
0.01820005625
0.01820005625
0.01820005625
0.01820005625
0.01820005625
0.01820005625
0.01820005625
0.01820005625
0.01820005625
0.01820005625
0.01820005625
0.01820005625
0.01820005625
0.01820005625
0.01820005625
0.01820005625
0.01820005625
0.01820005625
0.01820005625
0.01820005625
0.01820005625
0.01820005625
0.01820005625
0.01820005625
0.01820005625
0.01820005625
0.01820005625
0.01820005625
0.01820005625
0.01820005625
0.01820005625
0.01820005625
0.01820005625
0.01820005625
0.01820005625
0.01820005625
0.01820005625
0.01820005625
0.01820005625
0.01820005625
0.01820005625
0.01820005625
0.01820005625
0.01820005625
0.01820005625
0.01820005625
0.01820005625
0.01820005625
0.01820005625
0.01820005625
0.01820005625
0.01820005625
0.01820005625
0.01820005625
0.01820005625
0.01820005625
0.01820005625
0.01820005625
0.01820005625
0.01820005625
0.01820005625
0.01820005625
0.01820005625
0.01820005625
0.01820005625
0.01820005625
0.01820005625
0.01820005625
0.01820005625
0.01820005625
0.01820005625
0.01820005625
0.01820005625
0.01820005625
0.01820005625
0.01820005625
0.01820005625
0.01820005625
0.01820005625
0.01820005625
0.01820005625
0.01820005625
0.01820005625
0.01820005625
0.01820005625
0.01820005625
0.01820005625
0.01820005625
0.01820005625
0.01820005625
0.01820005625
0.01820005625
0.01820005625
0.01820005626
0.01820005626
0.01820005626
0.01820005626
0.01820005626
0.01820005626
0.01820005626
0.01820005626
0.01820005626
0.01820005626
0.01820005626
0.01820005626
0.01820005626
0.01820005626
0.01820005626
0.01820005626
0.01820005626
0.01820005626
0.01820005626
0.01820005626
0.01820005626
0.01820005626
0.01820005626
0.01820005626
0.01820005626
0.01820005626
0.01820005626
0.01820005626
0.01820005626
0.01820005626
0.01820005626
0.01820005626
0.01820005626
0.01820005626
0.01820005626
0.01820005626
0.01820005626
0.01820005626
0.01820005626
0.01820005626
0.01820005626
0.01820005626
0.01820005626
0.01820005626
0.01820005626
0.01820005626
0.01820005626
0.01820005626
0.01820005626
0.01820005626
0.01820005626
0.01820005626
0.01820005626
0.01820005626
0.01820005626
0.01820005626
0.01820005626
0.01820005626
0.01820005626
0.01820005626
0.01820005626
0.01820005626
0.01820005626
0.01820005626
0.01820005626
0.01820005626
0.01820005626
0.01820005626
0.01820005626
0.01820005626
0.01820005626
0.01820005626
0.01820005626
0.01820005626
0.01820005626
0.0675149966
0.06970825139
0.07135190638
0.07313134189
0.07506556725
0.07716791707
0.07945217201
0.08193339618
0.08462884102
0.08755879837
0.09074713304
0.09422034678
0.0980007401
0.1020737053
0.1062295546
0.1093178052
0.1067060158
0.08782281391
0.04907858615
0.01821141132
0.01820018318
0.01820005642
0.01820005626
0.01820005625
0.01820005625
0.01820005625
0.01820005625
0.01820005625
0.01820005625
0.01820005625
0.01820005625
0.01820005625
0.01820005625
0.01820005625
0.01820005625
0.01820005625
0.01820005625
0.01820005625
0.01820005625
0.01820005625
0.01820005625
0.01820005625
0.01820005625
0.01820005625
0.01820005625
0.01820005625
0.01820005625
0.01820005625
0.01820005625
0.01820005625
0.01820005625
0.01820005625
0.01820005625
0.01820005625
0.01820005625
0.01820005625
0.01820005625
0.01820005625
0.01820005625
0.01820005625
0.01820005625
0.01820005625
0.01820005625
0.01820005625
0.01820005625
0.01820005625
0.01820005625
0.01820005625
0.01820005625
0.01820005625
0.01820005625
0.01820005625
0.01820005625
0.01820005625
0.01820005625
0.01820005625
0.01820005625
0.01820005625
0.01820005625
0.01820005625
0.01820005625
0.01820005625
0.01820005625
0.01820005625
0.01820005625
0.01820005625
0.01820005625
0.01820005625
0.01820005625
0.01820005625
0.01820005625
0.01820005625
0.01820005625
0.01820005625
0.01820005625
0.01820005625
0.01820005625
0.01820005625
0.01820005625
0.01820005625
0.01820005625
0.01820005625
0.01820005625
0.01820005625
0.01820005625
0.01820005625
0.01820005625
0.01820005625
0.01820005625
0.01820005625
0.01820005625
0.01820005625
0.01820005625
0.01820005625
0.01820005625
0.01820005625
0.01820005625
0.01820005625
0.01820005625
0.01820005625
0.01820005625
0.01820005625
0.01820005625
0.01820005625
0.01820005625
0.01820005626
0.01820005626
0.01820005626
0.01820005626
0.01820005626
0.01820005626
0.01820005626
0.01820005626
0.01820005626
0.01820005626
0.01820005626
0.01820005626
0.01820005626
0.01820005626
0.01820005626
0.01820005626
0.01820005626
0.01820005626
0.01820005626
0.01820005626
0.01820005626
0.01820005626
0.01820005626
0.01820005626
0.01820005626
0.01820005626
0.01820005626
0.01820005626
0.01820005626
0.01820005626
0.01820005626
0.01820005626
0.01820005626
0.01820005626
0.01820005626
0.01820005626
0.01820005626
0.01820005626
0.01820005626
0.01820005626
0.01820005626
0.01820005626
0.01820005626
0.01820005626
0.01820005626
0.01820005626
0.01820005626
0.01820005626
0.01820005626
0.01820005626
0.01820005626
0.01820005626
0.01820005626
0.01820005626
0.01820005626
0.01820005626
0.01820005626
0.01820005626
0.01820005626
0.01820005626
0.01820005626
0.01820005626
0.01820005626
0.01820005626
0.01820005626
0.01820005626
0.01820005626
0.01820005626
0.01820005626
0.01820005626
0.01820005626
0.01820005626
0.01820005626
0.01820005626
0.01820005626
0.06686464349
0.06907474246
0.07071914385
0.07249743398
0.07442897298
0.07652702865
0.0788055651
0.081279864
0.08396738916
0.08688854204
0.09006705867
0.0935290997
0.09729741279
0.1013637716
0.1055550846
0.108898059
0.1073399885
0.09092012631
0.05395882377
0.0190547089
0.01820029958
0.01820005758
0.01820005626
0.01820005625
0.01820005625
0.01820005625
0.01820005625
0.01820005625
0.01820005625
0.01820005625
0.01820005625
0.01820005625
0.01820005625
0.01820005625
0.01820005625
0.01820005625
0.01820005625
0.01820005625
0.01820005625
0.01820005625
0.01820005625
0.01820005625
0.01820005625
0.01820005625
0.01820005625
0.01820005625
0.01820005625
0.01820005625
0.01820005625
0.01820005625
0.01820005625
0.01820005625
0.01820005625
0.01820005625
0.01820005625
0.01820005625
0.01820005625
0.01820005625
0.01820005625
0.01820005625
0.01820005625
0.01820005625
0.01820005625
0.01820005625
0.01820005625
0.01820005625
0.01820005625
0.01820005625
0.01820005625
0.01820005625
0.01820005625
0.01820005625
0.01820005625
0.01820005625
0.01820005625
0.01820005625
0.01820005625
0.01820005625
0.01820005625
0.01820005625
0.01820005625
0.01820005625
0.01820005625
0.01820005625
0.01820005625
0.01820005625
0.01820005625
0.01820005625
0.01820005625
0.01820005625
0.01820005625
0.01820005625
0.01820005625
0.01820005625
0.01820005625
0.01820005625
0.01820005625
0.01820005625
0.01820005625
0.01820005625
0.01820005625
0.01820005625
0.01820005625
0.01820005625
0.01820005625
0.01820005625
0.01820005625
0.01820005625
0.01820005625
0.01820005625
0.01820005625
0.01820005625
0.01820005625
0.01820005625
0.01820005625
0.01820005625
0.01820005625
0.01820005625
0.01820005625
0.01820005625
0.01820005625
0.01820005625
0.01820005625
0.01820005625
0.01820005626
0.01820005626
0.01820005626
0.01820005626
0.01820005626
0.01820005626
0.01820005626
0.01820005626
0.01820005626
0.01820005626
0.01820005626
0.01820005626
0.01820005626
0.01820005626
0.01820005626
0.01820005626
0.01820005626
0.01820005626
0.01820005626
0.01820005626
0.01820005626
0.01820005626
0.01820005626
0.01820005626
0.01820005626
0.01820005626
0.01820005626
0.01820005626
0.01820005626
0.01820005626
0.01820005626
0.01820005626
0.01820005626
0.01820005626
0.01820005626
0.01820005626
0.01820005626
0.01820005626
0.01820005626
0.01820005626
0.01820005626
0.01820005626
0.01820005626
0.01820005626
0.01820005626
0.01820005626
0.01820005626
0.01820005626
0.01820005626
0.01820005626
0.01820005626
0.01820005626
0.01820005626
0.01820005626
0.01820005626
0.01820005626
0.01820005626
0.01820005626
0.01820005626
0.01820005626
0.01820005626
0.01820005626
0.01820005626
0.01820005626
0.01820005626
0.01820005626
0.01820005626
0.01820005626
0.01820005626
0.01820005626
0.01820005626
0.01820005626
0.01820005626
0.01820005626
0.01820005626
0.01820005626
0.06621601501
0.06844248685
0.07008737807
0.0718642719
0.0737927487
0.07588622299
0.07815871361
0.08062569676
0.08330477909
0.08621637573
0.0893840376
0.09283370444
0.09658897897
0.1006482425
0.1048714599
0.1084381027
0.1078132777
0.09367701114
0.05854421767
0.02075150918
0.01820062231
0.01820006125
0.01820005626
0.01820005625
0.01820005625
0.01820005625
0.01820005625
0.01820005625
0.01820005625
0.01820005625
0.01820005625
0.01820005625
0.01820005625
0.01820005625
0.01820005625
0.01820005625
0.01820005625
0.01820005625
0.01820005625
0.01820005625
0.01820005625
0.01820005625
0.01820005625
0.01820005625
0.01820005625
0.01820005625
0.01820005625
0.01820005625
0.01820005625
0.01820005625
0.01820005625
0.01820005625
0.01820005625
0.01820005625
0.01820005625
0.01820005625
0.01820005625
0.01820005625
0.01820005625
0.01820005625
0.01820005625
0.01820005625
0.01820005625
0.01820005625
0.01820005625
0.01820005625
0.01820005625
0.01820005625
0.01820005625
0.01820005625
0.01820005625
0.01820005625
0.01820005625
0.01820005625
0.01820005625
0.01820005625
0.01820005625
0.01820005625
0.01820005625
0.01820005625
0.01820005625
0.01820005625
0.01820005625
0.01820005625
0.01820005625
0.01820005625
0.01820005625
0.01820005625
0.01820005625
0.01820005625
0.01820005625
0.01820005625
0.01820005625
0.01820005625
0.01820005625
0.01820005625
0.01820005625
0.01820005625
0.01820005625
0.01820005625
0.01820005625
0.01820005625
0.01820005625
0.01820005625
0.01820005625
0.01820005625
0.01820005625
0.01820005625
0.01820005625
0.01820005625
0.01820005625
0.01820005625
0.01820005625
0.01820005625
0.01820005625
0.01820005625
0.01820005625
0.01820005625
0.01820005625
0.01820005625
0.01820005625
0.01820005625
0.01820005625
0.01820005625
0.01820005626
0.01820005626
0.01820005626
0.01820005626
0.01820005626
0.01820005626
0.01820005626
0.01820005626
0.01820005626
0.01820005626
0.01820005626
0.01820005626
0.01820005626
0.01820005626
0.01820005626
0.01820005626
0.01820005626
0.01820005626
0.01820005626
0.01820005626
0.01820005626
0.01820005626
0.01820005626
0.01820005626
0.01820005626
0.01820005626
0.01820005626
0.01820005626
0.01820005626
0.01820005626
0.01820005626
0.01820005626
0.01820005626
0.01820005626
0.01820005626
0.01820005626
0.01820005626
0.01820005626
0.01820005626
0.01820005626
0.01820005626
0.01820005626
0.01820005626
0.01820005626
0.01820005626
0.01820005626
0.01820005626
0.01820005626
0.01820005626
0.01820005626
0.01820005626
0.01820005626
0.01820005626
0.01820005626
0.01820005626
0.01820005626
0.01820005626
0.01820005626
0.01820005626
0.01820005626
0.01820005626
0.01820005626
0.01820005626
0.01820005626
0.01820005626
0.01820005626
0.01820005626
0.01820005626
0.01820005626
0.01820005626
0.01820005626
0.01820005626
0.01820005626
0.01820005626
0.01820005626
0.01820005626
0.06556917516
0.06781155306
0.06945668816
0.07123194178
0.07315701662
0.07524561188
0.07751171954
0.07997097123
0.0826410576
0.08554235344
0.08869824571
0.09213464939
0.09587637761
0.09992824032
0.1041788958
0.1079366173
0.1081227434
0.0960834097
0.06294005672
0.0232089613
0.01820123028
0.0182000684
0.01820005626
0.01820005625
0.01820005625
0.01820005625
0.01820005625
0.01820005625
0.01820005625
0.01820005625
0.01820005625
0.01820005625
0.01820005625
0.01820005625
0.01820005625
0.01820005625
0.01820005625
0.01820005625
0.01820005625
0.01820005625
0.01820005625
0.01820005625
0.01820005625
0.01820005625
0.01820005625
0.01820005625
0.01820005625
0.01820005625
0.01820005625
0.01820005625
0.01820005625
0.01820005625
0.01820005625
0.01820005625
0.01820005625
0.01820005625
0.01820005625
0.01820005625
0.01820005625
0.01820005625
0.01820005625
0.01820005625
0.01820005625
0.01820005625
0.01820005625
0.01820005625
0.01820005625
0.01820005625
0.01820005625
0.01820005625
0.01820005625
0.01820005625
0.01820005625
0.01820005625
0.01820005625
0.01820005625
0.01820005625
0.01820005625
0.01820005625
0.01820005625
0.01820005625
0.01820005625
0.01820005625
0.01820005625
0.01820005625
0.01820005625
0.01820005625
0.01820005625
0.01820005625
0.01820005625
0.01820005625
0.01820005625
0.01820005625
0.01820005625
0.01820005625
0.01820005625
0.01820005625
0.01820005625
0.01820005625
0.01820005625
0.01820005625
0.01820005625
0.01820005625
0.01820005625
0.01820005625
0.01820005625
0.01820005625
0.01820005625
0.01820005625
0.01820005625
0.01820005625
0.01820005625
0.01820005625
0.01820005625
0.01820005625
0.01820005625
0.01820005625
0.01820005625
0.01820005625
0.01820005625
0.01820005625
0.01820005625
0.01820005625
0.01820005625
0.01820005626
0.01820005626
0.01820005626
0.01820005626
0.01820005626
0.01820005626
0.01820005626
0.01820005626
0.01820005626
0.01820005626
0.01820005626
0.01820005626
0.01820005626
0.01820005626
0.01820005626
0.01820005626
0.01820005626
0.01820005626
0.01820005626
0.01820005626
0.01820005626
0.01820005626
0.01820005626
0.01820005626
0.01820005626
0.01820005626
0.01820005626
0.01820005626
0.01820005626
0.01820005626
0.01820005626
0.01820005626
0.01820005626
0.01820005626
0.01820005626
0.01820005626
0.01820005626
0.01820005626
0.01820005626
0.01820005626
0.01820005626
0.01820005626
0.01820005626
0.01820005626
0.01820005626
0.01820005626
0.01820005626
0.01820005626
0.01820005626
0.01820005626
0.01820005626
0.01820005626
0.01820005626
0.01820005626
0.01820005626
0.01820005626
0.01820005626
0.01820005626
0.01820005626
0.01820005626
0.01820005626
0.01820005626
0.01820005626
0.01820005626
0.01820005626
0.01820005626
0.01820005626
0.01820005626
0.01820005626
0.01820005626
0.01820005626
0.01820005626
0.01820005626
0.01820005626
0.01820005626
0.01820005626
0.06492418691
0.06718201113
0.0688271539
0.07060052808
0.0725218889
0.07460530064
0.07686467584
0.07931576238
0.08197629332
0.08486658824
0.08800993938
0.09143243322
0.09516028025
0.09920408561
0.103476425
0.1073925899
0.1082744366
0.09815579077
0.06719958015
0.02634824361
0.01820215868
0.01820007946
0.01820005627
0.01820005625
0.01820005625
0.01820005625
0.01820005625
0.01820005625
0.01820005625
0.01820005625
0.01820005625
0.01820005625
0.01820005625
0.01820005625
0.01820005625
0.01820005625
0.01820005625
0.01820005625
0.01820005625
0.01820005625
0.01820005625
0.01820005625
0.01820005625
0.01820005625
0.01820005625
0.01820005625
0.01820005625
0.01820005625
0.01820005625
0.01820005625
0.01820005625
0.01820005625
0.01820005625
0.01820005625
0.01820005625
0.01820005625
0.01820005625
0.01820005625
0.01820005625
0.01820005625
0.01820005625
0.01820005625
0.01820005625
0.01820005625
0.01820005625
0.01820005625
0.01820005625
0.01820005625
0.01820005625
0.01820005625
0.01820005625
0.01820005625
0.01820005625
0.01820005625
0.01820005625
0.01820005625
0.01820005625
0.01820005625
0.01820005625
0.01820005625
0.01820005625
0.01820005625
0.01820005625
0.01820005625
0.01820005625
0.01820005625
0.01820005625
0.01820005625
0.01820005625
0.01820005625
0.01820005625
0.01820005625
0.01820005625
0.01820005625
0.01820005625
0.01820005625
0.01820005625
0.01820005625
0.01820005625
0.01820005625
0.01820005625
0.01820005625
0.01820005625
0.01820005625
0.01820005625
0.01820005625
0.01820005625
0.01820005625
0.01820005625
0.01820005625
0.01820005625
0.01820005625
0.01820005625
0.01820005625
0.01820005625
0.01820005625
0.01820005625
0.01820005625
0.01820005625
0.01820005625
0.01820005625
0.01820005625
0.01820005625
0.01820005625
0.01820005625
0.01820005626
0.01820005626
0.01820005626
0.01820005626
0.01820005626
0.01820005626
0.01820005626
0.01820005626
0.01820005626
0.01820005626
0.01820005626
0.01820005626
0.01820005626
0.01820005626
0.01820005626
0.01820005626
0.01820005626
0.01820005626
0.01820005626
0.01820005626
0.01820005626
0.01820005626
0.01820005626
0.01820005626
0.01820005626
0.01820005626
0.01820005626
0.01820005626
0.01820005626
0.01820005626
0.01820005626
0.01820005626
0.01820005626
0.01820005626
0.01820005626
0.01820005626
0.01820005626
0.01820005626
0.01820005626
0.01820005626
0.01820005626
0.01820005626
0.01820005626
0.01820005626
0.01820005626
0.01820005626
0.01820005626
0.01820005626
0.01820005626
0.01820005626
0.01820005626
0.01820005626
0.01820005626
0.01820005626
0.01820005626
0.01820005626
0.01820005626
0.01820005626
0.01820005626
0.01820005626
0.01820005626
0.01820005626
0.01820005626
0.01820005626
0.01820005626
0.01820005626
0.01820005626
0.01820005626
0.01820005626
0.01820005626
0.01820005626
0.01820005626
0.01820005626
0.01820005626
0.01820005626
0.06428111548
0.06655393217
0.06819885454
0.06997011588
0.07188750723
0.07396535828
0.07621766418
0.07866014984
0.08131058118
0.08418923886
0.08731940522
0.0907274781
0.0944410455
0.0984755388
0.1027628205
0.106806756
0.1082818742
0.09992351108
0.07134253589
0.03010251753
0.01820341445
0.01820009431
0.01820005629
0.01820005625
0.01820005625
0.01820005625
0.01820005625
0.01820005625
0.01820005625
0.01820005625
0.01820005625
0.01820005625
0.01820005625
0.01820005625
0.01820005625
0.01820005625
0.01820005625
0.01820005625
0.01820005625
0.01820005625
0.01820005625
0.01820005625
0.01820005625
0.01820005625
0.01820005625
0.01820005625
0.01820005625
0.01820005625
0.01820005625
0.01820005625
0.01820005625
0.01820005625
0.01820005625
0.01820005625
0.01820005625
0.01820005625
0.01820005625
0.01820005625
0.01820005625
0.01820005625
0.01820005625
0.01820005625
0.01820005625
0.01820005625
0.01820005625
0.01820005625
0.01820005625
0.01820005625
0.01820005625
0.01820005625
0.01820005625
0.01820005625
0.01820005625
0.01820005625
0.01820005625
0.01820005625
0.01820005625
0.01820005625
0.01820005625
0.01820005625
0.01820005625
0.01820005625
0.01820005625
0.01820005625
0.01820005625
0.01820005625
0.01820005625
0.01820005625
0.01820005625
0.01820005625
0.01820005625
0.01820005625
0.01820005625
0.01820005625
0.01820005625
0.01820005625
0.01820005625
0.01820005625
0.01820005625
0.01820005625
0.01820005625
0.01820005625
0.01820005625
0.01820005625
0.01820005625
0.01820005625
0.01820005625
0.01820005625
0.01820005625
0.01820005625
0.01820005625
0.01820005625
0.01820005625
0.01820005625
0.01820005625
0.01820005625
0.01820005625
0.01820005625
0.01820005625
0.01820005625
0.01820005625
0.01820005625
0.01820005625
0.01820005625
0.01820005625
0.01820005626
0.01820005626
0.01820005626
0.01820005626
0.01820005626
0.01820005626
0.01820005626
0.01820005626
0.01820005626
0.01820005626
0.01820005626
0.01820005626
0.01820005626
0.01820005626
0.01820005626
0.01820005626
0.01820005626
0.01820005626
0.01820005626
0.01820005626
0.01820005626
0.01820005626
0.01820005626
0.01820005626
0.01820005626
0.01820005626
0.01820005626
0.01820005626
0.01820005626
0.01820005626
0.01820005626
0.01820005626
0.01820005626
0.01820005626
0.01820005626
0.01820005626
0.01820005626
0.01820005626
0.01820005626
0.01820005626
0.01820005626
0.01820005626
0.01820005626
0.01820005626
0.01820005626
0.01820005626
0.01820005626
0.01820005626
0.01820005626
0.01820005626
0.01820005626
0.01820005626
0.01820005626
0.01820005626
0.01820005626
0.01820005626
0.01820005626
0.01820005626
0.01820005626
0.01820005626
0.01820005626
0.01820005626
0.01820005626
0.01820005626
0.01820005626
0.01820005626
0.01820005626
0.01820005626
0.01820005626
0.01820005626
0.01820005626
0.01820005626
0.01820005626
0.01820005626
0.01820005626
0.06364002805
0.06592738794
0.06757186848
0.06934078837
0.07125396296
0.07332588561
0.07557077132
0.07800422449
0.08064404
0.0835104895
0.08662691714
0.09002008824
0.09371877043
0.09774211776
0.1020372719
0.1061820023
0.1081633888
0.1014209302
0.07536831587
0.03441435122
0.01820498692
0.01820011253
0.01820005631
0.01820005626
0.01820005625
0.01820005625
0.01820005625
0.01820005625
0.01820005625
0.01820005625
0.01820005625
0.01820005625
0.01820005625
0.01820005625
0.01820005625
0.01820005625
0.01820005625
0.01820005625
0.01820005625
0.01820005625
0.01820005625
0.01820005625
0.01820005625
0.01820005625
0.01820005625
0.01820005625
0.01820005625
0.01820005625
0.01820005625
0.01820005625
0.01820005625
0.01820005625
0.01820005625
0.01820005625
0.01820005625
0.01820005625
0.01820005625
0.01820005625
0.01820005625
0.01820005625
0.01820005625
0.01820005625
0.01820005625
0.01820005625
0.01820005625
0.01820005625
0.01820005625
0.01820005625
0.01820005625
0.01820005625
0.01820005625
0.01820005625
0.01820005625
0.01820005625
0.01820005625
0.01820005625
0.01820005625
0.01820005625
0.01820005625
0.01820005625
0.01820005625
0.01820005625
0.01820005625
0.01820005625
0.01820005625
0.01820005625
0.01820005625
0.01820005625
0.01820005625
0.01820005625
0.01820005625
0.01820005625
0.01820005625
0.01820005625
0.01820005625
0.01820005625
0.01820005625
0.01820005625
0.01820005625
0.01820005625
0.01820005625
0.01820005625
0.01820005625
0.01820005625
0.01820005625
0.01820005625
0.01820005625
0.01820005625
0.01820005625
0.01820005625
0.01820005625
0.01820005625
0.01820005625
0.01820005625
0.01820005625
0.01820005625
0.01820005625
0.01820005625
0.01820005625
0.01820005625
0.01820005625
0.01820005625
0.01820005625
0.01820005625
0.01820005625
0.01820005626
0.01820005626
0.01820005626
0.01820005626
0.01820005626
0.01820005626
0.01820005626
0.01820005626
0.01820005626
0.01820005626
0.01820005626
0.01820005626
0.01820005626
0.01820005626
0.01820005626
0.01820005626
0.01820005626
0.01820005626
0.01820005626
0.01820005626
0.01820005626
0.01820005626
0.01820005626
0.01820005626
0.01820005626
0.01820005626
0.01820005626
0.01820005626
0.01820005626
0.01820005626
0.01820005626
0.01820005626
0.01820005626
0.01820005626
0.01820005626
0.01820005626
0.01820005626
0.01820005626
0.01820005626
0.01820005626
0.01820005626
0.01820005626
0.01820005626
0.01820005626
0.01820005626
0.01820005626
0.01820005626
0.01820005626
0.01820005626
0.01820005626
0.01820005626
0.01820005626
0.01820005626
0.01820005626
0.01820005626
0.01820005626
0.01820005626
0.01820005626
0.01820005626
0.01820005626
0.01820005626
0.01820005626
0.01820005626
0.01820005626
0.01820005626
0.01820005626
0.01820005626
0.01820005626
0.01820005626
0.01820005626
0.01820005626
0.01820005626
0.01820005626
0.01820005626
0.01820005626
0.06300099279
0.06530245032
0.06694627272
0.06871262595
0.07062133468
0.07268698311
0.07492409037
0.07734808958
0.07997680533
0.08283052954
0.08593270966
0.08931045175
0.09299339812
0.09700339212
0.1012997595
0.1055231086
0.1079394898
0.1026826402
0.07926504291
0.03923331206
0.01820685275
0.01820013351
0.01820005633
0.01820005626
0.01820005625
0.01820005625
0.01820005625
0.01820005625
0.01820005625
0.01820005625
0.01820005625
0.01820005625
0.01820005625
0.01820005625
0.01820005625
0.01820005625
0.01820005625
0.01820005625
0.01820005625
0.01820005625
0.01820005625
0.01820005625
0.01820005625
0.01820005625
0.01820005625
0.01820005625
0.01820005625
0.01820005625
0.01820005625
0.01820005625
0.01820005625
0.01820005625
0.01820005625
0.01820005625
0.01820005625
0.01820005625
0.01820005625
0.01820005625
0.01820005625
0.01820005625
0.01820005625
0.01820005625
0.01820005625
0.01820005625
0.01820005625
0.01820005625
0.01820005625
0.01820005625
0.01820005625
0.01820005625
0.01820005625
0.01820005625
0.01820005625
0.01820005625
0.01820005625
0.01820005625
0.01820005625
0.01820005625
0.01820005625
0.01820005625
0.01820005625
0.01820005625
0.01820005625
0.01820005625
0.01820005625
0.01820005625
0.01820005625
0.01820005625
0.01820005625
0.01820005625
0.01820005625
0.01820005625
0.01820005625
0.01820005625
0.01820005625
0.01820005625
0.01820005625
0.01820005625
0.01820005625
0.01820005625
0.01820005625
0.01820005625
0.01820005625
0.01820005625
0.01820005625
0.01820005625
0.01820005625
0.01820005625
0.01820005625
0.01820005625
0.01820005625
0.01820005625
0.01820005625
0.01820005625
0.01820005625
0.01820005625
0.01820005625
0.01820005625
0.01820005625
0.01820005625
0.01820005625
0.01820005625
0.01820005625
0.01820005625
0.01820005625
0.01820005625
0.01820005626
0.01820005626
0.01820005626
0.01820005626
0.01820005626
0.01820005626
0.01820005626
0.01820005626
0.01820005626
0.01820005626
0.01820005626
0.01820005626
0.01820005626
0.01820005626
0.01820005626
0.01820005626
0.01820005626
0.01820005626
0.01820005626
0.01820005626
0.01820005626
0.01820005626
0.01820005626
0.01820005626
0.01820005626
0.01820005626
0.01820005626
0.01820005626
0.01820005626
0.01820005626
0.01820005626
0.01820005626
0.01820005626
0.01820005626
0.01820005626
0.01820005626
0.01820005626
0.01820005626
0.01820005626
0.01820005626
0.01820005626
0.01820005626
0.01820005626
0.01820005626
0.01820005626
0.01820005626
0.01820005626
0.01820005626
0.01820005626
0.01820005626
0.01820005626
0.01820005626
0.01820005626
0.01820005626
0.01820005626
0.01820005626
0.01820005626
0.01820005626
0.01820005626
0.01820005626
0.01820005626
0.01820005626
0.01820005626
0.01820005626
0.01820005626
0.01820005626
0.01820005626
0.01820005626
0.01820005626
0.01820005626
0.01820005626
0.01820005626
0.01820005626
0.01820005626
0.06236407793
0.06467919054
0.06632214244
0.06808570631
0.06998970108
0.07204879337
0.07427768341
0.07669184957
0.07930901822
0.08214953817
0.08523696973
0.08859867407
0.09226484167
0.09625919902
0.1005511606
0.104836159
0.1076307027
0.1037407891
0.08301581189
0.04451409554
0.01820898834
0.01820015886
0.01820005637
0.01820005626
0.01820005625
0.01820005625
0.01820005625
0.01820005625
0.01820005625
0.01820005625
0.01820005625
0.01820005625
0.01820005625
0.01820005625
0.01820005625
0.01820005625
0.01820005625
0.01820005625
0.01820005625
0.01820005625
0.01820005625
0.01820005625
0.01820005625
0.01820005625
0.01820005625
0.01820005625
0.01820005625
0.01820005625
0.01820005625
0.01820005625
0.01820005625
0.01820005625
0.01820005625
0.01820005625
0.01820005625
0.01820005625
0.01820005625
0.01820005625
0.01820005625
0.01820005625
0.01820005625
0.01820005625
0.01820005625
0.01820005625
0.01820005625
0.01820005625
0.01820005625
0.01820005625
0.01820005625
0.01820005625
0.01820005625
0.01820005625
0.01820005625
0.01820005625
0.01820005625
0.01820005625
0.01820005625
0.01820005625
0.01820005625
0.01820005625
0.01820005625
0.01820005625
0.01820005625
0.01820005625
0.01820005625
0.01820005625
0.01820005625
0.01820005625
0.01820005625
0.01820005625
0.01820005625
0.01820005625
0.01820005625
0.01820005625
0.01820005625
0.01820005625
0.01820005625
0.01820005625
0.01820005625
0.01820005625
0.01820005625
0.01820005625
0.01820005625
0.01820005625
0.01820005625
0.01820005625
0.01820005625
0.01820005625
0.01820005625
0.01820005625
0.01820005625
0.01820005625
0.01820005625
0.01820005625
0.01820005625
0.01820005625
0.01820005625
0.01820005625
0.01820005625
0.01820005625
0.01820005625
0.01820005625
0.01820005625
0.01820005625
0.01820005625
0.01820005625
0.01820005625
0.01820005626
0.01820005626
0.01820005626
0.01820005626
0.01820005626
0.01820005626
0.01820005626
0.01820005626
0.01820005626
0.01820005626
0.01820005626
0.01820005626
0.01820005626
0.01820005626
0.01820005626
0.01820005626
0.01820005626
0.01820005626
0.01820005626
0.01820005626
0.01820005626
0.01820005626
0.01820005626
0.01820005626
0.01820005626
0.01820005626
0.01820005626
0.01820005626
0.01820005626
0.01820005626
0.01820005626
0.01820005626
0.01820005626
0.01820005626
0.01820005626
0.01820005626
0.01820005626
0.01820005626
0.01820005626
0.01820005626
0.01820005626
0.01820005626
0.01820005626
0.01820005626
0.01820005626
0.01820005626
0.01820005626
0.01820005626
0.01820005626
0.01820005626
0.01820005626
0.01820005626
0.01820005626
0.01820005626
0.01820005626
0.01820005626
0.01820005626
0.01820005626
0.01820005626
0.01820005626
0.01820005626
0.01820005626
0.01820005626
0.01820005626
0.01820005626
0.01820005626
0.01820005626
0.01820005626
0.01820005626
0.01820005626
0.01820005626
0.01820005626
0.01820005626
0.06172935342
0.06405767945
0.06569955125
0.06746010536
0.06935914057
0.0714113968
0.07363166748
0.07603562147
0.07864082043
0.08146767744
0.08453984465
0.08788482551
0.09153308303
0.09550971988
0.0997930083
0.1041273639
0.1072526495
0.1046094429
0.08653214199
0.04981003168
0.018706389
0.01820023058
0.01820005704
0.01820005626
0.01820005625
0.01820005625
0.01820005625
0.01820005625
0.01820005625
0.01820005625
0.01820005625
0.01820005625
0.01820005625
0.01820005625
0.01820005625
0.01820005625
0.01820005625
0.01820005625
0.01820005625
0.01820005625
0.01820005625
0.01820005625
0.01820005625
0.01820005625
0.01820005625
0.01820005625
0.01820005625
0.01820005625
0.01820005625
0.01820005625
0.01820005625
0.01820005625
0.01820005625
0.01820005625
0.01820005625
0.01820005625
0.01820005625
0.01820005625
0.01820005625
0.01820005625
0.01820005625
0.01820005625
0.01820005625
0.01820005625
0.01820005625
0.01820005625
0.01820005625
0.01820005625
0.01820005625
0.01820005625
0.01820005625
0.01820005625
0.01820005625
0.01820005625
0.01820005625
0.01820005625
0.01820005625
0.01820005625
0.01820005625
0.01820005625
0.01820005625
0.01820005625
0.01820005625
0.01820005625
0.01820005625
0.01820005625
0.01820005625
0.01820005625
0.01820005625
0.01820005625
0.01820005625
0.01820005625
0.01820005625
0.01820005625
0.01820005625
0.01820005625
0.01820005625
0.01820005625
0.01820005625
0.01820005625
0.01820005625
0.01820005625
0.01820005625
0.01820005625
0.01820005625
0.01820005625
0.01820005625
0.01820005625
0.01820005625
0.01820005625
0.01820005625
0.01820005625
0.01820005625
0.01820005625
0.01820005625
0.01820005625
0.01820005625
0.01820005625
0.01820005625
0.01820005625
0.01820005625
0.01820005625
0.01820005625
0.01820005625
0.01820005625
0.01820005625
0.01820005625
0.01820005626
0.01820005626
0.01820005626
0.01820005626
0.01820005626
0.01820005626
0.01820005626
0.01820005626
0.01820005626
0.01820005626
0.01820005626
0.01820005626
0.01820005626
0.01820005626
0.01820005626
0.01820005626
0.01820005626
0.01820005626
0.01820005626
0.01820005626
0.01820005626
0.01820005626
0.01820005626
0.01820005626
0.01820005626
0.01820005626
0.01820005626
0.01820005626
0.01820005626
0.01820005626
0.01820005626
0.01820005626
0.01820005626
0.01820005626
0.01820005626
0.01820005626
0.01820005626
0.01820005626
0.01820005626
0.01820005626
0.01820005626
0.01820005626
0.01820005626
0.01820005626
0.01820005626
0.01820005626
0.01820005626
0.01820005626
0.01820005626
0.01820005626
0.01820005626
0.01820005626
0.01820005626
0.01820005626
0.01820005626
0.01820005626
0.01820005626
0.01820005626
0.01820005626
0.01820005626
0.01820005626
0.01820005626
0.01820005626
0.01820005626
0.01820005626
0.01820005626
0.01820005626
0.01820005626
0.01820005626
0.01820005626
0.01820005626
0.01820005626
0.01820005626
0.06109688856
0.06343798703
0.0650785714
0.06683589782
0.06872973105
0.07077487543
0.07298617389
0.07537951293
0.07797234676
0.08078509165
0.08384145782
0.08716898344
0.09079821995
0.09475541279
0.09902699776
0.1034013917
0.1068141706
0.1052867617
0.08971008435
0.05478030974
0.02013269918
0.01820046207
0.01820005969
0.01820005626
0.01820005625
0.01820005625
0.01820005625
0.01820005625
0.01820005625
0.01820005625
0.01820005625
0.01820005625
0.01820005625
0.01820005625
0.01820005625
0.01820005625
0.01820005625
0.01820005625
0.01820005625
0.01820005625
0.01820005625
0.01820005625
0.01820005625
0.01820005625
0.01820005625
0.01820005625
0.01820005625
0.01820005625
0.01820005625
0.01820005625
0.01820005625
0.01820005625
0.01820005625
0.01820005625
0.01820005625
0.01820005625
0.01820005625
0.01820005625
0.01820005625
0.01820005625
0.01820005625
0.01820005625
0.01820005625
0.01820005625
0.01820005625
0.01820005625
0.01820005625
0.01820005625
0.01820005625
0.01820005625
0.01820005625
0.01820005625
0.01820005625
0.01820005625
0.01820005625
0.01820005625
0.01820005625
0.01820005625
0.01820005625
0.01820005625
0.01820005625
0.01820005625
0.01820005625
0.01820005625
0.01820005625
0.01820005625
0.01820005625
0.01820005625
0.01820005625
0.01820005625
0.01820005625
0.01820005625
0.01820005625
0.01820005625
0.01820005625
0.01820005625
0.01820005625
0.01820005625
0.01820005625
0.01820005625
0.01820005625
0.01820005625
0.01820005625
0.01820005625
0.01820005625
0.01820005625
0.01820005625
0.01820005625
0.01820005625
0.01820005625
0.01820005625
0.01820005625
0.01820005625
0.01820005625
0.01820005625
0.01820005625
0.01820005625
0.01820005625
0.01820005625
0.01820005625
0.01820005625
0.01820005625
0.01820005625
0.01820005625
0.01820005625
0.01820005625
0.01820005625
0.01820005626
0.01820005626
0.01820005626
0.01820005626
0.01820005626
0.01820005626
0.01820005626
0.01820005626
0.01820005626
0.01820005626
0.01820005626
0.01820005626
0.01820005626
0.01820005626
0.01820005626
0.01820005626
0.01820005626
0.01820005626
0.01820005626
0.01820005626
0.01820005626
0.01820005626
0.01820005626
0.01820005626
0.01820005626
0.01820005626
0.01820005626
0.01820005626
0.01820005626
0.01820005626
0.01820005626
0.01820005626
0.01820005626
0.01820005626
0.01820005626
0.01820005626
0.01820005626
0.01820005626
0.01820005626
0.01820005626
0.01820005626
0.01820005626
0.01820005626
0.01820005626
0.01820005626
0.01820005626
0.01820005626
0.01820005626
0.01820005626
0.01820005626
0.01820005626
0.01820005626
0.01820005626
0.01820005626
0.01820005626
0.01820005626
0.01820005626
0.01820005626
0.01820005626
0.01820005626
0.01820005626
0.01820005626
0.01820005626
0.01820005626
0.01820005626
0.01820005626
0.01820005626
0.01820005626
0.01820005626
0.01820005626
0.01820005626
0.01820005626
0.01820005626
0.06046675147
0.06282018217
0.06445927385
0.06621315734
0.06810155027
0.070139314
0.07234133871
0.07472362724
0.07730372313
0.08010191142
0.08314192594
0.08645125848
0.09006046112
0.09399687026
0.09825456601
0.1026609392
0.1063199537
0.1057726981
0.09251367491
0.05953025263
0.0224120031
0.01820095644
0.01820006558
0.01820005626
0.01820005625
0.01820005625
0.01820005625
0.01820005625
0.01820005625
0.01820005625
0.01820005625
0.01820005625
0.01820005625
0.01820005625
0.01820005625
0.01820005625
0.01820005625
0.01820005625
0.01820005625
0.01820005625
0.01820005625
0.01820005625
0.01820005625
0.01820005625
0.01820005625
0.01820005625
0.01820005625
0.01820005625
0.01820005625
0.01820005625
0.01820005625
0.01820005625
0.01820005625
0.01820005625
0.01820005625
0.01820005625
0.01820005625
0.01820005625
0.01820005625
0.01820005625
0.01820005625
0.01820005625
0.01820005625
0.01820005625
0.01820005625
0.01820005625
0.01820005625
0.01820005625
0.01820005625
0.01820005625
0.01820005625
0.01820005625
0.01820005625
0.01820005625
0.01820005625
0.01820005625
0.01820005625
0.01820005625
0.01820005625
0.01820005625
0.01820005625
0.01820005625
0.01820005625
0.01820005625
0.01820005625
0.01820005625
0.01820005625
0.01820005625
0.01820005625
0.01820005625
0.01820005625
0.01820005625
0.01820005625
0.01820005625
0.01820005625
0.01820005625
0.01820005625
0.01820005625
0.01820005625
0.01820005625
0.01820005625
0.01820005625
0.01820005625
0.01820005625
0.01820005625
0.01820005625
0.01820005625
0.01820005625
0.01820005625
0.01820005625
0.01820005625
0.01820005625
0.01820005625
0.01820005625
0.01820005625
0.01820005625
0.01820005625
0.01820005625
0.01820005625
0.01820005625
0.01820005625
0.01820005625
0.01820005625
0.01820005625
0.01820005625
0.01820005625
0.01820005625
0.01820005626
0.01820005626
0.01820005626
0.01820005626
0.01820005626
0.01820005626
0.01820005626
0.01820005626
0.01820005626
0.01820005626
0.01820005626
0.01820005626
0.01820005626
0.01820005626
0.01820005626
0.01820005626
0.01820005626
0.01820005626
0.01820005626
0.01820005626
0.01820005626
0.01820005626
0.01820005626
0.01820005626
0.01820005626
0.01820005626
0.01820005626
0.01820005626
0.01820005626
0.01820005626
0.01820005626
0.01820005626
0.01820005626
0.01820005626
0.01820005626
0.01820005626
0.01820005626
0.01820005626
0.01820005626
0.01820005626
0.01820005626
0.01820005626
0.01820005626
0.01820005626
0.01820005626
0.01820005626
0.01820005626
0.01820005626
0.01820005626
0.01820005626
0.01820005626
0.01820005626
0.01820005626
0.01820005626
0.01820005626
0.01820005626
0.01820005626
0.01820005626
0.01820005626
0.01820005626
0.01820005626
0.01820005626
0.01820005626
0.01820005626
0.01820005626
0.01820005626
0.01820005626
0.01820005626
0.01820005626
0.01820005626
0.01820005626
0.01820005626
0.01820005626
0.05983901013
0.06220433285
0.06384172856
0.06559195693
0.06747467625
0.06950479843
0.07169725663
0.07406809656
0.07663507492
0.07941826176
0.08244137205
0.08573180163
0.08932008823
0.0932346775
0.09747670072
0.1019072967
0.1057729783
0.1060740109
0.09494426727
0.06411726946
0.02547100518
0.01820177431
0.01820007544
0.01820005627
0.01820005625
0.01820005625
0.01820005625
0.01820005625
0.01820005625
0.01820005625
0.01820005625
0.01820005625
0.01820005625
0.01820005625
0.01820005625
0.01820005625
0.01820005625
0.01820005625
0.01820005625
0.01820005625
0.01820005625
0.01820005625
0.01820005625
0.01820005625
0.01820005625
0.01820005625
0.01820005625
0.01820005625
0.01820005625
0.01820005625
0.01820005625
0.01820005625
0.01820005625
0.01820005625
0.01820005625
0.01820005625
0.01820005625
0.01820005625
0.01820005625
0.01820005625
0.01820005625
0.01820005625
0.01820005625
0.01820005625
0.01820005625
0.01820005625
0.01820005625
0.01820005625
0.01820005625
0.01820005625
0.01820005625
0.01820005625
0.01820005625
0.01820005625
0.01820005625
0.01820005625
0.01820005625
0.01820005625
0.01820005625
0.01820005625
0.01820005625
0.01820005625
0.01820005625
0.01820005625
0.01820005625
0.01820005625
0.01820005625
0.01820005625
0.01820005625
0.01820005625
0.01820005625
0.01820005625
0.01820005625
0.01820005625
0.01820005625
0.01820005625
0.01820005625
0.01820005625
0.01820005625
0.01820005625
0.01820005625
0.01820005625
0.01820005625
0.01820005625
0.01820005625
0.01820005625
0.01820005625
0.01820005625
0.01820005625
0.01820005625
0.01820005625
0.01820005625
0.01820005625
0.01820005625
0.01820005625
0.01820005625
0.01820005625
0.01820005625
0.01820005625
0.01820005625
0.01820005625
0.01820005625
0.01820005625
0.01820005625
0.01820005625
0.01820005625
0.01820005625
0.01820005626
0.01820005626
0.01820005626
0.01820005626
0.01820005626
0.01820005626
0.01820005626
0.01820005626
0.01820005626
0.01820005626
0.01820005626
0.01820005626
0.01820005626
0.01820005626
0.01820005626
0.01820005626
0.01820005626
0.01820005626
0.01820005626
0.01820005626
0.01820005626
0.01820005626
0.01820005626
0.01820005626
0.01820005626
0.01820005626
0.01820005626
0.01820005626
0.01820005626
0.01820005626
0.01820005626
0.01820005626
0.01820005626
0.01820005626
0.01820005626
0.01820005626
0.01820005626
0.01820005626
0.01820005626
0.01820005626
0.01820005626
0.01820005626
0.01820005626
0.01820005626
0.01820005626
0.01820005626
0.01820005626
0.01820005626
0.01820005626
0.01820005626
0.01820005626
0.01820005626
0.01820005626
0.01820005626
0.01820005626
0.01820005626
0.01820005626
0.01820005626
0.01820005626
0.01820005626
0.01820005626
0.01820005626
0.01820005626
0.01820005626
0.01820005626
0.01820005626
0.01820005626
0.01820005626
0.01820005626
0.01820005626
0.01820005626
0.01820005626
0.01820005626
0.05921373113
0.06159050601
0.06322600456
0.06497236902
0.06684918688
0.0688714144
0.0710540228
0.07341309194
0.07596648822
0.07873425957
0.08173992998
0.0850107962
0.08857740766
0.09246931942
0.09669394969
0.1011409688
0.1051763229
0.1062043731
0.09702378178
0.06856472043
0.02924236106
0.01820294003
0.01820008948
0.01820005628
0.01820005625
0.01820005625
0.01820005625
0.01820005625
0.01820005625
0.01820005625
0.01820005625
0.01820005625
0.01820005625
0.01820005625
0.01820005625
0.01820005625
0.01820005625
0.01820005625
0.01820005625
0.01820005625
0.01820005625
0.01820005625
0.01820005625
0.01820005625
0.01820005625
0.01820005625
0.01820005625
0.01820005625
0.01820005625
0.01820005625
0.01820005625
0.01820005625
0.01820005625
0.01820005625
0.01820005625
0.01820005625
0.01820005625
0.01820005625
0.01820005625
0.01820005625
0.01820005625
0.01820005625
0.01820005625
0.01820005625
0.01820005625
0.01820005625
0.01820005625
0.01820005625
0.01820005625
0.01820005625
0.01820005625
0.01820005625
0.01820005625
0.01820005625
0.01820005625
0.01820005625
0.01820005625
0.01820005625
0.01820005625
0.01820005625
0.01820005625
0.01820005625
0.01820005625
0.01820005625
0.01820005625
0.01820005625
0.01820005625
0.01820005625
0.01820005625
0.01820005625
0.01820005625
0.01820005625
0.01820005625
0.01820005625
0.01820005625
0.01820005625
0.01820005625
0.01820005625
0.01820005625
0.01820005625
0.01820005625
0.01820005625
0.01820005625
0.01820005625
0.01820005625
0.01820005625
0.01820005625
0.01820005625
0.01820005625
0.01820005625
0.01820005625
0.01820005625
0.01820005625
0.01820005625
0.01820005625
0.01820005625
0.01820005625
0.01820005625
0.01820005625
0.01820005625
0.01820005625
0.01820005625
0.01820005625
0.01820005625
0.01820005625
0.01820005625
0.01820005625
0.01820005626
0.01820005626
0.01820005626
0.01820005626
0.01820005626
0.01820005626
0.01820005626
0.01820005626
0.01820005626
0.01820005626
0.01820005626
0.01820005626
0.01820005626
0.01820005626
0.01820005626
0.01820005626
0.01820005626
0.01820005626
0.01820005626
0.01820005626
0.01820005626
0.01820005626
0.01820005626
0.01820005626
0.01820005626
0.01820005626
0.01820005626
0.01820005626
0.01820005626
0.01820005626
0.01820005626
0.01820005626
0.01820005626
0.01820005626
0.01820005626
0.01820005626
0.01820005626
0.01820005626
0.01820005626
0.01820005626
0.01820005626
0.01820005626
0.01820005626
0.01820005626
0.01820005626
0.01820005626
0.01820005626
0.01820005626
0.01820005626
0.01820005626
0.01820005626
0.01820005626
0.01820005626
0.01820005626
0.01820005626
0.01820005626
0.01820005626
0.01820005626
0.01820005626
0.01820005626
0.01820005626
0.01820005626
0.01820005626
0.01820005626
0.01820005626
0.01820005626
0.01820005626
0.01820005626
0.01820005626
0.01820005626
0.01820005626
0.01820005626
0.01820005626
0.05859097981
0.06097876754
0.06261217009
0.06435446556
0.06622515978
0.06823924736
0.07041173217
0.07275871969
0.07529809828
0.07805003091
0.08103774689
0.08428844345
0.0878327115
0.09170114897
0.095906554
0.1003622643
0.1045340712
0.1061825935
0.09878453007
0.07287392202
0.03366512634
0.01820445435
0.01820010745
0.0182000563
0.01820005626
0.01820005625
0.01820005625
0.01820005625
0.01820005625
0.01820005625
0.01820005625
0.01820005625
0.01820005625
0.01820005625
0.01820005625
0.01820005625
0.01820005625
0.01820005625
0.01820005625
0.01820005625
0.01820005625
0.01820005625
0.01820005625
0.01820005625
0.01820005625
0.01820005625
0.01820005625
0.01820005625
0.01820005625
0.01820005625
0.01820005625
0.01820005625
0.01820005625
0.01820005625
0.01820005625
0.01820005625
0.01820005625
0.01820005625
0.01820005625
0.01820005625
0.01820005625
0.01820005625
0.01820005625
0.01820005625
0.01820005625
0.01820005625
0.01820005625
0.01820005625
0.01820005625
0.01820005625
0.01820005625
0.01820005625
0.01820005625
0.01820005625
0.01820005625
0.01820005625
0.01820005625
0.01820005625
0.01820005625
0.01820005625
0.01820005625
0.01820005625
0.01820005625
0.01820005625
0.01820005625
0.01820005625
0.01820005625
0.01820005625
0.01820005625
0.01820005625
0.01820005625
0.01820005625
0.01820005625
0.01820005625
0.01820005625
0.01820005625
0.01820005625
0.01820005625
0.01820005625
0.01820005625
0.01820005625
0.01820005625
0.01820005625
0.01820005625
0.01820005625
0.01820005625
0.01820005625
0.01820005625
0.01820005625
0.01820005625
0.01820005625
0.01820005625
0.01820005625
0.01820005625
0.01820005625
0.01820005625
0.01820005625
0.01820005625
0.01820005625
0.01820005625
0.01820005625
0.01820005625
0.01820005625
0.01820005625
0.01820005625
0.01820005625
0.01820005625
0.01820005626
0.01820005626
0.01820005626
0.01820005626
0.01820005626
0.01820005626
0.01820005626
0.01820005626
0.01820005626
0.01820005626
0.01820005626
0.01820005626
0.01820005626
0.01820005626
0.01820005626
0.01820005626
0.01820005626
0.01820005626
0.01820005626
0.01820005626
0.01820005626
0.01820005626
0.01820005626
0.01820005626
0.01820005626
0.01820005626
0.01820005626
0.01820005626
0.01820005626
0.01820005626
0.01820005626
0.01820005626
0.01820005626
0.01820005626
0.01820005626
0.01820005626
0.01820005626
0.01820005626
0.01820005626
0.01820005626
0.01820005626
0.01820005626
0.01820005626
0.01820005626
0.01820005626
0.01820005626
0.01820005626
0.01820005626
0.01820005626
0.01820005626
0.01820005626
0.01820005626
0.01820005626
0.01820005626
0.01820005626
0.01820005626
0.01820005626
0.01820005626
0.01820005626
0.01820005626
0.01820005626
0.01820005626
0.01820005626
0.01820005626
0.01820005626
0.01820005626
0.01820005626
0.01820005626
0.01820005626
0.01820005626
0.01820005626
0.01820005626
0.01820005626
0.05797082029
0.06036918237
0.06200029251
0.06373831786
0.06560267207
0.06760838199
0.06977047808
0.07210508162
0.0746300716
0.07736568112
0.08033497411
0.08356494665
0.08708625595
0.090930407
0.0951146288
0.09957172652
0.1038515262
0.1060303089
0.1002626693
0.07703345888
0.03868389485
0.01820630259
0.01820012882
0.01820005633
0.01820005626
0.01820005625
0.01820005625
0.01820005625
0.01820005625
0.01820005625
0.01820005625
0.01820005625
0.01820005625
0.01820005625
0.01820005625
0.01820005625
0.01820005625
0.01820005625
0.01820005625
0.01820005625
0.01820005625
0.01820005625
0.01820005625
0.01820005625
0.01820005625
0.01820005625
0.01820005625
0.01820005625
0.01820005625
0.01820005625
0.01820005625
0.01820005625
0.01820005625
0.01820005625
0.01820005625
0.01820005625
0.01820005625
0.01820005625
0.01820005625
0.01820005625
0.01820005625
0.01820005625
0.01820005625
0.01820005625
0.01820005625
0.01820005625
0.01820005625
0.01820005625
0.01820005625
0.01820005625
0.01820005625
0.01820005625
0.01820005625
0.01820005625
0.01820005625
0.01820005625
0.01820005625
0.01820005625
0.01820005625
0.01820005625
0.01820005625
0.01820005625
0.01820005625
0.01820005625
0.01820005625
0.01820005625
0.01820005625
0.01820005625
0.01820005625
0.01820005625
0.01820005625
0.01820005625
0.01820005625
0.01820005625
0.01820005625
0.01820005625
0.01820005625
0.01820005625
0.01820005625
0.01820005625
0.01820005625
0.01820005625
0.01820005625
0.01820005625
0.01820005625
0.01820005625
0.01820005625
0.01820005625
0.01820005625
0.01820005625
0.01820005625
0.01820005625
0.01820005625
0.01820005625
0.01820005625
0.01820005625
0.01820005625
0.01820005625
0.01820005625
0.01820005625
0.01820005625
0.01820005625
0.01820005625
0.01820005625
0.01820005625
0.01820005625
0.01820005625
0.01820005626
0.01820005626
0.01820005626
0.01820005626
0.01820005626
0.01820005626
0.01820005626
0.01820005626
0.01820005626
0.01820005626
0.01820005626
0.01820005626
0.01820005626
0.01820005626
0.01820005626
0.01820005626
0.01820005626
0.01820005626
0.01820005626
0.01820005626
0.01820005626
0.01820005626
0.01820005626
0.01820005626
0.01820005626
0.01820005626
0.01820005626
0.01820005626
0.01820005626
0.01820005626
0.01820005626
0.01820005626
0.01820005626
0.01820005626
0.01820005626
0.01820005626
0.01820005626
0.01820005626
0.01820005626
0.01820005626
0.01820005626
0.01820005626
0.01820005626
0.01820005626
0.01820005626
0.01820005626
0.01820005626
0.01820005626
0.01820005626
0.01820005626
0.01820005626
0.01820005626
0.01820005626
0.01820005626
0.01820005626
0.01820005626
0.01820005626
0.01820005626
0.01820005626
0.01820005626
0.01820005626
0.01820005626
0.01820005626
0.01820005626
0.01820005626
0.01820005626
0.01820005626
0.01820005626
0.01820005626
0.01820005626
0.01820005626
0.01820005626
0.01820005626
0.05735331743
0.05976181484
0.06139043858
0.06312399663
0.06498180022
0.06697890202
0.06913035256
0.07145227929
0.07396254124
0.07668134722
0.07963176974
0.082840502
0.08633825998
0.09015727432
0.09431833358
0.09877036919
0.1031349906
0.1057698396
0.1014941148
0.08102593062
0.04424766741
0.01820849317
0.01820015675
0.01820005636
0.01820005626
0.01820005625
0.01820005625
0.01820005625
0.01820005625
0.01820005625
0.01820005625
0.01820005625
0.01820005625
0.01820005625
0.01820005625
0.01820005625
0.01820005625
0.01820005625
0.01820005625
0.01820005625
0.01820005625
0.01820005625
0.01820005625
0.01820005625
0.01820005625
0.01820005625
0.01820005625
0.01820005625
0.01820005625
0.01820005625
0.01820005625
0.01820005625
0.01820005625
0.01820005625
0.01820005625
0.01820005625
0.01820005625
0.01820005625
0.01820005625
0.01820005625
0.01820005625
0.01820005625
0.01820005625
0.01820005625
0.01820005625
0.01820005625
0.01820005625
0.01820005625
0.01820005625
0.01820005625
0.01820005625
0.01820005625
0.01820005625
0.01820005625
0.01820005625
0.01820005625
0.01820005625
0.01820005625
0.01820005625
0.01820005625
0.01820005625
0.01820005625
0.01820005625
0.01820005625
0.01820005625
0.01820005625
0.01820005625
0.01820005625
0.01820005625
0.01820005625
0.01820005625
0.01820005625
0.01820005625
0.01820005625
0.01820005625
0.01820005625
0.01820005625
0.01820005625
0.01820005625
0.01820005625
0.01820005625
0.01820005625
0.01820005625
0.01820005625
0.01820005625
0.01820005625
0.01820005625
0.01820005625
0.01820005625
0.01820005625
0.01820005625
0.01820005625
0.01820005625
0.01820005625
0.01820005625
0.01820005625
0.01820005625
0.01820005625
0.01820005625
0.01820005625
0.01820005625
0.01820005625
0.01820005625
0.01820005625
0.01820005625
0.01820005625
0.01820005625
0.01820005626
0.01820005626
0.01820005626
0.01820005626
0.01820005626
0.01820005626
0.01820005626
0.01820005626
0.01820005626
0.01820005626
0.01820005626
0.01820005626
0.01820005626
0.01820005626
0.01820005626
0.01820005626
0.01820005626
0.01820005626
0.01820005626
0.01820005626
0.01820005626
0.01820005626
0.01820005626
0.01820005626
0.01820005626
0.01820005626
0.01820005626
0.01820005626
0.01820005626
0.01820005626
0.01820005626
0.01820005626
0.01820005626
0.01820005626
0.01820005626
0.01820005626
0.01820005626
0.01820005626
0.01820005626
0.01820005626
0.01820005626
0.01820005626
0.01820005626
0.01820005626
0.01820005626
0.01820005626
0.01820005626
0.01820005626
0.01820005626
0.01820005626
0.01820005626
0.01820005626
0.01820005626
0.01820005626
0.01820005626
0.01820005626
0.01820005626
0.01820005626
0.01820005626
0.01820005626
0.01820005626
0.01820005626
0.01820005626
0.01820005626
0.01820005626
0.01820005626
0.01820005626
0.01820005626
0.01820005626
0.01820005626
0.01820005626
0.01820005626
0.01820005626
0.05673853062
0.05915672758
0.06078267398
0.06251157172
0.0643626198
0.06635089015
0.06849144655
0.07080041358
0.07329561999
0.07599721031
0.07892827329
0.08211529135
0.08558891595
0.08938192395
0.09351795455
0.09795956415
0.1023906668
0.1054179623
0.1024906567
0.08471675419
0.04958041135
0.01908075338
0.01820026528
0.01820005746
0.01820005626
0.01820005625
0.01820005625
0.01820005625
0.01820005625
0.01820005625
0.01820005625
0.01820005625
0.01820005625
0.01820005625
0.01820005625
0.01820005625
0.01820005625
0.01820005625
0.01820005625
0.01820005625
0.01820005625
0.01820005625
0.01820005625
0.01820005625
0.01820005625
0.01820005625
0.01820005625
0.01820005625
0.01820005625
0.01820005625
0.01820005625
0.01820005625
0.01820005625
0.01820005625
0.01820005625
0.01820005625
0.01820005625
0.01820005625
0.01820005625
0.01820005625
0.01820005625
0.01820005625
0.01820005625
0.01820005625
0.01820005625
0.01820005625
0.01820005625
0.01820005625
0.01820005625
0.01820005625
0.01820005625
0.01820005625
0.01820005625
0.01820005625
0.01820005625
0.01820005625
0.01820005625
0.01820005625
0.01820005625
0.01820005625
0.01820005625
0.01820005625
0.01820005625
0.01820005625
0.01820005625
0.01820005625
0.01820005625
0.01820005625
0.01820005625
0.01820005625
0.01820005625
0.01820005625
0.01820005625
0.01820005625
0.01820005625
0.01820005625
0.01820005625
0.01820005625
0.01820005625
0.01820005625
0.01820005625
0.01820005625
0.01820005625
0.01820005625
0.01820005625
0.01820005625
0.01820005625
0.01820005625
0.01820005625
0.01820005625
0.01820005625
0.01820005625
0.01820005625
0.01820005625
0.01820005625
0.01820005625
0.01820005625
0.01820005625
0.01820005625
0.01820005625
0.01820005625
0.01820005625
0.01820005625
0.01820005625
0.01820005625
0.01820005625
0.01820005626
0.01820005626
0.01820005626
0.01820005626
0.01820005626
0.01820005626
0.01820005626
0.01820005626
0.01820005626
0.01820005626
0.01820005626
0.01820005626
0.01820005626
0.01820005626
0.01820005626
0.01820005626
0.01820005626
0.01820005626
0.01820005626
0.01820005626
0.01820005626
0.01820005626
0.01820005626
0.01820005626
0.01820005626
0.01820005626
0.01820005626
0.01820005626
0.01820005626
0.01820005626
0.01820005626
0.01820005626
0.01820005626
0.01820005626
0.01820005626
0.01820005626
0.01820005626
0.01820005626
0.01820005626
0.01820005626
0.01820005626
0.01820005626
0.01820005626
0.01820005626
0.01820005626
0.01820005626
0.01820005626
0.01820005626
0.01820005626
0.01820005626
0.01820005626
0.01820005626
0.01820005626
0.01820005626
0.01820005626
0.01820005626
0.01820005626
0.01820005626
0.01820005626
0.01820005626
0.01820005626
0.01820005626
0.01820005626
0.01820005626
0.01820005626
0.01820005626
0.01820005626
0.01820005626
0.01820005626
0.01820005626
0.01820005626
0.01820005626
0.01820005626
0.01820005626
0.05612652202
0.05855398277
0.06017706358
0.06190111215
0.06374520547
0.06572442803
0.06785385001
0.07014958475
0.07262942178
0.07531343392
0.07822463739
0.08138948758
0.08483840516
0.08860455407
0.09271389893
0.09714076819
0.1016235674
0.104986092
0.1032575054
0.08802981959
0.05467458837
0.0208867817
0.01820057189
0.01820006106
0.01820005626
0.01820005625
0.01820005625
0.01820005625
0.01820005625
0.01820005625
0.01820005625
0.01820005625
0.01820005625
0.01820005625
0.01820005625
0.01820005625
0.01820005625
0.01820005625
0.01820005625
0.01820005625
0.01820005625
0.01820005625
0.01820005625
0.01820005625
0.01820005625
0.01820005625
0.01820005625
0.01820005625
0.01820005625
0.01820005625
0.01820005625
0.01820005625
0.01820005625
0.01820005625
0.01820005625
0.01820005625
0.01820005625
0.01820005625
0.01820005625
0.01820005625
0.01820005625
0.01820005625
0.01820005625
0.01820005625
0.01820005625
0.01820005625
0.01820005625
0.01820005625
0.01820005625
0.01820005625
0.01820005625
0.01820005625
0.01820005625
0.01820005625
0.01820005625
0.01820005625
0.01820005625
0.01820005625
0.01820005625
0.01820005625
0.01820005625
0.01820005625
0.01820005625
0.01820005625
0.01820005625
0.01820005625
0.01820005625
0.01820005625
0.01820005625
0.01820005625
0.01820005625
0.01820005625
0.01820005625
0.01820005625
0.01820005625
0.01820005625
0.01820005625
0.01820005625
0.01820005625
0.01820005625
0.01820005625
0.01820005625
0.01820005625
0.01820005625
0.01820005625
0.01820005625
0.01820005625
0.01820005625
0.01820005625
0.01820005625
0.01820005625
0.01820005625
0.01820005625
0.01820005625
0.01820005625
0.01820005625
0.01820005625
0.01820005625
0.01820005625
0.01820005625
0.01820005625
0.01820005625
0.01820005625
0.01820005625
0.01820005625
0.01820005625
0.01820005626
0.01820005626
0.01820005626
0.01820005626
0.01820005626
0.01820005626
0.01820005626
0.01820005626
0.01820005626
0.01820005626
0.01820005626
0.01820005626
0.01820005626
0.01820005626
0.01820005626
0.01820005626
0.01820005626
0.01820005626
0.01820005626
0.01820005626
0.01820005626
0.01820005626
0.01820005626
0.01820005626
0.01820005626
0.01820005626
0.01820005626
0.01820005626
0.01820005626
0.01820005626
0.01820005626
0.01820005626
0.01820005626
0.01820005626
0.01820005626
0.01820005626
0.01820005626
0.01820005626
0.01820005626
0.01820005626
0.01820005626
0.01820005626
0.01820005626
0.01820005626
0.01820005626
0.01820005626
0.01820005626
0.01820005626
0.01820005626
0.01820005626
0.01820005626
0.01820005626
0.01820005626
0.01820005626
0.01820005626
0.01820005626
0.01820005626
0.01820005626
0.01820005626
0.01820005626
0.01820005626
0.01820005626
0.01820005626
0.01820005626
0.01820005626
0.01820005626
0.01820005626
0.01820005626
0.01820005626
0.01820005626
0.01820005626
0.01820005626
0.01820005626
0.01820005626
0.05551735107
0.05795364144
0.05957367134
0.06129268603
0.06312963091
0.0650995963
0.06721765205
0.06949989257
0.07196406044
0.07463014929
0.07752106111
0.08066324175
0.08408690715
0.08782539677
0.09190663861
0.09631527111
0.100837081
0.104482516
0.1038028622
0.09093985946
0.05958898205
0.02357212745
0.01820117312
0.01820006836
0.01820005626
0.01820005625
0.01820005625
0.01820005625
0.01820005625
0.01820005625
0.01820005625
0.01820005625
0.01820005625
0.01820005625
0.01820005625
0.01820005625
0.01820005625
0.01820005625
0.01820005625
0.01820005625
0.01820005625
0.01820005625
0.01820005625
0.01820005625
0.01820005625
0.01820005625
0.01820005625
0.01820005625
0.01820005625
0.01820005625
0.01820005625
0.01820005625
0.01820005625
0.01820005625
0.01820005625
0.01820005625
0.01820005625
0.01820005625
0.01820005625
0.01820005625
0.01820005625
0.01820005625
0.01820005625
0.01820005625
0.01820005625
0.01820005625
0.01820005625
0.01820005625
0.01820005625
0.01820005625
0.01820005625
0.01820005625
0.01820005625
0.01820005625
0.01820005625
0.01820005625
0.01820005625
0.01820005625
0.01820005625
0.01820005625
0.01820005625
0.01820005625
0.01820005625
0.01820005625
0.01820005625
0.01820005625
0.01820005625
0.01820005625
0.01820005625
0.01820005625
0.01820005625
0.01820005625
0.01820005625
0.01820005625
0.01820005625
0.01820005625
0.01820005625
0.01820005625
0.01820005625
0.01820005625
0.01820005625
0.01820005625
0.01820005625
0.01820005625
0.01820005625
0.01820005625
0.01820005625
0.01820005625
0.01820005625
0.01820005625
0.01820005625
0.01820005625
0.01820005625
0.01820005625
0.01820005625
0.01820005625
0.01820005625
0.01820005625
0.01820005625
0.01820005625
0.01820005625
0.01820005625
0.01820005625
0.01820005625
0.01820005625
0.01820005625
0.01820005626
0.01820005626
0.01820005626
0.01820005626
0.01820005626
0.01820005626
0.01820005626
0.01820005626
0.01820005626
0.01820005626
0.01820005626
0.01820005626
0.01820005626
0.01820005626
0.01820005626
0.01820005626
0.01820005626
0.01820005626
0.01820005626
0.01820005626
0.01820005626
0.01820005626
0.01820005626
0.01820005626
0.01820005626
0.01820005626
0.01820005626
0.01820005626
0.01820005626
0.01820005626
0.01820005626
0.01820005626
0.01820005626
0.01820005626
0.01820005626
0.01820005626
0.01820005626
0.01820005626
0.01820005626
0.01820005626
0.01820005626
0.01820005626
0.01820005626
0.01820005626
0.01820005626
0.01820005626
0.01820005626
0.01820005626
0.01820005626
0.01820005626
0.01820005626
0.01820005626
0.01820005626
0.01820005626
0.01820005626
0.01820005626
0.01820005626
0.01820005626
0.01820005626
0.01820005626
0.01820005626
0.01820005626
0.01820005626
0.01820005626
0.01820005626
0.01820005626
0.01820005626
0.01820005626
0.01820005626
0.01820005626
0.01820005626
0.01820005626
0.01820005626
0.01820005626
0.05491107502
0.05735576343
0.05897256019
0.06068636042
0.06251596875
0.06447647457
0.06658294091
0.06885143617
0.07129964904
0.07394748677
0.07681773014
0.07993671282
0.08333460851
0.08704470908
0.09109664368
0.09548408175
0.1000335221
0.1039139522
0.1041406443
0.09345279337
0.06435108248
0.02707650257
0.01820212419
0.01820008002
0.01820005627
0.01820005625
0.01820005625
0.01820005625
0.01820005625
0.01820005625
0.01820005625
0.01820005625
0.01820005625
0.01820005625
0.01820005625
0.01820005625
0.01820005625
0.01820005625
0.01820005625
0.01820005625
0.01820005625
0.01820005625
0.01820005625
0.01820005625
0.01820005625
0.01820005625
0.01820005625
0.01820005625
0.01820005625
0.01820005625
0.01820005625
0.01820005625
0.01820005625
0.01820005625
0.01820005625
0.01820005625
0.01820005625
0.01820005625
0.01820005625
0.01820005625
0.01820005625
0.01820005625
0.01820005625
0.01820005625
0.01820005625
0.01820005625
0.01820005625
0.01820005625
0.01820005625
0.01820005625
0.01820005625
0.01820005625
0.01820005625
0.01820005625
0.01820005625
0.01820005625
0.01820005625
0.01820005625
0.01820005625
0.01820005625
0.01820005625
0.01820005625
0.01820005625
0.01820005625
0.01820005625
0.01820005625
0.01820005625
0.01820005625
0.01820005625
0.01820005625
0.01820005625
0.01820005625
0.01820005625
0.01820005625
0.01820005625
0.01820005625
0.01820005625
0.01820005625
0.01820005625
0.01820005625
0.01820005625
0.01820005625
0.01820005625
0.01820005625
0.01820005625
0.01820005625
0.01820005625
0.01820005625
0.01820005625
0.01820005625
0.01820005625
0.01820005625
0.01820005625
0.01820005625
0.01820005625
0.01820005625
0.01820005625
0.01820005625
0.01820005625
0.01820005625
0.01820005625
0.01820005625
0.01820005625
0.01820005625
0.01820005625
0.01820005626
0.01820005626
0.01820005626
0.01820005626
0.01820005626
0.01820005626
0.01820005626
0.01820005626
0.01820005626
0.01820005626
0.01820005626
0.01820005626
0.01820005626
0.01820005626
0.01820005626
0.01820005626
0.01820005626
0.01820005626
0.01820005626
0.01820005626
0.01820005626
0.01820005626
0.01820005626
0.01820005626
0.01820005626
0.01820005626
0.01820005626
0.01820005626
0.01820005626
0.01820005626
0.01820005626
0.01820005626
0.01820005626
0.01820005626
0.01820005626
0.01820005626
0.01820005626
0.01820005626
0.01820005626
0.01820005626
0.01820005626
0.01820005626
0.01820005626
0.01820005626
0.01820005626
0.01820005626
0.01820005626
0.01820005626
0.01820005626
0.01820005626
0.01820005626
0.01820005626
0.01820005626
0.01820005626
0.01820005626
0.01820005626
0.01820005626
0.01820005626
0.01820005626
0.01820005626
0.01820005626
0.01820005626
0.01820005626
0.01820005626
0.01820005626
0.01820005626
0.01820005626
0.01820005626
0.01820005626
0.01820005626
0.01820005626
0.01820005626
0.01820005626
0.01820005626
0.01820005626
0.05430775189
0.05676040775
0.05837379205
0.06008220146
0.06190429065
0.06385514152
0.06594980402
0.06820431401
0.07063629977
0.0732655752
0.07611479086
0.07921011429
0.08258168817
0.08626275381
0.0902843353
0.09464793264
0.09921455933
0.1032868183
0.1042900827
0.09559300581
0.06896493604
0.03133964266
0.01820344729
0.01820009615
0.01820005629
0.01820005626
0.01820005625
0.01820005625
0.01820005625
0.01820005625
0.01820005625
0.01820005625
0.01820005625
0.01820005625
0.01820005625
0.01820005625
0.01820005625
0.01820005625
0.01820005625
0.01820005625
0.01820005625
0.01820005625
0.01820005625
0.01820005625
0.01820005625
0.01820005625
0.01820005625
0.01820005625
0.01820005625
0.01820005625
0.01820005625
0.01820005625
0.01820005625
0.01820005625
0.01820005625
0.01820005625
0.01820005625
0.01820005625
0.01820005625
0.01820005625
0.01820005625
0.01820005625
0.01820005625
0.01820005625
0.01820005625
0.01820005625
0.01820005625
0.01820005625
0.01820005625
0.01820005625
0.01820005625
0.01820005625
0.01820005625
0.01820005625
0.01820005625
0.01820005625
0.01820005625
0.01820005625
0.01820005625
0.01820005625
0.01820005625
0.01820005625
0.01820005625
0.01820005625
0.01820005625
0.01820005625
0.01820005625
0.01820005625
0.01820005625
0.01820005625
0.01820005625
0.01820005625
0.01820005625
0.01820005625
0.01820005625
0.01820005625
0.01820005625
0.01820005625
0.01820005625
0.01820005625
0.01820005625
0.01820005625
0.01820005625
0.01820005625
0.01820005625
0.01820005625
0.01820005625
0.01820005625
0.01820005625
0.01820005625
0.01820005625
0.01820005625
0.01820005625
0.01820005625
0.01820005625
0.01820005625
0.01820005625
0.01820005625
0.01820005625
0.01820005625
0.01820005625
0.01820005625
0.01820005625
0.01820005625
0.01820005625
0.01820005626
0.01820005626
0.01820005626
0.01820005626
0.01820005626
0.01820005626
0.01820005626
0.01820005626
0.01820005626
0.01820005626
0.01820005626
0.01820005626
0.01820005626
0.01820005626
0.01820005626
0.01820005626
0.01820005626
0.01820005626
0.01820005626
0.01820005626
0.01820005626
0.01820005626
0.01820005626
0.01820005626
0.01820005626
0.01820005626
0.01820005626
0.01820005626
0.01820005626
0.01820005626
0.01820005626
0.01820005626
0.01820005626
0.01820005626
0.01820005626
0.01820005626
0.01820005626
0.01820005626
0.01820005626
0.01820005626
0.01820005626
0.01820005626
0.01820005626
0.01820005626
0.01820005626
0.01820005626
0.01820005626
0.01820005626
0.01820005626
0.01820005626
0.01820005626
0.01820005626
0.01820005626
0.01820005626
0.01820005626
0.01820005626
0.01820005626
0.01820005626
0.01820005626
0.01820005626
0.01820005626
0.01820005626
0.01820005626
0.01820005626
0.01820005626
0.01820005626
0.01820005626
0.01820005626
0.01820005626
0.01820005626
0.01820005626
0.01820005626
0.01820005626
0.01820005626
0.01820005626
0.05370743551
0.05616763192
0.05777742774
0.05948027413
0.06129466717
0.06323567477
0.06531832783
0.06755862354
0.06997412363
0.07258454161
0.0754123887
0.07848365376
0.08182833552
0.08547978632
0.0894700691
0.09380736012
0.09838162222
0.1026078772
0.1042740096
0.09739459898
0.07341964726
0.03630349545
0.01820514339
0.01820011645
0.01820005631
0.01820005626
0.01820005625
0.01820005625
0.01820005625
0.01820005625
0.01820005625
0.01820005625
0.01820005625
0.01820005625
0.01820005625
0.01820005625
0.01820005625
0.01820005625
0.01820005625
0.01820005625
0.01820005625
0.01820005625
0.01820005625
0.01820005625
0.01820005625
0.01820005625
0.01820005625
0.01820005625
0.01820005625
0.01820005625
0.01820005625
0.01820005625
0.01820005625
0.01820005625
0.01820005625
0.01820005625
0.01820005625
0.01820005625
0.01820005625
0.01820005625
0.01820005625
0.01820005625
0.01820005625
0.01820005625
0.01820005625
0.01820005625
0.01820005625
0.01820005625
0.01820005625
0.01820005625
0.01820005625
0.01820005625
0.01820005625
0.01820005625
0.01820005625
0.01820005625
0.01820005625
0.01820005625
0.01820005625
0.01820005625
0.01820005625
0.01820005625
0.01820005625
0.01820005625
0.01820005625
0.01820005625
0.01820005625
0.01820005625
0.01820005625
0.01820005625
0.01820005625
0.01820005625
0.01820005625
0.01820005625
0.01820005625
0.01820005625
0.01820005625
0.01820005625
0.01820005625
0.01820005625
0.01820005625
0.01820005625
0.01820005625
0.01820005625
0.01820005625
0.01820005625
0.01820005625
0.01820005625
0.01820005625
0.01820005625
0.01820005625
0.01820005625
0.01820005625
0.01820005625
0.01820005625
0.01820005625
0.01820005625
0.01820005625
0.01820005625
0.01820005625
0.01820005625
0.01820005625
0.01820005625
0.01820005625
0.01820005625
0.01820005626
0.01820005626
0.01820005626
0.01820005626
0.01820005626
0.01820005626
0.01820005626
0.01820005626
0.01820005626
0.01820005626
0.01820005626
0.01820005626
0.01820005626
0.01820005626
0.01820005626
0.01820005626
0.01820005626
0.01820005626
0.01820005626
0.01820005626
0.01820005626
0.01820005626
0.01820005626
0.01820005626
0.01820005626
0.01820005626
0.01820005626
0.01820005626
0.01820005626
0.01820005626
0.01820005626
0.01820005626
0.01820005626
0.01820005626
0.01820005626
0.01820005626
0.01820005626
0.01820005626
0.01820005626
0.01820005626
0.01820005626
0.01820005626
0.01820005626
0.01820005626
0.01820005626
0.01820005626
0.01820005626
0.01820005626
0.01820005626
0.01820005626
0.01820005626
0.01820005626
0.01820005626
0.01820005626
0.01820005626
0.01820005626
0.01820005626
0.01820005626
0.01820005626
0.01820005626
0.01820005626
0.01820005626
0.01820005626
0.01820005626
0.01820005626
0.01820005626
0.01820005626
0.01820005626
0.01820005626
0.01820005626
0.01820005626
0.01820005626
0.01820005626
0.01820005626
0.01820005626
0.05311018221
0.05557749286
0.0571835271
0.05888064244
0.06068716786
0.062618151
0.06468859787
0.06691446127
0.06931323039
0.07190451156
0.0747106679
0.07775749793
0.08107479459
0.08469603477
0.08865414431
0.09296281537
0.09753620165
0.1018843969
0.1041168331
0.09889538302
0.07769654519
0.04191263146
0.01820723317
0.01820014385
0.01820005634
0.01820005626
0.01820005625
0.01820005625
0.01820005625
0.01820005625
0.01820005625
0.01820005625
0.01820005625
0.01820005625
0.01820005625
0.01820005625
0.01820005625
0.01820005625
0.01820005625
0.01820005625
0.01820005625
0.01820005625
0.01820005625
0.01820005625
0.01820005625
0.01820005625
0.01820005625
0.01820005625
0.01820005625
0.01820005625
0.01820005625
0.01820005625
0.01820005625
0.01820005625
0.01820005625
0.01820005625
0.01820005625
0.01820005625
0.01820005625
0.01820005625
0.01820005625
0.01820005625
0.01820005625
0.01820005625
0.01820005625
0.01820005625
0.01820005625
0.01820005625
0.01820005625
0.01820005625
0.01820005625
0.01820005625
0.01820005625
0.01820005625
0.01820005625
0.01820005625
0.01820005625
0.01820005625
0.01820005625
0.01820005625
0.01820005625
0.01820005625
0.01820005625
0.01820005625
0.01820005625
0.01820005625
0.01820005625
0.01820005625
0.01820005625
0.01820005625
0.01820005625
0.01820005625
0.01820005625
0.01820005625
0.01820005625
0.01820005625
0.01820005625
0.01820005625
0.01820005625
0.01820005625
0.01820005625
0.01820005625
0.01820005625
0.01820005625
0.01820005625
0.01820005625
0.01820005625
0.01820005625
0.01820005625
0.01820005625
0.01820005625
0.01820005625
0.01820005625
0.01820005625
0.01820005625
0.01820005625
0.01820005625
0.01820005625
0.01820005625
0.01820005625
0.01820005625
0.01820005625
0.01820005625
0.01820005625
0.01820005625
0.01820005626
0.01820005626
0.01820005626
0.01820005626
0.01820005626
0.01820005626
0.01820005626
0.01820005626
0.01820005626
0.01820005626
0.01820005626
0.01820005626
0.01820005626
0.01820005626
0.01820005626
0.01820005626
0.01820005626
0.01820005626
0.01820005626
0.01820005626
0.01820005626
0.01820005626
0.01820005626
0.01820005626
0.01820005626
0.01820005626
0.01820005626
0.01820005626
0.01820005626
0.01820005626
0.01820005626
0.01820005626
0.01820005626
0.01820005626
0.01820005626
0.01820005626
0.01820005626
0.01820005626
0.01820005626
0.01820005626
0.01820005626
0.01820005626
0.01820005626
0.01820005626
0.01820005626
0.01820005626
0.01820005626
0.01820005626
0.01820005626
0.01820005626
0.01820005626
0.01820005626
0.01820005626
0.01820005626
0.01820005626
0.01820005626
0.01820005626
0.01820005626
0.01820005626
0.01820005626
0.01820005626
0.01820005626
0.01820005626
0.01820005626
0.01820005626
0.01820005626
0.01820005626
0.01820005626
0.01820005626
0.01820005626
0.01820005626
0.01820005626
0.01820005626
0.01820005626
0.01820005626
0.05251604387
0.05499004607
0.05659214881
0.05828336927
0.06008186122
0.06200264576
0.06406069859
0.06627192253
0.06865372854
0.07122560914
0.07400977118
0.07703181259
0.08032130735
0.08391171175
0.08783682739
0.09211474376
0.09667989156
0.1011233552
0.1038392953
0.1001143966
0.08166720947
0.04739887754
0.01905111569
0.01820024402
0.01820005736
0.01820005626
0.01820005625
0.01820005625
0.01820005625
0.01820005625
0.01820005625
0.01820005625
0.01820005625
0.01820005625
0.01820005625
0.01820005625
0.01820005625
0.01820005625
0.01820005625
0.01820005625
0.01820005625
0.01820005625
0.01820005625
0.01820005625
0.01820005625
0.01820005625
0.01820005625
0.01820005625
0.01820005625
0.01820005625
0.01820005625
0.01820005625
0.01820005625
0.01820005625
0.01820005625
0.01820005625
0.01820005625
0.01820005625
0.01820005625
0.01820005625
0.01820005625
0.01820005625
0.01820005625
0.01820005625
0.01820005625
0.01820005625
0.01820005625
0.01820005625
0.01820005625
0.01820005625
0.01820005625
0.01820005625
0.01820005625
0.01820005625
0.01820005625
0.01820005625
0.01820005625
0.01820005625
0.01820005625
0.01820005625
0.01820005625
0.01820005625
0.01820005625
0.01820005625
0.01820005625
0.01820005625
0.01820005625
0.01820005625
0.01820005625
0.01820005625
0.01820005625
0.01820005625
0.01820005625
0.01820005625
0.01820005625
0.01820005625
0.01820005625
0.01820005625
0.01820005625
0.01820005625
0.01820005625
0.01820005625
0.01820005625
0.01820005625
0.01820005625
0.01820005625
0.01820005625
0.01820005625
0.01820005625
0.01820005625
0.01820005625
0.01820005625
0.01820005625
0.01820005625
0.01820005625
0.01820005625
0.01820005625
0.01820005625
0.01820005625
0.01820005625
0.01820005625
0.01820005625
0.01820005625
0.01820005625
0.01820005626
0.01820005626
0.01820005626
0.01820005626
0.01820005626
0.01820005626
0.01820005626
0.01820005626
0.01820005626
0.01820005626
0.01820005626
0.01820005626
0.01820005626
0.01820005626
0.01820005626
0.01820005626
0.01820005626
0.01820005626
0.01820005626
0.01820005626
0.01820005626
0.01820005626
0.01820005626
0.01820005626
0.01820005626
0.01820005626
0.01820005626
0.01820005626
0.01820005626
0.01820005626
0.01820005626
0.01820005626
0.01820005626
0.01820005626
0.01820005626
0.01820005626
0.01820005626
0.01820005626
0.01820005626
0.01820005626
0.01820005626
0.01820005626
0.01820005626
0.01820005626
0.01820005626
0.01820005626
0.01820005626
0.01820005626
0.01820005626
0.01820005626
0.01820005626
0.01820005626
0.01820005626
0.01820005626
0.01820005626
0.01820005626
0.01820005626
0.01820005626
0.01820005626
0.01820005626
0.01820005626
0.01820005626
0.01820005626
0.01820005626
0.01820005626
0.01820005626
0.01820005626
0.01820005626
0.01820005626
0.01820005626
0.01820005626
0.01820005626
0.01820005626
0.01820005626
0.01820005626
0.01820005626
0.05192509612
0.0544053293
0.05600334549
0.05768851484
0.05947881401
0.0613892333
0.06343471318
0.06563110137
0.06799572505
0.07054795668
0.07330983941
0.07630676114
0.07956806204
0.08312706836
0.0870183713
0.09126361518
0.09581431885
0.100331284
0.1034570071
0.1010639954
0.08524839809
0.05268782668
0.02085994994
0.01820053263
0.01820006082
0.01820005626
0.01820005625
0.01820005625
0.01820005625
0.01820005625
0.01820005625
0.01820005625
0.01820005625
0.01820005625
0.01820005625
0.01820005625
0.01820005625
0.01820005625
0.01820005625
0.01820005625
0.01820005625
0.01820005625
0.01820005625
0.01820005625
0.01820005625
0.01820005625
0.01820005625
0.01820005625
0.01820005625
0.01820005625
0.01820005625
0.01820005625
0.01820005625
0.01820005625
0.01820005625
0.01820005625
0.01820005625
0.01820005625
0.01820005625
0.01820005625
0.01820005625
0.01820005625
0.01820005625
0.01820005625
0.01820005625
0.01820005625
0.01820005625
0.01820005625
0.01820005625
0.01820005625
0.01820005625
0.01820005625
0.01820005625
0.01820005625
0.01820005625
0.01820005625
0.01820005625
0.01820005625
0.01820005625
0.01820005625
0.01820005625
0.01820005625
0.01820005625
0.01820005625
0.01820005625
0.01820005625
0.01820005625
0.01820005625
0.01820005625
0.01820005625
0.01820005625
0.01820005625
0.01820005625
0.01820005625
0.01820005625
0.01820005625
0.01820005625
0.01820005625
0.01820005625
0.01820005625
0.01820005625
0.01820005625
0.01820005625
0.01820005625
0.01820005625
0.01820005625
0.01820005625
0.01820005625
0.01820005625
0.01820005625
0.01820005625
0.01820005625
0.01820005625
0.01820005625
0.01820005625
0.01820005625
0.01820005625
0.01820005625
0.01820005625
0.01820005625
0.01820005625
0.01820005625
0.01820005625
0.01820005625
0.01820005626
0.01820005626
0.01820005626
0.01820005626
0.01820005626
0.01820005626
0.01820005626
0.01820005626
0.01820005626
0.01820005626
0.01820005626
0.01820005626
0.01820005626
0.01820005626
0.01820005626
0.01820005626
0.01820005626
0.01820005626
0.01820005626
0.01820005626
0.01820005626
0.01820005626
0.01820005626
0.01820005626
0.01820005626
0.01820005626
0.01820005626
0.01820005626
0.01820005626
0.01820005626
0.01820005626
0.01820005626
0.01820005626
0.01820005626
0.01820005626
0.01820005626
0.01820005626
0.01820005626
0.01820005626
0.01820005626
0.01820005626
0.01820005626
0.01820005626
0.01820005626
0.01820005626
0.01820005626
0.01820005626
0.01820005626
0.01820005626
0.01820005626
0.01820005626
0.01820005626
0.01820005626
0.01820005626
0.01820005626
0.01820005626
0.01820005626
0.01820005626
0.01820005626
0.01820005626
0.01820005626
0.01820005626
0.01820005626
0.01820005626
0.01820005626
0.01820005626
0.01820005626
0.01820005626
0.01820005626
0.01820005626
0.01820005626
0.01820005626
0.01820005626
0.01820005626
0.01820005626
0.01820005626
0.05133740144
0.05382341497
0.05541717439
0.0570961316
0.05887807814
0.0607779682
0.06281070216
0.06499206747
0.06733930199
0.06987165188
0.07261098927
0.07558248283
0.07881522295
0.08234236342
0.08619899013
0.09040990031
0.09494096912
0.09951300365
0.1029827351
0.1017582113
0.08840655644
0.05781311843
0.02360097224
0.01820111726
0.01820006802
0.01820005626
0.01820005625
0.01820005625
0.01820005625
0.01820005625
0.01820005625
0.01820005625
0.01820005625
0.01820005625
0.01820005625
0.01820005625
0.01820005625
0.01820005625
0.01820005625
0.01820005625
0.01820005625
0.01820005625
0.01820005625
0.01820005625
0.01820005625
0.01820005625
0.01820005625
0.01820005625
0.01820005625
0.01820005625
0.01820005625
0.01820005625
0.01820005625
0.01820005625
0.01820005625
0.01820005625
0.01820005625
0.01820005625
0.01820005625
0.01820005625
0.01820005625
0.01820005625
0.01820005625
0.01820005625
0.01820005625
0.01820005625
0.01820005625
0.01820005625
0.01820005625
0.01820005625
0.01820005625
0.01820005625
0.01820005625
0.01820005625
0.01820005625
0.01820005625
0.01820005625
0.01820005625
0.01820005625
0.01820005625
0.01820005625
0.01820005625
0.01820005625
0.01820005625
0.01820005625
0.01820005625
0.01820005625
0.01820005625
0.01820005625
0.01820005625
0.01820005625
0.01820005625
0.01820005625
0.01820005625
0.01820005625
0.01820005625
0.01820005625
0.01820005625
0.01820005625
0.01820005625
0.01820005625
0.01820005625
0.01820005625
0.01820005625
0.01820005625
0.01820005625
0.01820005625
0.01820005625
0.01820005625
0.01820005625
0.01820005625
0.01820005625
0.01820005625
0.01820005625
0.01820005625
0.01820005625
0.01820005625
0.01820005625
0.01820005625
0.01820005625
0.01820005625
0.01820005625
0.01820005625
0.01820005625
0.01820005626
0.01820005626
0.01820005626
0.01820005626
0.01820005626
0.01820005626
0.01820005626
0.01820005626
0.01820005626
0.01820005626
0.01820005626
0.01820005626
0.01820005626
0.01820005626
0.01820005626
0.01820005626
0.01820005626
0.01820005626
0.01820005626
0.01820005626
0.01820005626
0.01820005626
0.01820005626
0.01820005626
0.01820005626
0.01820005626
0.01820005626
0.01820005626
0.01820005626
0.01820005626
0.01820005626
0.01820005626
0.01820005626
0.01820005626
0.01820005626
0.01820005626
0.01820005626
0.01820005626
0.01820005626
0.01820005626
0.01820005626
0.01820005626
0.01820005626
0.01820005626
0.01820005626
0.01820005626
0.01820005626
0.01820005626
0.01820005626
0.01820005626
0.01820005626
0.01820005626
0.01820005626
0.01820005626
0.01820005626
0.01820005626
0.01820005626
0.01820005626
0.01820005626
0.01820005626
0.01820005626
0.01820005626
0.01820005626
0.01820005626
0.01820005626
0.01820005626
0.01820005626
0.01820005626
0.01820005626
0.01820005626
0.01820005626
0.01820005626
0.01820005626
0.01820005626
0.01820005626
0.01820005626
0.05075325413
0.05324458103
0.05483379125
0.05650623992
0.05827956393
0.06016868236
0.06218844862
0.06435458051
0.06668421659
0.06919646636
0.07191302007
0.07485881482
0.07806267247
0.08155753007
0.0853787317
0.08955386859
0.09406094014
0.09867211347
0.1024271229
0.102215414
0.09114106179
0.06278673871
0.02722617634
0.01820227888
0.01820009028
0.01820005629
0.01820005626
0.01820005625
0.01820005625
0.01820005625
0.01820005625
0.01820005625
0.01820005625
0.01820005625
0.01820005625
0.01820005625
0.01820005625
0.01820005625
0.01820005625
0.01820005625
0.01820005625
0.01820005625
0.01820005625
0.01820005625
0.01820005625
0.01820005625
0.01820005625
0.01820005625
0.01820005625
0.01820005625
0.01820005625
0.01820005625
0.01820005625
0.01820005625
0.01820005625
0.01820005625
0.01820005625
0.01820005625
0.01820005625
0.01820005625
0.01820005625
0.01820005625
0.01820005625
0.01820005625
0.01820005625
0.01820005625
0.01820005625
0.01820005625
0.01820005625
0.01820005625
0.01820005625
0.01820005625
0.01820005625
0.01820005625
0.01820005625
0.01820005625
0.01820005625
0.01820005625
0.01820005625
0.01820005625
0.01820005625
0.01820005625
0.01820005625
0.01820005625
0.01820005625
0.01820005625
0.01820005625
0.01820005625
0.01820005625
0.01820005625
0.01820005625
0.01820005625
0.01820005625
0.01820005625
0.01820005625
0.01820005625
0.01820005625
0.01820005625
0.01820005625
0.01820005625
0.01820005625
0.01820005625
0.01820005625
0.01820005625
0.01820005625
0.01820005625
0.01820005625
0.01820005625
0.01820005625
0.01820005625
0.01820005625
0.01820005625
0.01820005625
0.01820005625
0.01820005625
0.01820005625
0.01820005625
0.01820005625
0.01820005625
0.01820005625
0.01820005625
0.01820005625
0.01820005625
0.01820005626
0.01820005626
0.01820005626
0.01820005626
0.01820005626
0.01820005626
0.01820005626
0.01820005626
0.01820005626
0.01820005626
0.01820005626
0.01820005626
0.01820005626
0.01820005626
0.01820005626
0.01820005626
0.01820005626
0.01820005626
0.01820005626
0.01820005626
0.01820005626
0.01820005626
0.01820005626
0.01820005626
0.01820005626
0.01820005626
0.01820005626
0.01820005626
0.01820005626
0.01820005626
0.01820005626
0.01820005626
0.01820005626
0.01820005626
0.01820005626
0.01820005626
0.01820005626
0.01820005626
0.01820005626
0.01820005626
0.01820005626
0.01820005626
0.01820005626
0.01820005626
0.01820005626
0.01820005626
0.01820005626
0.01820005626
0.01820005626
0.01820005626
0.01820005626
0.01820005626
0.01820005626
0.01820005626
0.01820005626
0.01820005626
0.01820005626
0.01820005626
0.01820005626
0.01820005626
0.01820005626
0.01820005626
0.01820005626
0.01820005626
0.01820005626
0.01820005626
0.01820005626
0.01820005626
0.01820005626
0.01820005626
0.01820005626
0.01820005626
0.01820005626
0.01820005626
0.01820005626
0.01820005626
0.01820005626
0.04959383988
0.05068755114
0.05167199042
0.05286716193
0.05425555091
0.05582575776
0.05757271228
0.05949688797
0.06160360017
0.06390257156
0.06640776875
0.06913746624
0.07211445306
0.07536615691
0.07892392158
0.08281856542
0.08706255663
0.09158199679
0.09598848896
0.09894803947
0.09708829927
0.0856460199
0.06407772113
0.0387351816
0.01820994382
0.01820018682
0.01820005647
0.01820005626
0.01820005625
0.01820005625
0.01820005625
0.01820005625
0.01820005625
0.01820005625
0.01820005625
0.01820005625
0.01820005625
0.01820005625
0.01820005625
0.01820005625
0.01820005625
0.01820005625
0.01820005625
0.01820005625
0.01820005625
0.01820005625
0.01820005625
0.01820005625
0.01820005625
0.01820005625
0.01820005625
0.01820005625
0.01820005625
0.01820005625
0.01820005625
0.01820005625
0.01820005625
0.01820005625
0.01820005625
0.01820005625
0.01820005625
0.01820005625
0.01820005625
0.01820005625
0.01820005625
0.01820005625
0.01820005625
0.01820005625
0.01820005625
0.01820005625
0.01820005625
0.01820005625
0.01820005625
0.01820005625
0.01820005625
0.01820005625
0.01820005625
0.01820005625
0.01820005625
0.01820005625
0.01820005625
0.01820005625
0.01820005625
0.01820005625
0.01820005625
0.01820005625
0.01820005625
0.01820005625
0.01820005625
0.01820005625
0.01820005625
0.01820005625
0.01820005625
0.01820005625
0.01820005625
0.01820005625
0.01820005625
0.01820005625
0.01820005625
0.01820005625
0.01820005625
0.01820005625
0.01820005625
0.01820005625
0.01820005625
0.01820005625
0.01820005625
0.01820005625
0.01820005625
0.01820005625
0.01820005625
0.01820005625
0.01820005625
0.01820005625
0.01820005625
0.01820005625
0.01820005625
0.01820005625
0.01820005625
0.01820005625
0.01820005625
0.01820005625
0.01820005625
0.01820005626
0.01820005626
0.01820005626
0.01820005626
0.01820005626
0.01820005626
0.01820005626
0.01820005626
0.01820005626
0.01820005626
0.01820005626
0.01820005626
0.01820005626
0.01820005626
0.01820005626
0.01820005626
0.01820005626
0.01820005626
0.01820005626
0.01820005626
0.01820005626
0.01820005626
0.01820005626
0.01820005626
0.01820005626
0.01820005626
0.01820005626
0.01820005626
0.01820005626
0.01820005626
0.01820005626
0.01820005626
0.01820005626
0.01820005626
0.01820005626
0.01820005626
0.01820005626
0.01820005626
0.01820005626
0.01820005626
0.01820005626
0.01820005626
0.01820005626
0.01820005626
0.01820005626
0.01820005626
0.01820005626
0.01820005626
0.01820005626
0.01820005626
0.01820005626
0.01820005626
0.01820005626
0.01820005626
0.01820005626
0.01820005626
0.01820005626
0.01820005626
0.01820005626
0.01820005626
0.01820005626
0.01820005626
0.01820005626
0.01820005626
0.01820005626
0.01820005626
0.01820005626
0.01820005626
0.01820005626
0.01820005626
0.01820005626
0.01820005626
0.01820005626
0.01820005626
0.01820005626
0.01820005626
0.01820005626
0.04944668602
0.04972682386
0.05024569019
0.05098291743
0.05193629299
0.05310160602
0.05447527785
0.05605559283
0.05784360201
0.05984370414
0.06206406419
0.06451697219
0.06721918548
0.0701921915
0.07346202881
0.07705728681
0.08100068477
0.08527913201
0.08974447958
0.09383972
0.09608152819
0.09385060474
0.08455531519
0.06539110484
0.03590894113
0.01820798541
0.01820016783
0.01820005643
0.01820005626
0.01820005625
0.01820005625
0.01820005625
0.01820005625
0.01820005625
0.01820005625
0.01820005625
0.01820005625
0.01820005625
0.01820005625
0.01820005625
0.01820005625
0.01820005625
0.01820005625
0.01820005625
0.01820005625
0.01820005625
0.01820005625
0.01820005625
0.01820005625
0.01820005625
0.01820005625
0.01820005625
0.01820005625
0.01820005625
0.01820005625
0.01820005625
0.01820005625
0.01820005625
0.01820005625
0.01820005625
0.01820005625
0.01820005625
0.01820005625
0.01820005625
0.01820005625
0.01820005625
0.01820005625
0.01820005625
0.01820005625
0.01820005625
0.01820005625
0.01820005625
0.01820005625
0.01820005625
0.01820005625
0.01820005625
0.01820005625
0.01820005625
0.01820005625
0.01820005625
0.01820005625
0.01820005625
0.01820005625
0.01820005625
0.01820005625
0.01820005625
0.01820005625
0.01820005625
0.01820005625
0.01820005625
0.01820005625
0.01820005625
0.01820005625
0.01820005625
0.01820005625
0.01820005625
0.01820005625
0.01820005625
0.01820005625
0.01820005625
0.01820005625
0.01820005625
0.01820005625
0.01820005625
0.01820005625
0.01820005625
0.01820005625
0.01820005625
0.01820005625
0.01820005625
0.01820005625
0.01820005625
0.01820005625
0.01820005625
0.01820005625
0.01820005625
0.01820005625
0.01820005625
0.01820005625
0.01820005625
0.01820005625
0.01820005625
0.01820005626
0.01820005626
0.01820005626
0.01820005626
0.01820005626
0.01820005626
0.01820005626
0.01820005626
0.01820005626
0.01820005626
0.01820005626
0.01820005626
0.01820005626
0.01820005626
0.01820005626
0.01820005626
0.01820005626
0.01820005626
0.01820005626
0.01820005626
0.01820005626
0.01820005626
0.01820005626
0.01820005626
0.01820005626
0.01820005626
0.01820005626
0.01820005626
0.01820005626
0.01820005626
0.01820005626
0.01820005626
0.01820005626
0.01820005626
0.01820005626
0.01820005626
0.01820005626
0.01820005626
0.01820005626
0.01820005626
0.01820005626
0.01820005626
0.01820005626
0.01820005626
0.01820005626
0.01820005626
0.01820005626
0.01820005626
0.01820005626
0.01820005626
0.01820005626
0.01820005626
0.01820005626
0.01820005626
0.01820005626
0.01820005626
0.01820005626
0.01820005626
0.01820005626
0.01820005626
0.01820005626
0.01820005626
0.01820005626
0.01820005626
0.01820005626
0.01820005626
0.01820005626
0.01820005626
0.01820005626
0.01820005626
0.01820005626
0.01820005626
0.01820005626
0.01820005626
0.01820005626
0.01820005626
0.01820005626
0.01820005626
0.04934504178
0.04931626965
0.04960417998
0.05006359738
0.05070601284
0.05154068345
0.05257543977
0.05381686739
0.05527147491
0.05694647995
0.05885045502
0.06099483834
0.06339438198
0.06606788186
0.06903863493
0.07233395496
0.07598158323
0.07999644186
0.08434007252
0.08879972507
0.09274944684
0.09486739275
0.09300710525
0.08322156956
0.06007902194
0.02867444025
0.01820432055
0.01820012561
0.01820005635
0.01820005626
0.01820005625
0.01820005625
0.01820005625
0.01820005625
0.01820005625
0.01820005625
0.01820005625
0.01820005625
0.01820005625
0.01820005625
0.01820005625
0.01820005625
0.01820005625
0.01820005625
0.01820005625
0.01820005625
0.01820005625
0.01820005625
0.01820005625
0.01820005625
0.01820005625
0.01820005625
0.01820005625
0.01820005625
0.01820005625
0.01820005625
0.01820005625
0.01820005625
0.01820005625
0.01820005625
0.01820005625
0.01820005625
0.01820005625
0.01820005625
0.01820005625
0.01820005625
0.01820005625
0.01820005625
0.01820005625
0.01820005625
0.01820005625
0.01820005625
0.01820005625
0.01820005625
0.01820005625
0.01820005625
0.01820005625
0.01820005625
0.01820005625
0.01820005625
0.01820005625
0.01820005625
0.01820005625
0.01820005625
0.01820005625
0.01820005625
0.01820005625
0.01820005625
0.01820005625
0.01820005625
0.01820005625
0.01820005625
0.01820005625
0.01820005625
0.01820005625
0.01820005625
0.01820005625
0.01820005625
0.01820005625
0.01820005625
0.01820005625
0.01820005625
0.01820005625
0.01820005625
0.01820005625
0.01820005625
0.01820005625
0.01820005625
0.01820005625
0.01820005625
0.01820005625
0.01820005625
0.01820005625
0.01820005625
0.01820005625
0.01820005625
0.01820005625
0.01820005625
0.01820005625
0.01820005625
0.01820005625
0.01820005626
0.01820005626
0.01820005626
0.01820005626
0.01820005626
0.01820005626
0.01820005626
0.01820005626
0.01820005626
0.01820005626
0.01820005626
0.01820005626
0.01820005626
0.01820005626
0.01820005626
0.01820005626
0.01820005626
0.01820005626
0.01820005626
0.01820005626
0.01820005626
0.01820005626
0.01820005626
0.01820005626
0.01820005626
0.01820005626
0.01820005626
0.01820005626
0.01820005626
0.01820005626
0.01820005626
0.01820005626
0.01820005626
0.01820005626
0.01820005626
0.01820005626
0.01820005626
0.01820005626
0.01820005626
0.01820005626
0.01820005626
0.01820005626
0.01820005626
0.01820005626
0.01820005626
0.01820005626
0.01820005626
0.01820005626
0.01820005626
0.01820005626
0.01820005626
0.01820005626
0.01820005626
0.01820005626
0.01820005626
0.01820005626
0.01820005626
0.01820005626
0.01820005626
0.01820005626
0.01820005626
0.01820005626
0.01820005626
0.01820005626
0.01820005626
0.01820005626
0.01820005626
0.01820005626
0.01820005626
0.01820005626
0.01820005626
0.01820005626
0.01820005626
0.01820005626
0.01820005626
0.01820005626
0.01820005626
0.01820005626
0.01820005626
0.04918276208
0.04906575285
0.04926304246
0.04959076389
0.05006080476
0.05068668145
0.05148170033
0.05245951706
0.05363355365
0.05501731534
0.05662478751
0.05847122451
0.06057390729
0.0629532043
0.06563257317
0.06864007277
0.07200704388
0.07576296753
0.07991973613
0.0844175441
0.08900971719
0.09305525755
0.09517947126
0.09236503729
0.07871977113
0.05007094948
0.01958506368
0.01820059984
0.01820006679
0.01820005627
0.01820005625
0.01820005625
0.01820005625
0.01820005625
0.01820005625
0.01820005625
0.01820005625
0.01820005625
0.01820005625
0.01820005625
0.01820005625
0.01820005625
0.01820005625
0.01820005625
0.01820005625
0.01820005625
0.01820005625
0.01820005625
0.01820005625
0.01820005625
0.01820005625
0.01820005625
0.01820005625
0.01820005625
0.01820005625
0.01820005625
0.01820005625
0.01820005625
0.01820005625
0.01820005625
0.01820005625
0.01820005625
0.01820005625
0.01820005625
0.01820005625
0.01820005625
0.01820005625
0.01820005625
0.01820005625
0.01820005625
0.01820005625
0.01820005625
0.01820005625
0.01820005625
0.01820005625
0.01820005625
0.01820005625
0.01820005625
0.01820005625
0.01820005625
0.01820005625
0.01820005625
0.01820005625
0.01820005625
0.01820005625
0.01820005625
0.01820005625
0.01820005625
0.01820005625
0.01820005625
0.01820005625
0.01820005625
0.01820005625
0.01820005625
0.01820005625
0.01820005625
0.01820005625
0.01820005625
0.01820005625
0.01820005625
0.01820005625
0.01820005625
0.01820005625
0.01820005625
0.01820005625
0.01820005625
0.01820005625
0.01820005625
0.01820005625
0.01820005625
0.01820005625
0.01820005625
0.01820005625
0.01820005625
0.01820005625
0.01820005625
0.01820005625
0.01820005625
0.01820005625
0.01820005625
0.01820005626
0.01820005626
0.01820005626
0.01820005626
0.01820005626
0.01820005626
0.01820005626
0.01820005626
0.01820005626
0.01820005626
0.01820005626
0.01820005626
0.01820005626
0.01820005626
0.01820005626
0.01820005626
0.01820005626
0.01820005626
0.01820005626
0.01820005626
0.01820005626
0.01820005626
0.01820005626
0.01820005626
0.01820005626
0.01820005626
0.01820005626
0.01820005626
0.01820005626
0.01820005626
0.01820005626
0.01820005626
0.01820005626
0.01820005626
0.01820005626
0.01820005626
0.01820005626
0.01820005626
0.01820005626
0.01820005626
0.01820005626
0.01820005626
0.01820005626
0.01820005626
0.01820005626
0.01820005626
0.01820005626
0.01820005626
0.01820005626
0.01820005626
0.01820005626
0.01820005626
0.01820005626
0.01820005626
0.01820005626
0.01820005626
0.01820005626
0.01820005626
0.01820005626
0.01820005626
0.01820005626
0.01820005626
0.01820005626
0.01820005626
0.01820005626
0.01820005626
0.01820005626
0.01820005626
0.01820005626
0.01820005626
0.01820005626
0.01820005626
0.01820005626
0.01820005626
0.01820005626
0.01820005626
0.01820005626
0.01820005626
0.01820005626
0.01820005626
0.04899925865
0.04886760527
0.04903682767
0.04931408458
0.04970637798
0.05022418648
0.05088012656
0.0516883926
0.05266526064
0.05382830913
0.05519636181
0.05678957226
0.05862969888
0.06074066579
0.06314909155
0.06588529741
0.06898367621
0.07248151516
0.07641299926
0.08078589919
0.08551915677
0.09030079279
0.09430477762
0.09549047805
0.08920291811
0.06798912572
0.03318961465
0.01820606209
0.01820015033
0.01820005638
0.01820005626
0.01820005625
0.01820005625
0.01820005625
0.01820005625
0.01820005625
0.01820005625
0.01820005625
0.01820005625
0.01820005625
0.01820005625
0.01820005625
0.01820005625
0.01820005625
0.01820005625
0.01820005625
0.01820005625
0.01820005625
0.01820005625
0.01820005625
0.01820005625
0.01820005625
0.01820005625
0.01820005625
0.01820005625
0.01820005625
0.01820005625
0.01820005625
0.01820005625
0.01820005625
0.01820005625
0.01820005625
0.01820005625
0.01820005625
0.01820005625
0.01820005625
0.01820005625
0.01820005625
0.01820005625
0.01820005625
0.01820005625
0.01820005625
0.01820005625
0.01820005625
0.01820005625
0.01820005625
0.01820005625
0.01820005625
0.01820005625
0.01820005625
0.01820005625
0.01820005625
0.01820005625
0.01820005625
0.01820005625
0.01820005625
0.01820005625
0.01820005625
0.01820005625
0.01820005625
0.01820005625
0.01820005625
0.01820005625
0.01820005625
0.01820005625
0.01820005625
0.01820005625
0.01820005625
0.01820005625
0.01820005625
0.01820005625
0.01820005625
0.01820005625
0.01820005625
0.01820005625
0.01820005625
0.01820005625
0.01820005625
0.01820005625
0.01820005625
0.01820005625
0.01820005625
0.01820005625
0.01820005625
0.01820005625
0.01820005625
0.01820005625
0.01820005625
0.01820005625
0.01820005625
0.01820005626
0.01820005626
0.01820005626
0.01820005626
0.01820005626
0.01820005626
0.01820005626
0.01820005626
0.01820005626
0.01820005626
0.01820005626
0.01820005626
0.01820005626
0.01820005626
0.01820005626
0.01820005626
0.01820005626
0.01820005626
0.01820005626
0.01820005626
0.01820005626
0.01820005626
0.01820005626
0.01820005626
0.01820005626
0.01820005626
0.01820005626
0.01820005626
0.01820005626
0.01820005626
0.01820005626
0.01820005626
0.01820005626
0.01820005626
0.01820005626
0.01820005626
0.01820005626
0.01820005626
0.01820005626
0.01820005626
0.01820005626
0.01820005626
0.01820005626
0.01820005626
0.01820005626
0.01820005626
0.01820005626
0.01820005626
0.01820005626
0.01820005626
0.01820005626
0.01820005626
0.01820005626
0.01820005626
0.01820005626
0.01820005626
0.01820005626
0.01820005626
0.01820005626
0.01820005626
0.01820005626
0.01820005626
0.01820005626
0.01820005626
0.01820005626
0.01820005626
0.01820005626
0.01820005626
0.01820005626
0.01820005626
0.01820005626
0.01820005626
0.01820005626
0.01820005626
0.01820005626
0.01820005626
0.01820005626
0.01820005626
0.01820005626
0.01820005626
0.0488378108
0.04870987547
0.04887491599
0.04913922918
0.04950531753
0.04997915488
0.05056937463
0.05128739617
0.0521473845
0.05316684066
0.05436591932
0.05576729937
0.05739603986
0.05927964035
0.06144834504
0.06393588717
0.06678043703
0.07002524971
0.07371706746
0.07789515451
0.08255441919
0.08754982557
0.09239180689
0.09579249141
0.09454724568
0.08173698189
0.0514132998
0.01904832442
0.01820045437
0.01820006277
0.01820005626
0.01820005625
0.01820005625
0.01820005625
0.01820005625
0.01820005625
0.01820005625
0.01820005625
0.01820005625
0.01820005625
0.01820005625
0.01820005625
0.01820005625
0.01820005625
0.01820005625
0.01820005625
0.01820005625
0.01820005625
0.01820005625
0.01820005625
0.01820005625
0.01820005625
0.01820005625
0.01820005625
0.01820005625
0.01820005625
0.01820005625
0.01820005625
0.01820005625
0.01820005625
0.01820005625
0.01820005625
0.01820005625
0.01820005625
0.01820005625
0.01820005625
0.01820005625
0.01820005625
0.01820005625
0.01820005625
0.01820005625
0.01820005625
0.01820005625
0.01820005625
0.01820005625
0.01820005625
0.01820005625
0.01820005625
0.01820005625
0.01820005625
0.01820005625
0.01820005625
0.01820005625
0.01820005625
0.01820005625
0.01820005625
0.01820005625
0.01820005625
0.01820005625
0.01820005625
0.01820005625
0.01820005625
0.01820005625
0.01820005625
0.01820005625
0.01820005625
0.01820005625
0.01820005625
0.01820005625
0.01820005625
0.01820005625
0.01820005625
0.01820005625
0.01820005625
0.01820005625
0.01820005625
0.01820005625
0.01820005625
0.01820005625
0.01820005625
0.01820005625
0.01820005625
0.01820005625
0.01820005625
0.01820005625
0.01820005625
0.01820005625
0.01820005625
0.01820005625
0.01820005626
0.01820005626
0.01820005626
0.01820005626
0.01820005626
0.01820005626
0.01820005626
0.01820005626
0.01820005626
0.01820005626
0.01820005626
0.01820005626
0.01820005626
0.01820005626
0.01820005626
0.01820005626
0.01820005626
0.01820005626
0.01820005626
0.01820005626
0.01820005626
0.01820005626
0.01820005626
0.01820005626
0.01820005626
0.01820005626
0.01820005626
0.01820005626
0.01820005626
0.01820005626
0.01820005626
0.01820005626
0.01820005626
0.01820005626
0.01820005626
0.01820005626
0.01820005626
0.01820005626
0.01820005626
0.01820005626
0.01820005626
0.01820005626
0.01820005626
0.01820005626
0.01820005626
0.01820005626
0.01820005626
0.01820005626
0.01820005626
0.01820005626
0.01820005626
0.01820005626
0.01820005626
0.01820005626
0.01820005626
0.01820005626
0.01820005626
0.01820005626
0.01820005626
0.01820005626
0.01820005626
0.01820005626
0.01820005626
0.01820005626
0.01820005626
0.01820005626
0.01820005626
0.01820005626
0.01820005626
0.01820005626
0.01820005626
0.01820005626
0.01820005626
0.01820005626
0.01820005626
0.01820005626
0.01820005626
0.01820005626
0.01820005626
0.01820005626
0.01820005626
0.04872790683
0.04860514849
0.04877410158
0.04904073362
0.04940480042
0.04986883824
0.05043756689
0.05111837198
0.05192174522
0.05286171523
0.05395640226
0.05522766312
0.05670105653
0.05840578476
0.06037482567
0.06264546036
0.06526023598
0.06826804116
0.07172378988
0.07568172603
0.0801702496
0.08512459835
0.09024151907
0.09467882797
0.09628808559
0.08962910255
0.06568483968
0.02854326216
0.018203967
0.01820012401
0.01820005634
0.01820005626
0.01820005625
0.01820005625
0.01820005625
0.01820005625
0.01820005625
0.01820005625
0.01820005625
0.01820005625
0.01820005625
0.01820005625
0.01820005625
0.01820005625
0.01820005625
0.01820005625
0.01820005625
0.01820005625
0.01820005625
0.01820005625
0.01820005625
0.01820005625
0.01820005625
0.01820005625
0.01820005625
0.01820005625
0.01820005625
0.01820005625
0.01820005625
0.01820005625
0.01820005625
0.01820005625
0.01820005625
0.01820005625
0.01820005625
0.01820005625
0.01820005625
0.01820005625
0.01820005625
0.01820005625
0.01820005625
0.01820005625
0.01820005625
0.01820005625
0.01820005625
0.01820005625
0.01820005625
0.01820005625
0.01820005625
0.01820005625
0.01820005625
0.01820005625
0.01820005625
0.01820005625
0.01820005625
0.01820005625
0.01820005625
0.01820005625
0.01820005625
0.01820005625
0.01820005625
0.01820005625
0.01820005625
0.01820005625
0.01820005625
0.01820005625
0.01820005625
0.01820005625
0.01820005625
0.01820005625
0.01820005625
0.01820005625
0.01820005625
0.01820005625
0.01820005625
0.01820005625
0.01820005625
0.01820005625
0.01820005625
0.01820005625
0.01820005625
0.01820005625
0.01820005625
0.01820005625
0.01820005625
0.01820005625
0.01820005625
0.01820005625
0.01820005626
0.01820005626
0.01820005626
0.01820005626
0.01820005626
0.01820005626
0.01820005626
0.01820005626
0.01820005626
0.01820005626
0.01820005626
0.01820005626
0.01820005626
0.01820005626
0.01820005626
0.01820005626
0.01820005626
0.01820005626
0.01820005626
0.01820005626
0.01820005626
0.01820005626
0.01820005626
0.01820005626
0.01820005626
0.01820005626
0.01820005626
0.01820005626
0.01820005626
0.01820005626
0.01820005626
0.01820005626
0.01820005626
0.01820005626
0.01820005626
0.01820005626
0.01820005626
0.01820005626
0.01820005626
0.01820005626
0.01820005626
0.01820005626
0.01820005626
0.01820005626
0.01820005626
0.01820005626
0.01820005626
0.01820005626
0.01820005626
0.01820005626
0.01820005626
0.01820005626
0.01820005626
0.01820005626
0.01820005626
0.01820005626
0.01820005626
0.01820005626
0.01820005626
0.01820005626
0.01820005626
0.01820005626
0.01820005626
0.01820005626
0.01820005626
0.01820005626
0.01820005626
0.01820005626
0.01820005626
0.01820005626
0.01820005626
0.01820005626
0.01820005626
0.01820005626
0.01820005626
0.01820005626
0.01820005626
0.01820005626
0.01820005626
0.01820005626
0.01820005626
0.01820005626
0.04868610225
0.04856604607
0.0487410769
0.04901524352
0.04938692796
0.04985663357
0.0504263331
0.05110000362
0.05188433541
0.05278927388
0.05382894104
0.05502208568
0.05639222193
0.05796790995
0.05978305555
0.06187741482
0.06429736017
0.06709659692
0.07033550541
0.07407529567
0.0783582971
0.08315823903
0.08827675819
0.09314280298
0.09633131792
0.09393832503
0.07697975881
0.041300756
0.01820962912
0.01820020494
0.01820005648
0.01820005626
0.01820005625
0.01820005625
0.01820005625
0.01820005625
0.01820005625
0.01820005625
0.01820005625
0.01820005625
0.01820005625
0.01820005625
0.01820005625
0.01820005625
0.01820005625
0.01820005625
0.01820005625
0.01820005625
0.01820005625
0.01820005625
0.01820005625
0.01820005625
0.01820005625
0.01820005625
0.01820005625
0.01820005625
0.01820005625
0.01820005625
0.01820005625
0.01820005625
0.01820005625
0.01820005625
0.01820005625
0.01820005625
0.01820005625
0.01820005625
0.01820005625
0.01820005625
0.01820005625
0.01820005625
0.01820005625
0.01820005625
0.01820005625
0.01820005625
0.01820005625
0.01820005625
0.01820005625
0.01820005625
0.01820005625
0.01820005625
0.01820005625
0.01820005625
0.01820005625
0.01820005625
0.01820005625
0.01820005625
0.01820005625
0.01820005625
0.01820005625
0.01820005625
0.01820005625
0.01820005625
0.01820005625
0.01820005625
0.01820005625
0.01820005625
0.01820005625
0.01820005625
0.01820005625
0.01820005625
0.01820005625
0.01820005625
0.01820005625
0.01820005625
0.01820005625
0.01820005625
0.01820005625
0.01820005625
0.01820005625
0.01820005625
0.01820005625
0.01820005625
0.01820005625
0.01820005625
0.01820005625
0.01820005625
0.01820005625
0.01820005625
0.01820005626
0.01820005626
0.01820005626
0.01820005626
0.01820005626
0.01820005626
0.01820005626
0.01820005626
0.01820005626
0.01820005626
0.01820005626
0.01820005626
0.01820005626
0.01820005626
0.01820005626
0.01820005626
0.01820005626
0.01820005626
0.01820005626
0.01820005626
0.01820005626
0.01820005626
0.01820005626
0.01820005626
0.01820005626
0.01820005626
0.01820005626
0.01820005626
0.01820005626
0.01820005626
0.01820005626
0.01820005626
0.01820005626
0.01820005626
0.01820005626
0.01820005626
0.01820005626
0.01820005626
0.01820005626
0.01820005626
0.01820005626
0.01820005626
0.01820005626
0.01820005626
0.01820005626
0.01820005626
0.01820005626
0.01820005626
0.01820005626
0.01820005626
0.01820005626
0.01820005626
0.01820005626
0.01820005626
0.01820005626
0.01820005626
0.01820005626
0.01820005626
0.01820005626
0.01820005626
0.01820005626
0.01820005626
0.01820005626
0.01820005626
0.01820005626
0.01820005626
0.01820005626
0.01820005626
0.01820005626
0.01820005626
0.01820005626
0.01820005626
0.01820005626
0.01820005626
0.01820005626
0.01820005626
0.01820005626
0.01820005626
0.01820005626
0.01820005626
0.01820005626
0.01820005626
0.04871768441
0.04859780356
0.0487789527
0.04906167847
0.04944376333
0.04992469321
0.05050484832
0.0511859379
0.05197170186
0.05286869266
0.05388692285
0.05504133503
0.0563521193
0.05784552009
0.05955455123
0.06151970926
0.06378961573
0.06642119206
0.06947816278
0.07302495247
0.07710992679
0.08172746214
0.08674406947
0.09176493303
0.09583738337
0.09628290978
0.08537764519
0.05412150744
0.01865517882
0.01820037635
0.01820005987
0.01820005626
0.01820005625
0.01820005625
0.01820005625
0.01820005625
0.01820005625
0.01820005625
0.01820005625
0.01820005625
0.01820005625
0.01820005625
0.01820005625
0.01820005625
0.01820005625
0.01820005625
0.01820005625
0.01820005625
0.01820005625
0.01820005625
0.01820005625
0.01820005625
0.01820005625
0.01820005625
0.01820005625
0.01820005625
0.01820005625
0.01820005625
0.01820005625
0.01820005625
0.01820005625
0.01820005625
0.01820005625
0.01820005625
0.01820005625
0.01820005625
0.01820005625
0.01820005625
0.01820005625
0.01820005625
0.01820005625
0.01820005625
0.01820005625
0.01820005625
0.01820005625
0.01820005625
0.01820005625
0.01820005625
0.01820005625
0.01820005625
0.01820005625
0.01820005625
0.01820005625
0.01820005625
0.01820005625
0.01820005625
0.01820005625
0.01820005625
0.01820005625
0.01820005625
0.01820005625
0.01820005625
0.01820005625
0.01820005625
0.01820005625
0.01820005625
0.01820005625
0.01820005625
0.01820005625
0.01820005625
0.01820005625
0.01820005625
0.01820005625
0.01820005625
0.01820005625
0.01820005625
0.01820005625
0.01820005625
0.01820005625
0.01820005625
0.01820005625
0.01820005625
0.01820005625
0.01820005625
0.01820005625
0.01820005625
0.01820005625
0.01820005626
0.01820005626
0.01820005626
0.01820005626
0.01820005626
0.01820005626
0.01820005626
0.01820005626
0.01820005626
0.01820005626
0.01820005626
0.01820005626
0.01820005626
0.01820005626
0.01820005626
0.01820005626
0.01820005626
0.01820005626
0.01820005626
0.01820005626
0.01820005626
0.01820005626
0.01820005626
0.01820005626
0.01820005626
0.01820005626
0.01820005626
0.01820005626
0.01820005626
0.01820005626
0.01820005626
0.01820005626
0.01820005626
0.01820005626
0.01820005626
0.01820005626
0.01820005626
0.01820005626
0.01820005626
0.01820005626
0.01820005626
0.01820005626
0.01820005626
0.01820005626
0.01820005626
0.01820005626
0.01820005626
0.01820005626
0.01820005626
0.01820005626
0.01820005626
0.01820005626
0.01820005626
0.01820005626
0.01820005626
0.01820005626
0.01820005626
0.01820005626
0.01820005626
0.01820005626
0.01820005626
0.01820005626
0.01820005626
0.01820005626
0.01820005626
0.01820005626
0.01820005626
0.01820005626
0.01820005626
0.01820005626
0.01820005626
0.01820005626
0.01820005626
0.01820005626
0.01820005626
0.01820005626
0.01820005626
0.01820005626
0.01820005626
0.01820005626
0.01820005626
0.01820005626
0.01820005626
0.04881900794
0.04869778277
0.0488845271
0.04917544503
0.04956809981
0.05006156151
0.05065544454
0.05135021084
0.05214777429
0.05305228316
0.05407074847
0.05521468517
0.05650092308
0.05795271541
0.05960088278
0.06148480934
0.06365306359
0.06616310994
0.06907896137
0.07246446499
0.07636799638
0.08079175311
0.08563639874
0.09060708212
0.09501937724
0.09699849338
0.0902567053
0.0634202782
0.02394395678
0.01820208904
0.01820009623
0.0182000563
0.01820005626
0.01820005625
0.01820005625
0.01820005625
0.01820005625
0.01820005625
0.01820005625
0.01820005625
0.01820005625
0.01820005625
0.01820005625
0.01820005625
0.01820005625
0.01820005625
0.01820005625
0.01820005625
0.01820005625
0.01820005625
0.01820005625
0.01820005625
0.01820005625
0.01820005625
0.01820005625
0.01820005625
0.01820005625
0.01820005625
0.01820005625
0.01820005625
0.01820005625
0.01820005625
0.01820005625
0.01820005625
0.01820005625
0.01820005625
0.01820005625
0.01820005625
0.01820005625
0.01820005625
0.01820005625
0.01820005625
0.01820005625
0.01820005625
0.01820005625
0.01820005625
0.01820005625
0.01820005625
0.01820005625
0.01820005625
0.01820005625
0.01820005625
0.01820005625
0.01820005625
0.01820005625
0.01820005625
0.01820005625
0.01820005625
0.01820005625
0.01820005625
0.01820005625
0.01820005625
0.01820005625
0.01820005625
0.01820005625
0.01820005625
0.01820005625
0.01820005625
0.01820005625
0.01820005625
0.01820005625
0.01820005625
0.01820005625
0.01820005625
0.01820005625
0.01820005625
0.01820005625
0.01820005625
0.01820005625
0.01820005625
0.01820005625
0.01820005625
0.01820005625
0.01820005625
0.01820005625
0.01820005625
0.01820005625
0.01820005626
0.01820005626
0.01820005626
0.01820005626
0.01820005626
0.01820005626
0.01820005626
0.01820005626
0.01820005626
0.01820005626
0.01820005626
0.01820005626
0.01820005626
0.01820005626
0.01820005626
0.01820005626
0.01820005626
0.01820005626
0.01820005626
0.01820005626
0.01820005626
0.01820005626
0.01820005626
0.01820005626
0.01820005626
0.01820005626
0.01820005626
0.01820005626
0.01820005626
0.01820005626
0.01820005626
0.01820005626
0.01820005626
0.01820005626
0.01820005626
0.01820005626
0.01820005626
0.01820005626
0.01820005626
0.01820005626
0.01820005626
0.01820005626
0.01820005626
0.01820005626
0.01820005626
0.01820005626
0.01820005626
0.01820005626
0.01820005626
0.01820005626
0.01820005626
0.01820005626
0.01820005626
0.01820005626
0.01820005626
0.01820005626
0.01820005626
0.01820005626
0.01820005626
0.01820005626
0.01820005626
0.01820005626
0.01820005626
0.01820005626
0.01820005626
0.01820005626
0.01820005626
0.01820005626
0.01820005626
0.01820005626
0.01820005626
0.01820005626
0.01820005626
0.01820005626
0.01820005626
0.01820005626
0.01820005626
0.01820005626
0.01820005626
0.01820005626
0.01820005626
0.01820005626
0.01820005626
0.04898093732
0.04885799615
0.04904997604
0.04934870549
0.0497517087
0.05025796409
0.05086682979
0.05157824123
0.05239320849
0.05331451311
0.05434730312
0.0555006631
0.0567886778
0.05823167052
0.05985757983
0.06170312539
0.06381440683
0.06624628232
0.06905940419
0.07231304061
0.07605070956
0.08027426489
0.08490074816
0.08969360958
0.09413218021
0.09688545036
0.09305007652
0.07079325504
0.0307135477
0.0182050604
0.01820014768
0.01820005637
0.01820005626
0.01820005625
0.01820005625
0.01820005625
0.01820005625
0.01820005625
0.01820005625
0.01820005625
0.01820005625
0.01820005625
0.01820005625
0.01820005625
0.01820005625
0.01820005625
0.01820005625
0.01820005625
0.01820005625
0.01820005625
0.01820005625
0.01820005625
0.01820005625
0.01820005625
0.01820005625
0.01820005625
0.01820005625
0.01820005625
0.01820005625
0.01820005625
0.01820005625
0.01820005625
0.01820005625
0.01820005625
0.01820005625
0.01820005625
0.01820005625
0.01820005625
0.01820005625
0.01820005625
0.01820005625
0.01820005625
0.01820005625
0.01820005625
0.01820005625
0.01820005625
0.01820005625
0.01820005625
0.01820005625
0.01820005625
0.01820005625
0.01820005625
0.01820005625
0.01820005625
0.01820005625
0.01820005625
0.01820005625
0.01820005625
0.01820005625
0.01820005625
0.01820005625
0.01820005625
0.01820005625
0.01820005625
0.01820005625
0.01820005625
0.01820005625
0.01820005625
0.01820005625
0.01820005625
0.01820005625
0.01820005625
0.01820005625
0.01820005625
0.01820005625
0.01820005625
0.01820005625
0.01820005625
0.01820005625
0.01820005625
0.01820005625
0.01820005625
0.01820005625
0.01820005625
0.01820005625
0.01820005625
0.01820005625
0.01820005626
0.01820005626
0.01820005626
0.01820005626
0.01820005626
0.01820005626
0.01820005626
0.01820005626
0.01820005626
0.01820005626
0.01820005626
0.01820005626
0.01820005626
0.01820005626
0.01820005626
0.01820005626
0.01820005626
0.01820005626
0.01820005626
0.01820005626
0.01820005626
0.01820005626
0.01820005626
0.01820005626
0.01820005626
0.01820005626
0.01820005626
0.01820005626
0.01820005626
0.01820005626
0.01820005626
0.01820005626
0.01820005626
0.01820005626
0.01820005626
0.01820005626
0.01820005626
0.01820005626
0.01820005626
0.01820005626
0.01820005626
0.01820005626
0.01820005626
0.01820005626
0.01820005626
0.01820005626
0.01820005626
0.01820005626
0.01820005626
0.01820005626
0.01820005626
0.01820005626
0.01820005626
0.01820005626
0.01820005626
0.01820005626
0.01820005626
0.01820005626
0.01820005626
0.01820005626
0.01820005626
0.01820005626
0.01820005626
0.01820005626
0.01820005626
0.01820005626
0.01820005626
0.01820005626
0.01820005626
0.01820005626
0.01820005626
0.01820005626
0.01820005626
0.01820005626
0.01820005626
0.01820005626
0.01820005626
0.01820005626
0.01820005626
0.01820005626
0.01820005626
0.01820005626
0.01820005626
0.04919246568
0.04906834225
0.04926564873
0.04957236448
0.04998606189
0.0505057902
0.05113093165
0.05186133123
0.05269771158
0.05364227806
0.05469919889
0.05587613874
0.05718523147
0.05864431592
0.06027830328
0.06212031728
0.06421219081
0.06660361753
0.06934889599
0.07249973467
0.07609201832
0.08012382067
0.08452139285
0.0890884783
0.09341875277
0.09655893042
0.09475519163
0.07656164005
0.03730396853
0.01820827554
0.01820019643
0.01820005646
0.01820005626
0.01820005625
0.01820005625
0.01820005625
0.01820005625
0.01820005625
0.01820005625
0.01820005625
0.01820005625
0.01820005625
0.01820005625
0.01820005625
0.01820005625
0.01820005625
0.01820005625
0.01820005625
0.01820005625
0.01820005625
0.01820005625
0.01820005625
0.01820005625
0.01820005625
0.01820005625
0.01820005625
0.01820005625
0.01820005625
0.01820005625
0.01820005625
0.01820005625
0.01820005625
0.01820005625
0.01820005625
0.01820005625
0.01820005625
0.01820005625
0.01820005625
0.01820005625
0.01820005625
0.01820005625
0.01820005625
0.01820005625
0.01820005625
0.01820005625
0.01820005625
0.01820005625
0.01820005625
0.01820005625
0.01820005625
0.01820005625
0.01820005625
0.01820005625
0.01820005625
0.01820005625
0.01820005625
0.01820005625
0.01820005625
0.01820005625
0.01820005625
0.01820005625
0.01820005625
0.01820005625
0.01820005625
0.01820005625
0.01820005625
0.01820005625
0.01820005625
0.01820005625
0.01820005625
0.01820005625
0.01820005625
0.01820005625
0.01820005625
0.01820005625
0.01820005625
0.01820005625
0.01820005625
0.01820005625
0.01820005625
0.01820005625
0.01820005625
0.01820005625
0.01820005625
0.01820005625
0.01820005625
0.01820005626
0.01820005626
0.01820005626
0.01820005626
0.01820005626
0.01820005626
0.01820005626
0.01820005626
0.01820005626
0.01820005626
0.01820005626
0.01820005626
0.01820005626
0.01820005626
0.01820005626
0.01820005626
0.01820005626
0.01820005626
0.01820005626
0.01820005626
0.01820005626
0.01820005626
0.01820005626
0.01820005626
0.01820005626
0.01820005626
0.01820005626
0.01820005626
0.01820005626
0.01820005626
0.01820005626
0.01820005626
0.01820005626
0.01820005626
0.01820005626
0.01820005626
0.01820005626
0.01820005626
0.01820005626
0.01820005626
0.01820005626
0.01820005626
0.01820005626
0.01820005626
0.01820005626
0.01820005626
0.01820005626
0.01820005626
0.01820005626
0.01820005626
0.01820005626
0.01820005626
0.01820005626
0.01820005626
0.01820005626
0.01820005626
0.01820005626
0.01820005626
0.01820005626
0.01820005626
0.01820005626
0.01820005626
0.01820005626
0.01820005626
0.01820005626
0.01820005626
0.01820005626
0.01820005626
0.01820005626
0.01820005626
0.01820005626
0.01820005626
0.01820005626
0.01820005626
0.01820005626
0.01820005626
0.01820005626
0.01820005626
0.01820005626
0.01820005626
0.01820005626
0.01820005626
0.01820005626
0.01820005626
0.04944347525
0.04931921106
0.04952238423
0.04983788478
0.05026337908
0.05079806355
0.05144148402
0.05219362835
0.05305528792
0.05402858926
0.05511730902
0.05632847065
0.05767297611
0.05916676091
0.06083196333
0.06269785833
0.06480113622
0.0671848553
0.06989511943
0.07297424707
0.07644895708
0.08031194401
0.0844951611
0.088832635
0.09300204919
0.09630812338
0.09586891738
0.08090413095
0.04296980565
0.01821106131
0.0182002354
0.01820005655
0.01820005626
0.01820005625
0.01820005625
0.01820005625
0.01820005625
0.01820005625
0.01820005625
0.01820005625
0.01820005625
0.01820005625
0.01820005625
0.01820005625
0.01820005625
0.01820005625
0.01820005625
0.01820005625
0.01820005625
0.01820005625
0.01820005625
0.01820005625
0.01820005625
0.01820005625
0.01820005625
0.01820005625
0.01820005625
0.01820005625
0.01820005625
0.01820005625
0.01820005625
0.01820005625
0.01820005625
0.01820005625
0.01820005625
0.01820005625
0.01820005625
0.01820005625
0.01820005625
0.01820005625
0.01820005625
0.01820005625
0.01820005625
0.01820005625
0.01820005625
0.01820005625
0.01820005625
0.01820005625
0.01820005625
0.01820005625
0.01820005625
0.01820005625
0.01820005625
0.01820005625
0.01820005625
0.01820005625
0.01820005625
0.01820005625
0.01820005625
0.01820005625
0.01820005625
0.01820005625
0.01820005625
0.01820005625
0.01820005625
0.01820005625
0.01820005625
0.01820005625
0.01820005625
0.01820005625
0.01820005625
0.01820005625
0.01820005625
0.01820005625
0.01820005625
0.01820005625
0.01820005625
0.01820005625
0.01820005625
0.01820005625
0.01820005625
0.01820005625
0.01820005625
0.01820005625
0.01820005625
0.01820005626
0.01820005626
0.01820005626
0.01820005626
0.01820005626
0.01820005626
0.01820005626
0.01820005626
0.01820005626
0.01820005626
0.01820005626
0.01820005626
0.01820005626
0.01820005626
0.01820005626
0.01820005626
0.01820005626
0.01820005626
0.01820005626
0.01820005626
0.01820005626
0.01820005626
0.01820005626
0.01820005626
0.01820005626
0.01820005626
0.01820005626
0.01820005626
0.01820005626
0.01820005626
0.01820005626
0.01820005626
0.01820005626
0.01820005626
0.01820005626
0.01820005626
0.01820005626
0.01820005626
0.01820005626
0.01820005626
0.01820005626
0.01820005626
0.01820005626
0.01820005626
0.01820005626
0.01820005626
0.01820005626
0.01820005626
0.01820005626
0.01820005626
0.01820005626
0.01820005626
0.01820005626
0.01820005626
0.01820005626
0.01820005626
0.01820005626
0.01820005626
0.01820005626
0.01820005626
0.01820005626
0.01820005626
0.01820005626
0.01820005626
0.01820005626
0.01820005626
0.01820005626
0.01820005626
0.01820005626
0.01820005626
0.01820005626
0.01820005626
0.01820005626
0.01820005626
0.01820005626
0.01820005626
0.01820005626
0.01820005626
0.01820005626
0.01820005626
0.01820005626
0.01820005626
0.01820005626
0.01820005626
0.01820005626
0.04972623807
0.04960301217
0.04981290677
0.0501384519
0.05057744016
0.05112925621
0.05179368018
0.05257096311
0.05346215785
0.05446954543
0.05559695826
0.05685123919
0.05824261913
0.05978568128
0.06150022856
0.06341187989
0.06555200918
0.06795643672
0.07066208117
0.07370063298
0.07708826559
0.08081050697
0.08480159531
0.08891757212
0.09289730864
0.09622002209
0.09663145307
0.08403668979
0.04742404119
0.01821317476
0.01820026381
0.01820005661
0.01820005626
0.01820005625
0.01820005625
0.01820005625
0.01820005625
0.01820005625
0.01820005625
0.01820005625
0.01820005625
0.01820005625
0.01820005625
0.01820005625
0.01820005625
0.01820005625
0.01820005625
0.01820005625
0.01820005625
0.01820005625
0.01820005625
0.01820005625
0.01820005625
0.01820005625
0.01820005625
0.01820005625
0.01820005625
0.01820005625
0.01820005625
0.01820005625
0.01820005625
0.01820005625
0.01820005625
0.01820005625
0.01820005625
0.01820005625
0.01820005625
0.01820005625
0.01820005625
0.01820005625
0.01820005625
0.01820005625
0.01820005625
0.01820005625
0.01820005625
0.01820005625
0.01820005625
0.01820005625
0.01820005625
0.01820005625
0.01820005625
0.01820005625
0.01820005625
0.01820005625
0.01820005625
0.01820005625
0.01820005625
0.01820005625
0.01820005625
0.01820005625
0.01820005625
0.01820005625
0.01820005625
0.01820005625
0.01820005625
0.01820005625
0.01820005625
0.01820005625
0.01820005625
0.01820005625
0.01820005625
0.01820005625
0.01820005625
0.01820005625
0.01820005625
0.01820005625
0.01820005625
0.01820005625
0.01820005625
0.01820005625
0.01820005625
0.01820005625
0.01820005625
0.01820005625
0.01820005625
0.01820005626
0.01820005626
0.01820005626
0.01820005626
0.01820005626
0.01820005626
0.01820005626
0.01820005626
0.01820005626
0.01820005626
0.01820005626
0.01820005626
0.01820005626
0.01820005626
0.01820005626
0.01820005626
0.01820005626
0.01820005626
0.01820005626
0.01820005626
0.01820005626
0.01820005626
0.01820005626
0.01820005626
0.01820005626
0.01820005626
0.01820005626
0.01820005626
0.01820005626
0.01820005626
0.01820005626
0.01820005626
0.01820005626
0.01820005626
0.01820005626
0.01820005626
0.01820005626
0.01820005626
0.01820005626
0.01820005626
0.01820005626
0.01820005626
0.01820005626
0.01820005626
0.01820005626
0.01820005626
0.01820005626
0.01820005626
0.01820005626
0.01820005626
0.01820005626
0.01820005626
0.01820005626
0.01820005626
0.01820005626
0.01820005626
0.01820005626
0.01820005626
0.01820005626
0.01820005626
0.01820005626
0.01820005626
0.01820005626
0.01820005626
0.01820005626
0.01820005626
0.01820005626
0.01820005626
0.01820005626
0.01820005626
0.01820005626
0.01820005626
0.01820005626
0.01820005626
0.01820005626
0.01820005626
0.01820005626
0.01820005626
0.01820005626
0.01820005626
0.01820005626
0.01820005626
0.01820005626
0.01820005626
0.01820005626
0.05003595834
0.04991482368
0.05013246144
0.0504695742
0.05092411392
0.05149568912
0.05218436317
0.05299072174
0.05391618493
0.05496328973
0.05613622107
0.0574418877
0.0588902119
0.06049482597
0.06227359041
0.06424877257
0.06644654115
0.06889528951
0.07162218277
0.0746472968
0.07797482448
0.0815810449
0.08539898688
0.08929962049
0.0930658147
0.09629444924
0.0971712833
0.08618332284
0.05061029502
0.01821461932
0.01820028313
0.01820005666
0.01820005626
0.01820005625
0.01820005625
0.01820005625
0.01820005625
0.01820005625
0.01820005625
0.01820005625
0.01820005625
0.01820005625
0.01820005625
0.01820005625
0.01820005625
0.01820005625
0.01820005625
0.01820005625
0.01820005625
0.01820005625
0.01820005625
0.01820005625
0.01820005625
0.01820005625
0.01820005625
0.01820005625
0.01820005625
0.01820005625
0.01820005625
0.01820005625
0.01820005625
0.01820005625
0.01820005625
0.01820005625
0.01820005625
0.01820005625
0.01820005625
0.01820005625
0.01820005625
0.01820005625
0.01820005625
0.01820005625
0.01820005625
0.01820005625
0.01820005625
0.01820005625
0.01820005625
0.01820005625
0.01820005625
0.01820005625
0.01820005625
0.01820005625
0.01820005625
0.01820005625
0.01820005625
0.01820005625
0.01820005625
0.01820005625
0.01820005625
0.01820005625
0.01820005625
0.01820005625
0.01820005625
0.01820005625
0.01820005625
0.01820005625
0.01820005625
0.01820005625
0.01820005625
0.01820005625
0.01820005625
0.01820005625
0.01820005625
0.01820005625
0.01820005625
0.01820005625
0.01820005625
0.01820005625
0.01820005625
0.01820005625
0.01820005625
0.01820005625
0.01820005625
0.01820005625
0.01820005625
0.01820005626
0.01820005626
0.01820005626
0.01820005626
0.01820005626
0.01820005626
0.01820005626
0.01820005626
0.01820005626
0.01820005626
0.01820005626
0.01820005626
0.01820005626
0.01820005626
0.01820005626
0.01820005626
0.01820005626
0.01820005626
0.01820005626
0.01820005626
0.01820005626
0.01820005626
0.01820005626
0.01820005626
0.01820005626
0.01820005626
0.01820005626
0.01820005626
0.01820005626
0.01820005626
0.01820005626
0.01820005626
0.01820005626
0.01820005626
0.01820005626
0.01820005626
0.01820005626
0.01820005626
0.01820005626
0.01820005626
0.01820005626
0.01820005626
0.01820005626
0.01820005626
0.01820005626
0.01820005626
0.01820005626
0.01820005626
0.01820005626
0.01820005626
0.01820005626
0.01820005626
0.01820005626
0.01820005626
0.01820005626
0.01820005626
0.01820005626
0.01820005626
0.01820005626
0.01820005626
0.01820005626
0.01820005626
0.01820005626
0.01820005626
0.01820005626
0.01820005626
0.01820005626
0.01820005626
0.01820005626
0.01820005626
0.01820005626
0.01820005626
0.01820005626
0.01820005626
0.01820005626
0.01820005626
0.01820005626
0.01820005626
0.01820005626
0.01820005626
0.01820005626
0.01820005626
0.01820005626
0.01820005626
0.01820005626
0.05037070615
0.05025244822
0.05047891092
0.0508292258
0.05130154211
0.05189573366
0.05261219472
0.0534519007
0.05441670287
0.05550944542
0.05673480541
0.0580998732
0.05961442319
0.06129132624
0.06314670355
0.06519964902
0.06747121643
0.06998228852
0.07274992294
0.07578187396
0.07906921241
0.0825772211
0.08623480894
0.08992221542
0.09345359216
0.09650563364
0.09756614895
0.08754149065
0.05258641404
0.01821549026
0.01820029515
0.0182000567
0.01820005626
0.01820005625
0.01820005625
0.01820005625
0.01820005625
0.01820005625
0.01820005625
0.01820005625
0.01820005625
0.01820005625
0.01820005625
0.01820005625
0.01820005625
0.01820005625
0.01820005625
0.01820005625
0.01820005625
0.01820005625
0.01820005625
0.01820005625
0.01820005625
0.01820005625
0.01820005625
0.01820005625
0.01820005625
0.01820005625
0.01820005625
0.01820005625
0.01820005625
0.01820005625
0.01820005625
0.01820005625
0.01820005625
0.01820005625
0.01820005625
0.01820005625
0.01820005625
0.01820005625
0.01820005625
0.01820005625
0.01820005625
0.01820005625
0.01820005625
0.01820005625
0.01820005625
0.01820005625
0.01820005625
0.01820005625
0.01820005625
0.01820005625
0.01820005625
0.01820005625
0.01820005625
0.01820005625
0.01820005625
0.01820005625
0.01820005625
0.01820005625
0.01820005625
0.01820005625
0.01820005625
0.01820005625
0.01820005625
0.01820005625
0.01820005625
0.01820005625
0.01820005625
0.01820005625
0.01820005625
0.01820005625
0.01820005625
0.01820005625
0.01820005625
0.01820005625
0.01820005625
0.01820005625
0.01820005625
0.01820005625
0.01820005625
0.01820005625
0.01820005625
0.01820005625
0.01820005625
0.01820005626
0.01820005626
0.01820005626
0.01820005626
0.01820005626
0.01820005626
0.01820005626
0.01820005626
0.01820005626
0.01820005626
0.01820005626
0.01820005626
0.01820005626
0.01820005626
0.01820005626
0.01820005626
0.01820005626
0.01820005626
0.01820005626
0.01820005626
0.01820005626
0.01820005626
0.01820005626
0.01820005626
0.01820005626
0.01820005626
0.01820005626
0.01820005626
0.01820005626
0.01820005626
0.01820005626
0.01820005626
0.01820005626
0.01820005626
0.01820005626
0.01820005626
0.01820005626
0.01820005626
0.01820005626
0.01820005626
0.01820005626
0.01820005626
0.01820005626
0.01820005626
0.01820005626
0.01820005626
0.01820005626
0.01820005626
0.01820005626
0.01820005626
0.01820005626
0.01820005626
0.01820005626
0.01820005626
0.01820005626
0.01820005626
0.01820005626
0.01820005626
0.01820005626
0.01820005626
0.01820005626
0.01820005626
0.01820005626
0.01820005626
0.01820005626
0.01820005626
0.01820005626
0.01820005626
0.01820005626
0.01820005626
0.01820005626
0.01820005626
0.01820005626
0.01820005626
0.01820005626
0.01820005626
0.01820005626
0.01820005626
0.01820005626
0.01820005626
0.01820005626
0.01820005626
0.01820005626
0.01820005626
0.01820005626
0.05073096016
0.05061605016
0.05085240931
0.05121756474
0.05170990181
0.05232960481
0.05307744699
0.05395483999
0.05496410704
0.05610840651
0.05739295184
0.05882501503
0.0604142144
0.06217264476
0.06411467084
0.06625619118
0.06861310661
0.07119870736
0.0740197765
0.07707143575
0.08033108201
0.08375198055
0.08725686444
0.09073088002
0.09401006808
0.09682556339
0.09786661397
0.0882687402
0.05346332907
0.01821589565
0.01820030139
0.01820005671
0.01820005626
0.01820005625
0.01820005625
0.01820005625
0.01820005625
0.01820005625
0.01820005625
0.01820005625
0.01820005625
0.01820005625
0.01820005625
0.01820005625
0.01820005625
0.01820005625
0.01820005625
0.01820005625
0.01820005625
0.01820005625
0.01820005625
0.01820005625
0.01820005625
0.01820005625
0.01820005625
0.01820005625
0.01820005625
0.01820005625
0.01820005625
0.01820005625
0.01820005625
0.01820005625
0.01820005625
0.01820005625
0.01820005625
0.01820005625
0.01820005625
0.01820005625
0.01820005625
0.01820005625
0.01820005625
0.01820005625
0.01820005625
0.01820005625
0.01820005625
0.01820005625
0.01820005625
0.01820005625
0.01820005625
0.01820005625
0.01820005625
0.01820005625
0.01820005625
0.01820005625
0.01820005625
0.01820005625
0.01820005625
0.01820005625
0.01820005625
0.01820005625
0.01820005625
0.01820005625
0.01820005625
0.01820005625
0.01820005625
0.01820005625
0.01820005625
0.01820005625
0.01820005625
0.01820005625
0.01820005625
0.01820005625
0.01820005625
0.01820005625
0.01820005625
0.01820005625
0.01820005625
0.01820005625
0.01820005625
0.01820005625
0.01820005625
0.01820005625
0.01820005625
0.01820005625
0.01820005626
0.01820005626
0.01820005626
0.01820005626
0.01820005626
0.01820005626
0.01820005626
0.01820005626
0.01820005626
0.01820005626
0.01820005626
0.01820005626
0.01820005626
0.01820005626
0.01820005626
0.01820005626
0.01820005626
0.01820005626
0.01820005626
0.01820005626
0.01820005626
0.01820005626
0.01820005626
0.01820005626
0.01820005626
0.01820005626
0.01820005626
0.01820005626
0.01820005626
0.01820005626
0.01820005626
0.01820005626
0.01820005626
0.01820005626
0.01820005626
0.01820005626
0.01820005626
0.01820005626
0.01820005626
0.01820005626
0.01820005626
0.01820005626
0.01820005626
0.01820005626
0.01820005626
0.01820005626
0.01820005626
0.01820005626
0.01820005626
0.01820005626
0.01820005626
0.01820005626
0.01820005626
0.01820005626
0.01820005626
0.01820005626
0.01820005626
0.01820005626
0.01820005626
0.01820005626
0.01820005626
0.01820005626
0.01820005626
0.01820005626
0.01820005626
0.01820005626
0.01820005626
0.01820005626
0.01820005626
0.01820005626
0.01820005626
0.01820005626
0.01820005626
0.01820005626
0.01820005626
0.01820005626
0.01820005626
0.01820005626
0.01820005626
0.01820005626
0.01820005626
0.01820005626
0.01820005626
0.01820005626
0.01820005626
0.01820005626
0.05111883262
0.05100745258
0.05125471927
0.05163627472
0.05215077394
0.05279875393
0.05358141036
0.0545006296
0.05555914463
0.05676055971
0.05811049494
0.05961633713
0.06128742432
0.06313491286
0.06517122718
0.06740889126
0.06985850974
0.07252570648
0.07540700633
0.0784849854
0.08172340606
0.08506319679
0.08841960847
0.09167937289
0.09469352612
0.09723076947
0.09810602713
0.08848283515
0.05337273041
0.01821592709
0.01820030298
0.01820005672
0.01820005626
0.01820005625
0.01820005625
0.01820005625
0.01820005625
0.01820005625
0.01820005625
0.01820005625
0.01820005625
0.01820005625
0.01820005625
0.01820005625
0.01820005625
0.01820005625
0.01820005625
0.01820005625
0.01820005625
0.01820005625
0.01820005625
0.01820005625
0.01820005625
0.01820005625
0.01820005625
0.01820005625
0.01820005625
0.01820005625
0.01820005625
0.01820005625
0.01820005625
0.01820005625
0.01820005625
0.01820005625
0.01820005625
0.01820005625
0.01820005625
0.01820005625
0.01820005625
0.01820005625
0.01820005625
0.01820005625
0.01820005625
0.01820005625
0.01820005625
0.01820005625
0.01820005625
0.01820005625
0.01820005625
0.01820005625
0.01820005625
0.01820005625
0.01820005625
0.01820005625
0.01820005625
0.01820005625
0.01820005625
0.01820005625
0.01820005625
0.01820005625
0.01820005625
0.01820005625
0.01820005625
0.01820005625
0.01820005625
0.01820005625
0.01820005625
0.01820005625
0.01820005625
0.01820005625
0.01820005625
0.01820005625
0.01820005625
0.01820005625
0.01820005625
0.01820005625
0.01820005625
0.01820005625
0.01820005625
0.01820005625
0.01820005625
0.01820005625
0.01820005625
0.01820005625
0.01820005626
0.01820005626
0.01820005626
0.01820005626
0.01820005626
0.01820005626
0.01820005626
0.01820005626
0.01820005626
0.01820005626
0.01820005626
0.01820005626
0.01820005626
0.01820005626
0.01820005626
0.01820005626
0.01820005626
0.01820005626
0.01820005626
0.01820005626
0.01820005626
0.01820005626
0.01820005626
0.01820005626
0.01820005626
0.01820005626
0.01820005626
0.01820005626
0.01820005626
0.01820005626
0.01820005626
0.01820005626
0.01820005626
0.01820005626
0.01820005626
0.01820005626
0.01820005626
0.01820005626
0.01820005626
0.01820005626
0.01820005626
0.01820005626
0.01820005626
0.01820005626
0.01820005626
0.01820005626
0.01820005626
0.01820005626
0.01820005626
0.01820005626
0.01820005626
0.01820005626
0.01820005626
0.01820005626
0.01820005626
0.01820005626
0.01820005626
0.01820005626
0.01820005626
0.01820005626
0.01820005626
0.01820005626
0.01820005626
0.01820005626
0.01820005626
0.01820005626
0.01820005626
0.01820005626
0.01820005626
0.01820005626
0.01820005626
0.01820005626
0.01820005626
0.01820005626
0.01820005626
0.01820005626
0.01820005626
0.01820005626
0.01820005626
0.01820005626
0.01820005626
0.01820005626
0.01820005626
0.01820005626
0.01820005626
0.01820005626
0.05153711715
0.05142922927
0.05168831639
0.05208768803
0.05262629248
0.0533050509
0.0541256105
0.05509034982
0.05620234687
0.05746572449
0.0588863651
0.06047164437
0.06223043016
0.0641726999
0.06630866862
0.06864722749
0.07119349576
0.07394538163
0.07688930389
0.07999565247
0.08321499365
0.08647608328
0.08968596596
0.09273057505
0.09547104724
0.09770328838
0.09830565551
0.08826737707
0.0524501653
0.01821565393
0.01820030072
0.01820005672
0.01820005626
0.01820005625
0.01820005625
0.01820005625
0.01820005625
0.01820005625
0.01820005625
0.01820005625
0.01820005625
0.01820005625
0.01820005625
0.01820005625
0.01820005625
0.01820005625
0.01820005625
0.01820005625
0.01820005625
0.01820005625
0.01820005625
0.01820005625
0.01820005625
0.01820005625
0.01820005625
0.01820005625
0.01820005625
0.01820005625
0.01820005625
0.01820005625
0.01820005625
0.01820005625
0.01820005625
0.01820005625
0.01820005625
0.01820005625
0.01820005625
0.01820005625
0.01820005625
0.01820005625
0.01820005625
0.01820005625
0.01820005625
0.01820005625
0.01820005625
0.01820005625
0.01820005625
0.01820005625
0.01820005625
0.01820005625
0.01820005625
0.01820005625
0.01820005625
0.01820005625
0.01820005625
0.01820005625
0.01820005625
0.01820005625
0.01820005625
0.01820005625
0.01820005625
0.01820005625
0.01820005625
0.01820005625
0.01820005625
0.01820005625
0.01820005625
0.01820005625
0.01820005625
0.01820005625
0.01820005625
0.01820005625
0.01820005625
0.01820005625
0.01820005625
0.01820005625
0.01820005625
0.01820005625
0.01820005625
0.01820005625
0.01820005625
0.01820005625
0.01820005625
0.01820005625
0.01820005626
0.01820005626
0.01820005626
0.01820005626
0.01820005626
0.01820005626
0.01820005626
0.01820005626
0.01820005626
0.01820005626
0.01820005626
0.01820005626
0.01820005626
0.01820005626
0.01820005626
0.01820005626
0.01820005626
0.01820005626
0.01820005626
0.01820005626
0.01820005626
0.01820005626
0.01820005626
0.01820005626
0.01820005626
0.01820005626
0.01820005626
0.01820005626
0.01820005626
0.01820005626
0.01820005626
0.01820005626
0.01820005626
0.01820005626
0.01820005626
0.01820005626
0.01820005626
0.01820005626
0.01820005626
0.01820005626
0.01820005626
0.01820005626
0.01820005626
0.01820005626
0.01820005626
0.01820005626
0.01820005626
0.01820005626
0.01820005626
0.01820005626
0.01820005626
0.01820005626
0.01820005626
0.01820005626
0.01820005626
0.01820005626
0.01820005626
0.01820005626
0.01820005626
0.01820005626
0.01820005626
0.01820005626
0.01820005626
0.01820005626
0.01820005626
0.01820005626
0.01820005626
0.01820005626
0.01820005626
0.01820005626
0.01820005626
0.01820005626
0.01820005626
0.01820005626
0.01820005626
0.01820005626
0.01820005626
0.01820005626
0.01820005626
0.01820005626
0.01820005626
0.01820005626
0.01820005626
0.01820005626
0.01820005626
0.01820005626
0.05198829993
0.05188375924
0.05215546867
0.05257390188
0.05313831285
0.05385002479
0.05471114927
0.05572455547
0.05689361248
0.05822295025
0.05971859438
0.06138775361
0.06323861263
0.06527970796
0.06751875499
0.06996073724
0.07260509348
0.07544198389
0.07844793157
0.08158161463
0.08478103081
0.08796323073
0.09102685446
0.09385567304
0.09631696251
0.09822954997
0.09847770483
0.08767869059
0.05082649845
0.01821512603
0.01820029515
0.0182000567
0.01820005626
0.01820005625
0.01820005625
0.01820005625
0.01820005625
0.01820005625
0.01820005625
0.01820005625
0.01820005625
0.01820005625
0.01820005625
0.01820005625
0.01820005625
0.01820005625
0.01820005625
0.01820005625
0.01820005625
0.01820005625
0.01820005625
0.01820005625
0.01820005625
0.01820005625
0.01820005625
0.01820005625
0.01820005625
0.01820005625
0.01820005625
0.01820005625
0.01820005625
0.01820005625
0.01820005625
0.01820005625
0.01820005625
0.01820005625
0.01820005625
0.01820005625
0.01820005625
0.01820005625
0.01820005625
0.01820005625
0.01820005625
0.01820005625
0.01820005625
0.01820005625
0.01820005625
0.01820005625
0.01820005625
0.01820005625
0.01820005625
0.01820005625
0.01820005625
0.01820005625
0.01820005625
0.01820005625
0.01820005625
0.01820005625
0.01820005625
0.01820005625
0.01820005625
0.01820005625
0.01820005625
0.01820005625
0.01820005625
0.01820005625
0.01820005625
0.01820005625
0.01820005625
0.01820005625
0.01820005625
0.01820005625
0.01820005625
0.01820005625
0.01820005625
0.01820005625
0.01820005625
0.01820005625
0.01820005625
0.01820005625
0.01820005625
0.01820005625
0.01820005625
0.01820005625
0.01820005626
0.01820005626
0.01820005626
0.01820005626
0.01820005626
0.01820005626
0.01820005626
0.01820005626
0.01820005626
0.01820005626
0.01820005626
0.01820005626
0.01820005626
0.01820005626
0.01820005626
0.01820005626
0.01820005626
0.01820005626
0.01820005626
0.01820005626
0.01820005626
0.01820005626
0.01820005626
0.01820005626
0.01820005626
0.01820005626
0.01820005626
0.01820005626
0.01820005626
0.01820005626
0.01820005626
0.01820005626
0.01820005626
0.01820005626
0.01820005626
0.01820005626
0.01820005626
0.01820005626
0.01820005626
0.01820005626
0.01820005626
0.01820005626
0.01820005626
0.01820005626
0.01820005626
0.01820005626
0.01820005626
0.01820005626
0.01820005626
0.01820005626
0.01820005626
0.01820005626
0.01820005626
0.01820005626
0.01820005626
0.01820005626
0.01820005626
0.01820005626
0.01820005626
0.01820005626
0.01820005626
0.01820005626
0.01820005626
0.01820005626
0.01820005626
0.01820005626
0.01820005626
0.01820005626
0.01820005626
0.01820005626
0.01820005626
0.01820005626
0.01820005626
0.01820005626
0.01820005626
0.01820005626
0.01820005626
0.01820005626
0.01820005626
0.01820005626
0.01820005626
0.01820005626
0.01820005626
0.01820005626
0.01820005626
0.01820005626
0.05247380717
0.05237248315
0.05265752205
0.05309611032
0.05368781055
0.05443435333
0.05533831284
0.05640303285
0.05763210591
0.05903062982
0.06060465502
0.06236106247
0.06430714337
0.06644973906
0.06879378781
0.07134010131
0.07408224777
0.07700260363
0.08006799471
0.08322586327
0.08640232591
0.08950340243
0.09241963304
0.09503163157
0.09721254733
0.09879967084
0.09862717819
0.08675224397
0.04862395245
0.01821437847
0.01820028662
0.01820005669
0.01820005626
0.01820005625
0.01820005625
0.01820005625
0.01820005625
0.01820005625
0.01820005625
0.01820005625
0.01820005625
0.01820005625
0.01820005625
0.01820005625
0.01820005625
0.01820005625
0.01820005625
0.01820005625
0.01820005625
0.01820005625
0.01820005625
0.01820005625
0.01820005625
0.01820005625
0.01820005625
0.01820005625
0.01820005625
0.01820005625
0.01820005625
0.01820005625
0.01820005625
0.01820005625
0.01820005625
0.01820005625
0.01820005625
0.01820005625
0.01820005625
0.01820005625
0.01820005625
0.01820005625
0.01820005625
0.01820005625
0.01820005625
0.01820005625
0.01820005625
0.01820005625
0.01820005625
0.01820005625
0.01820005625
0.01820005625
0.01820005625
0.01820005625
0.01820005625
0.01820005625
0.01820005625
0.01820005625
0.01820005625
0.01820005625
0.01820005625
0.01820005625
0.01820005625
0.01820005625
0.01820005625
0.01820005625
0.01820005625
0.01820005625
0.01820005625
0.01820005625
0.01820005625
0.01820005625
0.01820005625
0.01820005625
0.01820005625
0.01820005625
0.01820005625
0.01820005625
0.01820005625
0.01820005625
0.01820005625
0.01820005625
0.01820005625
0.01820005625
0.01820005625
0.01820005626
0.01820005626
0.01820005626
0.01820005626
0.01820005626
0.01820005626
0.01820005626
0.01820005626
0.01820005626
0.01820005626
0.01820005626
0.01820005626
0.01820005626
0.01820005626
0.01820005626
0.01820005626
0.01820005626
0.01820005626
0.01820005626
0.01820005626
0.01820005626
0.01820005626
0.01820005626
0.01820005626
0.01820005626
0.01820005626
0.01820005626
0.01820005626
0.01820005626
0.01820005626
0.01820005626
0.01820005626
0.01820005626
0.01820005626
0.01820005626
0.01820005626
0.01820005626
0.01820005626
0.01820005626
0.01820005626
0.01820005626
0.01820005626
0.01820005626
0.01820005626
0.01820005626
0.01820005626
0.01820005626
0.01820005626
0.01820005626
0.01820005626
0.01820005626
0.01820005626
0.01820005626
0.01820005626
0.01820005626
0.01820005626
0.01820005626
0.01820005626
0.01820005626
0.01820005626
0.01820005626
0.01820005626
0.01820005626
0.01820005626
0.01820005626
0.01820005626
0.01820005626
0.01820005626
0.01820005626
0.01820005626
0.01820005626
0.01820005626
0.01820005626
0.01820005626
0.01820005626
0.01820005626
0.01820005626
0.01820005626
0.01820005626
0.01820005626
0.01820005626
0.01820005626
0.01820005626
0.01820005626
0.01820005626
0.01820005626
0.01820005626
0.05299362634
0.05289550928
0.05319453274
0.05365427858
0.05427461567
0.05505767935
0.056006498
0.05712474619
0.05841638489
0.05988677121
0.06154188445
0.06338812036
0.06543167465
0.0676774546
0.07012736055
0.072777781
0.07561622247
0.07861721856
0.08173805488
0.08491537401
0.08806412231
0.09108015553
0.09384670645
0.09624112633
0.09814392093
0.09940666088
0.0987529364
0.08550806525
0.04595470543
0.01821343607
0.01820027535
0.01820005666
0.01820005626
0.01820005625
0.01820005625
0.01820005625
0.01820005625
0.01820005625
0.01820005625
0.01820005625
0.01820005625
0.01820005625
0.01820005625
0.01820005625
0.01820005625
0.01820005625
0.01820005625
0.01820005625
0.01820005625
0.01820005625
0.01820005625
0.01820005625
0.01820005625
0.01820005625
0.01820005625
0.01820005625
0.01820005625
0.01820005625
0.01820005625
0.01820005625
0.01820005625
0.01820005625
0.01820005625
0.01820005625
0.01820005625
0.01820005625
0.01820005625
0.01820005625
0.01820005625
0.01820005625
0.01820005625
0.01820005625
0.01820005625
0.01820005625
0.01820005625
0.01820005625
0.01820005625
0.01820005625
0.01820005625
0.01820005625
0.01820005625
0.01820005625
0.01820005625
0.01820005625
0.01820005625
0.01820005625
0.01820005625
0.01820005625
0.01820005625
0.01820005625
0.01820005625
0.01820005625
0.01820005625
0.01820005625
0.01820005625
0.01820005625
0.01820005625
0.01820005625
0.01820005625
0.01820005625
0.01820005625
0.01820005625
0.01820005625
0.01820005625
0.01820005625
0.01820005625
0.01820005625
0.01820005625
0.01820005625
0.01820005625
0.01820005625
0.01820005625
0.01820005626
0.01820005626
0.01820005626
0.01820005626
0.01820005626
0.01820005626
0.01820005626
0.01820005626
0.01820005626
0.01820005626
0.01820005626
0.01820005626
0.01820005626
0.01820005626
0.01820005626
0.01820005626
0.01820005626
0.01820005626
0.01820005626
0.01820005626
0.01820005626
0.01820005626
0.01820005626
0.01820005626
0.01820005626
0.01820005626
0.01820005626
0.01820005626
0.01820005626
0.01820005626
0.01820005626
0.01820005626
0.01820005626
0.01820005626
0.01820005626
0.01820005626
0.01820005626
0.01820005626
0.01820005626
0.01820005626
0.01820005626
0.01820005626
0.01820005626
0.01820005626
0.01820005626
0.01820005626
0.01820005626
0.01820005626
0.01820005626
0.01820005626
0.01820005626
0.01820005626
0.01820005626
0.01820005626
0.01820005626
0.01820005626
0.01820005626
0.01820005626
0.01820005626
0.01820005626
0.01820005626
0.01820005626
0.01820005626
0.01820005626
0.01820005626
0.01820005626
0.01820005626
0.01820005626
0.01820005626
0.01820005626
0.01820005626
0.01820005626
0.01820005626
0.01820005626
0.01820005626
0.01820005626
0.01820005626
0.01820005626
0.01820005626
0.01820005626
0.01820005626
0.01820005626
0.01820005626
0.01820005626
0.01820005626
0.01820005626
0.01820005626
0.01820005626
0.05354632821
0.05345159924
0.05376526409
0.05424715661
0.05489744534
0.0557186574
0.0567142488
0.05788811521
0.05924463694
0.06078927185
0.06252780651
0.06446598746
0.06660871368
0.06895872411
0.07151462676
0.07426813633
0.07720049643
0.0802783139
0.08344945704
0.08664018933
0.08975506115
0.09268086738
0.09529424592
0.09747163289
0.09910128036
0.1000456672
0.09884821327
0.0839550938
0.04292098328
0.01821231717
0.01820026144
0.01820005663
0.01820005626
0.01820005625
0.01820005625
0.01820005625
0.01820005625
0.01820005625
0.01820005625
0.01820005625
0.01820005625
0.01820005625
0.01820005625
0.01820005625
0.01820005625
0.01820005625
0.01820005625
0.01820005625
0.01820005625
0.01820005625
0.01820005625
0.01820005625
0.01820005625
0.01820005625
0.01820005625
0.01820005625
0.01820005625
0.01820005625
0.01820005625
0.01820005625
0.01820005625
0.01820005625
0.01820005625
0.01820005625
0.01820005625
0.01820005625
0.01820005625
0.01820005625
0.01820005625
0.01820005625
0.01820005625
0.01820005625
0.01820005625
0.01820005625
0.01820005625
0.01820005625
0.01820005625
0.01820005625
0.01820005625
0.01820005625
0.01820005625
0.01820005625
0.01820005625
0.01820005625
0.01820005625
0.01820005625
0.01820005625
0.01820005625
0.01820005625
0.01820005625
0.01820005625
0.01820005625
0.01820005625
0.01820005625
0.01820005625
0.01820005625
0.01820005625
0.01820005625
0.01820005625
0.01820005625
0.01820005625
0.01820005625
0.01820005625
0.01820005625
0.01820005625
0.01820005625
0.01820005625
0.01820005625
0.01820005625
0.01820005625
0.01820005625
0.01820005626
0.01820005626
0.01820005626
0.01820005626
0.01820005626
0.01820005626
0.01820005626
0.01820005626
0.01820005626
0.01820005626
0.01820005626
0.01820005626
0.01820005626
0.01820005626
0.01820005626
0.01820005626
0.01820005626
0.01820005626
0.01820005626
0.01820005626
0.01820005626
0.01820005626
0.01820005626
0.01820005626
0.01820005626
0.01820005626
0.01820005626
0.01820005626
0.01820005626
0.01820005626
0.01820005626
0.01820005626
0.01820005626
0.01820005626
0.01820005626
0.01820005626
0.01820005626
0.01820005626
0.01820005626
0.01820005626
0.01820005626
0.01820005626
0.01820005626
0.01820005626
0.01820005626
0.01820005626
0.01820005626
0.01820005626
0.01820005626
0.01820005626
0.01820005626
0.01820005626
0.01820005626
0.01820005626
0.01820005626
0.01820005626
0.01820005626
0.01820005626
0.01820005626
0.01820005626
0.01820005626
0.01820005626
0.01820005626
0.01820005626
0.01820005626
0.01820005626
0.01820005626
0.01820005626
0.01820005626
0.01820005626
0.01820005626
0.01820005626
0.01820005626
0.01820005626
0.01820005626
0.01820005626
0.01820005626
0.01820005626
0.01820005626
0.01820005626
0.01820005626
0.01820005626
0.01820005626
0.01820005626
0.01820005626
0.01820005626
0.01820005626
0.01820005626
0.01820005626
0.05412943635
0.05403847853
0.05436748602
0.05487256716
0.055554181
0.05641522596
0.05745954983
0.05869117734
0.06011488298
0.06173609919
0.06356027698
0.06559233551
0.06783566403
0.07029058893
0.072952161
0.0758071593
0.07883034907
0.08198031295
0.08519562195
0.08839261188
0.09146631198
0.09429577011
0.09675227113
0.09871425664
0.1000781133
0.1007131745
0.09890079254
0.08209464854
0.03961608808
0.01821103695
0.01820024491
0.0182000566
0.01820005626
0.01820005625
0.01820005625
0.01820005625
0.01820005625
0.01820005625
0.01820005625
0.01820005625
0.01820005625
0.01820005625
0.01820005625
0.01820005625
0.01820005625
0.01820005625
0.01820005625
0.01820005625
0.01820005625
0.01820005625
0.01820005625
0.01820005625
0.01820005625
0.01820005625
0.01820005625
0.01820005625
0.01820005625
0.01820005625
0.01820005625
0.01820005625
0.01820005625
0.01820005625
0.01820005625
0.01820005625
0.01820005625
0.01820005625
0.01820005625
0.01820005625
0.01820005625
0.01820005625
0.01820005625
0.01820005625
0.01820005625
0.01820005625
0.01820005625
0.01820005625
0.01820005625
0.01820005625
0.01820005625
0.01820005625
0.01820005625
0.01820005625
0.01820005625
0.01820005625
0.01820005625
0.01820005625
0.01820005625
0.01820005625
0.01820005625
0.01820005625
0.01820005625
0.01820005625
0.01820005625
0.01820005625
0.01820005625
0.01820005625
0.01820005625
0.01820005625
0.01820005625
0.01820005625
0.01820005625
0.01820005625
0.01820005625
0.01820005625
0.01820005625
0.01820005625
0.01820005625
0.01820005625
0.01820005625
0.01820005625
0.01820005626
0.01820005626
0.01820005626
0.01820005626
0.01820005626
0.01820005626
0.01820005626
0.01820005626
0.01820005626
0.01820005626
0.01820005626
0.01820005626
0.01820005626
0.01820005626
0.01820005626
0.01820005626
0.01820005626
0.01820005626
0.01820005626
0.01820005626
0.01820005626
0.01820005626
0.01820005626
0.01820005626
0.01820005626
0.01820005626
0.01820005626
0.01820005626
0.01820005626
0.01820005626
0.01820005626
0.01820005626
0.01820005626
0.01820005626
0.01820005626
0.01820005626
0.01820005626
0.01820005626
0.01820005626
0.01820005626
0.01820005626
0.01820005626
0.01820005626
0.01820005626
0.01820005626
0.01820005626
0.01820005626
0.01820005626
0.01820005626
0.01820005626
0.01820005626
0.01820005626
0.01820005626
0.01820005626
0.01820005626
0.01820005626
0.01820005626
0.01820005626
0.01820005626
0.01820005626
0.01820005626
0.01820005626
0.01820005626
0.01820005626
0.01820005626
0.01820005626
0.01820005626
0.01820005626
0.01820005626
0.01820005626
0.01820005626
0.01820005626
0.01820005626
0.01820005626
0.01820005626
0.01820005626
0.01820005626
0.01820005626
0.01820005626
0.01820005626
0.01820005626
0.01820005626
0.01820005626
0.01820005626
0.01820005626
0.01820005626
0.01820005626
0.01820005626
0.01820005626
0.01820005626
0.05473993462
0.05465330477
0.05499842593
0.05552783019
0.05624225745
0.05714495316
0.05824011535
0.05953179998
0.06102512326
0.062725362
0.06463747191
0.06676534703
0.06911063246
0.07167097516
0.07443758142
0.07739201362
0.08050233113
0.08371900083
0.08697145311
0.09016662825
0.09319104906
0.09591753772
0.09821397746
0.09996315614
0.1010704136
0.1014061207
0.09889299575
0.0799232484
0.03612595941
0.01820961074
0.0182002257
0.01820005656
0.01820005626
0.01820005625
0.01820005625
0.01820005625
0.01820005625
0.01820005625
0.01820005625
0.01820005625
0.01820005625
0.01820005625
0.01820005625
0.01820005625
0.01820005625
0.01820005625
0.01820005625
0.01820005625
0.01820005625
0.01820005625
0.01820005625
0.01820005625
0.01820005625
0.01820005625
0.01820005625
0.01820005625
0.01820005625
0.01820005625
0.01820005625
0.01820005625
0.01820005625
0.01820005625
0.01820005625
0.01820005625
0.01820005625
0.01820005625
0.01820005625
0.01820005625
0.01820005625
0.01820005625
0.01820005625
0.01820005625
0.01820005625
0.01820005625
0.01820005625
0.01820005625
0.01820005625
0.01820005625
0.01820005625
0.01820005625
0.01820005625
0.01820005625
0.01820005625
0.01820005625
0.01820005625
0.01820005625
0.01820005625
0.01820005625
0.01820005625
0.01820005625
0.01820005625
0.01820005625
0.01820005625
0.01820005625
0.01820005625
0.01820005625
0.01820005625
0.01820005625
0.01820005625
0.01820005625
0.01820005625
0.01820005625
0.01820005625
0.01820005625
0.01820005625
0.01820005625
0.01820005625
0.01820005625
0.01820005625
0.01820005626
0.01820005626
0.01820005626
0.01820005626
0.01820005626
0.01820005626
0.01820005626
0.01820005626
0.01820005626
0.01820005626
0.01820005626
0.01820005626
0.01820005626
0.01820005626
0.01820005626
0.01820005626
0.01820005626
0.01820005626
0.01820005626
0.01820005626
0.01820005626
0.01820005626
0.01820005626
0.01820005626
0.01820005626
0.01820005626
0.01820005626
0.01820005626
0.01820005626
0.01820005626
0.01820005626
0.01820005626
0.01820005626
0.01820005626
0.01820005626
0.01820005626
0.01820005626
0.01820005626
0.01820005626
0.01820005626
0.01820005626
0.01820005626
0.01820005626
0.01820005626
0.01820005626
0.01820005626
0.01820005626
0.01820005626
0.01820005626
0.01820005626
0.01820005626
0.01820005626
0.01820005626
0.01820005626
0.01820005626
0.01820005626
0.01820005626
0.01820005626
0.01820005626
0.01820005626
0.01820005626
0.01820005626
0.01820005626
0.01820005626
0.01820005626
0.01820005626
0.01820005626
0.01820005626
0.01820005626
0.01820005626
0.01820005626
0.01820005626
0.01820005626
0.01820005626
0.01820005626
0.01820005626
0.01820005626
0.01820005626
0.01820005626
0.01820005626
0.01820005626
0.01820005626
0.01820005626
0.01820005626
0.01820005626
0.01820005626
0.01820005626
0.01820005626
0.01820005626
0.01820005626
0.01820005626
0.0553748039
0.05529316939
0.0556552466
0.05621020936
0.0569590714
0.05790540439
0.05905360216
0.06040786359
0.06197343185
0.06375531244
0.0657577913
0.06798351906
0.07043213704
0.07309831736
0.07596910662
0.07902054891
0.08221377061
0.08549106262
0.08877294841
0.09195764224
0.0949243807
0.09754075597
0.09967488439
0.1012148548
0.1020758407
0.1021208969
0.09880159998
0.07743513999
0.03253113248
0.01820805808
0.0182002037
0.01820005651
0.01820005626
0.01820005625
0.01820005625
0.01820005625
0.01820005625
0.01820005625
0.01820005625
0.01820005625
0.01820005625
0.01820005625
0.01820005625
0.01820005625
0.01820005625
0.01820005625
0.01820005625
0.01820005625
0.01820005625
0.01820005625
0.01820005625
0.01820005625
0.01820005625
0.01820005625
0.01820005625
0.01820005625
0.01820005625
0.01820005625
0.01820005625
0.01820005625
0.01820005625
0.01820005625
0.01820005625
0.01820005625
0.01820005625
0.01820005625
0.01820005625
0.01820005625
0.01820005625
0.01820005625
0.01820005625
0.01820005625
0.01820005625
0.01820005625
0.01820005625
0.01820005625
0.01820005625
0.01820005625
0.01820005625
0.01820005625
0.01820005625
0.01820005625
0.01820005625
0.01820005625
0.01820005625
0.01820005625
0.01820005625
0.01820005625
0.01820005625
0.01820005625
0.01820005625
0.01820005625
0.01820005625
0.01820005625
0.01820005625
0.01820005625
0.01820005625
0.01820005625
0.01820005625
0.01820005625
0.01820005625
0.01820005625
0.01820005625
0.01820005625
0.01820005625
0.01820005625
0.01820005625
0.01820005625
0.01820005626
0.01820005626
0.01820005626
0.01820005626
0.01820005626
0.01820005626
0.01820005626
0.01820005626
0.01820005626
0.01820005626
0.01820005626
0.01820005626
0.01820005626
0.01820005626
0.01820005626
0.01820005626
0.01820005626
0.01820005626
0.01820005626
0.01820005626
0.01820005626
0.01820005626
0.01820005626
0.01820005626
0.01820005626
0.01820005626
0.01820005626
0.01820005626
0.01820005626
0.01820005626
0.01820005626
0.01820005626
0.01820005626
0.01820005626
0.01820005626
0.01820005626
0.01820005626
0.01820005626
0.01820005626
0.01820005626
0.01820005626
0.01820005626
0.01820005626
0.01820005626
0.01820005626
0.01820005626
0.01820005626
0.01820005626
0.01820005626
0.01820005626
0.01820005626
0.01820005626
0.01820005626
0.01820005626
0.01820005626
0.01820005626
0.01820005626
0.01820005626
0.01820005626
0.01820005626
0.01820005626
0.01820005626
0.01820005626
0.01820005626
0.01820005626
0.01820005626
0.01820005626
0.01820005626
0.01820005626
0.01820005626
0.01820005626
0.01820005626
0.01820005626
0.01820005626
0.01820005626
0.01820005626
0.01820005626
0.01820005626
0.01820005626
0.01820005626
0.01820005626
0.01820005626
0.01820005626
0.01820005626
0.01820005626
0.01820005626
0.01820005626
0.01820005626
0.01820005626
0.01820005626
0.01820005626
0.01820005626
0.05603144427
0.05595550895
0.05633543661
0.05691726807
0.05770228288
0.05869435185
0.05989791707
0.06131742327
0.06295802617
0.06482432666
0.06691975089
0.06924546738
0.07179882878
0.07457120947
0.07754515607
0.08069087923
0.08396235464
0.08729368379
0.0905968048
0.09376198516
0.09666246568
0.09916227117
0.1011323879
0.1024674694
0.1030927761
0.1028521907
0.09859778029
0.07462488493
0.02890890035
0.01820640844
0.01820017874
0.01820005647
0.01820005626
0.01820005625
0.01820005625
0.01820005625
0.01820005625
0.01820005625
0.01820005625
0.01820005625
0.01820005625
0.01820005625
0.01820005625
0.01820005625
0.01820005625
0.01820005625
0.01820005625
0.01820005625
0.01820005625
0.01820005625
0.01820005625
0.01820005625
0.01820005625
0.01820005625
0.01820005625
0.01820005625
0.01820005625
0.01820005625
0.01820005625
0.01820005625
0.01820005625
0.01820005625
0.01820005625
0.01820005625
0.01820005625
0.01820005625
0.01820005625
0.01820005625
0.01820005625
0.01820005625
0.01820005625
0.01820005625
0.01820005625
0.01820005625
0.01820005625
0.01820005625
0.01820005625
0.01820005625
0.01820005625
0.01820005625
0.01820005625
0.01820005625
0.01820005625
0.01820005625
0.01820005625
0.01820005625
0.01820005625
0.01820005625
0.01820005625
0.01820005625
0.01820005625
0.01820005625
0.01820005625
0.01820005625
0.01820005625
0.01820005625
0.01820005625
0.01820005625
0.01820005625
0.01820005625
0.01820005625
0.01820005625
0.01820005625
0.01820005625
0.01820005625
0.01820005625
0.01820005625
0.01820005626
0.01820005626
0.01820005626
0.01820005626
0.01820005626
0.01820005626
0.01820005626
0.01820005626
0.01820005626
0.01820005626
0.01820005626
0.01820005626
0.01820005626
0.01820005626
0.01820005626
0.01820005626
0.01820005626
0.01820005626
0.01820005626
0.01820005626
0.01820005626
0.01820005626
0.01820005626
0.01820005626
0.01820005626
0.01820005626
0.01820005626
0.01820005626
0.01820005626
0.01820005626
0.01820005626
0.01820005626
0.01820005626
0.01820005626
0.01820005626
0.01820005626
0.01820005626
0.01820005626
0.01820005626
0.01820005626
0.01820005626
0.01820005626
0.01820005626
0.01820005626
0.01820005626
0.01820005626
0.01820005626
0.01820005626
0.01820005626
0.01820005626
0.01820005626
0.01820005626
0.01820005626
0.01820005626
0.01820005626
0.01820005626
0.01820005626
0.01820005626
0.01820005626
0.01820005626
0.01820005626
0.01820005626
0.01820005626
0.01820005626
0.01820005626
0.01820005626
0.01820005626
0.01820005626
0.01820005626
0.01820005626
0.01820005626
0.01820005626
0.01820005626
0.01820005626
0.01820005626
0.01820005626
0.01820005626
0.01820005626
0.01820005626
0.01820005626
0.01820005626
0.01820005626
0.01820005626
0.01820005626
0.01820005626
0.01820005626
0.01820005626
0.01820005626
0.01820005626
0.01820005626
0.01820005626
0.01820005626
0.01820005626
0.05670793506
0.05663837087
0.05703706493
0.0576471069
0.05847003231
0.05950998065
0.0607713509
0.06225882322
0.06397732615
0.06593090131
0.06812191095
0.07054978734
0.07320928909
0.07608814842
0.07916405529
0.0824010683
0.08574581795
0.08912426133
0.0924401662
0.09557674361
0.09840262976
0.100780096
0.102585044
0.1037197832
0.1041192241
0.1035916056
0.09824719297
0.07149036771
0.02533568033
0.01820471031
0.01820015065
0.01820005642
0.01820005626
0.01820005625
0.01820005625
0.01820005625
0.01820005625
0.01820005625
0.01820005625
0.01820005625
0.01820005625
0.01820005625
0.01820005625
0.01820005625
0.01820005625
0.01820005625
0.01820005625
0.01820005625
0.01820005625
0.01820005625
0.01820005625
0.01820005625
0.01820005625
0.01820005625
0.01820005625
0.01820005625
0.01820005625
0.01820005625
0.01820005625
0.01820005625
0.01820005625
0.01820005625
0.01820005625
0.01820005625
0.01820005625
0.01820005625
0.01820005625
0.01820005625
0.01820005625
0.01820005625
0.01820005625
0.01820005625
0.01820005625
0.01820005625
0.01820005625
0.01820005625
0.01820005625
0.01820005625
0.01820005625
0.01820005625
0.01820005625
0.01820005625
0.01820005625
0.01820005625
0.01820005625
0.01820005625
0.01820005625
0.01820005625
0.01820005625
0.01820005625
0.01820005625
0.01820005625
0.01820005625
0.01820005625
0.01820005625
0.01820005625
0.01820005625
0.01820005625
0.01820005625
0.01820005625
0.01820005625
0.01820005625
0.01820005625
0.01820005625
0.01820005625
0.01820005625
0.01820005625
0.01820005626
0.01820005626
0.01820005626
0.01820005626
0.01820005626
0.01820005626
0.01820005626
0.01820005626
0.01820005626
0.01820005626
0.01820005626
0.01820005626
0.01820005626
0.01820005626
0.01820005626
0.01820005626
0.01820005626
0.01820005626
0.01820005626
0.01820005626
0.01820005626
0.01820005626
0.01820005626
0.01820005626
0.01820005626
0.01820005626
0.01820005626
0.01820005626
0.01820005626
0.01820005626
0.01820005626
0.01820005626
0.01820005626
0.01820005626
0.01820005626
0.01820005626
0.01820005626
0.01820005626
0.01820005626
0.01820005626
0.01820005626
0.01820005626
0.01820005626
0.01820005626
0.01820005626
0.01820005626
0.01820005626
0.01820005626
0.01820005626
0.01820005626
0.01820005626
0.01820005626
0.01820005626
0.01820005626
0.01820005626
0.01820005626
0.01820005626
0.01820005626
0.01820005626
0.01820005626
0.01820005626
0.01820005626
0.01820005626
0.01820005626
0.01820005626
0.01820005626
0.01820005626
0.01820005626
0.01820005626
0.01820005626
0.01820005626
0.01820005626
0.01820005626
0.01820005626
0.01820005626
0.01820005626
0.01820005626
0.01820005626
0.01820005626
0.01820005626
0.01820005626
0.01820005626
0.01820005626
0.01820005626
0.01820005626
0.01820005626
0.01820005626
0.01820005626
0.01820005626
0.01820005626
0.01820005626
0.01820005626
0.01820005626
0.05740312001
0.05734052133
0.05775889007
0.05839847436
0.05926105508
0.06035101141
0.06167262075
0.06323075579
0.06502999672
0.06707366693
0.06936285418
0.07189498999
0.0746619225
0.07764738631
0.08082385304
0.08414892275
0.08756172275
0.09098017847
0.09430039563
0.09739951743
0.1001426559
0.1023927274
0.1040316263
0.1049700642
0.1051514167
0.1043259118
0.0977103098
0.0680364878
0.02189002752
0.01820304777
0.01820011928
0.01820005637
0.01820005626
0.01820005625
0.01820005625
0.01820005625
0.01820005625
0.01820005625
0.01820005625
0.01820005625
0.01820005625
0.01820005625
0.01820005625
0.01820005625
0.01820005625
0.01820005625
0.01820005625
0.01820005625
0.01820005625
0.01820005625
0.01820005625
0.01820005625
0.01820005625
0.01820005625
0.01820005625
0.01820005625
0.01820005625
0.01820005625
0.01820005625
0.01820005625
0.01820005625
0.01820005625
0.01820005625
0.01820005625
0.01820005625
0.01820005625
0.01820005625
0.01820005625
0.01820005625
0.01820005625
0.01820005625
0.01820005625
0.01820005625
0.01820005625
0.01820005625
0.01820005625
0.01820005625
0.01820005625
0.01820005625
0.01820005625
0.01820005625
0.01820005625
0.01820005625
0.01820005625
0.01820005625
0.01820005625
0.01820005625
0.01820005625
0.01820005625
0.01820005625
0.01820005625
0.01820005625
0.01820005625
0.01820005625
0.01820005625
0.01820005625
0.01820005625
0.01820005625
0.01820005625
0.01820005625
0.01820005625
0.01820005625
0.01820005625
0.01820005625
0.01820005625
0.01820005625
0.01820005626
0.01820005626
0.01820005626
0.01820005626
0.01820005626
0.01820005626
0.01820005626
0.01820005626
0.01820005626
0.01820005626
0.01820005626
0.01820005626
0.01820005626
0.01820005626
0.01820005626
0.01820005626
0.01820005626
0.01820005626
0.01820005626
0.01820005626
0.01820005626
0.01820005626
0.01820005626
0.01820005626
0.01820005626
0.01820005626
0.01820005626
0.01820005626
0.01820005626
0.01820005626
0.01820005626
0.01820005626
0.01820005626
0.01820005626
0.01820005626
0.01820005626
0.01820005626
0.01820005626
0.01820005626
0.01820005626
0.01820005626
0.01820005626
0.01820005626
0.01820005626
0.01820005626
0.01820005626
0.01820005626
0.01820005626
0.01820005626
0.01820005626
0.01820005626
0.01820005626
0.01820005626
0.01820005626
0.01820005626
0.01820005626
0.01820005626
0.01820005626
0.01820005626
0.01820005626
0.01820005626
0.01820005626
0.01820005626
0.01820005626
0.01820005626
0.01820005626
0.01820005626
0.01820005626
0.01820005626
0.01820005626
0.01820005626
0.01820005626
0.01820005626
0.01820005626
0.01820005626
0.01820005626
0.01820005626
0.01820005626
0.01820005626
0.01820005626
0.01820005626
0.01820005626
0.01820005626
0.01820005626
0.01820005626
0.01820005626
0.01820005626
0.01820005626
0.01820005626
0.01820005626
0.01820005626
0.01820005626
0.01820005626
0.01820005626
0.05811657843
0.05806143019
0.0585003471
0.05917075631
0.06007467156
0.06121668244
0.06260086706
0.06423223694
0.06611490443
0.06825131126
0.07064105369
0.0732792873
0.07615461864
0.07924641135
0.08252153773
0.08593081165
0.08940567143
0.09285606813
0.09617081953
0.09922167313
0.101870618
0.1039826063
0.1054440553
0.1061706152
0.1061046954
0.1048962753
0.09670048546
0.06384445079
0.01965194475
0.01820175867
0.01820009146
0.01820005632
0.01820005626
0.01820005625
0.01820005625
0.01820005625
0.01820005625
0.01820005625
0.01820005625
0.01820005625
0.01820005625
0.01820005625
0.01820005625
0.01820005625
0.01820005625
0.01820005625
0.01820005625
0.01820005625
0.01820005625
0.01820005625
0.01820005625
0.01820005625
0.01820005625
0.01820005625
0.01820005625
0.01820005625
0.01820005625
0.01820005625
0.01820005625
0.01820005625
0.01820005625
0.01820005625
0.01820005625
0.01820005625
0.01820005625
0.01820005625
0.01820005625
0.01820005625
0.01820005625
0.01820005625
0.01820005625
0.01820005625
0.01820005625
0.01820005625
0.01820005625
0.01820005625
0.01820005625
0.01820005625
0.01820005625
0.01820005625
0.01820005625
0.01820005625
0.01820005625
0.01820005625
0.01820005625
0.01820005625
0.01820005625
0.01820005625
0.01820005625
0.01820005625
0.01820005625
0.01820005625
0.01820005625
0.01820005625
0.01820005625
0.01820005625
0.01820005625
0.01820005625
0.01820005625
0.01820005625
0.01820005625
0.01820005625
0.01820005625
0.01820005625
0.01820005625
0.01820005625
0.01820005626
0.01820005626
0.01820005626
0.01820005626
0.01820005626
0.01820005626
0.01820005626
0.01820005626
0.01820005626
0.01820005626
0.01820005626
0.01820005626
0.01820005626
0.01820005626
0.01820005626
0.01820005626
0.01820005626
0.01820005626
0.01820005626
0.01820005626
0.01820005626
0.01820005626
0.01820005626
0.01820005626
0.01820005626
0.01820005626
0.01820005626
0.01820005626
0.01820005626
0.01820005626
0.01820005626
0.01820005626
0.01820005626
0.01820005626
0.01820005626
0.01820005626
0.01820005626
0.01820005626
0.01820005626
0.01820005626
0.01820005626
0.01820005626
0.01820005626
0.01820005626
0.01820005626
0.01820005626
0.01820005626
0.01820005626
0.01820005626
0.01820005626
0.01820005626
0.01820005626
0.01820005626
0.01820005626
0.01820005626
0.01820005626
0.01820005626
0.01820005626
0.01820005626
0.01820005626
0.01820005626
0.01820005626
0.01820005626
0.01820005626
0.01820005626
0.01820005626
0.01820005626
0.01820005626
0.01820005626
0.01820005626
0.01820005626
0.01820005626
0.01820005626
0.01820005626
0.01820005626
0.01820005626
0.01820005626
0.01820005626
0.01820005626
0.01820005626
0.01820005626
0.01820005626
0.01820005626
0.01820005626
0.01820005626
0.01820005626
0.01820005626
0.01820005626
0.01820005626
0.01820005626
0.01820005626
0.01820005626
0.01820005626
0.01820005626
0.05884843229
0.05880110969
0.05926139507
0.0599638367
0.06091067278
0.06210650137
0.06355545162
0.06526238096
0.0672308435
0.06946222649
0.07195440029
0.0746999438
0.07768385563
0.08088070993
0.0842513391
0.08773936617
0.09126824556
0.09473984112
0.09803577523
0.101022591
0.1035592158
0.1055122147
0.1067699433
0.1072478427
0.1068778411
0.1051736033
0.09515697496
0.05931880312
0.01874943291
0.01820099327
0.01820007362
0.01820005629
0.01820005626
0.01820005625
0.01820005625
0.01820005625
0.01820005625
0.01820005625
0.01820005625
0.01820005625
0.01820005625
0.01820005625
0.01820005625
0.01820005625
0.01820005625
0.01820005625
0.01820005625
0.01820005625
0.01820005625
0.01820005625
0.01820005625
0.01820005625
0.01820005625
0.01820005625
0.01820005625
0.01820005625
0.01820005625
0.01820005625
0.01820005625
0.01820005625
0.01820005625
0.01820005625
0.01820005625
0.01820005625
0.01820005625
0.01820005625
0.01820005625
0.01820005625
0.01820005625
0.01820005625
0.01820005625
0.01820005625
0.01820005625
0.01820005625
0.01820005625
0.01820005625
0.01820005625
0.01820005625
0.01820005625
0.01820005625
0.01820005625
0.01820005625
0.01820005625
0.01820005625
0.01820005625
0.01820005625
0.01820005625
0.01820005625
0.01820005625
0.01820005625
0.01820005625
0.01820005625
0.01820005625
0.01820005625
0.01820005625
0.01820005625
0.01820005625
0.01820005625
0.01820005625
0.01820005625
0.01820005625
0.01820005625
0.01820005625
0.01820005625
0.01820005625
0.01820005625
0.01820005626
0.01820005626
0.01820005626
0.01820005626
0.01820005626
0.01820005626
0.01820005626
0.01820005626
0.01820005626
0.01820005626
0.01820005626
0.01820005626
0.01820005626
0.01820005626
0.01820005626
0.01820005626
0.01820005626
0.01820005626
0.01820005626
0.01820005626
0.01820005626
0.01820005626
0.01820005626
0.01820005626
0.01820005626
0.01820005626
0.01820005626
0.01820005626
0.01820005626
0.01820005626
0.01820005626
0.01820005626
0.01820005626
0.01820005626
0.01820005626
0.01820005626
0.01820005626
0.01820005626
0.01820005626
0.01820005626
0.01820005626
0.01820005626
0.01820005626
0.01820005626
0.01820005626
0.01820005626
0.01820005626
0.01820005626
0.01820005626
0.01820005626
0.01820005626
0.01820005626
0.01820005626
0.01820005626
0.01820005626
0.01820005626
0.01820005626
0.01820005626
0.01820005626
0.01820005626
0.01820005626
0.01820005626
0.01820005626
0.01820005626
0.01820005626
0.01820005626
0.01820005626
0.01820005626
0.01820005626
0.01820005626
0.01820005626
0.01820005626
0.01820005626
0.01820005626
0.01820005626
0.01820005626
0.01820005626
0.01820005626
0.01820005626
0.01820005626
0.01820005626
0.01820005626
0.01820005626
0.01820005626
0.01820005626
0.01820005626
0.01820005626
0.01820005626
0.01820005626
0.01820005626
0.01820005626
0.01820005626
0.01820005626
0.01820005626
0.05959901948
0.05955979916
0.06004218348
0.06077772165
0.06176884549
0.06302005935
0.06453558194
0.0663199477
0.06837600659
0.07070388667
0.07329946317
0.07615239715
0.07924366795
0.08254259203
0.08600347612
0.08956230998
0.09313424886
0.09661296017
0.09987299579
0.102775988
0.1051781964
0.1069477113
0.107974149
0.1081722643
0.1074655533
0.1052193425
0.09335763026
0.05512887558
0.0184064025
0.01820060209
0.01820006421
0.01820005628
0.01820005626
0.01820005625
0.01820005625
0.01820005625
0.01820005625
0.01820005625
0.01820005625
0.01820005625
0.01820005625
0.01820005625
0.01820005625
0.01820005625
0.01820005625
0.01820005625
0.01820005625
0.01820005625
0.01820005625
0.01820005625
0.01820005625
0.01820005625
0.01820005625
0.01820005625
0.01820005625
0.01820005625
0.01820005625
0.01820005625
0.01820005625
0.01820005625
0.01820005625
0.01820005625
0.01820005625
0.01820005625
0.01820005625
0.01820005625
0.01820005625
0.01820005625
0.01820005625
0.01820005625
0.01820005625
0.01820005625
0.01820005625
0.01820005625
0.01820005625
0.01820005625
0.01820005625
0.01820005625
0.01820005625
0.01820005625
0.01820005625
0.01820005625
0.01820005625
0.01820005625
0.01820005625
0.01820005625
0.01820005625
0.01820005625
0.01820005625
0.01820005625
0.01820005625
0.01820005625
0.01820005625
0.01820005625
0.01820005625
0.01820005625
0.01820005625
0.01820005625
0.01820005625
0.01820005625
0.01820005625
0.01820005625
0.01820005625
0.01820005625
0.01820005625
0.01820005625
0.01820005626
0.01820005626
0.01820005626
0.01820005626
0.01820005626
0.01820005626
0.01820005626
0.01820005626
0.01820005626
0.01820005626
0.01820005626
0.01820005626
0.01820005626
0.01820005626
0.01820005626
0.01820005626
0.01820005626
0.01820005626
0.01820005626
0.01820005626
0.01820005626
0.01820005626
0.01820005626
0.01820005626
0.01820005626
0.01820005626
0.01820005626
0.01820005626
0.01820005626
0.01820005626
0.01820005626
0.01820005626
0.01820005626
0.01820005626
0.01820005626
0.01820005626
0.01820005626
0.01820005626
0.01820005626
0.01820005626
0.01820005626
0.01820005626
0.01820005626
0.01820005626
0.01820005626
0.01820005626
0.01820005626
0.01820005626
0.01820005626
0.01820005626
0.01820005626
0.01820005626
0.01820005626
0.01820005626
0.01820005626
0.01820005626
0.01820005626
0.01820005626
0.01820005626
0.01820005626
0.01820005626
0.01820005626
0.01820005626
0.01820005626
0.01820005626
0.01820005626
0.01820005626
0.01820005626
0.01820005626
0.01820005626
0.01820005626
0.01820005626
0.01820005626
0.01820005626
0.01820005626
0.01820005626
0.01820005626
0.01820005626
0.01820005626
0.01820005626
0.01820005626
0.01820005626
0.01820005626
0.01820005626
0.01820005626
0.01820005626
0.01820005626
0.01820005626
0.01820005626
0.01820005626
0.01820005626
0.01820005626
0.01820005626
0.01820005626
0.06036842329
0.06033751495
0.06084259963
0.06161209561
0.06264858703
0.06395639683
0.06553977981
0.06740280129
0.06954742662
0.07197228521
0.07467095447
0.07762980783
0.08082537711
0.08422126391
0.08776481599
0.09138406479
0.0949857519
0.09845553848
0.1016614458
0.1044610426
0.106709061
0.1082761581
0.1090548258
0.1089627546
0.1079231573
0.105143744
0.09151042467
0.05138996517
0.01828112421
0.01820041744
0.01820005981
0.01820005627
0.01820005625
0.01820005625
0.01820005625
0.01820005625
0.01820005625
0.01820005625
0.01820005625
0.01820005625
0.01820005625
0.01820005625
0.01820005625
0.01820005625
0.01820005625
0.01820005625
0.01820005625
0.01820005625
0.01820005625
0.01820005625
0.01820005625
0.01820005625
0.01820005625
0.01820005625
0.01820005625
0.01820005625
0.01820005625
0.01820005625
0.01820005625
0.01820005625
0.01820005625
0.01820005625
0.01820005625
0.01820005625
0.01820005625
0.01820005625
0.01820005625
0.01820005625
0.01820005625
0.01820005625
0.01820005625
0.01820005625
0.01820005625
0.01820005625
0.01820005625
0.01820005625
0.01820005625
0.01820005625
0.01820005625
0.01820005625
0.01820005625
0.01820005625
0.01820005625
0.01820005625
0.01820005625
0.01820005625
0.01820005625
0.01820005625
0.01820005625
0.01820005625
0.01820005625
0.01820005625
0.01820005625
0.01820005625
0.01820005625
0.01820005625
0.01820005625
0.01820005625
0.01820005625
0.01820005625
0.01820005625
0.01820005625
0.01820005625
0.01820005625
0.01820005625
0.01820005625
0.01820005626
0.01820005626
0.01820005626
0.01820005626
0.01820005626
0.01820005626
0.01820005626
0.01820005626
0.01820005626
0.01820005626
0.01820005626
0.01820005626
0.01820005626
0.01820005626
0.01820005626
0.01820005626
0.01820005626
0.01820005626
0.01820005626
0.01820005626
0.01820005626
0.01820005626
0.01820005626
0.01820005626
0.01820005626
0.01820005626
0.01820005626
0.01820005626
0.01820005626
0.01820005626
0.01820005626
0.01820005626
0.01820005626
0.01820005626
0.01820005626
0.01820005626
0.01820005626
0.01820005626
0.01820005626
0.01820005626
0.01820005626
0.01820005626
0.01820005626
0.01820005626
0.01820005626
0.01820005626
0.01820005626
0.01820005626
0.01820005626
0.01820005626
0.01820005626
0.01820005626
0.01820005626
0.01820005626
0.01820005626
0.01820005626
0.01820005626
0.01820005626
0.01820005626
0.01820005626
0.01820005626
0.01820005626
0.01820005626
0.01820005626
0.01820005626
0.01820005626
0.01820005626
0.01820005626
0.01820005626
0.01820005626
0.01820005626
0.01820005626
0.01820005626
0.01820005626
0.01820005626
0.01820005626
0.01820005626
0.01820005626
0.01820005626
0.01820005626
0.01820005626
0.01820005626
0.01820005626
0.01820005626
0.01820005626
0.01820005626
0.01820005626
0.01820005626
0.01820005626
0.01820005626
0.01820005626
0.01820005626
0.01820005626
0.01820005626
0.06115594374
0.06113354539
0.06166177082
0.06246583122
0.06354841106
0.06491355063
0.06656544938
0.06850754406
0.07074071088
0.07326182275
0.07606184762
0.07912351485
0.08241853048
0.08590442677
0.08952133598
0.09318926783
0.09680678562
0.1002521532
0.1033878532
0.106068563
0.1081492547
0.1095046476
0.1100326979
0.1096586871
0.1083127349
0.1050276736
0.08971419221
0.0480622801
0.01823639143
0.01820033161
0.0182000579
0.01820005626
0.01820005625
0.01820005625
0.01820005625
0.01820005625
0.01820005625
0.01820005625
0.01820005625
0.01820005625
0.01820005625
0.01820005625
0.01820005625
0.01820005625
0.01820005625
0.01820005625
0.01820005625
0.01820005625
0.01820005625
0.01820005625
0.01820005625
0.01820005625
0.01820005625
0.01820005625
0.01820005625
0.01820005625
0.01820005625
0.01820005625
0.01820005625
0.01820005625
0.01820005625
0.01820005625
0.01820005625
0.01820005625
0.01820005625
0.01820005625
0.01820005625
0.01820005625
0.01820005625
0.01820005625
0.01820005625
0.01820005625
0.01820005625
0.01820005625
0.01820005625
0.01820005625
0.01820005625
0.01820005625
0.01820005625
0.01820005625
0.01820005625
0.01820005625
0.01820005625
0.01820005625
0.01820005625
0.01820005625
0.01820005625
0.01820005625
0.01820005625
0.01820005625
0.01820005625
0.01820005625
0.01820005625
0.01820005625
0.01820005625
0.01820005625
0.01820005625
0.01820005625
0.01820005625
0.01820005625
0.01820005625
0.01820005625
0.01820005625
0.01820005625
0.01820005625
0.01820005625
0.01820005626
0.01820005626
0.01820005626
0.01820005626
0.01820005626
0.01820005626
0.01820005626
0.01820005626
0.01820005626
0.01820005626
0.01820005626
0.01820005626
0.01820005626
0.01820005626
0.01820005626
0.01820005626
0.01820005626
0.01820005626
0.01820005626
0.01820005626
0.01820005626
0.01820005626
0.01820005626
0.01820005626
0.01820005626
0.01820005626
0.01820005626
0.01820005626
0.01820005626
0.01820005626
0.01820005626
0.01820005626
0.01820005626
0.01820005626
0.01820005626
0.01820005626
0.01820005626
0.01820005626
0.01820005626
0.01820005626
0.01820005626
0.01820005626
0.01820005626
0.01820005626
0.01820005626
0.01820005626
0.01820005626
0.01820005626
0.01820005626
0.01820005626
0.01820005626
0.01820005626
0.01820005626
0.01820005626
0.01820005626
0.01820005626
0.01820005626
0.01820005626
0.01820005626
0.01820005626
0.01820005626
0.01820005626
0.01820005626
0.01820005626
0.01820005626
0.01820005626
0.01820005626
0.01820005626
0.01820005626
0.01820005626
0.01820005626
0.01820005626
0.01820005626
0.01820005626
0.01820005626
0.01820005626
0.01820005626
0.01820005626
0.01820005626
0.01820005626
0.01820005626
0.01820005626
0.01820005626
0.01820005626
0.01820005626
0.01820005626
0.01820005626
0.01820005626
0.01820005626
0.01820005626
0.01820005626
0.01820005626
0.01820005626
0.01820005626
0.06195971602
0.06194607087
0.0624977003
0.06333665343
0.06446565438
0.06588834382
0.06760875848
0.0696295364
0.07195025443
0.07456577869
0.07746418509
0.08062426544
0.08401263194
0.08758056285
0.09126095148
0.09496601198
0.0985866757
0.1019946976
0.1050481973
0.1075999737
0.1095073298
0.1106502209
0.1109345633
0.1102969771
0.1086778863
0.1049120246
0.08800532392
0.04509270735
0.01822037922
0.01820028911
0.01820005712
0.01820005626
0.01820005625
0.01820005625
0.01820005625
0.01820005625
0.01820005625
0.01820005625
0.01820005625
0.01820005625
0.01820005625
0.01820005625
0.01820005625
0.01820005625
0.01820005625
0.01820005625
0.01820005625
0.01820005625
0.01820005625
0.01820005625
0.01820005625
0.01820005625
0.01820005625
0.01820005625
0.01820005625
0.01820005625
0.01820005625
0.01820005625
0.01820005625
0.01820005625
0.01820005625
0.01820005625
0.01820005625
0.01820005625
0.01820005625
0.01820005625
0.01820005625
0.01820005625
0.01820005625
0.01820005625
0.01820005625
0.01820005625
0.01820005625
0.01820005625
0.01820005625
0.01820005625
0.01820005625
0.01820005625
0.01820005625
0.01820005625
0.01820005625
0.01820005625
0.01820005625
0.01820005625
0.01820005625
0.01820005625
0.01820005625
0.01820005625
0.01820005625
0.01820005625
0.01820005625
0.01820005625
0.01820005625
0.01820005625
0.01820005625
0.01820005625
0.01820005625
0.01820005625
0.01820005625
0.01820005625
0.01820005625
0.01820005625
0.01820005625
0.01820005625
0.01820005625
0.01820005625
0.01820005626
0.01820005626
0.01820005626
0.01820005626
0.01820005626
0.01820005626
0.01820005626
0.01820005626
0.01820005626
0.01820005626
0.01820005626
0.01820005626
0.01820005626
0.01820005626
0.01820005626
0.01820005626
0.01820005626
0.01820005626
0.01820005626
0.01820005626
0.01820005626
0.01820005626
0.01820005626
0.01820005626
0.01820005626
0.01820005626
0.01820005626
0.01820005626
0.01820005626
0.01820005626
0.01820005626
0.01820005626
0.01820005626
0.01820005626
0.01820005626
0.01820005626
0.01820005626
0.01820005626
0.01820005626
0.01820005626
0.01820005626
0.01820005626
0.01820005626
0.01820005626
0.01820005626
0.01820005626
0.01820005626
0.01820005626
0.01820005626
0.01820005626
0.01820005626
0.01820005626
0.01820005626
0.01820005626
0.01820005626
0.01820005626
0.01820005626
0.01820005626
0.01820005626
0.01820005626
0.01820005626
0.01820005626
0.01820005626
0.01820005626
0.01820005626
0.01820005626
0.01820005626
0.01820005626
0.01820005626
0.01820005626
0.01820005626
0.01820005626
0.01820005626
0.01820005626
0.01820005626
0.01820005626
0.01820005626
0.01820005626
0.01820005626
0.01820005626
0.01820005626
0.01820005626
0.01820005626
0.01820005626
0.01820005626
0.01820005626
0.01820005626
0.01820005626
0.01820005626
0.01820005626
0.01820005626
0.01820005626
0.01820005626
0.01820005626
0.0627765811
0.06277203639
0.06334717323
0.06422109441
0.06539650075
0.06687650949
0.06866488708
0.07076330659
0.0731698508
0.07587716144
0.0788701989
0.08212361555
0.0855987925
0.08924073873
0.09297528123
0.09670725691
0.1003206513
0.1036816274
0.1066449905
0.1090626682
0.1107957156
0.1117305181
0.1117828559
0.1109029281
0.1090411974
0.1048113409
0.0863978211
0.04244785959
0.01821434714
0.01820026465
0.01820005679
0.01820005626
0.01820005625
0.01820005625
0.01820005625
0.01820005625
0.01820005625
0.01820005625
0.01820005625
0.01820005625
0.01820005625
0.01820005625
0.01820005625
0.01820005625
0.01820005625
0.01820005625
0.01820005625
0.01820005625
0.01820005625
0.01820005625
0.01820005625
0.01820005625
0.01820005625
0.01820005625
0.01820005625
0.01820005625
0.01820005625
0.01820005625
0.01820005625
0.01820005625
0.01820005625
0.01820005625
0.01820005625
0.01820005625
0.01820005625
0.01820005625
0.01820005625
0.01820005625
0.01820005625
0.01820005625
0.01820005625
0.01820005625
0.01820005625
0.01820005625
0.01820005625
0.01820005625
0.01820005625
0.01820005625
0.01820005625
0.01820005625
0.01820005625
0.01820005625
0.01820005625
0.01820005625
0.01820005625
0.01820005625
0.01820005625
0.01820005625
0.01820005625
0.01820005625
0.01820005625
0.01820005625
0.01820005625
0.01820005625
0.01820005625
0.01820005625
0.01820005625
0.01820005625
0.01820005625
0.01820005625
0.01820005625
0.01820005625
0.01820005625
0.01820005625
0.01820005625
0.01820005625
0.01820005625
0.01820005626
0.01820005626
0.01820005626
0.01820005626
0.01820005626
0.01820005626
0.01820005626
0.01820005626
0.01820005626
0.01820005626
0.01820005626
0.01820005626
0.01820005626
0.01820005626
0.01820005626
0.01820005626
0.01820005626
0.01820005626
0.01820005626
0.01820005626
0.01820005626
0.01820005626
0.01820005626
0.01820005626
0.01820005626
0.01820005626
0.01820005626
0.01820005626
0.01820005626
0.01820005626
0.01820005626
0.01820005626
0.01820005626
0.01820005626
0.01820005626
0.01820005626
0.01820005626
0.01820005626
0.01820005626
0.01820005626
0.01820005626
0.01820005626
0.01820005626
0.01820005626
0.01820005626
0.01820005626
0.01820005626
0.01820005626
0.01820005626
0.01820005626
0.01820005626
0.01820005626
0.01820005626
0.01820005626
0.01820005626
0.01820005626
0.01820005626
0.01820005626
0.01820005626
0.01820005626
0.01820005626
0.01820005626
0.01820005626
0.01820005626
0.01820005626
0.01820005626
0.01820005626
0.01820005626
0.01820005626
0.01820005626
0.01820005626
0.01820005626
0.01820005626
0.01820005626
0.01820005626
0.01820005626
0.01820005626
0.01820005626
0.01820005626
0.01820005626
0.01820005626
0.01820005626
0.01820005626
0.01820005626
0.01820005626
0.01820005626
0.01820005626
0.01820005626
0.01820005626
0.01820005626
0.01820005626
0.01820005626
0.01820005626
0.06360234604
0.06360738098
0.06420601764
0.0651148137
0.06633627561
0.06787309984
0.0697285352
0.07190316764
0.07439342452
0.07718955348
0.08027324226
0.08361488916
0.08717061293
0.09087925086
0.09465983425
0.09841029353
0.102008328
0.1053153025
0.1081835542
0.1104649725
0.1120254655
0.1127589305
0.1125923303
0.1114902162
0.109410331
0.1047281992
0.08490349086
0.04011333971
0.01821173996
0.0182002477
0.01820005666
0.01820005626
0.01820005625
0.01820005625
0.01820005625
0.01820005625
0.01820005625
0.01820005625
0.01820005625
0.01820005625
0.01820005625
0.01820005625
0.01820005625
0.01820005625
0.01820005625
0.01820005625
0.01820005625
0.01820005625
0.01820005625
0.01820005625
0.01820005625
0.01820005625
0.01820005625
0.01820005625
0.01820005625
0.01820005625
0.01820005625
0.01820005625
0.01820005625
0.01820005625
0.01820005625
0.01820005625
0.01820005625
0.01820005625
0.01820005625
0.01820005625
0.01820005625
0.01820005625
0.01820005625
0.01820005625
0.01820005625
0.01820005625
0.01820005625
0.01820005625
0.01820005625
0.01820005625
0.01820005625
0.01820005625
0.01820005625
0.01820005625
0.01820005625
0.01820005625
0.01820005625
0.01820005625
0.01820005625
0.01820005625
0.01820005625
0.01820005625
0.01820005625
0.01820005625
0.01820005625
0.01820005625
0.01820005625
0.01820005625
0.01820005625
0.01820005625
0.01820005625
0.01820005625
0.01820005625
0.01820005625
0.01820005625
0.01820005625
0.01820005625
0.01820005625
0.01820005625
0.01820005625
0.01820005625
0.01820005626
0.01820005626
0.01820005626
0.01820005626
0.01820005626
0.01820005626
0.01820005626
0.01820005626
0.01820005626
0.01820005625
0.01820005626
0.01820005626
0.01820005626
0.01820005626
0.01820005626
0.01820005626
0.01820005626
0.01820005626
0.01820005626
0.01820005626
0.01820005626
0.01820005626
0.01820005626
0.01820005626
0.01820005626
0.01820005626
0.01820005626
0.01820005626
0.01820005626
0.01820005626
0.01820005626
0.01820005626
0.01820005626
0.01820005626
0.01820005626
0.01820005626
0.01820005626
0.01820005626
0.01820005626
0.01820005626
0.01820005626
0.01820005626
0.01820005626
0.01820005626
0.01820005626
0.01820005626
0.01820005626
0.01820005626
0.01820005626
0.01820005626
0.01820005626
0.01820005626
0.01820005626
0.01820005626
0.01820005626
0.01820005626
0.01820005626
0.01820005626
0.01820005626
0.01820005626
0.01820005626
0.01820005626
0.01820005626
0.01820005626
0.01820005626
0.01820005626
0.01820005626
0.01820005626
0.01820005626
0.01820005626
0.01820005626
0.01820005626
0.01820005626
0.01820005626
0.01820005626
0.01820005626
0.01820005626
0.01820005626
0.01820005626
0.01820005626
0.01820005626
0.01820005626
0.01820005626
0.01820005626
0.01820005626
0.01820005626
0.01820005626
0.01820005626
0.01820005626
0.01820005626
0.01820005626
0.01820005626
0.01820005626
0.0644323319
0.06444753767
0.06506959658
0.0660130598
0.06728008836
0.06887306705
0.07079450797
0.07304380687
0.07561560802
0.07849763919
0.08166821171
0.085093413
0.08872412075
0.09249313452
0.09631296252
0.100075049
0.103651359
0.1068991041
0.1096688613
0.1118132569
0.1132040524
0.113743625
0.1133708603
0.1120642065
0.1097847005
0.1046622461
0.08353897048
0.03808672686
0.01821032829
0.01820023417
0.01820005659
0.01820005626
0.01820005625
0.01820005625
0.01820005625
0.01820005625
0.01820005625
0.01820005625
0.01820005625
0.01820005625
0.01820005625
0.01820005625
0.01820005625
0.01820005625
0.01820005625
0.01820005625
0.01820005625
0.01820005625
0.01820005625
0.01820005625
0.01820005625
0.01820005625
0.01820005625
0.01820005625
0.01820005625
0.01820005625
0.01820005625
0.01820005625
0.01820005625
0.01820005625
0.01820005625
0.01820005625
0.01820005625
0.01820005625
0.01820005625
0.01820005625
0.01820005625
0.01820005625
0.01820005625
0.01820005625
0.01820005625
0.01820005625
0.01820005625
0.01820005625
0.01820005625
0.01820005625
0.01820005625
0.01820005625
0.01820005625
0.01820005625
0.01820005625
0.01820005625
0.01820005625
0.01820005625
0.01820005625
0.01820005625
0.01820005625
0.01820005625
0.01820005625
0.01820005625
0.01820005625
0.01820005625
0.01820005625
0.01820005625
0.01820005625
0.01820005625
0.01820005625
0.01820005625
0.01820005625
0.01820005625
0.01820005625
0.01820005625
0.01820005625
0.01820005625
0.01820005625
0.01820005625
0.01820005625
0.01820005625
0.01820005625
0.01820005625
0.01820005625
0.01820005625
0.01820005625
0.01820005625
0.01820005625
0.01820005625
0.01820005625
0.01820005625
0.01820005626
0.01820005626
0.01820005626
0.01820005626
0.01820005626
0.01820005626
0.01820005626
0.01820005626
0.01820005626
0.01820005626
0.01820005626
0.01820005626
0.01820005626
0.01820005626
0.01820005626
0.01820005626
0.01820005626
0.01820005626
0.01820005626
0.01820005626
0.01820005626
0.01820005626
0.01820005626
0.01820005626
0.01820005626
0.01820005626
0.01820005626
0.01820005626
0.01820005626
0.01820005626
0.01820005626
0.01820005626
0.01820005626
0.01820005626
0.01820005626
0.01820005626
0.01820005626
0.01820005626
0.01820005626
0.01820005626
0.01820005626
0.01820005626
0.01820005626
0.01820005626
0.01820005626
0.01820005626
0.01820005626
0.01820005626
0.01820005626
0.01820005626
0.01820005626
0.01820005626
0.01820005626
0.01820005626
0.01820005626
0.01820005626
0.01820005626
0.01820005626
0.01820005626
0.01820005626
0.01820005626
0.01820005626
0.01820005626
0.01820005626
0.01820005626
0.01820005626
0.01820005626
0.01820005626
0.01820005626
0.01820005626
0.01820005626
0.01820005626
0.01820005626
0.01820005626
0.01820005626
0.01820005626
0.01820005626
0.01820005626
0.01820005626
0.01820005626
0.01820005626
0.01820005626
0.06526203468
0.06528805673
0.06593342384
0.06691128813
0.06822339139
0.06987180783
0.07185820221
0.07418068594
0.0768320196
0.07979731585
0.08305143373
0.08655611297
0.09025701527
0.09408101343
0.09793431079
0.1017022002
0.105251366
0.1084354359
0.1111039172
0.1131110237
0.1143353491
0.114688548
0.1141215759
0.112625403
0.1101602271
0.104614562
0.08232648851
0.03637175024
0.01820937607
0.01820022268
0.01820005655
0.01820005626
0.01820005625
0.01820005625
0.01820005625
0.01820005625
0.01820005625
0.01820005625
0.01820005625
0.01820005625
0.01820005625
0.01820005625
0.01820005625
0.01820005625
0.01820005625
0.01820005625
0.01820005625
0.01820005625
0.01820005625
0.01820005625
0.01820005625
0.01820005625
0.01820005625
0.01820005625
0.01820005625
0.01820005625
0.01820005625
0.01820005625
0.01820005625
0.01820005625
0.01820005625
0.01820005625
0.01820005625
0.01820005625
0.01820005625
0.01820005625
0.01820005625
0.01820005625
0.01820005625
0.01820005625
0.01820005625
0.01820005625
0.01820005625
0.01820005625
0.01820005625
0.01820005625
0.01820005625
0.01820005625
0.01820005625
0.01820005625
0.01820005625
0.01820005625
0.01820005625
0.01820005625
0.01820005625
0.01820005625
0.01820005625
0.01820005625
0.01820005625
0.01820005625
0.01820005625
0.01820005625
0.01820005625
0.01820005625
0.01820005625
0.01820005625
0.01820005625
0.01820005625
0.01820005625
0.01820005625
0.01820005625
0.01820005625
0.01820005625
0.01820005625
0.01820005625
0.01820005625
0.01820005625
0.01820005625
0.01820005625
0.01820005625
0.01820005625
0.01820005625
0.01820005625
0.01820005625
0.01820005625
0.01820005625
0.01820005625
0.01820005626
0.01820005626
0.01820005626
0.01820005626
0.01820005626
0.01820005626
0.01820005626
0.01820005626
0.01820005626
0.01820005626
0.01820005626
0.01820005626
0.01820005626
0.01820005626
0.01820005626
0.01820005626
0.01820005626
0.01820005626
0.01820005626
0.01820005626
0.01820005626
0.01820005626
0.01820005626
0.01820005626
0.01820005626
0.01820005626
0.01820005626
0.01820005626
0.01820005626
0.01820005626
0.01820005626
0.01820005626
0.01820005626
0.01820005626
0.01820005626
0.01820005626
0.01820005626
0.01820005626
0.01820005626
0.01820005626
0.01820005626
0.01820005626
0.01820005626
0.01820005626
0.01820005626
0.01820005626
0.01820005626
0.01820005626
0.01820005626
0.01820005626
0.01820005626
0.01820005626
0.01820005626
0.01820005626
0.01820005626
0.01820005626
0.01820005626
0.01820005626
0.01820005626
0.01820005626
0.01820005626
0.01820005626
0.01820005626
0.01820005626
0.01820005626
0.01820005626
0.01820005626
0.01820005626
0.01820005626
0.01820005626
0.01820005626
0.01820005626
0.01820005626
0.01820005626
0.01820005626
0.01820005626
0.01820005626
0.01820005626
0.01820005626
0.01820005626
0.01820005626
0.01820005626
0.01820005626
0.06608774578
0.06612519317
0.06679373145
0.0678057071
0.06916239579
0.07086554026
0.07291588822
0.07531019208
0.07803924705
0.08108547083
0.08442020039
0.08800078341
0.09176766468
0.09564185541
0.09952341043
0.1032917457
0.1068086823
0.1099248487
0.1124894495
0.1143592519
0.1154205944
0.1155949402
0.1148448962
0.1131720165
0.1105321948
0.1045891937
0.08129223052
0.03497469919
0.01820865111
0.01820021288
0.01820005653
0.01820005626
0.01820005625
0.01820005625
0.01820005625
0.01820005625
0.01820005625
0.01820005625
0.01820005625
0.01820005625
0.01820005625
0.01820005625
0.01820005625
0.01820005625
0.01820005625
0.01820005625
0.01820005625
0.01820005625
0.01820005625
0.01820005625
0.01820005625
0.01820005625
0.01820005625
0.01820005625
0.01820005625
0.01820005625
0.01820005625
0.01820005625
0.01820005625
0.01820005625
0.01820005625
0.01820005625
0.01820005625
0.01820005625
0.01820005625
0.01820005625
0.01820005625
0.01820005625
0.01820005625
0.01820005625
0.01820005625
0.01820005625
0.01820005625
0.01820005625
0.01820005625
0.01820005625
0.01820005625
0.01820005625
0.01820005625
0.01820005625
0.01820005625
0.01820005625
0.01820005625
0.01820005625
0.01820005625
0.01820005625
0.01820005625
0.01820005625
0.01820005625
0.01820005625
0.01820005625
0.01820005625
0.01820005625
0.01820005625
0.01820005625
0.01820005625
0.01820005625
0.01820005625
0.01820005625
0.01820005625
0.01820005625
0.01820005625
0.01820005625
0.01820005625
0.01820005625
0.01820005625
0.01820005625
0.01820005625
0.01820005625
0.01820005625
0.01820005625
0.01820005625
0.01820005625
0.01820005625
0.01820005625
0.01820005625
0.01820005626
0.01820005626
0.01820005626
0.01820005626
0.01820005626
0.01820005626
0.01820005626
0.01820005626
0.01820005626
0.01820005626
0.01820005626
0.01820005626
0.01820005626
0.01820005626
0.01820005626
0.01820005626
0.01820005626
0.01820005626
0.01820005626
0.01820005626
0.01820005626
0.01820005626
0.01820005626
0.01820005626
0.01820005626
0.01820005626
0.01820005626
0.01820005626
0.01820005626
0.01820005626
0.01820005626
0.01820005626
0.01820005626
0.01820005626
0.01820005626
0.01820005626
0.01820005626
0.01820005626
0.01820005626
0.01820005626
0.01820005626
0.01820005626
0.01820005626
0.01820005626
0.01820005626
0.01820005626
0.01820005626
0.01820005626
0.01820005626
0.01820005626
0.01820005626
0.01820005626
0.01820005626
0.01820005626
0.01820005626
0.01820005626
0.01820005626
0.01820005626
0.01820005626
0.01820005626
0.01820005626
0.01820005626
0.01820005626
0.01820005626
0.01820005626
0.01820005626
0.01820005626
0.01820005626
0.01820005626
0.01820005626
0.01820005626
0.01820005626
0.01820005626
0.01820005626
0.01820005626
0.01820005626
0.01820005626
0.01820005626
0.01820005626
0.01820005626
0.01820005626
0.01820005626
0.01820005626
0.01820005626
0.06690690615
0.06695626999
0.06764781059
0.06869357087
0.07009432775
0.07185147012
0.07396477753
0.07642958205
0.07923464265
0.08235960587
0.08577221236
0.08942535647
0.09325423706
0.09717403425
0.1010787819
0.104842288
0.1083219669
0.1113661313
0.113824207
0.1155572122
0.1164595096
0.1164626518
0.1155400315
0.113701646
0.1108968166
0.1045931892
0.08046398717
0.0339025038
0.01820808736
0.01820020482
0.01820005651
0.01820005626
0.01820005625
0.01820005625
0.01820005625
0.01820005625
0.01820005625
0.01820005625
0.01820005625
0.01820005625
0.01820005625
0.01820005625
0.01820005625
0.01820005625
0.01820005625
0.01820005625
0.01820005625
0.01820005625
0.01820005625
0.01820005625
0.01820005625
0.01820005625
0.01820005625
0.01820005625
0.01820005625
0.01820005625
0.01820005625
0.01820005625
0.01820005625
0.01820005625
0.01820005625
0.01820005625
0.01820005625
0.01820005625
0.01820005625
0.01820005625
0.01820005625
0.01820005625
0.01820005625
0.01820005625
0.01820005625
0.01820005625
0.01820005625
0.01820005625
0.01820005625
0.01820005625
0.01820005625
0.01820005625
0.01820005625
0.01820005625
0.01820005625
0.01820005625
0.01820005625
0.01820005625
0.01820005625
0.01820005625
0.01820005625
0.01820005625
0.01820005625
0.01820005625
0.01820005625
0.01820005625
0.01820005625
0.01820005625
0.01820005625
0.01820005625
0.01820005625
0.01820005625
0.01820005625
0.01820005625
0.01820005625
0.01820005625
0.01820005625
0.01820005625
0.01820005625
0.01820005625
0.01820005625
0.01820005625
0.01820005625
0.01820005625
0.01820005625
0.01820005625
0.01820005625
0.01820005625
0.01820005625
0.01820005625
0.01820005626
0.01820005626
0.01820005626
0.01820005626
0.01820005626
0.01820005626
0.01820005626
0.01820005626
0.01820005626
0.01820005626
0.01820005626
0.01820005626
0.01820005626
0.01820005626
0.01820005626
0.01820005626
0.01820005626
0.01820005626
0.01820005626
0.01820005626
0.01820005626
0.01820005626
0.01820005626
0.01820005626
0.01820005626
0.01820005626
0.01820005626
0.01820005626
0.01820005626
0.01820005626
0.01820005626
0.01820005626
0.01820005626
0.01820005626
0.01820005626
0.01820005626
0.01820005626
0.01820005626
0.01820005626
0.01820005626
0.01820005626
0.01820005626
0.01820005626
0.01820005626
0.01820005626
0.01820005626
0.01820005626
0.01820005626
0.01820005626
0.01820005626
0.01820005626
0.01820005626
0.01820005626
0.01820005626
0.01820005626
0.01820005626
0.01820005626
0.01820005626
0.01820005626
0.01820005626
0.01820005626
0.01820005626
0.01820005626
0.01820005626
0.01820005626
0.01820005626
0.01820005626
0.01820005626
0.01820005626
0.01820005626
0.01820005626
0.01820005626
0.01820005626
0.01820005626
0.01820005626
0.01820005626
0.01820005626
0.01820005626
0.01820005626
0.01820005626
0.01820005626
0.01820005626
0.01820005626
0.01820005626
0.06771819451
0.06777978291
0.06849409714
0.06957323606
0.07101745299
0.07282775916
0.07500292342
0.07753680245
0.08041605247
0.08361747307
0.08710512927
0.09082739216
0.09471417611
0.09867485932
0.1025975969
0.1063508999
0.1097882991
0.1127565297
0.1151059935
0.1167033513
0.1174512025
0.1172910735
0.1162059819
0.1142123259
0.1112520271
0.1046358793
0.07986874293
0.03316191914
0.01820767174
0.01820019869
0.01820005649
0.01820005626
0.01820005625
0.01820005625
0.01820005625
0.01820005625
0.01820005625
0.01820005625
0.01820005625
0.01820005625
0.01820005625
0.01820005625
0.01820005625
0.01820005625
0.01820005625
0.01820005625
0.01820005625
0.01820005625
0.01820005625
0.01820005625
0.01820005625
0.01820005625
0.01820005625
0.01820005625
0.01820005625
0.01820005625
0.01820005625
0.01820005625
0.01820005625
0.01820005625
0.01820005625
0.01820005625
0.01820005625
0.01820005625
0.01820005625
0.01820005625
0.01820005625
0.01820005625
0.01820005625
0.01820005625
0.01820005625
0.01820005625
0.01820005625
0.01820005625
0.01820005625
0.01820005625
0.01820005625
0.01820005625
0.01820005625
0.01820005625
0.01820005625
0.01820005625
0.01820005625
0.01820005625
0.01820005625
0.01820005625
0.01820005625
0.01820005625
0.01820005625
0.01820005625
0.01820005625
0.01820005625
0.01820005625
0.01820005625
0.01820005625
0.01820005625
0.01820005625
0.01820005625
0.01820005625
0.01820005625
0.01820005625
0.01820005625
0.01820005625
0.01820005625
0.01820005625
0.01820005625
0.01820005625
0.01820005625
0.01820005625
0.01820005625
0.01820005625
0.01820005625
0.01820005625
0.01820005625
0.01820005625
0.01820005626
0.01820005626
0.01820005626
0.01820005626
0.01820005626
0.01820005626
0.01820005626
0.01820005626
0.01820005626
0.01820005626
0.01820005626
0.01820005626
0.01820005626
0.01820005626
0.01820005626
0.01820005626
0.01820005626
0.01820005626
0.01820005626
0.01820005626
0.01820005626
0.01820005626
0.01820005626
0.01820005626
0.01820005626
0.01820005626
0.01820005626
0.01820005626
0.01820005626
0.01820005626
0.01820005626
0.01820005626
0.01820005626
0.01820005626
0.01820005626
0.01820005626
0.01820005626
0.01820005626
0.01820005626
0.01820005626
0.01820005626
0.01820005626
0.01820005626
0.01820005626
0.01820005626
0.01820005626
0.01820005626
0.01820005626
0.01820005626
0.01820005626
0.01820005626
0.01820005626
0.01820005626
0.01820005626
0.01820005626
0.01820005626
0.01820005626
0.01820005626
0.01820005626
0.01820005626
0.01820005626
0.01820005626
0.01820005626
0.01820005626
0.01820005626
0.01820005626
0.01820005626
0.01820005626
0.01820005626
0.01820005626
0.01820005626
0.01820005626
0.01820005626
0.01820005626
0.01820005626
0.01820005626
0.01820005626
0.01820005626
0.01820005626
0.01820005626
0.01820005626
0.01820005626
0.01820005626
0.01820005626
0.01820005626
0.06852135123
0.06859526048
0.06933202799
0.07044401017
0.0719309145
0.07379334576
0.0760290212
0.07863026894
0.08158157711
0.08485682468
0.08841632676
0.09220386992
0.09614406626
0.1001405561
0.1040758157
0.1078134452
0.1112036941
0.1140925127
0.1163321992
0.1177959511
0.1183947807
0.1180797343
0.1168421721
0.1147031517
0.1115977955
0.1047277881
0.07953048942
0.03275936783
0.01820740671
0.01820019468
0.01820005648
0.01820005626
0.01820005625
0.01820005625
0.01820005625
0.01820005625
0.01820005625
0.01820005625
0.01820005625
0.01820005625
0.01820005625
0.01820005625
0.01820005625
0.01820005625
0.01820005625
0.01820005625
0.01820005625
0.01820005625
0.01820005625
0.01820005625
0.01820005625
0.01820005625
0.01820005625
0.01820005625
0.01820005625
0.01820005625
0.01820005625
0.01820005625
0.01820005625
0.01820005625
0.01820005625
0.01820005625
0.01820005625
0.01820005625
0.01820005625
0.01820005625
0.01820005625
0.01820005625
0.01820005625
0.01820005625
0.01820005625
0.01820005625
0.01820005625
0.01820005625
0.01820005625
0.01820005625
0.01820005625
0.01820005625
0.01820005625
0.01820005625
0.01820005625
0.01820005625
0.01820005625
0.01820005625
0.01820005625
0.01820005625
0.01820005625
0.01820005625
0.01820005625
0.01820005625
0.01820005625
0.01820005625
0.01820005625
0.01820005625
0.01820005625
0.01820005625
0.01820005625
0.01820005625
0.01820005625
0.01820005625
0.01820005625
0.01820005625
0.01820005625
0.01820005625
0.01820005625
0.01820005625
0.01820005625
0.01820005625
0.01820005625
0.01820005625
0.01820005625
0.01820005625
0.01820005625
0.01820005625
0.01820005626
0.01820005626
0.01820005626
0.01820005626
0.01820005626
0.01820005626
0.01820005626
0.01820005626
0.01820005626
0.01820005626
0.01820005626
0.01820005626
0.01820005626
0.01820005626
0.01820005626
0.01820005626
0.01820005626
0.01820005626
0.01820005626
0.01820005626
0.01820005626
0.01820005626
0.01820005626
0.01820005626
0.01820005626
0.01820005626
0.01820005626
0.01820005626
0.01820005626
0.01820005626
0.01820005626
0.01820005626
0.01820005626
0.01820005626
0.01820005626
0.01820005626
0.01820005626
0.01820005626
0.01820005626
0.01820005626
0.01820005626
0.01820005626
0.01820005626
0.01820005626
0.01820005626
0.01820005626
0.01820005626
0.01820005626
0.01820005626
0.01820005626
0.01820005626
0.01820005626
0.01820005626
0.01820005626
0.01820005626
0.01820005626
0.01820005626
0.01820005626
0.01820005626
0.01820005626
0.01820005626
0.01820005626
0.01820005626
0.01820005626
0.01820005626
0.01820005626
0.01820005626
0.01820005626
0.01820005626
0.01820005626
0.01820005626
0.01820005626
0.01820005626
0.01820005626
0.01820005626
0.01820005626
0.01820005626
0.01820005626
0.01820005626
0.01820005626
0.01820005626
0.01820005626
0.01820005626
0.01820005626
0.01820005626
0.01820005626
0.06931683957
0.06940296185
0.07016174571
0.07130586557
0.07283445926
0.07474768806
0.07704217412
0.07970866181
0.08272940886
0.0860753072
0.08970286374
0.0935512513
0.09753980848
0.101566571
0.1055086226
0.1092251294
0.112563735
0.1153704208
0.117500265
0.118833559
0.119289725
0.118828665
0.1174488325
0.1151746054
0.1119361116
0.1048794104
0.07946839877
0.03270115607
0.01820729817
0.01820019295
0.01820005648
0.01820005626
0.01820005625
0.01820005625
0.01820005625
0.01820005625
0.01820005625
0.01820005625
0.01820005625
0.01820005625
0.01820005625
0.01820005625
0.01820005625
0.01820005625
0.01820005625
0.01820005625
0.01820005625
0.01820005625
0.01820005625
0.01820005625
0.01820005625
0.01820005625
0.01820005625
0.01820005625
0.01820005625
0.01820005625
0.01820005625
0.01820005625
0.01820005625
0.01820005625
0.01820005625
0.01820005625
0.01820005625
0.01820005625
0.01820005625
0.01820005625
0.01820005625
0.01820005625
0.01820005625
0.01820005625
0.01820005625
0.01820005625
0.01820005625
0.01820005625
0.01820005625
0.01820005625
0.01820005625
0.01820005625
0.01820005625
0.01820005625
0.01820005625
0.01820005625
0.01820005625
0.01820005625
0.01820005625
0.01820005625
0.01820005625
0.01820005625
0.01820005625
0.01820005625
0.01820005625
0.01820005625
0.01820005625
0.01820005625
0.01820005625
0.01820005625
0.01820005625
0.01820005625
0.01820005625
0.01820005625
0.01820005625
0.01820005625
0.01820005625
0.01820005625
0.01820005625
0.01820005625
0.01820005625
0.01820005625
0.01820005625
0.01820005625
0.01820005625
0.01820005625
0.01820005625
0.01820005626
0.01820005626
0.01820005626
0.01820005626
0.01820005626
0.01820005626
0.01820005626
0.01820005626
0.01820005626
0.01820005626
0.01820005626
0.01820005626
0.01820005626
0.01820005626
0.01820005626
0.01820005626
0.01820005626
0.01820005626
0.01820005626
0.01820005626
0.01820005626
0.01820005626
0.01820005626
0.01820005626
0.01820005626
0.01820005626
0.01820005626
0.01820005626
0.01820005626
0.01820005626
0.01820005626
0.01820005626
0.01820005626
0.01820005626
0.01820005626
0.01820005626
0.01820005626
0.01820005626
0.01820005626
0.01820005626
0.01820005626
0.01820005626
0.01820005626
0.01820005626
0.01820005626
0.01820005626
0.01820005626
0.01820005626
0.01820005626
0.01820005626
0.01820005626
0.01820005626
0.01820005626
0.01820005626
0.01820005626
0.01820005626
0.01820005626
0.01820005626
0.01820005626
0.01820005626
0.01820005626
0.01820005626
0.01820005626
0.01820005626
0.01820005626
0.01820005626
0.01820005626
0.01820005626
0.01820005626
0.01820005626
0.01820005626
0.01820005626
0.01820005626
0.01820005626
0.01820005626
0.01820005626
0.01820005626
0.01820005626
0.01820005626
0.01820005626
0.01820005626
0.01820005626
0.01820005626
0.01820005626
0.01820005626
0.01820005626
0.01820005626
0.07010543929
0.0702035078
0.07098375064
0.07215908421
0.07372812413
0.07569049023
0.07804166962
0.08077076653
0.08385774957
0.08727047245
0.09096160378
0.09486571948
0.09889698313
0.1029480472
0.1068909866
0.1105811003
0.1138641493
0.1165869379
0.1186080844
0.1198152613
0.1201361019
0.1195385992
0.1180271883
0.1156286402
0.1122707354
0.1051000424
0.07969544249
0.03299379765
0.01820735149
0.01820019362
0.01820005648
0.01820005626
0.01820005625
0.01820005625
0.01820005625
0.01820005625
0.01820005625
0.01820005625
0.01820005625
0.01820005625
0.01820005625
0.01820005625
0.01820005625
0.01820005625
0.01820005625
0.01820005625
0.01820005625
0.01820005625
0.01820005625
0.01820005625
0.01820005625
0.01820005625
0.01820005625
0.01820005625
0.01820005625
0.01820005625
0.01820005625
0.01820005625
0.01820005625
0.01820005625
0.01820005625
0.01820005625
0.01820005625
0.01820005625
0.01820005625
0.01820005625
0.01820005625
0.01820005625
0.01820005625
0.01820005625
0.01820005625
0.01820005625
0.01820005625
0.01820005625
0.01820005625
0.01820005625
0.01820005625
0.01820005625
0.01820005625
0.01820005625
0.01820005625
0.01820005625
0.01820005625
0.01820005625
0.01820005625
0.01820005625
0.01820005625
0.01820005625
0.01820005625
0.01820005625
0.01820005625
0.01820005625
0.01820005625
0.01820005625
0.01820005625
0.01820005625
0.01820005625
0.01820005625
0.01820005625
0.01820005625
0.01820005625
0.01820005625
0.01820005625
0.01820005625
0.01820005625
0.01820005625
0.01820005625
0.01820005625
0.01820005625
0.01820005625
0.01820005625
0.01820005625
0.01820005626
0.01820005626
0.01820005626
0.01820005626
0.01820005626
0.01820005626
0.01820005626
0.01820005626
0.01820005626
0.01820005626
0.01820005626
0.01820005626
0.01820005626
0.01820005626
0.01820005626
0.01820005626
0.01820005626
0.01820005626
0.01820005626
0.01820005626
0.01820005626
0.01820005626
0.01820005626
0.01820005626
0.01820005626
0.01820005626
0.01820005626
0.01820005626
0.01820005626
0.01820005626
0.01820005626
0.01820005626
0.01820005626
0.01820005626
0.01820005626
0.01820005626
0.01820005626
0.01820005626
0.01820005626
0.01820005626
0.01820005626
0.01820005626
0.01820005626
0.01820005626
0.01820005626
0.01820005626
0.01820005626
0.01820005626
0.01820005626
0.01820005626
0.01820005626
0.01820005626
0.01820005626
0.01820005626
0.01820005626
0.01820005626
0.01820005626
0.01820005626
0.01820005626
0.01820005626
0.01820005626
0.01820005626
0.01820005626
0.01820005626
0.01820005626
0.01820005626
0.01820005626
0.01820005626
0.01820005626
0.01820005626
0.01820005626
0.01820005626
0.01820005626
0.01820005626
0.01820005626
0.01820005626
0.01820005626
0.01820005626
0.01820005626
0.01820005626
0.01820005626
0.01820005626
0.01820005626
0.01820005626
0.01820005626
0.01820005626
0.01820005626
0.01820005626
0.07088790927
0.07099754703
0.07179857378
0.07300395906
0.0746119611
0.07662146951
0.07902680257
0.08181536804
0.08496479395
0.08843986294
0.09218941184
0.09614349295
0.1002112707
0.1042803289
0.1082182124
0.111876991
0.1151012872
0.1177394592
0.1196542715
0.1207408451
0.1209346736
0.1202110573
0.118579491
0.1160685691
0.1126067863
0.1053968234
0.08021752825
0.03364431665
0.0182075703
0.0182001967
0.01820005648
0.01820005626
0.01820005625
0.01820005625
0.01820005625
0.01820005625
0.01820005625
0.01820005625
0.01820005625
0.01820005625
0.01820005625
0.01820005625
0.01820005625
0.01820005625
0.01820005625
0.01820005625
0.01820005625
0.01820005625
0.01820005625
0.01820005625
0.01820005625
0.01820005625
0.01820005625
0.01820005625
0.01820005625
0.01820005625
0.01820005625
0.01820005625
0.01820005625
0.01820005625
0.01820005625
0.01820005625
0.01820005625
0.01820005625
0.01820005625
0.01820005625
0.01820005625
0.01820005625
0.01820005625
0.01820005625
0.01820005625
0.01820005625
0.01820005625
0.01820005625
0.01820005625
0.01820005625
0.01820005625
0.01820005625
0.01820005625
0.01820005625
0.01820005625
0.01820005625
0.01820005625
0.01820005625
0.01820005625
0.01820005625
0.01820005625
0.01820005625
0.01820005625
0.01820005625
0.01820005625
0.01820005625
0.01820005625
0.01820005625
0.01820005625
0.01820005625
0.01820005625
0.01820005625
0.01820005625
0.01820005625
0.01820005625
0.01820005625
0.01820005625
0.01820005625
0.01820005625
0.01820005625
0.01820005625
0.01820005625
0.01820005625
0.01820005625
0.01820005625
0.01820005626
0.01820005626
0.01820005626
0.01820005626
0.01820005626
0.01820005626
0.01820005626
0.01820005626
0.01820005626
0.01820005626
0.01820005626
0.01820005626
0.01820005626
0.01820005626
0.01820005626
0.01820005626
0.01820005626
0.01820005626
0.01820005626
0.01820005626
0.01820005626
0.01820005626
0.01820005626
0.01820005626
0.01820005626
0.01820005626
0.01820005626
0.01820005626
0.01820005626
0.01820005626
0.01820005626
0.01820005626
0.01820005626
0.01820005626
0.01820005626
0.01820005626
0.01820005626
0.01820005626
0.01820005626
0.01820005626
0.01820005626
0.01820005626
0.01820005626
0.01820005626
0.01820005626
0.01820005626
0.01820005626
0.01820005626
0.01820005626
0.01820005626
0.01820005626
0.01820005626
0.01820005626
0.01820005626
0.01820005626
0.01820005626
0.01820005626
0.01820005626
0.01820005626
0.01820005626
0.01820005626
0.01820005626
0.01820005626
0.01820005626
0.01820005626
0.01820005626
0.01820005626
0.01820005626
0.01820005626
0.01820005626
0.01820005626
0.01820005626
0.01820005626
0.01820005626
0.01820005626
0.01820005626
0.01820005626
0.01820005626
0.01820005626
0.01820005626
0.01820005626
0.01820005626
0.01820005626
0.01820005626
0.01820005626
0.01820005626
0.01820005626
0.01820005626
0.01820005626
0.07166469132
0.07178546532
0.07260647291
0.07384063051
0.07548584694
0.07754019312
0.07999675907
0.08284119736
0.08604875219
0.08958112395
0.09338336237
0.09738112723
0.1014788347
0.1055593995
0.1094863937
0.113109346
0.1162724769
0.1188263494
0.1206383294
0.1216108895
0.121686937
0.120848338
0.1191089196
0.1164988042
0.1129502473
0.1057740971
0.08103313141
0.03466036648
0.01820795579
0.01820020216
0.01820005649
0.01820005626
0.01820005625
0.01820005625
0.01820005625
0.01820005625
0.01820005625
0.01820005625
0.01820005625
0.01820005625
0.01820005625
0.01820005625
0.01820005625
0.01820005625
0.01820005625
0.01820005625
0.01820005625
0.01820005625
0.01820005625
0.01820005625
0.01820005625
0.01820005625
0.01820005625
0.01820005625
0.01820005625
0.01820005625
0.01820005625
0.01820005625
0.01820005625
0.01820005625
0.01820005625
0.01820005625
0.01820005625
0.01820005625
0.01820005625
0.01820005625
0.01820005625
0.01820005625
0.01820005625
0.01820005625
0.01820005625
0.01820005625
0.01820005625
0.01820005625
0.01820005625
0.01820005625
0.01820005625
0.01820005625
0.01820005625
0.01820005625
0.01820005625
0.01820005625
0.01820005625
0.01820005625
0.01820005625
0.01820005625
0.01820005625
0.01820005625
0.01820005625
0.01820005625
0.01820005625
0.01820005625
0.01820005625
0.01820005625
0.01820005625
0.01820005625
0.01820005625
0.01820005625
0.01820005625
0.01820005625
0.01820005625
0.01820005625
0.01820005625
0.01820005625
0.01820005625
0.01820005625
0.01820005625
0.01820005625
0.01820005625
0.01820005625
0.01820005626
0.01820005626
0.01820005626
0.01820005626
0.01820005626
0.01820005626
0.01820005626
0.01820005626
0.01820005626
0.01820005626
0.01820005626
0.01820005626
0.01820005626
0.01820005626
0.01820005626
0.01820005626
0.01820005626
0.01820005626
0.01820005626
0.01820005626
0.01820005626
0.01820005626
0.01820005626
0.01820005626
0.01820005626
0.01820005626
0.01820005626
0.01820005626
0.01820005626
0.01820005626
0.01820005626
0.01820005626
0.01820005626
0.01820005626
0.01820005626
0.01820005626
0.01820005626
0.01820005626
0.01820005626
0.01820005626
0.01820005626
0.01820005626
0.01820005626
0.01820005626
0.01820005626
0.01820005626
0.01820005626
0.01820005626
0.01820005626
0.01820005626
0.01820005626
0.01820005626
0.01820005626
0.01820005626
0.01820005626
0.01820005626
0.01820005626
0.01820005626
0.01820005626
0.01820005626
0.01820005626
0.01820005626
0.01820005626
0.01820005626
0.01820005626
0.01820005626
0.01820005626
0.01820005626
0.01820005626
0.01820005626
0.01820005626
0.01820005626
0.01820005626
0.01820005626
0.01820005626
0.01820005626
0.01820005626
0.01820005626
0.01820005626
0.01820005626
0.01820005626
0.01820005626
0.01820005626
0.01820005626
0.01820005626
0.01820005626
0.01820005626
0.01820005626
0.01820005626
0.01820005626
0.07243578061
0.07256725327
0.07340734782
0.07466887637
0.07634936185
0.07844599209
0.08095056607
0.08384692539
0.08710789778
0.0906921126
0.09454091383
0.09857575134
0.1026966088
0.1067821988
0.1106927328
0.1142759082
0.1173762523
0.1198471005
0.1215607433
0.1224268004
0.1223951092
0.1214534354
0.119619388
0.1169244996
0.113307459
0.106233156
0.08213340869
0.03605011727
0.01820850614
0.01820020987
0.01820005651
0.01820005626
0.01820005625
0.01820005625
0.01820005625
0.01820005625
0.01820005625
0.01820005625
0.01820005625
0.01820005625
0.01820005625
0.01820005625
0.01820005625
0.01820005625
0.01820005625
0.01820005625
0.01820005625
0.01820005625
0.01820005625
0.01820005625
0.01820005625
0.01820005625
0.01820005625
0.01820005625
0.01820005625
0.01820005625
0.01820005625
0.01820005625
0.01820005625
0.01820005625
0.01820005625
0.01820005625
0.01820005625
0.01820005625
0.01820005625
0.01820005625
0.01820005625
0.01820005625
0.01820005625
0.01820005625
0.01820005625
0.01820005625
0.01820005625
0.01820005625
0.01820005625
0.01820005625
0.01820005625
0.01820005625
0.01820005625
0.01820005625
0.01820005625
0.01820005625
0.01820005625
0.01820005625
0.01820005625
0.01820005625
0.01820005625
0.01820005625
0.01820005625
0.01820005625
0.01820005625
0.01820005625
0.01820005625
0.01820005625
0.01820005625
0.01820005625
0.01820005625
0.01820005625
0.01820005625
0.01820005625
0.01820005625
0.01820005625
0.01820005625
0.01820005625
0.01820005625
0.01820005625
0.01820005625
0.01820005625
0.01820005626
0.01820005626
0.01820005626
0.01820005626
0.01820005626
0.01820005626
0.01820005626
0.01820005626
0.01820005626
0.01820005626
0.01820005626
0.01820005626
0.01820005626
0.01820005626
0.01820005626
0.01820005626
0.01820005626
0.01820005626
0.01820005626
0.01820005626
0.01820005626
0.01820005626
0.01820005626
0.01820005626
0.01820005626
0.01820005626
0.01820005626
0.01820005626
0.01820005626
0.01820005626
0.01820005626
0.01820005626
0.01820005626
0.01820005626
0.01820005626
0.01820005626
0.01820005626
0.01820005626
0.01820005626
0.01820005626
0.01820005626
0.01820005626
0.01820005626
0.01820005626
0.01820005626
0.01820005626
0.01820005626
0.01820005626
0.01820005626
0.01820005626
0.01820005626
0.01820005626
0.01820005626
0.01820005626
0.01820005626
0.01820005626
0.01820005626
0.01820005626
0.01820005626
0.01820005626
0.01820005626
0.01820005626
0.01820005626
0.01820005626
0.01820005626
0.01820005626
0.01820005626
0.01820005626
0.01820005626
0.01820005626
0.01820005626
0.01820005626
0.01820005626
0.01820005626
0.01820005626
0.01820005626
0.01820005626
0.01820005626
0.01820005626
0.01820005626
0.01820005626
0.01820005626
0.01820005626
0.01820005626
0.01820005626
0.01820005626
0.01820005626
0.01820005626
0.01820005626
0.01820005626
0.01820005626
0.01820005626
0.07320070635
0.07334246962
0.07420069201
0.07548809294
0.07720176292
0.07933794822
0.08188709697
0.08483119164
0.08814062442
0.09177098637
0.09566002984
0.09972522007
0.1038624704
0.1079468027
0.1118357079
0.1153757587
0.118412455
0.1208023905
0.1224230011
0.1231907955
0.123062065
0.1220299037
0.1201152948
0.1173511586
0.1136846575
0.1067723514
0.08350271235
0.03782192426
0.01820921604
0.01820021966
0.01820005653
0.01820005626
0.01820005625
0.01820005625
0.01820005625
0.01820005625
0.01820005625
0.01820005625
0.01820005625
0.01820005625
0.01820005625
0.01820005625
0.01820005625
0.01820005625
0.01820005625
0.01820005625
0.01820005625
0.01820005625
0.01820005625
0.01820005625
0.01820005625
0.01820005625
0.01820005625
0.01820005625
0.01820005625
0.01820005625
0.01820005625
0.01820005625
0.01820005625
0.01820005625
0.01820005625
0.01820005625
0.01820005625
0.01820005625
0.01820005625
0.01820005625
0.01820005625
0.01820005625
0.01820005625
0.01820005625
0.01820005625
0.01820005625
0.01820005625
0.01820005625
0.01820005625
0.01820005625
0.01820005625
0.01820005625
0.01820005625
0.01820005625
0.01820005625
0.01820005625
0.01820005625
0.01820005625
0.01820005625
0.01820005625
0.01820005625
0.01820005625
0.01820005625
0.01820005625
0.01820005625
0.01820005625
0.01820005625
0.01820005625
0.01820005625
0.01820005625
0.01820005625
0.01820005625
0.01820005625
0.01820005625
0.01820005625
0.01820005625
0.01820005625
0.01820005625
0.01820005625
0.01820005625
0.01820005625
0.01820005626
0.01820005626
0.01820005626
0.01820005626
0.01820005626
0.01820005626
0.01820005626
0.01820005626
0.01820005626
0.01820005626
0.01820005626
0.01820005626
0.01820005626
0.01820005626
0.01820005626
0.01820005626
0.01820005626
0.01820005626
0.01820005626
0.01820005626
0.01820005626
0.01820005626
0.01820005626
0.01820005626
0.01820005626
0.01820005626
0.01820005626
0.01820005626
0.01820005626
0.01820005626
0.01820005626
0.01820005626
0.01820005626
0.01820005626
0.01820005626
0.01820005626
0.01820005626
0.01820005626
0.01820005626
0.01820005626
0.01820005626
0.01820005626
0.01820005626
0.01820005626
0.01820005626
0.01820005626
0.01820005626
0.01820005626
0.01820005626
0.01820005626
0.01820005626
0.01820005626
0.01820005626
0.01820005626
0.01820005626
0.01820005626
0.01820005626
0.01820005626
0.01820005626
0.01820005626
0.01820005626
0.01820005626
0.01820005626
0.01820005626
0.01820005626
0.01820005626
0.01820005626
0.01820005626
0.01820005626
0.01820005626
0.01820005626
0.01820005626
0.01820005626
0.01820005626
0.01820005626
0.01820005626
0.01820005626
0.01820005626
0.01820005626
0.01820005626
0.01820005626
0.01820005626
0.01820005626
0.01820005626
0.01820005626
0.01820005626
0.01820005626
0.01820005626
0.01820005626
0.01820005626
0.01820005626
0.01820005626
0.01820005626
0.07395858857
0.07411028534
0.07498563568
0.07629734725
0.07804203264
0.08021494361
0.08280512493
0.0857926619
0.08914550759
0.09281626917
0.09673924777
0.1008281796
0.1049752997
0.1090524701
0.1129151027
0.1164093253
0.1193822195
0.1216940509
0.1232275484
0.1239058396
0.1236912359
0.1225816881
0.1206012545
0.1177842526
0.1140875941
0.1073875057
0.0851194142
0.03998378856
0.01821007626
0.01820023129
0.01820005655
0.01820005626
0.01820005625
0.01820005625
0.01820005625
0.01820005625
0.01820005625
0.01820005625
0.01820005625
0.01820005625
0.01820005625
0.01820005625
0.01820005625
0.01820005625
0.01820005625
0.01820005625
0.01820005625
0.01820005625
0.01820005625
0.01820005625
0.01820005625
0.01820005625
0.01820005625
0.01820005625
0.01820005625
0.01820005625
0.01820005625
0.01820005625
0.01820005625
0.01820005625
0.01820005625
0.01820005625
0.01820005625
0.01820005625
0.01820005625
0.01820005625
0.01820005625
0.01820005625
0.01820005625
0.01820005625
0.01820005625
0.01820005625
0.01820005625
0.01820005625
0.01820005625
0.01820005625
0.01820005625
0.01820005625
0.01820005625
0.01820005625
0.01820005625
0.01820005625
0.01820005625
0.01820005625
0.01820005625
0.01820005625
0.01820005625
0.01820005625
0.01820005625
0.01820005625
0.01820005625
0.01820005625
0.01820005625
0.01820005625
0.01820005625
0.01820005625
0.01820005625
0.01820005626
0.01820005626
0.01820005626
0.01820005625
0.01820005625
0.01820005625
0.01820005625
0.01820005625
0.01820005626
0.01820005626
0.01820005626
0.01820005626
0.01820005626
0.01820005626
0.01820005626
0.01820005626
0.01820005626
0.01820005626
0.01820005626
0.01820005626
0.01820005626
0.01820005626
0.01820005626
0.01820005626
0.01820005626
0.01820005626
0.01820005626
0.01820005626
0.01820005626
0.01820005626
0.01820005626
0.01820005626
0.01820005626
0.01820005626
0.01820005626
0.01820005626
0.01820005626
0.01820005626
0.01820005626
0.01820005626
0.01820005626
0.01820005626
0.01820005626
0.01820005626
0.01820005626
0.01820005626
0.01820005626
0.01820005626
0.01820005626
0.01820005626
0.01820005626
0.01820005626
0.01820005626
0.01820005626
0.01820005626
0.01820005626
0.01820005626
0.01820005626
0.01820005626
0.01820005626
0.01820005626
0.01820005626
0.01820005626
0.01820005626
0.01820005626
0.01820005626
0.01820005626
0.01820005626
0.01820005626
0.01820005626
0.01820005626
0.01820005626
0.01820005626
0.01820005626
0.01820005626
0.01820005626
0.01820005626
0.01820005626
0.01820005626
0.01820005626
0.01820005626
0.01820005626
0.01820005626
0.01820005626
0.01820005626
0.01820005626
0.01820005626
0.01820005626
0.01820005626
0.01820005626
0.01820005626
0.01820005626
0.01820005626
0.01820005626
0.01820005626
0.01820005626
0.01820005626
0.01820005626
0.01820005626
0.01820005626
0.01820005626
0.01820005626
0.01820005626
0.07470829335
0.07486960878
0.07576106351
0.07709549094
0.07886898565
0.08107575887
0.08370340983
0.08673010267
0.09012136439
0.09382689278
0.09777769892
0.1018840645
0.1060349498
0.1100995855
0.1139319225
0.1173782769
0.1202878582
0.1225249516
0.1239776778
0.1245755325
0.1242864761
0.1231129417
0.1210818424
0.1182288926
0.1145212538
0.1080725326
0.0869569751
0.04254276239
0.01821107362
0.01820024449
0.01820005658
0.01820005626
0.01820005625
0.01820005625
0.01820005625
0.01820005625
0.01820005625
0.01820005625
0.01820005625
0.01820005625
0.01820005625
0.01820005625
0.01820005625
0.01820005625
0.01820005625
0.01820005625
0.01820005625
0.01820005625
0.01820005625
0.01820005625
0.01820005625
0.01820005625
0.01820005625
0.01820005625
0.01820005625
0.01820005625
0.01820005625
0.01820005625
0.01820005625
0.01820005625
0.01820005625
0.01820005625
0.01820005625
0.01820005625
0.01820005625
0.01820005625
0.01820005625
0.01820005625
0.01820005625
0.01820005625
0.01820005625
0.01820005625
0.01820005625
0.01820005625
0.01820005625
0.01820005625
0.01820005625
0.01820005625
0.01820005625
0.01820005625
0.01820005625
0.01820005625
0.01820005625
0.01820005625
0.01820005625
0.01820005625
0.01820005625
0.01820005625
0.01820005625
0.01820005625
0.01820005625
0.01820005625
0.01820005625
0.01820005625
0.01820005625
0.01820005625
0.01820005626
0.01820005626
0.01820005626
0.01820005626
0.01820005626
0.01820005625
0.01820005625
0.01820005626
0.01820005626
0.01820005626
0.01820005626
0.01820005626
0.01820005626
0.01820005626
0.01820005626
0.01820005626
0.01820005626
0.01820005626
0.01820005626
0.01820005626
0.01820005626
0.01820005626
0.01820005626
0.01820005626
0.01820005626
0.01820005626
0.01820005626
0.01820005626
0.01820005626
0.01820005626
0.01820005626
0.01820005626
0.01820005626
0.01820005626
0.01820005626
0.01820005626
0.01820005626
0.01820005626
0.01820005626
0.01820005626
0.01820005626
0.01820005626
0.01820005626
0.01820005626
0.01820005626
0.01820005626
0.01820005626
0.01820005626
0.01820005626
0.01820005626
0.01820005626
0.01820005626
0.01820005626
0.01820005626
0.01820005626
0.01820005626
0.01820005626
0.01820005626
0.01820005626
0.01820005626
0.01820005626
0.01820005626
0.01820005626
0.01820005626
0.01820005626
0.01820005626
0.01820005626
0.01820005626
0.01820005626
0.01820005626
0.01820005626
0.01820005626
0.01820005626
0.01820005626
0.01820005626
0.01820005626
0.01820005626
0.01820005626
0.01820005626
0.01820005626
0.01820005626
0.01820005626
0.01820005626
0.01820005626
0.01820005626
0.01820005626
0.01820005626
0.01820005626
0.01820005626
0.01820005626
0.01820005626
0.01820005626
0.01820005626
0.01820005626
0.01820005626
0.01820005626
0.01820005626
0.01820005626
0.01820005626
0.01820005626
0.01820005626
0.01820005626
0.01820005626
0.01820005626
0.07544857382
0.07561922593
0.07652575613
0.07788129923
0.07968139972
0.08191919295
0.08458080348
0.08764246611
0.09106731273
0.09480222367
0.09877509732
0.1028930441
0.1070421499
0.1110895214
0.1148882235
0.1182853347
0.1211326676
0.1232988164
0.1246773627
0.1252039562
0.1248519069
0.1236278447
0.1215613729
0.1186895747
0.1149896718
0.1088201468
0.08898513363
0.04550432271
0.01821219128
0.01820025898
0.01820005661
0.01820005626
0.01820005625
0.01820005625
0.01820005625
0.01820005625
0.01820005625
0.01820005625
0.01820005625
0.01820005625
0.01820005625
0.01820005625
0.01820005625
0.01820005625
0.01820005625
0.01820005625
0.01820005625
0.01820005625
0.01820005625
0.01820005625
0.01820005625
0.01820005625
0.01820005625
0.01820005625
0.01820005625
0.01820005625
0.01820005625
0.01820005625
0.01820005625
0.01820005625
0.01820005625
0.01820005625
0.01820005625
0.01820005625
0.01820005625
0.01820005625
0.01820005625
0.01820005625
0.01820005625
0.01820005625
0.01820005625
0.01820005625
0.01820005625
0.01820005625
0.01820005625
0.01820005625
0.01820005625
0.01820005625
0.01820005625
0.01820005625
0.01820005625
0.01820005625
0.01820005625
0.01820005625
0.01820005625
0.01820005625
0.01820005625
0.01820005625
0.01820005625
0.01820005625
0.01820005625
0.01820005625
0.01820005625
0.01820005625
0.01820005625
0.01820005626
0.01820005626
0.01820005626
0.01820005626
0.01820005626
0.01820005626
0.01820005626
0.01820005626
0.01820005626
0.01820005626
0.01820005626
0.01820005626
0.01820005626
0.01820005626
0.01820005626
0.01820005626
0.01820005626
0.01820005626
0.01820005626
0.01820005626
0.01820005626
0.01820005626
0.01820005626
0.01820005626
0.01820005626
0.01820005626
0.01820005626
0.01820005626
0.01820005626
0.01820005626
0.01820005626
0.01820005626
0.01820005626
0.01820005626
0.01820005626
0.01820005626
0.01820005626
0.01820005626
0.01820005626
0.01820005626
0.01820005626
0.01820005626
0.01820005626
0.01820005626
0.01820005626
0.01820005626
0.01820005626
0.01820005626
0.01820005626
0.01820005626
0.01820005626
0.01820005626
0.01820005626
0.01820005626
0.01820005626
0.01820005626
0.01820005626
0.01820005626
0.01820005626
0.01820005626
0.01820005626
0.01820005626
0.01820005626
0.01820005626
0.01820005626
0.01820005626
0.01820005626
0.01820005626
0.01820005626
0.01820005626
0.01820005626
0.01820005626
0.01820005626
0.01820005626
0.01820005626
0.01820005626
0.01820005626
0.01820005626
0.01820005626
0.01820005626
0.01820005626
0.01820005626
0.01820005626
0.01820005626
0.01820005626
0.01820005626
0.01820005626
0.01820005626
0.01820005626
0.01820005626
0.01820005626
0.01820005626
0.01820005626
0.01820005626
0.01820005626
0.01820005626
0.01820005626
0.01820005626
0.01820005626
0.01820005626
0.01820005626
0.01820005626
0.01820005626
0.01820005626
0.01820005626
0.07617823253
0.07635796292
0.07727854377
0.07865361754
0.08047815396
0.08274418869
0.08543635708
0.08852897315
0.09198282219
0.0957420754
0.09973170651
0.103855939
0.1079983696
0.112024455
0.115786895
0.1191340334
0.1219206949
0.1240199735
0.1253310473
0.1257954914
0.1253917484
0.1241304378
0.1220437284
0.1191700123
0.1154958453
0.1096225794
0.09117115766
0.04887184987
0.01821340954
0.01820027448
0.01820005664
0.01820005626
0.01820005625
0.01820005625
0.01820005625
0.01820005625
0.01820005625
0.01820005625
0.01820005625
0.01820005625
0.01820005625
0.01820005625
0.01820005625
0.01820005625
0.01820005625
0.01820005625
0.01820005625
0.01820005625
0.01820005625
0.01820005625
0.01820005625
0.01820005625
0.01820005625
0.01820005625
0.01820005625
0.01820005625
0.01820005625
0.01820005625
0.01820005625
0.01820005625
0.01820005625
0.01820005625
0.01820005625
0.01820005625
0.01820005625
0.01820005625
0.01820005625
0.01820005625
0.01820005625
0.01820005625
0.01820005625
0.01820005625
0.01820005625
0.01820005625
0.01820005625
0.01820005625
0.01820005625
0.01820005625
0.01820005625
0.01820005625
0.01820005625
0.01820005625
0.01820005625
0.01820005625
0.01820005625
0.01820005625
0.01820005625
0.01820005625
0.01820005625
0.01820005625
0.01820005625
0.01820005625
0.01820005625
0.01820005625
0.01820005626
0.01820005626
0.01820005626
0.01820005626
0.01820005626
0.01820005626
0.01820005626
0.01820005626
0.01820005626
0.01820005626
0.01820005626
0.01820005626
0.01820005626
0.01820005626
0.01820005626
0.01820005626
0.01820005626
0.01820005626
0.01820005626
0.01820005626
0.01820005626
0.01820005626
0.01820005626
0.01820005626
0.01820005626
0.01820005626
0.01820005626
0.01820005626
0.01820005626
0.01820005626
0.01820005626
0.01820005626
0.01820005626
0.01820005626
0.01820005626
0.01820005626
0.01820005626
0.01820005626
0.01820005626
0.01820005626
0.01820005626
0.01820005626
0.01820005626
0.01820005626
0.01820005626
0.01820005626
0.01820005626
0.01820005626
0.01820005626
0.01820005626
0.01820005626
0.01820005626
0.01820005626
0.01820005626
0.01820005626
0.01820005626
0.01820005626
0.01820005626
0.01820005626
0.01820005626
0.01820005626
0.01820005626
0.01820005626
0.01820005626
0.01820005626
0.01820005626
0.01820005626
0.01820005626
0.01820005626
0.01820005626
0.01820005626
0.01820005626
0.01820005626
0.01820005626
0.01820005626
0.01820005626
0.01820005626
0.01820005626
0.01820005626
0.01820005626
0.01820005626
0.01820005626
0.01820005626
0.01820005626
0.01820005626
0.01820005626
0.01820005626
0.01820005626
0.01820005626
0.01820005626
0.01820005626
0.01820005626
0.01820005626
0.01820005626
0.01820005626
0.01820005626
0.01820005626
0.01820005626
0.01820005626
0.01820005626
0.01820005626
0.01820005626
0.01820005626
0.01820005626
0.01820005626
0.01820005626
0.07689627218
0.07708482232
0.07801844448
0.07941149586
0.08125835527
0.08354994693
0.08626941728
0.08938918512
0.09286775444
0.09664670881
0.1006482928
0.1047741213
0.1089056669
0.1129071667
0.1166314154
0.1199284534
0.1226564551
0.1246931089
0.1259434166
0.1263546198
0.1259101514
0.1246244774
0.1225322383
0.1196730501
0.116041724
0.1104722115
0.09348105305
0.05264626067
0.01821470677
0.01820029069
0.01820005668
0.01820005626
0.01820005625
0.01820005625
0.01820005625
0.01820005625
0.01820005625
0.01820005625
0.01820005625
0.01820005625
0.01820005625
0.01820005625
0.01820005625
0.01820005625
0.01820005625
0.01820005625
0.01820005625
0.01820005625
0.01820005625
0.01820005625
0.01820005625
0.01820005625
0.01820005625
0.01820005625
0.01820005625
0.01820005625
0.01820005625
0.01820005625
0.01820005625
0.01820005625
0.01820005625
0.01820005625
0.01820005625
0.01820005625
0.01820005625
0.01820005625
0.01820005625
0.01820005625
0.01820005625
0.01820005625
0.01820005625
0.01820005625
0.01820005625
0.01820005625
0.01820005625
0.01820005625
0.01820005625
0.01820005625
0.01820005625
0.01820005625
0.01820005625
0.01820005625
0.01820005625
0.01820005625
0.01820005625
0.01820005625
0.01820005625
0.01820005625
0.01820005625
0.01820005625
0.01820005625
0.01820005625
0.01820005625
0.01820005625
0.01820005626
0.01820005626
0.01820005626
0.01820005626
0.01820005626
0.01820005626
0.01820005626
0.01820005626
0.01820005626
0.01820005626
0.01820005626
0.01820005626
0.01820005626
0.01820005626
0.01820005626
0.01820005626
0.01820005626
0.01820005626
0.01820005626
0.01820005626
0.01820005626
0.01820005626
0.01820005626
0.01820005626
0.01820005626
0.01820005626
0.01820005626
0.01820005626
0.01820005626
0.01820005626
0.01820005626
0.01820005626
0.01820005625
0.01820005625
0.01820005625
0.01820005626
0.01820005626
0.01820005626
0.01820005626
0.01820005626
0.01820005626
0.01820005626
0.01820005626
0.01820005626
0.01820005626
0.01820005626
0.01820005626
0.01820005626
0.01820005626
0.01820005626
0.01820005626
0.01820005626
0.01820005626
0.01820005626
0.01820005626
0.01820005626
0.01820005626
0.01820005626
0.01820005626
0.01820005626
0.01820005626
0.01820005626
0.01820005626
0.01820005626
0.01820005626
0.01820005626
0.01820005626
0.01820005626
0.01820005626
0.01820005626
0.01820005626
0.01820005626
0.01820005626
0.01820005626
0.01820005626
0.01820005626
0.01820005626
0.01820005626
0.01820005626
0.01820005626
0.01820005626
0.01820005626
0.01820005626
0.01820005626
0.01820005626
0.01820005626
0.01820005626
0.01820005626
0.01820005626
0.01820005626
0.01820005626
0.01820005626
0.01820005626
0.01820005626
0.01820005626
0.01820005626
0.01820005626
0.01820005626
0.01820005626
0.01820005626
0.01820005626
0.01820005626
0.01820005626
0.01820005626
0.01820005626
0.01820005626
0.07760201211
0.0777990997
0.078744777
0.08015429747
0.08202144014
0.08433601835
0.08707970357
0.09022305982
0.09372238971
0.09751682218
0.1015260704
0.1056494121
0.1097665324
0.1137408349
0.1174256064
0.1206729401
0.1233446231
0.1253230659
0.1265191767
0.126885731
0.1264110408
0.1251133209
0.1230296103
0.1202006535
0.1166282671
0.1113620822
0.09588064873
0.05682580371
0.01821606054
0.01820030741
0.01820005672
0.01820005626
0.01820005625
0.01820005625
0.01820005625
0.01820005625
0.01820005625
0.01820005625
0.01820005625
0.01820005625
0.01820005625
0.01820005625
0.01820005625
0.01820005625
0.01820005625
0.01820005625
0.01820005625
0.01820005625
0.01820005625
0.01820005625
0.01820005625
0.01820005625
0.01820005625
0.01820005625
0.01820005625
0.01820005625
0.01820005625
0.01820005625
0.01820005625
0.01820005625
0.01820005625
0.01820005625
0.01820005625
0.01820005625
0.01820005625
0.01820005625
0.01820005625
0.01820005625
0.01820005625
0.01820005625
0.01820005625
0.01820005625
0.01820005625
0.01820005625
0.01820005625
0.01820005625
0.01820005625
0.01820005625
0.01820005625
0.01820005625
0.01820005625
0.01820005625
0.01820005625
0.01820005625
0.01820005625
0.01820005625
0.01820005625
0.01820005625
0.01820005625
0.01820005625
0.01820005625
0.01820005625
0.01820005625
0.01820005626
0.01820005626
0.01820005626
0.01820005626
0.01820005626
0.01820005626
0.01820005626
0.01820005626
0.01820005626
0.01820005626
0.01820005626
0.01820005626
0.01820005626
0.01820005626
0.01820005626
0.01820005626
0.01820005626
0.01820005626
0.01820005626
0.01820005626
0.01820005626
0.01820005626
0.01820005626
0.01820005626
0.01820005626
0.01820005626
0.01820005626
0.01820005626
0.01820005626
0.01820005626
0.01820005626
0.01820005626
0.01820005625
0.01820005625
0.01820005625
0.01820005625
0.01820005626
0.01820005626
0.01820005626
0.01820005626
0.01820005626
0.01820005626
0.01820005626
0.01820005626
0.01820005626
0.01820005626
0.01820005626
0.01820005626
0.01820005626
0.01820005626
0.01820005626
0.01820005626
0.01820005626
0.01820005626
0.01820005626
0.01820005626
0.01820005626
0.01820005626
0.01820005626
0.01820005626
0.01820005626
0.01820005626
0.01820005626
0.01820005626
0.01820005626
0.01820005626
0.01820005626
0.01820005626
0.01820005626
0.01820005626
0.01820005626
0.01820005626
0.01820005626
0.01820005626
0.01820005626
0.01820005626
0.01820005626
0.01820005626
0.01820005626
0.01820005626
0.01820005626
0.01820005626
0.01820005626
0.01820005626
0.01820005626
0.01820005626
0.01820005626
0.01820005626
0.01820005626
0.01820005626
0.01820005626
0.01820005626
0.01820005626
0.01820005626
0.01820005626
0.01820005626
0.01820005626
0.01820005626
0.01820005626
0.01820005626
0.01820005626
0.01820005626
0.01820005626
0.01820005626
0.01820005626
0.01820005626
0.01820005626
0.07829514946
0.078500456
0.07945723296
0.08088176925
0.08276724111
0.08510236112
0.08786735253
0.09103097738
0.09454742816
0.09835352015
0.1023666329
0.1064839643
0.1105837219
0.1145288152
0.1181733574
0.1213717805
0.1239896812
0.1259142882
0.1270624156
0.1273922567
0.1268968524
0.1255979746
0.1235347676
0.1207485429
0.1172458856
0.1122687894
0.09830657125
0.06135501953
0.01833812711
0.01820035029
0.01820005764
0.01820005626
0.01820005625
0.01820005625
0.01820005625
0.01820005625
0.01820005625
0.01820005625
0.01820005625
0.01820005625
0.01820005625
0.01820005625
0.01820005625
0.01820005625
0.01820005625
0.01820005625
0.01820005625
0.01820005625
0.01820005625
0.01820005625
0.01820005625
0.01820005625
0.01820005625
0.01820005625
0.01820005625
0.01820005625
0.01820005625
0.01820005625
0.01820005625
0.01820005625
0.01820005625
0.01820005625
0.01820005625
0.01820005625
0.01820005625
0.01820005625
0.01820005625
0.01820005625
0.01820005625
0.01820005625
0.01820005625
0.01820005625
0.01820005625
0.01820005625
0.01820005625
0.01820005625
0.01820005625
0.01820005625
0.01820005625
0.01820005625
0.01820005625
0.01820005625
0.01820005625
0.01820005625
0.01820005625
0.01820005625
0.01820005625
0.01820005625
0.01820005625
0.01820005625
0.01820005625
0.01820005625
0.01820005626
0.01820005626
0.01820005626
0.01820005626
0.01820005626
0.01820005626
0.01820005626
0.01820005626
0.01820005626
0.01820005626
0.01820005626
0.01820005626
0.01820005626
0.01820005626
0.01820005626
0.01820005626
0.01820005626
0.01820005626
0.01820005626
0.01820005626
0.01820005626
0.01820005626
0.01820005626
0.01820005626
0.01820005626
0.01820005626
0.01820005626
0.01820005626
0.01820005626
0.01820005626
0.01820005626
0.01820005626
0.01820005625
0.01820005625
0.01820005625
0.01820005625
0.01820005626
0.01820005626
0.01820005626
0.01820005626
0.01820005626
0.01820005626
0.01820005626
0.01820005626
0.01820005626
0.01820005626
0.01820005626
0.01820005626
0.01820005626
0.01820005626
0.01820005626
0.01820005626
0.01820005626
0.01820005626
0.01820005626
0.01820005626
0.01820005626
0.01820005626
0.01820005626
0.01820005626
0.01820005626
0.01820005626
0.01820005626
0.01820005626
0.01820005626
0.01820005626
0.01820005626
0.01820005626
0.01820005626
0.01820005626
0.01820005626
0.01820005626
0.01820005626
0.01820005626
0.01820005626
0.01820005626
0.01820005626
0.01820005626
0.01820005626
0.01820005626
0.01820005626
0.01820005626
0.01820005626
0.01820005626
0.01820005626
0.01820005626
0.01820005626
0.01820005626
0.01820005626
0.01820005626
0.01820005626
0.01820005626
0.01820005626
0.01820005626
0.01820005626
0.01820005626
0.01820005626
0.01820005626
0.01820005626
0.01820005626
0.01820005626
0.01820005626
0.01820005626
0.01820005626
0.01820005626
0.01820005626
0.01820005626
0.01820005626
0.07897581388
0.07918896345
0.08015591613
0.0815940725
0.0834960063
0.08584934683
0.08863290291
0.09181369509
0.0953439016
0.09915816287
0.1031717111
0.1072798943
0.1113597017
0.1152738104
0.118877382
0.1220273211
0.1245930275
0.1264663812
0.1275696665
0.1278657501
0.127351171
0.1260491374
0.1239969872
0.1212288832
0.1177393607
0.1129111812
0.1002395152
0.06532816121
0.02061213707
0.01820095134
0.01820007399
0.01820005628
0.01820005626
0.01820005625
0.01820005625
0.01820005625
0.01820005625
0.01820005625
0.01820005625
0.01820005625
0.01820005625
0.01820005625
0.01820005625
0.01820005625
0.01820005625
0.01820005625
0.01820005625
0.01820005625
0.01820005625
0.01820005625
0.01820005625
0.01820005625
0.01820005625
0.01820005625
0.01820005625
0.01820005625
0.01820005625
0.01820005625
0.01820005625
0.01820005625
0.01820005625
0.01820005625
0.01820005625
0.01820005625
0.01820005625
0.01820005625
0.01820005625
0.01820005625
0.01820005625
0.01820005625
0.01820005625
0.01820005625
0.01820005625
0.01820005625
0.01820005625
0.01820005625
0.01820005625
0.01820005625
0.01820005625
0.01820005625
0.01820005625
0.01820005625
0.01820005625
0.01820005625
0.01820005625
0.01820005625
0.01820005625
0.01820005625
0.01820005625
0.01820005625
0.01820005625
0.01820005626
0.01820005626
0.01820005626
0.01820005626
0.01820005626
0.01820005626
0.01820005626
0.01820005626
0.01820005626
0.01820005626
0.01820005626
0.01820005626
0.01820005626
0.01820005626
0.01820005626
0.01820005626
0.01820005626
0.01820005626
0.01820005626
0.01820005626
0.01820005626
0.01820005626
0.01820005626
0.01820005626
0.01820005626
0.01820005626
0.01820005626
0.01820005626
0.01820005626
0.01820005626
0.01820005626
0.01820005625
0.01820005625
0.01820005625
0.01820005625
0.01820005625
0.01820005625
0.01820005626
0.01820005626
0.01820005626
0.01820005626
0.01820005626
0.01820005626
0.01820005626
0.01820005626
0.01820005626
0.01820005626
0.01820005626
0.01820005626
0.01820005626
0.01820005626
0.01820005626
0.01820005626
0.01820005626
0.01820005626
0.01820005626
0.01820005626
0.01820005626
0.01820005626
0.01820005626
0.01820005626
0.01820005626
0.01820005626
0.01820005626
0.01820005626
0.01820005626
0.01820005626
0.01820005626
0.01820005626
0.01820005626
0.01820005626
0.01820005626
0.01820005626
0.01820005626
0.01820005626
0.01820005626
0.01820005626
0.01820005626
0.01820005626
0.01820005626
0.01820005626
0.01820005626
0.01820005626
0.01820005626
0.01820005626
0.01820005626
0.01820005626
0.01820005626
0.01820005626
0.01820005626
0.01820005626
0.01820005626
0.01820005626
0.01820005626
0.01820005626
0.01820005626
0.01820005626
0.01820005626
0.01820005626
0.01820005626
0.01820005626
0.01820005626
0.01820005626
0.01820005626
0.01820005626
0.01820005626
0.01820005626
0.01820005626
0.01820005626
0.07964451038
0.07986506801
0.08084130075
0.08229173049
0.08420832855
0.08657766014
0.08937715375
0.09257214578
0.09611288715
0.09993196374
0.1039426128
0.1080385071
0.1120955948
0.1159764667
0.1195374043
0.1226377344
0.1251504462
0.1269717141
0.1280286399
0.1282879235
0.1277484682
0.1264333717
0.1243760591
0.1216011036
0.1180895877
0.1133505441
0.1019254861
0.0695296428
0.0241124637
0.0182022625
0.01820010309
0.01820005631
0.01820005626
0.01820005625
0.01820005625
0.01820005625
0.01820005625
0.01820005625
0.01820005625
0.01820005625
0.01820005625
0.01820005625
0.01820005625
0.01820005625
0.01820005625
0.01820005625
0.01820005625
0.01820005625
0.01820005625
0.01820005625
0.01820005625
0.01820005625
0.01820005625
0.01820005625
0.01820005625
0.01820005625
0.01820005625
0.01820005625
0.01820005625
0.01820005625
0.01820005625
0.01820005625
0.01820005625
0.01820005625
0.01820005625
0.01820005625
0.01820005625
0.01820005625
0.01820005625
0.01820005625
0.01820005625
0.01820005625
0.01820005625
0.01820005625
0.01820005625
0.01820005625
0.01820005625
0.01820005625
0.01820005625
0.01820005625
0.01820005625
0.01820005625
0.01820005625
0.01820005625
0.01820005625
0.01820005625
0.01820005625
0.01820005625
0.01820005625
0.01820005625
0.01820005626
0.01820005626
0.01820005626
0.01820005626
0.01820005626
0.01820005626
0.01820005626
0.01820005626
0.01820005626
0.01820005625
0.01820005625
0.01820005625
0.01820005625
0.01820005625
0.01820005626
0.01820005626
0.01820005626
0.01820005626
0.01820005626
0.01820005626
0.01820005626
0.01820005626
0.01820005626
0.01820005626
0.01820005626
0.01820005626
0.01820005626
0.01820005626
0.01820005626
0.01820005626
0.01820005626
0.01820005625
0.01820005625
0.01820005625
0.01820005625
0.01820005625
0.01820005625
0.01820005626
0.01820005626
0.01820005626
0.01820005626
0.01820005626
0.01820005626
0.01820005626
0.01820005626
0.01820005626
0.01820005626
0.01820005626
0.01820005626
0.01820005626
0.01820005626
0.01820005626
0.01820005626
0.01820005626
0.01820005626
0.01820005626
0.01820005626
0.01820005626
0.01820005626
0.01820005626
0.01820005626
0.01820005626
0.01820005626
0.01820005626
0.01820005626
0.01820005626
0.01820005626
0.01820005626
0.01820005626
0.01820005626
0.01820005626
0.01820005626
0.01820005626
0.01820005626
0.01820005626
0.01820005626
0.01820005626
0.01820005626
0.01820005626
0.01820005626
0.01820005626
0.01820005626
0.01820005626
0.01820005626
0.01820005626
0.01820005626
0.01820005626
0.01820005626
0.01820005626
0.01820005626
0.01820005626
0.01820005626
0.01820005626
0.01820005626
0.01820005626
0.01820005626
0.01820005626
0.01820005626
0.01820005626
0.01820005626
0.01820005626
0.01820005626
0.01820005626
0.01820005626
0.01820005626
0.01820005626
0.01820005626
0.01820005626
0.01820005626
0.01820005626
0.08030199727
0.08052946766
0.08151409448
0.0829754678
0.08490495147
0.08728805962
0.09010086469
0.0933070612
0.0968550356
0.1006754048
0.1046795148
0.1087594748
0.1127902927
0.1166345371
0.1201496121
0.1231971915
0.1256537055
0.1274195065
0.1284262717
0.128644459
0.1280754075
0.1267424461
0.1246761151
0.1218945365
0.1183735796
0.1137409551
0.1035526051
0.07399083118
0.02842863629
0.01820416142
0.01820013836
0.01820005636
0.01820005626
0.01820005625
0.01820005625
0.01820005625
0.01820005625
0.01820005625
0.01820005625
0.01820005625
0.01820005625
0.01820005625
0.01820005625
0.01820005625
0.01820005625
0.01820005625
0.01820005625
0.01820005625
0.01820005625
0.01820005625
0.01820005625
0.01820005625
0.01820005625
0.01820005625
0.01820005625
0.01820005625
0.01820005625
0.01820005625
0.01820005625
0.01820005625
0.01820005625
0.01820005625
0.01820005625
0.01820005625
0.01820005625
0.01820005625
0.01820005625
0.01820005625
0.01820005625
0.01820005625
0.01820005625
0.01820005625
0.01820005625
0.01820005625
0.01820005625
0.01820005625
0.01820005625
0.01820005625
0.01820005625
0.01820005625
0.01820005625
0.01820005625
0.01820005625
0.01820005625
0.01820005625
0.01820005625
0.01820005625
0.01820005625
0.01820005626
0.01820005626
0.01820005626
0.01820005626
0.01820005626
0.01820005626
0.01820005626
0.01820005626
0.01820005626
0.01820005625
0.01820005625
0.01820005625
0.01820005625
0.01820005625
0.01820005625
0.01820005625
0.01820005625
0.01820005625
0.01820005625
0.01820005625
0.01820005626
0.01820005626
0.01820005626
0.01820005626
0.01820005626
0.01820005626
0.01820005626
0.01820005626
0.01820005626
0.01820005626
0.01820005626
0.01820005626
0.01820005626
0.01820005625
0.01820005625
0.01820005625
0.01820005625
0.01820005626
0.01820005626
0.01820005626
0.01820005626
0.01820005626
0.01820005626
0.01820005626
0.01820005626
0.01820005626
0.01820005626
0.01820005626
0.01820005626
0.01820005626
0.01820005626
0.01820005626
0.01820005626
0.01820005626
0.01820005626
0.01820005626
0.01820005626
0.01820005626
0.01820005626
0.01820005626
0.01820005626
0.01820005626
0.01820005626
0.01820005626
0.01820005626
0.01820005626
0.01820005626
0.01820005626
0.01820005626
0.01820005626
0.01820005626
0.01820005626
0.01820005626
0.01820005626
0.01820005626
0.01820005626
0.01820005626
0.01820005626
0.01820005626
0.01820005626
0.01820005626
0.01820005626
0.01820005626
0.01820005626
0.01820005626
0.01820005626
0.01820005626
0.01820005626
0.01820005626
0.01820005626
0.01820005626
0.01820005626
0.01820005626
0.01820005626
0.01820005626
0.01820005626
0.01820005626
0.01820005626
0.01820005626
0.01820005626
0.01820005626
0.01820005626
0.01820005626
0.01820005626
0.01820005626
0.01820005626
0.01820005626
0.01820005626
0.01820005626
0.01820005626
0.01820005626
0.01820005626
0.08094904723
0.08118288335
0.08217499338
0.08364594085
0.08558646791
0.08798103799
0.09080437464
0.09401855007
0.0975701225
0.1013877932
0.1053810893
0.109440643
0.1134406185
0.1172436659
0.1207084262
0.123699063
0.1260956563
0.1278031213
0.1287580895
0.1289354104
0.1283396537
0.1269954393
0.1249322482
0.1221657022
0.1186740361
0.1141878539
0.1051790127
0.07857260226
0.03337957632
0.01820643789
0.01820017514
0.01820005642
0.01820005626
0.01820005625
0.01820005625
0.01820005625
0.01820005625
0.01820005625
0.01820005625
0.01820005625
0.01820005625
0.01820005625
0.01820005625
0.01820005625
0.01820005625
0.01820005625
0.01820005625
0.01820005625
0.01820005625
0.01820005625
0.01820005625
0.01820005625
0.01820005625
0.01820005625
0.01820005625
0.01820005625
0.01820005625
0.01820005625
0.01820005625
0.01820005625
0.01820005625
0.01820005625
0.01820005625
0.01820005625
0.01820005625
0.01820005625
0.01820005625
0.01820005625
0.01820005625
0.01820005625
0.01820005625
0.01820005625
0.01820005625
0.01820005625
0.01820005625
0.01820005625
0.01820005625
0.01820005625
0.01820005625
0.01820005625
0.01820005625
0.01820005625
0.01820005625
0.01820005625
0.01820005625
0.01820005625
0.01820005625
0.01820005626
0.01820005626
0.01820005626
0.01820005626
0.01820005626
0.01820005626
0.01820005626
0.01820005626
0.01820005625
0.01820005625
0.01820005625
0.01820005625
0.01820005625
0.01820005625
0.01820005625
0.01820005625
0.01820005625
0.01820005625
0.01820005625
0.01820005625
0.01820005625
0.01820005625
0.01820005625
0.01820005625
0.01820005625
0.01820005625
0.01820005625
0.01820005625
0.01820005626
0.01820005626
0.01820005626
0.01820005626
0.01820005625
0.01820005625
0.01820005625
0.01820005625
0.01820005625
0.01820005626
0.01820005626
0.01820005626
0.01820005626
0.01820005626
0.01820005626
0.01820005626
0.01820005626
0.01820005626
0.01820005626
0.01820005626
0.01820005626
0.01820005626
0.01820005626
0.01820005626
0.01820005626
0.01820005626
0.01820005626
0.01820005626
0.01820005626
0.01820005626
0.01820005626
0.01820005626
0.01820005626
0.01820005626
0.01820005626
0.01820005626
0.01820005626
0.01820005626
0.01820005626
0.01820005626
0.01820005626
0.01820005626
0.01820005626
0.01820005626
0.01820005626
0.01820005626
0.01820005626
0.01820005626
0.01820005626
0.01820005626
0.01820005626
0.01820005626
0.01820005626
0.01820005626
0.01820005626
0.01820005626
0.01820005626
0.01820005626
0.01820005626
0.01820005626
0.01820005626
0.01820005626
0.01820005626
0.01820005626
0.01820005626
0.01820005626
0.01820005626
0.01820005626
0.01820005626
0.01820005626
0.01820005626
0.01820005626
0.01820005626
0.01820005626
0.01820005626
0.01820005626
0.01820005626
0.01820005626
0.01820005626
0.01820005626
0.01820005626
0.01820005626
0.01820005626
0.01820005626
0.01820005626
0.08158611168
0.08182574595
0.08282436617
0.08430341737
0.08625299665
0.08865650451
0.09148730824
0.0947058623
0.09825692112
0.1020673229
0.1060448655
0.1100788422
0.1140427708
0.117799654
0.1212097311
0.1241401213
0.1264751316
0.1281249312
0.1290317025
0.1291752752
0.1285638976
0.1272239322
0.1251848253
0.1224623188
0.1190411397
0.1147338919
0.1068000958
0.08314204486
0.03887542557
0.01820889864
0.01820021098
0.01820005649
0.01820005626
0.01820005625
0.01820005625
0.01820005625
0.01820005625
0.01820005625
0.01820005625
0.01820005625
0.01820005625
0.01820005625
0.01820005625
0.01820005625
0.01820005625
0.01820005625
0.01820005625
0.01820005625
0.01820005625
0.01820005625
0.01820005625
0.01820005625
0.01820005625
0.01820005625
0.01820005625
0.01820005625
0.01820005625
0.01820005625
0.01820005625
0.01820005625
0.01820005625
0.01820005625
0.01820005625
0.01820005625
0.01820005625
0.01820005625
0.01820005625
0.01820005625
0.01820005625
0.01820005625
0.01820005625
0.01820005625
0.01820005625
0.01820005625
0.01820005625
0.01820005625
0.01820005625
0.01820005625
0.01820005625
0.01820005625
0.01820005625
0.01820005625
0.01820005625
0.01820005625
0.01820005625
0.01820005626
0.01820005626
0.01820005626
0.01820005626
0.01820005626
0.01820005626
0.01820005626
0.01820005626
0.01820005626
0.01820005625
0.01820005625
0.01820005625
0.01820005625
0.01820005625
0.01820005625
0.01820005625
0.01820005625
0.01820005625
0.01820005625
0.01820005625
0.01820005625
0.01820005625
0.01820005625
0.01820005625
0.01820005625
0.01820005625
0.01820005625
0.01820005625
0.01820005625
0.01820005625
0.01820005625
0.01820005626
0.01820005626
0.01820005626
0.01820005625
0.01820005625
0.01820005625
0.01820005625
0.01820005626
0.01820005626
0.01820005626
0.01820005626
0.01820005626
0.01820005626
0.01820005626
0.01820005626
0.01820005626
0.01820005626
0.01820005626
0.01820005626
0.01820005626
0.01820005626
0.01820005626
0.01820005626
0.01820005626
0.01820005626
0.01820005626
0.01820005626
0.01820005626
0.01820005626
0.01820005626
0.01820005626
0.01820005626
0.01820005626
0.01820005626
0.01820005626
0.01820005626
0.01820005626
0.01820005626
0.01820005626
0.01820005626
0.01820005626
0.01820005626
0.01820005626
0.01820005626
0.01820005626
0.01820005626
0.01820005626
0.01820005626
0.01820005626
0.01820005626
0.01820005626
0.01820005626
0.01820005626
0.01820005626
0.01820005626
0.01820005626
0.01820005626
0.01820005626
0.01820005626
0.01820005626
0.01820005626
0.01820005626
0.01820005626
0.01820005626
0.01820005626
0.01820005626
0.01820005626
0.01820005626
0.01820005626
0.01820005626
0.01820005626
0.01820005626
0.01820005626
0.01820005626
0.01820005626
0.01820005626
0.01820005626
0.01820005626
0.01820005626
0.01820005626
0.01820005626
0.01820005626
0.01820005626
0.01820005626
0.0822130424
0.0824579204
0.08346198814
0.08494753373
0.08690398251
0.08931365414
0.09214855111
0.09536752186
0.09891356236
0.1027117444
0.1066683021
0.110671445
0.1145944073
0.1183010231
0.1216537181
0.1245232324
0.1267987705
0.1283963015
0.1292638209
0.1293860717
0.1287746073
0.1274571823
0.1254635406
0.1228111569
0.1194929958
0.1153833367
0.1083968364
0.08760502887
0.04486045859
0.01821140024
0.01820024482
0.01820005656
0.01820005626
0.01820005625
0.01820005625
0.01820005625
0.01820005625
0.01820005625
0.01820005625
0.01820005625
0.01820005625
0.01820005625
0.01820005625
0.01820005625
0.01820005625
0.01820005625
0.01820005625
0.01820005625
0.01820005625
0.01820005625
0.01820005625
0.01820005625
0.01820005625
0.01820005625
0.01820005625
0.01820005625
0.01820005625
0.01820005625
0.01820005625
0.01820005625
0.01820005625
0.01820005625
0.01820005625
0.01820005625
0.01820005625
0.01820005625
0.01820005625
0.01820005625
0.01820005625
0.01820005625
0.01820005625
0.01820005625
0.01820005625
0.01820005625
0.01820005625
0.01820005625
0.01820005625
0.01820005625
0.01820005625
0.01820005625
0.01820005625
0.01820005625
0.01820005625
0.01820005625
0.01820005626
0.01820005626
0.01820005626
0.01820005626
0.01820005626
0.01820005626
0.01820005626
0.01820005626
0.01820005625
0.01820005625
0.01820005625
0.01820005625
0.01820005625
0.01820005625
0.01820005625
0.01820005625
0.01820005625
0.01820005625
0.01820005625
0.01820005625
0.01820005625
0.01820005625
0.01820005625
0.01820005625
0.01820005625
0.01820005625
0.01820005625
0.01820005625
0.01820005625
0.01820005625
0.01820005625
0.01820005625
0.01820005625
0.01820005625
0.01820005625
0.01820005625
0.01820005625
0.01820005626
0.01820005626
0.01820005626
0.01820005626
0.01820005626
0.01820005626
0.01820005626
0.01820005626
0.01820005626
0.01820005626
0.01820005626
0.01820005626
0.01820005626
0.01820005626
0.01820005626
0.01820005626
0.01820005626
0.01820005626
0.01820005626
0.01820005626
0.01820005626
0.01820005626
0.01820005626
0.01820005626
0.01820005626
0.01820005626
0.01820005626
0.01820005626
0.01820005626
0.01820005626
0.01820005626
0.01820005626
0.01820005626
0.01820005626
0.01820005626
0.01820005626
0.01820005626
0.01820005626
0.01820005626
0.01820005626
0.01820005626
0.01820005626
0.01820005626
0.01820005626
0.01820005626
0.01820005626
0.01820005626
0.01820005626
0.01820005626
0.01820005626
0.01820005626
0.01820005626
0.01820005626
0.01820005626
0.01820005626
0.01820005626
0.01820005626
0.01820005626
0.01820005626
0.01820005626
0.01820005626
0.01820005626
0.01820005626
0.01820005626
0.01820005626
0.01820005626
0.01820005626
0.01820005626
0.01820005626
0.01820005626
0.01820005626
0.01820005626
0.01820005626
0.01820005626
0.01820005626
0.01820005626
0.01820005626
0.01820005626
0.01820005626
0.08282891023
0.08307854904
0.08408692541
0.08557723922
0.08753822541
0.08995111526
0.09278655725
0.09600183921
0.09953829786
0.1033194135
0.1072501296
0.1112179605
0.1150963632
0.1187506104
0.1220459684
0.1248574054
0.1270794515
0.1286339241
0.1294742992
0.1295894697
0.1289933771
0.1277145989
0.1257835271
0.123220697
0.1200278928
0.1161241
0.1099546631
0.09190066244
0.05129209318
0.018213848
0.01820027628
0.01820005663
0.01820005626
0.01820005625
0.01820005625
0.01820005625
0.01820005625
0.01820005625
0.01820005625
0.01820005625
0.01820005625
0.01820005625
0.01820005625
0.01820005625
0.01820005625
0.01820005625
0.01820005625
0.01820005625
0.01820005625
0.01820005625
0.01820005625
0.01820005625
0.01820005625
0.01820005625
0.01820005625
0.01820005625
0.01820005625
0.01820005625
0.01820005625
0.01820005625
0.01820005625
0.01820005625
0.01820005625
0.01820005625
0.01820005625
0.01820005625
0.01820005625
0.01820005625
0.01820005625
0.01820005625
0.01820005625
0.01820005625
0.01820005625
0.01820005625
0.01820005625
0.01820005625
0.01820005625
0.01820005625
0.01820005625
0.01820005625
0.01820005625
0.01820005625
0.01820005626
0.01820005626
0.01820005626
0.01820005626
0.01820005626
0.01820005626
0.01820005626
0.01820005626
0.01820005626
0.01820005625
0.01820005625
0.01820005625
0.01820005625
0.01820005625
0.01820005625
0.01820005625
0.01820005625
0.01820005625
0.01820005625
0.01820005625
0.01820005625
0.01820005625
0.01820005625
0.01820005625
0.01820005625
0.01820005625
0.01820005625
0.01820005625
0.01820005625
0.01820005625
0.01820005625
0.01820005625
0.01820005625
0.01820005625
0.01820005625
0.01820005625
0.01820005625
0.01820005625
0.01820005626
0.01820005626
0.01820005626
0.01820005626
0.01820005626
0.01820005626
0.01820005626
0.01820005626
0.01820005626
0.01820005626
0.01820005626
0.01820005626
0.01820005626
0.01820005626
0.01820005626
0.01820005626
0.01820005626
0.01820005626
0.01820005626
0.01820005626
0.01820005626
0.01820005626
0.01820005626
0.01820005626
0.01820005626
0.01820005626
0.01820005626
0.01820005626
0.01820005626
0.01820005626
0.01820005626
0.01820005626
0.01820005626
0.01820005626
0.01820005626
0.01820005626
0.01820005626
0.01820005626
0.01820005626
0.01820005626
0.01820005626
0.01820005626
0.01820005626
0.01820005626
0.01820005626
0.01820005626
0.01820005626
0.01820005626
0.01820005626
0.01820005626
0.01820005626
0.01820005626
0.01820005626
0.01820005626
0.01820005626
0.01820005626
0.01820005626
0.01820005626
0.01820005626
0.01820005626
0.01820005626
0.01820005626
0.01820005626
0.01820005626
0.01820005626
0.01820005626
0.01820005626
0.01820005626
0.01820005626
0.01820005626
0.01820005626
0.01820005626
0.01820005626
0.01820005626
0.01820005626
0.01820005626
0.01820005626
0.01820005626
0.01820005626
0.01820005626
0.08343210715
0.08368614042
0.08469766535
0.08619099459
0.08815417347
0.09056736259
0.09339990492
0.09660762548
0.1001303699
0.1038902863
0.1077913929
0.1117209805
0.115553287
0.1191556089
0.1223965718
0.1251556964
0.1273328296
0.128855134
0.1296807589
0.1298016692
0.1292333111
0.1280048898
0.1261482149
0.1236881421
0.1206351995
0.1169399101
0.1114671549
0.09599071829
0.05813387738
0.01821619333
0.01820030639
0.0182000567
0.01820005626
0.01820005625
0.01820005625
0.01820005625
0.01820005625
0.01820005625
0.01820005625
0.01820005625
0.01820005625
0.01820005625
0.01820005625
0.01820005625
0.01820005625
0.01820005625
0.01820005625
0.01820005625
0.01820005625
0.01820005625
0.01820005625
0.01820005625
0.01820005625
0.01820005625
0.01820005625
0.01820005625
0.01820005625
0.01820005625
0.01820005625
0.01820005625
0.01820005625
0.01820005625
0.01820005625
0.01820005625
0.01820005625
0.01820005625
0.01820005625
0.01820005625
0.01820005625
0.01820005625
0.01820005625
0.01820005625
0.01820005625
0.01820005625
0.01820005625
0.01820005625
0.01820005625
0.01820005625
0.01820005625
0.01820005625
0.01820005625
0.01820005625
0.01820005625
0.01820005626
0.01820005626
0.01820005626
0.01820005626
0.01820005625
0.01820005625
0.01820005625
0.01820005625
0.01820005625
0.01820005625
0.01820005625
0.01820005625
0.01820005625
0.01820005625
0.01820005625
0.01820005625
0.01820005625
0.01820005625
0.01820005625
0.01820005625
0.01820005625
0.01820005625
0.01820005625
0.01820005625
0.01820005625
0.01820005625
0.01820005625
0.01820005625
0.01820005625
0.01820005625
0.01820005625
0.01820005625
0.01820005625
0.01820005625
0.01820005625
0.01820005626
0.01820005626
0.01820005626
0.01820005626
0.01820005626
0.01820005626
0.01820005626
0.01820005626
0.01820005626
0.01820005626
0.01820005626
0.01820005626
0.01820005626
0.01820005626
0.01820005626
0.01820005626
0.01820005626
0.01820005626
0.01820005626
0.01820005626
0.01820005626
0.01820005626
0.01820005626
0.01820005626
0.01820005626
0.01820005626
0.01820005626
0.01820005626
0.01820005626
0.01820005626
0.01820005626
0.01820005626
0.01820005626
0.01820005626
0.01820005626
0.01820005626
0.01820005626
0.01820005626
0.01820005626
0.01820005626
0.01820005626
0.01820005626
0.01820005626
0.01820005626
0.01820005626
0.01820005626
0.01820005626
0.01820005626
0.01820005626
0.01820005626
0.01820005626
0.01820005626
0.01820005626
0.01820005626
0.01820005626
0.01820005626
0.01820005626
0.01820005626
0.01820005626
0.01820005626
0.01820005626
0.01820005626
0.01820005626
0.01820005626
0.01820005626
0.01820005626
0.01820005626
0.01820005626
0.01820005626
0.01820005626
0.01820005626
0.01820005626
0.01820005626
0.01820005626
0.01820005626
0.01820005626
0.01820005626
0.01820005626
0.01820005626
0.01820005626
0.01820005626
0.01820005626
0.08402071652
0.0842789121
0.08529249094
0.08678719373
0.08875040333
0.09116126123
0.09398789727
0.09718482461
0.1006906234
0.1044264211
0.108295708
0.1121860129
0.1159728264
0.1195258678
0.1227173295
0.1254311755
0.1275720415
0.1290714127
0.1298908858
0.1300241174
0.1294868798
0.1283080989
0.1265197767
0.1241476722
0.1212014929
0.1176346885
0.1126029711
0.09925432167
0.064231983
0.02068652755
0.01820095334
0.01820007392
0.01820005628
0.01820005626
0.01820005625
0.01820005625
0.01820005625
0.01820005625
0.01820005625
0.01820005625
0.01820005625
0.01820005625
0.01820005625
0.01820005625
0.01820005625
0.01820005625
0.01820005625
0.01820005625
0.01820005625
0.01820005625
0.01820005625
0.01820005625
0.01820005625
0.01820005625
0.01820005625
0.01820005625
0.01820005625
0.01820005625
0.01820005625
0.01820005625
0.01820005625
0.01820005625
0.01820005625
0.01820005625
0.01820005625
0.01820005625
0.01820005625
0.01820005625
0.01820005625
0.01820005625
0.01820005625
0.01820005625
0.01820005625
0.01820005625
0.01820005625
0.01820005625
0.01820005625
0.01820005625
0.01820005625
0.01820005625
0.01820005625
0.01820005625
0.01820005625
0.01820005625
0.01820005625
0.01820005625
0.01820005625
0.01820005625
0.01820005625
0.01820005625
0.01820005625
0.01820005625
0.01820005625
0.01820005625
0.01820005625
0.01820005625
0.01820005625
0.01820005625
0.01820005625
0.01820005625
0.01820005625
0.01820005625
0.01820005625
0.01820005625
0.01820005625
0.01820005625
0.01820005625
0.01820005625
0.01820005625
0.01820005625
0.01820005625
0.01820005625
0.01820005625
0.01820005625
0.01820005625
0.01820005625
0.01820005625
0.01820005626
0.01820005626
0.01820005626
0.01820005626
0.01820005626
0.01820005626
0.01820005626
0.01820005626
0.01820005626
0.01820005626
0.01820005626
0.01820005626
0.01820005626
0.01820005626
0.01820005626
0.01820005626
0.01820005626
0.01820005626
0.01820005626
0.01820005626
0.01820005626
0.01820005626
0.01820005626
0.01820005626
0.01820005626
0.01820005626
0.01820005626
0.01820005626
0.01820005626
0.01820005626
0.01820005626
0.01820005626
0.01820005626
0.01820005626
0.01820005626
0.01820005626
0.01820005626
0.01820005626
0.01820005626
0.01820005626
0.01820005626
0.01820005626
0.01820005626
0.01820005626
0.01820005626
0.01820005626
0.01820005626
0.01820005626
0.01820005626
0.01820005626
0.01820005626
0.01820005626
0.01820005626
0.01820005626
0.01820005626
0.01820005626
0.01820005626
0.01820005626
0.01820005626
0.01820005626
0.01820005626
0.01820005626
0.01820005626
0.01820005626
0.01820005626
0.01820005626
0.01820005626
0.01820005626
0.01820005626
0.01820005626
0.01820005626
0.01820005626
0.01820005626
0.01820005626
0.01820005626
0.01820005626
0.01820005626
0.01820005626
0.01820005626
0.01820005626
0.01820005626
0.01820005626
0.01820005626
0.08459304839
0.08485529209
0.0858699875
0.0873646728
0.08932612039
0.09173253598
0.0945509632
0.09773478511
0.101221561
0.1049317014
0.1087685124
0.1126200991
0.1163634672
0.1198708463
0.1230178047
0.1256921879
0.1278024613
0.1292831319
0.1300978928
0.1302408318
0.1297271221
0.1285847235
0.1268447151
0.1245309168
0.1216462825
0.1181348627
0.1133659731
0.1018415495
0.07007892475
0.0252632074
0.01820263712
0.01820010925
0.01820005632
0.01820005626
0.01820005625
0.01820005625
0.01820005625
0.01820005625
0.01820005625
0.01820005625
0.01820005625
0.01820005625
0.01820005625
0.01820005625
0.01820005625
0.01820005625
0.01820005625
0.01820005625
0.01820005625
0.01820005625
0.01820005625
0.01820005625
0.01820005625
0.01820005625
0.01820005625
0.01820005625
0.01820005625
0.01820005625
0.01820005625
0.01820005625
0.01820005625
0.01820005625
0.01820005625
0.01820005625
0.01820005625
0.01820005625
0.01820005625
0.01820005625
0.01820005625
0.01820005625
0.01820005625
0.01820005625
0.01820005625
0.01820005625
0.01820005625
0.01820005625
0.01820005625
0.01820005625
0.01820005625
0.01820005625
0.01820005625
0.01820005625
0.01820005625
0.01820005625
0.01820005625
0.01820005625
0.01820005625
0.01820005625
0.01820005625
0.01820005625
0.01820005625
0.01820005625
0.01820005625
0.01820005625
0.01820005625
0.01820005625
0.01820005625
0.01820005625
0.01820005625
0.01820005625
0.01820005625
0.01820005625
0.01820005625
0.01820005625
0.01820005625
0.01820005625
0.01820005625
0.01820005625
0.01820005625
0.01820005625
0.01820005625
0.01820005625
0.01820005625
0.01820005625
0.01820005625
0.01820005626
0.01820005626
0.01820005626
0.01820005626
0.01820005626
0.01820005626
0.01820005626
0.01820005626
0.01820005626
0.01820005626
0.01820005626
0.01820005626
0.01820005626
0.01820005626
0.01820005626
0.01820005626
0.01820005626
0.01820005626
0.01820005626
0.01820005626
0.01820005626
0.01820005626
0.01820005626
0.01820005626
0.01820005626
0.01820005626
0.01820005626
0.01820005626
0.01820005626
0.01820005626
0.01820005626
0.01820005626
0.01820005626
0.01820005626
0.01820005626
0.01820005626
0.01820005626
0.01820005626
0.01820005626
0.01820005626
0.01820005626
0.01820005626
0.01820005626
0.01820005626
0.01820005626
0.01820005626
0.01820005626
0.01820005626
0.01820005626
0.01820005626
0.01820005626
0.01820005626
0.01820005626
0.01820005626
0.01820005626
0.01820005626
0.01820005626
0.01820005626
0.01820005626
0.01820005626
0.01820005626
0.01820005626
0.01820005626
0.01820005626
0.01820005626
0.01820005626
0.01820005626
0.01820005626
0.01820005626
0.01820005626
0.01820005626
0.01820005626
0.01820005626
0.01820005626
0.01820005626
0.01820005626
0.01820005626
0.01820005626
0.01820005626
0.01820005626
0.01820005626
0.01820005626
0.01820005626
0.01820005626
0.01820005626
0.08514822091
0.08541444227
0.08642952676
0.08792313573
0.08988149681
0.09228197894
0.09509067615
0.09826001832
0.1017267558
0.1054108126
0.1092155224
0.1130297066
0.1167318807
0.1201965577
0.1233021702
0.1259396422
0.1280202459
0.129480481
0.1302853417
0.1304290714
0.1299266381
0.1288059741
0.1270982955
0.1248263894
0.1219884371
0.1185246127
0.1139758038
0.1040992057
0.07595902463
0.03109071652
0.01820516377
0.01820015313
0.01820005638
0.01820005626
0.01820005625
0.01820005625
0.01820005625
0.01820005625
0.01820005625
0.01820005625
0.01820005625
0.01820005625
0.01820005625
0.01820005625
0.01820005625
0.01820005625
0.01820005625
0.01820005625
0.01820005625
0.01820005625
0.01820005625
0.01820005625
0.01820005625
0.01820005625
0.01820005625
0.01820005625
0.01820005625
0.01820005625
0.01820005625
0.01820005625
0.01820005625
0.01820005625
0.01820005625
0.01820005625
0.01820005625
0.01820005625
0.01820005625
0.01820005625
0.01820005625
0.01820005625
0.01820005625
0.01820005625
0.01820005625
0.01820005625
0.01820005625
0.01820005625
0.01820005625
0.01820005625
0.01820005625
0.01820005625
0.01820005625
0.01820005625
0.01820005625
0.01820005625
0.01820005625
0.01820005625
0.01820005625
0.01820005625
0.01820005625
0.01820005625
0.01820005625
0.01820005625
0.01820005625
0.01820005625
0.01820005625
0.01820005625
0.01820005625
0.01820005625
0.01820005625
0.01820005625
0.01820005625
0.01820005625
0.01820005625
0.01820005625
0.01820005625
0.01820005625
0.01820005625
0.01820005625
0.01820005625
0.01820005625
0.01820005625
0.01820005625
0.01820005625
0.01820005625
0.01820005626
0.01820005626
0.01820005626
0.01820005626
0.01820005626
0.01820005626
0.01820005626
0.01820005626
0.01820005626
0.01820005626
0.01820005626
0.01820005626
0.01820005626
0.01820005626
0.01820005626
0.01820005626
0.01820005626
0.01820005626
0.01820005626
0.01820005626
0.01820005626
0.01820005626
0.01820005626
0.01820005626
0.01820005626
0.01820005626
0.01820005626
0.01820005626
0.01820005626
0.01820005626
0.01820005626
0.01820005626
0.01820005626
0.01820005626
0.01820005626
0.01820005626
0.01820005626
0.01820005626
0.01820005626
0.01820005626
0.01820005626
0.01820005626
0.01820005626
0.01820005626
0.01820005626
0.01820005626
0.01820005626
0.01820005626
0.01820005626
0.01820005626
0.01820005626
0.01820005626
0.01820005626
0.01820005626
0.01820005626
0.01820005626
0.01820005626
0.01820005626
0.01820005626
0.01820005626
0.01820005626
0.01820005626
0.01820005626
0.01820005626
0.01820005626
0.01820005626
0.01820005626
0.01820005626
0.01820005626
0.01820005626
0.01820005626
0.01820005626
0.01820005626
0.01820005626
0.01820005626
0.01820005626
0.01820005626
0.01820005626
0.01820005626
0.01820005626
0.01820005626
0.01820005626
0.01820005626
0.01820005626
0.01820005626
0.01820005626
0.08568648905
0.08595657695
0.08697153049
0.08846332486
0.09041770642
0.09281130159
0.09560937221
0.09876353002
0.1022098545
0.1058678981
0.109641076
0.1134188702
0.1170810938
0.1205041429
0.1235687402
0.1261682174
0.1282160513
0.1296504959
0.1304380783
0.1305741917
0.1300752569
0.1289711988
0.127295366
0.1250716499
0.1222975483
0.1189175447
0.1146074384
0.1061971545
0.08174391169
0.03776784147
0.01820813518
0.01820019801
0.01820005646
0.01820005626
0.01820005625
0.01820005625
0.01820005625
0.01820005625
0.01820005625
0.01820005625
0.01820005625
0.01820005625
0.01820005625
0.01820005625
0.01820005625
0.01820005625
0.01820005625
0.01820005625
0.01820005625
0.01820005625
0.01820005625
0.01820005625
0.01820005625
0.01820005625
0.01820005625
0.01820005625
0.01820005625
0.01820005625
0.01820005625
0.01820005625
0.01820005625
0.01820005625
0.01820005625
0.01820005625
0.01820005625
0.01820005625
0.01820005625
0.01820005625
0.01820005625
0.01820005625
0.01820005625
0.01820005625
0.01820005625
0.01820005625
0.01820005625
0.01820005625
0.01820005625
0.01820005625
0.01820005625
0.01820005625
0.01820005625
0.01820005625
0.01820005625
0.01820005625
0.01820005625
0.01820005625
0.01820005625
0.01820005625
0.01820005625
0.01820005625
0.01820005625
0.01820005625
0.01820005625
0.01820005625
0.01820005625
0.01820005625
0.01820005625
0.01820005625
0.01820005625
0.01820005625
0.01820005625
0.01820005625
0.01820005625
0.01820005625
0.01820005625
0.01820005625
0.01820005625
0.01820005625
0.01820005625
0.01820005625
0.01820005625
0.01820005625
0.01820005625
0.01820005626
0.01820005626
0.01820005626
0.01820005626
0.01820005626
0.01820005626
0.01820005626
0.01820005626
0.01820005626
0.01820005626
0.01820005626
0.01820005626
0.01820005626
0.01820005626
0.01820005626
0.01820005626
0.01820005626
0.01820005626
0.01820005626
0.01820005626
0.01820005626
0.01820005626
0.01820005626
0.01820005626
0.01820005626
0.01820005626
0.01820005626
0.01820005626
0.01820005626
0.01820005626
0.01820005626
0.01820005626
0.01820005626
0.01820005626
0.01820005626
0.01820005626
0.01820005626
0.01820005626
0.01820005626
0.01820005626
0.01820005626
0.01820005626
0.01820005626
0.01820005626
0.01820005626
0.01820005626
0.01820005626
0.01820005626
0.01820005626
0.01820005626
0.01820005626
0.01820005626
0.01820005626
0.01820005626
0.01820005626
0.01820005626
0.01820005626
0.01820005626
0.01820005626
0.01820005626
0.01820005626
0.01820005626
0.01820005626
0.01820005626
0.01820005626
0.01820005626
0.01820005626
0.01820005626
0.01820005626
0.01820005626
0.01820005626
0.01820005626
0.01820005626
0.01820005626
0.01820005626
0.01820005626
0.01820005626
0.01820005626
0.01820005626
0.01820005626
0.01820005626
0.01820005626
0.01820005626
0.01820005626
0.01820005626
0.01820005626
0.01820005626
0.08620926824
0.08648298494
0.08749741869
0.08898687606
0.09093665193
0.09332270326
0.09610953732
0.09924802193
0.1026736193
0.1063055187
0.1100471529
0.1137885049
0.1174104216
0.1207908406
0.1238124272
0.1263706998
0.1283814187
0.1297852003
0.1305511528
0.1306774159
0.1301836277
0.1291031977
0.1274725571
0.1253175848
0.1226375393
0.1193857004
0.1153377795
0.1081865434
0.08728326269
0.04508615242
0.01821121381
0.01820024019
0.01820005655
0.01820005626
0.01820005625
0.01820005625
0.01820005625
0.01820005625
0.01820005625
0.01820005625
0.01820005625
0.01820005625
0.01820005625
0.01820005625
0.01820005625
0.01820005625
0.01820005625
0.01820005625
0.01820005625
0.01820005625
0.01820005625
0.01820005625
0.01820005625
0.01820005625
0.01820005625
0.01820005625
0.01820005625
0.01820005625
0.01820005625
0.01820005625
0.01820005625
0.01820005625
0.01820005625
0.01820005625
0.01820005625
0.01820005625
0.01820005625
0.01820005625
0.01820005625
0.01820005625
0.01820005625
0.01820005625
0.01820005625
0.01820005625
0.01820005625
0.01820005625
0.01820005625
0.01820005625
0.01820005625
0.01820005625
0.01820005625
0.01820005625
0.01820005625
0.01820005625
0.01820005625
0.01820005625
0.01820005625
0.01820005625
0.01820005625
0.01820005625
0.01820005625
0.01820005625
0.01820005625
0.01820005625
0.01820005625
0.01820005625
0.01820005625
0.01820005625
0.01820005625
0.01820005625
0.01820005625
0.01820005625
0.01820005625
0.01820005625
0.01820005625
0.01820005625
0.01820005625
0.01820005625
0.01820005625
0.01820005625
0.01820005625
0.01820005625
0.01820005626
0.01820005626
0.01820005626
0.01820005626
0.01820005626
0.01820005626
0.01820005626
0.01820005626
0.01820005626
0.01820005626
0.01820005626
0.01820005626
0.01820005626
0.01820005626
0.01820005626
0.01820005626
0.01820005626
0.01820005626
0.01820005626
0.01820005626
0.01820005626
0.01820005626
0.01820005626
0.01820005626
0.01820005626
0.01820005626
0.01820005626
0.01820005626
0.01820005626
0.01820005626
0.01820005626
0.01820005626
0.01820005626
0.01820005626
0.01820005626
0.01820005626
0.01820005626
0.01820005626
0.01820005626
0.01820005626
0.01820005626
0.01820005626
0.01820005626
0.01820005626
0.01820005626
0.01820005626
0.01820005626
0.01820005626
0.01820005626
0.01820005626
0.01820005626
0.01820005626
0.01820005626
0.01820005626
0.01820005626
0.01820005626
0.01820005626
0.01820005626
0.01820005626
0.01820005626
0.01820005626
0.01820005626
0.01820005626
0.01820005626
0.01820005626
0.01820005626
0.01820005626
0.01820005626
0.01820005626
0.01820005626
0.01820005626
0.01820005626
0.01820005626
0.01820005626
0.01820005626
0.01820005626
0.01820005626
0.01820005626
0.01820005626
0.01820005626
0.01820005626
0.01820005626
0.01820005626
0.01820005626
0.01820005626
0.01820005626
0.01820005626
0.01820005626
0.08671879513
0.08699572326
0.08800928306
0.08949592856
0.09144050858
0.09381835124
0.09659324406
0.09971533304
0.1031194585
0.1067244038
0.1104335307
0.1141371926
0.1177171278
0.121052718
0.1240286102
0.1265427939
0.1285139384
0.1298860385
0.1306319527
0.1307537712
0.1302751376
0.129233007
0.1276663223
0.1256025461
0.1230437085
0.1199534759
0.1161783475
0.1100770906
0.09248309838
0.05291902304
0.0182141898
0.01820027884
0.01820005664
0.01820005626
0.01820005625
0.01820005625
0.01820005625
0.01820005625
0.01820005625
0.01820005625
0.01820005625
0.01820005625
0.01820005625
0.01820005625
0.01820005625
0.01820005625
0.01820005625
0.01820005625
0.01820005625
0.01820005625
0.01820005625
0.01820005625
0.01820005625
0.01820005625
0.01820005625
0.01820005625
0.01820005625
0.01820005625
0.01820005625
0.01820005625
0.01820005625
0.01820005625
0.01820005625
0.01820005625
0.01820005625
0.01820005625
0.01820005625
0.01820005625
0.01820005625
0.01820005625
0.01820005625
0.01820005625
0.01820005625
0.01820005625
0.01820005625
0.01820005625
0.01820005625
0.01820005625
0.01820005625
0.01820005625
0.01820005625
0.01820005625
0.01820005625
0.01820005625
0.01820005625
0.01820005625
0.01820005625
0.01820005625
0.01820005625
0.01820005625
0.01820005625
0.01820005625
0.01820005625
0.01820005625
0.01820005625
0.01820005625
0.01820005625
0.01820005625
0.01820005625
0.01820005625
0.01820005625
0.01820005625
0.01820005625
0.01820005625
0.01820005625
0.01820005625
0.01820005625
0.01820005625
0.01820005625
0.01820005625
0.01820005625
0.01820005625
0.01820005626
0.01820005626
0.01820005626
0.01820005626
0.01820005626
0.01820005626
0.01820005626
0.01820005626
0.01820005626
0.01820005626
0.01820005626
0.01820005626
0.01820005626
0.01820005626
0.01820005626
0.01820005626
0.01820005626
0.01820005626
0.01820005626
0.01820005626
0.01820005626
0.01820005626
0.01820005626
0.01820005626
0.01820005626
0.01820005626
0.01820005626
0.01820005626
0.01820005626
0.01820005626
0.01820005626
0.01820005626
0.01820005626
0.01820005626
0.01820005626
0.01820005626
0.01820005626
0.01820005626
0.01820005626
0.01820005626
0.01820005626
0.01820005626
0.01820005626
0.01820005626
0.01820005626
0.01820005626
0.01820005626
0.01820005626
0.01820005626
0.01820005626
0.01820005626
0.01820005626
0.01820005626
0.01820005626
0.01820005626
0.01820005626
0.01820005626
0.01820005626
0.01820005626
0.01820005626
0.01820005626
0.01820005626
0.01820005626
0.01820005626
0.01820005626
0.01820005626
0.01820005626
0.01820005626
0.01820005626
0.01820005626
0.01820005626
0.01820005626
0.01820005626
0.01820005626
0.01820005626
0.01820005626
0.01820005626
0.01820005626
0.01820005626
0.01820005626
0.01820005626
0.01820005626
0.01820005626
0.01820005626
0.01820005626
0.01820005626
0.01820005626
0.01820005626
0.08721757701
0.08749712292
0.08850940053
0.0899926508
0.09193128009
0.0942999998
0.09706188594
0.1001663628
0.1035476385
0.1071240703
0.1107989297
0.1144629481
0.1179988263
0.1212875801
0.1242162
0.1266857115
0.1286184353
0.1299625283
0.1306951741
0.1308225287
0.1303716138
0.1293815312
0.1278919482
0.1259304232
0.1235007344
0.1205736633
0.1170370646
0.1117352844
0.09705897324
0.0607562639
0.01918954546
0.01820053201
0.01820006362
0.01820005627
0.01820005626
0.01820005625
0.01820005625
0.01820005625
0.01820005625
0.01820005625
0.01820005625
0.01820005625
0.01820005625
0.01820005625
0.01820005625
0.01820005625
0.01820005625
0.01820005625
0.01820005625
0.01820005625
0.01820005625
0.01820005625
0.01820005625
0.01820005625
0.01820005625
0.01820005625
0.01820005625
0.01820005625
0.01820005625
0.01820005625
0.01820005625
0.01820005625
0.01820005625
0.01820005625
0.01820005625
0.01820005625
0.01820005625
0.01820005625
0.01820005625
0.01820005625
0.01820005625
0.01820005625
0.01820005625
0.01820005625
0.01820005625
0.01820005625
0.01820005625
0.01820005625
0.01820005625
0.01820005625
0.01820005625
0.01820005625
0.01820005625
0.01820005625
0.01820005625
0.01820005625
0.01820005625
0.01820005625
0.01820005625
0.01820005625
0.01820005625
0.01820005625
0.01820005625
0.01820005625
0.01820005625
0.01820005625
0.01820005625
0.01820005625
0.01820005625
0.01820005625
0.01820005625
0.01820005625
0.01820005625
0.01820005625
0.01820005625
0.01820005625
0.01820005625
0.01820005625
0.01820005625
0.01820005625
0.01820005625
0.01820005626
0.01820005626
0.01820005626
0.01820005626
0.01820005626
0.01820005626
0.01820005626
0.01820005626
0.01820005626
0.01820005626
0.01820005626
0.01820005626
0.01820005626
0.01820005626
0.01820005626
0.01820005626
0.01820005626
0.01820005626
0.01820005626
0.01820005626
0.01820005626
0.01820005626
0.01820005626
0.01820005626
0.01820005626
0.01820005626
0.01820005626
0.01820005626
0.01820005626
0.01820005626
0.01820005626
0.01820005626
0.01820005626
0.01820005626
0.01820005626
0.01820005626
0.01820005626
0.01820005626
0.01820005626
0.01820005626
0.01820005626
0.01820005626
0.01820005626
0.01820005626
0.01820005626
0.01820005626
0.01820005626
0.01820005626
0.01820005626
0.01820005626
0.01820005626
0.01820005626
0.01820005626
0.01820005626
0.01820005626
0.01820005626
0.01820005626
0.01820005626
0.01820005626
0.01820005626
0.01820005626
0.01820005626
0.01820005626
0.01820005626
0.01820005626
0.01820005626
0.01820005626
0.01820005626
0.01820005626
0.01820005626
0.01820005626
0.01820005626
0.01820005626
0.01820005626
0.01820005626
0.01820005626
0.01820005626
0.01820005626
0.01820005626
0.01820005626
0.01820005626
0.01820005626
0.01820005626
0.01820005626
0.01820005626
0.01820005626
0.01820005626
0.01820005626
0.01820005626
0.08770782384
0.0879892898
0.08899976472
0.09047885709
0.09241052904
0.09476887923
0.09751628071
0.1006014518
0.1039579986
0.1075039081
0.1111424613
0.1147649325
0.1182552381
0.121496381
0.1243781346
0.1268050241
0.1287033851
0.1300255771
0.1307526588
0.1308936864
0.1304771425
0.1295417938
0.1281253384
0.1262525881
0.1239247827
0.1211096328
0.1177016673
0.1128638932
0.1004854974
0.06752963541
0.02347251771
0.01820189075
0.01820009413
0.0182000563
0.01820005626
0.01820005625
0.01820005625
0.01820005625
0.01820005625
0.01820005625
0.01820005625
0.01820005625
0.01820005625
0.01820005625
0.01820005625
0.01820005625
0.01820005625
0.01820005625
0.01820005625
0.01820005625
0.01820005625
0.01820005625
0.01820005625
0.01820005625
0.01820005625
0.01820005625
0.01820005625
0.01820005625
0.01820005625
0.01820005625
0.01820005625
0.01820005625
0.01820005625
0.01820005625
0.01820005625
0.01820005625
0.01820005625
0.01820005625
0.01820005625
0.01820005625
0.01820005625
0.01820005625
0.01820005625
0.01820005625
0.01820005625
0.01820005625
0.01820005625
0.01820005625
0.01820005625
0.01820005625
0.01820005625
0.01820005625
0.01820005625
0.01820005625
0.01820005625
0.01820005625
0.01820005625
0.01820005625
0.01820005625
0.01820005625
0.01820005625
0.01820005625
0.01820005625
0.01820005625
0.01820005625
0.01820005625
0.01820005625
0.01820005625
0.01820005625
0.01820005625
0.01820005625
0.01820005625
0.01820005625
0.01820005625
0.01820005625
0.01820005625
0.01820005625
0.01820005625
0.01820005625
0.01820005626
0.01820005626
0.01820005626
0.01820005626
0.01820005626
0.01820005626
0.01820005626
0.01820005626
0.01820005626
0.01820005626
0.01820005626
0.01820005626
0.01820005626
0.01820005626
0.01820005626
0.01820005626
0.01820005626
0.01820005626
0.01820005626
0.01820005626
0.01820005626
0.01820005626
0.01820005626
0.01820005626
0.01820005626
0.01820005626
0.01820005626
0.01820005626
0.01820005626
0.01820005626
0.01820005626
0.01820005626
0.01820005626
0.01820005626
0.01820005626
0.01820005626
0.01820005626
0.01820005626
0.01820005626
0.01820005626
0.01820005626
0.01820005626
0.01820005626
0.01820005626
0.01820005626
0.01820005626
0.01820005626
0.01820005626
0.01820005626
0.01820005626
0.01820005626
0.01820005626
0.01820005626
0.01820005626
0.01820005626
0.01820005626
0.01820005626
0.01820005626
0.01820005626
0.01820005626
0.01820005626
0.01820005626
0.01820005626
0.01820005626
0.01820005626
0.01820005626
0.01820005626
0.01820005626
0.01820005626
0.01820005626
0.01820005626
0.01820005626
0.01820005626
0.01820005626
0.01820005626
0.01820005626
0.01820005626
0.01820005626
0.01820005626
0.01820005626
0.01820005626
0.01820005626
0.01820005626
0.01820005626
0.01820005626
0.01820005626
0.01820005626
0.01820005626
0.01820005626
0.01820005626
0.01820005626
0.08819111533
0.08847378404
0.08948183062
0.09095584595
0.09287934936
0.09522583973
0.09795701647
0.1010209462
0.1043507225
0.1078640995
0.111464562
0.1150441812
0.118488391
0.1216824912
0.1245192838
0.1269068632
0.1287753328
0.1300805261
0.1308061666
0.130962504
0.1305775548
0.1296880349
0.1283286175
0.1265210434
0.1242637663
0.1215203368
0.1181860666
0.1136570966
0.1032443052
0.07417403672
0.0295930279
0.01820439434
0.01820013947
0.01820005636
0.01820005626
0.01820005625
0.01820005625
0.01820005625
0.01820005625
0.01820005625
0.01820005625
0.01820005625
0.01820005625
0.01820005625
0.01820005625
0.01820005625
0.01820005625
0.01820005625
0.01820005625
0.01820005625
0.01820005625
0.01820005625
0.01820005625
0.01820005625
0.01820005625
0.01820005625
0.01820005625
0.01820005625
0.01820005625
0.01820005625
0.01820005625
0.01820005625
0.01820005625
0.01820005625
0.01820005625
0.01820005625
0.01820005625
0.01820005625
0.01820005625
0.01820005625
0.01820005625
0.01820005625
0.01820005625
0.01820005625
0.01820005625
0.01820005625
0.01820005625
0.01820005625
0.01820005625
0.01820005625
0.01820005625
0.01820005625
0.01820005625
0.01820005625
0.01820005625
0.01820005625
0.01820005625
0.01820005625
0.01820005625
0.01820005625
0.01820005625
0.01820005625
0.01820005625
0.01820005625
0.01820005625
0.01820005625
0.01820005625
0.01820005625
0.01820005625
0.01820005625
0.01820005625
0.01820005625
0.01820005625
0.01820005625
0.01820005625
0.01820005625
0.01820005625
0.01820005625
0.01820005625
0.01820005626
0.01820005626
0.01820005626
0.01820005626
0.01820005626
0.01820005626
0.01820005626
0.01820005626
0.01820005626
0.01820005626
0.01820005626
0.01820005626
0.01820005626
0.01820005626
0.01820005626
0.01820005626
0.01820005626
0.01820005626
0.01820005626
0.01820005626
0.01820005626
0.01820005626
0.01820005626
0.01820005626
0.01820005626
0.01820005626
0.01820005626
0.01820005626
0.01820005626
0.01820005626
0.01820005626
0.01820005626
0.01820005626
0.01820005626
0.01820005626
0.01820005626
0.01820005626
0.01820005626
0.01820005626
0.01820005626
0.01820005626
0.01820005626
0.01820005626
0.01820005626
0.01820005626
0.01820005626
0.01820005626
0.01820005626
0.01820005626
0.01820005626
0.01820005626
0.01820005626
0.01820005626
0.01820005626
0.01820005626
0.01820005626
0.01820005626
0.01820005626
0.01820005626
0.01820005626
0.01820005626
0.01820005626
0.01820005626
0.01820005626
0.01820005626
0.01820005626
0.01820005626
0.01820005626
0.01820005626
0.01820005626
0.01820005626
0.01820005626
0.01820005626
0.01820005626
0.01820005626
0.01820005626
0.01820005626
0.01820005626
0.01820005626
0.01820005626
0.01820005626
0.01820005626
0.01820005626
0.01820005626
0.01820005626
0.01820005626
0.01820005626
0.01820005626
0.01820005626
0.01820005626
0.01820005626
0.08866829612
0.08895152878
0.08995648069
0.09142444295
0.09333850405
0.09567159333
0.09838479189
0.101425604
0.1047267422
0.1082059047
0.1117669969
0.1153031217
0.11870144
0.1218496656
0.1246435671
0.1269944782
0.1288356061
0.130125266
0.1308486871
0.1310162269
0.130654848
0.1297995676
0.1284835826
0.1267281847
0.1245324425
0.1218607319
0.1186163221
0.1143730396
0.105673589
0.08066564831
0.03684824821
0.01820757284
0.01820018857
0.01820005644
0.01820005626
0.01820005625
0.01820005625
0.01820005625
0.01820005625
0.01820005625
0.01820005625
0.01820005625
0.01820005625
0.01820005625
0.01820005625
0.01820005625
0.01820005625
0.01820005625
0.01820005625
0.01820005625
0.01820005625
0.01820005625
0.01820005625
0.01820005625
0.01820005625
0.01820005625
0.01820005625
0.01820005625
0.01820005625
0.01820005625
0.01820005625
0.01820005625
0.01820005625
0.01820005625
0.01820005625
0.01820005625
0.01820005625
0.01820005625
0.01820005625
0.01820005625
0.01820005625
0.01820005625
0.01820005625
0.01820005625
0.01820005625
0.01820005625
0.01820005625
0.01820005625
0.01820005625
0.01820005625
0.01820005625
0.01820005625
0.01820005625
0.01820005625
0.01820005625
0.01820005625
0.01820005625
0.01820005625
0.01820005625
0.01820005625
0.01820005625
0.01820005625
0.01820005625
0.01820005625
0.01820005625
0.01820005625
0.01820005625
0.01820005625
0.01820005625
0.01820005625
0.01820005625
0.01820005625
0.01820005625
0.01820005625
0.01820005625
0.01820005625
0.01820005625
0.01820005626
0.01820005626
0.01820005626
0.01820005626
0.01820005626
0.01820005626
0.01820005626
0.01820005626
0.01820005626
0.01820005626
0.01820005626
0.01820005626
0.01820005626
0.01820005626
0.01820005626
0.01820005626
0.01820005626
0.01820005626
0.01820005626
0.01820005626
0.01820005626
0.01820005626
0.01820005626
0.01820005626
0.01820005626
0.01820005626
0.01820005626
0.01820005626
0.01820005626
0.01820005626
0.01820005626
0.01820005626
0.01820005626
0.01820005626
0.01820005626
0.01820005626
0.01820005626
0.01820005626
0.01820005626
0.01820005626
0.01820005626
0.01820005626
0.01820005626
0.01820005626
0.01820005626
0.01820005626
0.01820005626
0.01820005626
0.01820005626
0.01820005626
0.01820005626
0.01820005626
0.01820005626
0.01820005626
0.01820005626
0.01820005626
0.01820005626
0.01820005626
0.01820005626
0.01820005626
0.01820005626
0.01820005626
0.01820005626
0.01820005626
0.01820005626
0.01820005626
0.01820005626
0.01820005626
0.01820005626
0.01820005626
0.01820005626
0.01820005626
0.01820005626
0.01820005626
0.01820005626
0.01820005626
0.01820005626
0.01820005626
0.01820005626
0.01820005626
0.01820005626
0.01820005626
0.01820005626
0.01820005626
0.01820005626
0.01820005626
0.01820005626
0.01820005626
0.01820005626
0.01820005626
0.01820005626
0.01820005626
0.01820005626
0.08913964652
0.08942293857
0.09042416775
0.09188516157
0.09378859995
0.09610688577
0.09880055141
0.1018166399
0.1050876165
0.1085312839
0.1120521349
0.1155444423
0.1188971538
0.1220003201
0.1247524105
0.1270675269
0.1288813509
0.1301540466
0.1308719191
0.1310455307
0.1307016797
0.1298754833
0.1286011797
0.1269023978
0.1247816661
0.122208132
0.1190983441
0.1151561381
0.1079104824
0.08683299532
0.04488387758
0.01821094981
0.01820023526
0.01820005654
0.01820005626
0.01820005625
0.01820005625
0.01820005625
0.01820005625
0.01820005625
0.01820005625
0.01820005625
0.01820005625
0.01820005625
0.01820005625
0.01820005625
0.01820005625
0.01820005625
0.01820005625
0.01820005625
0.01820005625
0.01820005625
0.01820005625
0.01820005625
0.01820005625
0.01820005625
0.01820005625
0.01820005625
0.01820005625
0.01820005625
0.01820005625
0.01820005625
0.01820005625
0.01820005625
0.01820005625
0.01820005625
0.01820005625
0.01820005625
0.01820005625
0.01820005625
0.01820005625
0.01820005625
0.01820005625
0.01820005625
0.01820005625
0.01820005625
0.01820005625
0.01820005625
0.01820005625
0.01820005625
0.01820005625
0.01820005625
0.01820005625
0.01820005625
0.01820005625
0.01820005625
0.01820005625
0.01820005625
0.01820005625
0.01820005625
0.01820005625
0.01820005625
0.01820005625
0.01820005625
0.01820005625
0.01820005625
0.01820005625
0.01820005625
0.01820005625
0.01820005625
0.01820005625
0.01820005625
0.01820005625
0.01820005625
0.01820005625
0.01820005625
0.01820005626
0.01820005626
0.01820005626
0.01820005626
0.01820005626
0.01820005626
0.01820005626
0.01820005626
0.01820005626
0.01820005626
0.01820005626
0.01820005626
0.01820005626
0.01820005626
0.01820005626
0.01820005626
0.01820005626
0.01820005626
0.01820005626
0.01820005626
0.01820005626
0.01820005626
0.01820005626
0.01820005626
0.01820005626
0.01820005626
0.01820005626
0.01820005626
0.01820005626
0.01820005626
0.01820005626
0.01820005626
0.01820005626
0.01820005626
0.01820005626
0.01820005626
0.01820005626
0.01820005626
0.01820005626
0.01820005626
0.01820005626
0.01820005626
0.01820005626
0.01820005626
0.01820005626
0.01820005626
0.01820005626
0.01820005626
0.01820005626
0.01820005626
0.01820005626
0.01820005626
0.01820005626
0.01820005626
0.01820005626
0.01820005626
0.01820005626
0.01820005626
0.01820005626
0.01820005626
0.01820005626
0.01820005626
0.01820005626
0.01820005626
0.01820005626
0.01820005626
0.01820005626
0.01820005626
0.01820005626
0.01820005626
0.01820005626
0.01820005626
0.01820005626
0.01820005626
0.01820005626
0.01820005626
0.01820005626
0.01820005626
0.01820005626
0.01820005626
0.01820005626
0.01820005626
0.01820005626
0.01820005626
0.01820005626
0.01820005626
0.01820005626
0.01820005626
0.01820005626
0.01820005626
0.01820005626
0.01820005626
0.01820005626
0.01820005626
0.08960515475
0.08988814274
0.0908851147
0.09233836479
0.09423019053
0.09653251263
0.09920537965
0.1021954598
0.1054350736
0.1088422346
0.1123221111
0.1157701858
0.1190771507
0.1221352461
0.1248453937
0.127124166
0.1289094801
0.1301633528
0.1308735308
0.1310516925
0.1307258884
0.1299330211
0.1287098908
0.1270834272
0.1250601862
0.1226153254
0.1196800006
0.1160488309
0.1099993179
0.09255874222
0.05349653627
0.01821422064
0.01820027807
0.01820005663
0.01820005626
0.01820005625
0.01820005625
0.01820005625
0.01820005625
0.01820005625
0.01820005625
0.01820005625
0.01820005625
0.01820005625
0.01820005625
0.01820005625
0.01820005625
0.01820005625
0.01820005625
0.01820005625
0.01820005625
0.01820005625
0.01820005625
0.01820005625
0.01820005625
0.01820005625
0.01820005625
0.01820005625
0.01820005625
0.01820005625
0.01820005625
0.01820005625
0.01820005625
0.01820005625
0.01820005625
0.01820005625
0.01820005625
0.01820005625
0.01820005625
0.01820005625
0.01820005625
0.01820005625
0.01820005625
0.01820005625
0.01820005625
0.01820005625
0.01820005625
0.01820005625
0.01820005625
0.01820005625
0.01820005625
0.01820005625
0.01820005625
0.01820005625
0.01820005625
0.01820005625
0.01820005625
0.01820005625
0.01820005625
0.01820005625
0.01820005625
0.01820005625
0.01820005625
0.01820005625
0.01820005625
0.01820005625
0.01820005625
0.01820005625
0.01820005625
0.01820005625
0.01820005625
0.01820005625
0.01820005625
0.01820005625
0.01820005625
0.01820005625
0.01820005626
0.01820005626
0.01820005626
0.01820005626
0.01820005626
0.01820005626
0.01820005626
0.01820005626
0.01820005626
0.01820005626
0.01820005626
0.01820005626
0.01820005626
0.01820005626
0.01820005626
0.01820005626
0.01820005626
0.01820005626
0.01820005626
0.01820005626
0.01820005626
0.01820005626
0.01820005626
0.01820005626
0.01820005626
0.01820005626
0.01820005626
0.01820005626
0.01820005626
0.01820005626
0.01820005626
0.01820005626
0.01820005626
0.01820005626
0.01820005626
0.01820005626
0.01820005626
0.01820005626
0.01820005626
0.01820005626
0.01820005626
0.01820005626
0.01820005626
0.01820005626
0.01820005626
0.01820005626
0.01820005626
0.01820005626
0.01820005626
0.01820005626
0.01820005626
0.01820005626
0.01820005626
0.01820005626
0.01820005626
0.01820005626
0.01820005626
0.01820005626
0.01820005626
0.01820005626
0.01820005626
0.01820005626
0.01820005626
0.01820005626
0.01820005626
0.01820005626
0.01820005626
0.01820005626
0.01820005626
0.01820005626
0.01820005626
0.01820005626
0.01820005626
0.01820005626
0.01820005626
0.01820005626
0.01820005626
0.01820005626
0.01820005626
0.01820005626
0.01820005626
0.01820005626
0.01820005626
0.01820005626
0.01820005626
0.01820005626
0.01820005626
0.01820005626
0.01820005626
0.01820005626
0.01820005626
0.01820005626
0.01820005626
0.01820005626
0.09006473376
0.09034717204
0.09133946191
0.09278435122
0.09466377809
0.09694921715
0.09960028131
0.1025633212
0.1057705743
0.1091403185
0.1125784307
0.1159816015
0.1192422231
0.1222546511
0.1249221944
0.1271639037
0.1289201026
0.1301550744
0.1308586421
0.1310444031
0.1307423602
0.1299914209
0.128830305
0.1272875858
0.1253714022
0.123059755
0.1202913777
0.1169089489
0.1117137109
0.09735738306
0.06176060112
0.01999494346
0.01820073739
0.01820006901
0.01820005627
0.01820005626
0.01820005625
0.01820005625
0.01820005625
0.01820005625
0.01820005625
0.01820005625
0.01820005625
0.01820005625
0.01820005625
0.01820005625
0.01820005625
0.01820005625
0.01820005625
0.01820005625
0.01820005625
0.01820005625
0.01820005625
0.01820005625
0.01820005625
0.01820005625
0.01820005625
0.01820005625
0.01820005625
0.01820005625
0.01820005625
0.01820005625
0.01820005625
0.01820005625
0.01820005625
0.01820005625
0.01820005625
0.01820005625
0.01820005625
0.01820005625
0.01820005625
0.01820005625
0.01820005625
0.01820005625
0.01820005625
0.01820005625
0.01820005625
0.01820005625
0.01820005625
0.01820005625
0.01820005625
0.01820005625
0.01820005625
0.01820005625
0.01820005625
0.01820005625
0.01820005625
0.01820005625
0.01820005625
0.01820005625
0.01820005625
0.01820005625
0.01820005625
0.01820005625
0.01820005625
0.01820005625
0.01820005625
0.01820005625
0.01820005625
0.01820005625
0.01820005625
0.01820005625
0.01820005625
0.01820005625
0.01820005626
0.01820005626
0.01820005626
0.01820005626
0.01820005626
0.01820005626
0.01820005626
0.01820005626
0.01820005626
0.01820005626
0.01820005626
0.01820005626
0.01820005626
0.01820005626
0.01820005626
0.01820005626
0.01820005626
0.01820005626
0.01820005626
0.01820005626
0.01820005626
0.01820005626
0.01820005626
0.01820005626
0.01820005626
0.01820005626
0.01820005626
0.01820005626
0.01820005626
0.01820005626
0.01820005626
0.01820005626
0.01820005626
0.01820005626
0.01820005626
0.01820005626
0.01820005626
0.01820005626
0.01820005626
0.01820005626
0.01820005626
0.01820005626
0.01820005626
0.01820005626
0.01820005626
0.01820005626
0.01820005626
0.01820005626
0.01820005626
0.01820005626
0.01820005626
0.01820005626
0.01820005626
0.01820005626
0.01820005626
0.01820005626
0.01820005626
0.01820005626
0.01820005626
0.01820005626
0.01820005626
0.01820005626
0.01820005626
0.01820005626
0.01820005626
0.01820005626
0.01820005626
0.01820005626
0.01820005626
0.01820005626
0.01820005626
0.01820005626
0.01820005626
0.01820005626
0.01820005626
0.01820005626
0.01820005626
0.01820005626
0.01820005626
0.01820005626
0.01820005626
0.01820005626
0.01820005626
0.01820005626
0.01820005626
0.01820005626
0.01820005626
0.01820005626
0.01820005626
0.01820005626
0.01820005626
0.01820005626
0.01820005626
0.01820005626
0.01820005626
0.01820005626
0.09051837268
0.09080007633
0.09178734302
0.09322337699
0.09508977342
0.0973575851
0.09998601992
0.1029211455
0.1060951502
0.1094266073
0.1128221254
0.1161796204
0.119393209
0.1223594128
0.1249840357
0.1271888015
0.1289167259
0.1301346811
0.1308348041
0.131032559
0.1307592867
0.1300544836
0.1289564914
0.1274925126
0.1256687283
0.1234612523
0.1208068795
0.1175615409
0.1128705572
0.1009476378
0.06905179079
0.02503762747
0.01820246178
0.01820010506
0.01820005631
0.01820005626
0.01820005625
0.01820005625
0.01820005625
0.01820005625
0.01820005625
0.01820005625
0.01820005625
0.01820005625
0.01820005625
0.01820005625
0.01820005625
0.01820005625
0.01820005625
0.01820005625
0.01820005625
0.01820005625
0.01820005625
0.01820005625
0.01820005625
0.01820005625
0.01820005625
0.01820005625
0.01820005625
0.01820005625
0.01820005625
0.01820005625
0.01820005625
0.01820005625
0.01820005625
0.01820005625
0.01820005625
0.01820005625
0.01820005625
0.01820005625
0.01820005625
0.01820005625
0.01820005625
0.01820005625
0.01820005625
0.01820005625
0.01820005625
0.01820005625
0.01820005625
0.01820005625
0.01820005625
0.01820005625
0.01820005625
0.01820005625
0.01820005625
0.01820005625
0.01820005625
0.01820005625
0.01820005625
0.01820005625
0.01820005625
0.01820005625
0.01820005625
0.01820005625
0.01820005625
0.01820005625
0.01820005625
0.01820005625
0.01820005625
0.01820005625
0.01820005625
0.01820005625
0.01820005625
0.01820005626
0.01820005626
0.01820005626
0.01820005626
0.01820005626
0.01820005626
0.01820005626
0.01820005626
0.01820005626
0.01820005626
0.01820005626
0.01820005626
0.01820005626
0.01820005626
0.01820005626
0.01820005626
0.01820005626
0.01820005626
0.01820005626
0.01820005626
0.01820005626
0.01820005626
0.01820005626
0.01820005626
0.01820005626
0.01820005626
0.01820005626
0.01820005626
0.01820005626
0.01820005626
0.01820005626
0.01820005626
0.01820005626
0.01820005626
0.01820005626
0.01820005626
0.01820005626
0.01820005626
0.01820005626
0.01820005626
0.01820005626
0.01820005626
0.01820005626
0.01820005626
0.01820005626
0.01820005626
0.01820005626
0.01820005626
0.01820005626
0.01820005626
0.01820005626
0.01820005626
0.01820005626
0.01820005626
0.01820005626
0.01820005626
0.01820005626
0.01820005626
0.01820005626
0.01820005626
0.01820005626
0.01820005626
0.01820005626
0.01820005626
0.01820005626
0.01820005626
0.01820005626
0.01820005626
0.01820005626
0.01820005626
0.01820005626
0.01820005626
0.01820005626
0.01820005626
0.01820005626
0.01820005626
0.01820005626
0.01820005626
0.01820005626
0.01820005626
0.01820005626
0.01820005626
0.01820005626
0.01820005626
0.01820005626
0.01820005626
0.01820005626
0.01820005626
0.01820005626
0.01820005626
0.01820005626
0.01820005626
0.01820005626
0.01820005626
0.01820005626
0.01820005626
0.01820005626
0.09096612454
0.09124693692
0.09222888992
0.09365564716
0.09550847369
0.09775801899
0.100363109
0.1032695554
0.1064095282
0.1097019314
0.1130541492
0.116365382
0.1195315526
0.122451461
0.1250335452
0.1272023425
0.1289036394
0.1301067964
0.1308058833
0.1310174159
0.1307727829
0.1301104144
0.1290665938
0.1276659544
0.1259123957
0.1237805728
0.1212059861
0.1180529837
0.1137142111
0.1038429144
0.07612004953
0.03190451115
0.01820532483
0.01820015389
0.01820005638
0.01820005626
0.01820005625
0.01820005625
0.01820005625
0.01820005625
0.01820005625
0.01820005625
0.01820005625
0.01820005625
0.01820005625
0.01820005625
0.01820005625
0.01820005625
0.01820005625
0.01820005625
0.01820005625
0.01820005625
0.01820005625
0.01820005625
0.01820005625
0.01820005625
0.01820005625
0.01820005625
0.01820005625
0.01820005625
0.01820005625
0.01820005625
0.01820005625
0.01820005625
0.01820005625
0.01820005625
0.01820005625
0.01820005625
0.01820005625
0.01820005625
0.01820005625
0.01820005625
0.01820005625
0.01820005625
0.01820005625
0.01820005625
0.01820005625
0.01820005625
0.01820005625
0.01820005625
0.01820005625
0.01820005625
0.01820005625
0.01820005625
0.01820005625
0.01820005625
0.01820005625
0.01820005625
0.01820005625
0.01820005625
0.01820005625
0.01820005625
0.01820005625
0.01820005625
0.01820005625
0.01820005625
0.01820005625
0.01820005625
0.01820005625
0.01820005625
0.01820005625
0.01820005625
0.01820005626
0.01820005626
0.01820005626
0.01820005626
0.01820005626
0.01820005626
0.01820005626
0.01820005626
0.01820005626
0.01820005626
0.01820005626
0.01820005626
0.01820005626
0.01820005626
0.01820005626
0.01820005626
0.01820005626
0.01820005626
0.01820005626
0.01820005626
0.01820005626
0.01820005626
0.01820005626
0.01820005626
0.01820005626
0.01820005626
0.01820005626
0.01820005626
0.01820005626
0.01820005626
0.01820005626
0.01820005626
0.01820005626
0.01820005626
0.01820005626
0.01820005626
0.01820005626
0.01820005626
0.01820005626
0.01820005626
0.01820005626
0.01820005626
0.01820005626
0.01820005626
0.01820005626
0.01820005626
0.01820005626
0.01820005626
0.01820005626
0.01820005626
0.01820005626
0.01820005626
0.01820005626
0.01820005626
0.01820005626
0.01820005626
0.01820005626
0.01820005626
0.01820005626
0.01820005626
0.01820005626
0.01820005626
0.01820005626
0.01820005626
0.01820005626
0.01820005626
0.01820005626
0.01820005626
0.01820005626
0.01820005626
0.01820005626
0.01820005626
0.01820005626
0.01820005626
0.01820005626
0.01820005626
0.01820005626
0.01820005626
0.01820005626
0.01820005626
0.01820005626
0.01820005626
0.01820005626
0.01820005626
0.01820005626
0.01820005626
0.01820005626
0.01820005626
0.01820005626
0.01820005626
0.01820005626
0.01820005626
0.01820005626
0.01820005626
0.01820005626
0.01820005626
0.01820005626
0.01820005626
0.09140807961
0.09168785062
0.09266422367
0.09408132108
0.09592009134
0.0981508008
0.1007319199
0.1036090372
0.1067143453
0.1099671291
0.1132756096
0.1165403434
0.1196591376
0.12253314
0.1250734518
0.1272073644
0.1288832235
0.1300724455
0.1307703837
0.1309937751
0.1307732411
0.1301456843
0.1291456552
0.1277966925
0.1261031156
0.1240419109
0.1215527394
0.118514329
0.1145015826
0.1063765079
0.08290177889
0.03989549671
0.01820876283
0.01820020461
0.01820005647
0.01820005626
0.01820005625
0.01820005625
0.01820005625
0.01820005625
0.01820005625
0.01820005625
0.01820005625
0.01820005625
0.01820005625
0.01820005625
0.01820005625
0.01820005625
0.01820005625
0.01820005625
0.01820005625
0.01820005625
0.01820005625
0.01820005625
0.01820005625
0.01820005625
0.01820005625
0.01820005625
0.01820005625
0.01820005625
0.01820005625
0.01820005625
0.01820005625
0.01820005625
0.01820005625
0.01820005625
0.01820005625
0.01820005625
0.01820005625
0.01820005625
0.01820005625
0.01820005625
0.01820005625
0.01820005625
0.01820005625
0.01820005625
0.01820005625
0.01820005625
0.01820005625
0.01820005625
0.01820005625
0.01820005625
0.01820005625
0.01820005625
0.01820005625
0.01820005625
0.01820005625
0.01820005625
0.01820005625
0.01820005625
0.01820005625
0.01820005625
0.01820005625
0.01820005625
0.01820005625
0.01820005625
0.01820005625
0.01820005625
0.01820005625
0.01820005625
0.01820005625
0.01820005626
0.01820005626
0.01820005626
0.01820005626
0.01820005626
0.01820005626
0.01820005626
0.01820005626
0.01820005626
0.01820005626
0.01820005626
0.01820005626
0.01820005626
0.01820005626
0.01820005626
0.01820005626
0.01820005626
0.01820005626
0.01820005626
0.01820005626
0.01820005626
0.01820005626
0.01820005626
0.01820005626
0.01820005626
0.01820005626
0.01820005626
0.01820005626
0.01820005626
0.01820005626
0.01820005626
0.01820005626
0.01820005626
0.01820005626
0.01820005626
0.01820005626
0.01820005626
0.01820005626
0.01820005626
0.01820005626
0.01820005626
0.01820005626
0.01820005626
0.01820005626
0.01820005626
0.01820005626
0.01820005626
0.01820005626
0.01820005626
0.01820005626
0.01820005626
0.01820005626
0.01820005626
0.01820005626
0.01820005626
0.01820005626
0.01820005626
0.01820005626
0.01820005626
0.01820005626
0.01820005626
0.01820005626
0.01820005626
0.01820005626
0.01820005626
0.01820005626
0.01820005626
0.01820005626
0.01820005626
0.01820005626
0.01820005626
0.01820005626
0.01820005626
0.01820005626
0.01820005626
0.01820005626
0.01820005626
0.01820005626
0.01820005626
0.01820005626
0.01820005626
0.01820005626
0.01820005626
0.01820005626
0.01820005626
0.01820005626
0.01820005626
0.01820005626
0.01820005626
0.01820005626
0.01820005626
0.01820005626
0.01820005626
0.01820005626
0.01820005626
0.01820005626
0.01820005626
0.01820005626
0.01820005626
0.09184433479
0.09212291655
0.0930934586
0.09450054035
0.09632481149
0.09853618116
0.1010927983
0.1039400705
0.1070102619
0.1102230925
0.1134876748
0.1167059671
0.1197776812
0.1226062841
0.1251054348
0.1272049686
0.1288554656
0.13002999
0.1307247862
0.1309566004
0.1307554949
0.1301577167
0.1291977534
0.1279004092
0.1262731075
0.1242979287
0.1219222206
0.1190425062
0.1153630523
0.1086866079
0.08923814754
0.04864500016
0.01821228268
0.01820025168
0.01820005657
0.01820005626
0.01820005625
0.01820005625
0.01820005625
0.01820005625
0.01820005625
0.01820005625
0.01820005625
0.01820005625
0.01820005625
0.01820005625
0.01820005625
0.01820005625
0.01820005625
0.01820005625
0.01820005625
0.01820005625
0.01820005625
0.01820005625
0.01820005625
0.01820005625
0.01820005625
0.01820005625
0.01820005625
0.01820005625
0.01820005625
0.01820005625
0.01820005625
0.01820005625
0.01820005625
0.01820005625
0.01820005625
0.01820005625
0.01820005625
0.01820005625
0.01820005625
0.01820005625
0.01820005625
0.01820005625
0.01820005625
0.01820005625
0.01820005625
0.01820005625
0.01820005625
0.01820005625
0.01820005625
0.01820005625
0.01820005625
0.01820005625
0.01820005625
0.01820005625
0.01820005625
0.01820005625
0.01820005625
0.01820005625
0.01820005625
0.01820005625
0.01820005625
0.01820005625
0.01820005625
0.01820005625
0.01820005625
0.01820005625
0.01820005625
0.01820005625
0.01820005626
0.01820005626
0.01820005626
0.01820005626
0.01820005626
0.01820005626
0.01820005626
0.01820005626
0.01820005626
0.01820005626
0.01820005626
0.01820005626
0.01820005626
0.01820005626
0.01820005626
0.01820005626
0.01820005626
0.01820005626
0.01820005626
0.01820005626
0.01820005626
0.01820005626
0.01820005626
0.01820005626
0.01820005626
0.01820005626
0.01820005626
0.01820005626
0.01820005626
0.01820005626
0.01820005626
0.01820005626
0.01820005626
0.01820005626
0.01820005626
0.01820005626
0.01820005626
0.01820005626
0.01820005626
0.01820005626
0.01820005626
0.01820005626
0.01820005626
0.01820005626
0.01820005626
0.01820005626
0.01820005626
0.01820005626
0.01820005626
0.01820005626
0.01820005626
0.01820005626
0.01820005626
0.01820005626
0.01820005626
0.01820005626
0.01820005626
0.01820005626
0.01820005626
0.01820005626
0.01820005626
0.01820005626
0.01820005626
0.01820005626
0.01820005626
0.01820005626
0.01820005626
0.01820005626
0.01820005626
0.01820005626
0.01820005626
0.01820005626
0.01820005626
0.01820005626
0.01820005626
0.01820005626
0.01820005626
0.01820005626
0.01820005626
0.01820005626
0.01820005626
0.01820005626
0.01820005626
0.01820005626
0.01820005626
0.01820005626
0.01820005626
0.01820005626
0.01820005626
0.01820005626
0.01820005626
0.01820005626
0.01820005626
0.01820005626
0.01820005626
0.01820005626
0.01820005626
0.01820005626
0.01820005626
0.01820005626
0.09227499363
0.09255224232
0.09351671669
0.09491345845
0.09672283506
0.09891443052
0.1014461111
0.1042631484
0.1072979264
0.1104706436
0.1136913349
0.1168633647
0.1198883122
0.1226718713
0.1251301077
0.1271952046
0.1288197824
0.1299784529
0.1306684518
0.1309069804
0.1307244198
0.1301576524
0.1292426083
0.1280067018
0.1264612849
0.1245939111
0.122360334
0.119674782
0.1163300784
0.110824413
0.09503558113
0.05793751751
0.01821561749
0.01820029515
0.01820005667
0.01820005626
0.01820005625
0.01820005625
0.01820005625
0.01820005625
0.01820005625
0.01820005625
0.01820005625
0.01820005625
0.01820005625
0.01820005625
0.01820005625
0.01820005625
0.01820005625
0.01820005625
0.01820005625
0.01820005625
0.01820005625
0.01820005625
0.01820005625
0.01820005625
0.01820005625
0.01820005625
0.01820005625
0.01820005625
0.01820005625
0.01820005625
0.01820005625
0.01820005625
0.01820005625
0.01820005625
0.01820005625
0.01820005625
0.01820005625
0.01820005625
0.01820005625
0.01820005625
0.01820005625
0.01820005625
0.01820005625
0.01820005625
0.01820005625
0.01820005625
0.01820005625
0.01820005625
0.01820005625
0.01820005625
0.01820005625
0.01820005625
0.01820005625
0.01820005625
0.01820005625
0.01820005625
0.01820005625
0.01820005625
0.01820005625
0.01820005625
0.01820005625
0.01820005625
0.01820005625
0.01820005625
0.01820005625
0.01820005625
0.01820005625
0.01820005626
0.01820005626
0.01820005626
0.01820005626
0.01820005626
0.01820005626
0.01820005626
0.01820005626
0.01820005626
0.01820005626
0.01820005626
0.01820005626
0.01820005626
0.01820005626
0.01820005626
0.01820005626
0.01820005626
0.01820005626
0.01820005626
0.01820005626
0.01820005626
0.01820005626
0.01820005626
0.01820005626
0.01820005626
0.01820005626
0.01820005626
0.01820005626
0.01820005626
0.01820005626
0.01820005626
0.01820005626
0.01820005626
0.01820005626
0.01820005626
0.01820005626
0.01820005626
0.01820005626
0.01820005626
0.01820005626
0.01820005626
0.01820005626
0.01820005626
0.01820005626
0.01820005626
0.01820005626
0.01820005626
0.01820005626
0.01820005626
0.01820005626
0.01820005626
0.01820005626
0.01820005626
0.01820005626
0.01820005626
0.01820005626
0.01820005626
0.01820005626
0.01820005626
0.01820005626
0.01820005626
0.01820005626
0.01820005626
0.01820005626
0.01820005626
0.01820005626
0.01820005626
0.01820005626
0.01820005626
0.01820005626
0.01820005626
0.01820005626
0.01820005626
0.01820005626
0.01820005626
0.01820005626
0.01820005626
0.01820005626
0.01820005626
0.01820005626
0.01820005626
0.01820005626
0.01820005626
0.01820005626
0.01820005626
0.01820005626
0.01820005626
0.01820005626
0.01820005626
0.01820005626
0.01820005626
0.01820005626
0.01820005626
0.01820005626
0.01820005626
0.01820005626
0.01820005626
0.01820005626
0.01820005626
0.01820005626
0.01820005626
0.09270015786
0.09297594387
0.09393413385
0.09532024733
0.09711438318
0.09928583374
0.101792222
0.1045787259
0.1075778889
0.1107104196
0.1138872862
0.1170132423
0.119991683
0.1227304472
0.1251479123
0.1271785399
0.1287770028
0.1299196169
0.1306049464
0.1308511595
0.1306895146
0.1301578732
0.1292933404
0.1281246112
0.1266642065
0.1249006596
0.1227908297
0.1202510229
0.1171034221
0.1122855947
0.09927657819
0.06564314397
0.02238421028
0.01820144568
0.01820008395
0.01820005629
0.01820005626
0.01820005625
0.01820005625
0.01820005625
0.01820005625
0.01820005625
0.01820005625
0.01820005625
0.01820005625
0.01820005625
0.01820005625
0.01820005625
0.01820005625
0.01820005625
0.01820005625
0.01820005625
0.01820005625
0.01820005625
0.01820005625
0.01820005625
0.01820005625
0.01820005625
0.01820005625
0.01820005625
0.01820005625
0.01820005625
0.01820005625
0.01820005625
0.01820005625
0.01820005625
0.01820005625
0.01820005625
0.01820005625
0.01820005625
0.01820005625
0.01820005625
0.01820005625
0.01820005625
0.01820005625
0.01820005625
0.01820005625
0.01820005625
0.01820005625
0.01820005625
0.01820005625
0.01820005625
0.01820005625
0.01820005625
0.01820005625
0.01820005625
0.01820005625
0.01820005625
0.01820005625
0.01820005625
0.01820005625
0.01820005625
0.01820005625
0.01820005625
0.01820005625
0.01820005625
0.01820005625
0.01820005625
0.01820005626
0.01820005626
0.01820005626
0.01820005626
0.01820005626
0.01820005626
0.01820005626
0.01820005626
0.01820005626
0.01820005626
0.01820005626
0.01820005626
0.01820005626
0.01820005626
0.01820005626
0.01820005626
0.01820005626
0.01820005626
0.01820005626
0.01820005626
0.01820005626
0.01820005626
0.01820005626
0.01820005626
0.01820005626
0.01820005626
0.01820005626
0.01820005626
0.01820005626
0.01820005626
0.01820005626
0.01820005626
0.01820005626
0.01820005626
0.01820005626
0.01820005626
0.01820005626
0.01820005626
0.01820005626
0.01820005626
0.01820005626
0.01820005626
0.01820005626
0.01820005626
0.01820005626
0.01820005626
0.01820005626
0.01820005626
0.01820005626
0.01820005626
0.01820005626
0.01820005626
0.01820005626
0.01820005626
0.01820005626
0.01820005626
0.01820005626
0.01820005626
0.01820005626
0.01820005626
0.01820005626
0.01820005626
0.01820005626
0.01820005626
0.01820005626
0.01820005626
0.01820005626
0.01820005626
0.01820005626
0.01820005626
0.01820005626
0.01820005626
0.01820005626
0.01820005626
0.01820005626
0.01820005626
0.01820005626
0.01820005626
0.01820005626
0.01820005626
0.01820005626
0.01820005626
0.01820005626
0.01820005626
0.01820005626
0.01820005626
0.01820005626
0.01820005626
0.01820005626
0.01820005626
0.01820005626
0.01820005626
0.01820005626
0.01820005626
0.01820005626
0.01820005626
0.01820005626
0.01820005626
0.01820005626
0.01820005626
0.01820005626
0.01820005626
0.09311996267
0.09339415709
0.0943458683
0.09572109342
0.0974996818
0.09965066495
0.1021314586
0.1048871853
0.1078505835
0.1109428976
0.1140760398
0.1171561446
0.1200883973
0.1227827491
0.1251598696
0.1271565175
0.1287294948
0.1298569453
0.1305388894
0.130794466
0.1306555003
0.1301599787
0.1293445976
0.1282370025
0.1268480444
0.1251642436
0.1231403607
0.1206899593
0.1176458138
0.113250697
0.1025342158
0.07305972469
0.02889669101
0.01820396921
0.01820013088
0.01820005635
0.01820005626
0.01820005625
0.01820005625
0.01820005625
0.01820005625
0.01820005625
0.01820005625
0.01820005625
0.01820005625
0.01820005625
0.01820005625
0.01820005625
0.01820005625
0.01820005625
0.01820005625
0.01820005625
0.01820005625
0.01820005625
0.01820005625
0.01820005625
0.01820005625
0.01820005625
0.01820005625
0.01820005625
0.01820005625
0.01820005625
0.01820005625
0.01820005625
0.01820005625
0.01820005625
0.01820005625
0.01820005625
0.01820005625
0.01820005625
0.01820005625
0.01820005625
0.01820005625
0.01820005625
0.01820005625
0.01820005625
0.01820005625
0.01820005625
0.01820005625
0.01820005625
0.01820005625
0.01820005625
0.01820005625
0.01820005625
0.01820005625
0.01820005625
0.01820005625
0.01820005625
0.01820005625
0.01820005625
0.01820005625
0.01820005625
0.01820005625
0.01820005625
0.01820005625
0.01820005625
0.01820005625
0.01820005626
0.01820005626
0.01820005626
0.01820005626
0.01820005626
0.01820005626
0.01820005626
0.01820005626
0.01820005626
0.01820005626
0.01820005626
0.01820005626
0.01820005626
0.01820005626
0.01820005626
0.01820005626
0.01820005626
0.01820005626
0.01820005626
0.01820005626
0.01820005626
0.01820005626
0.01820005626
0.01820005626
0.01820005626
0.01820005626
0.01820005626
0.01820005626
0.01820005626
0.01820005626
0.01820005626
0.01820005626
0.01820005626
0.01820005626
0.01820005626
0.01820005626
0.01820005626
0.01820005626
0.01820005626
0.01820005626
0.01820005626
0.01820005626
0.01820005626
0.01820005626
0.01820005626
0.01820005626
0.01820005626
0.01820005626
0.01820005626
0.01820005626
0.01820005626
0.01820005626
0.01820005626
0.01820005626
0.01820005626
0.01820005626
0.01820005626
0.01820005626
0.01820005626
0.01820005626
0.01820005626
0.01820005626
0.01820005626
0.01820005626
0.01820005626
0.01820005626
0.01820005626
0.01820005626
0.01820005626
0.01820005626
0.01820005626
0.01820005626
0.01820005626
0.01820005626
0.01820005626
0.01820005626
0.01820005626
0.01820005626
0.01820005626
0.01820005626
0.01820005626
0.01820005626
0.01820005626
0.01820005626
0.01820005626
0.01820005626
0.01820005626
0.01820005626
0.01820005626
0.01820005626
0.01820005626
0.01820005626
0.01820005626
0.01820005626
0.01820005626
0.01820005626
0.01820005626
0.01820005626
0.01820005626
0.01820005626
0.01820005626
0.01820005626
0.01820005626
0.09353454549
0.09380702663
0.09475208261
0.09611618318
0.09787894817
0.1000091775
0.1024641144
0.1051888633
0.108116394
0.1111685181
0.1142581143
0.1172927087
0.1201792775
0.1228298783
0.1251674629
0.1271310716
0.1286795938
0.1297928813
0.1304721609
0.1307370623
0.1306192103
0.130155688
0.1293816866
0.1283230436
0.1269890794
0.1253658459
0.1234092415
0.1210356259
0.1180931393
0.1140502174
0.1052892774
0.08023198643
0.03679333927
0.01820734552
0.01820018354
0.01820005643
0.01820005626
0.01820005625
0.01820005625
0.01820005625
0.01820005625
0.01820005625
0.01820005625
0.01820005625
0.01820005625
0.01820005625
0.01820005625
0.01820005625
0.01820005625
0.01820005625
0.01820005625
0.01820005625
0.01820005625
0.01820005625
0.01820005625
0.01820005625
0.01820005625
0.01820005625
0.01820005625
0.01820005625
0.01820005625
0.01820005625
0.01820005625
0.01820005625
0.01820005625
0.01820005625
0.01820005625
0.01820005625
0.01820005625
0.01820005625
0.01820005625
0.01820005625
0.01820005625
0.01820005625
0.01820005625
0.01820005625
0.01820005625
0.01820005625
0.01820005625
0.01820005625
0.01820005625
0.01820005625
0.01820005625
0.01820005625
0.01820005625
0.01820005625
0.01820005625
0.01820005625
0.01820005625
0.01820005625
0.01820005625
0.01820005625
0.01820005625
0.01820005625
0.01820005625
0.01820005625
0.01820005625
0.01820005626
0.01820005626
0.01820005626
0.01820005626
0.01820005626
0.01820005626
0.01820005626
0.01820005626
0.01820005626
0.01820005626
0.01820005626
0.01820005626
0.01820005626
0.01820005626
0.01820005626
0.01820005626
0.01820005626
0.01820005626
0.01820005626
0.01820005626
0.01820005626
0.01820005626
0.01820005626
0.01820005626
0.01820005626
0.01820005626
0.01820005626
0.01820005626
0.01820005626
0.01820005626
0.01820005626
0.01820005626
0.01820005626
0.01820005626
0.01820005626
0.01820005626
0.01820005626
0.01820005626
0.01820005626
0.01820005626
0.01820005626
0.01820005626
0.01820005626
0.01820005626
0.01820005626
0.01820005626
0.01820005626
0.01820005626
0.01820005626
0.01820005626
0.01820005626
0.01820005626
0.01820005626
0.01820005626
0.01820005626
0.01820005626
0.01820005626
0.01820005626
0.01820005626
0.01820005626
0.01820005626
0.01820005626
0.01820005626
0.01820005626
0.01820005626
0.01820005626
0.01820005626
0.01820005626
0.01820005626
0.01820005626
0.01820005626
0.01820005626
0.01820005626
0.01820005626
0.01820005626
0.01820005626
0.01820005626
0.01820005626
0.01820005626
0.01820005626
0.01820005626
0.01820005626
0.01820005626
0.01820005626
0.01820005626
0.01820005626
0.01820005626
0.01820005626
0.01820005626
0.01820005626
0.01820005626
0.01820005626
0.01820005626
0.01820005626
0.01820005626
0.01820005626
0.01820005626
0.01820005626
0.01820005626
0.01820005626
0.01820005626
0.01820005626
0.01820005626
0.09394404767
0.09421469977
0.0951529391
0.09650570054
0.09825239462
0.1003616189
0.1027904792
0.1054841016
0.1083757273
0.1113877722
0.114434111
0.1174236776
0.120265237
0.122872923
0.1251719023
0.1271033736
0.1286281131
0.1297273778
0.1304032001
0.130675226
0.1305744428
0.1301368386
0.1293964588
0.1283785718
0.1270932837
0.1255294937
0.1236483836
0.1213746427
0.1185769661
0.1148858982
0.1077581917
0.08696989483
0.0455852369
0.01821097669
0.01820023376
0.01820005653
0.01820005626
0.01820005625
0.01820005625
0.01820005625
0.01820005625
0.01820005625
0.01820005625
0.01820005625
0.01820005625
0.01820005625
0.01820005625
0.01820005625
0.01820005625
0.01820005625
0.01820005625
0.01820005625
0.01820005625
0.01820005625
0.01820005625
0.01820005625
0.01820005625
0.01820005625
0.01820005625
0.01820005625
0.01820005625
0.01820005625
0.01820005625
0.01820005625
0.01820005625
0.01820005625
0.01820005625
0.01820005625
0.01820005625
0.01820005625
0.01820005625
0.01820005625
0.01820005625
0.01820005625
0.01820005625
0.01820005625
0.01820005625
0.01820005625
0.01820005625
0.01820005625
0.01820005625
0.01820005625
0.01820005625
0.01820005625
0.01820005625
0.01820005625
0.01820005625
0.01820005625
0.01820005625
0.01820005625
0.01820005625
0.01820005625
0.01820005625
0.01820005625
0.01820005625
0.01820005625
0.01820005626
0.01820005626
0.01820005626
0.01820005626
0.01820005626
0.01820005626
0.01820005626
0.01820005626
0.01820005626
0.01820005626
0.01820005626
0.01820005626
0.01820005626
0.01820005626
0.01820005626
0.01820005626
0.01820005626
0.01820005626
0.01820005626
0.01820005626
0.01820005626
0.01820005626
0.01820005626
0.01820005626
0.01820005626
0.01820005626
0.01820005626
0.01820005626
0.01820005626
0.01820005626
0.01820005626
0.01820005626
0.01820005626
0.01820005626
0.01820005626
0.01820005626
0.01820005626
0.01820005626
0.01820005626
0.01820005626
0.01820005626
0.01820005626
0.01820005626
0.01820005626
0.01820005626
0.01820005626
0.01820005626
0.01820005626
0.01820005626
0.01820005626
0.01820005626
0.01820005626
0.01820005626
0.01820005626
0.01820005626
0.01820005626
0.01820005626
0.01820005626
0.01820005626
0.01820005626
0.01820005626
0.01820005626
0.01820005626
0.01820005626
0.01820005626
0.01820005626
0.01820005626
0.01820005626
0.01820005626
0.01820005626
0.01820005626
0.01820005626
0.01820005626
0.01820005626
0.01820005626
0.01820005626
0.01820005626
0.01820005626
0.01820005626
0.01820005626
0.01820005626
0.01820005626
0.01820005626
0.01820005626
0.01820005626
0.01820005626
0.01820005626
0.01820005626
0.01820005626
0.01820005626
0.01820005626
0.01820005626
0.01820005626
0.01820005626
0.01820005626
0.01820005626
0.01820005626
0.01820005626
0.01820005626
0.01820005626
0.01820005626
0.01820005626
0.01820005626
0.01820005626
0.09434861582
0.09461732774
0.0955486036
0.09688983378
0.09862024019
0.1007082475
0.1031108599
0.1057732648
0.1086290157
0.1116011677
0.1146046148
0.1175497008
0.1203469487
0.1229124957
0.1251735958
0.1270734207
0.128574397
0.1296589338
0.1303296595
0.1306061859
0.1305191159
0.1301040612
0.1293952126
0.1284190877
0.1271886482
0.1256975357
0.123913757
0.1217721065
0.1191622316
0.1158259364
0.1100212703
0.09314322936
0.05499350872
0.0182144822
0.01820027984
0.01820005663
0.01820005626
0.01820005625
0.01820005625
0.01820005625
0.01820005625
0.01820005625
0.01820005625
0.01820005625
0.01820005625
0.01820005625
0.01820005625
0.01820005625
0.01820005625
0.01820005625
0.01820005625
0.01820005625
0.01820005625
0.01820005625
0.01820005625
0.01820005625
0.01820005625
0.01820005625
0.01820005625
0.01820005625
0.01820005625
0.01820005625
0.01820005625
0.01820005625
0.01820005625
0.01820005625
0.01820005625
0.01820005625
0.01820005625
0.01820005625
0.01820005625
0.01820005625
0.01820005625
0.01820005625
0.01820005625
0.01820005625
0.01820005625
0.01820005625
0.01820005625
0.01820005625
0.01820005625
0.01820005625
0.01820005625
0.01820005625
0.01820005625
0.01820005625
0.01820005625
0.01820005625
0.01820005625
0.01820005625
0.01820005625
0.01820005625
0.01820005625
0.01820005625
0.01820005625
0.01820005626
0.01820005626
0.01820005626
0.01820005626
0.01820005626
0.01820005626
0.01820005626
0.01820005626
0.01820005626
0.01820005626
0.01820005626
0.01820005626
0.01820005626
0.01820005626
0.01820005626
0.01820005626
0.01820005626
0.01820005626
0.01820005626
0.01820005626
0.01820005626
0.01820005626
0.01820005626
0.01820005626
0.01820005626
0.01820005626
0.01820005626
0.01820005626
0.01820005626
0.01820005626
0.01820005626
0.01820005626
0.01820005626
0.01820005626
0.01820005626
0.01820005626
0.01820005626
0.01820005626
0.01820005626
0.01820005626
0.01820005626
0.01820005626
0.01820005626
0.01820005626
0.01820005626
0.01820005626
0.01820005626
0.01820005626
0.01820005626
0.01820005626
0.01820005626
0.01820005626
0.01820005626
0.01820005626
0.01820005626
0.01820005626
0.01820005626
0.01820005626
0.01820005626
0.01820005626
0.01820005626
0.01820005626
0.01820005626
0.01820005626
0.01820005626
0.01820005626
0.01820005626
0.01820005626
0.01820005626
0.01820005626
0.01820005626
0.01820005626
0.01820005626
0.01820005626
0.01820005626
0.01820005626
0.01820005626
0.01820005626
0.01820005626
0.01820005626
0.01820005626
0.01820005626
0.01820005626
0.01820005626
0.01820005626
0.01820005626
0.01820005626
0.01820005626
0.01820005626
0.01820005626
0.01820005626
0.01820005626
0.01820005626
0.01820005626
0.01820005626
0.01820005626
0.01820005626
0.01820005626
0.01820005626
0.01820005626
0.01820005626
0.01820005626
0.01820005626
0.01820005626
0.01820005626
0.09474838502
0.09501505862
0.09593924197
0.09726877359
0.09898270732
0.101049324
0.1034255608
0.106056703
0.1088766507
0.1118091245
0.114770047
0.1176711552
0.1204246789
0.1229486672
0.1251723349
0.1270406801
0.1285176498
0.129586754
0.1302513034
0.1305311882
0.1304571963
0.1300653447
0.1293907761
0.1284617222
0.1272936165
0.1258831189
0.1242016781
0.1221885447
0.1197417553
0.1166549987
0.1117189935
0.09798171633
0.06344615488
0.0212179195
0.01820107318
0.01820007657
0.01820005628
0.01820005626
0.01820005625
0.01820005625
0.01820005625
0.01820005625
0.01820005625
0.01820005625
0.01820005625
0.01820005625
0.01820005625
0.01820005625
0.01820005625
0.01820005625
0.01820005625
0.01820005625
0.01820005625
0.01820005625
0.01820005625
0.01820005625
0.01820005625
0.01820005625
0.01820005625
0.01820005625
0.01820005625
0.01820005625
0.01820005625
0.01820005625
0.01820005625
0.01820005625
0.01820005625
0.01820005625
0.01820005625
0.01820005625
0.01820005625
0.01820005625
0.01820005625
0.01820005625
0.01820005625
0.01820005625
0.01820005625
0.01820005625
0.01820005625
0.01820005625
0.01820005625
0.01820005625
0.01820005625
0.01820005625
0.01820005625
0.01820005625
0.01820005625
0.01820005625
0.01820005625
0.01820005625
0.01820005625
0.01820005625
0.01820005625
0.01820005625
0.01820005625
0.01820005626
0.01820005626
0.01820005626
0.01820005626
0.01820005626
0.01820005626
0.01820005626
0.01820005626
0.01820005626
0.01820005626
0.01820005626
0.01820005626
0.01820005626
0.01820005626
0.01820005626
0.01820005626
0.01820005626
0.01820005626
0.01820005626
0.01820005626
0.01820005626
0.01820005626
0.01820005626
0.01820005626
0.01820005626
0.01820005626
0.01820005626
0.01820005626
0.01820005626
0.01820005626
0.01820005626
0.01820005626
0.01820005626
0.01820005626
0.01820005626
0.01820005626
0.01820005626
0.01820005626
0.01820005626
0.01820005626
0.01820005626
0.01820005626
0.01820005626
0.01820005626
0.01820005626
0.01820005626
0.01820005626
0.01820005626
0.01820005626
0.01820005626
0.01820005626
0.01820005626
0.01820005626
0.01820005626
0.01820005626
0.01820005626
0.01820005626
0.01820005626
0.01820005626
0.01820005626
0.01820005626
0.01820005626
0.01820005626
0.01820005626
0.01820005626
0.01820005626
0.01820005626
0.01820005626
0.01820005626
0.01820005626
0.01820005626
0.01820005626
0.01820005626
0.01820005626
0.01820005626
0.01820005626
0.01820005626
0.01820005626
0.01820005626
0.01820005626
0.01820005626
0.01820005626
0.01820005626
0.01820005626
0.01820005626
0.01820005626
0.01820005626
0.01820005626
0.01820005626
0.01820005626
0.01820005626
0.01820005626
0.01820005626
0.01820005626
0.01820005626
0.01820005626
0.01820005626
0.01820005626
0.01820005626
0.01820005626
0.01820005626
0.01820005626
0.01820005626
0.01820005626
0.01820005626
0.09514350821
0.09540804598
0.09632501974
0.09764270453
0.09934000499
0.1013850843
0.1037348428
0.1063346951
0.1091189151
0.1120119067
0.1149306215
0.1177881684
0.1204984378
0.1229813242
0.1251679298
0.1270050235
0.1284580705
0.1295117668
0.1301702875
0.1304540697
0.13039434
0.1300275762
0.1293894605
0.1285087591
0.1274012289
0.1260634569
0.1244665145
0.1225493341
0.1202099763
0.1172616416
0.1128489995
0.1016114039
0.07114452111
0.02720947979
0.01820325783
0.01820011888
0.01820005633
0.01820005626
0.01820005625
0.01820005625
0.01820005625
0.01820005625
0.01820005625
0.01820005625
0.01820005625
0.01820005625
0.01820005625
0.01820005625
0.01820005625
0.01820005625
0.01820005625
0.01820005625
0.01820005625
0.01820005625
0.01820005625
0.01820005625
0.01820005625
0.01820005625
0.01820005625
0.01820005625
0.01820005625
0.01820005625
0.01820005625
0.01820005625
0.01820005625
0.01820005625
0.01820005625
0.01820005625
0.01820005625
0.01820005625
0.01820005625
0.01820005625
0.01820005625
0.01820005625
0.01820005625
0.01820005625
0.01820005625
0.01820005625
0.01820005625
0.01820005625
0.01820005625
0.01820005625
0.01820005625
0.01820005625
0.01820005625
0.01820005625
0.01820005625
0.01820005625
0.01820005625
0.01820005625
0.01820005625
0.01820005625
0.01820005625
0.01820005625
0.01820005625
0.01820005626
0.01820005626
0.01820005626
0.01820005626
0.01820005626
0.01820005626
0.01820005626
0.01820005626
0.01820005626
0.01820005626
0.01820005626
0.01820005626
0.01820005626
0.01820005626
0.01820005626
0.01820005626
0.01820005626
0.01820005626
0.01820005626
0.01820005626
0.01820005626
0.01820005626
0.01820005626
0.01820005626
0.01820005626
0.01820005626
0.01820005626
0.01820005626
0.01820005626
0.01820005626
0.01820005626
0.01820005626
0.01820005626
0.01820005626
0.01820005626
0.01820005626
0.01820005626
0.01820005626
0.01820005626
0.01820005626
0.01820005626
0.01820005626
0.01820005626
0.01820005626
0.01820005626
0.01820005626
0.01820005626
0.01820005626
0.01820005626
0.01820005626
0.01820005626
0.01820005626
0.01820005626
0.01820005626
0.01820005626
0.01820005626
0.01820005626
0.01820005626
0.01820005626
0.01820005626
0.01820005626
0.01820005626
0.01820005626
0.01820005626
0.01820005626
0.01820005626
0.01820005626
0.01820005626
0.01820005626
0.01820005626
0.01820005626
0.01820005626
0.01820005626
0.01820005626
0.01820005626
0.01820005626
0.01820005626
0.01820005626
0.01820005626
0.01820005626
0.01820005626
0.01820005626
0.01820005626
0.01820005626
0.01820005626
0.01820005626
0.01820005626
0.01820005626
0.01820005626
0.01820005626
0.01820005626
0.01820005626
0.01820005626
0.01820005626
0.01820005626
0.01820005626
0.01820005626
0.01820005626
0.01820005626
0.01820005626
0.01820005626
0.01820005626
0.01820005626
0.01820005626
0.01820005626
0.09553411421
0.09579642595
0.09670608208
0.09801178351
0.09969230304
0.1017157097
0.1040388941
0.1066074273
0.1093559807
0.1122096572
0.1150864415
0.1179008046
0.1205682757
0.1230105671
0.1251606463
0.1269670514
0.1283967901
0.1294357869
0.1300891061
0.1303776661
0.1303328615
0.129991032
0.1293873947
0.1285499009
0.1274932232
0.1262129384
0.1246798522
0.1228340364
0.1205763353
0.1177369229
0.1137136201
0.1045651917
0.07852820164
0.03489374835
0.01820647773
0.01820017058
0.01820005641
0.01820005626
0.01820005625
0.01820005625
0.01820005625
0.01820005625
0.01820005625
0.01820005625
0.01820005625
0.01820005625
0.01820005625
0.01820005625
0.01820005625
0.01820005625
0.01820005625
0.01820005625
0.01820005625
0.01820005625
0.01820005625
0.01820005625
0.01820005625
0.01820005625
0.01820005625
0.01820005625
0.01820005625
0.01820005625
0.01820005625
0.01820005625
0.01820005625
0.01820005625
0.01820005625
0.01820005625
0.01820005625
0.01820005625
0.01820005625
0.01820005625
0.01820005625
0.01820005625
0.01820005625
0.01820005625
0.01820005625
0.01820005625
0.01820005625
0.01820005625
0.01820005625
0.01820005625
0.01820005625
0.01820005625
0.01820005625
0.01820005625
0.01820005625
0.01820005625
0.01820005625
0.01820005625
0.01820005625
0.01820005625
0.01820005625
0.01820005625
0.01820005625
0.01820005626
0.01820005626
0.01820005626
0.01820005626
0.01820005626
0.01820005626
0.01820005626
0.01820005626
0.01820005626
0.01820005626
0.01820005626
0.01820005626
0.01820005626
0.01820005626
0.01820005626
0.01820005626
0.01820005626
0.01820005626
0.01820005626
0.01820005626
0.01820005626
0.01820005626
0.01820005626
0.01820005626
0.01820005626
0.01820005626
0.01820005626
0.01820005626
0.01820005626
0.01820005626
0.01820005626
0.01820005626
0.01820005626
0.01820005626
0.01820005626
0.01820005626
0.01820005626
0.01820005626
0.01820005626
0.01820005626
0.01820005626
0.01820005626
0.01820005626
0.01820005626
0.01820005626
0.01820005626
0.01820005626
0.01820005626
0.01820005626
0.01820005626
0.01820005626
0.01820005626
0.01820005626
0.01820005626
0.01820005626
0.01820005626
0.01820005626
0.01820005626
0.01820005626
0.01820005626
0.01820005626
0.01820005626
0.01820005626
0.01820005626
0.01820005626
0.01820005626
0.01820005626
0.01820005626
0.01820005626
0.01820005626
0.01820005626
0.01820005626
0.01820005626
0.01820005626
0.01820005626
0.01820005626
0.01820005626
0.01820005626
0.01820005626
0.01820005626
0.01820005626
0.01820005626
0.01820005626
0.01820005626
0.01820005626
0.01820005626
0.01820005626
0.01820005626
0.01820005626
0.01820005626
0.01820005626
0.01820005626
0.01820005626
0.01820005626
0.01820005626
0.01820005626
0.01820005626
0.01820005626
0.01820005626
0.01820005626
0.01820005626
0.01820005626
0.01820005626
0.01820005626
0.01820005626
0.09592029717
0.09618029982
0.0970825347
0.09837612172
0.1000397181
0.102041321
0.1043378368
0.1068750199
0.1095879644
0.1124024927
0.1152376363
0.1180092335
0.1206344492
0.123036804
0.1251511151
0.1269276641
0.1283349533
0.1293600344
0.1300086758
0.1303019634
0.1302709982
0.129951413
0.1293774313
0.1285759871
0.1275611883
0.1263292176
0.12485348
0.1230792383
0.1209157243
0.1182145069
0.1145550947
0.1071475574
0.08548072537
0.04362208821
0.01821010441
0.01820022172
0.0182000565
0.01820005626
0.01820005625
0.01820005625
0.01820005625
0.01820005625
0.01820005625
0.01820005625
0.01820005625
0.01820005625
0.01820005625
0.01820005625
0.01820005625
0.01820005625
0.01820005625
0.01820005625
0.01820005625
0.01820005625
0.01820005625
0.01820005625
0.01820005625
0.01820005625
0.01820005625
0.01820005625
0.01820005625
0.01820005625
0.01820005625
0.01820005625
0.01820005625
0.01820005625
0.01820005625
0.01820005625
0.01820005625
0.01820005625
0.01820005625
0.01820005625
0.01820005625
0.01820005625
0.01820005625
0.01820005625
0.01820005625
0.01820005625
0.01820005625
0.01820005625
0.01820005625
0.01820005625
0.01820005625
0.01820005625
0.01820005625
0.01820005625
0.01820005625
0.01820005625
0.01820005625
0.01820005625
0.01820005625
0.01820005625
0.01820005625
0.01820005625
0.01820005625
0.01820005626
0.01820005626
0.01820005626
0.01820005626
0.01820005626
0.01820005626
0.01820005626
0.01820005626
0.01820005626
0.01820005626
0.01820005626
0.01820005626
0.01820005626
0.01820005626
0.01820005626
0.01820005626
0.01820005626
0.01820005626
0.01820005626
0.01820005626
0.01820005626
0.01820005626
0.01820005626
0.01820005626
0.01820005626
0.01820005626
0.01820005626
0.01820005626
0.01820005626
0.01820005626
0.01820005626
0.01820005626
0.01820005626
0.01820005626
0.01820005626
0.01820005626
0.01820005626
0.01820005626
0.01820005626
0.01820005626
0.01820005626
0.01820005626
0.01820005626
0.01820005626
0.01820005626
0.01820005626
0.01820005626
0.01820005626
0.01820005626
0.01820005626
0.01820005626
0.01820005626
0.01820005626
0.01820005626
0.01820005626
0.01820005626
0.01820005626
0.01820005626
0.01820005626
0.01820005626
0.01820005626
0.01820005626
0.01820005626
0.01820005626
0.01820005626
0.01820005626
0.01820005626
0.01820005626
0.01820005626
0.01820005626
0.01820005626
0.01820005626
0.01820005626
0.01820005626
0.01820005626
0.01820005626
0.01820005626
0.01820005626
0.01820005626
0.01820005626
0.01820005626
0.01820005626
0.01820005626
0.01820005626
0.01820005626
0.01820005626
0.01820005626
0.01820005626
0.01820005626
0.01820005626
0.01820005626
0.01820005626
0.01820005626
0.01820005626
0.01820005626
0.01820005626
0.01820005626
0.01820005626
0.01820005626
0.01820005626
0.01820005626
0.01820005626
0.01820005626
0.01820005626
0.01820005626
0.0963021052
0.09655972339
0.09745443611
0.09873578186
0.1003823188
0.1023619944
0.1046317576
0.1071375749
0.1098149922
0.1125905766
0.1153844261
0.1181137555
0.1206973619
0.1230605519
0.1251399447
0.1268874831
0.1282730356
0.129284596
0.1299284033
0.1302254565
0.1302063615
0.129906028
0.129358041
0.1285892376
0.1276147525
0.126433536
0.125023985
0.1233388953
0.1212985559
0.1187769774
0.1154793584
0.1094858903
0.0918654828
0.05304042055
0.01821367859
0.01820026894
0.0182000566
0.01820005626
0.01820005625
0.01820005625
0.01820005625
0.01820005625
0.01820005625
0.01820005625
0.01820005625
0.01820005625
0.01820005625
0.01820005625
0.01820005625
0.01820005625
0.01820005625
0.01820005625
0.01820005625
0.01820005625
0.01820005625
0.01820005625
0.01820005625
0.01820005625
0.01820005625
0.01820005625
0.01820005625
0.01820005625
0.01820005625
0.01820005625
0.01820005625
0.01820005625
0.01820005625
0.01820005625
0.01820005625
0.01820005625
0.01820005625
0.01820005625
0.01820005625
0.01820005625
0.01820005625
0.01820005625
0.01820005625
0.01820005625
0.01820005625
0.01820005625
0.01820005625
0.01820005625
0.01820005625
0.01820005625
0.01820005625
0.01820005625
0.01820005625
0.01820005625
0.01820005625
0.01820005625
0.01820005625
0.01820005625
0.01820005625
0.01820005625
0.01820005625
0.01820005625
0.01820005626
0.01820005626
0.01820005626
0.01820005626
0.01820005626
0.01820005626
0.01820005626
0.01820005626
0.01820005626
0.01820005626
0.01820005626
0.01820005626
0.01820005626
0.01820005626
0.01820005626
0.01820005626
0.01820005626
0.01820005626
0.01820005626
0.01820005626
0.01820005626
0.01820005626
0.01820005626
0.01820005626
0.01820005626
0.01820005626
0.01820005626
0.01820005626
0.01820005626
0.01820005626
0.01820005626
0.01820005626
0.01820005626
0.01820005626
0.01820005626
0.01820005626
0.01820005626
0.01820005626
0.01820005626
0.01820005626
0.01820005626
0.01820005626
0.01820005626
0.01820005626
0.01820005626
0.01820005626
0.01820005626
0.01820005626
0.01820005626
0.01820005626
0.01820005626
0.01820005626
0.01820005626
0.01820005626
0.01820005626
0.01820005626
0.01820005626
0.01820005626
0.01820005626
0.01820005626
0.01820005626
0.01820005626
0.01820005626
0.01820005626
0.01820005626
0.01820005626
0.01820005626
0.01820005626
0.01820005626
0.01820005626
0.01820005626
0.01820005626
0.01820005626
0.01820005626
0.01820005626
0.01820005626
0.01820005626
0.01820005626
0.01820005626
0.01820005626
0.01820005626
0.01820005626
0.01820005626
0.01820005626
0.01820005626
0.01820005626
0.01820005626
0.01820005626
0.01820005626
0.01820005626
0.01820005626
0.01820005626
0.01820005626
0.01820005626
0.01820005626
0.01820005626
0.01820005626
0.01820005626
0.01820005626
0.01820005626
0.01820005626
0.01820005626
0.01820005626
0.01820005626
0.09667952006
0.09693469801
0.09782179599
0.09909078452
0.1007201403
0.1026777851
0.1049207384
0.1073952098
0.1100372265
0.112774127
0.1155270923
0.118214717
0.1207574115
0.1230822234
0.1251274976
0.1268467285
0.1282110157
0.1292091552
0.1298477493
0.1301476995
0.1301392786
0.1298570836
0.1293347507
0.1285999112
0.1276695663
0.1265457699
0.1252112047
0.1236240421
0.121711587
0.1193604015
0.1163431066
0.1113371236
0.0970843221
0.06192604023
0.02042455647
0.01820083487
0.01820007138
0.01820005627
0.01820005626
0.01820005625
0.01820005625
0.01820005625
0.01820005625
0.01820005625
0.01820005625
0.01820005625
0.01820005625
0.01820005625
0.01820005625
0.01820005625
0.01820005625
0.01820005625
0.01820005625
0.01820005625
0.01820005625
0.01820005625
0.01820005625
0.01820005625
0.01820005625
0.01820005625
0.01820005625
0.01820005625
0.01820005625
0.01820005625
0.01820005625
0.01820005625
0.01820005625
0.01820005625
0.01820005625
0.01820005625
0.01820005625
0.01820005625
0.01820005625
0.01820005625
0.01820005625
0.01820005625
0.01820005625
0.01820005625
0.01820005625
0.01820005625
0.01820005625
0.01820005625
0.01820005625
0.01820005625
0.01820005625
0.01820005625
0.01820005625
0.01820005625
0.01820005625
0.01820005625
0.01820005625
0.01820005625
0.01820005625
0.01820005625
0.01820005625
0.01820005626
0.01820005626
0.01820005626
0.01820005626
0.01820005626
0.01820005626
0.01820005626
0.01820005626
0.01820005626
0.01820005626
0.01820005626
0.01820005626
0.01820005626
0.01820005626
0.01820005626
0.01820005626
0.01820005626
0.01820005626
0.01820005626
0.01820005626
0.01820005626
0.01820005626
0.01820005626
0.01820005626
0.01820005626
0.01820005626
0.01820005626
0.01820005626
0.01820005626
0.01820005626
0.01820005626
0.01820005626
0.01820005626
0.01820005626
0.01820005626
0.01820005626
0.01820005626
0.01820005626
0.01820005626
0.01820005626
0.01820005626
0.01820005626
0.01820005626
0.01820005626
0.01820005626
0.01820005626
0.01820005626
0.01820005626
0.01820005626
0.01820005626
0.01820005626
0.01820005626
0.01820005626
0.01820005626
0.01820005626
0.01820005626
0.01820005626
0.01820005626
0.01820005626
0.01820005626
0.01820005626
0.01820005626
0.01820005626
0.01820005626
0.01820005626
0.01820005626
0.01820005626
0.01820005626
0.01820005626
0.01820005626
0.01820005626
0.01820005626
0.01820005626
0.01820005626
0.01820005626
0.01820005626
0.01820005626
0.01820005626
0.01820005626
0.01820005626
0.01820005626
0.01820005626
0.01820005626
0.01820005626
0.01820005626
0.01820005626
0.01820005626
0.01820005626
0.01820005626
0.01820005626
0.01820005626
0.01820005626
0.01820005626
0.01820005626
0.01820005626
0.01820005626
0.01820005626
0.01820005626
0.01820005626
0.01820005626
0.01820005626
0.01820005626
0.01820005626
0.01820005626
0.01820005626
0.09705250373
0.0973051955
0.09818459559
0.09944112718
0.1010532038
0.1029887452
0.10520487
0.1076480607
0.1102548548
0.1129533839
0.1156659227
0.1183124375
0.1208149231
0.1231021138
0.1251140043
0.126805554
0.1281490143
0.1291339428
0.1297673344
0.1300701261
0.1300724946
0.129809017
0.1293135967
0.1286145609
0.1277300369
0.1266634689
0.1253989334
0.1238958549
0.1220827473
0.1198478806
0.1169895303
0.1125742035
0.1009533324
0.06976922475
0.02602619827
0.01820276557
0.01820011011
0.01820005632
0.01820005626
0.01820005625
0.01820005625
0.01820005625
0.01820005625
0.01820005625
0.01820005625
0.01820005625
0.01820005625
0.01820005625
0.01820005625
0.01820005625
0.01820005625
0.01820005625
0.01820005625
0.01820005625
0.01820005625
0.01820005625
0.01820005625
0.01820005625
0.01820005625
0.01820005625
0.01820005625
0.01820005625
0.01820005625
0.01820005625
0.01820005625
0.01820005625
0.01820005625
0.01820005625
0.01820005625
0.01820005625
0.01820005625
0.01820005625
0.01820005625
0.01820005625
0.01820005625
0.01820005625
0.01820005625
0.01820005625
0.01820005625
0.01820005625
0.01820005625
0.01820005625
0.01820005625
0.01820005625
0.01820005625
0.01820005625
0.01820005625
0.01820005625
0.01820005625
0.01820005625
0.01820005625
0.01820005625
0.01820005625
0.01820005625
0.01820005625
0.01820005626
0.01820005626
0.01820005626
0.01820005626
0.01820005626
0.01820005626
0.01820005626
0.01820005626
0.01820005626
0.01820005626
0.01820005626
0.01820005626
0.01820005626
0.01820005626
0.01820005626
0.01820005626
0.01820005626
0.01820005626
0.01820005626
0.01820005626
0.01820005626
0.01820005626
0.01820005626
0.01820005626
0.01820005626
0.01820005626
0.01820005626
0.01820005626
0.01820005626
0.01820005626
0.01820005626
0.01820005626
0.01820005626
0.01820005626
0.01820005626
0.01820005626
0.01820005626
0.01820005626
0.01820005626
0.01820005626
0.01820005626
0.01820005626
0.01820005626
0.01820005626
0.01820005626
0.01820005626
0.01820005626
0.01820005626
0.01820005626
0.01820005626
0.01820005626
0.01820005626
0.01820005626
0.01820005626
0.01820005626
0.01820005626
0.01820005626
0.01820005626
0.01820005626
0.01820005626
0.01820005626
0.01820005626
0.01820005626
0.01820005626
0.01820005626
0.01820005626
0.01820005626
0.01820005626
0.01820005626
0.01820005626
0.01820005626
0.01820005626
0.01820005626
0.01820005626
0.01820005626
0.01820005626
0.01820005626
0.01820005626
0.01820005626
0.01820005626
0.01820005626
0.01820005626
0.01820005626
0.01820005626
0.01820005626
0.01820005626
0.01820005626
0.01820005626
0.01820005626
0.01820005626
0.01820005626
0.01820005626
0.01820005626
0.01820005626
0.01820005626
0.01820005626
0.01820005626
0.01820005626
0.01820005626
0.01820005626
0.01820005626
0.01820005626
0.01820005626
0.01820005626
0.01820005626
0.09742099046
0.09767116751
0.0985428019
0.09978679915
0.1013815282
0.1032949307
0.1054842517
0.1078962749
0.110468073
0.1131285882
0.1158011937
0.1184072165
0.1208702056
0.123120536
0.1250997978
0.1267643637
0.1280876059
0.129059845
0.129688505
0.1299946107
0.1300082509
0.1297638468
0.129295156
0.1286303802
0.1277874952
0.1267697316
0.1255610072
0.1241210179
0.1223794146
0.120226736
0.1174790744
0.1134768919
0.1040333783
0.07726541659
0.03351976421
0.01820584168
0.01820016077
0.01820005639
0.01820005626
0.01820005625
0.01820005625
0.01820005625
0.01820005625
0.01820005625
0.01820005625
0.01820005625
0.01820005625
0.01820005625
0.01820005625
0.01820005625
0.01820005625
0.01820005625
0.01820005625
0.01820005625
0.01820005625
0.01820005625
0.01820005625
0.01820005625
0.01820005625
0.01820005625
0.01820005625
0.01820005625
0.01820005625
0.01820005625
0.01820005625
0.01820005625
0.01820005625
0.01820005625
0.01820005625
0.01820005625
0.01820005625
0.01820005625
0.01820005625
0.01820005625
0.01820005625
0.01820005625
0.01820005625
0.01820005625
0.01820005625
0.01820005625
0.01820005625
0.01820005625
0.01820005625
0.01820005625
0.01820005625
0.01820005625
0.01820005625
0.01820005625
0.01820005625
0.01820005625
0.01820005625
0.01820005625
0.01820005625
0.01820005625
0.01820005626
0.01820005626
0.01820005626
0.01820005626
0.01820005626
0.01820005626
0.01820005626
0.01820005626
0.01820005626
0.01820005626
0.01820005626
0.01820005626
0.01820005626
0.01820005626
0.01820005626
0.01820005626
0.01820005626
0.01820005626
0.01820005626
0.01820005626
0.01820005626
0.01820005626
0.01820005626
0.01820005626
0.01820005626
0.01820005626
0.01820005626
0.01820005626
0.01820005626
0.01820005626
0.01820005626
0.01820005626
0.01820005626
0.01820005626
0.01820005626
0.01820005626
0.01820005626
0.01820005626
0.01820005626
0.01820005626
0.01820005626
0.01820005626
0.01820005626
0.01820005626
0.01820005626
0.01820005626
0.01820005626
0.01820005626
0.01820005626
0.01820005626
0.01820005626
0.01820005626
0.01820005626
0.01820005626
0.01820005626
0.01820005626
0.01820005626
0.01820005626
0.01820005626
0.01820005626
0.01820005626
0.01820005626
0.01820005626
0.01820005626
0.01820005626
0.01820005626
0.01820005626
0.01820005626
0.01820005626
0.01820005626
0.01820005626
0.01820005626
0.01820005626
0.01820005626
0.01820005626
0.01820005626
0.01820005626
0.01820005626
0.01820005626
0.01820005626
0.01820005626
0.01820005626
0.01820005626
0.01820005626
0.01820005626
0.01820005626
0.01820005626
0.01820005626
0.01820005626
0.01820005626
0.01820005626
0.01820005626
0.01820005626
0.01820005626
0.01820005626
0.01820005626
0.01820005626
0.01820005626
0.01820005626
0.01820005626
0.01820005626
0.01820005626
0.01820005626
0.01820005626
0.01820005626
0.01820005626
0.09778491783
0.09803256534
0.09889638332
0.1001277938
0.1017051394
0.1035964065
0.1057589925
0.1081400081
0.1106770837
0.1132999868
0.1159331923
0.1184993774
0.1209236203
0.123137901
0.1250853619
0.1267237475
0.1280275118
0.1289876952
0.1296120896
0.129921689
0.1299462728
0.1297197402
0.1292751895
0.1286401213
0.1278319359
0.126853739
0.125690315
0.1243039139
0.1226290224
0.1205640129
0.1179467462
0.1143148318
0.1066866965
0.08434425505
0.04215509696
0.01820943277
0.01820021228
0.01820005648
0.01820005626
0.01820005625
0.01820005625
0.01820005625
0.01820005625
0.01820005625
0.01820005625
0.01820005625
0.01820005625
0.01820005625
0.01820005625
0.01820005625
0.01820005625
0.01820005625
0.01820005625
0.01820005625
0.01820005625
0.01820005625
0.01820005625
0.01820005625
0.01820005625
0.01820005625
0.01820005625
0.01820005625
0.01820005625
0.01820005625
0.01820005625
0.01820005625
0.01820005625
0.01820005625
0.01820005625
0.01820005625
0.01820005625
0.01820005625
0.01820005625
0.01820005625
0.01820005625
0.01820005625
0.01820005625
0.01820005625
0.01820005625
0.01820005625
0.01820005625
0.01820005625
0.01820005625
0.01820005625
0.01820005625
0.01820005625
0.01820005625
0.01820005625
0.01820005625
0.01820005625
0.01820005625
0.01820005625
0.01820005625
0.01820005625
0.01820005626
0.01820005626
0.01820005626
0.01820005626
0.01820005626
0.01820005626
0.01820005626
0.01820005626
0.01820005626
0.01820005626
0.01820005626
0.01820005626
0.01820005626
0.01820005626
0.01820005626
0.01820005626
0.01820005626
0.01820005626
0.01820005626
0.01820005626
0.01820005626
0.01820005626
0.01820005626
0.01820005626
0.01820005626
0.01820005626
0.01820005626
0.01820005626
0.01820005626
0.01820005626
0.01820005626
0.01820005626
0.01820005626
0.01820005626
0.01820005626
0.01820005626
0.01820005626
0.01820005626
0.01820005626
0.01820005626
0.01820005626
0.01820005626
0.01820005626
0.01820005626
0.01820005626
0.01820005626
0.01820005626
0.01820005626
0.01820005626
0.01820005626
0.01820005626
0.01820005626
0.01820005626
0.01820005626
0.01820005626
0.01820005626
0.01820005626
0.01820005626
0.01820005626
0.01820005626
0.01820005626
0.01820005626
0.01820005626
0.01820005626
0.01820005626
0.01820005626
0.01820005626
0.01820005626
0.01820005626
0.01820005626
0.01820005626
0.01820005626
0.01820005626
0.01820005626
0.01820005626
0.01820005626
0.01820005626
0.01820005626
0.01820005626
0.01820005626
0.01820005626
0.01820005626
0.01820005626
0.01820005626
0.01820005626
0.01820005626
0.01820005626
0.01820005626
0.01820005626
0.01820005626
0.01820005626
0.01820005626
0.01820005626
0.01820005626
0.01820005626
0.01820005626
0.01820005626
0.01820005626
0.01820005626
0.01820005626
0.01820005626
0.01820005626
0.01820005626
0.01820005626
0.01820005626
0.01820005626
0.09814424419
0.09838935648
0.0992453243
0.1004641202
0.1020240785
0.103893252
0.1060292148
0.1083794292
0.1108821029
0.1134678422
0.1160622262
0.118589271
0.1209755599
0.1231546389
0.1250711518
0.1266841513
0.1279690939
0.1289176368
0.1295378031
0.129850382
0.1298846395
0.1296737673
0.1292501382
0.1286407694
0.1278631907
0.1269217426
0.1258041101
0.1244776086
0.1228843476
0.1209339418
0.11848772
0.1152207258
0.1090719346
0.09086158662
0.05153001393
0.01821303132
0.01820026007
0.01820005658
0.01820005626
0.01820005625
0.01820005625
0.01820005625
0.01820005625
0.01820005625
0.01820005625
0.01820005625
0.01820005625
0.01820005625
0.01820005625
0.01820005625
0.01820005625
0.01820005625
0.01820005625
0.01820005625
0.01820005625
0.01820005625
0.01820005625
0.01820005625
0.01820005625
0.01820005625
0.01820005625
0.01820005625
0.01820005625
0.01820005625
0.01820005625
0.01820005625
0.01820005625
0.01820005625
0.01820005625
0.01820005625
0.01820005625
0.01820005625
0.01820005625
0.01820005625
0.01820005625
0.01820005625
0.01820005625
0.01820005625
0.01820005625
0.01820005625
0.01820005625
0.01820005625
0.01820005625
0.01820005625
0.01820005625
0.01820005625
0.01820005625
0.01820005625
0.01820005625
0.01820005625
0.01820005625
0.01820005625
0.01820005625
0.01820005626
0.01820005626
0.01820005626
0.01820005626
0.01820005626
0.01820005626
0.01820005626
0.01820005626
0.01820005626
0.01820005626
0.01820005626
0.01820005626
0.01820005626
0.01820005626
0.01820005626
0.01820005626
0.01820005626
0.01820005626
0.01820005626
0.01820005626
0.01820005626
0.01820005626
0.01820005626
0.01820005626
0.01820005626
0.01820005626
0.01820005626
0.01820005626
0.01820005626
0.01820005626
0.01820005626
0.01820005626
0.01820005626
0.01820005626
0.01820005626
0.01820005626
0.01820005626
0.01820005626
0.01820005626
0.01820005626
0.01820005626
0.01820005626
0.01820005626
0.01820005626
0.01820005626
0.01820005626
0.01820005626
0.01820005626
0.01820005626
0.01820005626
0.01820005626
0.01820005626
0.01820005626
0.01820005626
0.01820005626
0.01820005626
0.01820005626
0.01820005626
0.01820005626
0.01820005626
0.01820005626
0.01820005626
0.01820005626
0.01820005626
0.01820005626
0.01820005626
0.01820005626
0.01820005626
0.01820005626
0.01820005626
0.01820005626
0.01820005626
0.01820005626
0.01820005626
0.01820005626
0.01820005626
0.01820005626
0.01820005626
0.01820005626
0.01820005626
0.01820005626
0.01820005626
0.01820005626
0.01820005626
0.01820005626
0.01820005626
0.01820005626
0.01820005626
0.01820005626
0.01820005626
0.01820005626
0.01820005626
0.01820005626
0.01820005626
0.01820005626
0.01820005626
0.01820005626
0.01820005626
0.01820005626
0.01820005626
0.01820005626
0.01820005626
0.01820005626
0.01820005626
0.01820005626
0.01820005626
0.01820005626
0.09849896538
0.09874153911
0.09958963804
0.1007958145
0.102338411
0.1041855679
0.1062950591
0.1086147202
0.1110833553
0.1136324189
0.1161885934
0.1186772187
0.1210263504
0.1231710511
0.1250573993
0.1266456719
0.1279122301
0.1288492421
0.1294648617
0.1297796063
0.129822242
0.1296254122
0.1292211485
0.128636646
0.1278904786
0.1269892142
0.1259241453
0.1246675981
0.1231681263
0.1213440309
0.1190726143
0.1161093263
0.1110396716
0.0963589977
0.06069765734
0.01978954373
0.01820065661
0.01820006717
0.01820005627
0.01820005626
0.01820005625
0.01820005625
0.01820005625
0.01820005625
0.01820005625
0.01820005625
0.01820005625
0.01820005625
0.01820005625
0.01820005625
0.01820005625
0.01820005625
0.01820005625
0.01820005625
0.01820005625
0.01820005625
0.01820005625
0.01820005625
0.01820005625
0.01820005625
0.01820005625
0.01820005625
0.01820005625
0.01820005625
0.01820005625
0.01820005625
0.01820005625
0.01820005625
0.01820005625
0.01820005625
0.01820005625
0.01820005625
0.01820005625
0.01820005625
0.01820005625
0.01820005625
0.01820005625
0.01820005625
0.01820005625
0.01820005625
0.01820005625
0.01820005625
0.01820005625
0.01820005625
0.01820005625
0.01820005625
0.01820005625
0.01820005625
0.01820005625
0.01820005625
0.01820005625
0.01820005625
0.01820005625
0.01820005626
0.01820005626
0.01820005626
0.01820005626
0.01820005626
0.01820005626
0.01820005626
0.01820005626
0.01820005626
0.01820005626
0.01820005626
0.01820005626
0.01820005626
0.01820005626
0.01820005626
0.01820005626
0.01820005626
0.01820005626
0.01820005626
0.01820005626
0.01820005626
0.01820005626
0.01820005626
0.01820005626
0.01820005626
0.01820005626
0.01820005626
0.01820005626
0.01820005626
0.01820005626
0.01820005626
0.01820005626
0.01820005626
0.01820005626
0.01820005626
0.01820005626
0.01820005626
0.01820005626
0.01820005626
0.01820005626
0.01820005626
0.01820005626
0.01820005626
0.01820005626
0.01820005626
0.01820005626
0.01820005626
0.01820005626
0.01820005626
0.01820005626
0.01820005626
0.01820005626
0.01820005626
0.01820005626
0.01820005626
0.01820005626
0.01820005626
0.01820005626
0.01820005626
0.01820005626
0.01820005626
0.01820005626
0.01820005626
0.01820005626
0.01820005626
0.01820005626
0.01820005626
0.01820005626
0.01820005626
0.01820005626
0.01820005626
0.01820005626
0.01820005626
0.01820005626
0.01820005626
0.01820005626
0.01820005626
0.01820005626
0.01820005626
0.01820005626
0.01820005626
0.01820005626
0.01820005626
0.01820005626
0.01820005626
0.01820005626
0.01820005626
0.01820005626
0.01820005626
0.01820005626
0.01820005626
0.01820005626
0.01820005626
0.01820005626
0.01820005626
0.01820005626
0.01820005626
0.01820005626
0.01820005626
0.01820005626
0.01820005626
0.01820005626
0.01820005626
0.01820005626
0.01820005626
0.01820005626
0.01820005626
0.09884910233
0.09908914114
0.0999293676
0.1011229403
0.1026482265
0.1044734738
0.1065566771
0.1088460653
0.1112810532
0.1137939501
0.1163125348
0.118763449
0.1210761817
0.1231872557
0.1250441145
0.1266081828
0.1278566547
0.1287821614
0.1293929823
0.1297094352
0.1297599562
0.1295769183
0.1291923597
0.1286339628
0.1279213985
0.1270629335
0.1260519798
0.1248631113
0.1234470659
0.1217243802
0.1195755811
0.1167871187
0.1123607899
0.1004058087
0.0686121054
0.02504473996
0.01820236738
0.01820010268
0.01820005631
0.01820005626
0.01820005625
0.01820005625
0.01820005625
0.01820005625
0.01820005625
0.01820005625
0.01820005625
0.01820005625
0.01820005625
0.01820005625
0.01820005625
0.01820005625
0.01820005625
0.01820005625
0.01820005625
0.01820005625
0.01820005625
0.01820005625
0.01820005625
0.01820005625
0.01820005625
0.01820005625
0.01820005625
0.01820005625
0.01820005625
0.01820005625
0.01820005625
0.01820005625
0.01820005625
0.01820005625
0.01820005625
0.01820005625
0.01820005625
0.01820005625
0.01820005625
0.01820005625
0.01820005625
0.01820005625
0.01820005625
0.01820005625
0.01820005625
0.01820005625
0.01820005625
0.01820005625
0.01820005625
0.01820005625
0.01820005625
0.01820005625
0.01820005625
0.01820005625
0.01820005625
0.01820005625
0.01820005625
0.01820005625
0.01820005626
0.01820005626
0.01820005626
0.01820005626
0.01820005626
0.01820005626
0.01820005626
0.01820005626
0.01820005626
0.01820005626
0.01820005626
0.01820005626
0.01820005626
0.01820005626
0.01820005626
0.01820005626
0.01820005626
0.01820005626
0.01820005626
0.01820005626
0.01820005626
0.01820005626
0.01820005626
0.01820005626
0.01820005626
0.01820005626
0.01820005626
0.01820005626
0.01820005626
0.01820005626
0.01820005626
0.01820005626
0.01820005626
0.01820005626
0.01820005626
0.01820005626
0.01820005626
0.01820005626
0.01820005626
0.01820005626
0.01820005626
0.01820005626
0.01820005626
0.01820005626
0.01820005626
0.01820005626
0.01820005626
0.01820005626
0.01820005626
0.01820005626
0.01820005626
0.01820005626
0.01820005626
0.01820005626
0.01820005626
0.01820005626
0.01820005626
0.01820005626
0.01820005626
0.01820005626
0.01820005626
0.01820005626
0.01820005626
0.01820005626
0.01820005626
0.01820005626
0.01820005626
0.01820005626
0.01820005626
0.01820005626
0.01820005626
0.01820005626
0.01820005626
0.01820005626
0.01820005626
0.01820005626
0.01820005626
0.01820005626
0.01820005626
0.01820005626
0.01820005626
0.01820005626
0.01820005626
0.01820005626
0.01820005626
0.01820005626
0.01820005626
0.01820005626
0.01820005626
0.01820005626
0.01820005626
0.01820005626
0.01820005626
0.01820005626
0.01820005626
0.01820005626
0.01820005626
0.01820005626
0.01820005626
0.01820005626
0.01820005626
0.01820005626
0.01820005626
0.01820005626
0.01820005626
0.01820005626
0.09919473964
0.0994322617
0.1002646113
0.1014456054
0.1029536481
0.1047571109
0.1068142284
0.1090736392
0.1114753803
0.1139526177
0.1164342164
0.1188480947
0.121125136
0.1232032731
0.1250312595
0.1265716182
0.1278023466
0.1287165437
0.1293226607
0.1296409084
0.1296995066
0.1295306348
0.1291662796
0.1286342728
0.1279546076
0.1271359319
0.126171964
0.1250375043
0.123683705
0.1220321018
0.11996514
0.1172878781
0.113292586
0.1035789906
0.07616532957
0.03233896465
0.01820528276
0.01820015214
0.01820005638
0.01820005626
0.01820005625
0.01820005625
0.01820005625
0.01820005625
0.01820005625
0.01820005625
0.01820005625
0.01820005625
0.01820005625
0.01820005625
0.01820005625
0.01820005625
0.01820005625
0.01820005625
0.01820005625
0.01820005625
0.01820005625
0.01820005625
0.01820005625
0.01820005625
0.01820005625
0.01820005625
0.01820005625
0.01820005625
0.01820005625
0.01820005625
0.01820005625
0.01820005625
0.01820005625
0.01820005625
0.01820005625
0.01820005625
0.01820005625
0.01820005625
0.01820005625
0.01820005625
0.01820005625
0.01820005625
0.01820005625
0.01820005625
0.01820005625
0.01820005625
0.01820005625
0.01820005625
0.01820005625
0.01820005625
0.01820005625
0.01820005625
0.01820005625
0.01820005625
0.01820005625
0.01820005625
0.01820005625
0.01820005625
0.01820005626
0.01820005626
0.01820005626
0.01820005626
0.01820005626
0.01820005625
0.01820005625
0.01820005626
0.01820005626
0.01820005626
0.01820005626
0.01820005626
0.01820005626
0.01820005626
0.01820005626
0.01820005626
0.01820005626
0.01820005626
0.01820005626
0.01820005626
0.01820005626
0.01820005626
0.01820005626
0.01820005626
0.01820005626
0.01820005626
0.01820005626
0.01820005626
0.01820005626
0.01820005626
0.01820005626
0.01820005626
0.01820005626
0.01820005626
0.01820005626
0.01820005626
0.01820005626
0.01820005626
0.01820005626
0.01820005626
0.01820005626
0.01820005626
0.01820005626
0.01820005626
0.01820005626
0.01820005626
0.01820005626
0.01820005626
0.01820005626
0.01820005626
0.01820005626
0.01820005626
0.01820005626
0.01820005626
0.01820005626
0.01820005626
0.01820005626
0.01820005626
0.01820005626
0.01820005626
0.01820005626
0.01820005626
0.01820005626
0.01820005626
0.01820005626
0.01820005626
0.01820005626
0.01820005626
0.01820005626
0.01820005626
0.01820005626
0.01820005626
0.01820005626
0.01820005626
0.01820005626
0.01820005626
0.01820005626
0.01820005626
0.01820005626
0.01820005626
0.01820005626
0.01820005626
0.01820005626
0.01820005626
0.01820005626
0.01820005626
0.01820005626
0.01820005626
0.01820005626
0.01820005626
0.01820005626
0.01820005626
0.01820005626
0.01820005626
0.01820005626
0.01820005626
0.01820005626
0.01820005626
0.01820005626
0.01820005626
0.01820005626
0.01820005626
0.01820005626
0.01820005626
0.01820005626
0.01820005626
)
;

boundaryField
{
    inlet
    {
        type            fixedRho;
        value           uniform 0.01820005626;
    }
    object
    {
        type            fixedRho;
        value           nonuniform List<scalar> 
300
(
5.687878787
5.737927916
5.756620701
5.766624266
5.772118434
5.774690847
5.775157701
5.774018035
5.771610802
5.768181208
5.763913157
5.758947165
5.753391401
5.747329153
5.740824248
5.733925183
5.726668384
5.719080799
5.711181983
5.702985778
5.69450165
5.685735759
5.676691802
5.66737168
5.657776007
5.647904509
5.637756321
5.627330217
5.616624767
5.605638448
5.594369735
5.582817112
5.57097912
5.558854314
5.546441257
5.533738448
5.520744263
5.507456849
5.493874018
5.479993101
5.46581079
5.451322967
5.436524497
5.421409038
5.405968856
5.390194677
5.374075635
5.357599348
5.340752189
5.323519843
5.305888125
5.287844106
5.269377325
5.250480722
5.231151037
5.211388894
5.19119877
5.170588849
5.149570781
5.128159336
5.106371915
5.084228145
5.061749264
5.038957642
5.015876245
4.992528154
4.968936127
4.945122214
4.92110746
4.89691167
4.872553216
4.848048912
4.823413947
4.79866186
4.773804587
4.748852424
4.723814103
4.698696893
4.673506536
4.64824724
4.622921618
4.597530414
4.572072062
4.546541978
4.520931436
4.495225992
4.469403747
4.443434041
4.417278224
4.390894016
4.364243712
4.33730032
4.310048635
4.282482552
4.254601951
4.226412476
4.197925747
4.169157586
4.140122665
4.11083986
4.081336577
4.051648398
4.021800487
3.991820867
3.961748572
3.931627858
3.901474764
3.871302886
3.841150608
3.811014638
3.780839627
3.75059701
3.720317332
3.689906502
3.659344076
3.628709083
3.597712622
3.566709443
3.535262674
3.502466576
3.470571022
3.439745678
3.409230508
3.378893336
3.348679683
3.318569044
3.28855785
3.25864958
3.228848561
3.199154319
3.16955923
3.14004818
3.11059877
3.081184552
3.051777643
3.022351595
2.992884444
2.963361093
2.933773963
2.904123941
2.874420175
2.844679112
2.814923272
2.785179246
2.755475891
2.725841988
2.696304343
2.666885736
2.637604252
2.608471987
2.579495615
2.550676559
2.522012044
2.49349627
2.465121791
2.436880834
2.40876633
2.380772685
2.352896673
2.32513727
2.297495676
2.269975026
2.242579998
2.215316092
2.188189181
2.161205183
2.134369625
2.107687484
2.081163009
2.054799731
2.028600801
2.002568596
1.976705011
1.951011854
1.925490697
1.900143239
1.874971116
1.849976021
1.825159693
1.800523875
1.776070279
1.751800653
1.727716681
1.703819975
1.680112107
1.656594568
1.63326877
1.610136054
1.587197761
1.564454999
1.541908957
1.519560699
1.497411181
1.47546137
1.453712053
1.432164092
1.410818164
1.389675736
1.368737888
1.348025955
1.306827721
1.298635464
1.290873844
1.280621636
1.269542898
1.259199234
1.250580433
1.244200074
1.240183321
1.238361158
1.238392443
1.239885487
1.242487298
1.245929555
1.250042929
1.254751971
1.260057949
1.266012174
1.272684566
1.280132016
1.288375269
1.297388298
1.307100583
1.317410213
1.3282008
1.339358729
1.350786304
1.362409453
1.374179762
1.386072944
1.398082189
1.410207858
1.422443185
1.434758812
1.447092504
1.459346878
1.471398762
1.483116767
1.494381259
1.505101993
1.51522695
1.524743023
1.533669041
1.542044515
1.549916995
1.557332147
1.564325821
1.570920798
1.577126788
1.5829425
1.58836029
1.593370098
1.597964058
1.602140011
1.605904203
1.609272359
1.612270576
1.61493322
1.617299331
1.61940624
1.621281083
1.622934322
1.624356018
1.625519438
1.626391091
1.626944214
1.627172677
1.627097858
1.62676777
1.626247629
1.625605929
1.62490079
1.624172764
1.623443333
1.622719941
1.622003042
1.621291405
1.62058565
1.619887771
1.619200431
1.618526211
1.617867612
1.617226866
1.616606811
1.616010124
1.615439375
1.614897084
1.614385334
1.613906481
1.613462198
1.613053278
1.612679431
1.612338862
1.612029379
1.6117482
1.611492661
1.611260577
1.611050584
1.610861834
1.610694987
)
;
    }
    outlet
    {
        type            zeroGradient;
    }
    front
    {
        type            wedge;
    }
    back
    {
        type            wedge;
    }
}


// ************************************************************************* //
