/*--------------------------------*- C++ -*----------------------------------*\
| =========                 |                                                 |
| \\      /  F ield         | OpenFOAM: The Open Source CFD Toolbox           |
|  \\    /   O peration     | Version:  v1706                                 |
|   \\  /    A nd           | Web:      www.OpenFOAM.com                      |
|    \\/     M anipulation  |                                                 |
\*---------------------------------------------------------------------------*/
FoamFile
{
    version     2.0;
    format      ascii;
    class       volScalarField;
    location    "0.00162";
    object      NO+;
}
// * * * * * * * * * * * * * * * * * * * * * * * * * * * * * * * * * * * * * //

dimensions      [0 0 0 0 0 0 0];


internalField   nonuniform List<scalar> 
20014
(
0.0002432687994
0.000251897356
0.0002586381917
0.0002625639129
0.0002658692099
0.0002679320339
0.0002691789154
0.0002697650198
0.0002698552326
0.0002695787218
0.0002688754002
0.0002680009596
0.0002667830706
0.0002652779844
0.0002632002863
0.0002607383755
0.0002573804901
0.0002540683322
0.0002500412609
0.0002362579075
0.0001527455934
1.078191976e-05
3.352632653e-86
3.300639779e-86
3.249472083e-86
3.197869169e-86
3.146902558e-86
3.092477697e-86
3.045632086e-86
2.993690399e-86
2.933668566e-86
2.897827594e-86
2.832818264e-86
2.792238282e-86
2.74505128e-86
2.695267761e-86
2.648297942e-86
2.598806113e-86
2.552076458e-86
2.501384877e-86
2.457866998e-86
2.41387321e-86
2.356339226e-86
2.318605921e-86
2.259889443e-86
2.215262039e-86
2.173107675e-86
2.12897997e-86
2.084431383e-86
0.0002408554481
0.0002409786742
0.0002415035113
0.0002419205264
0.0002422347468
0.00024244649
0.000242548213
0.0002425328035
0.0002423825719
0.0002420807931
0.0002416072654
0.0002409268364
0.000240008051
0.0002388029522
0.0002372569737
0.0002353074541
0.0002328942152
0.0002299430389
0.0002263878145
0.0002222057414
0.0002173703342
0.000211887349
0.000205800001
0.0001991891658
0.0001921719122
0.0001848959502
0.0001775308747
0.0001702575765
0.0001632575727
0.0001567038952
0.0001507546568
0.0001455496732
0.0001412102311
0.0001378326337
0.0001355289457
0.0001344991723
0.0001345056221
0.0001357774459
0.0001384095271
0.0001424656071
0.0002418929646
0.0002506808074
0.000257674467
0.0002617756172
0.0002651231753
0.0002673211304
0.0002686579076
0.0002693082511
0.0002694387507
0.0002691723692
0.0002685378421
0.000267715118
0.0002663626459
0.0002650347443
0.0002630312186
0.0002606782961
0.0002575119141
0.0002546334082
0.0002507761904
0.000237838637
0.0001582364087
1.657205747e-05
3.359368789e-86
3.307496561e-86
3.255893602e-86
3.204219954e-86
3.152434644e-86
3.10046154e-86
3.050883605e-86
2.994701208e-86
2.948401286e-86
2.900934471e-86
2.846537779e-86
2.799243374e-86
2.747960334e-86
2.702885901e-86
2.655337853e-86
2.606540079e-86
2.556951733e-86
2.509016803e-86
2.462714727e-86
2.414083758e-86
2.363465287e-86
2.319415568e-86
2.268208972e-86
2.220266366e-86
2.178529481e-86
2.132270164e-86
2.08846797e-86
0.0002407938687
0.0002409377461
0.0002414655658
0.0002418848207
0.0002421998576
0.0002424124525
0.0002425149158
0.0002425010723
0.0002423581804
0.0002420608811
0.0002415881905
0.0002409132053
0.0002400044688
0.0002388116536
0.0002372818029
0.0002353537335
0.0002329734148
0.0002300797052
0.0002265529736
0.0002224133828
0.0002176180521
0.0002121762233
0.0002061272391
0.0001995486782
0.000192554593
0.0001852902462
0.0001779234994
0.0001706342968
0.0001636039597
0.0001570059418
0.0001509992113
0.0001457247141
0.0001413049551
0.0001378379014
0.0001354215331
0.0001342729558
0.0001341790137
0.000135315652
0.0001378069466
0.000141713393
0.0002404959741
0.0002494449076
0.0002566766536
0.0002609675488
0.0002643791195
0.0002667024565
0.0002681294777
0.0002688429887
0.000269013788
0.0002687732724
0.0002681955617
0.0002674027817
0.0002660263342
0.0002648441729
0.0002629025222
0.0002606629127
0.0002577670406
0.0002551657212
0.0002523658289
0.0002402413822
0.0001649195257
2.245781931e-05
0
3.314944804e-86
3.26306059e-86
3.211224229e-86
3.159330721e-86
3.107499721e-86
3.053844467e-86
3.003704333e-86
2.954861588e-86
2.906527422e-86
2.856156972e-86
2.805143828e-86
2.757006317e-86
2.71061686e-86
2.660700494e-86
2.609831979e-86
2.56406655e-86
2.513827302e-86
2.466949084e-86
2.419243514e-86
2.370607056e-86
2.325029009e-86
2.277349741e-86
2.222060555e-86
2.182970249e-86
2.138483989e-86
2.090744424e-86
0.0002407372145
0.000240908567
0.0002414380989
0.0002418578814
0.0002421731213
0.0002423855489
0.0002424880202
0.0002424776268
0.0002423237266
0.0002420349622
0.0002415652672
0.0002408994928
0.0002400019522
0.0002388272474
0.0002373199935
0.0002354212556
0.0002330623464
0.0002301769348
0.0002267060318
0.0002226158351
0.0002178699231
0.0002124731875
0.0002064646385
0.0001999195988
0.0001929496359
0.0001856977529
0.0001783301318
0.0001710257524
0.0001639656615
0.0001573235721
0.0001512590185
0.0001459135974
0.000141410509
0.0001378534668
0.0001353292432
0.0001340589487
0.0001338653145
0.0001348666978
0.0001372167346
0.0001409728361
0.0002390802468
0.0002481896918
0.0002556421357
0.0002601513825
0.0002636439736
0.0002660847932
0.0002676010006
0.0002683773793
0.0002685882213
0.0002683719941
0.0002678233102
0.0002670299786
0.0002657396832
0.0002646687381
0.000262798715
0.0002606760723
0.0002580753893
0.0002556783583
0.0002527916417
0.0002413858922
0.0001677369646
2.932289168e-05
2.446599999e-35
3.322128571e-86
3.270574225e-86
3.218812978e-86
3.166564037e-86
3.114113498e-86
3.059503258e-86
3.01193444e-86
2.961924618e-86
2.913654643e-86
2.863869194e-86
2.808445439e-86
2.764220756e-86
2.715833923e-86
2.668947212e-86
2.613787707e-86
2.569906916e-86
2.52294294e-86
2.473880636e-86
2.419357568e-86
2.377022194e-86
2.330506385e-86
2.28304566e-86
2.230746975e-86
2.184253674e-86
2.1424025e-86
2.097875763e-86
0.0002406788421
0.000240892466
0.0002414224419
0.00024184054
0.000242154612
0.0002423645384
0.0002424643397
0.0002424456338
0.0002422982872
0.0002420002761
0.0002415427465
0.0002408883222
0.0002400019187
0.0002388400112
0.0002373484601
0.0002354662646
0.000233143997
0.0002303104673
0.0002269219912
0.000222830032
0.0002181265471
0.0002127721836
0.0002068039508
0.0002002932796
0.0001933485892
0.0001861103855
0.000178743064
0.0001714245813
0.000164335685
0.0001576504
0.0001515290656
0.0001461146178
0.0001415327542
0.0001378991542
0.0001352515577
0.0001338536276
0.0001335581554
0.0001344235337
0.000136631369
0.0001402361963
0.0001452966115
0.0001518363537
0.0001598326016
0.0001691976934
0.0001797579875
0.0001912374317
0.0002032538419
0.0002153364017
0.0002269670436
0.0002376373374
0.0002469060741
0.0002545602199
0.0002593170105
0.0002629001287
0.0002654525138
0.0002670567595
0.0002678972861
0.000268152477
0.00026796735
0.0002674491271
0.0002667099387
0.0002655341361
0.0002643088579
0.0002628232918
0.0002607457244
0.0002585181633
0.0002561072991
0.0002534738044
0.0002425494445
0.0001726013267
3.611853409e-05
4.494811272e-36
3.32850848e-86
3.277105585e-86
3.225897289e-86
3.173768256e-86
3.121323663e-86
3.067098563e-86
3.020476835e-86
2.968464004e-86
2.920523503e-86
2.871786563e-86
2.821617855e-86
2.76327522e-86
2.721880063e-86
2.673275165e-86
2.624395201e-86
2.573651705e-86
2.525224076e-86
2.480319973e-86
2.429069657e-86
2.380284695e-86
2.334905409e-86
2.29533049e-86
2.226433899e-86
2.19208672e-86
2.147492568e-86
2.102930695e-86
0.0002407022078
0.000240912965
0.0002414343297
0.0002418416833
0.0002421533495
0.000242360114
0.0002424538479
0.0002424323316
0.0002422831708
0.0002419888034
0.0002415343686
0.0002408876737
0.0002400126132
0.0002388674305
0.0002373991337
0.0002355443772
0.0002332421942
0.0002304440352
0.000227058072
0.00022308998
0.0002184111605
0.0002131016147
0.0002071764901
0.0002007030101
0.0001937860144
0.0001865633127
0.0001791974013
0.0001718651587
0.000164747049
0.0001580175126
0.0001518378505
0.0001463521884
0.0001416864728
0.0001379479156
0.0001351973995
0.0001336660662
0.0001332640024
0.0001339884706
0.0001360483731
0.0001394958215
0.0001443918522
0.0001507643282
0.000158596146
0.0001678078458
0.0001782362853
0.0001896173354
0.000201580344
0.0002136632024
0.0002253516136
0.0002361354778
0.0002455676258
0.0002534204154
0.0002584560065
0.0002621393402
0.0002648054799
0.0002665004609
0.0002674070236
0.0002677080237
0.0002675562582
0.0002670655418
0.0002663693362
0.0002653116785
0.0002640338207
0.0002627335835
0.0002608838237
0.0002587373766
0.0002565329527
0.0002537505617
0.0002436319453
0.0001794765902
4.924282801e-05
6.914396502e-24
3.336659264e-86
3.284793451e-86
3.233041308e-86
3.181190304e-86
3.128692855e-86
3.077217645e-86
3.026938169e-86
2.97862127e-86
2.925403443e-86
2.876231638e-86
2.827189682e-86
2.7775585e-86
2.730035575e-86
2.67498854e-86
2.631132779e-86
2.57668431e-86
2.529912655e-86
2.48274307e-86
2.434589526e-86
2.387367449e-86
2.337730476e-86
2.293162786e-86
2.243948658e-86
2.196747529e-86
2.153166947e-86
2.105782178e-86
0.0002407835458
0.0002409464299
0.0002414527108
0.0002418494957
0.0002421504588
0.0002423480281
0.0002424379927
0.0002424151742
0.0002422651133
0.0002419727639
0.0002415212301
0.0002408819143
0.0002400172183
0.000238886062
0.0002374369662
0.000235610728
0.0002333442226
0.0002305651522
0.0002272262007
0.0002232725859
0.0002186737009
0.0002134164308
0.000207536864
0.000201101527
0.0001942130835
0.0001870069187
0.0001796436152
0.0001722988917
0.000165152806
0.0001583799859
0.0001521421863
0.0001465837158
0.0001418296226
0.0001379834602
0.0001351419823
0.0001334801753
0.0001329720856
0.0001335573046
0.0001354697068
0.0001387599589
0.0001434912115
0.000149695317
0.0001573606683
0.0001664158199
0.0001767080424
0.0001879852421
0.0001998886533
0.0002119653916
0.0002237053831
0.0002345970152
0.0002441873658
0.0002522325087
0.0002575625974
0.0002613497257
0.0002641321224
0.0002659182691
0.0002668916164
0.0002672411457
0.000267133719
0.000266724341
0.000265972037
0.0002651535064
0.0002639520033
0.0002627082979
0.0002609704943
0.0002589576053
0.000256954302
0.0002541715895
0.0002427539597
0.000190386387
6.196147472e-05
0
3.343974236e-86
3.291966878e-86
3.240047112e-86
3.189108185e-86
3.137703384e-86
3.089347278e-86
3.027837506e-86
2.984401021e-86
2.936871855e-86
2.881958321e-86
2.833780518e-86
2.782177138e-86
2.733778411e-86
2.684137111e-86
2.63787734e-86
2.579216781e-86
2.536746764e-86
2.489149064e-86
2.441068102e-86
2.392918973e-86
2.348086054e-86
2.288251269e-86
2.249870402e-86
2.203667897e-86
2.157095887e-86
2.111344758e-86
0.0002408615465
0.0002409638503
0.000241458358
0.000241847948
0.0002421401129
0.0002423310985
0.0002424196293
0.0002423956918
0.0002422450528
0.0002419547432
0.0002415063646
0.0002408721006
0.0002400196336
0.0002389046268
0.0002374773754
0.0002356749836
0.0002334336708
0.0002306866948
0.0002273918349
0.0002234812632
0.0002189328776
0.0002137246265
0.0002078896225
0.0002014921796
0.0001946324942
0.0001874434918
0.0001800837877
0.0001727278669
0.0001655553221
0.0001587409665
0.0001524472118
0.0001468193874
0.0001419840944
0.0001380502904
0.0001350958631
0.0001333051212
0.0001326916314
0.0001331412589
0.0001349083079
0.0001380437087
0.0001426122153
0.0001486495011
0.0001561492098
0.0001650476168
0.0001752021466
0.0001863726058
0.0001982121762
0.0002102774453
0.0002220628452
0.0002330553625
0.0002427962985
0.0002510234287
0.0002566598003
0.0002605499559
0.0002634537342
0.0002653304491
0.0002663724386
0.000266775325
0.0002667154642
0.0002663564565
0.0002655991146
0.0002648640147
0.0002638217507
0.0002626996077
0.0002610131607
0.0002591581302
0.0002570634264
0.0002542608657
0.0002425089543
0.0001982960586
7.563032256e-05
3.795665853e-12
3.351700506e-86
3.299726361e-86
3.24817439e-86
3.196864568e-86
3.145564907e-86
3.092466193e-86
3.039864045e-86
2.990509945e-86
2.939413132e-86
2.891785325e-86
2.843839677e-86
2.784505166e-86
2.740247579e-86
2.689092169e-86
2.641159992e-86
2.589271231e-86
2.544457927e-86
2.495738933e-86
2.443385106e-86
2.395357375e-86
2.349187655e-86
2.298196439e-86
2.254713456e-86
2.208541246e-86
2.163050038e-86
2.117682571e-86
0.0002408964575
0.0002409655762
0.0002414532751
0.0002418350529
0.0002421223646
0.0002423112422
0.0002423971728
0.0002423721954
0.0002422219726
0.0002419335896
0.0002414891156
0.0002408618976
0.0002400193654
0.0002389175801
0.0002375062692
0.000235729653
0.0002335187925
0.0002308202132
0.0002275567784
0.0002236902497
0.0002191860444
0.0002140255162
0.0002082353334
0.0002018764983
0.0001950463764
0.0001878754145
0.0001805202698
0.0001731541587
0.0001659561327
0.0001591010763
0.0001527518614
0.0001470544064
0.0001421356662
0.0001381026502
0.0001350543499
0.0001331374397
0.0001324201484
0.0001327391263
0.0001343627166
0.0001373453806
0.0001417527698
0.0001476243145
0.000154958739
0.0001636998047
0.0001737148631
0.000184775498
0.0001965469153
0.0002085954732
0.0002204205273
0.0002315079644
0.0002413931994
0.0002497936147
0.0002557446851
0.0002597384598
0.0002627625683
0.0002647357886
0.000265851647
0.0002663152397
0.0002663076167
0.0002659760486
0.0002654165938
0.0002646458516
0.0002636660843
0.000262633736
0.0002610527326
0.0002592651263
0.000257057697
0.0002539144045
0.0002434128068
0.0002062940811
9.106752154e-05
6.285238972e-10
3.35924046e-86
3.307234754e-86
3.255940347e-86
3.205069471e-86
3.15350443e-86
3.098651102e-86
3.044246486e-86
2.998018549e-86
2.947670985e-86
2.900268882e-86
2.84855286e-86
2.791936891e-86
2.74364058e-86
2.696202805e-86
2.642727391e-86
2.596850066e-86
2.549414634e-86
2.499353454e-86
2.451511363e-86
2.40385368e-86
2.350043161e-86
2.306621503e-86
2.260898501e-86
2.213261317e-86
2.168020571e-86
2.122104306e-86
0.0002409119698
0.0002409571963
0.0002414355414
0.0002418145203
0.0002421001391
0.0002422861887
0.0002423702567
0.0002423447851
0.0002421948491
0.0002419092535
0.0002414687813
0.0002408480885
0.0002400144013
0.0002389268274
0.0002375353054
0.0002357874504
0.0002336137763
0.00023093422
0.0002277144661
0.0002238917638
0.000219431247
0.0002143176889
0.0002085725976
0.0002022532314
0.0001954537551
0.0001883019794
0.0001809525535
0.0001735774235
0.0001663551416
0.0001594607999
0.0001530580572
0.0001472940891
0.0001422974993
0.0001381786864
0.0001350251049
0.0001329810681
0.0001321588301
0.0001323521791
0.0001338330903
0.0001366644925
0.0001409119875
0.0001466185931
0.0001537879166
0.0001623709398
0.0001722446955
0.0001831924036
0.0001948913612
0.0002069180375
0.0002187772715
0.0002299543403
0.0002399784494
0.0002485426964
0.0002548114546
0.0002589042636
0.0002620656897
0.0002641341983
0.0002653295772
0.0002658626507
0.0002659220796
0.0002656731644
0.0002650869874
0.0002644671272
0.0002634896185
0.0002625209852
0.000261039869
0.0002592617776
0.0002569600385
0.0002536673915
0.0002444438666
0.0002150695241
0.0001103504245
3.688709436e-08
3.366448082e-86
3.314094902e-86
3.262602278e-86
3.211189169e-86
3.158814319e-86
3.10734916e-86
3.051466595e-86
3.005300945e-86
2.955877003e-86
2.9076843e-86
2.851784034e-86
2.804538168e-86
2.756116162e-86
2.687876095e-86
2.648784905e-86
2.603426089e-86
2.554169358e-86
2.506445487e-86
2.458850927e-86
2.414036389e-86
2.352804056e-86
2.311891578e-86
2.264345309e-86
2.217758055e-86
2.173624643e-86
2.126430532e-86
0.0002409127715
0.0002409406752
0.000241413572
0.0002417881606
0.0002420724463
0.0002422566555
0.0002423414519
0.0002423164799
0.0002421673642
0.0002418839677
0.0002414460651
0.0002408309731
0.0002400063374
0.0002389318475
0.0002375561976
0.0002358292338
0.0002336809055
0.0002310496807
0.0002278646638
0.0002240848415
0.0002196674654
0.0002146001818
0.0002089000855
0.0002026207176
0.0001958528411
0.000188721441
0.000181379032
0.0001739962132
0.0001667510036
0.0001598187008
0.0001533637513
0.0001475344934
0.0001424608711
0.0001382548469
0.0001350042935
0.0001328346029
0.0001319039411
0.0001319804051
0.000133318302
0.0001360001015
0.0001400890172
0.0001456315409
0.0001526359848
0.0001610602954
0.0001707909364
0.0001816226066
0.0001932447445
0.0002052442668
0.0002171320939
0.0002283934824
0.0002385512927
0.0002472708476
0.0002538558142
0.000258025478
0.0002613822583
0.000263523691
0.0002648029694
0.0002654103379
0.0002655394287
0.0002653623046
0.0002648566855
0.0002642774232
0.0002633186254
0.0002623800708
0.0002609885443
0.0002592220592
0.0002568633328
0.0002536102359
0.000245856644
0.0002225550787
0.0001270606011
4.240283661e-07
3.373709269e-86
3.32126205e-86
3.269160257e-86
3.217643494e-86
3.166175813e-86
3.112215136e-86
3.060090797e-86
3.013321082e-86
2.960869035e-86
2.912476682e-86
2.86247132e-86
2.81343905e-86
2.754327648e-86
2.696438752e-86
2.655496883e-86
2.608979787e-86
2.562184802e-86
2.512314488e-86
2.465475005e-86
2.410792864e-86
2.36456203e-86
2.317942098e-86
2.269323509e-86
2.226239631e-86
2.174171889e-86
2.13095564e-86
0.0002409027318
0.0002409183697
0.0002413865183
0.0002417586899
0.0002420424449
0.0002422237549
0.0002423033808
0.0002422769441
0.000242129599
0.0002418485157
0.0002414174804
0.0002408113635
0.0002399949465
0.0002389334438
0.0002375778621
0.0002358705153
0.000233743441
0.0002311449235
0.0002280032005
0.0002242642067
0.0002198939169
0.0002148730784
0.0002092177306
0.000202978432
0.0001962427482
0.000189132772
0.0001817987514
0.0001744098144
0.0001671433541
0.0001601748094
0.0001536693465
0.0001477763677
0.0001426270927
0.0001383351221
0.0001349927138
0.0001327001234
0.0001316545084
0.0001316225316
0.0001328178655
0.0001353517032
0.0001392833391
0.0001446626829
0.0001515025307
0.000159767519
0.0001693532746
0.0001800657932
0.0001916066626
0.0002035735321
0.0002154839225
0.0002268235271
0.0002371085997
0.0002459753781
0.0002528737632
0.0002571291545
0.0002606910764
0.0002629063813
0.000264272101
0.0002649537029
0.0002651414639
0.0002649897995
0.0002645696943
0.0002640549565
0.0002631252857
0.0002622388106
0.0002609168842
0.0002591654788
0.000256805866
0.0002537384853
0.0002474327939
0.0002290202078
0.0001387157983
3.166183775e-06
3.380842673e-86
3.327978963e-86
3.275772918e-86
3.224144016e-86
3.172419023e-86
3.118358315e-86
3.067754317e-86
3.01619045e-86
2.967807708e-86
2.918242122e-86
2.87180365e-86
2.812812795e-86
2.762794906e-86
2.708361891e-86
2.663668138e-86
2.613704354e-86
2.566962625e-86
2.522337111e-86
2.463076889e-86
2.419404722e-86
2.37030234e-86
2.323668397e-86
2.276652263e-86
2.228797569e-86
2.179380883e-86
2.137530228e-86
0.000240884462
0.000240891299
0.0002413568151
0.0002417213083
0.0002420014349
0.0002421834305
0.0002422642043
0.0002422385497
0.0002420925584
0.0002418139108
0.0002413856945
0.00024078404
0.0002399792764
0.0002389301911
0.0002375901826
0.0002359027052
0.0002338048143
0.0002312356375
0.0002281370834
0.0002244430718
0.0002201144864
0.0002151384282
0.0002095269466
0.0002033274377
0.0001966242216
0.0001895364487
0.0001822120092
0.0001748184562
0.0001675324543
0.0001605294926
0.0001539753885
0.0001480205905
0.0001427976131
0.0001384214804
0.0001349880107
0.0001325790353
0.0001314119163
0.0001312771325
0.0001323317374
0.000134719145
0.0001384948363
0.0001437119392
0.0001503875373
0.0001584926697
0.0001679318288
0.0001785220957
0.0001899771836
0.0002019057248
0.0002138323743
0.00022524394
0.0002356506764
0.0002446592442
0.0002518709872
0.0002561895238
0.0002600132894
0.0002622830999
0.0002637397091
0.0002645010132
0.0002647552085
0.0002646495655
0.0002642780532
0.0002638054184
0.0002629556075
0.0002620577452
0.0002608191334
0.0002591028342
0.0002567965013
0.0002540100638
0.0002492536103
0.0002343995373
0.0001510779703
8.375691814e-06
3.388159002e-86
3.33530151e-86
3.282817531e-86
3.230951222e-86
3.179869547e-86
3.123022999e-86
3.073911068e-86
3.02385748e-86
2.974812752e-86
2.924617408e-86
2.874733366e-86
2.823029367e-86
2.770043592e-86
2.711841364e-86
2.669254083e-86
2.621345417e-86
2.570378392e-86
2.522090196e-86
2.474893603e-86
2.429367116e-86
2.37170485e-86
2.329363628e-86
2.28081023e-86
2.233224551e-86
2.187263103e-86
2.144234497e-86
0.0002408594833
0.000240859493
0.0002413176593
0.0002416820002
0.0002419612463
0.0002421410919
0.0002422208187
0.0002421945238
0.0002420488028
0.0002417733335
0.0002413502059
0.0002407559866
0.0002399596449
0.0002389232163
0.0002376006747
0.0002359355922
0.0002338696436
0.0002313282716
0.0002282714668
0.0002246138958
0.00022032871
0.000215397308
0.0002098294118
0.0002036695513
0.0001969989728
0.0001899339381
0.0001826199719
0.0001752230141
0.0001679189434
0.0001608832205
0.0001542822216
0.0001482673444
0.0001429722835
0.0001385132762
0.0001349886887
0.0001324679537
0.0001311780156
0.0001309428451
0.0001318591224
0.0001341018438
0.0001377231289
0.0001427791374
0.0001492910339
0.0001572359455
0.0001665269278
0.0001769919178
0.0001883567063
0.0002002411423
0.0002121775674
0.000223654844
0.0002341796362
0.0002433451188
0.000250859311
0.000255318226
0.0002592206641
0.0002616386018
0.000263203121
0.0002640487043
0.0002643711361
0.0002643285891
0.0002640195637
0.0002635280382
0.0002627529105
0.0002618587081
0.0002607127213
0.0002590349363
0.000256808891
0.0002543113159
0.0002502842843
0.0002376345599
0.0001575598034
1.469651848e-05
3.395219702e-86
3.341939192e-86
3.289448005e-86
3.237621419e-86
3.186985873e-86
3.127991871e-86
3.080359505e-86
3.031438857e-86
2.979430747e-86
2.93005729e-86
2.87960502e-86
2.82823892e-86
2.773263631e-86
2.72194906e-86
2.67577034e-86
2.6275208e-86
2.576587476e-86
2.525998298e-86
2.480182377e-86
2.43257364e-86
2.382515911e-86
2.335084027e-86
2.287327327e-86
2.238336559e-86
2.196701179e-86
2.143061789e-86
0.0002408286175
0.0002408226777
0.0002412786359
0.0002416384115
0.0002419135473
0.0002420939974
0.0002421742893
0.0002421490396
0.0002420050763
0.0002417317092
0.0002413117753
0.0002407228823
0.0002399362539
0.0002389122766
0.0002376056019
0.0002359606138
0.0002339207763
0.0002314159275
0.000228379897
0.0002247720175
0.0002205344512
0.0002156494483
0.00021012586
0.0002040059299
0.0001973682397
0.0001903263764
0.0001830235904
0.0001756242243
0.0001683033455
0.0001612363268
0.0001545899989
0.0001485165206
0.0001431504769
0.0001386091785
0.0001349938148
0.0001323676756
0.0001309542262
0.0001306203401
0.0001314004545
0.0001335001519
0.0001369685684
0.0001418646214
0.000148213451
0.0001559978837
0.0001651392229
0.0001754760106
0.000186746042
0.0001985805906
0.0002105201943
0.0002220564168
0.0002326927023
0.0002420100053
0.0002497837337
0.000254518529
0.0002583703326
0.0002609907502
0.0002626671524
0.0002635985498
0.0002639863479
0.0002639940609
0.0002637570822
0.0002632592702
0.0002625449468
0.0002616517227
0.000260613527
0.0002589906458
0.0002569061326
0.0002546859855
0.0002517714564
0.0002404838083
0.0001648151488
2.089330586e-05
0
3.349311173e-86
3.296317782e-86
3.243874972e-86
3.19145743e-86
3.139162772e-86
3.090276508e-86
3.034048464e-86
2.986708582e-86
2.931889426e-86
2.883333655e-86
2.834307317e-86
2.780870499e-86
2.731585806e-86
2.684108432e-86
2.6309356e-86
2.585802822e-86
2.52696687e-86
2.487691408e-86
2.437729684e-86
2.387540627e-86
2.340038262e-86
2.289155619e-86
2.244056081e-86
2.197941436e-86
2.153115218e-86
0.0002407928291
0.0002407817794
0.000241232857
0.0002415921386
0.0002418674249
0.0002420481806
0.0002421290455
0.0002421043105
0.0002419617218
0.0002416904857
0.0002412738837
0.0002406888678
0.0002399091515
0.0002388974144
0.0002376071335
0.000235985561
0.0002339682935
0.0002315001507
0.0002285225305
0.0002249341541
0.0002207378428
0.0002158969768
0.0002104168624
0.0002043366774
0.0001977320483
0.000190713822
0.0001834229593
0.0001760221854
0.0001686857231
0.000161588817
0.000154898694
0.0001487681615
0.0001433324198
0.0001387092731
0.0001350030264
0.0001322766471
0.0001307403735
0.0001303093378
0.0001309556564
0.0001329139652
0.0001362310936
0.0001409684628
0.0001471550069
0.0001547788915
0.0001637693293
0.0001739751948
0.0001851461941
0.000196925221
0.0002088615352
0.0002204501293
0.0002311918673
0.0002406571143
0.0002486429814
0.0002536711114
0.0002575768798
0.0002603421987
0.0002621287615
0.0002631460651
0.0002635978348
0.0002636514893
0.000263441125
0.0002629788106
0.0002623260632
0.0002614523867
0.0002604877007
0.0002589586699
0.000257065926
0.0002550397924
0.0002524907566
0.0002420412017
0.0001687789835
2.801793327e-05
2.69134224e-32
3.356507557e-86
3.30377637e-86
3.25126087e-86
3.199712244e-86
3.144059292e-86
3.09504718e-86
3.044108481e-86
2.987550914e-86
2.939533754e-86
2.889498955e-86
2.839472939e-86
2.791564666e-86
2.740349595e-86
2.687210364e-86
2.633690641e-86
2.591811284e-86
2.537251422e-86
2.484978185e-86
2.440240859e-86
2.392545868e-86
2.345369602e-86
2.296748383e-86
2.248778149e-86
2.204007086e-86
2.158394706e-86
0.0002407529355
0.0002407381994
0.0002411888821
0.000241547366
0.0002418213061
0.0002420005357
0.0002420779221
0.0002420525094
0.0002419104789
0.0002416417956
0.0002412304821
0.000240653795
0.0002398803879
0.0002388794239
0.0002376043291
0.000236001859
0.0002340113828
0.0002315706104
0.0002286027204
0.0002250809765
0.0002209307694
0.0002161356676
0.0002106998126
0.0002046600207
0.0001980891646
0.0001910954148
0.0001838174766
0.0001764164708
0.0001690657665
0.0001619404595
0.0001552081638
0.0001490223533
0.0001435188101
0.0001388151412
0.0001350143252
0.0001321946968
0.0001305374051
0.0001300099987
0.0001305251216
0.0001323435658
0.0001355111248
0.0001400911626
0.0001461163037
0.0001535797133
0.0001624181701
0.0001724905928
0.0001835584839
0.00019527653
0.000207203205
0.0002188376005
0.0002296785721
0.0002392896226
0.0002474578969
0.0002528021599
0.0002567938188
0.0002596905116
0.0002615864073
0.0002626895644
0.0002632058248
0.0002633060886
0.0002631201814
0.0002626950042
0.0002620633877
0.0002613028449
0.0002603637403
0.0002589932959
0.0002572786989
0.0002556147898
0.000253400241
0.0002437976062
0.000174070625
3.542025285e-05
0
3.363471465e-86
3.310891641e-86
3.258263065e-86
3.205677958e-86
3.15266117e-86
3.09864673e-86
3.047219289e-86
2.997661588e-86
2.94982485e-86
2.888471881e-86
2.84665764e-86
2.79662521e-86
2.747748293e-86
2.695796137e-86
2.637138637e-86
2.599130483e-86
2.542985273e-86
2.486552792e-86
2.4458683e-86
2.397707114e-86
2.348621059e-86
2.30340662e-86
2.261722408e-86
2.205543834e-86
2.166950732e-86
0.0002407100982
0.0002406954593
0.0002411440996
0.0002414970699
0.0002417659651
0.0002419413019
0.0002420211988
0.0002419953943
0.0002418550627
0.0002415886124
0.000241180004
0.0002406064893
0.0002398488949
0.0002388571865
0.0002375980002
0.0002360167454
0.0002340554461
0.0002316435064
0.0002287264911
0.000225228603
0.0002211193465
0.0002163679975
0.0002109756867
0.0002049762295
0.0001984395096
0.0001914709135
0.0001842068345
0.0001768067496
0.0001694431303
0.0001622908822
0.0001555180105
0.0001492788164
0.0001437103158
0.0001389319765
0.000135048446
0.0001321235438
0.0001303458547
0.0001297222117
0.0001301094223
0.0001317891629
0.0001348088441
0.0001392329963
0.0001450977417
0.0001524009357
0.0001610865634
0.0001710232855
0.0001819842656
0.0001936361222
0.000205546988
0.0002172206513
0.0002281543422
0.0002379050175
0.0002462436877
0.0002519141108
0.0002560054502
0.0002590353715
0.0002610387023
0.0002622258673
0.0002628053203
0.0002629530146
0.0002628017485
0.0002624425837
0.0002618076395
0.0002611630702
0.0002602668098
0.0002590307262
0.0002574910904
0.0002560745868
0.0002538717811
0.0002447057926
0.0001804399592
4.671293783e-05
3.529685568e-24
3.371629788e-86
3.318564065e-86
3.265654194e-86
3.21386057e-86
3.154153548e-86
3.107125366e-86
3.049971885e-86
3.003324869e-86
2.951803592e-86
2.898880148e-86
2.850222836e-86
2.802494987e-86
2.751695655e-86
2.702487397e-86
2.648772605e-86
2.59501867e-86
2.548497489e-86
2.497526446e-86
2.451309576e-86
2.403036503e-86
2.354388789e-86
2.31018765e-86
2.267039054e-86
2.207830859e-86
2.169395854e-86
0.0002406638028
0.0002406458847
0.0002410873158
0.0002414393809
0.0002417093339
0.0002418858031
0.0002419633362
0.0002419416135
0.0002418033204
0.0002415390893
0.0002411334833
0.000240565296
0.0002398085545
0.0002388341432
0.0002375877362
0.0002360249744
0.0002340852876
0.0002317032783
0.0002288100813
0.0002253630108
0.0002212983776
0.0002165921989
0.00021124404
0.0002052853565
0.0001987832796
0.0001918405215
0.0001845912038
0.0001771931507
0.0001698178964
0.0001626400986
0.0001558280708
0.0001495367433
0.000143903695
0.0001390481166
0.0001350715912
0.000132058475
0.0001301622008
0.0001294425852
0.0001297088541
0.0001312502981
0.0001341241476
0.0001383941467
0.0001440997588
0.00015124325
0.0001597754672
0.0001695745179
0.0001804250864
0.0001920058404
0.0002038949933
0.0002156016326
0.0002266218119
0.0002365059593
0.0002450068293
0.0002510074375
0.0002552046633
0.0002583758316
0.0002604837972
0.0002617526089
0.000262393958
0.0002625891737
0.0002624748337
0.0002621333529
0.000261601803
0.0002609535549
0.0002602206684
0.0002590811388
0.0002576786278
0.0002563711931
0.0002544155069
0.000243882989
0.0001903331831
5.915511844e-05
0
3.378291383e-86
3.324796476e-86
3.271312963e-86
3.218053856e-86
3.163919001e-86
3.110310725e-86
3.057938828e-86
3.009175911e-86
2.956243377e-86
2.90569805e-86
2.85633947e-86
2.807377804e-86
2.759888674e-86
2.706707626e-86
2.655409947e-86
2.603654207e-86
2.55437455e-86
2.501621762e-86
2.456265697e-86
2.408800508e-86
2.362401134e-86
2.314590381e-86
2.2711023e-86
2.219366878e-86
2.17602579e-86
0.0002406140672
0.000240589709
0.0002410362038
0.0002413852125
0.0002416546844
0.0002418326813
0.0002419090073
0.0002418840275
0.0002417459459
0.0002414840181
0.0002410830364
0.000240523496
0.0002397734769
0.0002388030583
0.000237573652
0.0002360296942
0.000234112739
0.0002317632848
0.0002289089282
0.0002254954902
0.0002214725332
0.0002168104455
0.0002115061587
0.0002055883268
0.0001991212493
0.0001922049506
0.000184971257
0.0001775763024
0.0001701906468
0.0001629886844
0.0001561390715
0.0001497975503
0.0001441028805
0.0001391757347
0.0001351193754
0.0001320058585
0.0001299898834
0.0001291700135
0.0001293266153
0.0001307273219
0.0001334574778
0.0001375750919
0.0001431229215
0.0001501073826
0.0001584858333
0.0001681455278
0.0001788825116
0.0001903875895
0.0002022494592
0.0002139831805
0.0002250843282
0.0002350970967
0.0002437540198
0.0002500835205
0.0002543893456
0.0002577074117
0.0002599195264
0.0002612698528
0.0002619730747
0.0002622153467
0.0002621421603
0.0002618531384
0.000261394913
0.0002608259479
0.0002601349206
0.0002591426896
0.0002578085738
0.0002565102269
0.0002544433095
0.0002438374893
0.0001976906504
7.292571784e-05
1.195030217e-12
3.38487457e-86
3.331174495e-86
3.277470018e-86
3.22383757e-86
3.170356629e-86
3.120119572e-86
3.063864868e-86
3.015506833e-86
2.964142241e-86
2.912259421e-86
2.860959039e-86
2.810727703e-86
2.76595451e-86
2.711427753e-86
2.663313918e-86
2.611263129e-86
2.561804421e-86
2.504802502e-86
2.461761697e-86
2.417093526e-86
2.362530847e-86
2.3195507e-86
2.274218561e-86
2.227602107e-86
2.179582752e-86
0.0002405622483
0.0002405398894
0.0002409829482
0.0002413309482
0.0002415967315
0.0002417720406
0.0002418483778
0.000241822022
0.0002416843278
0.000241424331
0.0002410278788
0.0002404757504
0.0002397362668
0.0002387754525
0.0002375565452
0.0002360305484
0.0002341377824
0.0002318184386
0.0002289943337
0.0002256196424
0.0002216391297
0.0002170214759
0.0002117613503
0.0002058848493
0.0001994534857
0.0001925645613
0.0001853475555
0.0001779568664
0.0001705620408
0.0001633371567
0.0001564511074
0.0001500601778
0.0001443036309
0.0001393021637
0.0001351577013
0.0001319601493
0.0001298268545
0.0001289063775
0.0001289575996
0.0001302198132
0.0001328085121
0.0001367756868
0.0001421672671
0.0001489936059
0.0001572182376
0.0001667372625
0.0001773579014
0.0001887831342
0.0002006124997
0.0002123677081
0.0002235446827
0.0002336818383
0.000242488769
0.0002491411199
0.0002535491057
0.0002570380102
0.0002593449166
0.0002607799354
0.0002615513094
0.0002618499564
0.0002618299817
0.000261594414
0.0002612209138
0.0002606458781
0.0002600460611
0.0002591262736
0.0002579072718
0.0002565081524
0.0002544066626
0.0002444318066
0.0002062974068
8.733816528e-05
8.73960415e-11
3.39112875e-86
3.337579209e-86
3.284171652e-86
3.230457095e-86
3.176819041e-86
3.124397444e-86
3.075191521e-86
3.018354607e-86
2.969495511e-86
2.917453079e-86
2.86804078e-86
2.818471221e-86
2.769050257e-86
2.717998978e-86
2.665280541e-86
2.618362332e-86
2.565513889e-86
2.512331929e-86
2.467781978e-86
2.420019194e-86
2.37251374e-86
2.321897556e-86
2.280101238e-86
2.228302648e-86
2.183638222e-86
0.00024050849
0.0002404848174
0.0002409252718
0.0002412713757
0.0002415340861
0.000241707156
0.000241782178
0.0002417566486
0.0002416199006
0.0002413618552
0.0002409684179
0.0002404199644
0.0002396905066
0.0002387453075
0.0002375371161
0.0002360280604
0.0002341581581
0.0002318621625
0.0002290756892
0.000225738947
0.0002218001812
0.0002172264897
0.0002120104277
0.0002061755095
0.0001997804137
0.0001929196858
0.0001857204151
0.000178335204
0.0001709325216
0.0001636860899
0.0001567650593
0.0001503264338
0.0001445105634
0.0001394396508
0.0001352181869
0.0001319278793
0.0001296784144
0.0001286533774
0.0001286034673
0.000129729122
0.0001321782039
0.0001359964934
0.0001412331578
0.000147902267
0.0001559731881
0.0001653505331
0.0001758524527
0.0001871940621
0.0001989860069
0.0002107572265
0.000222004721
0.0002322615388
0.0002412123708
0.0002481794547
0.0002526756004
0.0002563773454
0.0002587600387
0.0002602830189
0.0002611268516
0.0002614852991
0.0002615092367
0.0002612684527
0.0002609978016
0.0002605019137
0.0002599338772
0.000259089193
0.0002579645566
0.0002564936454
0.0002543824605
0.0002451983445
0.0002138757159
0.000104279283
1.874271785e-08
3.397783109e-86
3.344356337e-86
3.290792346e-86
3.237102351e-86
3.184387126e-86
3.129546251e-86
3.08108529e-86
3.02795698e-86
2.972934246e-86
2.926865731e-86
2.877684113e-86
2.816839941e-86
2.774704462e-86
2.720301975e-86
2.671778343e-86
2.621405985e-86
2.573557205e-86
2.521143815e-86
2.472384747e-86
2.425210839e-86
2.38087259e-86
2.321033327e-86
2.282503545e-86
2.234809854e-86
2.189690726e-86
0.0002404520138
0.0002404261363
0.0002408632829
0.0002412069851
0.0002414689143
0.0002416410633
0.0002417152896
0.0002416898481
0.0002415537757
0.0002412974789
0.0002409070834
0.0002403634516
0.0002396411699
0.0002387064726
0.0002375176592
0.0002360223146
0.0002341743847
0.0002319036442
0.0002291514723
0.0002258521482
0.0002219548781
0.0002174251161
0.000212253231
0.000206460173
0.0002001018414
0.0001932700676
0.0001860895534
0.0001787110555
0.0001713018778
0.0001640352833
0.0001570805765
0.0001505953293
0.000144720615
0.0001395793267
0.0001352770356
0.0001319028814
0.0001295427907
0.0001284071499
0.000128262559
0.0001292541684
0.0001315655383
0.0001352367087
0.0001403199625
0.0001468329451
0.0001547505547
0.0001639855899
0.0001743668523
0.0001856214851
0.0001973714064
0.000209153228
0.0002204655446
0.0002308361697
0.0002399239543
0.0002471982872
0.0002517917288
0.0002557062434
0.0002581669358
0.0002597804613
0.0002606995552
0.0002611248243
0.0002612118364
0.000261073624
0.0002608218387
0.0002603528457
0.0002598231787
0.0002590172342
0.0002579728593
0.0002564510693
0.0002542630579
0.0002465114557
0.0002216828497
0.0001241486956
2.306220247e-07
3.404176495e-86
3.350723799e-86
3.297359854e-86
3.243761262e-86
3.190514141e-86
3.138453225e-86
3.083930386e-86
3.034152507e-86
2.982337569e-86
2.929447221e-86
2.878754376e-86
2.826813229e-86
2.778632295e-86
2.726173224e-86
2.678332767e-86
2.624561737e-86
2.577504058e-86
2.528044171e-86
2.479940773e-86
2.43034103e-86
2.380778271e-86
2.330646976e-86
2.286691121e-86
2.240217179e-86
2.193566562e-86
0.000240392776
0.0002403630922
0.0002407994086
0.0002411417036
0.0002414024012
0.0002415736327
0.0002416472211
0.0002416217552
0.0002414863418
0.0002412317086
0.0002408443087
0.0002403054633
0.000239590125
0.0002386654083
0.0002374912725
0.0002360135638
0.0002341867511
0.0002319438168
0.0002292227608
0.0002259600439
0.0002221034763
0.0002176170509
0.000212488976
0.0002067377879
0.0002004166748
0.000193614725
0.0001864541589
0.0001790837705
0.0001716695929
0.0001643843579
0.0001573974895
0.0001508671183
0.0001449350429
0.0001397249325
0.0001353437678
0.0001318866653
0.0001294208008
0.0001281722055
0.0001279365703
0.0001287953291
0.0001309709611
0.0001344965294
0.0001394276917
0.0001457855733
0.0001535503355
0.0001626426303
0.0001729015913
0.000184066219
0.000195769788
0.0002075569375
0.0002189283072
0.0002294066474
0.0002386246257
0.0002461991892
0.0002508927611
0.000255031652
0.0002575684309
0.0002592754936
0.0002602701558
0.000260750481
0.0002608498451
0.0002608385466
0.0002606309232
0.0002602079206
0.0002597024756
0.0002589352091
0.0002579351627
0.0002563958467
0.000254246692
0.0002479804917
0.0002285826499
0.0001370469269
1.879003548e-06
3.410607545e-86
3.357041437e-86
3.30422696e-86
3.251571035e-86
3.198196923e-86
3.144601999e-86
3.088572336e-86
3.041068604e-86
2.98906727e-86
2.935624176e-86
2.88687202e-86
2.828239162e-86
2.783877879e-86
2.731248531e-86
2.681921219e-86
2.631941142e-86
2.582825269e-86
2.533376733e-86
2.483122854e-86
2.436303624e-86
2.385420874e-86
2.338993296e-86
2.294483305e-86
2.249609411e-86
2.197856546e-86
0.0002403316277
0.0002402991119
0.000240734336
0.0002410753715
0.0002413347674
0.0002415049406
0.0002415778029
0.0002415522047
0.0002414173746
0.000241164307
0.0002407797633
0.000240245476
0.0002395368592
0.0002386218171
0.0002374602938
0.0002360036227
0.0002341951813
0.0002319788331
0.0002292886892
0.0002260619389
0.0002222454258
0.000217801735
0.0002127171284
0.0002070078628
0.0002007244763
0.0001939532729
0.0001868138711
0.0001794529766
0.0001720352552
0.0001647328475
0.0001577152817
0.0001511413002
0.0001451535929
0.0001398768375
0.0001354190544
0.0001318770968
0.0001293102987
0.000127947613
0.0001276234663
0.0001283516404
0.0001303931242
0.0001337748408
0.0001385554085
0.0001447593731
0.0001523719461
0.00016132131
0.0001714566054
0.0001825284911
0.0001941816451
0.0002059690675
0.0002173939892
0.0002279749261
0.0002373243857
0.0002451899645
0.0002500133326
0.0002543118507
0.0002569601419
0.0002587716651
0.0002598515063
0.0002604092277
0.0002606255756
0.0002606035112
0.0002604298938
0.0002600601366
0.0002595702615
0.0002588440302
0.0002578665654
0.000256355727
0.0002543251257
0.0002492999409
0.0002335310549
0.0001464062777
6.263295443e-06
3.417061754e-86
3.363649808e-86
3.310272073e-86
3.257182022e-86
3.203981679e-86
3.150958648e-86
3.098209544e-86
3.043233216e-86
2.99508087e-86
2.940688952e-86
2.890613612e-86
2.84008824e-86
2.786495148e-86
2.73758122e-86
2.686090929e-86
2.63794518e-86
2.588346301e-86
2.537162548e-86
2.489411267e-86
2.441090963e-86
2.39407616e-86
2.34492281e-86
2.296649255e-86
2.250614081e-86
2.203388676e-86
0.000240268761
0.0002402340433
0.0002406679704
0.0002410077111
0.0002412657699
0.0002414347628
0.0002415068098
0.0002414809417
0.0002413465527
0.0002410949184
0.000240713095
0.0002401832069
0.0002394811565
0.0002385755127
0.0002374267692
0.0002359877267
0.0002341996067
0.0002320095303
0.0002293500332
0.0002261587768
0.0002223817804
0.0002179803768
0.0002129390554
0.000207271794
0.0002010264486
0.0001942865493
0.0001871691281
0.0001798187708
0.0001723987111
0.0001650804336
0.000158033529
0.0001514173569
0.000145375573
0.000140033977
0.0001355015972
0.0001318748811
0.00012921276
0.0001277340982
0.0001273238532
0.0001279233884
0.0001298322297
0.0001330715675
0.0001377028213
0.0001437539563
0.0001512149631
0.0001600212265
0.0001700315719
0.0001810081066
0.0001926069238
0.0002043896824
0.0002158626995
0.0002265406923
0.0002360213527
0.0002441296108
0.0002492789306
0.0002534611802
0.0002563448397
0.0002582701661
0.0002594401544
0.0002600714159
0.0002603246661
0.000260367886
0.000260205325
0.0002598833983
0.0002594330452
0.0002587548971
0.0002578075015
0.0002563683868
0.0002545259491
0.0002507654956
0.0002381138625
0.0001579386124
1.222650177e-05
3.4233408e-86
3.369573837e-86
3.316824708e-86
3.263889728e-86
3.210621502e-86
3.15549556e-86
3.10336055e-86
3.052647761e-86
2.999553974e-86
2.946972763e-86
2.900422505e-86
2.842175414e-86
2.79060874e-86
2.743261784e-86
2.692215312e-86
2.646564169e-86
2.590578981e-86
2.543365375e-86
2.49216232e-86
2.445657291e-86
2.398250685e-86
2.34999347e-86
2.302875848e-86
2.25277144e-86
2.207747444e-86
0.0002402041411
0.0002401674691
0.0002406000028
0.0002409383568
0.0002411950194
0.0002413627275
0.0002414339058
0.0002414076888
0.000241273648
0.0002410233633
0.0002406441912
0.0002401186314
0.0002394230486
0.0002385265711
0.00023739027
0.0002359672209
0.0002342008149
0.0002320361502
0.0002294069043
0.0002262507346
0.0002225130035
0.0002181538835
0.0002131560186
0.0002075310192
0.0002013240269
0.000194615813
0.000187520886
0.0001801817737
0.0001727602921
0.0001654272361
0.0001583522045
0.0001516951182
0.0001456005292
0.0001401951533
0.0001355883392
0.0001318753538
0.000129123333
0.0001275291801
0.0001270300544
0.0001275147896
0.0001292865563
0.0001323852546
0.0001368686599
0.000142768167
0.0001500782907
0.0001587413434
0.0001686255323
0.000179504211
0.0001910448948
0.0002028181944
0.0002143340341
0.0002251038321
0.0002347138453
0.000242993862
0.0002484869233
0.0002526938991
0.0002557326808
0.0002577690585
0.0002590250986
0.0002597161045
0.0002600081519
0.0002600922
0.0002599877421
0.0002597173767
0.0002592735617
0.0002586154122
0.0002577977883
0.0002564306128
0.0002547907363
0.0002516752899
0.0002406291449
0.0001633049838
1.842559384e-05
3.430277886e-86
3.376594226e-86
3.323087254e-86
3.270502882e-86
3.217177888e-86
3.162084505e-86
3.108495753e-86
3.058446679e-86
3.002173061e-86
2.951757002e-86
2.90545196e-86
2.849066326e-86
2.797932507e-86
2.750517589e-86
2.698297475e-86
2.649564566e-86
2.59923375e-86
2.549802638e-86
2.495654874e-86
2.450183696e-86
2.400281075e-86
2.351560813e-86
2.305933732e-86
2.256430283e-86
2.210024247e-86
0.0002401376998
0.0002400991312
0.0002405301714
0.000240867013
0.0002411222039
0.0002412885602
0.0002413588439
0.0002413322681
0.0002411985656
0.0002409496257
0.000240573101
0.0002400518511
0.000239362679
0.0002384752315
0.0002373511199
0.0002359412511
0.0002341990027
0.000232059099
0.0002294601735
0.0002263387625
0.0002226400528
0.0002183230071
0.0002133684423
0.0002077856864
0.0002016172285
0.0001949410777
0.0001878691831
0.0001805419967
0.0001731199205
0.000165773069
0.0001586710365
0.0001519742548
0.0001458280696
0.0001403600388
0.0001356803731
0.0001318855825
0.0001290425552
0.0001273337325
0.0001267430994
0.0001271233024
0.0001287554174
0.0001317152647
0.0001360522556
0.0001418012024
0.0001489610161
0.0001574806416
0.0001672373889
0.0001780156706
0.0001894944369
0.0002012535368
0.0002128070015
0.0002236633379
0.0002333993463
0.000241821483
0.0002476644415
0.0002519451726
0.0002551255548
0.000257270438
0.0002586152763
0.0002593790816
0.0002597340606
0.0002598400925
0.0002597578353
0.0002595090837
0.0002591025452
0.0002585176889
0.0002577562326
0.0002565804817
0.0002552427453
0.000253088073
0.0002431876219
0.0001698527994
2.445373884e-05
3.438102363e-86
3.382689034e-86
3.329136686e-86
3.275654695e-86
3.222146062e-86
3.168862925e-86
3.116993434e-86
3.063535408e-86
3.011484756e-86
2.957779483e-86
2.908407323e-86
2.85508332e-86
2.807561822e-86
2.755421205e-86
2.703546991e-86
2.65279254e-86
2.603310281e-86
2.550771583e-86
2.501582321e-86
2.453775839e-86
2.404976293e-86
2.353119979e-86
2.308750807e-86
2.260678756e-86
2.213415296e-86
0.0002400694118
0.0002400289235
0.0002404583817
0.0002407936027
0.0002410472587
0.000241212222
0.0002412816011
0.0002412546895
0.0002411213519
0.0002408737835
0.0002404999131
0.0002399829413
0.0002393000868
0.0002384214851
0.0002373093349
0.0002359170941
0.0002341942477
0.0002320820844
0.0002295093088
0.0002264222469
0.0002227622516
0.000218486992
0.0002135754669
0.000208034835
0.0002019050341
0.0001952613416
0.000188213111
0.0001808986554
0.0001734769271
0.000166117353
0.0001589895376
0.0001522544587
0.0001460583256
0.000140529616
0.0001357791181
0.0001319016215
0.0001289694262
0.000127148178
0.0001264664457
0.0001267447409
0.0001282376094
0.0001310604706
0.0001352523862
0.000140851807
0.000147861806
0.0001562376993
0.0001658656368
0.0001765409273
0.0001879539848
0.0001996941986
0.0002112802376
0.0002222181217
0.0002320751558
0.0002406294559
0.0002468180404
0.0002511880688
0.0002545235315
0.0002567690591
0.0002582015241
0.0002590348323
0.0002594697322
0.0002595720779
0.0002595441418
0.0002592999021
0.0002589157342
0.0002583975555
0.0002577190031
0.000256692234
0.0002556494241
0.0002537014458
0.0002445425235
0.0001739839249
3.213241643e-05
7.931481122e-53
3.388568148e-86
3.335349705e-86
3.28264697e-86
3.231208666e-86
3.182480251e-86
3.113184307e-86
3.068277129e-86
3.017749043e-86
2.964745875e-86
2.912561988e-86
2.860039357e-86
2.812723994e-86
2.760654633e-86
2.708259237e-86
2.657129343e-86
2.604899238e-86
2.557060144e-86
2.507732811e-86
2.458025415e-86
2.407329768e-86
2.358948926e-86
2.313340812e-86
2.261852172e-86
2.21783235e-86
0.0002399993622
0.0002399569248
0.0002403847605
0.0002407183107
0.0002409704028
0.0002411339579
0.000241202425
0.0002411751954
0.0002410422284
0.000240796027
0.0002404247737
0.0002399119948
0.0002392353116
0.000238365343
0.0002372625148
0.0002358897026
0.0002341857521
0.0002320946879
0.0002295541778
0.0002265008027
0.000222878975
0.0002186449808
0.0002137761011
0.0002082773686
0.0002021862321
0.0001955752965
0.0001885513392
0.0001812505015
0.0001738302176
0.0001664591392
0.0001593067766
0.0001525345302
0.0001462893045
0.0001407002396
0.0001358784515
0.0001319191459
0.0001289010852
0.000126970167
0.0001261976684
0.0001263769775
0.0001277320841
0.0001304196774
0.0001344679794
0.0001399188272
0.0001467794108
0.0001550111387
0.0001645087704
0.0001750783707
0.0001864218698
0.0001981385405
0.0002097523063
0.0002207673806
0.0002307419513
0.0002394255779
0.0002459505154
0.0002504135004
0.0002539248478
0.0002562633069
0.0002577824352
0.0002586803549
0.0002591713294
0.0002593333842
0.0002592714751
0.0002590680357
0.000258746673
0.0002582854833
0.0002577251911
0.0002568658108
0.0002559474413
0.0002544381879
0.0002460650275
0.0001788066453
3.953329205e-05
3.570621973e-29
3.395210873e-86
3.341967733e-86
3.288600155e-86
3.23482181e-86
3.180848467e-86
3.128616574e-86
3.07501085e-86
3.023159888e-86
2.974898071e-86
2.911209009e-86
2.867578596e-86
2.816349559e-86
2.762369226e-86
2.713996941e-86
2.658754117e-86
2.611441136e-86
2.562417842e-86
2.51330439e-86
2.463678557e-86
2.410525323e-86
2.362163517e-86
2.316987536e-86
2.26872774e-86
2.222594799e-86
0.0002399277072
0.0002398833413
0.0002403095835
0.0002406414794
0.0002408920165
0.0002410541592
0.0002411216899
0.000241094129
0.0002409614735
0.000240716563
0.0002403478128
0.0002398390527
0.0002391682358
0.000238306312
0.0002372124989
0.0002358575496
0.0002341729045
0.0002321041828
0.0002295911619
0.0002265732429
0.0002229892723
0.0002187961395
0.00021396964
0.0002085127248
0.000202460326
0.0001958824045
0.000188883249
0.0001815968938
0.0001741792243
0.0001667980177
0.0001596226014
0.0001528147927
0.000146522359
0.0001408755772
0.0001359868026
0.0001319523521
0.0001288429582
0.0001268017733
0.000125937824
0.0001260209919
0.000127238267
0.0001297926911
0.0001336983989
0.0001390013991
0.0001457127461
0.000153799696
0.0001631653677
0.0001736264407
0.0001848964287
0.0001965848551
0.0002082215941
0.000219309957
0.0002293999932
0.0002382145832
0.0002450626205
0.0002496169078
0.0002533265472
0.0002557504169
0.000257350799
0.0002583165249
0.0002588427792
0.0002590357086
0.0002590119925
0.0002588408541
0.000258536313
0.0002581867004
0.0002577319167
0.0002569942663
0.0002562136324
0.0002548350997
0.0002456695106
0.0001869675861
5.255513924e-05
2.652605475e-19
3.402533781e-86
3.34871511e-86
3.29516032e-86
3.240408024e-86
3.186542677e-86
3.131256031e-86
3.080146576e-86
3.027981536e-86
2.976063182e-86
2.924646868e-86
2.872356448e-86
2.821308543e-86
2.767806085e-86
2.712748531e-86
2.665680308e-86
2.616227135e-86
2.566550413e-86
2.519803546e-86
2.465594101e-86
2.41524682e-86
2.371773654e-86
2.319230885e-86
2.274872468e-86
2.227897072e-86
0.0002398546255
0.000239808395
0.0002402331234
0.0002405634277
0.0002408124456
0.0002409731765
0.0002410397313
0.0002410117904
0.0002408793324
0.0002406355709
0.0002402691464
0.0002397641889
0.0002390988645
0.000238240044
0.0002371661382
0.0002358170003
0.0002341559366
0.0002321116038
0.0002296351389
0.0002266420596
0.0002230942563
0.0002189410585
0.0002141563531
0.00020874093
0.0002027272092
0.0001961825408
0.0001892087478
0.0001819377405
0.0001745237944
0.0001671337254
0.0001599365809
0.0001530944935
0.0001467559352
0.0001410519446
0.0001360951772
0.0001319813013
0.0001287897759
0.0001266392171
0.0001256833499
0.00012567451
0.0001267551681
0.0001291780383
0.0001329424354
0.0001380983784
0.0001446607205
0.0001526022629
0.0001618342561
0.0001721838733
0.0001833762984
0.0001950316948
0.0002066866011
0.0002178443614
0.0002280479125
0.0002369961983
0.0002441512033
0.0002488080087
0.0002527152695
0.0002552240827
0.0002569119634
0.0002579433193
0.0002585148853
0.0002587376134
0.0002587542178
0.0002586394215
0.0002584125069
0.0002581333198
0.0002577512678
0.0002571208462
0.0002564137038
0.000255029878
0.0002457586613
0.0001951085125
6.492562145e-05
0
3.408323897e-86
3.354561967e-86
3.300688415e-86
3.246147118e-86
3.190824766e-86
3.138903318e-86
3.086366603e-86
3.033584197e-86
2.982225748e-86
2.927742799e-86
2.875264248e-86
2.825498092e-86
2.772452216e-86
2.717348514e-86
2.671909289e-86
2.620349102e-86
2.571697905e-86
2.522062882e-86
2.47149864e-86
2.424213107e-86
2.377074472e-86
2.32294194e-86
2.27982505e-86
2.232980389e-86
0.0002397802406
0.0002397322214
0.0002401555306
0.0002404843165
0.0002407318551
0.0002408911733
0.0002409567005
0.0002409283315
0.0002407959379
0.0002405531718
0.000240188854
0.0002396873206
0.0002390275926
0.0002381750714
0.0002371162736
0.0002357858995
0.0002341329658
0.0002321138396
0.0002296575535
0.0002267039822
0.0002231932016
0.0002190798805
0.0002143367415
0.0002089626624
0.0002029877063
0.0001964766776
0.0001895288968
0.000182274076
0.0001748648285
0.0001674669791
0.0001602492795
0.0001533741615
0.0001469908167
0.0001412312883
0.000136209565
0.0001320229592
0.0001287464158
0.0001264868313
0.000125435018
0.0001253388664
0.0001262841096
0.0001285763001
0.0001322003701
0.0001372098802
0.0001436232729
0.0001514186106
0.0001605150326
0.0001707500931
0.0001818607352
0.00019347814
0.0002051461985
0.0002163691071
0.0002266832677
0.0002357651339
0.0002432100229
0.0002479947318
0.000252083997
0.0002546874288
0.0002564652006
0.0002575615213
0.0002581748212
0.0002584430274
0.0002584945416
0.0002584000229
0.0002582398965
0.0002580574678
0.0002577314744
0.0002572153891
0.0002565160161
0.0002550993929
0.0002460235313
0.0002036462569
7.779602825e-05
2.850941757e-11
3.414099276e-86
3.360454524e-86
3.307059245e-86
3.253446936e-86
3.197619919e-86
3.143254408e-86
3.091323079e-86
3.040255432e-86
2.989947633e-86
2.931135392e-86
2.87843117e-86
2.82972774e-86
2.77786797e-86
2.721920954e-86
2.674742764e-86
2.626148511e-86
2.57680836e-86
2.527422514e-86
2.4779314e-86
2.430182567e-86
2.382649663e-86
2.32809849e-86
2.285280484e-86
2.238951875e-86
0.0002397046001
0.0002396548112
0.0002400767779
0.0002404041261
0.0002406502469
0.0002408081827
0.0002408726657
0.0002408438473
0.0002407113809
0.0002404693949
0.0002401068018
0.0002396087107
0.0002389420601
0.0002381144499
0.0002370592117
0.0002357372828
0.0002341125231
0.0002321134227
0.0002296879766
0.0002267637319
0.0002232881874
0.0002192142151
0.0002145123361
0.000209179436
0.000203243286
0.0001967661793
0.0001898449113
0.0001826069412
0.0001752031742
0.0001677984176
0.0001605610804
0.0001536537953
0.0001472262959
0.0001414113092
0.0001363235218
0.0001320611839
0.0001287073529
0.0001263424758
0.000125187885
0.0001250053365
0.0001258303194
0.0001279864166
0.0001314714445
0.0001363353746
0.00014260004
0.0001502484673
0.0001592074676
0.0001693248761
0.0001803494807
0.0001919238433
0.0002035998724
0.0002148833945
0.0002253045894
0.0002345174276
0.0002422355383
0.0002471773887
0.0002514331977
0.0002541418033
0.0002560115542
0.0002571702661
0.000257828971
0.0002581402456
0.0002582414668
0.0002581914465
0.000258121018
0.0002579744369
0.0002576947853
0.0002572375049
0.0002565199265
0.0002550806746
0.0002466287136
0.0002102912603
9.336606623e-05
1.810193962e-09
3.419595283e-86
3.365659052e-86
3.312159716e-86
3.258401514e-86
3.20526553e-86
3.149100449e-86
3.098521718e-86
3.047342754e-86
2.989137252e-86
2.940527307e-86
2.888392107e-86
2.825069762e-86
2.782363556e-86
2.730962229e-86
2.680997113e-86
2.632799716e-86
2.583037034e-86
2.531176841e-86
2.485994556e-86
2.43449118e-86
2.391159471e-86
2.331521209e-86
2.289597894e-86
2.241776497e-86
0.0002396277157
0.0002395762711
0.0002399969833
0.0002403229345
0.0002405676351
0.0002407241268
0.0002407874832
0.0002407579888
0.0002406253774
0.0002403839044
0.0002400234539
0.0002395162927
0.0002388718503
0.0002380490021
0.0002370025655
0.000235698613
0.0002340848286
0.0002321086089
0.0002297053414
0.0002268133137
0.0002233773243
0.0002193433624
0.0002146830558
0.0002093915729
0.0002034944824
0.0001970515919
0.0001901572273
0.0001829366656
0.0001755391369
0.0001681284096
0.0001608725058
0.0001539342351
0.0001474639394
0.0001415952995
0.0001364443216
0.0001321106857
0.0001286761197
0.0001262105591
0.0001249475256
0.0001246750974
0.0001253963638
0.0001274091878
0.0001307564024
0.0001354754983
0.0001415915771
0.0001490923599
0.0001579121052
0.0001679087936
0.0001788431001
0.0001903692823
0.0002020479056
0.0002133872437
0.0002239117346
0.0002332534658
0.0002412265658
0.0002463669725
0.0002507502722
0.0002535853334
0.0002555488536
0.0002567798503
0.0002574893784
0.0002578491429
0.0002579785832
0.000258034102
0.0002579984583
0.0002578948191
0.0002576320355
0.0002571906236
0.0002564085236
0.0002549529237
0.0002473541173
0.0002179491039
0.0001113377993
5.061893278e-08
3.425629616e-86
3.371605862e-86
3.317671511e-86
3.263889554e-86
3.210460945e-86
3.157113533e-86
3.101249168e-86
3.054150778e-86
2.991158244e-86
2.943341476e-86
2.891583172e-86
2.839045017e-86
2.790098133e-86
2.741447282e-86
2.686060837e-86
2.629607342e-86
2.588276979e-86
2.539179896e-86
2.489337108e-86
2.440170454e-86
2.391792667e-86
2.341213214e-86
2.29396289e-86
2.245125313e-86
0.000239549482
0.0002394960974
0.0002399155369
0.0002402401759
0.0002404835744
0.0002406387941
0.0002407012514
0.0002406710497
0.0002405381696
0.0002402979254
0.0002399249042
0.0002394359255
0.0002388014595
0.0002379780592
0.0002369378922
0.0002356509316
0.0002340578139
0.0002321002402
0.0002297268593
0.0002268758776
0.0002234633911
0.0002194673939
0.0002148479171
0.000209597697
0.0002037398183
0.00019733152
0.0001904646186
0.0001832622053
0.0001758718351
0.0001684562188
0.0001611829614
0.0001542150215
0.0001477032872
0.0001417821202
0.0001365680574
0.0001321611245
0.0001286480799
0.0001260866503
0.000124714598
0.0001243536276
0.0001249748013
0.0001268440355
0.0001300551224
0.0001346302278
0.0001405980043
0.0001479506297
0.00015662956
0.0001665027307
0.000177342676
0.0001888155997
0.0002004913183
0.0002118814041
0.0002225052704
0.0002319754973
0.0002401683932
0.0002456203708
0.0002499885979
0.0002530146781
0.0002550760523
0.0002563942621
0.0002571555605
0.0002575689515
0.0002577710649
0.0002578480773
0.0002578391259
0.0002577802126
0.0002575339209
0.0002570913091
0.0002562486839
0.0002548104407
0.0002481573585
0.0002249858103
0.0001274382682
4.20391065e-07
3.431071747e-86
3.376933835e-86
3.32313296e-86
3.269758799e-86
3.216251863e-86
3.162849429e-86
3.107186499e-86
3.054579607e-86
3.000490291e-86
2.948057653e-86
2.898384777e-86
2.846076217e-86
2.792904251e-86
2.742637073e-86
2.693190353e-86
2.643933754e-86
2.589227963e-86
2.544250581e-86
2.497203561e-86
2.442992179e-86
2.393069206e-86
2.346727492e-86
2.298375908e-86
2.250030654e-86
0.000239470053
0.0002394155077
0.0002398339362
0.0002401572289
0.0002403992027
0.0002405527854
0.0002406139957
0.0002405834689
0.0002404437539
0.0002401917896
0.0002398389727
0.0002393593477
0.0002387230086
0.000237906097
0.000236880593
0.0002356014734
0.0002340235721
0.0002320880672
0.0002297377252
0.0002269084591
0.0002235411811
0.0002195842302
0.0002150057678
0.000209796898
0.0002039784898
0.0001976052675
0.000190766542
0.0001835831827
0.0001762010285
0.0001687817034
0.0001614923885
0.0001544962085
0.0001479446021
0.0001419725622
0.0001366970676
0.0001322184741
0.0001286253719
0.0001259756689
0.0001244927518
0.0001240438128
0.0001245676554
0.0001262926498
0.0001293686262
0.0001338004746
0.0001396201788
0.0001468242435
0.0001553610501
0.0001651082015
0.0001758499675
0.00018726466
0.0001989318722
0.0002103673012
0.000221086216
0.0002306857604
0.0002390332694
0.0002448701755
0.0002492315313
0.0002524341493
0.0002546101601
0.0002560028162
0.0002568259833
0.0002572752119
0.0002574959126
0.0002576499432
0.0002576967195
0.0002576445914
0.0002574240288
0.0002569723246
0.0002561040218
0.0002547214489
0.0002489920671
0.0002305368082
0.0001400450112
2.666150041e-06
3.436093197e-86
3.382197842e-86
3.328555841e-86
3.275215459e-86
3.221700923e-86
3.167458256e-86
3.112491345e-86
3.05854602e-86
3.006489573e-86
2.955070981e-86
2.903903517e-86
2.851864069e-86
2.799604713e-86
2.748607494e-86
2.698008658e-86
2.652052981e-86
2.590570683e-86
2.547813945e-86
2.499037916e-86
2.449894323e-86
2.400781343e-86
2.352427959e-86
2.302699505e-86
2.252761625e-86
0.0002393886613
0.0002393321608
0.0002397494759
0.0002400723559
0.0002403120432
0.000240462409
0.0002405175234
0.0002404769326
0.0002403422966
0.0002401062809
0.0002397595477
0.0002392778288
0.000238641387
0.0002378298366
0.0002368023341
0.0002355466025
0.0002339853886
0.0002320715067
0.0002297462387
0.0002269516807
0.0002236142173
0.0002196953704
0.0002151574434
0.0002099897584
0.0002042109375
0.0001978731762
0.0001910632731
0.0001838998299
0.0001765268963
0.0001691049537
0.0001618007253
0.0001547774568
0.0001481870732
0.0001421651473
0.0001368291204
0.0001322798852
0.0001286078492
0.000125871944
0.0001242790692
0.0001237435449
0.0001241746358
0.0001257534861
0.0001286969491
0.0001329864858
0.0001386585873
0.0001457140386
0.0001541078353
0.0001637269024
0.0001743670438
0.0001857187629
0.0001973718741
0.0002088469633
0.0002196559619
0.0002293834044
0.0002378574371
0.0002440558176
0.0002484941976
0.0002518627595
0.0002541402156
0.0002556039609
0.0002565019016
0.000257023762
0.0002573187693
0.000257478465
0.0002575494308
0.0002575047213
0.000257281706
0.0002568283555
0.000255980285
0.0002547179904
0.0002500735429
0.0002351116345
0.0001489687705
7.004219988e-06
3.441182239e-86
3.387254228e-86
3.334051711e-86
3.280881376e-86
3.227080462e-86
3.16855606e-86
3.117851635e-86
3.065802621e-86
3.014818509e-86
2.959436913e-86
2.909368386e-86
2.857342808e-86
2.806520403e-86
2.750876786e-86
2.701661112e-86
2.652811646e-86
2.600492244e-86
2.552500649e-86
2.503503042e-86
2.454584345e-86
2.405922946e-86
2.356672952e-86
2.306603167e-86
2.252306549e-86
0.0002393051426
0.0002392382641
0.0002396530598
0.0002399695252
0.0002402065502
0.0002403562779
0.0002404157696
0.0002403855973
0.0002402561444
0.000240024831
0.0002396730758
0.0002391894746
0.0002385580799
0.0002377490972
0.0002367476616
0.0002354913168
0.0002339373696
0.0002320516577
0.0002297500656
0.0002269820713
0.0002236825643
0.0002198009942
0.0002153033462
0.0002101767933
0.0002044377644
0.0001981359036
0.0001913554571
0.0001842127311
0.0001768499496
0.0001694264043
0.0001621083064
0.0001550589859
0.000148430912
0.0001423605387
0.0001369663968
0.0001323501739
0.0001285998844
0.0001257778075
0.0001240758575
0.000123454082
0.0001237968106
0.0001252284337
0.0001280412515
0.0001321893032
0.0001377143546
0.0001446213469
0.0001528715617
0.0001623608396
0.000172896255
0.0001841805063
0.0001958139918
0.0002073228931
0.0002182166112
0.0002280675509
0.0002366610151
0.0002432082524
0.0002477254273
0.0002513079293
0.0002536522496
0.0002552057521
0.000256175167
0.0002567601209
0.0002571179005
0.0002573028621
0.0002573758905
0.000257351708
0.0002571235754
0.0002566954502
0.0002559063638
0.0002548065211
0.0002512736724
0.000238896288
0.0001580123125
1.306369271e-05
3.445906943e-86
3.390749266e-86
3.33808312e-86
3.284836433e-86
3.231687623e-86
3.17488423e-86
3.125150639e-86
3.070859696e-86
3.02372752e-86
2.961961632e-86
2.916371992e-86
2.864702381e-86
2.806784745e-86
2.759160381e-86
2.70955458e-86
2.654846364e-86
2.605640447e-86
2.55587837e-86
2.512380509e-86
2.457243467e-86
2.407290706e-86
2.359915894e-86
2.310145077e-86
2.260273663e-86
0.0002392177389
0.0002391486129
0.0002395623555
0.000239881594
0.0002401191124
0.0002402683024
0.0002403281536
0.0002403002444
0.0002401715603
0.0002399343124
0.0002395805505
0.0002390993101
0.000238473068
0.0002376769978
0.0002366707687
0.000235430142
0.0002339017571
0.0002320284059
0.000229749439
0.0002270064849
0.0002237416859
0.0002199004499
0.0002154433931
0.0002103580412
0.0002046589119
0.0001983932706
0.0001916428288
0.0001845215749
0.0001771698619
0.0001697457153
0.0001624147476
0.000155340305
0.0001486753594
0.0001425571745
0.0001371051557
0.000132421672
0.0001285955744
0.0001256899525
0.0001238803147
0.0001231727753
0.0001234321521
0.0001247180463
0.0001274008879
0.0001314090104
0.0001367880586
0.0001435472011
0.0001516536872
0.0001610118834
0.0001714398589
0.0001826524658
0.0001942609787
0.0002057978377
0.0002167707974
0.0002267408772
0.0002354525383
0.0002423336615
0.0002469383955
0.0002507375493
0.0002531586223
0.0002548033084
0.0002558463825
0.0002564476525
0.0002568555556
0.0002570955726
0.0002572203499
0.0002571748887
0.0002569511067
0.0002565738875
0.0002558641905
0.0002549206242
0.0002522001105
0.0002415473033
0.0001644241812
1.880127374e-05
3.453016617e-86
3.397877033e-86
3.342814154e-86
3.290072736e-86
3.237185391e-86
3.178023629e-86
3.127051973e-86
3.076910195e-86
3.025431602e-86
2.972139104e-86
2.920340794e-86
2.867822675e-86
2.816838562e-86
2.762497067e-86
2.711226474e-86
2.66110934e-86
2.610786209e-86
2.562252533e-86
2.513800967e-86
2.464219152e-86
2.414303869e-86
2.367383315e-86
2.314301315e-86
2.266314011e-86
0.0002391286465
0.0002390628764
0.0002394750851
0.0002397947246
0.000240033392
0.0002401835625
0.000240243026
0.0002402103392
0.0002400755484
0.0002398368598
0.0002394847853
0.0002390062129
0.0002383686794
0.000237575366
0.0002365983986
0.000235367588
0.0002338483292
0.0002319983906
0.0002297458743
0.0002270371437
0.0002238155882
0.0002199974865
0.0002155794212
0.0002105346275
0.0002048752491
0.0001986459883
0.0001919259715
0.0001848267821
0.0001774868595
0.0001700629537
0.0001627200648
0.0001556215506
0.0001489209231
0.0001427563628
0.0001372483398
0.0001325000868
0.0001285994469
0.0001256112845
0.0001236946403
0.0001229010947
0.0001230661874
0.0001242376475
0.0001267764984
0.0001306462527
0.0001358805619
0.0001424926574
0.000150455487
0.0001596815728
0.0001699997002
0.0001811367874
0.0001927152044
0.0002042742565
0.0002153209834
0.0002254061375
0.0002342383709
0.0002414331362
0.0002461461792
0.0002501430392
0.000252653803
0.0002543967651
0.0002555193116
0.0002562187477
0.0002566323547
0.0002569093395
0.0002570241806
0.0002569905332
0.0002568150237
0.0002564705418
0.0002558660663
0.000255085176
0.0002529419977
0.0002434292298
0.0001704089136
2.472078737e-05
3.467868896e-86
3.405610794e-86
3.350483388e-86
3.296391067e-86
3.245290883e-86
3.17330091e-86
3.133264271e-86
3.083302301e-86
3.029496047e-86
2.978341823e-86
2.925283943e-86
2.8732569e-86
2.820917644e-86
2.763890021e-86
2.7193319e-86
2.673185734e-86
2.610681341e-86
2.566038142e-86
2.517719332e-86
2.466008071e-86
2.420143289e-86
2.372296254e-86
2.320322526e-86
2.273166823e-86
0.0002390412331
0.0002389828733
0.0002393948651
0.0002397124966
0.0002399491141
0.0002400961345
0.0002401504175
0.0002401138196
0.0002399780546
0.0002397389805
0.0002393874111
0.0002388984064
0.0002382946272
0.0002375072548
0.0002365224182
0.0002353014243
0.0002338035246
0.0002319652483
0.0002297376837
0.000227055415
0.0002238600556
0.0002200897726
0.0002157104095
0.0002107064961
0.0002050870408
0.0001988943207
0.0001922050102
0.0001851283688
0.0001778009026
0.000170378054
0.0001630242108
0.0001559027515
0.0001491676963
0.0001429580019
0.000137394879
0.0001325818112
0.0001286070987
0.0001255401099
0.0001235181301
0.0001226392562
0.0001227079152
0.0001237768538
0.0001261666564
0.0001299006008
0.0001349917988
0.0001414579245
0.0001492774649
0.0001583707373
0.0001685769657
0.0001796350173
0.0001911785227
0.0002027542107
0.0002138693294
0.0002240654502
0.0002330213294
0.000240498763
0.0002453712929
0.000249512305
0.0002521426298
0.0002539880588
0.000255191015
0.0002559449187
0.0002563885562
0.0002566833155
0.0002568172446
0.0002568010147
0.0002566714088
0.0002563944084
0.0002559100559
0.0002553335424
0.0002538640081
0.0002460820717
0.0001761317209
3.133103851e-05
5.132619591e-47
3.412422784e-86
3.356922027e-86
3.30213738e-86
3.24667455e-86
3.182022419e-86
3.136714249e-86
3.085693723e-86
3.034860891e-86
2.983932049e-86
2.928046472e-86
2.877041791e-86
2.823691023e-86
2.776330236e-86
2.729604472e-86
2.670225074e-86
2.614603761e-86
2.572971254e-86
2.520381875e-86
2.472273482e-86
2.425204551e-86
2.375739584e-86
2.325286773e-86
2.278832553e-86
0.0002389531907
0.0002388922993
0.0002393037765
0.0002396189807
0.0002398530553
0.0002399983705
0.0002400527381
0.0002400163584
0.000239879752
0.0002396391477
0.0002392838277
0.0002388154377
0.0002381809769
0.0002374158517
0.0002364384214
0.0002352296158
0.0002337390324
0.0002319276497
0.0002297228441
0.0002270686072
0.0002239030706
0.0002201668122
0.0002158337334
0.0002108718041
0.0002052928244
0.0001991370767
0.0001924789427
0.0001854254766
0.0001781113308
0.0001706906384
0.0001633271385
0.0001561842116
0.0001494163742
0.0001431633301
0.000137547033
0.0001326716712
0.0001286256994
0.0001254775467
0.0001233496029
0.0001223855026
0.0001223596558
0.0001233306653
0.0001255707234
0.0001291716615
0.0001341214133
0.000140442781
0.0001481195385
0.0001570794743
0.0001671719897
0.0001781477689
0.0001896518266
0.0002012388261
0.0002124171303
0.0002227200925
0.0002318004807
0.0002395169373
0.0002446324062
0.0002488386713
0.0002516309093
0.000253569839
0.0002548645369
0.0002556886548
0.000256161147
0.0002564588611
0.0002565931035
0.0002565997046
0.0002564738651
0.0002563020781
0.0002559571219
0.0002555329312
0.0002544346388
0.0002469267764
0.0001816844148
4.085168051e-05
4.229667475e-38
3.419008014e-86
3.363604702e-86
3.307516503e-86
3.25160065e-86
3.194949722e-86
3.142384823e-86
3.083101135e-86
3.03588931e-86
2.984849062e-86
2.933080344e-86
2.881809277e-86
2.829702026e-86
2.781446776e-86
2.731891301e-86
2.678869721e-86
2.621089749e-86
2.576177971e-86
2.527678729e-86
2.474953746e-86
2.430753583e-86
2.378959974e-86
2.330304721e-86
2.283366759e-86
0.0002388630522
0.0002388010486
0.0002392095416
0.0002395245578
0.0002397572831
0.0002399014242
0.0002399540931
0.0002399083291
0.0002397726091
0.0002395239429
0.0002391686284
0.0002386949943
0.0002380998691
0.0002373233441
0.0002363553484
0.0002351580643
0.0002336908439
0.0002318882086
0.0002297048083
0.000227078618
0.0002239503723
0.0002202697384
0.0002159548996
0.0002110316735
0.0002054922514
0.0001993735247
0.0001927470068
0.0001857173852
0.0001784174347
0.0001709999767
0.0001636280636
0.0001564649764
0.0001496655634
0.0001433700643
0.0001377009963
0.000132763195
0.0001286464232
0.0001254224941
0.0001231910547
0.0001221396658
0.0001220209526
0.0001228988796
0.000124987864
0.0001284583336
0.0001332686368
0.0001394464986
0.0001469810251
0.0001558071977
0.0001657843657
0.0001766748943
0.0001881352754
0.0001997285894
0.0002109652459
0.0002213715601
0.0002305776572
0.0002384818569
0.0002439344349
0.0002481302928
0.0002511253267
0.0002531583844
0.000254532979
0.0002553783823
0.0002559292897
0.0002562364384
0.0002563886508
0.0002564394746
0.0002563930283
0.0002562678493
0.0002560032286
0.0002556448296
0.0002546556952
0.000246383262
0.0001870851237
4.994069652e-05
2.361510476e-19
3.425998933e-86
3.371934929e-86
3.317423844e-86
3.262329692e-86
3.205532593e-86
3.146030287e-86
3.083099592e-86
3.040063598e-86
2.987171458e-86
2.933548557e-86
2.886666746e-86
2.834895828e-86
2.786684641e-86
2.736012589e-86
2.683056681e-86
2.624829491e-86
2.580402333e-86
2.531894777e-86
2.483649688e-86
2.430993021e-86
2.385455827e-86
2.335739275e-86
2.285466531e-86
0.0002387676792
0.000238683192
0.0002391109733
0.0002394096888
0.0002396527489
0.0002397934675
0.0002398450391
0.0002398104934
0.0002396666229
0.0002394314508
0.0002390854401
0.0002386143769
0.0002380027542
0.0002372267959
0.0002362668398
0.0002350803127
0.0002336252059
0.0002318447846
0.0002296832383
0.0002270819636
0.0002239809322
0.0002203223338
0.0002160640858
0.0002111831612
0.0002056844513
0.0001996033767
0.0001930091828
0.000186004285
0.0001787195443
0.0001713064102
0.0001639272056
0.0001567450998
0.0001499153747
0.0001435791142
0.0001378598764
0.0001328632269
0.000128678024
0.0001253753548
0.0001230419867
0.0001218997312
0.0001216905259
0.0001224810579
0.0001244164837
0.0001277597066
0.000132432228
0.0001384677502
0.00014586056
0.0001545525795
0.000164412866
0.0001752153217
0.0001866279932
0.0001982228261
0.0002095131686
0.0002200196228
0.0002293547445
0.0002374005266
0.0002432139536
0.0002474410277
0.0002506134127
0.0002527662816
0.0002541831151
0.0002550859966
0.0002556549274
0.0002559911789
0.0002561761072
0.0002562474173
0.0002562613234
0.0002562143915
0.000256025821
0.000255692489
0.0002546843959
0.0002461829765
0.0001946483344
6.167271311e-05
0
3.432279578e-86
3.378511676e-86
3.325177622e-86
3.27061644e-86
3.213016497e-86
3.154136963e-86
3.088037628e-86
3.048406395e-86
2.980487412e-86
2.935700511e-86
2.890709641e-86
2.840582912e-86
2.791307551e-86
2.737417316e-86
2.683624157e-86
2.635055837e-86
2.582384934e-86
2.537847526e-86
2.485988422e-86
2.435259173e-86
2.389158866e-86
2.339805454e-86
2.290329561e-86
0.0002386730943
0.0002386054684
0.0002389941164
0.0002393252263
0.0002395319383
0.0002396698211
0.0002397213987
0.0002396947582
0.0002395463555
0.0002393046093
0.0002389588129
0.0002385066089
0.0002378963104
0.0002371289391
0.0002361757077
0.0002349973645
0.000233544603
0.0002317931566
0.0002296546992
0.0002270812316
0.0002240111527
0.0002203841578
0.0002161707461
0.0002113294038
0.0002058708137
0.0001998272939
0.0001932656635
0.0001862859896
0.000179017158
0.0001716092067
0.000164223653
0.0001570234738
0.0001501642282
0.0001437875296
0.0001380174964
0.0001329603467
0.0001287065021
0.0001253336103
0.0001229029401
0.0001216624697
0.000121367127
0.0001220781312
0.0001238554882
0.0001270748451
0.0001316113036
0.0001375053999
0.0001447568621
0.0001533142537
0.0001630561001
0.0001737677099
0.0001851287772
0.0001967205595
0.0002080602038
0.0002186637946
0.0002281301307
0.0002363055511
0.000242446806
0.0002467735579
0.0002501058626
0.0002523596992
0.0002538454065
0.0002548033345
0.0002554117996
0.0002557637729
0.0002559733396
0.0002560790227
0.0002561425738
0.0002561514778
0.0002560167595
0.0002556758814
0.0002546215451
0.0002462612226
0.0002014929215
7.405937981e-05
9.660872319e-12
3.437502376e-86
3.383401366e-86
3.329544939e-86
3.27443148e-86
3.218318959e-86
3.16124514e-86
3.10367593e-86
3.045073023e-86
2.993037344e-86
2.943879296e-86
2.894945791e-86
2.849498768e-86
2.783711425e-86
2.735189152e-86
2.68606636e-86
2.639430953e-86
2.589446919e-86
2.540319097e-86
2.49034032e-86
2.441007043e-86
2.393343425e-86
2.34458587e-86
2.295288415e-86
0.0002385723639
0.0002384942889
0.0002389082636
0.0002392069703
0.0002394487414
0.0002395896233
0.0002396393305
0.0002395795104
0.0002394587607
0.0002392197025
0.0002388701634
0.0002383962544
0.000237790917
0.0002370285741
0.0002360818201
0.000234908581
0.0002334872703
0.0002317402603
0.0002296234299
0.000227076133
0.0002240345062
0.0002204441857
0.0002162631013
0.0002114670054
0.0002060493453
0.0002000439499
0.0001935155864
0.0001865620751
0.0001793102656
0.00017190869
0.0001645180806
0.0001573012844
0.0001504142718
0.0001439994827
0.0001381821242
0.0001330691282
0.0001287501506
0.0001252993029
0.0001227765676
0.0001214314036
0.0001210508512
0.0001216770853
0.0001233175361
0.0001264026513
0.0001308044114
0.0001365579632
0.00014366832
0.0001520904604
0.0001617121743
0.0001723300793
0.000183635615
0.0001952197662
0.0002066042561
0.00021730164
0.0002268978196
0.0002352021559
0.0002416493985
0.0002460865954
0.0002496065729
0.0002519251729
0.0002534920203
0.0002545171218
0.0002551567092
0.0002555323265
0.0002557582433
0.0002559323234
0.000256044112
0.0002560786073
0.0002559770466
0.0002556088731
0.000254516101
0.0002466824044
0.0002088463762
8.799149947e-05
4.073818462e-10
3.442435655e-86
3.388096053e-86
3.333483579e-86
3.278763327e-86
3.223890922e-86
3.170210328e-86
3.12046167e-86
3.059712178e-86
3.002287467e-86
2.942514469e-86
2.89388299e-86
2.847537154e-86
2.791521894e-86
2.732440796e-86
2.68853252e-86
2.644355079e-86
2.594264403e-86
2.5451327e-86
2.495981055e-86
2.444524488e-86
2.397836233e-86
2.349192277e-86
2.301711486e-86
0.000238466146
0.0002383811481
0.0002387803413
0.0002391011066
0.0002393265816
0.0002394802412
0.0002395316331
0.0002394838355
0.0002393418532
0.0002391043955
0.0002387568343
0.0002382831675
0.0002376813802
0.0002369240907
0.0002359837706
0.000234824558
0.0002334037424
0.0002316808826
0.0002295887302
0.0002270670829
0.0002240597405
0.0002205190398
0.0002163834382
0.0002116030194
0.0002062223611
0.0002002537142
0.0001937582015
0.0001868309346
0.0001795966632
0.0001722023484
0.0001648077121
0.000157575229
0.0001506610459
0.0001442080865
0.0001383419751
0.0001331701867
0.0001287841837
0.0001252647101
0.000122657012
0.0001212064978
0.0001207413925
0.0001212711948
0.0001228061717
0.0001257413886
0.0001300105097
0.0001356245017
0.0001425938611
0.0001508799269
0.0001603796294
0.0001709008515
0.0001821469039
0.000193718928
0.0002051440129
0.0002159322033
0.0002256572489
0.0002340922225
0.0002408279158
0.0002453937732
0.0002490947682
0.0002514973123
0.0002531331602
0.0002542407369
0.0002549068892
0.0002553201704
0.0002555930913
0.000255788098
0.0002559346311
0.0002559936176
0.000255885015
0.0002554712126
0.0002543555304
0.0002472263169
0.0002152787418
0.000103402366
2.162462614e-08
3.447692023e-86
3.393126404e-86
3.338809199e-86
3.284110876e-86
3.229540374e-86
3.177426411e-86
3.120689474e-86
3.071733059e-86
3.023311548e-86
2.9576371e-86
2.881953382e-86
2.849381624e-86
2.790557248e-86
2.739334504e-86
2.694772634e-86
2.645913232e-86
2.599088771e-86
2.550278281e-86
2.502267295e-86
2.449565419e-86
2.398184312e-86
2.352289537e-86
2.304585223e-86
0.0002383636715
0.0002382922325
0.0002386963545
0.000239005121
0.0002392321182
0.0002393596231
0.0002393963306
0.0002393688017
0.0002392247253
0.000238983856
0.0002386363109
0.0002381680189
0.0002375693265
0.0002368162809
0.0002358822957
0.0002347266007
0.0002333360361
0.0002316196372
0.0002295489285
0.0002270512329
0.0002240713745
0.0002205571708
0.0002164470312
0.0002117258289
0.0002063868817
0.000200456747
0.0001939951569
0.0001870951836
0.0001798796253
0.0001724939035
0.0001650967953
0.0001578504745
0.0001509113663
0.0001444230595
0.0001385119404
0.0001332858317
0.0001288352691
0.0001252352375
0.0001225467512
0.0001209899892
0.0001204404184
0.0001208742512
0.0001223085093
0.0001250904661
0.0001292292711
0.0001347044893
0.0001415326698
0.0001496815758
0.0001590571543
0.0001694784992
0.0001806608875
0.0001922159942
0.0002036769772
0.0002145522682
0.0002244040461
0.000232969468
0.0002399755901
0.0002446894104
0.0002485560734
0.000251048301
0.0002527629142
0.0002539332253
0.0002546346905
0.0002550893796
0.0002553832316
0.000255640118
0.0002558012326
0.0002558695882
0.000255739987
0.0002553006788
0.0002541840331
0.0002478142182
0.0002218501731
0.0001207096644
1.974530339e-07
3.453177408e-86
3.398618754e-86
3.344111052e-86
3.290017799e-86
3.237150115e-86
3.179810334e-86
3.124211677e-86
3.073210893e-86
3.019312758e-86
2.962087511e-86
2.902421028e-86
2.857393454e-86
2.799323564e-86
2.753130737e-86
2.702861804e-86
2.651511228e-86
2.593178352e-86
2.557040861e-86
2.495201183e-86
2.452646653e-86
2.404413731e-86
2.355163879e-86
2.3104277e-86
0.0002382587577
0.0002381825678
0.0002385898187
0.0002388939577
0.0002391186495
0.0002392481441
0.0002392922812
0.0002392486117
0.0002391076432
0.0002388657618
0.0002385166051
0.0002380502585
0.0002374538858
0.0002367049084
0.0002357742576
0.0002346412135
0.0002332537646
0.0002315530014
0.0002295028507
0.0002270275711
0.0002240784441
0.0002205964742
0.0002165209577
0.0002118463882
0.0002065466537
0.0002006544123
0.0001942267325
0.0001873544179
0.0001801581243
0.0001727815573
0.0001653823622
0.000158122213
0.0001511576263
0.0001446326412
0.0001386743619
0.0001333915932
0.0001288763857
0.0001252102144
0.0001224397567
0.0001207787289
0.0001201458157
0.0001204854151
0.0001218237744
0.0001244487496
0.0001284595615
0.0001337969524
0.0001404837799
0.0001484945188
0.000157743948
0.0001680622843
0.0001791768658
0.0001907103018
0.0002022025722
0.0002131615129
0.0002231386393
0.0002318371928
0.0002390957082
0.0002439897545
0.0002479973571
0.0002505921634
0.0002524217298
0.0002536213005
0.000254378022
0.0002548766778
0.0002552300542
0.0002554796295
0.0002556566631
0.0002557275998
0.0002555597951
0.0002551044503
0.0002540224012
0.0002486479582
0.0002279822188
0.0001336527517
1.192575201e-06
3.45856897e-86
3.403734257e-86
3.349250502e-86
3.294408711e-86
3.240103679e-86
3.185523283e-86
3.131591263e-86
3.076142422e-86
3.022576692e-86
2.966801409e-86
2.912384969e-86
2.863176951e-86
2.811143382e-86
2.755685402e-86
2.703877633e-86
2.653818549e-86
2.60288082e-86
2.553669317e-86
2.504662903e-86
2.457651794e-86
2.40612855e-86
2.355654876e-86
2.311767848e-86
0.0002381505767
0.0002380693775
0.0002384734018
0.0002387790482
0.0002390019803
0.000239131712
0.0002391757586
0.0002391285996
0.0002389869942
0.0002387440798
0.0002383944252
0.0002379291108
0.0002373343158
0.0002365880814
0.0002356533279
0.000234524853
0.0002331402113
0.0002314783067
0.0002294478914
0.0002269987537
0.0002240800296
0.0002206238949
0.0002165943674
0.000211956187
0.0002066983928
0.0002008452631
0.0001944523601
0.0001876082015
0.0001804313947
0.0001730641164
0.0001656632031
0.0001583901987
0.0001514019958
0.0001448433823
0.0001388422508
0.0001335078472
0.0001289316488
0.0001251902824
0.0001223409906
0.0001205759397
0.0001198597628
0.0001201059079
0.000121354105
0.000123816118
0.0001277018412
0.0001329018137
0.0001394468497
0.0001473184
0.0001564396991
0.000166651868
0.0001776943253
0.000189200951
0.0002007192062
0.0002117572231
0.0002218566391
0.0002306892696
0.0002381647788
0.0002433163282
0.0002473699817
0.0002501166771
0.000252050224
0.0002532889187
0.0002541082303
0.0002546539136
0.0002550234822
0.0002552970631
0.0002555077972
0.0002555443309
0.000255361995
0.0002548763781
0.0002538665768
0.0002494237624
0.0002326619505
0.0001434334376
4.467363773e-06
3.464020121e-86
3.409334183e-86
3.354862296e-86
3.300398394e-86
3.24603034e-86
3.189736841e-86
3.136660993e-86
3.080802187e-86
3.024694835e-86
2.975209971e-86
2.917993858e-86
2.869896386e-86
2.818534229e-86
2.765792228e-86
2.707870779e-86
2.660535441e-86
2.603756389e-86
2.556026776e-86
2.502073964e-86
2.459446973e-86
2.407576029e-86
2.360489315e-86
2.314501638e-86
0.0002380389856
0.0002379532671
0.0002383555166
0.0002386604642
0.000238882377
0.0002390125879
0.0002390554609
0.0002390064592
0.0002388627316
0.0002386185435
0.0002382686353
0.0002378044773
0.0002372119351
0.0002364674492
0.0002355552356
0.0002344400675
0.0002330665845
0.0002314033793
0.0002293911858
0.0002269678844
0.0002240778046
0.0002206658873
0.0002166850513
0.0002120895431
0.0002068483852
0.0002010314205
0.000194672562
0.0001878569969
0.0001807008521
0.0001733446938
0.0001659443556
0.0001586609113
0.0001516511793
0.0001450600127
0.00013901531
0.0001336261106
0.0001289845265
0.0001251721017
0.0001222458194
0.0001203792667
0.0001195808601
0.000119734337
0.0001208992698
0.0001231936013
0.0001269559858
0.0001320189152
0.0001384218611
0.0001461535263
0.0001551450479
0.0001652481547
0.00017621435
0.0001876891429
0.000199228203
0.0002103410262
0.0002205606746
0.0002295314923
0.0002371694277
0.0002426773836
0.0002467052331
0.0002496752947
0.0002516701646
0.0002529803205
0.000253857733
0.0002544304894
0.0002548413224
0.0002551434993
0.0002553326723
0.0002553244186
0.0002551510603
0.0002546658628
0.000253746922
0.0002500806537
0.000236236621
0.0001522369972
8.965143593e-06
3.469744455e-86
3.41499354e-86
3.360365115e-86
3.305730459e-86
3.249996965e-86
3.195308615e-86
3.141580218e-86
3.083844504e-86
3.032883162e-86
2.978060519e-86
2.926377308e-86
2.873626415e-86
2.823371104e-86
2.771508365e-86
2.720105559e-86
2.667246595e-86
2.615389901e-86
2.555612814e-86
2.500184396e-86
2.458351084e-86
2.409595909e-86
2.364579969e-86
2.319462074e-86
0.0002379242045
0.0002378343102
0.0002382361009
0.0002385392277
0.0002387580435
0.0002388867321
0.0002389304233
0.0002388771609
0.0002387348475
0.0002384897772
0.0002381400456
0.0002376748776
0.0002370815151
0.0002363348785
0.0002354233751
0.0002343103867
0.0002329720682
0.0002313206435
0.0002293286872
0.0002269329047
0.0002240679798
0.0002206848071
0.0002167306959
0.0002121646765
0.0002069852878
0.0002012071348
0.0001948835645
0.0001880972657
0.0001809623798
0.0001736177207
0.0001662178953
0.0001589233775
0.0001518909348
0.000145265784
0.0001391766
0.0001337340542
0.0001290332803
0.000125158724
0.0001221571942
0.0001201905153
0.0001193104001
0.0001193707569
0.0001204609358
0.0001225818367
0.0001262225667
0.0001311488627
0.0001374095875
0.0001450008494
0.0001538610963
0.000163852314
0.0001747380336
0.0001861756581
0.0001977296689
0.0002089118584
0.0002192480206
0.0002283621988
0.000236126968
0.000241966084
0.0002460542874
0.0002492240827
0.0002512669245
0.0002526551856
0.0002535831088
0.0002542035795
0.000254663888
0.0002549704665
0.00025512853
0.0002551161523
0.0002549212377
0.0002544635701
0.0002536763187
0.000250759691
0.0002390870149
0.000159866467
1.479374976e-05
3.475154447e-86
3.4202171e-86
3.365517754e-86
3.310505234e-86
3.255204024e-86
3.200092853e-86
3.145609095e-86
3.090692689e-86
3.040750359e-86
2.982139088e-86
2.932690976e-86
2.880258442e-86
2.828274525e-86
2.77450747e-86
2.726498963e-86
2.674160837e-86
2.615837605e-86
2.565319467e-86
2.50579588e-86
2.455539083e-86
2.411776785e-86
2.366987037e-86
2.32285711e-86
0.000237806348
0.000237713952
0.0002381084713
0.0002384113127
0.0002386098468
0.0002387372954
0.0002387946493
0.0002387258196
0.0002385999716
0.0002383538247
0.0002379993435
0.0002375341785
0.0002369423418
0.0002362026292
0.0002353250871
0.0002342185489
0.0002328700733
0.0002312352055
0.0002292614337
0.0002268880006
0.0002240529258
0.0002206989369
0.0002167806943
0.0002122471594
0.0002071129
0.0002013748722
0.0001950870126
0.0001883305797
0.0001812178837
0.00017388612
0.0001664887335
0.0001591856039
0.0001521334036
0.0001454777732
0.0001393484073
0.0001338570735
0.0001290986103
0.0001251520816
0.0001220752383
0.0001200092696
0.0001190476057
0.000119014741
0.0001200061734
0.0001220128983
0.0001255012179
0.0001302922098
0.0001364110887
0.0001438618325
0.0001525896793
0.000162466538
0.0001732679021
0.0001846633106
0.0001962266684
0.0002074730749
0.0002179224516
0.0002271818275
0.0002350767202
0.0002412241161
0.0002454095701
0.0002487597734
0.0002508818705
0.0002523463976
0.0002533337409
0.0002539760837
0.0002544315972
0.0002547362063
0.0002548857116
0.0002548763711
0.0002546720288
0.0002542596647
0.0002536060228
0.0002513323418
0.0002415747753
0.0001671663138
1.977369985e-05
3.480413629e-86
3.425306103e-86
3.370475581e-86
3.315664584e-86
3.260955126e-86
3.205304762e-86
3.149635316e-86
3.098517629e-86
3.045692927e-86
2.986932418e-86
2.939752226e-86
2.886156205e-86
2.835288529e-86
2.776304719e-86
2.728654891e-86
2.675782363e-86
2.622839258e-86
2.568582401e-86
2.51871862e-86
2.456952046e-86
2.416224508e-86
2.368874788e-86
2.320802728e-86
0.0002376835522
0.0002375816437
0.0002379619535
0.0002382819295
0.0002385008507
0.000238626604
0.0002386602867
0.0002386079778
0.000238458257
0.0002382079279
0.000237840609
0.0002373783901
0.0002367945326
0.0002360881194
0.0002351934899
0.0002340946365
0.0002327633998
0.000231143736
0.0002291879603
0.0002268346552
0.0002240310173
0.0002207078207
0.0002168259446
0.0002123534006
0.0002072651587
0.0002015381935
0.0001952838252
0.0001885559717
0.0001814651204
0.0001741460803
0.0001667508606
0.0001594386616
0.0001523662465
0.0001456800018
0.0001395105741
0.0001339706089
0.0001291552796
0.0001251457071
0.000121993371
0.0001198329808
0.0001187909043
0.0001186663841
0.0001195595614
0.0001214607615
0.0001247913501
0.00012944974
0.0001354276856
0.0001427380274
0.0001513325118
0.0001610926899
0.0001718059151
0.0001831539886
0.000194720686
0.0002060252464
0.0002165828671
0.0002259848836
0.0002340144875
0.0002404395616
0.0002447658175
0.0002482504348
0.0002504771216
0.0002520106374
0.0002530599991
0.0002537340882
0.000254193062
0.0002544976459
0.0002546444227
0.0002546342946
0.0002544318567
0.0002540862931
0.0002535457369
0.0002517933083
0.0002428844267
0.0001704797101
2.57902701e-05
0
3.430650381e-86
3.375806973e-86
3.32113456e-86
3.266857136e-86
3.213858879e-86
3.151274533e-86
3.101857892e-86
3.049188648e-86
2.996245092e-86
2.94285599e-86
2.890641785e-86
2.838296706e-86
2.784521368e-86
2.731380785e-86
2.683849801e-86
2.625666545e-86
2.579436438e-86
2.534207925e-86
2.454081286e-86
2.416331876e-86
2.36686041e-86
2.324216687e-86
0.0002375559217
0.0002374346309
0.0002378493421
0.0002381444038
0.0002383601139
0.0002384840641
0.0002385182706
0.0002384599515
0.0002382996361
0.0002380501612
0.0002377240324
0.0002372661265
0.0002366833104
0.0002359349502
0.0002350363552
0.0002339761461
0.00023265331
0.0002310474918
0.0002291100417
0.0002267768441
0.0002240003207
0.0002207093836
0.0002168610145
0.0002124149581
0.0002073541843
0.000201709045
0.0001954715148
0.000188773672
0.0001817059746
0.0001744012581
0.0001670103728
0.0001596920096
0.0001526029229
0.0001458897805
0.0001396835917
0.000134097111
0.0001292249872
0.000125146504
0.0001219244596
0.0001196651359
0.0001185417038
0.0001183264544
0.0001191233019
0.0001209244681
0.0001240922865
0.0001286221369
0.0001344604214
0.0001416307714
0.0001500912996
0.000159732928
0.0001703547409
0.0001816508657
0.0001932153514
0.0002045724281
0.0002152338912
0.0002247769773
0.000232947817
0.0002396190584
0.000244145094
0.0002477192787
0.0002500815653
0.000251689744
0.0002527966905
0.0002534994043
0.0002539649251
0.0002542581072
0.0002543925072
0.0002543725528
0.0002542426316
0.0002539571309
0.0002535427074
0.0002521764817
0.0002442460059
0.0001750176693
3.119593895e-05
2.053635766e-40
3.43558975e-86
3.380829526e-86
3.325820484e-86
3.270704085e-86
3.215840401e-86
3.160733943e-86
3.109113706e-86
3.056015349e-86
3.001106822e-86
2.947159845e-86
2.892435062e-86
2.846455166e-86
2.78564676e-86
2.737341912e-86
2.689164486e-86
2.633237574e-86
2.588199086e-86
2.526747554e-86
2.474699606e-86
2.41570939e-86
2.369909223e-86
2.328350486e-86
0.0002374309181
0.0002373293935
0.0002377073566
0.0002379970359
0.0002382348809
0.0002383580791
0.0002383697819
0.0002383343211
0.0002381857546
0.0002379362091
0.0002375660615
0.0002371030567
0.0002365187608
0.0002358211794
0.0002349307505
0.0002338479149
0.0002325351201
0.0002309439838
0.0002290205694
0.0002267139596
0.0002239616782
0.0002207032364
0.0002168894236
0.0002124845414
0.0002074510875
0.0002018274262
0.0001956486069
0.0001889841624
0.0001819402762
0.0001746502727
0.0001672639622
0.0001599393701
0.0001528330271
0.0001460917887
0.0001398472226
0.0001342130921
0.0001292857676
0.0001251478502
0.0001218585228
0.0001195023618
0.0001182960724
0.0001179925116
0.0001186953919
0.0001204033119
0.0001234036503
0.0001278095049
0.0001335096233
0.0001405406507
0.0001488668914
0.0001583883882
0.0001689158035
0.0001801555694
0.0001917122763
0.0002031158297
0.0002138757821
0.0002235568221
0.0002318718075
0.0002387531537
0.0002435361368
0.0002471589339
0.0002496685247
0.0002513597459
0.0002524989831
0.0002532237882
0.0002537099421
0.0002540025967
0.0002541549958
0.000254159006
0.0002540822677
0.0002538963321
0.0002536306653
0.0002526683085
0.0002454260767
0.0001800585916
4.048536228e-05
0
3.440945977e-86
3.385664543e-86
3.330460772e-86
3.276001299e-86
3.220056118e-86
3.165488439e-86
3.113458396e-86
3.05929158e-86
3.008240628e-86
2.953596923e-86
2.895282096e-86
2.847016825e-86
2.795080124e-86
2.743662634e-86
2.691373104e-86
2.639639507e-86
2.588158856e-86
2.534210068e-86
2.484063825e-86
2.423501797e-86
2.369380648e-86
2.328437515e-86
0.0002373004551
0.0002371799058
0.0002375960379
0.000237886726
0.0002380797606
0.0002381986192
0.000238248969
0.0002381695204
0.0002380166303
0.0002377667458
0.0002374496684
0.0002369897091
0.0002364016485
0.0002356603839
0.0002347929558
0.0002337167565
0.0002324128645
0.0002308342324
0.0002289187154
0.0002266456046
0.0002239158972
0.0002206901021
0.0002169094681
0.0002125317344
0.0002075736785
0.0002019967163
0.0001958465027
0.0001891908874
0.0001821701376
0.0001748955707
0.0001675152019
0.0001601860349
0.0001530643068
0.0001462971118
0.0001400165974
0.0001343372963
0.0001293561769
0.0001251547304
0.0001218023758
0.0001193503188
0.0001180540459
0.000117665405
0.0001182757102
0.0001198997697
0.0001227228243
0.0001270115124
0.0001325754539
0.0001394679436
0.0001476597623
0.000157059877
0.0001674903602
0.0001786698592
0.0001902136965
0.0002016580731
0.0002125114347
0.0002223276866
0.0002307915472
0.0002378485803
0.0002429336151
0.0002465900103
0.0002492516731
0.000251043
0.0002522126687
0.0002529813826
0.0002534635554
0.0002537456852
0.0002538740116
0.0002539316593
0.0002538687489
0.0002537935321
0.0002536503512
0.0002529629639
0.000245488235
0.0001869893579
4.919362226e-05
2.662962958e-18
3.445847761e-86
3.390502871e-86
3.335917841e-86
3.280894805e-86
3.226008025e-86
3.170535628e-86
3.118410356e-86
3.064748916e-86
3.012031382e-86
2.956805705e-86
2.903561454e-86
2.854408299e-86
2.79919253e-86
2.750491762e-86
2.697327249e-86
2.641800405e-86
2.58986482e-86
2.537968439e-86
2.487121828e-86
2.431627194e-86
2.379071897e-86
2.32867973e-86
0.0002371702181
0.0002370702005
0.0002374327151
0.0002377233069
0.0002379598829
0.0002380785568
0.000238080641
0.0002380492465
0.0002379021236
0.0002376507593
0.0002373009969
0.0002368406367
0.0002362361711
0.0002355324367
0.000234649726
0.0002335803402
0.0002322845302
0.0002307204806
0.0002288329836
0.0002265726201
0.0002238662104
0.0002206710546
0.0002169201645
0.0002125958092
0.000207648226
0.0002021025178
0.0001959883282
0.0001893873127
0.0001823905043
0.0001751325462
0.0001677585976
0.000160424958
0.000153287678
0.0001464942272
0.0001401775791
0.0001344533207
0.0001294191383
0.0001251592353
0.0001217349313
0.0001191928188
0.0001178123064
0.0001173432673
0.0001178614368
0.0001194122983
0.0001220503734
0.0001262273484
0.0001316569416
0.0001384116509
0.0001464691003
0.0001557468663
0.0001660782158
0.0001771938753
0.0001887200343
0.0002001997079
0.0002111411728
0.0002210890206
0.0002297057292
0.0002369112719
0.0002422819999
0.0002460383262
0.0002488300025
0.00025069087
0.0002519042056
0.0002527094503
0.0002531907077
0.0002534791438
0.0002536258954
0.0002537355973
0.0002537529672
0.0002537046597
0.000253592249
0.0002529158392
0.0002452724277
0.0001939663045
5.959615099e-05
0
3.450751046e-86
3.395390903e-86
3.340080938e-86
3.285165322e-86
3.230571531e-86
3.176266146e-86
3.123161246e-86
3.069552969e-86
3.01599424e-86
2.961478887e-86
2.911878974e-86
2.855432582e-86
2.804496787e-86
2.75411676e-86
2.700807734e-86
2.647249906e-86
2.599185275e-86
2.549130888e-86
2.483048799e-86
2.437821034e-86
2.38592897e-86
2.334316626e-86
0.0002370347672
0.000236933075
0.0002373181049
0.0002376059499
0.0002377923669
0.0002379090301
0.0002379552822
0.0002378879367
0.0002377510085
0.000237494963
0.0002370953605
0.0002366329593
0.0002360909199
0.0002353766972
0.0002344989735
0.0002334356728
0.0002321500762
0.0002305990514
0.0002287327149
0.0002264878854
0.0002238114559
0.0002206445419
0.0002169307837
0.0002126344894
0.0002077363188
0.0002022371752
0.0001961712089
0.0001895666699
0.0001826037494
0.0001753626119
0.0001679959892
0.0001606591869
0.0001535082199
0.0001466908949
0.0001403409067
0.000134574693
0.0001294962812
0.000125169561
0.0001216835987
0.0001190625411
0.0001175759684
0.0001170275608
0.0001174535735
0.0001189193945
0.0001214075047
0.0001254557376
0.0001307529246
0.0001373708321
0.0001452941759
0.0001544488417
0.0001646790781
0.0001757275534
0.0001872314341
0.000198741021
0.0002097652815
0.000219840716
0.0002286118669
0.0002359589011
0.0002415888449
0.0002454692564
0.0002484020728
0.0002503174423
0.0002515807884
0.0002524367192
0.0002529307442
0.0002532414422
0.0002534238017
0.0002535234279
0.0002535764703
0.0002535776281
0.0002534447256
0.00025267071
0.0002450322901
0.0001988752389
7.057742885e-05
2.209703569e-12
3.455870809e-86
3.400112333e-86
3.345129494e-86
3.290625471e-86
3.236990461e-86
3.18243479e-86
3.126476925e-86
3.074578152e-86
3.015520414e-86
2.967782087e-86
2.913878409e-86
2.862570017e-86
2.808555509e-86
2.755617034e-86
2.70533141e-86
2.653224964e-86
2.604186222e-86
2.548355022e-86
2.500929559e-86
2.439293119e-86
2.389739951e-86
2.33250843e-86
0.0002368865879
0.0002367447951
0.0002371686399
0.0002374594686
0.0002376638336
0.0002377781193
0.0002378017695
0.0002377278056
0.0002375430618
0.0002372849329
0.0002369611115
0.0002365024317
0.000235933111
0.000235214036
0.0002343412007
0.0002332841352
0.0002320070083
0.0002304665653
0.000228604285
0.0002263936743
0.0002237487524
0.0002206054462
0.0002169217086
0.0002126602623
0.0002077856909
0.0002023231797
0.0001962891706
0.0001897956881
0.0001828105794
0.0001755845673
0.000168224103
0.0001608847575
0.0001537208484
0.000146880334
0.00014049747
0.0001346889681
0.0001295500832
0.0001251754448
0.0001216258491
0.0001189410423
0.0001173467682
0.0001167163073
0.0001170510768
0.0001184158748
0.0001207961837
0.0001246936346
0.0001298622036
0.0001363444334
0.0001441338178
0.0001531645639
0.0001632917734
0.0001742699475
0.0001857473584
0.0001972820516
0.0002083844462
0.0002185838936
0.0002275081193
0.0002349982286
0.0002408658633
0.0002448848054
0.0002479585604
0.0002499489139
0.0002512786529
0.0002521512425
0.0002526445622
0.0002529399981
0.0002531264844
0.0002532760436
0.0002534004038
0.0002534093832
0.0002532189851
0.0002523681451
0.0002450169519
0.0002059347871
8.204952116e-05
1.260267515e-10
3.460667991e-86
3.404952877e-86
3.349444173e-86
3.294673219e-86
3.240600734e-86
3.187920899e-86
3.130895184e-86
3.081738866e-86
3.017275926e-86
2.972919669e-86
2.922242812e-86
2.862476337e-86
2.811877466e-86
2.759024037e-86
2.709715096e-86
2.65856828e-86
2.607211999e-86
2.558772535e-86
2.50848193e-86
2.450417671e-86
2.387752143e-86
2.332811602e-86
0.0002367418862
0.0002366220251
0.0002370108432
0.0002373020278
0.0002375092563
0.0002376205419
0.0002376397174
0.0002375684218
0.0002374074195
0.0002371494444
0.0002368059985
0.0002363471313
0.0002357553026
0.0002350437074
0.0002341755155
0.0002331243184
0.0002318558109
0.0002303253708
0.0002284945857
0.0002262927174
0.0002236690255
0.0002205531169
0.0002169040577
0.000212680233
0.0002078603347
0.0002024318867
0.0001964186154
0.00018992127
0.0001830057241
0.0001757873787
0.000168443945
0.0001611038158
0.0001539286961
0.0001470668573
0.0001406534035
0.000134806684
0.0001296327471
0.0001251867541
0.0001215643805
0.0001187914033
0.0001170923366
0.0001164093244
0.0001166534486
0.0001179203061
0.000120197885
0.0001239403979
0.0001289846878
0.0001353320295
0.0001429872598
0.0001518930449
0.0001619151435
0.0001728196975
0.0001842661366
0.0001958206594
0.0002069959348
0.000217315312
0.0002263909097
0.0002340269274
0.0002401128487
0.0002442823755
0.0002474817904
0.0002495423592
0.0002509566576
0.0002518393821
0.0002523985502
0.0002527301226
0.0002529289152
0.0002530693085
0.000253172445
0.000253212196
0.0002529916986
0.0002520327728
0.0002451604358
0.000210854916
9.584589698e-05
7.054716541e-09
3.465289666e-86
3.409527897e-86
3.354319349e-86
3.299999e-86
3.245945482e-86
3.191473948e-86
3.135170756e-86
3.079619131e-86
3.028856389e-86
2.976168838e-86
2.921503002e-86
2.868286532e-86
2.818335308e-86
2.765999394e-86
2.712545863e-86
2.660947974e-86
2.611440748e-86
2.560145824e-86
2.514026503e-86
2.453331632e-86
2.399596908e-86
2.343477368e-86
0.0002365934165
0.0002364754902
0.0002368519613
0.0002371383248
0.0002373405634
0.0002374483211
0.0002374671111
0.0002373965096
0.0002372479349
0.0002369886189
0.0002366244123
0.0002361607027
0.0002355763053
0.0002348670237
0.0002340024037
0.0002329569825
0.0002316967514
0.0002301705724
0.0002283664931
0.0002261823673
0.000223573109
0.0002204864736
0.0002168773188
0.0002126880868
0.0002079025623
0.0002025035643
0.0001965724505
0.0001900965948
0.0001832244357
0.0001760388205
0.0001686553648
0.0001613156923
0.0001541293584
0.0001472466875
0.0001408016138
0.000134912468
0.0001296820675
0.0001251902138
0.0001215015817
0.0001186819747
0.0001168811122
0.0001161056204
0.000116260287
0.0001174313244
0.0001196126112
0.0001231926638
0.0001281192257
0.000134332189
0.0001418531309
0.0001506330944
0.0001605482451
0.0001713762513
0.0001827878936
0.0001943580347
0.0002056023195
0.0002160388623
0.0002252650584
0.0002330516098
0.0002393415443
0.0002436862959
0.0002469903913
0.0002491499122
0.000250629617
0.0002515288795
0.0002521156193
0.0002524713389
0.0002527020578
0.0002528691976
0.0002529701469
0.0002529343987
0.0002526897222
0.0002517080845
0.0002454421481
0.0002164476671
0.0001103710089
7.446810684e-08
3.470161684e-86
3.414169523e-86
3.359267828e-86
3.305083216e-86
3.251296516e-86
3.194466429e-86
3.139549101e-86
3.081164242e-86
3.03154221e-86
2.979786449e-86
2.926008138e-86
2.874266363e-86
2.824150036e-86
2.771704926e-86
2.717706651e-86
2.663287274e-86
2.611960763e-86
2.566993333e-86
2.509670535e-86
2.463562245e-86
2.41436493e-86
2.338277516e-86
0.00023643681
0.0002363051097
0.0002366847217
0.0002369678324
0.000237165754
0.0002372710218
0.0002372879892
0.0002372161868
0.0002370616214
0.0002368004903
0.0002364363429
0.0002359711708
0.0002353925912
0.000234684026
0.0002338226116
0.0002327825152
0.0002315299227
0.0002300220657
0.0002282047489
0.0002260594751
0.0002234698388
0.00022041369
0.0002168405702
0.0002126842646
0.0002079353955
0.0002025925246
0.0001966658225
0.0001902253576
0.0001833596145
0.0001761816882
0.0001688904587
0.0001615207696
0.0001543253971
0.0001474237526
0.000140964066
0.0001350457475
0.0001297536628
0.0001252001778
0.0001214512494
0.0001185545311
0.0001166773865
0.0001158051826
0.0001158739196
0.000116949972
0.0001190431757
0.00012244916
0.0001272647454
0.0001333435411
0.0001407302475
0.0001493836628
0.0001591898222
0.0001699376996
0.0001813094946
0.000192889118
0.0002041960154
0.0002147444828
0.0002241189935
0.0002320590366
0.0002385314801
0.0002431050886
0.0002464387836
0.0002487445693
0.0002502518302
0.0002512055241
0.0002518140993
0.0002521905146
0.0002524735216
0.0002526674216
0.0002527653901
0.0002526647393
0.0002523778171
0.0002513517475
0.0002458082274
0.0002219860967
0.0001235443666
4.005385055e-07
3.474811383e-86
3.418764033e-86
3.36367386e-86
3.309960393e-86
3.257816943e-86
3.192515604e-86
3.143862534e-86
3.089071751e-86
3.034836461e-86
2.98445584e-86
2.930919738e-86
2.877514075e-86
2.825848684e-86
2.775538436e-86
2.719900367e-86
2.667363416e-86
2.619207906e-86
2.564814589e-86
2.51736981e-86
2.470941984e-86
2.426373339e-86
2.335414474e-86
0.0002362727062
0.0002361309082
0.000236510081
0.0002367909152
0.000236985464
0.0002370888147
0.000237103028
0.0002370291452
0.0002368696314
0.0002366044044
0.0002362425888
0.0002357782224
0.0002352007946
0.0002344926292
0.000233634217
0.0002325990179
0.0002313533436
0.0002298464906
0.0002280676028
0.0002259238292
0.0002233573693
0.0002203344032
0.0002167916421
0.0002126667101
0.0002079457739
0.0002026462161
0.0001967639823
0.0001903610559
0.0001835361127
0.0001763960164
0.000169039161
0.0001617180033
0.000154506928
0.0001475878202
0.0001410886698
0.0001351232905
0.0001298011473
0.0001252005377
0.0001213945732
0.0001184326055
0.0001164648275
0.0001154853318
0.0001154901644
0.000116474464
0.0001184927437
0.0001217072543
0.0001264202735
0.0001323650519
0.0001396181084
0.0001481448795
0.0001578406976
0.0001685058815
0.0001798344561
0.0001914200479
0.0002027865528
0.0002134445472
0.0002229650926
0.0002310593273
0.0002376855934
0.0002425174336
0.0002458789176
0.0002483433531
0.0002498812833
0.0002508888277
0.000251522201
0.0002519252211
0.0002522150927
0.0002524137383
0.0002524791176
0.0002523988513
0.0002520072699
0.0002509911362
0.0002462314654
0.0002266215497
0.0001343515291
1.84571482e-06
3.479217892e-86
3.422859728e-86
3.367297964e-86
3.312460081e-86
3.257435781e-86
3.201426296e-86
3.147805824e-86
3.094179434e-86
3.04365382e-86
2.984607974e-86
2.934341428e-86
2.879630116e-86
2.82990909e-86
2.777863337e-86
2.725182029e-86
2.674909775e-86
2.622980767e-86
2.567325069e-86
2.523685962e-86
2.482103353e-86
2.419807476e-86
2.339287629e-86
0.000236101501
0.0002359509699
0.000236328073
0.0002366067961
0.0002367986745
0.0002369001572
0.0002369117355
0.0002368348696
0.0002366680856
0.0002364069751
0.0002360423578
0.0002355774526
0.0002349987572
0.0002342908578
0.0002334352475
0.0002324051338
0.0002311628059
0.0002296835294
0.0002279119545
0.0002257775335
0.0002232361563
0.0002202468168
0.0002167261999
0.0002126375919
0.0002079647447
0.0002026858258
0.0001968344493
0.0001904629257
0.0001836561216
0.0001765356374
0.0001692657441
0.0001619396443
0.0001547317827
0.0001477886537
0.0001412456839
0.0001352410667
0.0001298654972
0.000125205218
0.0001213307628
0.0001182796339
0.0001162041098
0.0001152113946
0.000115115003
0.000116003413
0.0001179626106
0.0001209690678
0.0001255856643
0.0001313968667
0.00013851698
0.0001469168185
0.0001565002436
0.0001670786862
0.0001783578935
0.0001899413171
0.0002013580614
0.0002121172428
0.0002217807753
0.0002300376087
0.0002368114361
0.0002418838476
0.0002453251654
0.000247908976
0.0002494915256
0.0002505430152
0.0002512248399
0.0002516602013
0.0002519639454
0.000252154725
0.0002521990587
0.0002520874308
0.0002516403992
0.0002506771973
0.0002465984572
0.0002301881041
0.000142363139
4.92768433e-06
3.484170942e-86
3.428194829e-86
3.372348167e-86
3.316454425e-86
3.260762653e-86
3.205824253e-86
3.152766448e-86
3.098895272e-86
3.043402733e-86
2.994078272e-86
2.93368034e-86
2.883777601e-86
2.833717506e-86
2.783279029e-86
2.731614875e-86
2.674456419e-86
2.624637234e-86
2.574300057e-86
2.525099742e-86
2.476723895e-86
2.425145249e-86
2.353723703e-86
0.0002359234113
0.0002357645779
0.0002361387419
0.0002364148978
0.0002366041849
0.0002367035277
0.0002367125784
0.0002366327768
0.0002364608304
0.0002362000291
0.0002358328705
0.0002353661968
0.0002347858417
0.0002340781925
0.0002332246652
0.0002321988859
0.0002309530061
0.0002294778361
0.00022771141
0.0002256183288
0.0002231023274
0.0002201384861
0.0002166382764
0.0002125950769
0.0002079524914
0.0002027134246
0.0001969025323
0.0001905717682
0.0001838044904
0.0001766836501
0.0001694086975
0.00016207759
0.0001548598995
0.0001479045956
0.0001413496647
0.0001353161227
0.000129900893
0.0001251986153
0.0001212758587
0.0001181810078
0.0001160338655
0.0001149447018
0.0001147013577
0.0001155355838
0.0001174080965
0.0001202757617
0.0001247611624
0.0001304402651
0.0001374286711
0.0001457019144
0.0001551721215
0.0001656621391
0.0001768900806
0.0001884702482
0.0001999377905
0.0002107992381
0.0002206026281
0.0002290169503
0.0002359290245
0.0002412209673
0.0002447854653
0.000247455677
0.0002491375092
0.0002502283562
0.0002509384604
0.00025139118
0.0002516864323
0.0002518587475
0.0002519082045
0.0002517441161
0.0002513216372
0.0002504357217
0.0002470259694
0.000233283692
0.0001505091987
9.118732936e-06
3.488444945e-86
3.431808459e-86
3.376675426e-86
3.321251716e-86
3.265960676e-86
3.210583143e-86
3.154029574e-86
3.102010861e-86
3.047601381e-86
2.995205268e-86
2.942229137e-86
2.889311119e-86
2.83235544e-86
2.786094438e-86
2.73248715e-86
2.681638756e-86
2.631737085e-86
2.577989487e-86
2.526000023e-86
2.475659485e-86
2.421917212e-86
2.366877652e-86
0.0002357380184
0.0002355703202
0.0002359417158
0.0002362156999
0.0002364008785
0.0002364975325
0.0002365040048
0.0002364209983
0.0002362447725
0.0002359826989
0.0002356127584
0.0002351435477
0.0002345620815
0.0002338549363
0.000233003496
0.0002319787165
0.0002307487432
0.0002292975236
0.0002275435749
0.0002254510668
0.0002229582488
0.0002200015275
0.0002165408304
0.0002125343636
0.0002079248909
0.0002027161523
0.000196951201
0.000190650362
0.00018389652
0.0001768520847
0.0001695742913
0.0001622487243
0.0001550264474
0.0001480573818
0.0001414780774
0.0001354078956
0.0001299528871
0.0001251954962
0.0001212141927
0.000118056929
0.000115823736
0.0001146690261
0.0001143495076
0.0001150673448
0.000116843824
0.0001196069447
0.0001239449355
0.0001294956126
0.0001363536403
0.0001444999723
0.0001538546925
0.0001642515702
0.0001754202725
0.0001869850084
0.00019848679
0.0002094330871
0.0002193692517
0.0002279484739
0.0002350173585
0.0002405278808
0.0002442402469
0.00024699273
0.0002487558983
0.0002498992453
0.0002506293705
0.000251103306
0.0002514198706
0.0002515197964
0.0002514963014
0.0002513308207
0.0002509888992
0.0002502214181
0.0002475455497
0.000236178848
0.0001584830772
1.421950745e-05
3.493518765e-86
3.437644121e-86
3.381295046e-86
3.325630835e-86
3.269676662e-86
3.213846702e-86
3.15845899e-86
3.106244692e-86
3.052939893e-86
3.000837923e-86
2.943965379e-86
2.891108446e-86
2.838773118e-86
2.785715774e-86
2.736933337e-86
2.68638042e-86
2.635509031e-86
2.58266301e-86
2.527916179e-86
2.475665019e-86
2.419346912e-86
2.366964963e-86
0.0002355447474
0.0002353687404
0.0002357358276
0.0002360008277
0.0002361885347
0.0002362824091
0.0002362850858
0.0002361994665
0.0002360185949
0.0002357539214
0.0002353814088
0.0002349109577
0.0002343264343
0.0002336200062
0.0002327610831
0.0002317382153
0.0002305115409
0.0002290629666
0.0002273531674
0.0002252687692
0.0002227991027
0.0002198794284
0.0002164362461
0.0002124622066
0.0002078864592
0.0002027248218
0.0001969827347
0.0001907157125
0.0001840109967
0.0001769444566
0.0001696854538
0.0001623615013
0.0001551407863
0.0001481599357
0.0001415609621
0.0001354627264
0.0001299741505
0.0001251780192
0.0001211427279
0.0001179317493
0.0001156079187
0.0001143175823
0.0001140113668
0.0001145773236
0.0001162901732
0.0001189517503
0.0001231374085
0.0001285653764
0.0001352946751
0.0001433146964
0.000152554048
0.0001628579233
0.0001739686324
0.0001855225135
0.0001970689821
0.0002081145033
0.0002181857865
0.0002269132184
0.00023411292
0.0002397809788
0.0002437143166
0.0002464769617
0.0002483584425
0.0002495429514
0.0002503279663
0.0002508386312
0.0002510716126
0.0002512765752
0.0002512355358
0.0002509889649
0.0002506216598
0.0002500156562
0.0002478332123
0.0002376523043
0.0001620688532
1.846572783e-05
3.497762666e-86
3.441382427e-86
3.385389091e-86
3.329680094e-86
3.274176292e-86
3.219494423e-86
3.165845178e-86
3.114529885e-86
3.049472326e-86
3.003588558e-86
2.948946991e-86
2.895828243e-86
2.843283255e-86
2.788134239e-86
2.740146343e-86
2.690653161e-86
2.637453543e-86
2.583535873e-86
2.532904153e-86
2.47044218e-86
2.421003679e-86
2.370494688e-86
0.0002353406863
0.0002351471384
0.0002355168731
0.0002357539991
0.0002359599744
0.0002360508845
0.0002360524829
0.0002359610137
0.0002357773318
0.0002355102207
0.0002351366738
0.0002346603667
0.0002340677042
0.0002333653117
0.0002324875955
0.000231474156
0.0002302954755
0.0002288581487
0.0002271401209
0.0002250729682
0.0002226174302
0.0002197206981
0.0002163198147
0.0002123617317
0.0002078308959
0.0002026986991
0.0001969842331
0.0001907604402
0.0001840813714
0.0001770630192
0.0001698124589
0.0001625101513
0.0001552858606
0.0001482934504
0.0001416664602
0.0001355358098
0.0001300013961
0.0001251542064
0.0001210643879
0.0001177806336
0.0001153465013
0.00011409321
0.0001136633658
0.0001141505609
0.0001156801059
0.0001183027782
0.0001223317979
0.0001276464246
0.0001342487622
0.0001421428496
0.0001512647182
0.000161470291
0.0001725126452
0.0001840369067
0.0001955968772
0.0002066997577
0.0002168797279
0.0002257684979
0.0002331480176
0.0002390313368
0.0002431334963
0.0002459978318
0.0002479613283
0.0002492025844
0.0002499841401
0.0002504436686
0.0002507846442
0.0002508643658
0.0002509059476
0.0002506687977
0.0002503355638
0.0002498568341
0.0002481088373
0.0002391031781
0.0001670191313
2.338850825e-05
3.86931257e-86
3.445379081e-86
3.38946272e-86
3.334637009e-86
3.282745249e-86
3.218559699e-86
3.169847337e-86
3.116141466e-86
3.060151752e-86
3.007069027e-86
2.952512497e-86
2.897904174e-86
2.847444461e-86
2.793363393e-86
2.742743208e-86
2.692462821e-86
2.638989168e-86
2.580730957e-86
2.533597472e-86
2.479700545e-86
2.421286409e-86
2.377352907e-86
0.0002351233694
0.0002348956094
0.0002352833689
0.0002355457973
0.0002357132783
0.0002357990097
0.0002358015974
0.0002357003005
0.0002355142013
0.0002352535259
0.0002348729657
0.000234386628
0.0002337732746
0.0002330919691
0.0002322591236
0.0002312465969
0.0002300243057
0.0002286012761
0.0002268698581
0.0002248562184
0.0002224248114
0.000219545456
0.0002161870461
0.0002122442362
0.0002077548735
0.0002026576845
0.0001969903561
0.0001907775515
0.0001841310661
0.0001771221462
0.0001698928098
0.0001625869197
0.0001553569561
0.000148357539
0.0001417185909
0.0001355669049
0.0001300011124
0.0001251190564
0.0001209788976
0.0001176419564
0.0001151567862
0.0001137906671
0.0001132065344
0.0001137274149
0.0001151359866
0.0001176946859
0.0001215362434
0.0001267451352
0.000133221653
0.0001409892409
0.0001499950303
0.0001601045165
0.0001710834294
0.0001825906395
0.0001941925984
0.0002054029774
0.0002157363269
0.0002247626891
0.0002322510533
0.0002381875907
0.0002425253666
0.0002455118385
0.0002474650711
0.0002487427612
0.0002495844888
0.0002501675876
0.00025048556
0.0002505896592
0.0002505287532
0.0002503449545
0.0002500061183
0.0002496053041
0.0002482388253
0.0002400584818
0.0001704815964
2.85345339e-05
0
3.449591441e-86
3.393754564e-86
3.338638554e-86
3.283907295e-86
3.227834985e-86
3.172156931e-86
3.12098184e-86
3.067146272e-86
3.011764194e-86
2.958470633e-86
2.899043425e-86
2.850883664e-86
2.799843485e-86
2.751881805e-86
2.697873491e-86
2.635423959e-86
2.577319016e-86
2.534013784e-86
2.481388749e-86
2.425589652e-86
2.386021166e-86
0.0002349029204
0.0002346921083
0.0002350336173
0.0002352918199
0.0002354324186
0.0002355126176
0.0002355284556
0.0002354028664
0.0002352175719
0.0002349766494
0.0002345893672
0.0002340805943
0.0002335275521
0.0002327904787
0.0002319710516
0.0002309582741
0.0002297915908
0.0002283707138
0.0002266520026
0.0002246332056
0.0002222137794
0.0002193568172
0.0002160275482
0.0002121145768
0.0002076621416
0.0002026004251
0.0001969624763
0.0001907977599
0.0001841651533
0.0001771888209
0.0001699821916
0.0001626907243
0.000155467124
0.0001484521367
0.0001417925194
0.0001356064395
0.0001300076164
0.0001250755377
0.0001208859306
0.0001174967224
0.0001149391556
0.0001134891842
0.0001129274304
0.0001132991916
0.0001146393853
0.0001169938612
0.0001207256056
0.000125848207
0.0001322015044
0.000139847339
0.0001487345543
0.0001587432791
0.0001696481589
0.0001811154545
0.0001927128674
0.0002039424043
0.0002143058941
0.000223485882
0.000231183945
0.0002374142669
0.0002419340531
0.0002447673935
0.0002468656764
0.0002483120154
0.0002492275551
0.0002497422205
0.0002500182784
0.0002502169307
0.000250163148
0.0002499940466
0.000249764263
0.0002494758173
0.000248441282
0.0002411997839
0.0001741229801
3.42253413e-05
3.305008811e-25
3.453663882e-86
3.397808223e-86
3.342795412e-86
3.28854657e-86
3.233306267e-86
3.17682658e-86
3.125429209e-86
3.07176765e-86
3.020847312e-86
2.95545919e-86
2.904102293e-86
2.853616211e-86
2.803802438e-86
2.757766698e-86
2.694109223e-86
2.631462386e-86
2.582985336e-86
2.537805639e-86
2.480282672e-86
2.433390339e-86
2.387245552e-86
0.0002346687889
0.0002344451127
0.0002347617596
0.0002350461347
0.0002352056635
0.0002352812853
0.0002352331503
0.0002351680552
0.000234977147
0.000234683569
0.0002342819807
0.0002338326897
0.0002332276922
0.0002325418925
0.0002316945652
0.0002307101688
0.0002295239353
0.0002281110224
0.0002264134959
0.0002243951723
0.0002219990428
0.0002191552456
0.0002158322458
0.0002119732401
0.0002075305778
0.0002025184021
0.0001969137366
0.000190775414
0.0001841656072
0.0001772212545
0.0001700295045
0.0001627457811
0.0001555166079
0.0001484958696
0.0001418168137
0.0001356084479
0.0001299843667
0.0001250160349
0.0001207825263
0.0001173397627
0.0001147564271
0.0001131876998
0.0001125400487
0.0001127365475
0.000114110351
0.0001163811569
0.0001198320805
0.000124975333
0.0001312040438
0.0001387202401
0.0001474947206
0.0001574034496
0.0001682377408
0.0001796770157
0.0001913034852
0.0002026506268
0.0002132931015
0.0002225999797
0.0002303915627
0.0002364836301
0.0002409716843
0.0002441787666
0.0002465851625
0.0002480535625
0.0002488721062
0.0002494642969
0.0002497176263
0.0002498413575
0.0002497950931
0.0002496433732
0.0002494580076
0.0002493149699
0.0002484466158
0.0002411433717
0.0001788566571
4.174883137e-05
0
3.458214011e-86
3.402484007e-86
3.347042856e-86
3.292338533e-86
3.23726311e-86
3.18238191e-86
3.129046496e-86
3.078776004e-86
3.028850517e-86
2.957508906e-86
2.910147475e-86
2.851390185e-86
2.807455472e-86
2.760519931e-86
2.680505648e-86
2.638764024e-86
2.591734508e-86
2.541940229e-86
2.485448699e-86
2.437089529e-86
2.390002274e-86
0.0002344204274
0.0002341641395
0.0002345308712
0.0002347572058
0.0002349136685
0.0002349942689
0.0002349904366
0.0002348908146
0.0002346666193
0.0002343591867
0.0002340256497
0.000233546426
0.0002329624456
0.0002322529395
0.000231414614
0.0002304225482
0.0002292298892
0.0002278206782
0.0002261472367
0.000224131437
0.0002217538483
0.0002189312024
0.0002156192087
0.0002118138428
0.0002073869983
0.0002024190436
0.0001968469571
0.0001907365871
0.0001841702935
0.0001772219825
0.0001700585081
0.0001627847123
0.0001555609152
0.0001485357667
0.0001418492865
0.0001356208928
0.0001299538928
0.000124943668
0.000120664864
0.0001171744914
0.0001145236874
0.0001128840138
0.0001121711446
0.0001123954915
0.0001136037418
0.0001158521985
0.0001190389837
0.000124023
0.0001301979439
0.0001376080375
0.0001462578217
0.0001560700758
0.0001668298213
0.0001782286194
0.000189855382
0.0002012052804
0.0002116104737
0.0002209468686
0.0002288732952
0.0002353043573
0.0002402354054
0.0002436583877
0.0002460149322
0.0002475036853
0.0002484681561
0.0002490132949
0.0002492926987
0.0002493382084
0.0002492958838
0.0002492048846
0.0002491012153
0.0002490418504
0.0002482990099
0.0002408183913
0.000183728694
4.932977275e-05
1.37306492e-17
3.462318073e-86
3.406667745e-86
3.35177809e-86
3.296608574e-86
3.241219966e-86
3.185823479e-86
3.133977119e-86
3.084020859e-86
3.022154827e-86
2.968582431e-86
2.914611894e-86
2.858475955e-86
2.808413369e-86
2.740324756e-86
2.69366954e-86
2.644957372e-86
2.597431707e-86
2.548994377e-86
2.497090604e-86
2.436098824e-86
2.393015132e-86
0.0002341696016
0.0002339312739
0.0002342833709
0.0002345170735
0.0002346714071
0.0002347430039
0.0002347235244
0.0002345609361
0.0002344018956
0.0002340962543
0.0002337381769
0.0002331970753
0.000232615359
0.0002318971112
0.000231095243
0.0002301026858
0.0002289226186
0.0002275110404
0.0002258446357
0.0002238492278
0.0002214938465
0.0002186933914
0.0002154153305
0.0002116271062
0.000207229162
0.0002022756105
0.0001967533494
0.0001906770116
0.0001841363136
0.0001772280036
0.000170056675
0.0001627900039
0.0001555735988
0.0001485416491
0.0001418479311
0.0001355979006
0.0001299064893
0.0001248590193
0.0001205334932
0.0001169896956
0.0001142308948
0.0001125020639
0.0001117628703
0.0001119009492
0.0001128994851
0.0001152446746
0.00011837712
0.0001231017577
0.0001291961486
0.0001364912977
0.0001450501056
0.0001547498017
0.000165433854
0.0001767928183
0.0001884124884
0.00019981184
0.000210577103
0.000220189647
0.0002282553363
0.0002345948035
0.0002396756849
0.0002431591411
0.0002455937788
0.0002471296851
0.0002481420901
0.0002487297616
0.0002489236382
0.0002489782904
0.0002490237258
0.0002489802187
0.0002488719971
0.0002487397393
0.0002480061551
0.0002404810723
0.0001893334369
5.785688892e-05
0
3.466463031e-86
3.411041026e-86
3.356031778e-86
3.300995039e-86
3.245407725e-86
3.192528507e-86
3.134899001e-86
3.077312465e-86
3.027934625e-86
2.973459859e-86
2.919407067e-86
2.860769368e-86
2.802085441e-86
2.749051187e-86
2.70040833e-86
2.652555088e-86
2.604830842e-86
2.558329326e-86
2.489944636e-86
2.44824446e-86
2.399734284e-86
0.0002339090525
0.0002336692454
0.0002339982109
0.000234245234
0.0002343982844
0.0002344584838
0.0002344209762
0.0002342879425
0.0002341096905
0.000233800684
0.0002334101066
0.0002329084476
0.0002323199003
0.000231598964
0.0002307134244
0.0002297620131
0.0002285876056
0.0002271834187
0.0002255213303
0.0002235333729
0.0002212049673
0.0002184203411
0.0002151626863
0.0002114048629
0.0002070546387
0.0002021109096
0.0001966352571
0.0001905924599
0.0001840779481
0.0001771912207
0.000170050142
0.0001628035808
0.0001555843065
0.0001485480875
0.0001418268043
0.0001355570737
0.0001298413109
0.0001247615801
0.0001203910216
0.0001168070848
0.0001140296329
0.0001122177092
0.0001113982154
0.0001114575767
0.0001125046141
0.0001146426372
0.0001176882751
0.0001222744991
0.000128084033
0.0001354021412
0.0001438190016
0.0001534501911
0.0001640555007
0.0001753660796
0.0001869961351
0.0001984681815
0.0002092716159
0.0002189691624
0.0002270850956
0.0002337994262
0.0002390816842
0.0002426739019
0.0002451278519
0.0002467162497
0.000247694058
0.0002482308601
0.0002486067725
0.0002486802341
0.0002485766633
0.0002485803127
0.0002485625563
0.0002483447459
0.0002476301821
0.0002402178462
0.0001937805179
6.68553867e-05
3.064228377e-12
3.470214525e-86
3.414457341e-86
3.359262519e-86
3.30438048e-86
3.249532127e-86
3.196847178e-86
3.13141405e-86
3.08382683e-86
3.035982805e-86
2.968395869e-86
2.916492231e-86
2.865309793e-86
2.808403355e-86
2.758393348e-86
2.704524816e-86
2.658782699e-86
2.608913565e-86
2.554833955e-86
2.50471313e-86
2.44958316e-86
2.404115465e-86
0.0002336340075
0.0002333730845
0.0002336974462
0.0002339376417
0.0002340901396
0.000234138727
0.0002340970335
0.0002339874867
0.0002337755769
0.0002334641386
0.0002330751608
0.000232587122
0.0002319809732
0.0002312662061
0.0002303924314
0.0002293580555
0.0002282304895
0.0002268380325
0.0002251759396
0.0002231563542
0.0002208891956
0.000218116277
0.0002148863018
0.0002111505747
0.0002068547098
0.0002019335382
0.0001964642461
0.0001904807684
0.0001839940897
0.0001771285194
0.0001700058122
0.0001627655962
0.0001555507441
0.0001485115965
0.000141783447
0.0001354973482
0.0001297471211
0.0001246416097
0.0001202325909
0.0001166032715
0.0001137632384
0.0001118693008
0.0001109169823
0.0001109681
0.0001119515839
0.0001137986475
0.0001169661069
0.000121524425
0.0001271182791
0.0001341586958
0.0001426531911
0.0001521344686
0.0001626653406
0.0001739423098
0.0001855540154
0.0001970363769
0.0002079677741
0.0002177237412
0.0002259362982
0.0002330934554
0.0002385127693
0.0002420170979
0.0002447612427
0.0002464043807
0.0002473859187
0.0002478424088
0.000248070882
0.0002481743281
0.0002481931289
0.000248169731
0.0002481344259
0.0002479801898
0.0002471595255
0.0002399257221
0.0001989386098
7.579105189e-05
3.728055836e-11
3.473416436e-86
3.417463069e-86
3.362829925e-86
3.308214016e-86
3.251202312e-86
3.18940189e-86
3.13949489e-86
3.089073974e-86
3.03662068e-86
2.974256068e-86
2.920040142e-86
2.872112794e-86
2.817324566e-86
2.76322123e-86
2.704790225e-86
2.663401171e-86
2.612171192e-86
2.562077032e-86
2.504294496e-86
2.460099506e-86
2.407408009e-86
0.0002333432976
0.0002330553251
0.0002333808194
0.0002336124574
0.0002337547275
0.0002338022418
0.0002337617206
0.0002336548807
0.0002334187839
0.0002330984553
0.0002327030283
0.0002322180226
0.0002315647183
0.0002308819303
0.0002300490968
0.00022901924
0.0002278589188
0.0002264681596
0.000224816117
0.0002228334799
0.0002205530011
0.0002177935396
0.0002145948276
0.0002108682104
0.0002066179764
0.0002017360577
0.0001962807604
0.0001903120152
0.0001838795668
0.0001770384456
0.0001699348005
0.0001627034425
0.0001554939769
0.0001484538199
0.0001417195979
0.0001354163058
0.0001296391513
0.0001244968367
0.000120059298
0.000116388559
0.0001135032495
0.0001115788786
0.0001105639787
0.0001105012149
0.0001113815548
0.0001132532204
0.0001160684787
0.0001206124936
0.0001262432511
0.0001330086271
0.0001412653955
0.00015082963
0.000161306434
0.0001724971599
0.0001841092662
0.0001956896599
0.0002065483118
0.0002162101502
0.0002250023767
0.0002322461008
0.0002377295614
0.0002415716411
0.0002442290843
0.0002459391866
0.0002469406783
0.00024745345
0.0002476634206
0.0002477788101
0.0002478229603
0.0002478024184
0.0002477240959
0.0002475028884
0.0002466316038
0.0002397003192
0.0002034746624
8.606178437e-05
1.427104425e-09
3.476453184e-86
3.419866642e-86
3.364567928e-86
3.309418776e-86
3.253544049e-86
3.196463503e-86
3.146264515e-86
3.089716832e-86
3.03620917e-86
2.983551015e-86
2.922357398e-86
2.877571222e-86
2.820323662e-86
2.76607816e-86
2.713320258e-86
2.668303915e-86
2.612200762e-86
2.56382371e-86
2.511976743e-86
2.462611697e-86
2.412419401e-86
0.0002330373092
0.0002327268058
0.0002330471113
0.0002332700577
0.000233405088
0.0002334497783
0.0002334063354
0.0002332813511
0.0002330500106
0.0002327245243
0.0002323191011
0.0002318261166
0.0002312081487
0.0002304974878
0.0002296740703
0.0002286570122
0.0002274724974
0.0002260780468
0.0002244331029
0.0002224713258
0.0002201865803
0.0002174590274
0.0002142777059
0.0002105600514
0.0002063236814
0.0002015080962
0.0001960768895
0.0001901213728
0.0001837066619
0.0001769159971
0.0001698335754
0.0001626155245
0.000155413099
0.0001483720369
0.0001416292601
0.0001352940042
0.0001295120475
0.0001243354815
0.0001198687489
0.0001161511772
0.0001132079303
0.0001111786824
0.0001101633221
0.0001100371495
0.0001108485545
0.0001127162996
0.000115561523
0.0001198009025
0.0001253286132
0.000132018472
0.0001399638693
0.0001493155831
0.0001598257932
0.0001710887987
0.000182687008
0.000194104345
0.0002049449136
0.0002150642382
0.0002241615949
0.0002313244809
0.0002369228137
0.0002409533483
0.0002436026125
0.0002454019251
0.0002464373823
0.0002469678053
0.0002472194544
0.000247334496
0.0002474067334
0.0002474467472
0.0002473622654
0.0002470764501
0.0002460348816
0.0002395074419
0.0002074529425
9.696077151e-05
1.671845506e-08
3.480982144e-86
3.424821964e-86
3.36895362e-86
3.313002083e-86
3.25758006e-86
3.202496638e-86
3.147960581e-86
3.096810456e-86
3.035276963e-86
2.98145172e-86
2.93032469e-86
2.879762169e-86
2.82606471e-86
2.771947006e-86
2.721775594e-86
2.669150616e-86
2.617296555e-86
2.56768038e-86
2.516797311e-86
2.466351992e-86
2.414269693e-86
0.0002327154743
0.0002323836352
0.0002326970857
0.0002329124259
0.0002330417682
0.0002330819945
0.0002330328387
0.0002328943885
0.0002326603564
0.0002323387622
0.0002319198425
0.0002314278176
0.0002308218796
0.0002300925011
0.0002292507363
0.0002282597361
0.0002270597599
0.0002256651662
0.0002240231937
0.0002220663672
0.000219792912
0.0002170784531
0.0002139281718
0.0002102256255
0.0002060031936
0.0002012346136
0.0001958489986
0.0001899098082
0.0001835061265
0.0001767252064
0.00016967821
0.0001624860373
0.0001552950148
0.0001482481053
0.0001414882535
0.0001351575897
0.000129357703
0.000124157419
0.0001196582751
0.000115892343
0.0001129255137
0.0001108948619
0.0001098235681
0.000109473036
0.000110284761
0.0001120609145
0.0001148200717
0.0001186881304
0.0001244242903
0.000131093916
0.0001389170678
0.0001479656481
0.0001582512357
0.0001694866276
0.0001810240372
0.0001924071837
0.0002035577392
0.0002140839216
0.0002230694233
0.0002303242845
0.0002361173691
0.0002400631906
0.0002429878064
0.0002448464222
0.0002459188021
0.0002464828742
0.0002468046816
0.0002469433453
0.0002469923834
0.0002468839277
0.0002467944142
0.0002464264047
0.0002454458925
0.000239340827
0.0002115625422
0.0001081231985
9.061232751e-08
3.485207793e-86
3.429156693e-86
3.372689934e-86
3.316306357e-86
3.26074065e-86
3.205975871e-86
3.150893154e-86
3.099697664e-86
3.039467611e-86
2.987451301e-86
2.934903691e-86
2.884650494e-86
2.83222592e-86
2.773250931e-86
2.724273527e-86
2.674239352e-86
2.622334309e-86
2.57153362e-86
2.520795192e-86
2.47235188e-86
2.4124753e-86
0.0002323764148
0.0002320222529
0.0002323277197
0.0002325359841
0.0002326592598
0.0002326934035
0.0002326370444
0.0002324916964
0.0002322519581
0.0002319291018
0.0002314992069
0.0002310068193
0.0002304034635
0.0002296632411
0.0002288104782
0.0002278244677
0.0002266197384
0.0002252296934
0.0002235947176
0.0002216714732
0.0002193818498
0.0002166913314
0.0002135316841
0.0002098684465
0.0002056609893
0.0002009024339
0.0001955792336
0.0001896748896
0.0001832879782
0.0001765190015
0.0001694811893
0.0001623002209
0.0001551176171
0.0001480824475
0.0001413314133
0.000134997235
0.0001291602506
0.0001239543686
0.0001194237547
0.0001155860396
0.0001126162542
0.0001105198368
0.0001093630828
0.0001090415229
0.0001097443741
0.0001114146467
0.0001141698851
0.0001179145145
0.0001231792929
0.0001300862342
0.0001378786238
0.0001468376377
0.0001568274126
0.000167748573
0.0001792757657
0.0001909334772
0.0002024345398
0.0002130039091
0.0002219761743
0.0002294608502
0.0002350258951
0.0002395116476
0.0002423018719
0.0002441069414
0.0002452391464
0.000245969765
0.0002462974088
0.0002464096098
0.0002465483616
0.0002464936556
0.0002463588645
0.000245960508
0.000244787437
0.0002392360178
0.0002152048826
0.000117392244
3.444821285e-07
3.489351675e-86
3.433279176e-86
3.37679835e-86
3.320447966e-86
3.264145862e-86
3.209421607e-86
3.157024676e-86
3.097672414e-86
3.04622774e-86
2.992766614e-86
2.93958499e-86
2.887527793e-86
2.83813073e-86
2.779696182e-86
2.723338017e-86
2.67791347e-86
2.625707384e-86
2.574744674e-86
2.52313951e-86
2.473891385e-86
2.417333838e-86
0.00023201853
0.0002316419831
0.0002319393647
0.0002321405178
0.0002322575101
0.0002322859022
0.000232222678
0.0002320680284
0.0002318208955
0.0002314955246
0.0002310622988
0.0002305562189
0.0002299556775
0.0002292057972
0.0002283438652
0.0002273427742
0.000226151617
0.0002247677537
0.0002231398007
0.0002212283818
0.0002189389572
0.0002162541074
0.0002130996977
0.0002094781284
0.00020528059
0.0002005366491
0.0001952424877
0.0001893966946
0.0001830412461
0.0001762910297
0.0001692670352
0.0001620973882
0.0001549264475
0.0001478989853
0.0001411503431
0.0001347931513
0.0001289443447
0.0001237129986
0.0001191665437
0.0001153130043
0.0001122860219
0.0001101175727
0.00010894927
0.0001085461343
0.0001091656114
0.0001107419075
0.0001134821714
0.0001171727933
0.0001223454229
0.0001287291718
0.0001367872753
0.0001457126149
0.0001556560541
0.0001664327332
0.0001779319378
0.0001897468798
0.0002012720667
0.0002116413996
0.000220734241
0.0002280899452
0.0002343850676
0.0002388861168
0.0002417012755
0.0002436580531
0.0002448587699
0.000245483476
0.0002459174277
0.0002460731735
0.0002461274051
0.0002460031206
0.0002457218325
0.0002452335365
0.0002442092586
0.0002391539143
0.0002184904903
0.0001257295312
1.058575012e-06
3.493331115e-86
3.437242983e-86
3.381481242e-86
3.325888507e-86
3.272403972e-86
3.208241479e-86
3.162508848e-86
3.100530226e-86
3.048197296e-86
2.996632368e-86
2.942901214e-86
2.890654389e-86
2.838626737e-86
2.784635028e-86
2.731488541e-86
2.682398034e-86
2.634317138e-86
2.572837492e-86
2.525603429e-86
2.473171817e-86
2.421584106e-86
0.0002316345418
0.0002312188656
0.000231504384
0.0002316970158
0.0002318081386
0.0002318435646
0.0002317626048
0.0002316208641
0.0002313672196
0.0002310360163
0.0002305796657
0.0002300787337
0.0002294762254
0.000228719732
0.0002278502037
0.0002268415221
0.000225656951
0.0002242768014
0.0002226541536
0.0002207518225
0.0002184642616
0.0002157941039
0.000212668602
0.0002090528967
0.0002048740846
0.0002001434077
0.0001948624043
0.0001890440712
0.000182745307
0.0001760254178
0.0001690215805
0.0001618678265
0.0001547062405
0.0001476812717
0.000140914397
0.0001345454562
0.0001287027352
0.0001234483208
0.0001188796529
0.0001150048172
0.0001119337663
0.0001097084597
0.0001084873505
0.000108098183
0.000108595238
0.0001101101095
0.0001127694246
0.0001163175768
0.000121579472
0.0001276594384
0.0001352320715
0.000144490661
0.0001545028918
0.0001654405908
0.0001769217574
0.0001886407929
0.000199971952
0.0002105294893
0.0002197400483
0.0002273814412
0.0002335915041
0.0002381014074
0.0002409536892
0.000242927211
0.0002442576601
0.0002450446713
0.0002453138102
0.0002454969065
0.0002454802755
0.0002455645615
0.0002452764157
0.0002447292297
0.0002435509209
0.0002390458136
0.0002211027034
0.0001319979226
2.881668511e-06
3.497385695e-86
3.441384623e-86
3.385521804e-86
3.32947469e-86
3.273435128e-86
3.214868906e-86
3.163267865e-86
3.108171974e-86
3.0538481e-86
3.001552123e-86
2.946464281e-86
2.894584244e-86
2.843905021e-86
2.784506037e-86
2.737714888e-86
2.685539289e-86
2.632210914e-86
2.584651053e-86
2.520334568e-86
2.474031608e-86
2.421811274e-86
0.000231213141
0.0002307140478
0.000230978157
0.0002311595302
0.000231267408
0.0002313412816
0.000231216676
0.0002311297464
0.0002308761107
0.000230536337
0.000230012218
0.0002295576154
0.0002289630996
0.0002281999065
0.0002273272626
0.0002263133064
0.0002251296561
0.0002237506289
0.0002221310615
0.0002202305764
0.0002179527209
0.0002152937381
0.0002121721718
0.000208576224
0.0002044307348
0.0001997169478
0.0001944469902
0.0001886462304
0.0001823669593
0.0001756818552
0.0001687118868
0.0001615775301
0.0001544193639
0.0001473905209
0.0001406308695
0.0001342741227
0.0001284234166
0.0001231579634
0.0001185644764
0.0001146706098
0.0001115572328
0.0001092747925
0.0001079993888
0.0001075089208
0.0001078790558
0.000109291635
0.0001120060104
0.0001154741686
0.0001206069778
0.0001268863935
0.0001341625338
0.0001428059984
0.0001530333894
0.0001638153371
0.0001752495599
0.0001869333348
0.0001982849137
0.0002088528706
0.0002180113925
0.0002262866066
0.0002325719123
0.0002372087985
0.0002400910227
0.0002424126324
0.0002436989648
0.0002444905716
0.0002449089091
0.000245114976
0.0002450921126
0.0002448761591
0.0002446440738
0.000244097819
0.0002429125057
0.0002389160997
0.0002234934668
0.0001389525955
5.190210623e-06
3.501257479e-86
3.445207803e-86
3.389589579e-86
3.33412701e-86
3.278407029e-86
3.222300758e-86
3.162897352e-86
3.111094868e-86
3.059042268e-86
3.006011788e-86
2.952224611e-86
2.896871595e-86
2.845820415e-86
2.787851404e-86
2.739686034e-86
2.688909894e-86
2.638106839e-86
2.579645663e-86
2.53058094e-86
2.478128984e-86
2.416219834e-86
0.0002307816111
0.0002302915711
0.0002305374738
0.0002307158373
0.0002308087577
0.0002307687474
0.0002307322602
0.0002306173026
0.0002303625307
0.0002299937029
0.0002295238875
0.0002290220968
0.0002284093945
0.0002276645652
0.0002267754565
0.0002257558082
0.0002245729655
0.0002231907909
0.0002215690056
0.0002196550328
0.0002173952402
0.0002147370012
0.0002116312288
0.0002080472721
0.0002039251313
0.0001992512338
0.0001940006481
0.0001882145108
0.0001819500821
0.0001752917283
0.0001683327602
0.000161217046
0.0001540782059
0.0001470670443
0.0001403217702
0.0001339728901
0.0001281001557
0.0001228402439
0.000118221657
0.000114309247
0.0001111549169
0.0001088312233
0.0001075305173
0.0001070422475
0.0001073868379
0.0001087160192
0.0001112600918
0.0001146336511
0.0001196698472
0.0001258683522
0.0001332890792
0.0001416974917
0.0001513555223
0.0001623833175
0.0001738926872
0.000185591062
0.0001967945224
0.0002071866927
0.0002171075153
0.0002250616493
0.0002315861264
0.0002361894918
0.0002395139693
0.0002416141492
0.0002429015188
0.0002438493572
0.0002443202862
0.0002445187882
0.000244530165
0.0002443774839
0.0002440248365
0.0002434179367
0.0002422319719
0.0002387119321
0.0002248487918
0.000142751789
7.987020176e-06
3.505100068e-86
3.448931129e-86
3.393231587e-86
3.33789489e-86
3.282601663e-86
3.225248696e-86
3.169586979e-86
3.11505296e-86
3.062852309e-86
3.009939396e-86
2.95536238e-86
2.90100108e-86
2.844179931e-86
2.793826215e-86
2.741069274e-86
2.691705082e-86
2.637167194e-86
2.581262466e-86
2.531560695e-86
2.478685133e-86
2.422989275e-86
0.0002303277892
0.0002298134809
0.0002300503319
0.0002302200826
0.0002303007987
0.0002302899777
0.0002302140088
0.0002300718139
0.0002298027017
0.0002293483848
0.0002289656179
0.0002284506521
0.0002278259176
0.0002270878776
0.0002261881519
0.0002251373637
0.0002239677651
0.0002225835099
0.0002209481908
0.00021896309
0.0002167846315
0.0002141438789
0.0002110592306
0.0002074841053
0.0002033720785
0.0001987208185
0.0001935133646
0.0001877498833
0.0001815072747
0.0001748576723
0.0001679249986
0.0001608297579
0.0001537082834
0.0001467156232
0.00013998209
0.000133618816
0.000127749093
0.0001224833057
0.0001178255435
0.0001139155497
0.0001107247114
0.0001083480581
0.0001069834352
0.0001063771687
0.0001067121282
0.0001080367075
0.0001104890403
0.0001138266402
0.0001187846089
0.000124829372
0.0001321797383
0.0001407509461
0.0001502775937
0.0001606669111
0.0001720198003
0.0001836737569
0.0001951648232
0.0002062963643
0.0002160107947
0.0002241825295
0.0002306318934
0.0002355396329
0.0002386892859
0.0002410949257
0.0002424370094
0.0002432164776
0.0002436023282
0.0002437705398
0.000243751617
0.0002437224955
0.0002433722749
0.0002426825038
0.0002415830914
0.0002385036692
0.0002263676012
0.0001473691109
1.165443854e-05
3.508936003e-86
3.452657765e-86
3.396814006e-86
3.341275141e-86
3.285798793e-86
3.229366902e-86
3.17342746e-86
3.119965358e-86
3.066891415e-86
3.013307889e-86
2.957982097e-86
2.903084804e-86
2.850960186e-86
2.794257231e-86
2.745450758e-86
2.691757e-86
2.64456114e-86
2.577200612e-86
2.533352905e-86
2.482648971e-86
2.434803791e-86
0.0002298486814
0.0002292934725
0.0002295385271
0.0002296700638
0.0002297430919
0.000229754184
0.0002296758518
0.000229498101
0.0002291952282
0.0002287973004
0.0002283627877
0.0002278440052
0.0002271807819
0.0002264639456
0.0002255432605
0.0002244083819
0.0002232937857
0.0002219367067
0.0002203018283
0.0002183755802
0.0002161488908
0.0002134652422
0.000210443219
0.0002068675265
0.0002028059342
0.0001981390709
0.0001929677907
0.0001872418153
0.0001810095666
0.0001743949236
0.0001674796945
0.0001604043348
0.0001533022809
0.0001463201331
0.0001395818772
0.0001332259493
0.0001273635281
0.0001220824473
0.0001173893864
0.0001134871279
0.0001102635748
0.0001078523988
0.000106466593
0.00010592232
0.000106227789
0.0001074462334
0.0001095533821
0.0001128182569
0.0001177454957
0.0001237644089
0.0001310159913
0.0001395141397
0.0001491841106
0.0001597206848
0.0001710383373
0.0001826994099
0.0001942295242
0.0002051759868
0.0002147808807
0.000223032021
0.0002295793283
0.0002345626471
0.0002381066286
0.0002404023798
0.0002418251607
0.0002426509696
0.0002431360722
0.0002433248523
0.0002432923341
0.0002430741962
0.0002425208984
0.0002419912498
0.0002409299397
0.0002381730626
0.0002267918919
0.0001495486788
1.461800008e-05
3.512731365e-86
3.456265558e-86
3.400630612e-86
3.345575541e-86
3.292343693e-86
3.228220185e-86
3.178993681e-86
3.122252416e-86
3.069975465e-86
3.015146364e-86
2.961465899e-86
2.908532283e-86
2.852031611e-86
2.802535711e-86
2.747457154e-86
2.694853016e-86
2.642056957e-86
2.588900307e-86
2.533848012e-86
2.478674298e-86
2.431610209e-86
0.0002293489346
0.0002287843049
0.0002289868462
0.0002291272435
0.0002291868674
0.000229168741
0.0002290706343
0.0002288693471
0.0002284858092
0.0002281640292
0.0002277566326
0.0002271814529
0.0002264238805
0.0002257838914
0.0002248632769
0.0002237574098
0.0002225156293
0.0002212416148
0.0002196178576
0.0002177080588
0.0002154815602
0.0002128563386
0.0002098217395
0.0002062546793
0.0002021704917
0.0001975476134
0.0001923539596
0.0001866532927
0.0001804494194
0.000173852567
0.0001669543888
0.0001599099688
0.0001528310689
0.000145849584
0.0001391284801
0.000132786887
0.0001269390249
0.0001216321599
0.0001169236194
0.0001130152988
0.0001097692862
0.0001073277662
0.0001059184195
0.0001053248798
0.000105569519
0.0001066925427
0.0001089591937
0.0001121358124
0.0001167892563
0.0001227628614
0.0001299242438
0.0001383323303
0.0001479138151
0.0001585832783
0.0001698328688
0.0001814692457
0.0001930426376
0.0002038066178
0.000213534764
0.0002218307503
0.0002283171417
0.0002338020172
0.0002373271823
0.0002396237027
0.0002411014975
0.0002419694158
0.0002425021979
0.0002427150851
0.0002426807266
0.0002424144633
0.0002419216294
0.0002412656636
0.0002403017277
0.0002378462576
0.0002275094934
0.0001533471069
1.727225789e-05
3.516709502e-86
3.459683502e-86
3.403987342e-86
3.348280648e-86
3.292651335e-86
3.237305129e-86
3.180646166e-86
3.127866249e-86
3.070851356e-86
3.017768541e-86
2.96291726e-86
2.910538255e-86
2.85894743e-86
2.809505008e-86
2.745872557e-86
2.698018982e-86
2.647385191e-86
2.594025122e-86
2.534641121e-86
2.477411313e-86
2.431674545e-86
0.0002288185988
0.0002282075398
0.0002284280928
0.000228522135
0.0002285655365
0.0002285146572
0.0002284028212
0.0002281869183
0.0002278696256
0.0002274896503
0.0002270794112
0.0002264610554
0.0002257717359
0.0002250595724
0.000224144259
0.0002230486196
0.0002218422685
0.0002205096046
0.0002188957502
0.0002169804413
0.0002147606691
0.000212153233
0.0002091065692
0.0002055505911
0.0002014575437
0.0001968650226
0.0001916759187
0.0001860117306
0.000179816984
0.0001732462646
0.0001663752299
0.000159349096
0.0001522929232
0.0001453434899
0.0001386459229
0.0001323156655
0.0001264505255
0.0001211067226
0.0001164171746
0.0001124919911
0.0001092400131
0.0001067728392
0.0001053383483
0.0001046962768
0.0001049051755
0.0001060891548
0.000108141415
0.0001112657418
0.0001156288607
0.0001216897627
0.0001287826679
0.0001371129633
0.0001466229426
0.0001571732572
0.0001684229571
0.0001800259346
0.0001915483661
0.0002023948934
0.0002122086293
0.0002203531325
0.0002274659504
0.0002327961375
0.0002362518892
0.0002388450085
0.0002403925102
0.0002413013929
0.000241802778
0.0002420119895
0.0002419828813
0.0002416493711
0.0002412067303
0.0002404556451
0.0002395982642
0.0002373561343
0.0002273325988
0.0001541600357
1.977247002e-05
3.525514821e-86
3.465343772e-86
3.408952311e-86
3.353055178e-86
3.295582961e-86
3.238416504e-86
3.184035757e-86
3.127473083e-86
3.0746871e-86
3.020246013e-86
2.968498253e-86
2.913420343e-86
2.860981629e-86
2.807163421e-86
2.752670039e-86
2.700588828e-86
2.650614912e-86
2.600063616e-86
2.534376288e-86
2.489177108e-86
2.4331772e-86
0.0002282528427
0.0002275845209
0.0002278006242
0.0002279171468
0.0002279509039
0.000227889365
0.0002277367663
0.0002274123995
0.0002271925377
0.0002268161056
0.0002263290631
0.0002256207293
0.0002250137442
0.000224276939
0.0002233536889
0.0002223016529
0.0002210697469
0.0002196935259
0.0002181105792
0.0002162027333
0.000213979255
0.0002113749667
0.000208335977
0.0002047767728
0.0002007555262
0.0001961377013
0.0001909698664
0.0001852978406
0.0001791219654
0.0001725725929
0.0001657715065
0.0001587595227
0.0001517274031
0.0001447898653
0.0001381024107
0.0001317784218
0.0001259016045
0.0001205392955
0.0001158735766
0.0001119319355
0.0001086752007
0.0001061839014
0.0001047174778
0.0001040309586
0.0001041869407
0.0001052185901
0.0001072793197
0.000110611451
0.0001147047469
0.0001206818426
0.0001277053189
0.0001359606437
0.0001453723036
0.0001558042457
0.0001670015113
0.0001785800979
0.0001900849687
0.0002010038267
0.0002105766635
0.0002193204403
0.0002262285706
0.0002319174394
0.0002355609865
0.0002380734677
0.0002396592308
0.0002406007439
0.0002410994452
0.0002412852671
0.0002412086449
0.0002408740174
0.0002403923007
0.0002395618499
0.0002388787821
0.0002368741097
0.0002271978683
0.000156446554
2.281412798e-05
1.476772513e-79
3.471753862e-86
3.414640196e-86
3.357542125e-86
3.300989551e-86
3.236645866e-86
3.188678697e-86
3.128301663e-86
3.07678887e-86
3.022666035e-86
2.970759474e-86
2.917179284e-86
2.864145687e-86
2.807148346e-86
2.756697384e-86
2.704625522e-86
2.653604938e-86
2.600659035e-86
2.543830491e-86
2.489151354e-86
2.44244687e-86
0.0002276570426
0.0002269640903
0.0002271189691
0.0002272363198
0.000227254536
0.0002271786127
0.0002270006602
0.0002267507894
0.0002264428518
0.0002260511602
0.0002254825445
0.0002248789555
0.0002242040163
0.000223407736
0.0002224454888
0.0002214636635
0.0002202106385
0.0002187403543
0.0002172532712
0.0002152952958
0.0002131303017
0.0002105370187
0.0002074412736
0.0002039698907
0.0001999613571
0.0001953479667
0.0001901755959
0.0001844886758
0.00017842874
0.0001719073995
0.0001650930204
0.0001580993548
0.0001510897595
0.0001441810937
0.0001375059747
0.0001311693544
0.0001252616277
0.0001199282049
0.0001152906915
0.0001113341685
0.0001080722467
0.0001055619941
0.0001040708792
0.0001033582934
0.0001034939791
0.0001046339762
0.0001066493275
0.0001097606169
0.000113645794
0.0001193902483
0.0001263061303
0.000134691169
0.0001440720241
0.0001544789508
0.0001656326239
0.0001771862348
0.0001886582991
0.0001993196814
0.000209486982
0.0002180632153
0.0002254095051
0.0002306364875
0.0002347213857
0.0002372525861
0.0002388847015
0.0002398604674
0.0002403678542
0.0002405378202
0.0002404373748
0.0002401039475
0.0002396075681
0.0002389339227
0.0002380830457
0.0002362635074
0.0002268904854
0.0001571782582
2.553528081e-05
2.730203506e-55
3.475842646e-86
3.41882691e-86
3.361468552e-86
3.303176831e-86
3.240016422e-86
3.188176956e-86
3.13440701e-86
3.075524948e-86
3.026222569e-86
2.973241992e-86
2.92037009e-86
2.869982687e-86
2.806730899e-86
2.759967847e-86
2.708402665e-86
2.657142112e-86
2.606446294e-86
2.548152734e-86
2.490796145e-86
2.449243382e-86
0.0002270262563
0.0002262931566
0.0002264464687
0.0002264916339
0.0002264869363
0.0002264014309
0.0002262680195
0.0002259994498
0.0002256128521
0.000225217723
0.0002246774956
0.0002240726001
0.0002233477631
0.0002224042646
0.0002216025141
0.0002205515849
0.0002193302107
0.0002179168225
0.0002163510502
0.0002144519734
0.0002122032228
0.000209594452
0.0002065898032
0.0002031019583
0.0001990815844
0.0001944275327
0.0001893564149
0.0001837265093
0.0001776545524
0.0001711512781
0.0001643659738
0.000157392364
0.0001503996991
0.0001434960468
0.0001368144945
0.0001304494451
0.0001245677337
0.0001192788182
0.0001146657575
0.0001106939163
0.0001074286206
0.0001049033652
0.0001033913785
0.0001026572181
0.0001027738373
0.0001038540403
0.0001057754052
0.0001087758532
0.0001129306236
0.0001186258948
0.0001253061619
0.0001332359722
0.0001425213242
0.0001531362169
0.0001643008586
0.0001758690273
0.0001873667261
0.0001983351333
0.0002081719203
0.0002171973647
0.0002244057825
0.0002298768679
0.0002338043826
0.0002364036216
0.0002380714377
0.000239069183
0.0002395796968
0.0002397363833
0.0002396244084
0.0002392940723
0.0002387513631
0.0002379584743
0.0002370968831
0.0002354053836
0.0002263551498
0.0001582639588
2.795490326e-05
5.278295692e-42
3.47978169e-86
3.422558243e-86
3.365391645e-86
3.3082349e-86
3.235847581e-86
3.190061111e-86
3.136977969e-86
3.081846829e-86
3.02912123e-86
2.972863139e-86
2.921277202e-86
2.868866007e-86
2.81479129e-86
2.763437713e-86
2.710648687e-86
2.659043079e-86
2.606735668e-86
2.551686556e-86
2.499712028e-86
2.453610344e-86
0.0002263520619
0.000225559325
0.0002257035998
0.0002257459318
0.0002257294013
0.0002256325825
0.0002254768204
0.000225186857
0.0002247952969
0.0002243107753
0.0002237728502
0.0002231527565
0.0002224193516
0.0002215390192
0.0002206608311
0.0002196676303
0.0002183818888
0.0002169846886
0.0002153397774
0.0002134807867
0.0002111236834
0.0002086475212
0.0002056382723
0.0002021485441
0.0001981298793
0.0001935437603
0.000188472
0.0001828627152
0.0001768014464
0.0001703252258
0.0001635351064
0.0001565819205
0.0001495898257
0.0001427088069
0.0001359975781
0.0001296674459
0.0001238368622
0.0001185807083
0.0001139909189
0.0001100074285
0.0001067415945
0.0001042061203
0.0001026783741
0.0001019254928
0.0001020174462
0.000103023104
0.0001049256417
0.0001080762871
0.000111945208
0.0001176089055
0.0001241678507
0.0001322024769
0.0001414218
0.0001518246551
0.0001629273164
0.0001744509779
0.0001859338094
0.000196888257
0.0002071988968
0.0002160590648
0.0002229409737
0.000228925076
0.0002328320312
0.0002355102455
0.0002372248902
0.0002382502208
0.000238767309
0.0002389101998
0.0002387740514
0.0002384093715
0.0002377735864
0.0002369450367
0.0002360382258
0.0002345488866
0.0002256728281
0.0001591278571
3.069567982e-05
2.97329396e-34
3.483663517e-86
3.427390808e-86
3.370258337e-86
3.311875815e-86
3.234845563e-86
3.191615202e-86
3.139201873e-86
3.083320879e-86
3.032490487e-86
2.978190355e-86
2.924711157e-86
2.869081715e-86
2.817701205e-86
2.766313948e-86
2.713264844e-86
2.659305919e-86
2.608673739e-86
2.556321801e-86
2.505377522e-86
2.456332715e-86
0.0002256220494
0.0002247265971
0.0002248951451
0.0002249330651
0.0002248725411
0.0002247841618
0.0002245710782
0.0002242470685
0.0002238657851
0.0002234386196
0.0002229006573
0.0002222609529
0.0002215067662
0.0002206036574
0.0002196271029
0.0002186464674
0.000217379152
0.000215924963
0.0002141612062
0.0002124078052
0.0002101567055
0.0002076168888
0.0002045532779
0.000201003881
0.0001969808117
0.0001925461015
0.0001874762374
0.0001819121808
0.0001758694448
0.0001694034111
0.0001625802248
0.0001556142242
0.000148617925
0.0001417703158
0.0001351201885
0.0001288326699
0.0001230434196
0.0001178277148
0.0001132638298
0.0001092716244
0.0001060082144
0.0001034669675
0.0001019280757
0.0001011592847
0.0001012238625
0.0001021839699
0.0001040575667
0.0001071446255
0.0001107881985
0.000116417239
0.0001231513349
0.0001309163194
0.0001400470637
0.0001501165287
0.000161155533
0.0001726686549
0.0001842352333
0.0001955592372
0.0002056855652
0.0002145994554
0.0002219824281
0.0002278482715
0.0002317946286
0.0002345532768
0.0002363187398
0.0002373716055
0.0002378961957
0.0002380305432
0.000237879697
0.0002374840969
0.0002368903514
0.0002362785959
0.0002353820608
0.0002335790731
0.000224909045
0.0001603706433
3.307741268e-05
0
3.486815319e-86
3.429872448e-86
3.372043473e-86
3.310331027e-86
3.242170679e-86
3.193871876e-86
3.140739548e-86
3.088359474e-86
3.036162001e-86
2.981232645e-86
2.926904452e-86
2.878154936e-86
2.812526223e-86
2.768397897e-86
2.715129944e-86
2.662404052e-86
2.611402777e-86
2.55965932e-86
2.508364348e-86
2.45761283e-86
0.0002248464066
0.0002239159519
0.0002239737271
0.0002240098617
0.00022400906
0.0002238145491
0.0002235735253
0.0002232505944
0.0002229364875
0.000222482975
0.0002219317317
0.0002212633487
0.00022051368
0.0002195311199
0.0002186067855
0.0002175438022
0.0002162472961
0.0002147680038
0.0002131185689
0.0002112011449
0.0002090320595
0.0002064541126
0.0002035067553
0.0001999833728
0.0001959673098
0.0001914633868
0.000186315549
0.0001808732932
0.0001748309738
0.0001683639422
0.0001614194219
0.0001545010388
0.0001475728386
0.0001407822364
0.0001341734381
0.0001279516492
0.0001222123721
0.0001170381396
0.0001124713617
0.0001084827049
0.000105224961
0.0001026828419
0.0001011400915
0.0001003607211
0.0001004051711
0.0001013323479
0.0001031515699
0.0001062260972
0.0001099859838
0.0001152642066
0.000121955351
0.0001300324245
0.0001390907021
0.0001492378062
0.0001602767208
0.0001718019175
0.0001833669445
0.0001943475179
0.0002043850963
0.0002132188329
0.0002209938165
0.0002268044396
0.0002308024938
0.0002336189559
0.0002354145399
0.0002364832331
0.0002370078729
0.0002371274865
0.0002369571296
0.000236539766
0.00023595777
0.0002351949147
0.0002342350897
0.0002325979528
0.0002239293001
0.000160780446
3.575751643e-05
1.032714739e-25
3.489097894e-86
3.431120355e-86
3.371904228e-86
3.311215778e-86
3.250620004e-86
3.200368858e-86
3.146288341e-86
3.085794569e-86
3.038284315e-86
2.983792546e-86
2.935622775e-86
2.867547083e-86
2.822382564e-86
2.772099086e-86
2.719982127e-86
2.665481269e-86
2.612789233e-86
2.566042494e-86
2.506605086e-86
2.461065746e-86
0.0002240148601
0.0002230082187
0.0002230672465
0.0002230976492
0.0002230474232
0.0002228626961
0.0002226142124
0.0002223119261
0.0002219093344
0.0002214103047
0.0002208554497
0.0002201730271
0.0002194190948
0.0002184896236
0.0002175088574
0.0002164448326
0.000215155125
0.0002136647135
0.0002119956954
0.0002100385022
0.000207835419
0.0002052652481
0.0002023154111
0.0001988069506
0.0001947978258
0.0001901787344
0.0001852070856
0.0001797331798
0.0001736707087
0.0001671990683
0.0001604059185
0.000153529159
0.0001466059089
0.0001397386254
0.0001331876875
0.0001270122387
0.0001213135413
0.0001161805435
0.0001116021288
0.0001076378019
0.0001043900743
0.0001018525709
0.0001003137128
9.952916557e-05
9.956140471e-05
0.000100469079
0.0001022559088
0.0001053087837
0.0001091503692
0.000114409054
0.0001211102377
0.00012885966
0.0001376411061
0.0001478620077
0.0001588437468
0.000170361426
0.0001819549253
0.000193193208
0.0002033753008
0.0002122794812
0.0002198493639
0.0002257279556
0.0002297846118
0.0002326474934
0.0002344781063
0.0002355633777
0.0002360850751
0.0002361896943
0.0002359968994
0.000235534792
0.0002348783787
0.0002339853218
0.0002331500705
0.0002315224452
0.000222749666
0.0001609428668
3.776420481e-05
0
3.491857414e-86
3.433469197e-86
3.373848294e-86
3.313469968e-86
3.253747493e-86
3.201891669e-86
3.147623883e-86
3.089700643e-86
3.039870052e-86
2.986413346e-86
2.934094571e-86
2.877016033e-86
2.82663213e-86
2.776196892e-86
2.724696942e-86
2.667557482e-86
2.616978712e-86
2.562602942e-86
2.510452123e-86
2.461627633e-86
0.0002231135823
0.0002219963386
0.0002220560433
0.0002220582116
0.0002219788142
0.0002217925599
0.0002215187692
0.0002212084498
0.0002207595801
0.0002201828403
0.000219616464
0.0002189106891
0.0002181812679
0.0002172981401
0.0002162392662
0.0002151858225
0.0002139055416
0.0002124404894
0.0002107028193
0.0002087213613
0.000206487879
0.0002039654252
0.0002009928963
0.0001975518651
0.0001935185788
0.0001889988556
0.0001840115368
0.000178452441
0.0001722938433
0.0001658173431
0.0001591640678
0.0001522943999
0.0001454012718
0.0001386036437
0.0001321096812
0.0001260040051
0.0001203643999
0.0001152541614
0.0001106669097
0.0001067300381
0.0001034976697
0.0001009716275
9.944455316e-05
9.86601859e-05
9.868667357e-05
9.958507149e-05
0.0001013763486
0.0001043519832
0.0001081823765
0.0001132741726
0.0001199847979
0.0001276522391
0.000136630936
0.0001462891091
0.0001571492958
0.0001685941721
0.0001804419808
0.0001916818202
0.0002021126922
0.000211129635
0.0002186715547
0.000224607594
0.0002287243587
0.0002316382183
0.0002335103756
0.0002346085268
0.0002351324781
0.0002352226506
0.000235008799
0.0002345223738
0.0002338964992
0.000233198815
0.0002322964759
0.0002302690428
0.0002213149554
0.0001609321693
3.943924416e-05
6.644846776e-22
3.493880474e-86
3.435239428e-86
3.375624918e-86
3.315896713e-86
3.257203935e-86
3.203828995e-86
3.149350883e-86
3.095934794e-86
3.042768984e-86
2.988985449e-86
2.935239493e-86
2.882832362e-86
2.830513771e-86
2.780045977e-86
2.723319416e-86
2.671352928e-86
2.618164651e-86
2.566689617e-86
2.51418125e-86
2.463343824e-86
0.0002221473099
0.0002209650342
0.0002209764142
0.0002208937502
0.0002207358726
0.0002205651058
0.0002202789115
0.0002199505078
0.0002194328387
0.0002189250765
0.0002182605597
0.0002175254011
0.0002167979076
0.0002159436067
0.0002148200057
0.000213761204
0.0002124910337
0.0002110196926
0.0002092861391
0.0002073915766
0.0002051570262
0.0002026418212
0.000199648355
0.0001961814873
0.0001920167345
0.0001876788441
0.0001826858432
0.0001770456822
0.000170751641
0.0001643486352
0.0001577502336
0.0001509629376
0.000144143704
0.0001374121713
0.0001309867182
0.0001249384743
0.0001193375098
0.000114247632
0.0001096696634
0.0001057648706
0.0001025530282
0.0001000449464
9.853539271e-05
9.775542736e-05
9.777984957e-05
9.86700962e-05
0.0001005110234
0.0001033361936
0.0001072279261
0.0001121405662
0.0001188376264
0.0001264903327
0.0001354330165
0.0001453503779
0.0001562115714
0.0001676337557
0.0001791183661
0.0001903450652
0.000200776273
0.0002098438679
0.0002174602266
0.0002234483616
0.0002276201937
0.0002305579162
0.000232460865
0.0002335700672
0.0002340934015
0.0002341876321
0.0002339672201
0.000233468975
0.0002328547904
0.0002320444696
0.0002309081258
0.000228959514
0.0002196714964
0.0001606322938
4.089121479e-05
1.128231269e-20
3.495315685e-86
3.436378535e-86
3.377454921e-86
3.318992847e-86
3.261951539e-86
3.208134939e-86
3.151430782e-86
3.098823952e-86
3.046886473e-86
2.994027444e-86
2.939752144e-86
2.883556067e-86
2.832901583e-86
2.779746821e-86
2.726810238e-86
2.675125251e-86
2.622721337e-86
2.566976637e-86
2.517329046e-86
2.467507669e-86
0.0002210966126
0.0002197885352
0.0002197815066
0.0002197514584
0.0002195915226
0.0002193715856
0.0002189974303
0.0002185466981
0.0002181349463
0.0002175455578
0.0002169399867
0.0002161822338
0.0002152575095
0.0002144311467
0.0002134234766
0.0002123121871
0.0002110687015
0.0002094901211
0.0002077061964
0.0002058435087
0.0002036342544
0.0002011269851
0.0001981525992
0.0001946619792
0.0001906413907
0.0001862495451
0.0001812437288
0.0001755637055
0.0001694258896
0.0001630470128
0.0001563778947
0.0001495467727
0.0001427967179
0.0001361478706
0.0001297972109
0.0001237936931
0.0001182331632
0.0001131424645
0.000108602606
0.000104732876
0.0001015468526
9.906523591e-05
9.758065117e-05
9.681127442e-05
9.683954963e-05
9.77215699e-05
9.957922935e-05
0.0001023450876
0.0001062491197
0.000111052211
0.0001177160496
0.0001253354273
0.0001341944171
0.0001441291994
0.0001549304194
0.0001663094325
0.0001777633047
0.0001889852687
0.0001994190566
0.0002085411222
0.0002162662695
0.0002222514127
0.0002264009619
0.0002293687013
0.0002313268647
0.0002324527227
0.0002329699056
0.000233100412
0.0002328637487
0.000232318747
0.0002316101218
0.000230544749
0.0002295001515
0.0002275263373
0.0002180139807
0.0001601703285
4.225296879e-05
9.113210315e-20
3.496834774e-86
3.438143559e-86
3.379578057e-86
3.321709718e-86
3.265067701e-86
3.21116335e-86
3.157425252e-86
3.102816582e-86
3.050737673e-86
2.99722772e-86
2.939591549e-86
2.887420749e-86
2.835447616e-86
2.784110808e-86
2.729051556e-86
2.676426279e-86
2.626348654e-86
2.572966501e-86
2.517959686e-86
2.467285099e-86
0.0002199594599
0.0002185648618
0.0002185066368
0.0002183819315
0.0002181823788
0.000217925456
0.0002175414614
0.0002171220543
0.0002166467302
0.0002160797467
0.0002154174465
0.0002146347305
0.0002137803473
0.0002128768938
0.0002118726432
0.0002106406834
0.0002094952755
0.0002077752337
0.000206124243
0.0002041418625
0.0002019007884
0.0001994258759
0.0001964642901
0.0001929809917
0.0001890873962
0.0001846760764
0.0001796242441
0.0001739578461
0.0001678386022
0.0001614535396
0.0001547829629
0.0001480493853
0.0001413511173
0.0001347185115
0.000128526085
0.0001225472714
0.0001170339033
0.000111948901
0.0001074698218
0.0001036441166
0.0001004908319
9.804324888e-05
9.658764986e-05
9.583245874e-05
9.586693698e-05
9.674140962e-05
9.860882357e-05
0.000101332019
0.0001052470148
0.0001099685771
0.000116601887
0.000124185496
0.000132980793
0.0001428517297
0.0001535992126
0.0001649220202
0.000176374182
0.0001876168804
0.0001980585413
0.0002072269691
0.0002149433855
0.0002209045503
0.0002249314674
0.0002279602267
0.0002300796421
0.0002312305717
0.0002316862904
0.0002319530982
0.0002317327842
0.0002311877749
0.0002305058465
0.0002295857284
0.0002284857502
0.0002262294636
0.000216357948
0.000159153676
4.257654244e-05
2.693346381e-19
3.498187972e-86
3.439317285e-86
3.381237124e-86
3.325134671e-86
3.268463482e-86
3.214765583e-86
3.16121267e-86
3.109496584e-86
3.049247081e-86
2.998450021e-86
2.94362193e-86
2.891199442e-86
2.838902785e-86
2.783684799e-86
2.733394288e-86
2.682854404e-86
2.627633602e-86
2.57357791e-86
2.521376939e-86
2.470428234e-86
0.0002186981056
0.0002171213687
0.0002170129643
0.0002168109928
0.0002165796041
0.0002162916162
0.0002160435886
0.0002154773798
0.0002149195906
0.0002143735595
0.0002136429688
0.0002128669955
0.0002120750548
0.0002112810757
0.0002101146566
0.000209039056
0.0002077349295
0.0002060949013
0.0002043205165
0.0002024375673
0.000200165772
0.0001974221724
0.0001945178213
0.0001909744402
0.0001873629994
0.0001829286185
0.0001778201951
0.0001721671394
0.0001659825372
0.000159676913
0.0001531606672
0.000146471877
0.0001397561114
0.0001333298211
0.0001271600268
0.0001212233369
0.0001157049791
0.0001106844003
0.0001062595998
0.000102477347
9.936142462e-05
9.696069595e-05
9.554327725e-05
9.481197844e-05
9.486284775e-05
9.573992773e-05
9.762727378e-05
0.000100314935
0.0001042384222
0.0001088943531
0.0001154979024
0.0001230463963
0.0001317907985
0.0001416145822
0.0001523251327
0.0001636262171
0.0001751085976
0.0001862763786
0.000196690783
0.0002058448849
0.0002134063584
0.0002192977607
0.0002238275407
0.0002268542624
0.000228751244
0.0002299228179
0.0002306213637
0.0002307523671
0.0002305054038
0.0002299022411
0.000229088361
0.0002280537812
0.0002266976001
0.0002244630931
0.0002143054211
0.0001577993016
4.244334739e-05
3.407714211e-19
3.500180847e-86
3.441323618e-86
3.38363433e-86
3.327313659e-86
3.271696417e-86
3.218169104e-86
3.16417586e-86
3.10966256e-86
3.055406722e-86
3.001889719e-86
2.947360079e-86
2.894629441e-86
2.842458635e-86
2.785601526e-86
2.736552591e-86
2.683264535e-86
2.63210422e-86
2.577046168e-86
2.525115427e-86
2.456205867e-86
0.0002173201459
0.0002156442752
0.0002154677675
0.0002152343534
0.0002149528669
0.0002146213181
0.0002141931713
0.000213700896
0.0002131195101
0.000212419013
0.0002117756134
0.0002109769095
0.0002100917377
0.0002093790545
0.0002080921182
0.000207106768
0.0002057314158
0.000204218811
0.0002025099733
0.0002004943733
0.0001982342813
0.0001955799834
0.0001924251709
0.0001892322752
0.0001855242477
0.0001810430522
0.0001759391779
0.0001703114499
0.000164230534
0.000157830689
0.0001514129064
0.0001448159503
0.0001382397155
0.000131856969
0.0001256608844
0.0001198077331
0.0001142941843
0.0001093442481
0.0001049873853
0.0001012702445
9.820026323e-05
9.585064644e-05
9.447049757e-05
9.376188676e-05
9.382596612e-05
9.470141703e-05
9.6597735e-05
9.925570899e-05
0.0001032079206
0.0001078067122
0.0001143990299
0.00012191419
0.0001306165577
0.0001403975213
0.0001510656914
0.0001623135074
0.0001736916429
0.0001845891485
0.0001950037218
0.0002045015527
0.0002123511392
0.00021824288
0.0002225682416
0.0002255994262
0.0002277614061
0.0002289220321
0.0002294444775
0.000229570725
0.0002292880119
0.0002286236816
0.0002277421536
0.0002266438815
0.0002251994103
0.0002229561279
0.000212482614
0.0001560358064
4.18839159e-05
2.205288371e-19
3.502635994e-86
3.44374342e-86
3.38594948e-86
3.329862155e-86
3.27467812e-86
3.219232934e-86
3.167996272e-86
3.114068771e-86
3.062173838e-86
3.001316362e-86
2.950325275e-86
2.896827488e-86
2.844386012e-86
2.791304964e-86
2.744188505e-86
2.683119505e-86
2.627658896e-86
2.568093333e-86
2.523340758e-86
2.466622187e-86
0.0002157502074
0.0002137527387
0.0002135252395
0.0002132274867
0.0002128892217
0.0002125065852
0.000212034587
0.000211562157
0.0002109560003
0.0002104420373
0.0002096232406
0.0002088308004
0.0002080738201
0.0002072180155
0.0002060889061
0.0002050337566
0.0002036728824
0.0002021861129
0.0002004735606
0.0001983138652
0.0001960530682
0.0001935082767
0.0001905557497
0.0001872263803
0.0001834410615
0.0001788759319
0.0001737496184
0.0001682495415
0.0001621841359
0.0001561127087
0.0001495690762
0.0001430842298
0.0001366031032
0.0001302800735
0.0001240752084
0.0001182427357
0.0001128170065
0.0001079347852
0.0001036361626
9.9959318e-05
9.693635058e-05
9.466008879e-05
9.333252576e-05
9.266617103e-05
9.276473068e-05
9.366155638e-05
9.559943726e-05
9.824217038e-05
0.0001021769023
0.0001067431376
0.0001132908806
0.0001207842992
0.0001294460328
0.0001391834209
0.0001498099188
0.0001610274826
0.0001724464567
0.0001834753638
0.0001938891956
0.000203184205
0.0002112188829
0.0002170212087
0.0002215388383
0.0002245780995
0.0002266144461
0.0002276024747
0.0002282967824
0.0002282946219
0.0002280016751
0.0002272822772
0.000226406664
0.0002252572914
0.0002238794127
0.0002211675924
0.0002098278103
0.0001528058537
4.075377405e-05
6.613017846e-20
3.505431567e-86
3.446477954e-86
3.388586608e-86
3.332976761e-86
3.282941782e-86
3.217371982e-86
3.171712773e-86
3.122025354e-86
3.056093464e-86
3.010782438e-86
2.95914515e-86
2.891264931e-86
2.846343522e-86
2.79300422e-86
2.748314589e-86
2.670692882e-86
2.629351037e-86
2.573953829e-86
2.523654303e-86
2.472577393e-86
0.000214042971
0.0002120289431
0.0002117429621
0.0002113971254
0.0002110086532
0.0002105891756
0.0002100786159
0.0002095562092
0.0002087034453
0.0002080025513
0.0002072524466
0.0002064648346
0.0002056532636
0.0002047503051
0.0002037100055
0.0002025848429
0.0002012515998
0.0001997967059
0.0001982377024
0.0001962265126
0.0001940020062
0.0001912587898
0.0001884133424
0.0001851077973
0.0001810264594
0.0001764251939
0.000171401818
0.000166147429
0.0001603353139
0.0001541233993
0.0001475078959
0.0001412291882
0.0001347912752
0.000128469183
0.0001222908694
0.0001165288982
0.0001112048089
0.000106413469
0.0001022068196
9.865027935e-05
9.56907354e-05
9.347934e-05
9.218976978e-05
9.1548211e-05
9.166026266e-05
9.255344842e-05
9.44797926e-05
9.706319544e-05
0.0001008960993
0.0001054275801
0.0001118356759
0.0001193526511
0.0001279694953
0.0001376585318
0.0001482414604
0.0001594377651
0.0001709944507
0.0001820185396
0.0001924044509
0.0002015672582
0.0002096864184
0.0002154931948
0.0002202695248
0.0002233173118
0.000225285622
0.0002264210143
0.0002268833367
0.0002268991759
0.0002265745372
0.0002258018689
0.0002246811581
0.0002230674962
0.0002217361642
0.000219133767
0.0002075460504
0.0001500819203
3.921059803e-05
9.604948039e-21
3.508272717e-86
3.449379022e-86
3.391231749e-86
3.334732793e-86
3.280455299e-86
3.226296294e-86
3.174813912e-86
3.120672346e-86
3.062345135e-86
3.012348109e-86
2.957507532e-86
2.898492974e-86
2.845679837e-86
2.792693988e-86
2.740131579e-86
2.683228033e-86
2.631254617e-86
2.578815825e-86
2.526067999e-86
2.47319651e-86
0.0002120489708
0.0002096075702
0.0002092093461
0.0002087871345
0.0002083152284
0.0002078311999
0.0002072834671
0.0002066828634
0.0002057762597
0.0002050603432
0.0002044411808
0.0002037125835
0.0002028534655
0.0002019107049
0.0002010448031
0.0001998580786
0.0001986042189
0.0001972067868
0.0001957804491
0.0001939024007
0.0001917032313
0.0001890290725
0.0001859443296
0.0001826804186
0.0001783951723
0.0001738750272
0.0001689928967
0.0001638720263
0.0001582237104
0.0001520480701
0.0001455688615
0.0001392245798
0.0001324699673
0.000126076646
0.0001199984538
0.0001143274375
0.0001091280836
0.0001044546445
0.0001003864672
9.711322452e-05
9.424387545e-05
9.21573262e-05
9.094995842e-05
9.038331335e-05
9.056002147e-05
9.149905869e-05
9.351731023e-05
9.609704087e-05
0.0001001788528
0.0001048337882
0.0001111101932
0.0001187955431
0.0001274546958
0.000137175202
0.0001477676663
0.0001589095579
0.0001698635767
0.000181451951
0.0001917971233
0.0002009315901
0.0002089247244
0.0002143320517
0.0002191064961
0.0002220428859
0.0002239201837
0.0002250461435
0.0002255029648
0.0002254990629
0.0002251626466
0.0002242648922
0.0002230738198
0.0002216890802
0.0002202121913
0.000216579533
0.0002038881556
0.0001456207562
3.704959815e-05
7.399961928e-22
3.510826276e-86
3.452211168e-86
3.394067977e-86
3.337480726e-86
3.282647012e-86
3.229345438e-86
3.176519069e-86
3.122028753e-86
3.067708498e-86
3.013511413e-86
2.953438932e-86
2.903321488e-86
2.848652144e-86
2.7949185e-86
2.741127211e-86
2.686503916e-86
2.636326482e-86
2.582053496e-86
2.527267551e-86
2.478685402e-86
0.000208422109
0.0002052948679
0.0002047564378
0.0002043077914
0.0002039464031
0.000203592886
0.0002031983804
0.0002027889964
0.0002025171094
0.0002020740351
0.0002014618764
0.0002007734381
0.0001999163285
0.0001990724588
0.00019823033
0.0001971456286
0.00019594153
0.0001945938268
0.000192915754
0.000191146436
0.0001889959568
0.0001864416772
0.0001835365333
0.0001801725572
0.0001761470832
0.0001717323655
0.000166911145
0.0001617334253
0.0001561610352
0.0001500332838
0.00014373439
0.0001373591053
0.0001308554116
0.0001245776429
0.0001186177025
0.000113049589
0.0001079379296
0.0001033335334
9.928925863e-05
9.568645906e-05
9.304385699e-05
9.101284773e-05
8.980374054e-05
8.923428909e-05
8.939877132e-05
9.031973837e-05
9.228390024e-05
9.485262973e-05
9.897028862e-05
0.0001036843604
0.0001095701779
0.0001172302336
0.000125783749
0.0001353918149
0.0001458826789
0.000156945562
0.0001683088141
0.0001794975673
0.0001898884589
0.0001991260943
0.0002071802329
0.0002127300164
0.0002170583094
0.0002200521968
0.0002219892904
0.0002232918009
0.0002237833732
0.0002238009913
0.0002234712299
0.0002225393871
0.0002213014058
0.0002198718613
0.0002181331958
0.0002148615725
0.0002037070048
0.0001490336263
3.822103849e-05
0
3.518260289e-86
3.460607185e-86
3.403603967e-86
3.347374493e-86
3.292098027e-86
3.238110817e-86
3.182949612e-86
3.128544976e-86
3.078307215e-86
3.015594784e-86
2.964640663e-86
2.911323743e-86
2.857359114e-86
2.805280202e-86
2.750458134e-86
2.690553284e-86
2.640912843e-86
2.587749792e-86
2.537533324e-86
2.486201171e-86
0.0002043337076
0.0002014342558
0.0002011281559
0.0002009322526
0.0002007242081
0.0002004895072
0.0002002005294
0.0001998851201
0.0001997897337
0.0001993772476
0.0001989229179
0.0001982916071
0.0001974824224
0.0001967009736
0.0001959063757
0.0001948658913
0.0001937130894
0.0001923933871
0.0001906434409
0.0001889320712
0.0001868729017
0.0001842942099
0.000181344769
0.0001777948348
0.0001741101084
0.0001697740675
0.0001650133623
0.0001598159719
0.0001542939131
0.0001482005915
0.0001420636754
0.00013564402
0.000129336926
0.0001231330925
0.0001172581105
0.000111756849
0.0001066967507
0.0001021371403
9.810177104e-05
9.460976556e-05
9.179690874e-05
8.984253956e-05
8.864208292e-05
8.807549845e-05
8.822631145e-05
8.911982036e-05
9.103288067e-05
9.356833691e-05
9.760587997e-05
0.0001022938124
0.0001079978841
0.0001155365785
0.0001239883525
0.0001335079888
0.0001439385253
0.0001549697677
0.0001662513816
0.0001772653025
0.0001876564936
0.0001970302264
0.0002050752502
0.0002108408625
0.0002153917456
0.0002185735659
0.000220662038
0.0002219278759
0.0002224222248
0.0002221210246
0.0002217952451
0.0002207698418
0.0002194186033
0.0002178705748
0.0002157787358
0.0002131772771
0.0002034072099
0.0001530541187
4.183038183e-05
1.31404743e-15
3.525827296e-86
3.468273829e-86
3.412306958e-86
3.356463809e-86
3.301737706e-86
3.24648305e-86
3.191570871e-86
3.139297784e-86
3.077539238e-86
3.027151994e-86
2.974622425e-86
2.920148244e-86
2.864556775e-86
2.811340319e-86
2.754912853e-86
2.701403144e-86
2.649219044e-86
2.596119781e-86
2.54567052e-86
2.49442874e-86
0.000200291694
0.0001977183266
0.0001979788258
0.0001977832517
0.0001976991462
0.0001975941682
0.0001974274381
0.0001973003017
0.0001970178255
0.0001968129126
0.0001963085031
0.0001957732028
0.0001950662082
0.0001943693918
0.0001935247425
0.000192462438
0.0001913837892
0.0001900683495
0.0001885230905
0.0001866951927
0.0001846970302
0.0001821442131
0.0001793923618
0.0001759385138
0.0001721375003
0.0001678380911
0.0001631242329
0.0001578540639
0.0001524170036
0.0001464334159
0.0001403859078
0.0001340088246
0.0001278202626
0.0001216871744
0.0001158851612
0.0001104364643
0.0001054116895
0.0001008838005
9.686960812e-05
9.342765194e-05
9.046188823e-05
8.866696612e-05
8.747180908e-05
8.689686531e-05
8.702987395e-05
8.789628905e-05
8.975447027e-05
9.225352865e-05
9.618217181e-05
0.0001008099289
0.0001063893443
0.0001137780774
0.0001220813179
0.0001314148099
0.0001415917893
0.0001522433705
0.0001639539334
0.0001749976594
0.0001854294893
0.0001947936547
0.0002028203739
0.0002089433853
0.0002132909741
0.0002164538437
0.0002188001539
0.0002198607468
0.0002204608822
0.0002202863803
0.0002198881782
0.0002188590422
0.0002174377665
0.0002157686009
0.000213630641
0.0002113076824
0.0002023922178
0.0001558579209
4.620022198e-05
0
3.534849402e-86
3.478484245e-86
3.42208609e-86
3.36710402e-86
3.312983485e-86
3.255378682e-86
3.194772593e-86
3.145891143e-86
3.088564252e-86
3.03277845e-86
2.98199693e-86
2.928567304e-86
2.875983914e-86
2.822083772e-86
2.762050651e-86
2.711426805e-86
2.656384833e-86
2.603332809e-86
2.554221029e-86
2.502748517e-86
0.0001963859823
0.0001943590234
0.0001946863058
0.0001946365132
0.0001946606836
0.0001946099378
0.0001945397581
0.0001945377862
0.000194150727
0.000194013484
0.0001936819534
0.0001931741603
0.0001924976157
0.0001918785423
0.0001910678683
0.0001900478899
0.0001890304412
0.0001877859078
0.0001862865409
0.0001846472919
0.0001825743732
0.0001801938987
0.0001773778746
0.0001739703559
0.0001700169825
0.0001657590219
0.0001611543986
0.0001556685597
0.0001504440648
0.0001446436741
0.0001386809211
0.0001323825461
0.0001262944658
0.0001202355633
0.0001144942288
0.0001090793301
0.0001040778894
9.957485779e-05
9.562460181e-05
9.222491093e-05
8.939632941e-05
8.746975485e-05
8.627421807e-05
8.568672413e-05
8.579859435e-05
8.66319608e-05
8.843458326e-05
9.087708616e-05
9.472685592e-05
9.930146926e-05
0.0001047667003
0.0001120186095
0.0001202126801
0.0001294683427
0.0001396554502
0.0001504396941
0.0001609813131
0.0001719810418
0.0001827667566
0.0001924702115
0.0002006021368
0.0002069893939
0.0002116638447
0.0002147197842
0.0002168557257
0.0002181657461
0.0002185662193
0.0002184169477
0.0002180154382
0.0002169595723
0.0002154989596
0.0002137582035
0.0002114901859
0.0002091158333
0.0002005480459
0.0001564972827
4.955413872e-05
9.33268449e-12
3.543890956e-86
3.487175745e-86
3.431333226e-86
3.376044179e-86
3.320911806e-86
3.261589174e-86
3.208728659e-86
3.159136747e-86
3.091549923e-86
3.042896941e-86
2.990393004e-86
2.937520059e-86
2.883810445e-86
2.827030035e-86
2.775260962e-86
2.717856192e-86
2.667060777e-86
2.611670351e-86
2.562165058e-86
2.510198853e-86
0.00019262219
0.0001910895856
0.0001914712413
0.0001914020996
0.0001915034066
0.0001915793656
0.0001916084715
0.0001917100158
0.0001915437097
0.0001912868523
0.0001908965083
0.0001904805963
0.0001899213028
0.000189396504
0.0001885162735
0.0001877910221
0.0001866200313
0.0001854241709
0.0001840599687
0.0001825407039
0.0001804597362
0.0001781630259
0.0001753442688
0.0001720187623
0.0001682120521
0.000163942788
0.0001590957078
0.0001539689862
0.0001483681123
0.0001428285426
0.000136971856
0.0001307871147
0.0001247646224
0.0001187991979
0.000113091017
0.0001076881678
0.00010273471
9.828070687e-05
9.438017584e-05
9.104451575e-05
8.823804038e-05
8.623716062e-05
8.50562293e-05
8.446228748e-05
8.455534947e-05
8.535677015e-05
8.710819835e-05
8.948438859e-05
9.322123462e-05
9.773441607e-05
0.0001030824689
0.0001101952924
0.0001182253396
0.0001272678311
0.0001368088008
0.0001480412371
0.0001591498232
0.0001701871635
0.000180573093
0.000190176149
0.0001984342857
0.0002049292072
0.0002097328794
0.0002127336064
0.0002148326705
0.0002162097956
0.0002166614288
0.0002167582867
0.0002161415866
0.0002150376865
0.0002135643032
0.0002118002526
0.000209544705
0.0002070067716
0.0001985813129
0.0001588550549
5.438959774e-05
0
3.553284734e-86
3.496492569e-86
3.440022438e-86
3.385227439e-86
3.329749457e-86
3.272841498e-86
3.215388684e-86
3.163520913e-86
3.111854101e-86
3.04816298e-86
2.999181852e-86
2.944846995e-86
2.891426461e-86
2.838104642e-86
2.78532129e-86
2.727237907e-86
2.677649098e-86
2.621032993e-86
2.572575678e-86
2.522713229e-86
0.0001890041445
0.0001880834891
0.0001882054613
0.0001884803747
0.0001886672996
0.0001888381939
0.0001889196472
0.0001888764665
0.0001889132441
0.0001884323154
0.0001881733421
0.00018783579
0.0001875935218
0.0001868155503
0.0001863021159
0.0001854668791
0.0001845003615
0.0001833467916
0.0001819888009
0.0001803689994
0.0001783438274
0.0001761243031
0.000173327528
0.0001700573138
0.0001663245605
0.000162111936
0.0001573989584
0.0001522459267
0.0001467553871
0.0001408787856
0.000135207619
0.0001291814125
0.0001232231456
0.0001173594635
0.0001116728068
0.0001063252766
0.0001014248964
9.701458989e-05
9.314538537e-05
8.984926144e-05
8.708913675e-05
8.488406109e-05
8.383044707e-05
8.32364747e-05
8.330778054e-05
8.407523449e-05
8.576083818e-05
8.815491603e-05
9.160338558e-05
9.612876795e-05
0.0001014264393
0.0001082801947
0.0001162274942
0.0001251690183
0.0001351593317
0.000145859582
0.0001567398117
0.0001678517915
0.0001781552114
0.000187814685
0.000196183578
0.0002027177807
0.0002077554689
0.0002109906303
0.0002132525853
0.000214641929
0.0002152151591
0.0002149951007
0.0002143306766
0.0002131703395
0.0002116550311
0.00020986953
0.0002075059322
0.0002046537623
0.0001962960827
0.0001593241856
5.9365295e-05
2.55540411e-09
3.563703863e-86
3.507107945e-86
3.45118815e-86
3.395100634e-86
3.339619148e-86
3.283798743e-86
3.226916962e-86
3.170188242e-86
3.11778016e-86
3.061582374e-86
3.007501962e-86
2.954018617e-86
2.902030294e-86
2.846369969e-86
2.793166257e-86
2.739583522e-86
2.683185884e-86
2.632680878e-86
2.581205552e-86
2.528311559e-86
0.0001854870783
0.0001849320581
0.000184975666
0.0001855180277
0.0001858124415
0.0001860699881
0.0001862096765
0.000186050461
0.000186193529
0.0001859834061
0.0001857800186
0.0001855593774
0.0001852079209
0.0001846026907
0.0001840217604
0.0001831010044
0.0001822882715
0.0001811958259
0.0001797558683
0.0001781550212
0.0001761803917
0.0001739800746
0.0001712916621
0.0001680797078
0.0001643862232
0.0001602284235
0.0001555852769
0.0001504890644
0.0001450923366
0.0001393530407
0.000133332251
0.0001275400684
0.000121681952
0.0001159093606
0.0001102710589
0.0001049896267
0.0001001407116
9.577080976e-05
9.193248549e-05
8.866800871e-05
8.594429972e-05
8.38006127e-05
8.264047379e-05
8.201899759e-05
8.206105035e-05
8.279395439e-05
8.439081875e-05
8.677161792e-05
9.003889928e-05
9.45192726e-05
9.976520318e-05
0.0001063447623
0.0001142151777
0.0001230439392
0.0001328431401
0.0001426760508
0.0001540906688
0.0001646017987
0.0001756221191
0.0001852129261
0.0001937050294
0.0002003457495
0.0002054888521
0.0002088165048
0.0002110914909
0.0002125413471
0.0002133990137
0.0002130414765
0.0002124208117
0.0002112361561
0.0002096879143
0.0002079208185
0.0002054486649
0.0002022444122
0.0001941095725
0.0001610673992
6.429667647e-05
7.977040907e-09
3.574436773e-86
3.517595489e-86
3.461250883e-86
3.405565384e-86
3.34960905e-86
3.294525775e-86
3.239330971e-86
3.185009372e-86
3.125380676e-86
3.069303049e-86
3.017921323e-86
2.961030913e-86
2.910202082e-86
2.856811651e-86
2.80244352e-86
2.748554979e-86
2.693489716e-86
2.641576945e-86
2.591010902e-86
2.539996375e-86
0.0001820621049
0.0001819340348
0.0001822206566
0.0001825018956
0.0001828346824
0.0001832086868
0.000183408151
0.0001835820805
0.0001834864634
0.0001834495857
0.0001833601517
0.0001830936277
0.000182868243
0.0001823023318
0.0001817014814
0.0001808641709
0.0001799669867
0.0001788771542
0.0001774882887
0.0001760018416
0.0001740333209
0.0001719050554
0.0001692614509
0.0001660978577
0.0001624978866
0.0001583882712
0.00015382254
0.0001487820874
0.00014340823
0.000137757722
0.000131889517
0.0001258048836
0.0001201071635
0.0001144066989
0.0001088878887
0.0001036863357
9.887878825e-05
9.45464006e-05
9.073640408e-05
8.74872648e-05
8.480302439e-05
8.268368387e-05
8.146858555e-05
8.080870437e-05
8.081278504e-05
8.151153583e-05
8.300325114e-05
8.534818036e-05
8.848377955e-05
9.28736243e-05
9.802307965e-05
0.0001043706586
0.0001120769743
0.0001206811284
0.0001298892751
0.000140688031
0.0001516409541
0.0001624582376
0.0001723731455
0.0001827253606
0.0001912238061
0.0001980032401
0.0002032966153
0.0002069847346
0.0002093485291
0.000210858561
0.0002114483459
0.000211141901
0.0002105063188
0.0002092719829
0.0002077445268
0.0002058074714
0.0002032294308
0.0001997246628
0.0001917135652
0.0001612594418
6.931909085e-05
6.586449706e-08
3.585597476e-86
3.528684852e-86
3.472544243e-86
3.417551705e-86
3.361823397e-86
3.302103857e-86
3.249399348e-86
3.194727004e-86
3.138220704e-86
3.082346994e-86
3.029081684e-86
2.971669834e-86
2.919153616e-86
2.866969124e-86
2.810092544e-86
2.758818979e-86
2.706967555e-86
2.651108083e-86
2.604221385e-86
2.543289133e-86
0.0001786939201
0.0001786863799
0.0001792686761
0.0001798668368
0.0001801718714
0.0001803367476
0.0001805929356
0.0001809333225
0.0001809539164
0.0001809137058
0.0001808255466
0.0001807111675
0.0001803044278
0.0001798780403
0.0001792220841
0.0001785497487
0.0001775921541
0.0001765840133
0.0001753567816
0.0001737598874
0.0001720001309
0.0001697914922
0.0001672317922
0.0001641208391
0.0001605755445
0.0001565212639
0.0001520043361
0.0001470356968
0.0001417847068
0.000136208758
0.0001304058737
0.0001244404509
0.0001184449514
0.0001127963738
0.0001074711104
0.0001023774009
9.763082457e-05
9.333631057e-05
8.955472156e-05
8.632228092e-05
8.365941346e-05
8.155152393e-05
8.026459823e-05
7.959187507e-05
7.956034131e-05
8.022295162e-05
8.162143929e-05
8.39149473e-05
8.694259718e-05
9.120957384e-05
9.628150173e-05
0.0001024409624
0.0001100142279
0.0001185189763
0.0001280169324
0.0001378079466
0.000148822126
0.0001594367764
0.0001702447275
0.0001795335025
0.0001887209042
0.0001956147064
0.0002010454241
0.0002048597697
0.0002072222248
0.0002087681823
0.000209413184
0.0002091521234
0.0002085390241
0.0002072824881
0.0002057184759
0.0002036478397
0.0002008955705
0.0001971040633
0.0001891272908
0.0001624176843
7.578068099e-05
2.572489452e-07
3.597535559e-86
3.540475542e-86
3.484348261e-86
3.428438718e-86
3.374117923e-86
3.315486682e-86
3.258351658e-86
3.203494134e-86
3.150663289e-86
3.096312793e-86
3.040027469e-86
2.982942892e-86
2.929694263e-86
2.8763789e-86
2.821299361e-86
2.769707392e-86
2.716576593e-86
2.661821792e-86
2.611589223e-86
2.560866282e-86
0.000175368629
0.0001755385656
0.0001763558571
0.0001770594452
0.0001774729156
0.0001777695119
0.0001781466203
0.0001783631675
0.000178364897
0.0001782151429
0.0001783046251
0.0001781116554
0.0001778117176
0.0001774360373
0.0001767201206
0.0001760960426
0.0001753702635
0.0001742287038
0.0001730716353
0.0001716870187
0.0001699113393
0.0001677218894
0.0001651842567
0.0001621337832
0.0001586420072
0.0001546700693
0.0001502409898
0.0001453713333
0.0001401197247
0.0001346013546
0.0001289042552
0.0001230634689
0.0001171958708
0.0001115686608
0.0001060051972
0.0001010626478
9.640327677e-05
9.214912906e-05
8.839216074e-05
8.517390177e-05
8.25297176e-05
8.042652284e-05
7.899451348e-05
7.835741342e-05
7.830313041e-05
7.891962857e-05
8.024695707e-05
8.246341908e-05
8.538254009e-05
8.951977189e-05
9.449380963e-05
0.0001004662352
0.0001078484348
0.000116133344
0.0001251362404
0.0001355624261
0.0001456630443
0.0001572169779
0.0001676709195
0.0001774735085
0.0001861738062
0.0001932241669
0.0001988487819
0.0002029963488
0.0002053742871
0.0002067254413
0.0002074444043
0.0002072241351
0.0002065623601
0.0002052921763
0.0002036457839
0.0002014043454
0.000198393029
0.000194233492
0.0001863663691
0.0001621658363
8.0186312e-05
8.290920182e-07
3.610150021e-86
3.552914463e-86
3.495702373e-86
3.440422562e-86
3.384471666e-86
3.326169025e-86
3.272316116e-86
3.216106471e-86
3.164710067e-86
3.103765744e-86
3.050219195e-86
2.997814266e-86
2.939806023e-86
2.888398011e-86
2.832258979e-86
2.781608001e-86
2.728133745e-86
2.673924587e-86
2.618053057e-86
2.568664307e-86
0.0001721120721
0.000172705439
0.0001733233469
0.0001742864611
0.0001746185428
0.0001751246494
0.000175454565
0.0001755712962
0.0001756302909
0.0001757577258
0.0001756612051
0.0001755858759
0.0001751671801
0.000174936129
0.0001745058144
0.0001739146567
0.000173080651
0.0001721341856
0.0001708678651
0.0001695543159
0.0001677796708
0.0001656236812
0.0001631591441
0.0001601728511
0.0001567521724
0.0001528253736
0.000148448568
0.0001436445291
0.0001385044418
0.0001330739332
0.0001274110973
0.0001216628651
0.0001158960685
0.000110284799
0.0001048492715
9.965376589e-05
9.513385118e-05
9.097650801e-05
8.724994534e-05
8.405026359e-05
8.140215403e-05
7.931875931e-05
7.782168412e-05
7.715823131e-05
7.70617654e-05
7.762447534e-05
7.887924087e-05
8.101611875e-05
8.38418048e-05
8.783651332e-05
9.27233211e-05
9.853190844e-05
0.0001057706669
0.0001139485977
0.000123214478
0.000132778983
0.0001437012101
0.0001546527805
0.0001652103075
0.0001750500887
0.0001837614398
0.0001909065597
0.0001966544965
0.0002009489875
0.0002033245243
0.0002048595115
0.0002054655261
0.0002052778983
0.0002045729492
0.000203292516
0.0002015401254
0.0001991188782
0.0001958317343
0.000191296797
0.0001836694577
0.0001620178139
8.36501857e-05
2.220771164e-06
3.622932299e-86
3.565976231e-86
3.510522296e-86
3.453100932e-86
3.39583246e-86
3.33832606e-86
3.282227502e-86
3.229229913e-86
3.175473103e-86
3.11953341e-86
3.060433584e-86
3.009252015e-86
2.953859463e-86
2.90081701e-86
2.84673764e-86
2.793746141e-86
2.738579352e-86
2.683346894e-86
2.630894526e-86
2.579065044e-86
0.0001689035905
0.0001698399396
0.0001706436795
0.0001714086896
0.0001717595677
0.0001723189454
0.0001728609361
0.0001728655697
0.000173159946
0.0001733003409
0.0001732900517
0.0001729436235
0.0001728800159
0.0001724512034
0.0001721865995
0.0001715908898
0.0001707497943
0.0001699845179
0.0001688068681
0.0001674131301
0.0001656846873
0.0001635964136
0.0001611457895
0.0001582319622
0.0001548589783
0.0001509983091
0.0001466855188
0.000141943558
0.0001368734479
0.0001314992226
0.0001259247423
0.0001202545879
0.000114578975
0.0001089712006
0.0001035998783
9.855313528e-05
9.380464514e-05
8.979721018e-05
8.610391812e-05
8.292272646e-05
8.028083248e-05
7.820981888e-05
7.668235712e-05
7.596423092e-05
7.581801585e-05
7.632045498e-05
7.750559759e-05
7.955939594e-05
8.22910419e-05
8.615119481e-05
9.092309839e-05
9.660008556e-05
0.0001035575734
0.0001115568804
0.0001202825587
0.0001304546537
0.0001407375165
0.0001510231726
0.0001619755991
0.0001721564905
0.0001810355078
0.0001883336247
0.000194266168
0.0001987142828
0.0002014927089
0.0002027546584
0.0002033939606
0.0002032751671
0.0002025717138
0.0002012838936
0.0001993808202
0.0001967953478
0.0001932280106
0.0001883430315
0.000180863884
0.0001610602592
8.668560187e-05
4.261989687e-06
3.637096921e-86
3.579428604e-86
3.523084198e-86
3.466360473e-86
3.409198516e-86
3.352370567e-86
3.29442875e-86
3.241279727e-86
3.185504869e-86
3.13058465e-86
3.077117103e-86
3.023213317e-86
2.966981037e-86
2.912958084e-86
2.860271317e-86
2.808379099e-86
2.746726897e-86
2.698498569e-86
2.64303126e-86
2.590973771e-86
0.0001657195899
0.0001668822812
0.000167853552
0.0001684966038
0.0001691070145
0.0001695059676
0.0001700122526
0.0001701427591
0.0001706283812
0.0001706987391
0.0001708398513
0.0001706305365
0.0001705572474
0.0001702052872
0.0001698252368
0.0001692251744
0.0001686025991
0.000167719825
0.0001666509561
0.0001652073507
0.0001634971565
0.0001614912328
0.0001591172489
0.0001562637734
0.0001529573802
0.0001491579292
0.0001449160262
0.0001402490538
0.0001352476436
0.0001299445474
0.0001244423211
0.0001188471534
0.0001132430773
0.0001077044618
0.0001024160835
9.73645931e-05
9.273841582e-05
8.862401996e-05
8.499495311e-05
8.183028916e-05
7.919087994e-05
7.711241729e-05
7.55273621e-05
7.480172637e-05
7.459621502e-05
7.503697475e-05
7.615028881e-05
7.81169462e-05
8.074205768e-05
8.448506616e-05
8.91240053e-05
9.469073805e-05
0.000101428308
0.0001093165307
0.0001182304928
0.0001275664872
0.0001381001168
0.0001489032099
0.0001587044817
0.0001685867768
0.0001782793153
0.0001857861415
0.0001918158212
0.0001963238847
0.0001993176208
0.0002007337192
0.0002013306976
0.0002012239229
0.0002005122946
0.0001991978068
0.0001971613799
0.0001943896148
0.0001905403995
0.0001852478586
0.0001779474811
0.0001594057029
8.803325312e-05
6.739841233e-06
0
3.594330194e-86
3.536253943e-86
3.480006819e-86
3.422783219e-86
3.365049783e-86
3.30800094e-86
3.25614176e-86
3.198596934e-86
3.14457458e-86
3.088840771e-86
3.039939411e-86
2.976273997e-86
2.926231517e-86
2.871682077e-86
2.81826243e-86
2.762660509e-86
2.712235669e-86
2.660487362e-86
2.610956985e-86
0.0001625494458
0.0001638023995
0.0001649080922
0.0001654791858
0.0001664224743
0.0001669248973
0.0001673648443
0.0001677437094
0.0001679590711
0.0001680871267
0.0001682393444
0.0001682778995
0.0001681114425
0.0001679060672
0.0001674239638
0.0001670248436
0.0001664056597
0.0001654683247
0.0001644036407
0.0001630237274
0.0001613839277
0.0001594660179
0.0001570918354
0.0001543153402
0.0001510571433
0.0001473369418
0.0001431650636
0.0001385711657
0.0001336371131
0.0001284077011
0.0001229781072
0.0001174397285
0.0001119038897
0.000106456241
0.0001011694102
9.622698354e-05
9.160995227e-05
8.733220909e-05
8.385148834e-05
8.070889993e-05
7.807837556e-05
7.600104869e-05
7.447813461e-05
7.362763468e-05
7.336791819e-05
7.374967886e-05
7.479553036e-05
7.667092617e-05
7.923967715e-05
8.27709756e-05
8.730160436e-05
9.273805829e-05
9.925112272e-05
0.0001069290756
0.0001153692401
0.0001251992949
0.0001349478448
0.000145894023
0.00015648902
0.0001664819025
0.0001748548642
0.0001831199823
0.0001893763265
0.0001939648063
0.0001971954548
0.0001986166193
0.0001992614246
0.0001991977243
0.0001984571897
0.000197070585
0.0001949098398
0.0001919408966
0.0001878328194
0.0001822370213
0.0001750644798
0.0001576606684
9.192051618e-05
9.655753543e-06
1.084199682e-46
3.609605367e-86
3.552678201e-86
3.494607767e-86
3.437614795e-86
3.380713932e-86
3.322131196e-86
3.273623606e-86
3.209663878e-86
3.157640395e-86
3.104335262e-86
3.050833952e-86
2.992837048e-86
2.940047803e-86
2.883968701e-86
2.832368134e-86
2.77509961e-86
2.726633261e-86
2.67398054e-86
2.621155102e-86
0.0001594290273
0.0001610824838
0.0001619763844
0.0001629103991
0.0001637180577
0.0001643570217
0.000164549756
0.0001652645294
0.0001653485612
0.0001656796203
0.0001657114604
0.0001658231571
0.0001655963034
0.0001654730134
0.0001651957303
0.0001648167501
0.000164060351
0.0001630723185
0.0001621555179
0.0001608619936
0.0001592200638
0.00015746357
0.0001550641939
0.0001523762027
0.0001491804125
0.0001455307151
0.0001414296886
0.0001369105551
0.0001320456827
0.000126888505
0.0001215251023
0.0001160513943
0.0001105774291
0.0001051786724
9.999452019e-05
9.506097462e-05
9.048212083e-05
8.633122631e-05
8.276584775e-05
7.963320654e-05
7.700293625e-05
7.490582916e-05
7.338759908e-05
7.248127133e-05
7.216630902e-05
7.248473675e-05
7.345889564e-05
7.523421719e-05
7.772812794e-05
8.109274379e-05
8.549017314e-05
9.079971092e-05
9.713152293e-05
0.0001046638629
0.0001132441957
0.0001223046646
0.0001326294881
0.0001426229827
0.0001531026325
0.0001635892173
0.0001727241509
0.0001804576199
0.0001868199544
0.0001915748382
0.0001950005241
0.0001967147728
0.000197204919
0.0001971559892
0.000196380881
0.0001949036074
0.0001926017659
0.0001894247969
0.0001850646891
0.0001792010023
0.0001719950158
0.0001554578777
9.275441029e-05
1.258937167e-05
1.357127021e-31
3.623836629e-86
3.566748595e-86
3.509385265e-86
3.452269591e-86
3.395450281e-86
3.338491175e-86
3.28608634e-86
3.228181993e-86
3.17241996e-86
3.118449062e-86
3.064285151e-86
3.009557543e-86
2.951829576e-86
2.896229065e-86
2.846587509e-86
2.795260085e-86
2.734782681e-86
2.687197446e-86
2.623962379e-86
0.0001563420766
0.0001582583471
0.0001594100331
0.0001602838225
0.0001608886902
0.0001616543609
0.0001621360385
0.0001627073271
0.000162929607
0.0001632779849
0.0001632212286
0.0001632525706
0.000163309137
0.0001630779859
0.0001629203197
0.0001625018201
0.0001617808571
0.0001610429344
0.0001600936268
0.0001587147576
0.0001572834458
0.000155515206
0.0001531444055
0.0001504642494
0.0001473280897
0.0001437464641
0.0001397159905
0.0001352710995
0.0001304753036
0.000125387005
0.000120088832
0.0001146791906
0.000109265414
0.0001039359574
9.879222223e-05
9.393733673e-05
8.941905349e-05
8.524661312e-05
8.16345518e-05
7.854468208e-05
7.591080914e-05
7.380123941e-05
7.227987844e-05
7.127519813e-05
7.09384513e-05
7.120855004e-05
7.211972722e-05
7.380010471e-05
7.620856339e-05
7.943203541e-05
8.367802837e-05
8.884027274e-05
9.498054876e-05
0.0001022923982
0.000110398067
0.0001198612809
0.0001294865815
0.0001401226671
0.0001506467525
0.0001601135017
0.0001701096296
0.0001778373129
0.0001843415939
0.000189193547
0.0001926315912
0.0001945436941
0.000195059014
0.0001950432311
0.0001942532482
0.0001927020012
0.0001902571818
0.0001868746893
0.00018228249
0.0001762245478
0.0001689045656
0.0001532661855
9.585440122e-05
1.575834395e-05
1.440194941e-22
3.641101059e-86
3.582526126e-86
3.525449193e-86
3.467685401e-86
3.410846609e-86
3.356108934e-86
3.300069831e-86
3.245431835e-86
3.190240369e-86
3.135274021e-86
3.077117098e-86
3.024916258e-86
2.964660122e-86
2.912625218e-86
2.859908883e-86
2.806713883e-86
2.749689695e-86
2.697176995e-86
2.63834651e-86
0.0001532593961
0.0001553266191
0.0001567179355
0.0001574880421
0.0001584863327
0.0001588590523
0.0001596167585
0.0001601537853
0.0001603303816
0.0001606992785
0.0001608839538
0.0001610034796
0.0001609944861
0.0001608683437
0.0001605321932
0.0001601957617
0.0001596613122
0.0001589374169
0.0001578730433
0.0001567293852
0.0001553034961
0.0001535274968
0.0001511093359
0.0001485649862
0.0001454953798
0.0001419817902
0.0001380234851
0.0001336527149
0.0001289303336
0.0001239119728
0.0001186821345
0.0001133354094
0.0001079760516
0.0001027050427
9.76291441e-05
9.280270881e-05
8.830784244e-05
8.420195397e-05
8.042559588e-05
7.746287476e-05
7.48354228e-05
7.271128476e-05
7.113489747e-05
6.993515004e-05
6.972748793e-05
6.995873149e-05
7.080576709e-05
7.238339987e-05
7.46975229e-05
7.779388866e-05
8.188342261e-05
8.690068534e-05
9.289230647e-05
0.0001000125929
0.0001082289697
0.0001170428282
0.0001272980211
0.0001369632885
0.0001472797951
0.0001578042714
0.0001669653495
0.0001745073873
0.0001815030761
0.0001865890767
0.0001901619119
0.0001923695445
0.0001929290724
0.0001929301522
0.000192101196
0.0001904497098
0.0001878552672
0.0001842683137
0.0001794482819
0.0001731627555
0.0001656453979
0.0001506710221
9.711511099e-05
1.795621777e-05
0
3.657491809e-86
3.599459663e-86
3.542099906e-86
3.485781427e-86
3.42649095e-86
3.373422551e-86
3.315837642e-86
3.26106622e-86
3.203999191e-86
3.149500242e-86
3.092601794e-86
3.040354642e-86
2.980448764e-86
2.928021804e-86
2.876679013e-86
2.814652936e-86
2.760728115e-86
2.708279702e-86
2.652444805e-86
0.0001501785134
0.0001523274019
0.0001538102037
0.0001546521068
0.0001557433595
0.0001564504414
0.0001570015978
0.0001574045573
0.0001579653739
0.0001581347875
0.00015845669
0.0001586819693
0.0001585320139
0.0001586103019
0.0001583526622
0.000157788309
0.0001574364573
0.000156735622
0.0001556700512
0.0001546520526
0.0001532307575
0.0001514961917
0.0001491573651
0.000146660634
0.0001436673373
0.0001402210677
0.0001363376818
0.0001320447818
0.0001273923405
0.0001224445524
0.0001172846052
0.0001120071818
0.0001067121824
0.0001014930196
9.645714182e-05
9.168569004e-05
8.725609713e-05
8.314204701e-05
7.949213007e-05
7.640510733e-05
7.379256952e-05
7.165566442e-05
7.010063831e-05
6.888733828e-05
6.855386028e-05
6.872113812e-05
6.95034518e-05
7.097111465e-05
7.319014227e-05
7.616593356e-05
8.009945375e-05
8.495637075e-05
9.078433954e-05
9.768283545e-05
0.000105483018
0.0001146289993
0.000124276649
0.0001344862296
0.0001450534
0.0001547840528
0.0001633991293
0.0001721770871
0.0001790386772
0.000184234464
0.0001879116482
0.0001902969701
0.0001908659124
0.000190876297
0.0001899777792
0.0001882089963
0.0001854536497
0.0001816569855
0.0001766126432
0.0001701450719
0.000162398123
0.0001480351725
9.968808817e-05
2.232208031e-05
1.342329665e-14
3.674880535e-86
3.617097805e-86
3.558815691e-86
3.502575737e-86
3.447566061e-86
3.390208053e-86
3.334205482e-86
3.276642957e-86
3.216719918e-86
3.162692835e-86
3.108536153e-86
3.055043081e-86
2.997779773e-86
2.944165803e-86
2.88891188e-86
2.833732974e-86
2.776376575e-86
2.71840027e-86
2.666294693e-86
0.0001471367048
0.0001496046259
0.0001510489532
0.000152204374
0.000153259962
0.0001539465061
0.0001542743283
0.0001547608771
0.0001555562076
0.000155803133
0.0001560637607
0.0001561950166
0.0001562892184
0.000156294041
0.0001560818901
0.0001556770597
0.0001550880977
0.000154415289
0.0001536156477
0.0001525485406
0.0001511003051
0.0001493939743
0.0001470852465
0.0001447594756
0.0001418399888
0.000138470294
0.0001346656029
0.0001304471821
0.0001258657932
0.0001209894182
0.0001158998772
0.0001106914368
0.0001054622719
0.0001003046312
9.531236684e-05
9.057916332e-05
8.616246146e-05
8.213435592e-05
7.845800018e-05
7.531836567e-05
7.27413155e-05
7.061173824e-05
6.904797343e-05
6.785583089e-05
6.741330268e-05
6.751242042e-05
6.822373704e-05
6.959055065e-05
7.170634352e-05
7.456339208e-05
7.834233475e-05
8.303787342e-05
8.870236555e-05
9.542001437e-05
0.0001032194153
0.000111700456
0.0001210288699
0.0001311471841
0.0001418976409
0.0001511965031
0.0001610219396
0.0001694206087
0.0001762374458
0.0001816267045
0.0001854745162
0.0001880594788
0.00018874703
0.000188769593
0.0001877972455
0.0001858981168
0.000183001815
0.0001790036314
0.0001737364028
0.0001670687202
0.0001590228166
0.0001451006051
9.97774997e-05
2.388308701e-05
0
3.692713161e-86
3.635148001e-86
3.577621255e-86
3.520943514e-86
3.465143748e-86
3.409320316e-86
3.352121207e-86
3.292586998e-86
3.237513989e-86
3.176211927e-86
3.123982956e-86
3.071495312e-86
3.016379433e-86
2.958528089e-86
2.905803303e-86
2.843958669e-86
2.789857297e-86
2.73192389e-86
2.68276808e-86
0.0001440934765
0.0001467921245
0.0001480009226
0.0001494901171
0.0001504353495
0.0001512490102
0.000151820754
0.0001524254197
0.000153028849
0.0001534551503
0.0001534822904
0.0001536824982
0.0001540061273
0.0001538413951
0.0001536987882
0.000153434703
0.0001528234398
0.0001521607383
0.0001514421522
0.0001503881453
0.0001489918183
0.0001473785596
0.0001452389517
0.0001428749283
0.0001400036213
0.0001367331077
0.0001330059577
0.0001288622929
0.0001243522298
0.0001195472874
0.0001145280414
0.0001093880895
0.0001042236605
9.912716147e-05
9.418515843e-05
8.948714255e-05
8.513015714e-05
8.108918286e-05
7.750225601e-05
7.430029341e-05
7.173617537e-05
6.96017011e-05
6.802662393e-05
6.682350009e-05
6.629099129e-05
6.632095566e-05
6.695498708e-05
6.823106203e-05
7.023591894e-05
7.298309161e-05
7.660145104e-05
8.113381399e-05
8.66288992e-05
9.315888631e-05
0.0001005851425
0.0001093565997
0.0001186486404
0.0001286557943
0.0001388006221
0.000148840813
0.0001576985508
0.0001666760358
0.0001736404879
0.0001791567566
0.0001831128542
0.0001857634459
0.0001866455469
0.0001866899684
0.000185620125
0.0001835889721
0.0001805382289
0.0001763368872
0.000170846022
0.0001639704213
0.0001557040143
0.0001421891138
0.0001016023607
2.729099611e-05
9.812064088e-11
3.711264863e-86
3.652918541e-86
3.596570497e-86
3.540356018e-86
3.484316374e-86
3.426687906e-86
3.368275968e-86
3.310892158e-86
3.25417811e-86
3.194956573e-86
3.141697839e-86
3.088246055e-86
3.033066839e-86
2.978728532e-86
2.923213558e-86
2.850353817e-86
2.805941175e-86
2.749002044e-86
2.694465512e-86
0.0001410617451
0.0001438100286
0.0001455029498
0.0001468467824
0.0001477161633
0.0001485963306
0.0001493217742
0.0001498999597
0.0001505198993
0.0001509646134
0.0001511764629
0.0001514174884
0.0001516107216
0.0001516113379
0.0001514995056
0.0001512409481
0.000150730507
0.0001501120211
0.0001492831762
0.0001482725061
0.0001470539166
0.0001453817378
0.000143376733
0.0001410114802
0.0001381894221
0.0001350086191
0.0001313623639
0.000127288701
0.0001228498937
0.0001181161875
0.0001131667954
0.000108094251
0.0001029898622
9.794902449e-05
9.306728802e-05
8.841449319e-05
8.407448597e-05
8.012789894e-05
7.650210647e-05
7.322907433e-05
7.074249749e-05
6.859933665e-05
6.699534024e-05
6.579374334e-05
6.518937795e-05
6.515047265e-05
6.57058433e-05
6.689380901e-05
6.878590705e-05
7.141900343e-05
7.489205313e-05
7.925702548e-05
8.458611767e-05
9.094560484e-05
9.835258368e-05
0.0001064992578
0.0001155214501
0.0001252736103
0.0001350155781
0.0001450852918
0.0001549767284
0.0001628383144
0.0001705505327
0.000176345145
0.0001805278529
0.0001832620787
0.0001845111863
0.0001845618901
0.0001833754692
0.0001812339203
0.0001780340829
0.0001736402011
0.0001679380413
0.0001608784529
0.000152360718
0.0001395380064
0.0001039842014
3.273943927e-05
0
3.731290046e-86
3.674081424e-86
3.616256931e-86
3.559535857e-86
3.503963992e-86
3.443013747e-86
3.388011007e-86
3.331142928e-86
3.271400444e-86
3.213554321e-86
3.159499373e-86
3.106042291e-86
3.047748288e-86
2.993306957e-86
2.937196638e-86
2.872218472e-86
2.816332797e-86
2.76285588e-86
2.713256384e-86
0.0001380657675
0.0001412205897
0.0001427846465
0.0001440009738
0.0001448007569
0.0001457279086
0.0001465605655
0.0001473602883
0.0001477465823
0.0001483876452
0.0001488212413
0.0001490088225
0.0001491746076
0.0001491341655
0.0001490541471
0.0001489054426
0.0001484905344
0.0001480067562
0.0001472438702
0.0001461166521
0.0001450282077
0.0001433255447
0.0001415035364
0.0001391436541
0.0001363944312
0.0001332912583
0.0001297174376
0.0001257152361
0.0001213489228
0.000116686772
0.0001118040028
0.0001067938989
0.0001017566519
9.678433822e-05
9.196269022e-05
8.735828405e-05
8.305211205e-05
7.912896808e-05
7.555487726e-05
7.239196776e-05
6.975966376e-05
6.760550917e-05
6.597539076e-05
6.476958912e-05
6.409467292e-05
6.399161992e-05
6.447239254e-05
6.557559871e-05
6.73582386e-05
6.987311532e-05
7.320829573e-05
7.739495781e-05
8.255412047e-05
8.873254349e-05
9.574082186e-05
0.0001040719752
0.0001133022924
0.0001227446024
0.0001325941735
0.0001426940189
0.0001516478966
0.0001606407908
0.0001680214338
0.0001737927916
0.000178061487
0.0001808493157
0.0001823979295
0.000182445346
0.0001811032508
0.0001788588082
0.0001755091313
0.0001709259869
0.0001650138994
0.0001577507219
0.0001489517212
0.000136686197
0.000104489547
3.526323688e-05
9.925232702e-09
3.751391143e-86
3.693252286e-86
3.634858525e-86
3.577286709e-86
3.521400093e-86
3.465231446e-86
3.405808695e-86
3.350391551e-86
3.290612278e-86
3.234394914e-86
3.179053321e-86
3.124310976e-86
3.067027006e-86
3.006908844e-86
2.946274171e-86
2.886999917e-86
2.834412582e-86
2.782212733e-86
2.730427137e-86
0.0001349512131
0.0001381762287
0.0001397904849
0.0001409076188
0.0001421418283
0.0001432003425
0.0001440973671
0.0001446024306
0.0001453881361
0.0001457491091
0.0001463475039
0.0001466547215
0.0001465984079
0.0001466673931
0.0001466061247
0.0001464298315
0.0001461799832
0.000145741857
0.0001451401316
0.0001441223829
0.0001429369087
0.0001412425079
0.000139542313
0.0001372913433
0.0001346129669
0.000131580235
0.0001280733191
0.0001241406618
0.0001198420075
0.0001152456845
0.000110436206
0.0001055035576
0.0001005408378
9.563487188e-05
9.087236004e-05
8.632135145e-05
8.204909155e-05
7.814209356e-05
7.46095554e-05
7.145132432e-05
6.875236543e-05
6.662881741e-05
6.497010871e-05
6.375411582e-05
6.302968797e-05
6.286040093e-05
6.326637368e-05
6.428187835e-05
6.595426493e-05
6.834545615e-05
7.154747459e-05
7.556051929e-05
8.054385393e-05
8.654874421e-05
9.382295577e-05
0.0001013376957
0.0001103015943
0.0001194787513
0.0001291117532
0.0001390637802
0.0001490540587
0.0001577231361
0.0001645932861
0.0001708994692
0.0001753933056
0.0001783247562
0.0001801547418
0.0001802257609
0.0001787489343
0.0001764275689
0.0001729455433
0.0001681848854
0.0001620758046
0.0001546247637
0.000145604662
0.0001339222582
0.0001056744402
3.845136161e-05
5.92120578e-08
3.772635517e-86
3.713902572e-86
3.654809655e-86
3.599326889e-86
3.540144684e-86
3.482946877e-86
3.426441805e-86
3.372340573e-86
3.310260032e-86
3.257373342e-86
3.198043646e-86
3.143091767e-86
3.085916985e-86
3.024612252e-86
2.958668523e-86
2.903167156e-86
2.852287407e-86
2.802086419e-86
2.745548114e-86
0.0001319187362
0.0001352153073
0.000136740394
0.0001382026485
0.0001394019498
0.0001404816082
0.0001413609536
0.0001421489505
0.0001428089081
0.0001433679661
0.0001436790401
0.0001440586088
0.0001443780667
0.0001444658202
0.0001445168014
0.0001441868919
0.0001440888264
0.0001435091096
0.000142998495
0.0001420996339
0.0001408005892
0.0001392163461
0.0001375569176
0.0001354048287
0.0001328359241
0.0001298557433
0.0001264094603
0.0001225433455
0.0001183246779
0.0001138139317
0.0001090883019
0.0001042278356
9.934188887e-05
9.450012164e-05
8.979681573e-05
8.529900761e-05
8.106266705e-05
7.717537625e-05
7.366343285e-05
7.052322293e-05
6.769252401e-05
6.564331155e-05
6.396357432e-05
6.268970071e-05
6.196146326e-05
6.173553507e-05
6.20700692e-05
6.300083123e-05
6.456937478e-05
6.683450178e-05
6.990193981e-05
7.375576927e-05
7.855552753e-05
8.437067393e-05
9.122359271e-05
9.879742246e-05
0.000107118846
0.0001167029189
0.0001264291925
0.0001366538244
0.0001454931103
0.0001539839904
0.000162071389
0.0001681964468
0.0001728383658
0.000175826645
0.0001777367268
0.0001778616752
0.0001763622482
0.0001739794855
0.0001703603301
0.0001654255793
0.000159127953
0.0001514967497
0.0001423309016
0.0001310738777
0.0001053003135
4.127906198e-05
1.983254631e-07
3.794188747e-86
3.735822092e-86
3.67915595e-86
3.619175156e-86
3.560314521e-86
3.503571564e-86
3.444419286e-86
3.390552988e-86
3.33429659e-86
3.276149189e-86
3.219807695e-86
3.167477037e-86
3.096479482e-86
3.041921777e-86
2.982021028e-86
2.920581673e-86
2.869179545e-86
2.821101476e-86
2.757974374e-86
0.000128922419
0.0001322981388
0.000134099474
0.0001356192259
0.0001366486842
0.00013780303
0.0001387400004
0.0001395878719
0.0001401638869
0.0001407949803
0.0001411841248
0.0001415743014
0.0001418831154
0.0001420361749
0.0001420337989
0.0001419194629
0.0001418218076
0.0001413055891
0.0001405853236
0.0001399098206
0.0001387266391
0.0001372182927
0.0001354370107
0.0001333408835
0.0001309504294
0.0001280527112
0.0001247030361
0.00012093436
0.0001168079357
0.0001123824031
0.0001077414659
0.0001029242172
9.81420502e-05
9.336302526e-05
8.872656102e-05
8.428400182e-05
8.00917835e-05
7.622830048e-05
7.273148439e-05
6.962779094e-05
6.68849984e-05
6.470526702e-05
6.297733849e-05
6.172300688e-05
6.08549447e-05
6.060365692e-05
6.088228526e-05
6.173353047e-05
6.320500341e-05
6.53417953e-05
6.828885049e-05
7.195178885e-05
7.654777418e-05
8.214704592e-05
8.852906086e-05
9.604225709e-05
0.000104419665
0.000113628096
0.0001231957442
0.000133462471
0.0001428937576
0.0001517959203
0.0001593424827
0.0001653615007
0.0001701613528
0.0001732948293
0.00017501268
0.0001752082108
0.0001739629833
0.0001715270227
0.000167775963
0.0001626707053
0.0001561966476
0.0001484116772
0.0001391771292
0.0001282868887
0.0001052914079
4.349486958e-05
7.371634696e-07
0
3.759020547e-86
3.700467047e-86
3.641225491e-86
3.583460005e-86
3.523811342e-86
3.467719057e-86
3.414470481e-86
3.351750408e-86
3.296250935e-86
3.241457298e-86
3.18224413e-86
3.117624749e-86
3.060385754e-86
2.999283405e-86
2.940481801e-86
2.887844916e-86
2.836076288e-86
2.780593373e-86
0.0001259822087
0.0001297659148
0.000131537213
0.0001328836182
0.0001342482507
0.0001351306746
0.000136088252
0.0001370659407
0.0001375897205
0.0001383929058
0.0001388869334
0.0001392786064
0.0001395387958
0.0001397010482
0.000139795603
0.0001396824945
0.0001394766227
0.0001390880922
0.000138457977
0.0001376627844
0.0001365135853
0.0001351452884
0.0001334808756
0.0001313316145
0.0001291086011
0.0001262862934
0.0001230343836
0.0001193542929
0.0001153125469
0.0001109499622
0.0001064227976
0.0001018734199
9.695202427e-05
9.220091169e-05
8.765523204e-05
8.327514368e-05
7.913371824e-05
7.529197835e-05
7.180819635e-05
6.870986722e-05
6.597331829e-05
6.377167505e-05
6.200868116e-05
6.074909037e-05
5.960885744e-05
5.948853211e-05
5.971478826e-05
6.048614702e-05
6.186121225e-05
6.387218676e-05
6.666748903e-05
7.021599605e-05
7.459209411e-05
8.0014915e-05
8.642038187e-05
9.366428643e-05
0.000101675358
0.0001109258039
0.0001204940511
0.0001302163935
0.0001394604801
0.0001488952964
0.0001566082592
0.0001628018061
0.0001676224485
0.0001708207726
0.0001725473656
0.0001727731944
0.0001716009321
0.000169088317
0.0001651980494
0.0001599222768
0.0001532790758
0.000145355255
0.0001360991483
0.0001254720208
0.0001044152901
4.55387583e-05
1.873148491e-06
2.042122918e-26
3.780751773e-86
3.722370291e-86
3.663789166e-86
3.605397263e-86
3.545378222e-86
3.489335284e-86
3.433901173e-86
3.377139622e-86
3.311571044e-86
3.259918742e-86
3.203912798e-86
3.140755776e-86
3.076026439e-86
3.019596476e-86
2.96282044e-86
2.906495253e-86
2.853688621e-86
2.798743385e-86
0.0001230477131
0.0001269669977
0.0001287172795
0.0001301060873
0.0001316520128
0.0001327770028
0.0001337973809
0.0001345682763
0.0001352834243
0.0001358974916
0.0001365360175
0.0001368666182
0.000137162761
0.0001372772231
0.0001374002356
0.0001374525248
0.0001371854359
0.0001368331804
0.0001363455485
0.0001354627555
0.0001343744165
0.0001332385379
0.000131606297
0.000129514645
0.0001272994385
0.0001245415612
0.0001213864073
0.0001177933331
0.0001138374667
0.0001097412834
0.0001053183883
0.0001006908285
9.60064752e-05
9.129469143e-05
8.657160573e-05
8.226843152e-05
7.818402135e-05
7.437743088e-05
7.090837214e-05
6.785254785e-05
6.511042635e-05
6.281603665e-05
6.107139486e-05
5.977671623e-05
5.870532446e-05
5.842039827e-05
5.857388052e-05
5.926246009e-05
6.053544166e-05
6.24257576e-05
6.507073337e-05
6.849153982e-05
7.265815537e-05
7.786912235e-05
8.393874677e-05
9.097541692e-05
9.893506891e-05
0.0001078539031
0.0001172096925
0.0001265425707
0.0001365202001
0.0001451366626
0.00015272414
0.0001596880421
0.0001648753525
0.0001682104139
0.0001700165193
0.0001703096095
0.0001691555054
0.0001665866396
0.0001625816799
0.0001571587034
0.000150375435
0.0001423495015
0.0001331093503
0.0001226994051
0.0001032957485
4.762158144e-05
3.534916868e-06
1.106666557e-27
3.803638569e-86
3.744021792e-86
3.686376615e-86
3.628991397e-86
3.569995936e-86
3.508074047e-86
3.451953045e-86
3.396331804e-86
3.337316108e-86
3.28205798e-86
3.223436651e-86
3.160684529e-86
3.100057495e-86
3.041648429e-86
2.985445297e-86
2.921046732e-86
2.870634396e-86
2.815069336e-86
0.0001201240516
0.0001242836059
0.0001258748658
0.0001276469613
0.000129133801
0.0001302533656
0.0001312378916
0.0001318618696
0.0001327752422
0.0001333147705
0.0001340240131
0.0001343570856
0.0001345724144
0.000134848793
0.0001350660004
0.0001350913819
0.0001348055087
0.0001345149386
0.000134083603
0.0001332753737
0.0001323954401
0.000131166017
0.0001296208774
0.0001277060673
0.0001254531065
0.000122775355
0.0001197313738
0.0001162284464
0.0001124240181
0.0001083392451
0.000104027795
9.947027578e-05
9.484562758e-05
9.022416742e-05
8.567735729e-05
8.119920915e-05
7.722716519e-05
7.345461806e-05
7.000385265e-05
6.693814481e-05
6.423018619e-05
6.181662836e-05
6.012220123e-05
5.88193939e-05
5.774035298e-05
5.736964962e-05
5.745038413e-05
5.805613064e-05
5.922940835e-05
6.100441755e-05
6.350462582e-05
6.680508503e-05
7.077571031e-05
7.579513437e-05
8.182492236e-05
8.875171001e-05
9.631416922e-05
0.0001056700452
0.0001145712562
0.0001239668137
0.0001332157742
0.0001419817912
0.0001504879393
0.0001567836077
0.0001620864086
0.0001656637678
0.0001675673201
0.000167902347
0.0001667332075
0.0001640978573
0.0001599752384
0.0001544111651
0.0001475025586
0.0001393950908
0.00013015625
0.0001198777473
0.0001019474792
5.056570542e-05
5.613721436e-06
1.02893088e-22
3.826705459e-86
3.769585253e-86
3.710245286e-86
3.650811007e-86
3.591231225e-86
3.532909754e-86
3.477007411e-86
3.41606279e-86
3.359244011e-86
3.300858248e-86
3.243898768e-86
3.18522069e-86
3.122300274e-86
3.056572741e-86
3.001853511e-86
2.941150501e-86
2.888109535e-86
2.835500666e-86
0.0001172123246
0.0001212856552
0.000123378994
0.0001250138264
0.0001263689565
0.0001277828269
0.000128849978
0.0001294799825
0.000130429479
0.0001311351804
0.0001315911252
0.0001320202888
0.0001324817374
0.0001327584078
0.0001326743026
0.0001328835505
0.0001328005487
0.0001325027683
0.0001319513231
0.0001311427657
0.000130407983
0.0001291553464
0.0001276850288
0.0001258177868
0.0001235615893
0.0001210409853
0.0001181010106
0.0001146909976
0.0001110064763
0.0001070211846
0.0001027247872
9.828959403e-05
9.375438029e-05
8.916271272e-05
8.46723469e-05
8.032548132e-05
7.627054519e-05
7.255143941e-05
6.911805097e-05
6.605457966e-05
6.335486847e-05
6.099928848e-05
5.921078049e-05
5.786504548e-05
5.679796253e-05
5.633632518e-05
5.634587504e-05
5.686965524e-05
5.794523174e-05
5.960607005e-05
6.195910027e-05
6.511727196e-05
6.892668787e-05
7.37219885e-05
7.940892926e-05
8.612624741e-05
9.368038375e-05
0.0001026760466
0.0001113856986
0.0001206316162
0.0001304103854
0.0001394588601
0.0001478356248
0.0001541276624
0.0001595559544
0.0001630783927
0.0001650895819
0.0001654752278
0.0001642952539
0.0001616001249
0.000157367346
0.0001516759319
0.0001446602268
0.000136490197
0.0001272036379
0.0001170295582
0.0001003633019
5.177453865e-05
7.956600291e-06
1.71407288e-21
3.85284076e-86
3.793415052e-86
3.734073899e-86
3.674268131e-86
3.612654149e-86
3.557110795e-86
3.498765292e-86
3.437041869e-86
3.382046886e-86
3.32304835e-86
3.266145949e-86
3.208287587e-86
3.15059039e-86
3.085598675e-86
3.023410649e-86
2.96463862e-86
2.901083309e-86
2.854841639e-86
0.0001142993898
0.0001183796157
0.0001206918409
0.0001223881448
0.0001236154716
0.0001250350578
0.0001261352326
0.0001271738859
0.0001280566829
0.0001287596782
0.0001293465492
0.0001298327626
0.0001301511899
0.0001305299874
0.0001306366578
0.00013054653
0.0001306252897
0.0001303202397
0.0001297970042
0.000129231884
0.0001283641677
0.0001271911397
0.0001256796626
0.0001240912427
0.0001217608669
0.0001193582665
0.0001165318347
0.000113206341
0.0001096246785
0.0001057055959
0.0001015558391
9.714067287e-05
9.266336993e-05
8.814224329e-05
8.371390821e-05
7.942416991e-05
7.526030256e-05
7.164611475e-05
6.82351043e-05
6.517561888e-05
6.249323833e-05
6.013561825e-05
5.831567998e-05
5.69345886e-05
5.585236497e-05
5.532699601e-05
5.5264918e-05
5.570660319e-05
5.66863953e-05
5.823525389e-05
6.044460661e-05
6.348964789e-05
6.71036664e-05
7.168963826e-05
7.733149453e-05
8.386488334e-05
9.103731723e-05
9.974878757e-05
0.0001090552026
0.0001180342574
0.0001270957664
0.0001361176848
0.0001443710091
0.0001504820625
0.0001564532882
0.0001604292077
0.0001625391157
0.0001629991381
0.0001618275837
0.0001590914687
0.0001547644596
0.000148960099
0.0001418502246
0.000133626877
0.0001245695982
0.0001142840563
9.878591085e-05
5.49483838e-05
1.004449238e-05
8.450872879e-16
3.876755592e-86
3.81665714e-86
3.756753031e-86
3.69667824e-86
3.637264967e-86
3.580031779e-86
3.520745705e-86
3.461808647e-86
3.404245296e-86
3.346384719e-86
3.28850735e-86
3.230150023e-86
3.171064967e-86
3.108739677e-86
3.043080568e-86
2.988828554e-86
2.928164157e-86
2.874853329e-86
0.0001114246869
0.0001157893953
0.0001179729272
0.000119545771
0.0001211893681
0.0001223333825
0.0001235283677
0.0001247534408
0.0001254835867
0.0001264302297
0.00012692337
0.0001275175472
0.0001277808619
0.0001281344203
0.0001284491572
0.0001284920639
0.0001283805653
0.0001281670476
0.0001278755329
0.0001272704996
0.0001264137644
0.0001253596424
0.0001239940284
0.0001223125965
0.0001201411606
0.0001176885073
0.0001150137819
0.0001117751454
0.0001083060059
0.0001044769238
0.0001003614542
9.605292645e-05
9.162337781e-05
8.718934024e-05
8.278919772e-05
7.853086119e-05
7.448339553e-05
7.078049577e-05
6.738985686e-05
6.433403948e-05
6.165851362e-05
5.931861326e-05
5.742781651e-05
5.600968789e-05
5.492201601e-05
5.434769851e-05
5.421426224e-05
5.456977794e-05
5.545203887e-05
5.689834229e-05
5.896060812e-05
6.182770541e-05
6.535475241e-05
6.966819958e-05
7.501585836e-05
8.138458107e-05
8.897365417e-05
9.641965029e-05
0.0001059232151
0.0001147374091
0.0001241843005
0.0001324873854
0.0001406882245
0.0001479893616
0.0001534927059
0.0001574583254
0.000159854115
0.0001604233293
0.0001592925
0.0001565386415
0.0001521441722
0.0001462477874
0.000139062712
0.0001307936328
0.0001217970112
0.000111569193
9.695052818e-05
5.636284505e-05
1.186892152e-05
0
3.901699232e-86
3.841059954e-86
3.783450569e-86
3.723870231e-86
3.663792502e-86
3.605687356e-86
3.539319625e-86
3.48511116e-86
3.428421917e-86
3.370524629e-86
3.312283118e-86
3.252266519e-86
3.190083795e-86
3.128620992e-86
3.070317691e-86
3.014704499e-86
2.958349817e-86
2.894794187e-86
0.0001085633805
0.0001131336577
0.0001151385195
0.0001171037703
0.0001186893663
0.0001200035945
0.000121208652
0.0001223720347
0.0001232474749
0.0001240190551
0.0001244906284
0.0001250880369
0.0001256396979
0.000125852712
0.0001261334983
0.0001263548764
0.0001263560177
0.0001262169075
0.0001258950425
0.0001252329892
0.0001245362912
0.0001234247025
0.0001222011382
0.0001205264047
0.0001185284675
0.0001160266788
0.0001134866703
0.0001103431446
0.0001069498142
0.0001032149972
9.919292361e-05
9.493227197e-05
9.058990355e-05
8.620278085e-05
8.186822691e-05
7.765731332e-05
7.36424973e-05
6.989120432e-05
6.655422066e-05
6.350649051e-05
6.083442806e-05
5.849591873e-05
5.651316449e-05
5.509681432e-05
5.401005581e-05
5.335184757e-05
5.316186987e-05
5.344740825e-05
5.423670221e-05
5.559302234e-05
5.751182671e-05
6.02085094e-05
6.362835475e-05
6.772089821e-05
7.296091434e-05
7.911254218e-05
8.640485484e-05
9.397554124e-05
0.000103154344
0.0001122843269
0.000121050655
0.0001300201651
0.0001383784853
0.000145216712
0.0001509684652
0.0001548296037
0.0001573404668
0.0001579546033
0.0001568127836
0.0001540202325
0.0001495458824
0.00014356325
0.0001363105246
0.0001279988678
0.0001189815248
0.0001087839387
9.507298549e-05
5.872426557e-05
1.416038483e-05
2.985360004e-11
3.928587694e-86
3.86878532e-86
3.807387658e-86
3.74875551e-86
3.688821937e-86
3.627085351e-86
3.566769688e-86
3.511171526e-86
3.453175846e-86
3.394144085e-86
3.335135833e-86
3.277224469e-86
3.213921382e-86
3.147806535e-86
3.094095993e-86
3.038457573e-86
2.981972728e-86
2.922752742e-86
0.0001057202099
0.0001102575866
0.0001127436188
0.0001146382215
0.0001161945219
0.0001175936129
0.0001186276618
0.0001198093913
0.0001209278498
0.0001215593742
0.0001222924714
0.000122779993
0.0001234693896
0.0001237833049
0.0001239278669
0.00012406935
0.0001242065367
0.000124206377
0.0001237745058
0.0001233620948
0.000122587273
0.0001215107109
0.0001203144297
0.0001186719079
0.0001168651741
0.0001145961688
0.0001119713976
0.0001088840367
0.0001056444584
0.0001019954398
9.802237795e-05
9.384873715e-05
8.956625573e-05
8.524110781e-05
8.096760901e-05
7.682437097e-05
7.284848631e-05
6.902098747e-05
6.574795523e-05
6.27106964e-05
6.00378169e-05
5.770296902e-05
5.560699356e-05
5.421483351e-05
5.312728608e-05
5.236848848e-05
5.214110782e-05
5.235664827e-05
5.305919041e-05
5.430730626e-05
5.609810332e-05
5.862778003e-05
6.193006018e-05
6.579678185e-05
7.073637352e-05
7.671008606e-05
8.378401381e-05
9.1214258e-05
0.0001001798384
0.0001092018309
0.0001184376905
0.0001266228645
0.0001347931946
0.0001415034764
0.0001478227372
0.0001520408164
0.000154618026
0.0001553433986
0.0001542642911
0.0001514743804
0.0001469541076
0.0001409031382
0.0001335958112
0.000125245861
0.0001161764002
0.0001060055029
9.310405257e-05
5.959310685e-05
1.591590381e-05
0
3.954962618e-86
3.894907116e-86
3.835069897e-86
3.774690742e-86
3.714833245e-86
3.652300601e-86
3.592383792e-86
3.536234135e-86
3.476690319e-86
3.415650166e-86
3.358429231e-86
3.300608521e-86
3.232920545e-86
3.175441404e-86
3.119817753e-86
3.062274008e-86
3.006734438e-86
2.944795214e-86
0.0001029200616
0.0001078179809
0.0001101973839
0.0001120080023
0.0001134436379
0.0001150237775
0.0001163772972
0.0001172778881
0.0001185118375
0.0001190783781
0.0001200703855
0.0001206499819
0.0001213027995
0.0001217149076
0.0001219147839
0.0001221348342
0.0001220545719
0.0001220574537
0.0001217206835
0.0001214620952
0.0001207180268
0.0001197688829
0.0001184833251
0.000116900101
0.0001152472325
0.0001130613853
0.0001104151655
0.0001075837003
0.0001043714156
0.0001007745863
9.688138607e-05
9.278473399e-05
8.856860081e-05
8.430278934e-05
8.007913269e-05
7.597219482e-05
7.203234417e-05
6.834239186e-05
6.494707669e-05
6.193513944e-05
5.925526979e-05
5.691100483e-05
5.489756774e-05
5.335726187e-05
5.224675014e-05
5.126458622e-05
5.111071798e-05
5.127779357e-05
5.190454824e-05
5.304515072e-05
5.471828008e-05
5.708374282e-05
6.024143547e-05
6.396473218e-05
6.870332215e-05
7.44180588e-05
8.093749669e-05
8.811536898e-05
9.649165526e-05
0.0001062600805
0.0001151771908
0.0001240305251
0.0001323619107
0.0001391566783
0.0001443883669
0.0001493612934
0.0001520730733
0.0001528115507
0.0001517393057
0.0001489480454
0.0001443868538
0.0001382784484
0.0001309243513
0.0001225401295
0.0001134150708
0.0001033313301
9.107322357e-05
6.167142918e-05
1.804881302e-05
3.754798361e-09
3.981544722e-86
3.9206006e-86
3.861891606e-86
3.801410177e-86
3.741195266e-86
3.679969093e-86
3.619598966e-86
3.561330405e-86
3.499351327e-86
3.441818214e-86
3.383069583e-86
3.325134205e-86
3.258005361e-86
3.200280628e-86
3.144416674e-86
3.085354748e-86
3.028436985e-86
2.970597699e-86
0.0001001362916
0.0001051995566
0.0001075595375
0.000109242671
0.0001111804115
0.0001124085735
0.0001138940059
0.0001150487602
0.0001159165211
0.0001167920437
0.0001176854934
0.0001184882261
0.0001189264437
0.0001194282406
0.0001197725792
0.0001200417995
0.0001201293459
0.0001200439492
0.0001198768614
0.0001195076558
0.0001189007373
0.0001180094838
0.0001168200446
0.000115330136
0.0001136494445
0.0001115666755
0.0001088926885
0.0001062335484
0.0001030848632
9.956282839e-05
9.576047272e-05
9.174295129e-05
8.759418688e-05
8.338873659e-05
7.921458284e-05
7.515208205e-05
7.127807996e-05
6.7560456e-05
6.412182139e-05
6.11634429e-05
5.848394864e-05
5.61697709e-05
5.412360703e-05
5.249243991e-05
5.138499174e-05
5.042717198e-05
5.014486897e-05
5.023732185e-05
5.077973502e-05
5.181740562e-05
5.337519968e-05
5.558058991e-05
5.862745289e-05
6.197662049e-05
6.655867328e-05
7.212234885e-05
7.857414847e-05
8.561077493e-05
9.407103938e-05
0.0001033935296
0.0001126014907
0.0001207435012
0.0001288407318
0.0001356217443
0.0001419350429
0.000145769744
0.0001489890078
0.0001500935641
0.0001491307733
0.000146374424
0.0001418075773
0.0001356617727
0.0001282771408
0.0001198687815
0.0001107101374
0.000100661036
8.893374895e-05
6.203192449e-05
1.972932457e-05
2.821097124e-08
4.00958487e-86
3.949549127e-86
3.889077017e-86
3.82935748e-86
3.769458541e-86
3.704410481e-86
3.647433564e-86
3.582736701e-86
3.530629661e-86
3.461496688e-86
3.408843975e-86
3.346090772e-86
3.284487656e-86
3.22566185e-86
3.168953276e-86
3.111038006e-86
3.053292118e-86
2.995056912e-86
9.737251291e-05
0.0001024530649
0.0001048731533
0.0001068509035
0.000108617701
0.0001101687289
0.0001116055396
0.000112802317
0.0001135734664
0.0001146676413
0.0001152776201
0.0001161328857
0.0001165750729
0.0001172081446
0.0001174863564
0.0001178520962
0.0001180302642
0.0001178777962
0.0001178912854
0.0001174767099
0.0001169979727
0.0001161071652
0.0001151475434
0.0001136359003
0.0001119983642
0.0001100304446
0.0001075489666
0.0001048491897
0.0001018150066
9.837573259e-05
9.465421255e-05
9.071394854e-05
8.663553325e-05
8.249253042e-05
7.836968024e-05
7.434694398e-05
7.050608002e-05
6.685611384e-05
6.34316817e-05
6.043653627e-05
5.774343187e-05
5.541727979e-05
5.337409415e-05
5.165625473e-05
5.054363285e-05
4.958810357e-05
4.920919363e-05
4.922625264e-05
4.968490318e-05
5.062621246e-05
5.20701152e-05
5.411912908e-05
5.69761279e-05
6.051616571e-05
6.463827228e-05
6.994447564e-05
7.614833389e-05
8.282863722e-05
9.124621068e-05
0.0001002318539
0.0001094975624
0.0001183420068
0.0001262765125
0.000133113185
0.0001389343918
0.0001435974105
0.0001463235791
0.0001473927396
0.0001465146473
0.0001437989808
0.0001392392575
0.0001330651224
0.0001256580504
0.0001172345906
0.0001080622003
9.809638926e-05
8.690132687e-05
6.384855911e-05
2.171288341e-05
1.024536384e-07
4.067604616e-86
3.979864421e-86
3.918774518e-86
3.856789332e-86
3.795331128e-86
3.733495673e-86
3.672247457e-86
3.612988321e-86
3.553327143e-86
3.491053407e-86
3.43066068e-86
3.370029588e-86
3.311118299e-86
3.25251615e-86
3.194324407e-86
3.13497292e-86
3.078839924e-86
3.021373457e-86
9.461472582e-05
9.959058611e-05
0.0001020742674
0.0001041747831
0.0001062030641
0.0001077189833
0.000109045027
0.0001103316524
0.0001113422636
0.0001123365096
0.0001131834388
0.0001138199749
0.0001145277253
0.0001148929584
0.0001154963522
0.0001156509458
0.0001159391614
0.000116013397
0.0001158334667
0.0001154638249
0.0001150986348
0.0001142490143
0.0001133856583
0.0001120626564
0.0001103732587
0.0001083738649
0.0001060895251
0.0001035680517
0.0001005659921
9.721410136e-05
9.357390296e-05
8.971061895e-05
8.569893942e-05
8.161632792e-05
7.75442353e-05
7.356168301e-05
6.974601573e-05
6.612039065e-05
6.274268298e-05
5.970119891e-05
5.702301201e-05
5.467970977e-05
5.263658273e-05
5.09171188e-05
4.972025616e-05
4.876523579e-05
4.831084567e-05
4.825157461e-05
4.862505825e-05
4.946409855e-05
5.080901828e-05
5.270136959e-05
5.536747889e-05
5.871068848e-05
6.261628559e-05
6.772342271e-05
7.384811346e-05
8.085106949e-05
8.845051179e-05
9.693722417e-05
0.0001062798772
0.0001150432085
0.0001228696738
0.0001296411456
0.000136076382
0.0001409983219
0.0001437763194
0.0001448605445
0.0001439791019
0.0001412837495
0.0001367120266
0.0001305114594
0.000123081801
0.0001146451037
0.0001054675961
9.561706503e-05
8.471975963e-05
6.389274711e-05
2.358695645e-05
3.551977195e-07
1.16659327e-49
4.007876792e-86
3.946203588e-86
3.884989308e-86
3.822658246e-86
3.760281481e-86
3.698685951e-86
3.639195395e-86
3.578742331e-86
3.517936526e-86
3.457274447e-86
3.39780255e-86
3.329900018e-86
3.276403266e-86
3.218935746e-86
3.160696058e-86
3.107264103e-86
3.043039908e-86
9.191530863e-05
9.727645516e-05
9.960032661e-05
0.0001018253938
0.0001034540669
0.0001053340829
0.0001064702878
0.0001079587916
0.0001089163649
0.0001101638353
0.0001109647667
0.000111613471
0.0001125124609
0.0001129597035
0.0001134941128
0.0001137637669
0.0001138138058
0.0001140303812
0.0001138124062
0.0001135267448
0.0001131904386
0.0001125653105
0.0001117073223
0.0001103486205
0.0001087888625
0.0001067964933
0.0001047110544
0.0001021857709
9.932305867e-05
9.604612934e-05
9.249345527e-05
8.871106499e-05
8.477295269e-05
8.075333685e-05
7.673315925e-05
7.279506101e-05
6.900562628e-05
6.543326703e-05
6.206902971e-05
5.894322926e-05
5.630255232e-05
5.395592702e-05
5.193275042e-05
5.013763121e-05
4.891919578e-05
4.79555853e-05
4.744089964e-05
4.730482913e-05
4.759043184e-05
4.832513848e-05
4.958237297e-05
5.132856281e-05
5.381240372e-05
5.705625696e-05
6.084953464e-05
6.564239167e-05
7.134790426e-05
7.828018064e-05
8.549019963e-05
9.296519161e-05
0.000102758483
0.0001118407336
0.0001202850736
0.0001270827505
0.0001325388728
0.0001373333288
0.0001403171463
0.0001419721113
0.0001412765254
0.0001386717178
0.0001341609168
0.0001279593384
0.0001205284315
0.0001120956874
0.0001029353495
9.317562516e-05
8.263343416e-05
6.455342492e-05
2.522874646e-05
1.216727142e-06
3.203153582e-51
4.037254454e-86
3.975801576e-86
3.914011901e-86
3.851507105e-86
3.787631473e-86
3.72607091e-86
3.664526093e-86
3.603741416e-86
3.542730103e-86
3.483131424e-86
3.425615117e-86
3.361138959e-86
3.305842213e-86
3.246239945e-86
3.186309447e-86
3.129227738e-86
3.072284196e-86
8.924090857e-05
9.481205504e-05
9.714973202e-05
9.934875028e-05
0.0001012905336
0.0001030047336
0.0001042508024
0.0001054178396
0.0001067815145
0.0001077221103
0.0001087311335
0.0001095698339
0.0001102904185
0.000110873036
0.0001112784741
0.0001117703156
0.0001119681786
0.0001120479416
0.0001120282174
0.000111816103
0.0001113457697
0.0001108560223
0.0001099764628
0.000108666921
0.0001072367232
0.0001053485872
0.0001033399694
0.0001009526502
9.810691911e-05
9.488500573e-05
9.145046342e-05
8.774333641e-05
8.387018085e-05
7.991015732e-05
7.594109398e-05
7.204521994e-05
6.828486356e-05
6.473029713e-05
6.1399959e-05
5.829925671e-05
5.562885101e-05
5.3256589e-05
5.121517044e-05
4.948997607e-05
4.811908322e-05
4.714876564e-05
4.655603855e-05
4.636114405e-05
4.657642939e-05
4.722697327e-05
4.837356072e-05
4.99937333e-05
5.22948396e-05
5.538556375e-05
5.888400803e-05
6.347844616e-05
6.910995666e-05
7.569171549e-05
8.273341551e-05
9.039954e-05
9.935728257e-05
0.0001085609876
0.000116937584
0.000123646196
0.0001299916587
0.0001350985023
0.000138076665
0.0001393019828
0.0001386564156
0.0001361066268
0.0001316370364
0.0001254374274
0.0001180105105
0.0001095900113
0.0001004579461
9.085220509e-05
8.05100625e-05
6.420386019e-05
2.673674943e-05
2.407575863e-06
6.671837962e-19
4.0695877e-86
4.006657762e-86
3.944200102e-86
3.883129421e-86
3.814751845e-86
3.753303613e-86
3.694135296e-86
3.626827898e-86
3.568571853e-86
3.512313721e-86
3.450157652e-86
3.392201553e-86
3.338940584e-86
3.267748503e-86
3.214300922e-86
3.157374168e-86
3.098930699e-86
8.658697124e-05
9.203314387e-05
9.459724764e-05
9.713186965e-05
9.884292393e-05
0.000100497358
0.000101925069
0.0001031323201
0.0001045969193
0.0001053961021
0.0001063662436
0.000107452315
0.0001080404056
0.0001085954563
0.0001091166638
0.0001095593233
0.000109991023
0.0001099416232
0.000110117336
0.0001099512554
0.0001095653992
0.0001091024814
0.0001082523614
0.0001070780097
0.0001056869116
0.0001039035581
0.000101949254
9.955879807e-05
9.68770441e-05
9.369673882e-05
9.038920523e-05
8.676571359e-05
8.297024452e-05
7.907511934e-05
7.516006237e-05
7.13079572e-05
6.757936569e-05
6.404243194e-05
6.074162874e-05
5.767605203e-05
5.49524154e-05
5.257884869e-05
5.054626818e-05
4.87685583e-05
4.734418313e-05
4.636744323e-05
4.56779603e-05
4.544072646e-05
4.558962668e-05
4.615868817e-05
4.719284525e-05
4.869998666e-05
5.083690428e-05
5.383058899e-05
5.730157304e-05
6.1487516e-05
6.675920718e-05
7.275046578e-05
7.988487052e-05
8.753801222e-05
9.617885655e-05
0.0001050457248
0.0001139168591
0.0001209566341
0.000126610413
0.0001321553023
0.0001354606724
0.0001366242972
0.0001360262078
0.0001335420633
0.0001291278801
0.000122941468
0.0001155286138
0.0001071311718
9.803987808e-05
8.852136775e-05
7.83773983e-05
6.361566694e-05
2.828454894e-05
3.966067366e-06
1.688558259e-20
4.098809728e-86
4.036063871e-86
3.973746878e-86
3.91070997e-86
3.847119432e-86
3.788403947e-86
3.727659716e-86
3.665451514e-86
3.604240561e-86
3.543024044e-86
3.480972139e-86
3.420565566e-86
3.36371399e-86
3.297479654e-86
3.244320435e-86
3.185111133e-86
3.12460721e-86
8.395353292e-05
8.937755183e-05
9.216870466e-05
9.452677059e-05
9.641703216e-05
9.781264971e-05
9.959682776e-05
0.0001010088427
0.0001022918773
0.0001033013434
0.0001042853743
0.0001052879971
0.0001057963423
0.0001066397557
0.0001071888987
0.0001074916382
0.0001080093047
0.0001081594479
0.0001082049574
0.0001081798655
0.0001076458898
0.0001072814423
0.0001064092368
0.0001053841008
0.0001041373946
0.0001024335129
0.0001005820754
9.826589537e-05
9.565420196e-05
9.259263085e-05
8.935535516e-05
8.581770459e-05
8.20894487e-05
7.825652252e-05
7.439476e-05
7.058608131e-05
6.689017807e-05
6.337461513e-05
6.00902489e-05
5.7044871e-05
5.427720942e-05
5.190868691e-05
4.985049947e-05
4.808432124e-05
4.661814885e-05
4.558449701e-05
4.470488305e-05
4.451883725e-05
4.461954471e-05
4.511512163e-05
4.605265893e-05
4.744561585e-05
4.941637991e-05
5.219848616e-05
5.542033917e-05
5.942352933e-05
6.462253723e-05
7.068895209e-05
7.679348429e-05
8.466593699e-05
9.282185476e-05
0.0001016526337
0.0001105947501
0.0001176012937
0.0001238817657
0.0001287390923
0.0001322873307
0.0001339079713
0.0001333914405
0.0001309802393
0.0001266359948
0.0001204742618
0.000113086316
0.0001047211428
9.56781986e-05
8.624404836e-05
7.625805864e-05
6.271667699e-05
3.086374349e-05
5.699208786e-06
5.027928877e-14
4.127265299e-86
4.058479792e-86
4.004540555e-86
3.939138359e-86
3.878680282e-86
3.817074811e-86
3.758474654e-86
3.697498063e-86
3.637092012e-86
3.571056572e-86
3.510718348e-86
3.45178769e-86
3.388599713e-86
3.326495729e-86
3.270650816e-86
3.212218784e-86
3.152827611e-86
8.136164565e-05
8.696804912e-05
8.975006047e-05
9.220160872e-05
9.383349004e-05
9.571787924e-05
9.736357621e-05
9.87763905e-05
0.0001001291155
0.0001009959382
0.0001022677263
0.0001030765764
0.0001038071082
0.0001046434727
0.0001051335706
0.0001056296717
0.0001059921999
0.0001063030665
0.0001062506578
0.0001062952389
0.0001059546343
0.0001054358159
0.0001047069996
0.0001038835837
0.0001026078691
0.000101008217
9.91858961e-05
9.69907713e-05
9.44599877e-05
9.16047573e-05
8.833534143e-05
8.486281753e-05
8.121377267e-05
7.744654917e-05
7.36400247e-05
6.987626867e-05
6.621452721e-05
6.272179853e-05
5.945267973e-05
5.642877153e-05
5.365521867e-05
5.126050023e-05
4.918607738e-05
4.743182212e-05
4.585393714e-05
4.483039042e-05
4.397135081e-05
4.366447184e-05
4.369435528e-05
4.410601975e-05
4.494502173e-05
4.623321155e-05
4.804680467e-05
5.063448396e-05
5.404575172e-05
5.760284033e-05
6.238773483e-05
6.842906624e-05
7.4638354e-05
8.199085204e-05
8.966315454e-05
9.837503617e-05
0.0001073615004
0.0001150805024
0.0001206348751
0.0001261909776
0.0001289452401
0.0001310424644
0.000130706524
0.0001283978908
0.0001241581885
0.0001180321635
0.0001106811131
0.000102356898
9.336330334e-05
8.396566408e-05
7.411305423e-05
6.144872088e-05
3.152971522e-05
7.340847581e-06
0
4.162636233e-86
4.100721818e-86
4.032661416e-86
3.975805986e-86
3.91005188e-86
3.847791955e-86
3.786283693e-86
3.728947577e-86
3.671461426e-86
3.605311722e-86
3.532972816e-86
3.478376255e-86
3.418037293e-86
3.357438472e-86
3.300176711e-86
3.238527836e-86
3.183886223e-86
7.8799282e-05
8.43988444e-05
8.712395086e-05
8.953657767e-05
9.167296068e-05
9.340547026e-05
9.49862018e-05
9.655930641e-05
9.770207403e-05
9.899548693e-05
0.0001000725448
0.000100885462
0.0001018016048
0.0001024055407
0.0001029824693
0.0001036899311
0.0001039121869
0.0001043372187
0.0001044805978
0.0001043031322
0.0001041430995
0.0001036361015
0.0001029732112
0.0001023195181
0.0001010298254
9.957817426e-05
9.770450009e-05
9.570696581e-05
9.327276403e-05
9.050900352e-05
8.725026703e-05
8.393838488e-05
8.035415724e-05
7.665072501e-05
7.289917161e-05
6.918060239e-05
6.555369838e-05
6.208465092e-05
5.882866718e-05
5.582743244e-05
5.30159674e-05
5.06428757e-05
4.853633298e-05
4.67651824e-05
4.525071923e-05
4.408570395e-05
4.321984346e-05
4.284170253e-05
4.279142811e-05
4.312183703e-05
4.385236628e-05
4.506799679e-05
4.672778099e-05
4.911286125e-05
5.224943583e-05
5.570134711e-05
6.037502094e-05
6.612508534e-05
7.219688585e-05
7.928587046e-05
8.597099888e-05
9.511466677e-05
0.0001038342077
0.0001118206512
0.0001178429202
0.0001228602752
0.0001266030959
0.0001283139534
0.0001280697738
0.0001258526291
0.0001217098994
0.0001156273653
0.0001083193566
0.0001000409387
9.109618958e-05
8.175275203e-05
7.199919117e-05
5.999524326e-05
3.328683026e-05
8.373580311e-06
2.001127522e-10
4.195301185e-86
4.129154227e-86
4.06868707e-86
4.007958597e-86
3.942030451e-86
3.879802695e-86
3.815956638e-86
3.756299386e-86
3.691903675e-86
3.634222767e-86
3.566895476e-86
3.508904822e-86
3.448402348e-86
3.388697329e-86
3.323968768e-86
3.262509354e-86
3.202765836e-86
7.627855861e-05
8.209686356e-05
8.490792034e-05
8.696738147e-05
8.938109906e-05
9.097163606e-05
9.279038071e-05
9.438801698e-05
9.541086612e-05
9.681594204e-05
9.788948193e-05
9.886784973e-05
9.966758578e-05
0.0001003116487
0.0001011011355
0.0001015737216
0.0001019382777
0.0001023435175
0.0001026679523
0.0001024322498
0.0001022188516
0.0001020163018
0.0001014159088
0.0001007472051
9.946182636e-05
9.816057882e-05
9.644779578e-05
9.44394996e-05
9.203759219e-05
8.93756318e-05
8.621052284e-05
8.297942878e-05
7.949286797e-05
7.585958968e-05
7.216611817e-05
6.849469952e-05
6.490373124e-05
6.146066162e-05
5.821955273e-05
5.522942497e-05
5.247768587e-05
5.001818104e-05
4.791564055e-05
4.611674417e-05
4.45917816e-05
4.335750528e-05
4.248357712e-05
4.203804107e-05
4.193003994e-05
4.217429041e-05
4.28100207e-05
4.391660577e-05
4.544628034e-05
4.763512613e-05
5.051248376e-05
5.399467652e-05
5.819683817e-05
6.375786132e-05
6.975342474e-05
7.661558692e-05
8.349069653e-05
9.195648707e-05
0.0001005853404
0.0001085983567
0.0001146012555
0.0001202260394
0.0001233114298
0.0001255280909
0.000125398736
0.0001232931709
0.0001192797715
0.0001132514317
0.0001059974202
9.77726529e-05
8.88809484e-05
7.959289659e-05
6.995791301e-05
5.852729938e-05
3.565439797e-05
9.825754381e-06
7.108606757e-10
4.230844883e-86
4.166509824e-86
4.099595484e-86
4.040117327e-86
3.975351559e-86
3.913569045e-86
3.849113719e-86
3.79039671e-86
3.734728961e-86
3.669758424e-86
3.599028166e-86
3.534206889e-86
3.48557147e-86
3.408936678e-86
3.354561043e-86
3.295739292e-86
3.238417731e-86
7.378878582e-05
7.960922757e-05
8.242269638e-05
8.479557437e-05
8.691557362e-05
8.87761639e-05
9.040824832e-05
9.200250833e-05
9.33288355e-05
9.47140596e-05
9.562216489e-05
9.688572993e-05
9.749167725e-05
9.844049244e-05
9.918799837e-05
9.958410221e-05
0.0001001149617
0.0001003547745
0.0001007592461
0.0001007699335
0.0001006249582
0.0001003563005
9.976970297e-05
9.908084525e-05
9.802545161e-05
9.677544932e-05
9.50923572e-05
9.318734644e-05
9.085835323e-05
8.827167844e-05
8.532471574e-05
8.209388789e-05
7.86556283e-05
7.508660539e-05
7.144935162e-05
6.782465494e-05
6.427020235e-05
6.085221896e-05
5.762683951e-05
5.4638215e-05
5.191243257e-05
4.93742289e-05
4.729164979e-05
4.547827033e-05
4.394762995e-05
4.263571541e-05
4.176162716e-05
4.120639332e-05
4.105503899e-05
4.123900553e-05
4.17989853e-05
4.279005914e-05
4.420740597e-05
4.622185436e-05
4.905027987e-05
5.218107425e-05
5.627964597e-05
6.142541087e-05
6.727638473e-05
7.403901148e-05
8.081639663e-05
8.908850739e-05
9.722867781e-05
0.0001053719839
0.0001120470639
0.0001170195229
0.0001208709182
0.0001227798302
0.0001227622328
0.0001207585944
0.0001168716011
0.0001109075737
0.0001037162642
9.55513116e-05
8.67177544e-05
7.748726355e-05
6.796994532e-05
5.699386015e-05
3.604817961e-05
1.137038115e-05
1.404200074e-08
4.284632387e-86
4.201381598e-86
4.14127585e-86
4.073336778e-86
4.008269434e-86
3.946735502e-86
3.882755292e-86
3.825153285e-86
3.764486807e-86
3.699620736e-86
3.635897215e-86
3.578731907e-86
3.515424588e-86
3.440407381e-86
3.383951983e-86
3.325692172e-86
3.265577896e-86
7.133441123e-05
7.735602974e-05
7.997476874e-05
8.24281148e-05
8.446429324e-05
8.648241878e-05
8.844394167e-05
8.952070006e-05
9.123824771e-05
9.245221823e-05
9.36347435e-05
9.485023374e-05
9.566732532e-05
9.652035095e-05
9.729308396e-05
9.782680413e-05
9.825683291e-05
9.864014665e-05
9.888531197e-05
9.901710482e-05
9.886947155e-05
9.855566819e-05
9.814196372e-05
9.744845419e-05
9.653053882e-05
9.53478878e-05
9.374084952e-05
9.181538706e-05
8.967104934e-05
8.72076362e-05
8.434815347e-05
8.11293591e-05
7.78219885e-05
7.432143739e-05
7.074263162e-05
6.716609544e-05
6.364858747e-05
6.02590137e-05
5.70497689e-05
5.406765909e-05
5.133581044e-05
4.884171248e-05
4.670359697e-05
4.486197606e-05
4.331699634e-05
4.199906233e-05
4.105736637e-05
4.04338674e-05
4.021729154e-05
4.033572263e-05
4.081524913e-05
4.170587199e-05
4.300885925e-05
4.484431293e-05
4.741045196e-05
5.067016739e-05
5.421908509e-05
5.876191535e-05
6.474178762e-05
7.12637439e-05
7.806781019e-05
8.610111896e-05
9.401453459e-05
0.0001021407649
0.0001088301444
0.0001143722563
0.0001176219245
0.0001200298599
0.0001201092305
0.0001182158314
0.0001144802965
0.0001085953212
0.000101474539
9.33759707e-05
8.460583399e-05
7.544126503e-05
6.603416861e-05
5.544583504e-05
3.651403269e-05
1.257163684e-05
5.941005865e-08
1.044641248e-50
4.237390269e-86
4.168748739e-86
4.111125738e-86
4.053142999e-86
3.971776097e-86
3.922819359e-86
3.858934358e-86
3.796869789e-86
3.732321256e-86
3.664916193e-86
3.609785331e-86
3.548496477e-86
3.476364264e-86
3.420516216e-86
3.355201593e-86
3.296450828e-86
6.891350828e-05
7.494301205e-05
7.790484179e-05
7.997954001e-05
8.236810317e-05
8.447961174e-05
8.613656804e-05
8.762091807e-05
8.899713347e-05
9.020737183e-05
9.142164808e-05
9.269017768e-05
9.361588295e-05
9.460797388e-05
9.517796407e-05
9.585967759e-05
9.634278871e-05
9.687108713e-05
9.699609698e-05
9.718545779e-05
9.706362933e-05
9.681553379e-05
9.639792541e-05
9.577989957e-05
9.507830597e-05
9.398673246e-05
9.245706571e-05
9.065327398e-05
8.848439091e-05
8.614907186e-05
8.335358827e-05
8.018731003e-05
7.698082405e-05
7.355812644e-05
7.004307529e-05
6.651807969e-05
6.30405642e-05
5.967803674e-05
5.648808911e-05
5.351398221e-05
5.078861071e-05
4.83127098e-05
4.613814838e-05
4.426582931e-05
4.270336379e-05
4.13533396e-05
4.039793256e-05
3.96076125e-05
3.940520803e-05
3.945696568e-05
3.985990425e-05
4.065542997e-05
4.185692291e-05
4.35359288e-05
4.599377162e-05
4.895014607e-05
5.239978604e-05
5.6795492e-05
6.236687485e-05
6.810222094e-05
7.523342781e-05
8.306132602e-05
9.071287933e-05
9.874235613e-05
0.0001057646635
0.0001111322565
0.0001151135108
0.0001172356857
0.0001174596306
0.0001156897928
0.0001121069007
0.0001063178509
9.927352189e-05
9.124888744e-05
8.255114919e-05
7.347009708e-05
6.419699181e-05
5.397999789e-05
3.775223088e-05
1.400889255e-05
2.358045755e-07
0
4.283986336e-86
4.218064259e-86
4.146529932e-86
4.081752744e-86
4.017496722e-86
3.955233621e-86
3.894842846e-86
3.826643342e-86
3.76232925e-86
3.699181346e-86
3.640214449e-86
3.577114969e-86
3.51265242e-86
3.451940456e-86
3.388034978e-86
3.328947086e-86
6.652479814e-05
7.263968561e-05
7.535067359e-05
7.792003018e-05
8.002355501e-05
8.208579961e-05
8.404529161e-05
8.536151934e-05
8.673343477e-05
8.820887131e-05
8.950503886e-05
9.054810555e-05
9.173171717e-05
9.251122858e-05
9.314587083e-05
9.387266901e-05
9.437068656e-05
9.486974585e-05
9.507205296e-05
9.524260187e-05
9.543347733e-05
9.526807853e-05
9.490572928e-05
9.435160231e-05
9.35146197e-05
9.262576888e-05
9.111343864e-05
8.943691119e-05
8.733451953e-05
8.505354678e-05
8.231508863e-05
7.937027439e-05
7.616622009e-05
7.281306217e-05
6.935776675e-05
6.588257446e-05
6.244428473e-05
5.911322675e-05
5.594054255e-05
5.297462362e-05
5.025225949e-05
4.77864765e-05
4.556654795e-05
4.368923545e-05
4.209950341e-05
4.067657941e-05
3.972547362e-05
3.899334071e-05
3.864656863e-05
3.861707665e-05
3.893591598e-05
3.962058719e-05
4.075241978e-05
4.22744648e-05
4.444454903e-05
4.746098768e-05
5.06029843e-05
5.485863783e-05
6.005043133e-05
6.590163573e-05
7.268359304e-05
7.992137844e-05
8.770229626e-05
9.553858295e-05
0.0001026670572
0.0001086394343
0.0001119333677
0.0001144716279
0.0001148129858
0.0001131739545
0.0001097444075
0.0001040712325
9.711184604e-05
8.916831831e-05
8.055259153e-05
7.156457877e-05
6.242651172e-05
5.254306021e-05
3.776004516e-05
1.573942767e-05
8.098932481e-07
2.811874576e-22
4.313224715e-86
4.248571758e-86
4.184513539e-86
4.122015596e-86
4.056639391e-86
3.988515809e-86
3.928250342e-86
3.860125741e-86
3.794417195e-86
3.733706137e-86
3.671893548e-86
3.609549688e-86
3.545800893e-86
3.484211508e-86
3.420516146e-86
3.361145684e-86
6.417094608e-05
7.033251253e-05
7.305681705e-05
7.563847287e-05
7.776608804e-05
7.996936445e-05
8.172576971e-05
8.339016883e-05
8.472705138e-05
8.603085706e-05
8.74721281e-05
8.863557712e-05
8.953285587e-05
9.043946994e-05
9.134449336e-05
9.19117941e-05
9.263000042e-05
9.294811182e-05
9.342052079e-05
9.36648299e-05
9.370299073e-05
9.364950761e-05
9.33337374e-05
9.279797597e-05
9.199586984e-05
9.111946322e-05
8.982268527e-05
8.81348395e-05
8.613594373e-05
8.396237195e-05
8.127782176e-05
7.847380554e-05
7.53590488e-05
7.207373142e-05
6.86817513e-05
6.525390493e-05
6.185552704e-05
5.855736972e-05
5.540674241e-05
5.245078115e-05
4.972906275e-05
4.724909874e-05
4.496615546e-05
4.311727257e-05
4.150854277e-05
4.012794313e-05
3.906461232e-05
3.831693099e-05
3.790321166e-05
3.78086182e-05
3.804533813e-05
3.863742515e-05
3.96659656e-05
4.107566904e-05
4.319660292e-05
4.585853356e-05
4.902861956e-05
5.292197591e-05
5.783684179e-05
6.366651555e-05
7.008385377e-05
7.722401574e-05
8.464220119e-05
9.22903572e-05
9.947093416e-05
0.0001054690018
0.000109297104
0.0001118350035
0.0001122129907
0.0001106787343
0.000107397712
0.0001018544828
9.498761253e-05
8.713583038e-05
7.861510144e-05
6.972198025e-05
6.071838171e-05
5.111696119e-05
3.779646934e-05
1.736709692e-05
1.673990316e-06
0
4.352445684e-86
4.28766327e-86
4.222587188e-86
4.158563618e-86
4.091957756e-86
4.027254363e-86
3.962615451e-86
3.89528128e-86
3.833507005e-86
3.766774048e-86
3.706439354e-86
3.645067833e-86
3.57791605e-86
3.517345413e-86
3.453630269e-86
3.393910266e-86
6.184863486e-05
6.774003255e-05
7.085199805e-05
7.321989428e-05
7.568054772e-05
7.754492849e-05
7.931436861e-05
8.134802846e-05
8.260008352e-05
8.415600421e-05
8.545629634e-05
8.665165532e-05
8.743804352e-05
8.846400783e-05
8.937091633e-05
9.016243604e-05
9.083934882e-05
9.129558704e-05
9.175162073e-05
9.201952015e-05
9.1964438e-05
9.204986007e-05
9.17234243e-05
9.131692719e-05
9.059369147e-05
8.970258152e-05
8.852296744e-05
8.687754733e-05
8.494770221e-05
8.284560983e-05
8.043553217e-05
7.752111888e-05
7.453975956e-05
7.133602999e-05
6.80100666e-05
6.46304766e-05
6.127354207e-05
5.800834372e-05
5.488570511e-05
5.194065834e-05
4.922099522e-05
4.676223621e-05
4.452968417e-05
4.258188579e-05
4.09440556e-05
3.952393106e-05
3.840085114e-05
3.764568017e-05
3.713962735e-05
3.699561243e-05
3.717242731e-05
3.769077774e-05
3.860540847e-05
3.990292231e-05
4.17074927e-05
4.435778487e-05
4.729935529e-05
5.065171195e-05
5.563115689e-05
6.135461949e-05
6.743428719e-05
7.441294659e-05
8.171579018e-05
8.918822235e-05
9.609498412e-05
0.0001024811124
0.0001061704605
0.0001087503886
0.0001095214389
0.0001081652152
0.0001050521807
9.966657772e-05
9.290214769e-05
8.514636773e-05
7.672337366e-05
6.793522843e-05
5.905985399e-05
4.969065758e-05
3.752162989e-05
1.874428914e-05
3.001859177e-06
1.182239247e-14
4.399262801e-86
4.329514022e-86
4.260121783e-86
4.195599688e-86
4.129211425e-86
4.064271013e-86
4.000232767e-86
3.936338164e-86
3.86908135e-86
3.804655733e-86
3.743331992e-86
3.67568825e-86
3.61257916e-86
3.54905766e-86
3.486601331e-86
3.427091405e-86
5.958477616e-05
6.561737055e-05
6.858977706e-05
7.130093631e-05
7.344777194e-05
7.550058432e-05
7.73647576e-05
7.918610323e-05
8.084478625e-05
8.214253611e-05
8.346763906e-05
8.437700767e-05
8.559389911e-05
8.635890294e-05
8.741650809e-05
8.834630218e-05
8.896079553e-05
8.956939413e-05
8.987870612e-05
9.031207421e-05
9.039907746e-05
9.030520821e-05
9.005445784e-05
8.983792451e-05
8.921241532e-05
8.825815356e-05
8.7250428e-05
8.570903169e-05
8.392969179e-05
8.178281485e-05
7.949816502e-05
7.673120175e-05
7.374787641e-05
7.060814488e-05
6.734468162e-05
6.401482915e-05
6.069960786e-05
5.746749201e-05
5.437048053e-05
5.144254367e-05
4.872639488e-05
4.625608925e-05
4.402351702e-05
4.2061613e-05
4.039054982e-05
3.896898738e-05
3.773904419e-05
3.698592001e-05
3.63103882e-05
3.621520469e-05
3.633564105e-05
3.677694189e-05
3.759631229e-05
3.879493061e-05
4.066507634e-05
4.284847435e-05
4.585337595e-05
4.900083014e-05
5.355345963e-05
5.899135411e-05
6.488023699e-05
7.155885873e-05
7.867195891e-05
8.605098859e-05
9.299374606e-05
9.944447461e-05
0.0001034162023
0.0001057535135
0.0001068177317
0.0001056554442
0.0001027183722
9.750848407e-05
9.085260628e-05
8.320867445e-05
7.488808197e-05
6.620432572e-05
5.744187217e-05
4.825738609e-05
3.703256073e-05
1.980821709e-05
4.536139557e-06
0
4.435859395e-86
4.367428568e-86
4.29865558e-86
4.23519187e-86
4.168311444e-86
4.101309736e-86
4.037363287e-86
3.973551759e-86
3.907597156e-86
3.842036104e-86
3.778958179e-86
3.711152052e-86
3.645729294e-86
3.586353363e-86
3.522659848e-86
3.459714234e-86
5.736701235e-05
6.330844159e-05
6.669954921e-05
6.897167874e-05
7.121661258e-05
7.337251505e-05
7.508933912e-05
7.702774988e-05
7.861964221e-05
8.016651593e-05
8.146677513e-05
8.23265446e-05
8.344262002e-05
8.457188341e-05
8.560305686e-05
8.646419771e-05
8.696425154e-05
8.771378074e-05
8.806257716e-05
8.842108453e-05
8.877115226e-05
8.861772208e-05
8.85796391e-05
8.827337999e-05
8.769601431e-05
8.695472572e-05
8.592084783e-05
8.441560124e-05
8.277617991e-05
8.071460439e-05
7.855624647e-05
7.586798213e-05
7.295326478e-05
6.98864844e-05
6.668777557e-05
6.34087913e-05
6.013511689e-05
5.69363085e-05
5.386456631e-05
5.095852216e-05
4.824638927e-05
4.57682817e-05
4.354154548e-05
4.153992202e-05
3.985578134e-05
3.839858769e-05
3.722950018e-05
3.63542652e-05
3.572251122e-05
3.547408936e-05
3.551815501e-05
3.588342544e-05
3.660836919e-05
3.772352229e-05
3.938495274e-05
4.152598622e-05
4.422216766e-05
4.723416541e-05
5.134954187e-05
5.660614785e-05
6.231358784e-05
6.874060332e-05
7.565411876e-05
8.28853851e-05
8.98707164e-05
9.6309308e-05
0.0001003302753
0.0001027306388
0.0001040975137
0.000103146057
0.0001003905576
9.537823877e-05
8.884401501e-05
8.130687324e-05
7.309733921e-05
6.452648831e-05
5.587095262e-05
4.683529416e-05
3.641478617e-05
2.043022743e-05
5.741127974e-06
2.463550916e-10
4.475776144e-86
4.408061846e-86
4.342729342e-86
4.275322937e-86
4.208912998e-86
4.141292724e-86
4.075761415e-86
4.012064672e-86
3.9458883e-86
3.883199685e-86
3.81396549e-86
3.746394859e-86
3.684873611e-86
3.62197612e-86
3.557417964e-86
3.494919399e-86
5.520174958e-05
6.140348169e-05
6.436887026e-05
6.679515982e-05
6.927312478e-05
7.114232501e-05
7.312603445e-05
7.477054869e-05
7.675557484e-05
7.816187958e-05
7.936266611e-05
8.05835682e-05
8.175075319e-05
8.269636374e-05
8.359283448e-05
8.446099257e-05
8.536991613e-05
8.581969923e-05
8.636269244e-05
8.672661805e-05
8.702041604e-05
8.712213313e-05
8.710029321e-05
8.671816362e-05
8.637255588e-05
8.55361019e-05
8.453077815e-05
8.325084845e-05
8.161567475e-05
7.955906604e-05
7.75585923e-05
7.498500297e-05
7.216458315e-05
6.91733752e-05
6.603883866e-05
6.281134721e-05
5.957956586e-05
5.641726924e-05
5.33687968e-05
5.04819862e-05
4.777873976e-05
4.529707097e-05
4.305855052e-05
4.098842879e-05
3.932961056e-05
3.784090363e-05
3.666912376e-05
3.572068821e-05
3.508489285e-05
3.477286002e-05
3.474879609e-05
3.503446823e-05
3.565034262e-05
3.66905447e-05
3.81289272e-05
4.006794703e-05
4.27358431e-05
4.573135503e-05
4.931866297e-05
5.436785013e-05
5.985761582e-05
6.600385106e-05
7.269850498e-05
7.976452027e-05
8.669770591e-05
9.302365643e-05
9.775916776e-05
0.0001001725675
0.0001014507198
0.0001006384973
9.806384959e-05
9.326880892e-05
8.68640597e-05
7.946348352e-05
7.136981854e-05
6.291084279e-05
5.436352645e-05
4.546806791e-05
3.57512888e-05
2.135568773e-05
7.559877962e-06
2.472354017e-09
2.800862177e-86
4.448759183e-86
4.38085588e-86
4.316367901e-86
4.249831058e-86
4.18150648e-86
4.116588164e-86
4.051260606e-86
3.984597146e-86
3.920078383e-86
3.85768083e-86
3.780222256e-86
3.725480169e-86
3.658006572e-86
3.59317367e-86
3.531800585e-86
5.307448201e-05
5.902259451e-05
6.223073341e-05
6.496666127e-05
6.716942123e-05
6.93261014e-05
7.10577087e-05
7.294774365e-05
7.461426789e-05
7.603916483e-05
7.725410327e-05
7.856782657e-05
7.986992292e-05
8.104714405e-05
8.19295189e-05
8.285228778e-05
8.360452489e-05
8.42298758e-05
8.476825155e-05
8.521092806e-05
8.535098891e-05
8.558187919e-05
8.548299926e-05
8.513366246e-05
8.484546493e-05
8.417515144e-05
8.33052181e-05
8.203000179e-05
8.045819038e-05
7.859824904e-05
7.653462774e-05
7.411471606e-05
7.138289007e-05
6.84662138e-05
6.539609941e-05
6.222118064e-05
5.90335882e-05
5.592789738e-05
5.28905677e-05
5.001531713e-05
4.732494642e-05
4.484194636e-05
4.259664355e-05
4.059882461e-05
3.883642228e-05
3.732634749e-05
3.613533506e-05
3.517867877e-05
3.446964783e-05
3.409315082e-05
3.39995421e-05
3.421025387e-05
3.474148189e-05
3.567018519e-05
3.696881756e-05
3.884767711e-05
4.122293448e-05
4.405123001e-05
4.703733697e-05
5.203285474e-05
5.740679508e-05
6.335108445e-05
6.982405663e-05
7.670064901e-05
8.352651363e-05
8.975113813e-05
9.47684689e-05
9.722008209e-05
9.865820797e-05
9.808347508e-05
9.571209136e-05
9.117196988e-05
8.491843389e-05
7.764359429e-05
6.967844107e-05
6.13487507e-05
5.29181997e-05
4.416863136e-05
3.504052415e-05
2.210192804e-05
8.330991202e-06
2.014121247e-08
6.534275057e-25
4.49068205e-86
4.423923235e-86
4.357727943e-86
4.290294679e-86
4.223632498e-86
4.15732136e-86
4.09082342e-86
4.024489075e-86
3.954884046e-86
3.891806771e-86
3.823315995e-86
3.762387533e-86
3.697177027e-86
3.629571578e-86
3.567662444e-86
5.099823166e-05
5.727539023e-05
6.004789409e-05
6.266220895e-05
6.496492035e-05
6.721475322e-05
6.925626378e-05
7.089110155e-05
7.2499382e-05
7.414169949e-05
7.553449797e-05
7.667364737e-05
7.807779922e-05
7.902851532e-05
8.015934365e-05
8.113611467e-05
8.179910144e-05
8.249989218e-05
8.317878776e-05
8.361802171e-05
8.385809565e-05
8.396176424e-05
8.389134031e-05
8.374269875e-05
8.333698219e-05
8.267279898e-05
8.200595247e-05
8.083379847e-05
7.931507682e-05
7.74861923e-05
7.55630567e-05
7.329747971e-05
7.06169126e-05
6.776671327e-05
6.47586039e-05
6.164090923e-05
5.855877193e-05
5.546714606e-05
5.243873165e-05
4.956245866e-05
4.688434414e-05
4.440113913e-05
4.214840317e-05
4.012800117e-05
3.835839265e-05
3.679478721e-05
3.557797057e-05
3.460090411e-05
3.385719144e-05
3.343564044e-05
3.328299264e-05
3.341740596e-05
3.386848132e-05
3.468683951e-05
3.585929274e-05
3.747563202e-05
3.979629784e-05
4.261613404e-05
4.5519195e-05
4.996954624e-05
5.504665202e-05
6.074411217e-05
6.70099318e-05
7.369792569e-05
8.03949936e-05
8.656315237e-05
9.193813891e-05
9.45605845e-05
9.581988492e-05
9.549550688e-05
9.33455906e-05
8.909040119e-05
8.299652557e-05
7.58985395e-05
6.805474965e-05
5.98460673e-05
5.153497051e-05
4.292917722e-05
3.432941087e-05
2.242330546e-05
9.310229195e-06
7.639788034e-08
2.064224606e-25
4.535203394e-86
4.468844697e-86
4.40034842e-86
4.333906449e-86
4.26575661e-86
4.197586993e-86
4.13156588e-86
4.064960312e-86
3.997239981e-86
3.931563923e-86
3.86606337e-86
3.801252349e-86
3.736184615e-86
3.668557994e-86
3.603370646e-86
4.896428566e-05
5.490781285e-05
5.835354886e-05
6.057107015e-05
6.329202759e-05
6.508680314e-05
6.71769109e-05
6.888088833e-05
7.067718814e-05
7.223706176e-05
7.347455787e-05
7.493364397e-05
7.623650862e-05
7.737990711e-05
7.827229081e-05
7.924304918e-05
7.999421491e-05
8.090671722e-05
8.156968492e-05
8.191123237e-05
8.224721685e-05
8.231698246e-05
8.247499141e-05
8.232339825e-05
8.181523772e-05
8.139688888e-05
8.058707614e-05
7.962911989e-05
7.819581074e-05
7.655240556e-05
7.455939221e-05
7.246813366e-05
6.985261605e-05
6.707094075e-05
6.412928388e-05
6.107744318e-05
5.804664226e-05
5.498701814e-05
5.201507286e-05
4.912534264e-05
4.645076744e-05
4.397333337e-05
4.1712877e-05
3.969176488e-05
3.788753611e-05
3.627745431e-05
3.507062995e-05
3.406278292e-05
3.325541987e-05
3.276745979e-05
3.25580629e-05
3.263421104e-05
3.30149201e-05
3.374401027e-05
3.481838864e-05
3.648226075e-05
3.839714273e-05
4.104073353e-05
4.379899226e-05
4.785672421e-05
5.276222621e-05
5.823176982e-05
6.426696565e-05
7.074954182e-05
7.730635939e-05
8.342738169e-05
8.904415923e-05
9.168563222e-05
9.300440227e-05
9.29324686e-05
9.098457139e-05
8.70245498e-05
8.111104272e-05
7.413567995e-05
6.64511704e-05
5.838662618e-05
5.020411841e-05
4.175207661e-05
3.362012981e-05
2.309979362e-05
1.109745327e-05
4.93829935e-07
5.620849187e-20
4.578241697e-86
4.509305029e-86
4.44381688e-86
4.376730502e-86
4.309017977e-86
4.23882837e-86
4.172672978e-86
4.104879753e-86
4.0388062e-86
3.972023826e-86
3.905332597e-86
3.840755184e-86
3.777233273e-86
3.705572637e-86
3.641977899e-86
4.698351823e-05
5.319798964e-05
5.601993809e-05
5.868606935e-05
6.098991235e-05
6.338100061e-05
6.516326774e-05
6.719060558e-05
6.876376886e-05
7.030185479e-05
7.18377915e-05
7.289247315e-05
7.438526402e-05
7.566130291e-05
7.664262567e-05
7.744437169e-05
7.833742417e-05
7.911450963e-05
7.981120615e-05
8.023928338e-05
8.053915891e-05
8.092999535e-05
8.103858493e-05
8.092063334e-05
8.05280422e-05
8.007876516e-05
7.921458639e-05
7.826314628e-05
7.709653156e-05
7.555926164e-05
7.361647913e-05
7.16521831e-05
6.908370511e-05
6.638186348e-05
6.350766406e-05
6.05277394e-05
5.753899092e-05
5.451613936e-05
5.156340876e-05
4.872692818e-05
4.603134214e-05
4.355759582e-05
4.128961912e-05
3.925214898e-05
3.741110419e-05
3.576505342e-05
3.45559589e-05
3.3543715e-05
3.266466219e-05
3.211669597e-05
3.186847437e-05
3.188503161e-05
3.219380183e-05
3.281861748e-05
3.382657973e-05
3.527721633e-05
3.717472175e-05
3.961249295e-05
4.240814336e-05
4.587056562e-05
5.057319186e-05
5.578133381e-05
6.159167996e-05
6.786406589e-05
7.427037037e-05
8.031617914e-05
8.608979788e-05
8.878902031e-05
9.020964454e-05
9.037300751e-05
8.862559512e-05
8.497103527e-05
7.923589648e-05
7.24819104e-05
6.492036081e-05
5.698067552e-05
4.892230444e-05
4.061295776e-05
3.287212874e-05
2.316437204e-05
1.209318102e-05
1.269596055e-06
1.411370528e-21
4.623411335e-86
4.556715275e-86
4.485416808e-86
4.419985436e-86
4.351773411e-86
4.281117937e-86
4.218510328e-86
4.144439998e-86
4.07976407e-86
4.013371915e-86
3.945310616e-86
3.881008454e-86
3.814285324e-86
3.74522943e-86
3.681385573e-86
4.504263268e-05
5.101726062e-05
5.401626322e-05
5.70099157e-05
5.904565268e-05
6.130534306e-05
6.342808784e-05
6.512111378e-05
6.672878885e-05
6.815411368e-05
6.99301245e-05
7.144068049e-05
7.248232538e-05
7.380041557e-05
7.495744416e-05
7.581123198e-05
7.671212592e-05
7.731355243e-05
7.804940091e-05
7.846699558e-05
7.907046075e-05
7.935630856e-05
7.952027465e-05
7.94167626e-05
7.920316099e-05
7.874137068e-05
7.798492166e-05
7.712354931e-05
7.602845755e-05
7.456241335e-05
7.263103303e-05
7.077984384e-05
6.83399923e-05
6.569837853e-05
6.289365457e-05
5.998106862e-05
5.703039197e-05
5.405362646e-05
5.113050166e-05
4.832357435e-05
4.561916206e-05
4.315532881e-05
4.088302182e-05
3.883316911e-05
3.695810812e-05
3.535682205e-05
3.406099907e-05
3.302947113e-05
3.217406508e-05
3.140615518e-05
3.12003243e-05
3.117076062e-05
3.140549158e-05
3.193452485e-05
3.285021736e-05
3.411518132e-05
3.580655994e-05
3.811516324e-05
4.077316194e-05
4.361177148e-05
4.832341852e-05
5.339696564e-05
5.898043295e-05
6.503794962e-05
7.12849503e-05
7.723466999e-05
8.302561328e-05
8.604423737e-05
8.748214019e-05
8.773382305e-05
8.624276197e-05
8.293078633e-05
7.739508226e-05
7.061827147e-05
6.338147592e-05
5.56066826e-05
4.767759297e-05
3.94998108e-05
3.207948132e-05
2.296858104e-05
1.272272156e-05
2.386373393e-06
8.350987988e-13
4.671454449e-86
4.60052932e-86
4.533051665e-86
4.464858175e-86
4.396410957e-86
4.327810774e-86
4.256864469e-86
4.190358096e-86
4.122898299e-86
4.054865127e-86
3.987554745e-86
3.923162703e-86
3.853433995e-86
3.787031166e-86
3.721844012e-86
4.315906692e-05
4.945617767e-05
5.249973559e-05
5.48493133e-05
5.745203273e-05
5.933191209e-05
6.144551734e-05
6.324462875e-05
6.512961322e-05
6.662748067e-05
6.809347383e-05
6.955362473e-05
7.088057507e-05
7.212056978e-05
7.327093371e-05
7.401737039e-05
7.514656763e-05
7.581259586e-05
7.630812244e-05
7.703795206e-05
7.758923135e-05
7.791398988e-05
7.787079337e-05
7.78840666e-05
7.771023361e-05
7.726252082e-05
7.677674024e-05
7.594194672e-05
7.484696952e-05
7.350962756e-05
7.173675804e-05
6.982264448e-05
6.760612154e-05
6.502225189e-05
6.22852411e-05
5.943832776e-05
5.653435387e-05
5.359979402e-05
5.070845173e-05
4.791263183e-05
4.526973402e-05
4.27563863e-05
4.048770775e-05
3.842794781e-05
3.652630566e-05
3.491326982e-05
3.35540517e-05
3.252724025e-05
3.162424005e-05
3.086387678e-05
3.056984911e-05
3.047989636e-05
3.064885229e-05
3.11026538e-05
3.190212528e-05
3.304559535e-05
3.469919467e-05
3.675369025e-05
3.946247325e-05
4.207674001e-05
4.621317397e-05
5.104598404e-05
5.643950032e-05
6.228389209e-05
6.835667522e-05
7.421265583e-05
7.982210933e-05
8.329308871e-05
8.478419521e-05
8.510187436e-05
8.385888533e-05
8.086665655e-05
7.558431378e-05
6.9145191e-05
6.191337932e-05
5.427987841e-05
4.647540757e-05
3.841863626e-05
3.128937868e-05
2.263786824e-05
1.320786961e-05
3.622758246e-06
0
4.718931985e-86
4.649426206e-86
4.581432108e-86
4.51152436e-86
4.443022717e-86
4.372551441e-86
4.302436797e-86
4.233203103e-86
4.167778871e-86
4.099438526e-86
4.03395079e-86
3.962036041e-86
3.896694084e-86
3.829427722e-86
3.763787249e-86
4.1317353e-05
4.713858484e-05
5.027082238e-05
5.279018319e-05
5.528431251e-05
5.778055224e-05
5.951451347e-05
6.15448158e-05
6.323861599e-05
6.480699303e-05
6.641201542e-05
6.790720365e-05
6.918247254e-05
7.037072178e-05
7.13676999e-05
7.244244583e-05
7.3427455e-05
7.416129984e-05
7.485806778e-05
7.555490766e-05
7.601391139e-05
7.629450236e-05
7.655628262e-05
7.657817542e-05
7.647469864e-05
7.609148771e-05
7.554396343e-05
7.478567591e-05
7.375461703e-05
7.246636739e-05
7.083748083e-05
6.890648833e-05
6.684184466e-05
6.434298645e-05
6.167676068e-05
5.891555454e-05
5.604206042e-05
5.315195978e-05
5.029274482e-05
4.751765295e-05
4.487130855e-05
4.235436048e-05
4.01042545e-05
3.803571941e-05
3.606600671e-05
3.447613033e-05
3.316690985e-05
3.204538232e-05
3.115833982e-05
3.039214247e-05
2.997661232e-05
2.982215168e-05
2.991828274e-05
3.029496385e-05
3.100238032e-05
3.202867412e-05
3.342355567e-05
3.538179596e-05
3.795526608e-05
4.04539082e-05
4.418184689e-05
4.888058153e-05
5.396455044e-05
5.959093825e-05
6.548625284e-05
7.123956993e-05
7.679196918e-05
8.052812102e-05
8.210454199e-05
8.254854685e-05
8.149906798e-05
7.879831694e-05
7.380100417e-05
6.75611861e-05
6.048849862e-05
5.299940971e-05
4.533000414e-05
3.738327484e-05
3.049618317e-05
2.240582061e-05
1.360806918e-05
4.810552528e-06
1.059114605e-09
2.933695458e-86
4.695072772e-86
4.624805324e-86
4.558945535e-86
4.491323224e-86
4.415133256e-86
4.347963277e-86
4.279137032e-86
4.210311351e-86
4.143985593e-86
4.075485863e-86
4.00723073e-86
3.939421127e-86
3.872352981e-86
3.806004526e-86
3.953041843e-05
4.579226538e-05
4.833060836e-05
5.090518503e-05
5.33750023e-05
5.56086271e-05
5.78626209e-05
5.971874267e-05
6.145410349e-05
6.317683028e-05
6.469415324e-05
6.60985367e-05
6.744424236e-05
6.848754325e-05
6.955372372e-05
7.070599822e-05
7.175189796e-05
7.247713596e-05
7.330837363e-05
7.396582394e-05
7.438390493e-05
7.463943698e-05
7.511865873e-05
7.519707712e-05
7.518838394e-05
7.487021712e-05
7.434979976e-05
7.364993192e-05
7.266615801e-05
7.141634496e-05
6.993631915e-05
6.809348005e-05
6.614746493e-05
6.367793197e-05
6.107443637e-05
5.837429842e-05
5.555548695e-05
5.27091963e-05
4.988367667e-05
4.713415017e-05
4.450155884e-05
4.204152627e-05
3.973338405e-05
3.765676458e-05
3.572923072e-05
3.408474344e-05
3.274409534e-05
3.165171433e-05
3.067065754e-05
2.986323203e-05
2.936590155e-05
2.915958415e-05
2.920111375e-05
2.950955103e-05
3.011652608e-05
3.106538518e-05
3.248238405e-05
3.417337996e-05
3.64918186e-05
3.911981603e-05
4.19167025e-05
4.661768292e-05
5.159496132e-05
5.697891625e-05
6.267787436e-05
6.831087418e-05
7.388193772e-05
7.777856402e-05
7.950387167e-05
7.997808854e-05
7.919793626e-05
7.674588118e-05
7.204942667e-05
6.601015662e-05
5.910306295e-05
5.176912156e-05
4.42241529e-05
3.640985853e-05
2.975637524e-05
2.217171985e-05
1.377074874e-05
5.744904654e-06
6.173649944e-09
2.310987476e-42
4.74528732e-86
4.677389211e-86
4.605414336e-86
4.535831186e-86
4.464316582e-86
4.394918257e-86
4.326994683e-86
4.259047224e-86
4.187459864e-86
4.119361223e-86
4.05110505e-86
3.982315086e-86
3.916059005e-86
3.844986908e-86
3.779363709e-05
4.370817737e-05
4.695157725e-05
4.94951013e-05
5.193733353e-05
5.38187593e-05
5.597016675e-05
5.776209787e-05
5.965926459e-05
6.123210128e-05
6.269197972e-05
6.415916577e-05
6.554817919e-05
6.6604639e-05
6.801474289e-05
6.905521447e-05
7.00444048e-05
7.073666326e-05
7.170171873e-05
7.240155881e-05
7.275440646e-05
7.331808527e-05
7.360132838e-05
7.378491093e-05
7.390919803e-05
7.358936832e-05
7.315730829e-05
7.25272022e-05
7.160136256e-05
7.04777216e-05
6.90477465e-05
6.717088648e-05
6.541704036e-05
6.296992141e-05
6.047580882e-05
5.783409361e-05
5.507237626e-05
5.227118733e-05
4.948224169e-05
4.675359512e-05
4.414057794e-05
4.168299615e-05
3.937147636e-05
3.728936396e-05
3.534749993e-05
3.36140208e-05
3.231998708e-05
3.119270438e-05
3.019048235e-05
2.937015333e-05
2.869748906e-05
2.852373772e-05
2.851434756e-05
2.87569014e-05
2.926677999e-05
3.013435383e-05
3.131466902e-05
3.288794796e-05
3.492007485e-05
3.755013794e-05
4.034358543e-05
4.445663041e-05
4.919417922e-05
5.440942099e-05
5.993990397e-05
6.545313287e-05
7.095461283e-05
7.490267073e-05
7.689438889e-05
7.747580611e-05
7.685742639e-05
7.467707708e-05
7.030443253e-05
6.447258735e-05
5.775289079e-05
5.058279551e-05
4.316962424e-05
3.550162802e-05
2.907771584e-05
2.195552923e-05
1.401415045e-05
6.738540403e-06
9.838818719e-08
3.244690457e-27
4.791399441e-86
4.722305012e-86
4.653960734e-86
4.583159633e-86
4.511572024e-86
4.442579413e-86
4.374106727e-86
4.306322626e-86
4.232578049e-86
4.166589634e-86
4.094830685e-86
4.030969968e-86
3.954924959e-86
3.892640508e-86
3.609946546e-05
4.179054303e-05
4.49578097e-05
4.737195434e-05
4.98503096e-05
5.235433528e-05
5.410353063e-05
5.613784272e-05
5.790949729e-05
5.970002546e-05
6.102576589e-05
6.251207665e-05
6.392299166e-05
6.51489816e-05
6.628999441e-05
6.74538246e-05
6.836280373e-05
6.930578831e-05
7.00875829e-05
7.080931017e-05
7.143933702e-05
7.193496194e-05
7.20729333e-05
7.228080481e-05
7.249545019e-05
7.235883942e-05
7.196037819e-05
7.13266889e-05
7.045827831e-05
6.945793674e-05
6.809807461e-05
6.629012514e-05
6.456525583e-05
6.238197529e-05
5.98852109e-05
5.732044069e-05
5.459647437e-05
5.18406248e-05
4.908452272e-05
4.63875262e-05
4.378589015e-05
4.133224539e-05
3.901619524e-05
3.693956559e-05
3.497539028e-05
3.330910215e-05
3.186572523e-05
3.072924488e-05
2.969702308e-05
2.886075632e-05
2.820777806e-05
2.794416362e-05
2.787646271e-05
2.804486458e-05
2.847652713e-05
2.923499214e-05
3.032002458e-05
3.183281605e-05
3.366439772e-05
3.626758986e-05
3.868005631e-05
4.244527655e-05
4.702959265e-05
5.19568116e-05
5.728114535e-05
6.263992621e-05
6.813569143e-05
7.195437472e-05
7.437905181e-05
7.501295626e-05
7.450332012e-05
7.259361355e-05
6.856439116e-05
6.295633979e-05
5.643922877e-05
4.943650287e-05
4.219286586e-05
3.464142588e-05
2.845472073e-05
2.177638895e-05
1.42961188e-05
8.083698634e-06
4.990427249e-07
4.990422483e-19
4.850916921e-86
4.776333786e-86
4.702246996e-86
4.629723007e-86
4.561769168e-86
4.49048115e-86
4.421278106e-86
4.35147784e-86
4.283869539e-86
4.211856118e-86
4.140977225e-86
4.076033218e-86
4.001670874e-86
3.933255295e-86
3.445705122e-05
4.047928832e-05
4.294883315e-05
4.554713492e-05
4.800199948e-05
5.029450224e-05
5.26280947e-05
5.436133315e-05
5.604665241e-05
5.780893179e-05
5.931600323e-05
6.065481883e-05
6.199542343e-05
6.341476547e-05
6.434889775e-05
6.563373259e-05
6.676975643e-05
6.787710563e-05
6.850622452e-05
6.930225951e-05
6.991818915e-05
7.050017834e-05
7.07936851e-05
7.102412703e-05
7.121003464e-05
7.111279882e-05
7.07755991e-05
7.023205689e-05
6.94072478e-05
6.84321586e-05
6.71735577e-05
6.553955109e-05
6.376187002e-05
6.171461066e-05
5.932863828e-05
5.678511369e-05
5.412355921e-05
5.141353929e-05
4.869785386e-05
4.602021586e-05
4.34422243e-05
4.098940953e-05
3.87098785e-05
3.659288886e-05
3.460537134e-05
3.294034469e-05
3.154395791e-05
3.028645736e-05
2.926360381e-05
2.839321539e-05
2.76836812e-05
2.736213151e-05
2.725907433e-05
2.736386042e-05
2.77210361e-05
2.838432684e-05
2.934499604e-05
3.060872338e-05
3.237531434e-05
3.48284397e-05
3.729955957e-05
4.029890861e-05
4.474216328e-05
4.954286538e-05
5.466035114e-05
5.988305985e-05
6.537961278e-05
6.906498618e-05
7.187127945e-05
7.262472996e-05
7.220975675e-05
7.053927859e-05
6.686903075e-05
6.147596871e-05
5.516005223e-05
4.83337914e-05
4.125683813e-05
3.383212366e-05
2.787310272e-05
2.159714904e-05
1.510965896e-05
8.670243847e-06
1.206866053e-06
0
4.898371089e-86
4.823042655e-86
4.756183495e-86
4.685115691e-86
4.610294764e-86
4.540533309e-86
4.468901007e-86
4.398736199e-86
4.327544539e-86
4.257107094e-86
4.190420333e-86
4.120061162e-86
4.051378037e-86
3.976095515e-86
3.286616132e-05
3.870796991e-05
4.171407374e-05
4.410876553e-05
4.670816815e-05
4.855251856e-05
5.066999842e-05
5.256947998e-05
5.418401187e-05
5.60060337e-05
5.770411719e-05
5.910746815e-05
6.046107943e-05
6.162767541e-05
6.304487972e-05
6.421521947e-05
6.503633928e-05
6.628667758e-05
6.696953144e-05
6.781375448e-05
6.845919736e-05
6.907419195e-05
6.947387755e-05
6.973648492e-05
6.978680644e-05
6.971331901e-05
6.960795434e-05
6.909850229e-05
6.83655123e-05
6.742794713e-05
6.618224519e-05
6.471176406e-05
6.28326493e-05
6.112019044e-05
5.875638187e-05
5.625834817e-05
5.365581612e-05
5.099086138e-05
4.83102126e-05
4.566853796e-05
4.310273898e-05
4.06654962e-05
3.837808737e-05
3.625370441e-05
3.425164334e-05
3.260093938e-05
3.116029512e-05
2.993912662e-05
2.889241397e-05
2.794499374e-05
2.727599618e-05
2.674480364e-05
2.663821884e-05
2.66961406e-05
2.698940431e-05
2.755633044e-05
2.844235484e-05
2.975828592e-05
3.138214494e-05
3.346896248e-05
3.581361218e-05
3.85653955e-05
4.265260132e-05
4.721734091e-05
5.214412379e-05
5.720155368e-05
6.246114378e-05
6.647506726e-05
6.928198743e-05
7.023303201e-05
6.993913525e-05
6.849628941e-05
6.516021242e-05
6.000062958e-05
5.390023274e-05
4.727168249e-05
4.028611598e-05
3.310738391e-05
2.732560219e-05
2.136861347e-05
1.534817328e-05
9.069010745e-06
2.173759127e-06
1.760205279e-12
8.377354074e-87
4.88262703e-86
4.808135579e-86
4.736929843e-86
4.662594775e-86
4.591926926e-86
4.521556792e-86
4.451348602e-86
4.384457285e-86
4.308679881e-86
4.238790114e-86
4.165432459e-86
4.094741713e-86
4.021528198e-86
3.13202169e-05
3.665857576e-05
3.999239743e-05
4.255465065e-05
4.472326206e-05
4.724819734e-05
4.895118788e-05
5.100539474e-05
5.290895133e-05
5.450139434e-05
5.605037631e-05
5.747851507e-05
5.887096154e-05
6.019397696e-05
6.141697791e-05
6.272972345e-05
6.342155109e-05
6.465466843e-05
6.537369517e-05
6.625160339e-05
6.684286726e-05
6.756241985e-05
6.804499955e-05
6.837291022e-05
6.845218666e-05
6.837196009e-05
6.834135747e-05
6.786423396e-05
6.727185426e-05
6.641948905e-05
6.526925286e-05
6.39080162e-05
6.216412441e-05
6.042207372e-05
5.818717172e-05
5.574051988e-05
5.318219977e-05
5.057068752e-05
4.793263191e-05
4.531387669e-05
4.277497143e-05
4.034221177e-05
3.806155221e-05
3.591867719e-05
3.393410661e-05
3.224343447e-05
3.080811053e-05
2.955823472e-05
2.847545248e-05
2.757822804e-05
2.679700856e-05
2.626322126e-05
2.605761364e-05
2.605889688e-05
2.628436121e-05
2.675661857e-05
2.756601513e-05
2.869523321e-05
3.01383426e-05
3.19824286e-05
3.461754992e-05
3.675427746e-05
4.060684945e-05
4.498458294e-05
4.972183756e-05
5.457701273e-05
5.961834448e-05
6.38692458e-05
6.675421455e-05
6.792001137e-05
6.770487422e-05
6.640138357e-05
6.346129275e-05
5.854397346e-05
5.266859209e-05
4.624326947e-05
3.928396355e-05
3.24479262e-05
2.681753671e-05
2.104306152e-05
1.535255728e-05
9.56343101e-06
3.163030241e-06
0
5.412706332e-35
4.935476181e-86
4.861885018e-86
4.789624376e-86
4.715597461e-86
4.643503044e-86
4.573857961e-86
4.501805698e-86
4.431069111e-86
4.356743827e-86
4.28830298e-86
4.215067896e-86
4.143429883e-86
4.072259059e-86
2.982891525e-05
3.562699087e-05
3.831420393e-05
4.066890746e-05
4.300598728e-05
4.527202049e-05
4.767868067e-05
4.925605529e-05
5.11162632e-05
5.28893214e-05
5.441057267e-05
5.59542996e-05
5.741157443e-05
5.878621337e-05
5.990966054e-05
6.098712987e-05
6.199903046e-05
6.298429331e-05
6.402137215e-05
6.467500455e-05
6.559349294e-05
6.605627581e-05
6.661020931e-05
6.699847923e-05
6.715266078e-05
6.726531727e-05
6.713441838e-05
6.680642978e-05
6.62120336e-05
6.532443507e-05
6.441594753e-05
6.30951644e-05
6.134557213e-05
5.970333245e-05
5.769813114e-05
5.515386626e-05
5.271661973e-05
5.015224351e-05
4.755432145e-05
4.497408187e-05
4.24501914e-05
4.003759489e-05
3.775207446e-05
3.563583118e-05
3.358796441e-05
3.189873806e-05
3.049781443e-05
2.918151136e-05
2.804272146e-05
2.715200455e-05
2.637842472e-05
2.577293585e-05
2.550717281e-05
2.544944362e-05
2.56145089e-05
2.601562447e-05
2.67190336e-05
2.769962409e-05
2.897671846e-05
3.079551446e-05
3.322038703e-05
3.563367851e-05
3.869638602e-05
4.288238263e-05
4.733225914e-05
5.205018411e-05
5.691879048e-05
6.127932194e-05
6.431087166e-05
6.562527785e-05
6.550795391e-05
6.432317491e-05
6.175230021e-05
5.712130563e-05
5.145990139e-05
4.523565453e-05
3.83353068e-05
3.178550977e-05
2.632738322e-05
2.06902751e-05
1.521336663e-05
9.97347201e-06
4.242033793e-06
2.3643954e-08
0
4.988424158e-86
4.914875303e-86
4.843447434e-86
4.770346395e-86
4.698345792e-86
4.626473655e-86
4.552205724e-86
4.478133544e-86
4.407905744e-86
4.3362574e-86
4.267863155e-86
4.184833234e-86
4.119392827e-86
2.838856942e-05
3.399020258e-05
3.674995134e-05
3.888972671e-05
4.177792589e-05
4.362101922e-05
4.573500947e-05
4.797973602e-05
4.952782282e-05
5.116257788e-05
5.289428555e-05
5.436491363e-05
5.580064882e-05
5.707586035e-05
5.837905042e-05
5.930994459e-05
6.057963016e-05
6.139662352e-05
6.25194002e-05
6.316978293e-05
6.414226107e-05
6.459082362e-05
6.507743962e-05
6.567555939e-05
6.584424211e-05
6.595093957e-05
6.591037728e-05
6.570388034e-05
6.516203808e-05
6.435578911e-05
6.343025947e-05
6.215873076e-05
6.060234873e-05
5.890865482e-05
5.705948092e-05
5.467936116e-05
5.224733344e-05
4.973931134e-05
4.718452674e-05
4.463016235e-05
4.213671785e-05
3.973018642e-05
3.746084359e-05
3.533646887e-05
3.328034167e-05
3.156184887e-05
3.013867505e-05
2.882399118e-05
2.770742758e-05
2.67453271e-05
2.593314006e-05
2.527999605e-05
2.499477877e-05
2.488438477e-05
2.498424389e-05
2.531393436e-05
2.592732629e-05
2.680954316e-05
2.813717951e-05
2.961383482e-05
3.191303155e-05
3.414625577e-05
3.691141447e-05
4.081711013e-05
4.506716167e-05
4.960779994e-05
5.422643565e-05
5.86811066e-05
6.17968165e-05
6.335092818e-05
6.331271398e-05
6.227213414e-05
6.000136131e-05
5.568781041e-05
5.026554276e-05
4.425053785e-05
3.739890975e-05
3.116749825e-05
2.584219386e-05
2.031343706e-05
1.502949341e-05
1.024332866e-05
5.109471463e-06
1.234939889e-07
7.971576384e-28
5.041960531e-86
4.969637285e-86
4.899420501e-86
4.826618128e-86
4.75316462e-86
4.681243004e-86
4.60287458e-86
4.530494356e-86
4.459053791e-86
4.382079209e-86
4.315137679e-86
4.23942771e-86
4.167110215e-86
2.699712074e-05
3.244399377e-05
3.524659895e-05
3.780907506e-05
4.002531253e-05
4.241159375e-05
4.413075283e-05
4.610633831e-05
4.779943598e-05
4.977426217e-05
5.129807178e-05
5.285119345e-05
5.413633873e-05
5.542766328e-05
5.682750038e-05
5.793677857e-05
5.916298633e-05
6.00384317e-05
6.084595104e-05
6.174429231e-05
6.274906526e-05
6.332470498e-05
6.38885206e-05
6.430687086e-05
6.445834817e-05
6.472195178e-05
6.47143608e-05
6.461254647e-05
6.408936635e-05
6.33846359e-05
6.247451138e-05
6.129797482e-05
5.984408548e-05
5.805864971e-05
5.651781837e-05
5.421548444e-05
5.179539354e-05
4.932983425e-05
4.68161999e-05
4.430300308e-05
4.182451798e-05
3.944189068e-05
3.716655819e-05
3.501777361e-05
3.293448569e-05
3.126443058e-05
2.981230342e-05
2.852699161e-05
2.733348498e-05
2.635396166e-05
2.550623952e-05
2.486433715e-05
2.447944818e-05
2.434105707e-05
2.437847602e-05
2.46385615e-05
2.514099448e-05
2.596789887e-05
2.709913133e-05
2.858228012e-05
3.059237528e-05
3.284353611e-05
3.531757619e-05
3.879472267e-05
4.29254503e-05
4.716319686e-05
5.165319292e-05
5.609961084e-05
5.918861875e-05
6.10909315e-05
6.120260108e-05
6.02667327e-05
5.830306482e-05
5.431623328e-05
4.90912912e-05
4.330600753e-05
3.650621866e-05
3.055929335e-05
2.537368545e-05
1.993690864e-05
1.488284685e-05
1.03241635e-05
5.990807849e-06
3.820034447e-07
0
5.102332038e-86
5.029742378e-86
4.954354879e-86
4.881828871e-86
4.808390254e-86
4.730156136e-86
4.657236739e-86
4.583146387e-86
4.511157164e-86
4.439624536e-86
4.365403667e-86
4.289055252e-86
4.213645994e-86
2.565372167e-05
3.095979776e-05
3.37682458e-05
3.620039122e-05
3.821630915e-05
4.061122995e-05
4.294207193e-05
4.450139881e-05
4.649349937e-05
4.812689889e-05
4.973434326e-05
5.130445686e-05
5.275355182e-05
5.38655537e-05
5.502527258e-05
5.633377851e-05
5.758685638e-05
5.868515059e-05
5.961250918e-05
6.046403476e-05
6.132141509e-05
6.20253553e-05
6.264533815e-05
6.282313542e-05
6.310912887e-05
6.348695285e-05
6.349408166e-05
6.34930727e-05
6.305157916e-05
6.238365896e-05
6.151672801e-05
6.047505282e-05
5.910748336e-05
5.740156221e-05
5.579965202e-05
5.369967596e-05
5.131426555e-05
4.891452886e-05
4.644810558e-05
4.396463422e-05
4.152331352e-05
3.914830409e-05
3.689292065e-05
3.470829486e-05
3.270733186e-05
3.098781019e-05
2.95173123e-05
2.82019593e-05
2.692695738e-05
2.597295051e-05
2.51697846e-05
2.443286595e-05
2.394969596e-05
2.378072172e-05
2.377874708e-05
2.397990093e-05
2.440523101e-05
2.513994506e-05
2.612013644e-05
2.742682519e-05
2.914727754e-05
3.149594641e-05
3.383582605e-05
3.685181537e-05
4.074728276e-05
4.489181407e-05
4.918301724e-05
5.357490934e-05
5.646437874e-05
5.888784565e-05
5.909009125e-05
5.828973513e-05
5.655934347e-05
5.292718903e-05
4.792214565e-05
4.238897303e-05
3.562386258e-05
2.987855226e-05
2.492565812e-05
1.957688381e-05
1.483228442e-05
1.047685044e-05
6.534646772e-06
1.083203173e-06
8.020608241e-14
5.161279941e-86
5.085633951e-86
5.009446645e-86
4.938219566e-86
4.862912891e-86
4.784409433e-86
4.710983237e-86
4.638214283e-86
4.562648291e-86
4.488474721e-86
4.415031337e-86
4.343713588e-86
4.267337233e-86
2.435824603e-05
2.954526811e-05
3.232783859e-05
3.46786536e-05
3.715958416e-05
3.898400203e-05
4.110057929e-05
4.320873612e-05
4.510243281e-05
4.648289226e-05
4.830493734e-05
4.982692848e-05
5.116927947e-05
5.265693804e-05
5.393364635e-05
5.501369107e-05
5.589135433e-05
5.716729309e-05
5.808697149e-05
5.915793233e-05
5.988527631e-05
6.057665352e-05
6.12814938e-05
6.160199212e-05
6.202721862e-05
6.222335449e-05
6.2198955e-05
6.217671836e-05
6.20185785e-05
6.139333133e-05
6.053051858e-05
5.9536031e-05
5.843355928e-05
5.671038329e-05
5.515076446e-05
5.322898631e-05
5.084363989e-05
4.850919888e-05
4.608872218e-05
4.364618342e-05
4.122097636e-05
3.887287777e-05
3.661927657e-05
3.446784364e-05
3.242312928e-05
3.067419898e-05
2.921050345e-05
2.786911812e-05
2.665401445e-05
2.561205441e-05
2.47733757e-05
2.408932477e-05
2.348600304e-05
2.327389502e-05
2.321542612e-05
2.335849702e-05
2.371800921e-05
2.435493002e-05
2.523730199e-05
2.653281954e-05
2.804317229e-05
3.018738503e-05
3.238885021e-05
3.50206862e-05
3.870022725e-05
4.270407618e-05
4.669697479e-05
5.106282538e-05
5.392639475e-05
5.664506533e-05
5.704353452e-05
5.634858505e-05
5.474891372e-05
5.150400781e-05
4.676286588e-05
4.146737534e-05
3.48194556e-05
2.938011041e-05
2.449721901e-05
1.924040135e-05
1.474525473e-05
1.052167599e-05
6.880339524e-06
1.873990219e-06
0
5.222788222e-86
5.147024465e-86
5.072517202e-86
4.994662178e-86
4.918841379e-86
4.842262076e-86
4.764318719e-86
4.692785741e-86
4.617455978e-86
4.541712185e-86
4.467836223e-86
4.39363759e-86
4.320185309e-86
2.311061866e-05
2.817009061e-05
3.090270697e-05
3.322603553e-05
3.562690267e-05
3.793061892e-05
3.963072019e-05
4.182309732e-05
4.332416898e-05
4.531147071e-05
4.67338659e-05
4.840341587e-05
4.980411097e-05
5.102495366e-05
5.234505053e-05
5.36377594e-05
5.476104507e-05
5.592273751e-05
5.67225196e-05
5.76991486e-05
5.837182949e-05
5.913731874e-05
5.99931027e-05
6.043590206e-05
6.07691019e-05
6.101851092e-05
6.093714752e-05
6.096245601e-05
6.090247573e-05
6.040364173e-05
5.962943816e-05
5.881443639e-05
5.752789653e-05
5.611411251e-05
5.436515218e-05
5.275680973e-05
5.045706532e-05
4.809448746e-05
4.571741198e-05
4.33132412e-05
4.09276011e-05
3.859205268e-05
3.636012039e-05
3.419506758e-05
3.217620375e-05
3.047703893e-05
2.889679894e-05
2.757334881e-05
2.634822797e-05
2.52734052e-05
2.437752901e-05
2.369422408e-05
2.305516233e-05
2.278881404e-05
2.269395325e-05
2.277745567e-05
2.306850126e-05
2.360879438e-05
2.439854172e-05
2.544670182e-05
2.690252081e-05
2.878236736e-05
3.0926371e-05
3.338137721e-05
3.677576099e-05
4.042748073e-05
4.440602688e-05
4.865370241e-05
5.145408393e-05
5.428189805e-05
5.500890264e-05
5.443354686e-05
5.297441466e-05
5.012286469e-05
4.563759534e-05
4.051364261e-05
3.404546645e-05
2.892443033e-05
2.408246653e-05
1.892975307e-05
1.464930573e-05
1.052861919e-05
7.265184342e-06
2.757313578e-06
1.224032059e-08
5.358609289e-72
5.203527625e-86
5.128720211e-86
5.049277169e-86
4.976410761e-86
4.898575543e-86
4.818305504e-86
4.748328978e-86
4.672260578e-86
4.5962885e-86
4.519761514e-86
4.446615539e-86
4.373034565e-86
2.191087373e-05
2.6849412e-05
2.953935828e-05
3.182487478e-05
3.417927519e-05
3.629577875e-05
3.842464493e-05
4.007787854e-05
4.188516715e-05
4.360157352e-05
4.524373158e-05
4.666447201e-05
4.80465334e-05
4.964997092e-05
5.097114719e-05
5.216057478e-05
5.325766542e-05
5.4500946e-05
5.550592563e-05
5.652186209e-05
5.723673955e-05
5.800200035e-05
5.860074694e-05
5.918200956e-05
5.962078327e-05
5.984007996e-05
5.989007846e-05
5.973510198e-05
5.970017262e-05
5.936556981e-05
5.870851629e-05
5.780479727e-05
5.681877155e-05
5.53528438e-05
5.378754584e-05
5.214884097e-05
4.996391286e-05
4.769731726e-05
4.53648851e-05
4.299666444e-05
4.063347467e-05
3.832648128e-05
3.609635464e-05
3.392815844e-05
3.189733959e-05
3.021421029e-05
2.867999135e-05
2.729707959e-05
2.603605694e-05
2.494637356e-05
2.407885772e-05
2.332511744e-05
2.268525435e-05
2.231298791e-05
2.217086491e-05
2.220337325e-05
2.242811775e-05
2.286034327e-05
2.346118944e-05
2.465965001e-05
2.586070374e-05
2.733062472e-05
2.944131346e-05
3.19140259e-05
3.47682258e-05
3.834220086e-05
4.213627623e-05
4.624952966e-05
4.903933087e-05
5.182288574e-05
5.30033003e-05
5.255226091e-05
5.121201273e-05
4.871577975e-05
4.451208751e-05
3.946820492e-05
3.336820072e-05
2.843912707e-05
2.371037541e-05
1.864254449e-05
1.455188637e-05
1.05767475e-05
7.520547462e-06
3.571828286e-06
9.092614611e-08
1.351458974e-36
5.264389133e-86
5.184612865e-86
5.111877655e-86
5.033389692e-86
4.955932979e-86
4.876975304e-86
4.804079684e-86
4.729015535e-86
4.652639352e-86
4.572551777e-86
4.498495385e-86
4.425258345e-86
2.075878911e-05
2.555815391e-05
2.823014041e-05
3.044410813e-05
3.280859756e-05
3.466864679e-05
3.709977616e-05
3.865812271e-05
4.062953081e-05
4.213479976e-05
4.405304956e-05
4.547327181e-05
4.696128731e-05
4.829771729e-05
4.974941632e-05
5.084252358e-05
5.207499414e-05
5.327867876e-05
5.414410975e-05
5.508045036e-05
5.58699297e-05
5.677149524e-05
5.716847819e-05
5.805734e-05
5.846385312e-05
5.866485873e-05
5.881928566e-05
5.874377089e-05
5.851159178e-05
5.822486272e-05
5.780035705e-05
5.699138349e-05
5.594079754e-05
5.475064798e-05
5.300614497e-05
5.163610374e-05
4.961026031e-05
4.72731732e-05
4.499743388e-05
4.267494621e-05
4.034992179e-05
3.80601377e-05
3.585666205e-05
3.36607941e-05
3.166109153e-05
2.995317099e-05
2.842320112e-05
2.700898916e-05
2.576083741e-05
2.459896359e-05
2.37248529e-05
2.293322449e-05
2.233640845e-05
2.179252798e-05
2.167099144e-05
2.165622855e-05
2.182812732e-05
2.219523524e-05
2.287265532e-05
2.376161651e-05
2.481060738e-05
2.622556802e-05
2.813198809e-05
3.04959132e-05
3.293058736e-05
3.642534929e-05
3.97979939e-05
4.394632891e-05
4.668899971e-05
4.934541113e-05
5.10054292e-05
5.069802928e-05
4.951891408e-05
4.727819971e-05
4.339920145e-05
3.839136422e-05
3.272833172e-05
2.796643591e-05
2.335606424e-05
1.837542285e-05
1.444716564e-05
1.06288204e-05
7.713087529e-06
4.332626949e-06
2.225098923e-07
0
5.303685265e-86
5.239235167e-86
5.17001783e-86
5.091570817e-86
5.011658486e-86
4.935618698e-86
4.859200923e-86
4.78421931e-86
4.705798663e-86
4.629402621e-86
4.552927534e-86
4.471997647e-86
1.965409811e-05
2.433146014e-05
2.697347453e-05
2.912869593e-05
3.144208581e-05
3.367723811e-05
3.540994993e-05
3.748420826e-05
3.935366625e-05
4.110111689e-05
4.239671855e-05
4.394481098e-05
4.542823146e-05
4.693883556e-05
4.82257044e-05
4.954095226e-05
5.072937917e-05
5.178857935e-05
5.296932388e-05
5.38021311e-05
5.45744105e-05
5.543702504e-05
5.611287334e-05
5.674310332e-05
5.721130193e-05
5.750856009e-05
5.765728233e-05
5.761264426e-05
5.755226004e-05
5.732122672e-05
5.677840661e-05
5.613251792e-05
5.517229112e-05
5.406761079e-05
5.23970925e-05
5.095034918e-05
4.913216676e-05
4.691200119e-05
4.464825993e-05
4.23567015e-05
4.006017558e-05
3.779680545e-05
3.560541151e-05
3.340178408e-05
3.142818452e-05
2.971015992e-05
2.817707788e-05
2.675036457e-05
2.547079613e-05
2.436323819e-05
2.339914036e-05
2.264031052e-05
2.197027675e-05
2.141290315e-05
2.120192515e-05
2.115118156e-05
2.125935986e-05
2.156335406e-05
2.214167657e-05
2.289329277e-05
2.394787921e-05
2.519133526e-05
2.686810038e-05
2.905387886e-05
3.140551282e-05
3.44009815e-05
3.77883495e-05
4.169914222e-05
4.441357584e-05
4.694076381e-05
4.898871458e-05
4.887224293e-05
4.782970143e-05
4.592732875e-05
4.234317253e-05
3.73981779e-05
3.20913011e-05
2.752561238e-05
2.301458684e-05
1.812537819e-05
1.43299338e-05
1.063282262e-05
7.811904198e-06
4.858114183e-06
7.50853748e-07
2.480732581e-17
5.383835882e-86
5.291255509e-86
5.227904633e-86
5.150269243e-86
5.068263793e-86
4.993018178e-86
4.913272262e-86
4.837522381e-86
4.76047216e-86
4.68649654e-86
4.609050059e-86
4.539960149e-86
1.85962743e-05
2.314459052e-05
2.573448145e-05
2.784229255e-05
3.010427251e-05
3.219213114e-05
3.400318879e-05
3.623366623e-05
3.780228993e-05
3.943788681e-05
4.102680023e-05
4.248819441e-05
4.405362953e-05
4.553873879e-05
4.694748799e-05
4.810391361e-05
4.93895354e-05
5.018024283e-05
5.147799193e-05
5.232703218e-05
5.323108215e-05
5.415343101e-05
5.481595023e-05
5.545663887e-05
5.586378842e-05
5.635547739e-05
5.662809293e-05
5.664707293e-05
5.644332561e-05
5.627592333e-05
5.589262719e-05
5.525786348e-05
5.436380289e-05
5.329151173e-05
5.190858065e-05
5.03595126e-05
4.866824907e-05
4.645971843e-05
4.42845339e-05
4.204818862e-05
3.978688369e-05
3.755194282e-05
3.537943896e-05
3.315840387e-05
3.119522462e-05
2.947837913e-05
2.794520926e-05
2.646879856e-05
2.520723797e-05
2.406760931e-05
2.309569018e-05
2.23018458e-05
2.162690528e-05
2.10544569e-05
2.069929115e-05
2.064833886e-05
2.071522667e-05
2.095536178e-05
2.140492839e-05
2.201220429e-05
2.296535295e-05
2.423270661e-05
2.5516743e-05
2.743055113e-05
2.99344801e-05
3.252947417e-05
3.574458948e-05
3.951739719e-05
4.213705191e-05
4.461438268e-05
4.687850419e-05
4.7074116e-05
4.616877114e-05
4.4433777e-05
4.122762324e-05
3.641923516e-05
3.145150227e-05
2.708975469e-05
2.268531583e-05
1.796718339e-05
1.414164125e-05
1.067401793e-05
7.858125378e-06
5.37544654e-06
1.319351457e-06
0
5.452297792e-86
5.370748281e-86
5.290949375e-86
5.206078968e-86
5.118913624e-86
5.04641811e-86
4.976947572e-86
4.90132036e-86
4.825919634e-86
4.738917474e-86
4.66165563e-86
4.588299778e-86
1.758473873e-05
2.20056601e-05
2.454533823e-05
2.661067518e-05
2.882244031e-05
3.100465554e-05
3.301740305e-05
3.473923887e-05
3.631232487e-05
3.806458174e-05
3.988901322e-05
4.145575221e-05
4.270189158e-05
4.427154511e-05
4.549947675e-05
4.685210712e-05
4.817246368e-05
4.906778374e-05
5.013080347e-05
5.089004573e-05
5.203490614e-05
5.285851914e-05
5.362627587e-05
5.422210639e-05
5.463869129e-05
5.516198905e-05
5.551296469e-05
5.560049696e-05
5.552166696e-05
5.534765049e-05
5.500191627e-05
5.445048914e-05
5.369661695e-05
5.265739203e-05
5.124219427e-05
4.966222702e-05
4.825557216e-05
4.613941519e-05
4.392275815e-05
4.171914989e-05
3.950078305e-05
3.728375088e-05
3.514676958e-05
3.292874444e-05
3.097285217e-05
2.925578414e-05
2.771319181e-05
2.628256791e-05
2.494966484e-05
2.379413147e-05
2.280305202e-05
2.194134822e-05
2.128348932e-05
2.067806453e-05
2.031353828e-05
2.017518733e-05
2.018868655e-05
2.037707531e-05
2.075078109e-05
2.144305785e-05
2.229829309e-05
2.32350071e-05
2.458343378e-05
2.633403088e-05
2.847441881e-05
3.089571901e-05
3.365199587e-05
3.746127519e-05
4.003829851e-05
4.244915073e-05
4.47043328e-05
4.531231969e-05
4.454029622e-05
4.292420686e-05
4.000048022e-05
3.537539164e-05
3.087323267e-05
2.666022485e-05
2.23716798e-05
1.777433085e-05
1.397526814e-05
1.073680385e-05
7.885947838e-06
5.631656745e-06
1.95643268e-06
2.090774522e-08
2.182030659e-82
5.450924195e-86
5.356746457e-86
5.262033617e-86
5.189132659e-86
5.121753852e-86
5.043836593e-86
4.965940597e-86
4.880884538e-86
4.783990016e-86
4.723047093e-86
4.647221237e-86
1.661877368e-05
2.09073395e-05
2.338227262e-05
2.541214772e-05
2.758594551e-05
2.95451616e-05
3.160370915e-05
3.320092483e-05
3.539873904e-05
3.711099555e-05
3.838204092e-05
3.995696372e-05
4.169515118e-05
4.275022801e-05
4.424197911e-05
4.560670458e-05
4.675220755e-05
4.774018196e-05
4.875780317e-05
4.981124496e-05
5.073217054e-05
5.163153879e-05
5.241104399e-05
5.301758055e-05
5.361394553e-05
5.403076531e-05
5.441697021e-05
5.463168523e-05
5.45360541e-05
5.443577922e-05
5.410903388e-05
5.355062472e-05
5.287099712e-05
5.184419476e-05
5.072576395e-05
4.915761757e-05
4.770041272e-05
4.570107716e-05
4.357526848e-05
4.142151743e-05
3.923196586e-05
3.705777132e-05
3.491861254e-05
3.270348398e-05
3.07511467e-05
2.904432473e-05
2.749570362e-05
2.604796264e-05
2.470867898e-05
2.353613758e-05
2.247647152e-05
2.167705021e-05
2.092748105e-05
2.038293371e-05
1.991300773e-05
1.973353932e-05
1.97032801e-05
1.983134687e-05
2.014652911e-05
2.072552119e-05
2.142044235e-05
2.242794923e-05
2.352391675e-05
2.519877601e-05
2.683080136e-05
2.933310288e-05
3.178578166e-05
3.529518536e-05
3.790757491e-05
4.025986314e-05
4.252823247e-05
4.353395403e-05
4.289657573e-05
4.146300071e-05
3.869529815e-05
3.445391862e-05
3.02079204e-05
2.624642924e-05
2.20714753e-05
1.759443871e-05
1.381211211e-05
1.081120295e-05
7.909079266e-06
5.854287123e-06
2.751531998e-06
1.025861206e-07
1.140500198e-39
5.515129399e-86
5.428668454e-86
5.347565675e-86
5.276680086e-86
5.195152824e-86
5.103274911e-86
5.033176894e-86
4.96420169e-86
4.883568052e-86
4.795323319e-86
4.706374097e-86
1.56976401e-05
1.985853714e-05
2.227761015e-05
2.426673944e-05
2.639844092e-05
2.852902429e-05
3.045114223e-05
3.232370406e-05
3.387946921e-05
3.563792504e-05
3.74382342e-05
3.859513522e-05
4.019083085e-05
4.172217117e-05
4.286263891e-05
4.421657452e-05
4.549174937e-05
4.652096951e-05
4.731380183e-05
4.852147169e-05
4.944104701e-05
5.036903226e-05
5.11417912e-05
5.184720224e-05
5.246518299e-05
5.294432295e-05
5.331014442e-05
5.351356522e-05
5.356488418e-05
5.345958104e-05
5.321707314e-05
5.272679038e-05
5.19646516e-05
5.109299906e-05
5.006040685e-05
4.850831097e-05
4.717170448e-05
4.532850739e-05
4.322656549e-05
4.109862063e-05
3.895172779e-05
3.679245947e-05
3.471110747e-05
3.248675833e-05
3.054031075e-05
2.884306293e-05
2.729133354e-05
2.583245899e-05
2.445397431e-05
2.329021147e-05
2.22675723e-05
2.138083845e-05
2.067237926e-05
2.005059482e-05
1.953605642e-05
1.930565264e-05
1.923499323e-05
1.931477241e-05
1.956609761e-05
1.995706661e-05
2.061998783e-05
2.148440299e-05
2.261253387e-05
2.400715028e-05
2.573984475e-05
2.777480435e-05
3.020571799e-05
3.331627107e-05
3.575831982e-05
3.817768669e-05
4.03789304e-05
4.170133318e-05
4.131239077e-05
3.999994904e-05
3.7431882e-05
3.361003216e-05
2.972831915e-05
2.58212892e-05
2.177242935e-05
1.742706094e-05
1.365677347e-05
1.079085187e-05
7.923065105e-06
5.994778706e-06
3.303016169e-06
2.154504844e-07
1.848915872e-25
5.583011252e-86
5.498369439e-86
5.429842157e-86
5.344852114e-86
5.260714534e-86
5.178281584e-86
5.101238341e-86
5.025304337e-86
4.946547389e-86
4.864161288e-86
4.763844823e-86
1.482048995e-05
1.883561737e-05
2.121188443e-05
2.315285518e-05
2.521481372e-05
2.72684406e-05
2.906657868e-05
3.095152914e-05
3.254903418e-05
3.415817121e-05
3.596869994e-05
3.770771259e-05
3.893065145e-05
4.012882542e-05
4.131874299e-05
4.28125433e-05
4.41921103e-05
4.518536208e-05
4.629950899e-05
4.711749223e-05
4.819360226e-05
4.918058733e-05
4.983742671e-05
5.06684828e-05
5.138339151e-05
5.178975611e-05
5.222933813e-05
5.251617991e-05
5.254516955e-05
5.256277887e-05
5.233349993e-05
5.187317942e-05
5.123918289e-05
5.047021239e-05
4.937161139e-05
4.795341577e-05
4.665974746e-05
4.498914189e-05
4.289073035e-05
4.080208456e-05
3.869176194e-05
3.657112597e-05
3.448504319e-05
3.22686577e-05
3.034614556e-05
2.864615751e-05
2.709816461e-05
2.563254595e-05
2.428038569e-05
2.305638687e-05
2.200402076e-05
2.110514887e-05
2.036601336e-05
1.973897681e-05
1.923824935e-05
1.885602834e-05
1.879108209e-05
1.881918533e-05
1.900517944e-05
1.931420801e-05
1.998056651e-05
2.070050164e-05
2.164425269e-05
2.288872942e-05
2.452715419e-05
2.620275579e-05
2.866250754e-05
3.127337922e-05
3.385743822e-05
3.625176759e-05
3.836101621e-05
3.980414354e-05
3.975135992e-05
3.859130795e-05
3.621914908e-05
3.281356251e-05
2.919301755e-05
2.539483814e-05
2.14592873e-05
1.724841273e-05
1.350975556e-05
1.074476636e-05
7.916646132e-06
6.086807198e-06
3.924301887e-06
6.774902606e-07
6.318381045e-18
5.651814053e-86
5.568078004e-86
5.488930575e-86
5.411098842e-86
5.327258387e-86
5.244420214e-86
5.165150968e-86
5.087270642e-86
5.008903181e-86
4.923936056e-86
4.832193948e-86
1.398645644e-05
1.787090152e-05
2.018644441e-05
2.208495997e-05
2.409551716e-05
2.610878017e-05
2.805463468e-05
2.987752441e-05
3.161099195e-05
3.33707523e-05
3.456713329e-05
3.627888725e-05
3.772768038e-05
3.893936201e-05
4.042909996e-05
4.150602733e-05
4.276727731e-05
4.406011948e-05
4.496459388e-05
4.605335369e-05
4.695708429e-05
4.798007668e-05
4.861405946e-05
4.944935506e-05
5.019874718e-05
5.055019219e-05
5.104676022e-05
5.148485102e-05
5.159426102e-05
5.167475837e-05
5.147297382e-05
5.109193921e-05
5.0465761e-05
4.964628605e-05
4.872879194e-05
4.75340637e-05
4.601891187e-05
4.456027388e-05
4.250271223e-05
4.048543539e-05
3.840968895e-05
3.632319324e-05
3.428580665e-05
3.206289024e-05
3.015826393e-05
2.845586517e-05
2.690677342e-05
2.543310511e-05
2.405428922e-05
2.283736081e-05
2.177205228e-05
2.080313805e-05
2.007078917e-05
1.943688291e-05
1.88636981e-05
1.85086162e-05
1.835244015e-05
1.834464759e-05
1.848357943e-05
1.883200964e-05
1.922506576e-05
1.995347938e-05
2.083925282e-05
2.195245557e-05
2.3288755e-05
2.50706101e-05
2.710205637e-05
2.914984609e-05
3.19219821e-05
3.429321429e-05
3.653777961e-05
3.775886214e-05
3.820671023e-05
3.719782549e-05
3.525763532e-05
3.208715236e-05
2.866134655e-05
2.499637209e-05
2.114507918e-05
1.706495358e-05
1.337407234e-05
1.069365164e-05
7.931185755e-06
6.124487223e-06
4.314417247e-06
1.157593132e-06
1.488519046e-10
2.440784269e-86
5.638309112e-86
5.5577279e-86
5.476733688e-86
5.39476919e-86
5.311647195e-86
5.231230724e-86
5.14783609e-86
5.06688892e-86
4.986329094e-86
4.900228506e-86
1.319458697e-05
1.693487804e-05
1.919441901e-05
2.104731345e-05
2.300183175e-05
2.493927164e-05
2.688045473e-05
2.85241724e-05
3.024032273e-05
3.210715207e-05
3.373655499e-05
3.494190443e-05
3.638775052e-05
3.803239607e-05
3.904897773e-05
4.012140981e-05
4.138556181e-05
4.271514611e-05
4.375992587e-05
4.4783749e-05
4.561286292e-05
4.671864055e-05
4.759266784e-05
4.820558445e-05
4.909212721e-05
4.962155518e-05
4.989759007e-05
5.043801496e-05
5.066605163e-05
5.062696185e-05
5.035787414e-05
5.01109136e-05
4.970668186e-05
4.903196331e-05
4.813358072e-05
4.69050388e-05
4.534888125e-05
4.412562589e-05
4.222053213e-05
4.017260156e-05
3.815314688e-05
3.609045266e-05
3.406315667e-05
3.187467684e-05
2.99628588e-05
2.828185348e-05
2.672482143e-05
2.524588569e-05
2.385733242e-05
2.26049555e-05
2.154326711e-05
2.059881989e-05
1.979956065e-05
1.914707872e-05
1.859384845e-05
1.814551655e-05
1.78755005e-05
1.789232268e-05
1.799037759e-05
1.826902479e-05
1.87124175e-05
1.92106554e-05
1.998185388e-05
2.098347146e-05
2.221786174e-05
2.384790299e-05
2.552310485e-05
2.785921221e-05
2.969074784e-05
3.22315625e-05
3.45592949e-05
3.590278983e-05
3.659043853e-05
3.581367261e-05
3.409399538e-05
3.135038835e-05
2.813244224e-05
2.458997583e-05
2.085518394e-05
1.689127829e-05
1.324566447e-05
1.063486329e-05
7.961966631e-06
6.195372169e-06
4.574341062e-06
1.720092005e-06
4.487828467e-08
6.674164044e-69
5.705916952e-86
5.626102842e-86
5.542710061e-86
5.459793492e-86
5.38055461e-86
5.298460219e-86
5.218178274e-86
5.128193114e-86
5.043875667e-86
4.961886037e-86
1.244391914e-05
1.606160447e-05
1.823583668e-05
2.005774492e-05
2.195087827e-05
2.392824762e-05
2.573629765e-05
2.75670637e-05
2.927271859e-05
3.068887848e-05
3.241209547e-05
3.370605415e-05
3.516500986e-05
3.668265453e-05
3.780374545e-05
3.924864393e-05
4.044047387e-05
4.130479489e-05
4.250889055e-05
4.374315321e-05
4.463836056e-05
4.556604496e-05
4.652971273e-05
4.719761001e-05
4.785163514e-05
4.856069374e-05
4.902044943e-05
4.938541125e-05
4.972547333e-05
4.964602169e-05
4.957258079e-05
4.934811201e-05
4.881440323e-05
4.829421429e-05
4.73906379e-05
4.641611335e-05
4.493880653e-05
4.367162909e-05
4.183876399e-05
3.988120506e-05
3.78763302e-05
3.586228801e-05
3.385450548e-05
3.169251085e-05
2.980754881e-05
2.808676233e-05
2.655148925e-05
2.507602881e-05
2.366772126e-05
2.244351164e-05
2.132459258e-05
2.036793714e-05
1.954734935e-05
1.887284942e-05
1.831966093e-05
1.781445706e-05
1.756810426e-05
1.746965222e-05
1.74372509e-05
1.767536797e-05
1.803208415e-05
1.858861801e-05
1.930576389e-05
2.020060153e-05
2.127400048e-05
2.257611477e-05
2.439826921e-05
2.633548604e-05
2.836474149e-05
3.060336465e-05
3.225233471e-05
3.400633246e-05
3.486375141e-05
3.44401861e-05
3.287619825e-05
3.057599581e-05
2.758920126e-05
2.418096211e-05
2.054546874e-05
1.672785557e-05
1.312872011e-05
1.056090725e-05
8.087010741e-06
6.149923229e-06
4.662474341e-06
2.290762084e-06
1.426636159e-07
6.580793731e-36
5.776210609e-86
5.695785999e-86
5.614497392e-86
5.534010226e-86
5.450192783e-86
5.367538307e-86
5.283293743e-86
5.19483462e-86
5.110040948e-86
5.020686207e-86
1.173340504e-05
1.521362305e-05
1.731268429e-05
1.909784573e-05
2.093111656e-05
2.279230336e-05
2.464310957e-05
2.632241423e-05
2.798872826e-05
2.948027282e-05
3.105023778e-05
3.286576096e-05
3.433184756e-05
3.540474289e-05
3.696435628e-05
3.789487692e-05
3.916721085e-05
4.026691847e-05
4.158633886e-05
4.247935606e-05
4.349525204e-05
4.447415143e-05
4.541562602e-05
4.620365101e-05
4.668233679e-05
4.752911475e-05
4.794027205e-05
4.835416959e-05
4.864460973e-05
4.879009158e-05
4.866977418e-05
4.84630112e-05
4.807818338e-05
4.752069049e-05
4.680321549e-05
4.580969467e-05
4.441020015e-05
4.316085096e-05
4.156784911e-05
3.954976907e-05
3.762318432e-05
3.562729614e-05
3.365789057e-05
3.152992275e-05
2.963405794e-05
2.793136555e-05
2.638972557e-05
2.489846483e-05
2.349142246e-05
2.223880024e-05
2.112492322e-05
2.015646358e-05
1.930265073e-05
1.860385847e-05
1.805048083e-05
1.752673127e-05
1.721652547e-05
1.707061171e-05
1.707692475e-05
1.714186727e-05
1.744502651e-05
1.791686132e-05
1.852696034e-05
1.931187623e-05
2.032812051e-05
2.161030982e-05
2.308871869e-05
2.480949855e-05
2.677145223e-05
2.885159129e-05
3.075876573e-05
3.2342723e-05
3.305908059e-05
3.307642446e-05
3.170001476e-05
2.971475913e-05
2.702180241e-05
2.376454026e-05
2.025901637e-05
1.658261865e-05
1.30274783e-05
1.046966015e-05
8.139731435e-06
6.148225852e-06
4.823062506e-06
2.82408447e-06
3.371286669e-07
7.906090391e-23
5.855317478e-86
5.770127967e-86
5.686469427e-86
5.60378855e-86
5.52061874e-86
5.436091626e-86
5.348137845e-86
5.261127419e-86
5.17579352e-86
5.093062122e-86
1.106195579e-05
1.441596469e-05
1.643091377e-05
1.818009785e-05
1.996369574e-05
2.184665246e-05
2.360039761e-05
2.53832576e-05
2.703579498e-05
2.865943703e-05
3.023727169e-05
3.154828467e-05
3.300212945e-05
3.427424966e-05
3.559920761e-05
3.670499856e-05
3.788344115e-05
3.909544896e-05
4.0364138e-05
4.138196168e-05
4.242325503e-05
4.33821135e-05
4.433634598e-05
4.504975789e-05
4.577912718e-05
4.63730226e-05
4.705097103e-05
4.736294375e-05
4.773537246e-05
4.784996819e-05
4.784838801e-05
4.764711849e-05
4.728831544e-05
4.678860123e-05
4.612078109e-05
4.52378885e-05
4.394026896e-05
4.253071707e-05
4.120802077e-05
3.929233479e-05
3.733614819e-05
3.540432041e-05
3.343714352e-05
3.134354945e-05
2.947532115e-05
2.78006639e-05
2.621527024e-05
2.472122289e-05
2.331464515e-05
2.205748538e-05
2.091272527e-05
1.993987582e-05
1.90450358e-05
1.835468817e-05
1.777473487e-05
1.727022453e-05
1.68776519e-05
1.66409883e-05
1.667330364e-05
1.676622103e-05
1.699558735e-05
1.740554732e-05
1.792132835e-05
1.864138699e-05
1.950116168e-05
2.060009865e-05
2.193195268e-05
2.367685256e-05
2.515917176e-05
2.699833384e-05
2.907737269e-05
3.054426227e-05
3.140075331e-05
3.160325417e-05
3.054695751e-05
2.885979502e-05
2.640236732e-05
2.333524041e-05
1.998451614e-05
1.642869432e-05
1.29502566e-05
1.038777916e-05
8.18293729e-06
6.148663934e-06
4.932335403e-06
3.307984663e-06
7.080396442e-07
0
5.929134756e-86
5.843224634e-86
5.759808273e-86
5.676260593e-86
5.592159408e-86
5.505978895e-86
5.419127187e-86
5.32735249e-86
5.242774873e-86
5.158853556e-86
1.042839964e-05
1.364888456e-05
1.55859994e-05
1.730134314e-05
1.899281804e-05
2.086544688e-05
2.258431799e-05
2.424394969e-05
2.583712408e-05
2.744033289e-05
2.896234121e-05
3.031138302e-05
3.17745689e-05
3.3415071e-05
3.440448e-05
3.566813466e-05
3.699835139e-05
3.821356012e-05
3.934133974e-05
4.029457107e-05
4.133254141e-05
4.223418963e-05
4.312031893e-05
4.404112286e-05
4.459572139e-05
4.522603447e-05
4.598846431e-05
4.634930742e-05
4.673552253e-05
4.689878379e-05
4.687364539e-05
4.677511378e-05
4.650469638e-05
4.60365091e-05
4.542300036e-05
4.452064163e-05
4.344972853e-05
4.206776879e-05
4.083330581e-05
3.900718969e-05
3.710115354e-05
3.517236006e-05
3.325725192e-05
3.116432192e-05
2.935661701e-05
2.763843907e-05
2.608607353e-05
2.456874501e-05
2.31668875e-05
2.188400774e-05
2.076255396e-05
1.974508832e-05
1.888011751e-05
1.812177421e-05
1.751546494e-05
1.699655492e-05
1.655158543e-05
1.633299131e-05
1.626375293e-05
1.633330121e-05
1.649468741e-05
1.6799543e-05
1.728118145e-05
1.788138555e-05
1.867847306e-05
1.962771777e-05
2.093754225e-05
2.239004728e-05
2.403404426e-05
2.583145439e-05
2.729632102e-05
2.855619375e-05
2.965764588e-05
2.985744939e-05
2.939105152e-05
2.793779727e-05
2.574981118e-05
2.289522644e-05
1.970888338e-05
1.62955233e-05
1.28644661e-05
1.031158242e-05
8.2619807e-06
6.177949057e-06
4.980207126e-06
3.641896273e-06
1.180588774e-06
2.533033487e-08
6.049718087e-86
5.916352486e-86
5.834650222e-86
5.750186357e-86
5.66519229e-86
5.579711756e-86
5.4906288e-86
5.392798404e-86
5.311934812e-86
5.227505323e-86
9.831520452e-06
1.292240925e-05
1.478803728e-05
1.646616014e-05
1.810124562e-05
1.990336774e-05
2.160568189e-05
2.332179253e-05
2.493341307e-05
2.651072654e-05
2.804858548e-05
2.952112459e-05
3.097851783e-05
3.20465762e-05
3.331225468e-05
3.468699096e-05
3.598443762e-05
3.690443988e-05
3.813735438e-05
3.925748992e-05
4.014678812e-05
4.117219293e-05
4.221477272e-05
4.276166045e-05
4.366179297e-05
4.434201455e-05
4.488010151e-05
4.541227245e-05
4.57520651e-05
4.597898085e-05
4.608440336e-05
4.59962576e-05
4.581086769e-05
4.52898262e-05
4.47179243e-05
4.393727644e-05
4.300442137e-05
4.163231972e-05
4.039668763e-05
3.866552236e-05
3.681704833e-05
3.494971004e-05
3.302669805e-05
3.100609394e-05
2.919306841e-05
2.750197131e-05
2.591687178e-05
2.443326759e-05
2.300226236e-05
2.17345292e-05
2.059025159e-05
1.95460341e-05
1.867328195e-05
1.789706145e-05
1.72628222e-05
1.674408571e-05
1.628288543e-05
1.600603392e-05
1.584451163e-05
1.588190133e-05
1.603807014e-05
1.624377808e-05
1.664353318e-05
1.725907345e-05
1.799673133e-05
1.886737114e-05
1.990963101e-05
2.1263264e-05
2.271972727e-05
2.447635985e-05
2.569241621e-05
2.728369754e-05
2.7906985e-05
2.857273854e-05
2.821072006e-05
2.692503967e-05
2.503141199e-05
2.245241808e-05
1.942312424e-05
1.613733444e-05
1.28044957e-05
1.025699241e-05
8.286898369e-06
6.205184786e-06
5.014569255e-06
3.789284346e-06
1.663800496e-06
1.02518876e-07
0
5.996805113e-86
5.910527963e-86
5.824917407e-86
5.739791569e-86
5.648878019e-86
5.561358749e-86
5.46778995e-86
5.385763928e-86
5.296051289e-86
9.270043729e-06
1.222620824e-05
1.401860616e-05
1.563765972e-05
1.72453948e-05
1.896717798e-05
2.065427334e-05
2.223081205e-05
2.382271586e-05
2.533937679e-05
2.682090737e-05
2.829214625e-05
2.971079306e-05
3.122904815e-05
3.254796498e-05
3.349949567e-05
3.476222806e-05
3.588988406e-05
3.70204158e-05
3.809040609e-05
3.922657045e-05
4.008903836e-05
4.107994082e-05
4.188601037e-05
4.260799885e-05
4.337511226e-05
4.382649103e-05
4.439273267e-05
4.47963047e-05
4.507648021e-05
4.520266127e-05
4.51481713e-05
4.506119419e-05
4.459940579e-05
4.410133563e-05
4.342239999e-05
4.240044047e-05
4.108352194e-05
3.998700375e-05
3.843688191e-05
3.657288746e-05
3.472379819e-05
3.285491224e-05
3.082121272e-05
2.906730865e-05
2.731734326e-05
2.580190026e-05
2.428017453e-05
2.287812588e-05
2.158566657e-05
2.041937036e-05
1.940118233e-05
1.847611859e-05
1.767853052e-05
1.703474533e-05
1.650515255e-05
1.604484017e-05
1.569186931e-05
1.55020929e-05
1.544135461e-05
1.555043699e-05
1.583321186e-05
1.616380481e-05
1.664536759e-05
1.726657992e-05
1.80321034e-05
1.902696147e-05
2.020284062e-05
2.157353276e-05
2.30845604e-05
2.452733571e-05
2.581057177e-05
2.66949515e-05
2.711918925e-05
2.696677916e-05
2.594521498e-05
2.417380195e-05
2.199303987e-05
1.910381376e-05
1.598746775e-05
1.2672366e-05
1.025816605e-05
8.303536876e-06
6.252217653e-06
5.032532663e-06
3.916047632e-06
2.11139986e-06
1.987313798e-07
1.60335542e-27
6.074401855e-86
5.987608919e-86
5.900825528e-86
5.813402767e-86
5.724650594e-86
5.636875345e-86
5.545629585e-86
5.463980526e-86
5.37900172e-86
8.742669105e-06
1.156915357e-05
1.329243468e-05
1.489324725e-05
1.639990905e-05
1.809044968e-05
1.973666428e-05
2.139155157e-05
2.295135875e-05
2.447780423e-05
2.598641949e-05
2.742689979e-05
2.888810497e-05
3.001951134e-05
3.121851426e-05
3.27410488e-05
3.360993686e-05
3.473966116e-05
3.603619292e-05
3.710481766e-05
3.826968404e-05
3.901911976e-05
4.00002023e-05
4.085957671e-05
4.163973899e-05
4.238607358e-05
4.297660001e-05
4.343949807e-05
4.387440423e-05
4.418480421e-05
4.441261317e-05
4.440849043e-05
4.422479355e-05
4.383866537e-05
4.338534186e-05
4.276892222e-05
4.19490133e-05
4.073512642e-05
3.94617476e-05
3.814468701e-05
3.62804757e-05
3.448002186e-05
3.263001141e-05
3.06723297e-05
2.890002097e-05
2.724916065e-05
2.566011822e-05
2.415872365e-05
2.276923993e-05
2.146153901e-05
2.028028106e-05
1.922293655e-05
1.829530467e-05
1.751329151e-05
1.681505671e-05
1.626736087e-05
1.578685154e-05
1.538343116e-05
1.520478176e-05
1.512264889e-05
1.511731551e-05
1.530938213e-05
1.561152059e-05
1.602052047e-05
1.661326059e-05
1.730209023e-05
1.812139525e-05
1.922245756e-05
2.043326933e-05
2.183284464e-05
2.321507368e-05
2.423319766e-05
2.529550487e-05
2.564207149e-05
2.575268515e-05
2.498072224e-05
2.360689422e-05
2.150364001e-05
1.879801061e-05
1.582692319e-05
1.266159463e-05
1.015110491e-05
8.295178634e-06
6.353912113e-06
4.983515619e-06
4.014778268e-06
2.597773367e-06
5.392129348e-07
0
6.154760125e-86
6.065465524e-86
5.977910907e-86
5.890500404e-86
5.802299877e-86
5.714508067e-86
5.621574638e-86
5.539030806e-86
5.453137247e-86
8.248056734e-06
1.093841276e-05
1.259300607e-05
1.409861248e-05
1.566050642e-05
1.720103379e-05
1.885231326e-05
2.043911933e-05
2.191344044e-05
2.341129052e-05
2.485819777e-05
2.623959094e-05
2.768319464e-05
2.888672115e-05
3.017949973e-05
3.158963851e-05
3.255373192e-05
3.391450712e-05
3.489864049e-05
3.595059728e-05
3.71544383e-05
3.79736486e-05
3.898860394e-05
3.992913727e-05
4.064740632e-05
4.134085541e-05
4.204207391e-05
4.250750084e-05
4.295355379e-05
4.331762336e-05
4.358052775e-05
4.359515841e-05
4.349670785e-05
4.315028334e-05
4.269844857e-05
4.214136054e-05
4.128296544e-05
4.023172975e-05
3.887819315e-05
3.778660429e-05
3.608455964e-05
3.428107197e-05
3.236989316e-05
3.0512694e-05
2.875430827e-05
2.714132962e-05
2.552909088e-05
2.405390455e-05
2.264748227e-05
2.131606808e-05
2.012483189e-05
1.907171987e-05
1.813775205e-05
1.732212487e-05
1.658817431e-05
1.603878746e-05
1.555810621e-05
1.513595608e-05
1.489931179e-05
1.475013034e-05
1.479305621e-05
1.486171328e-05
1.509100605e-05
1.552014497e-05
1.598060031e-05
1.663300017e-05
1.738359228e-05
1.823032195e-05
1.946769452e-05
2.074440914e-05
2.190825523e-05
2.295556325e-05
2.387650286e-05
2.454218201e-05
2.45431052e-05
2.402682881e-05
2.289057822e-05
2.099030896e-05
1.848317187e-05
1.565750793e-05
1.251677624e-05
1.014624271e-05
8.289870027e-06
6.503499504e-06
4.976991279e-06
4.126787291e-06
2.919387922e-06
8.759049214e-07
1.829507785e-08
6.257231142e-86
6.143266578e-86
6.057401796e-86
5.968993548e-86
5.880343375e-86
5.791457934e-86
5.700286226e-86
5.615417368e-86
5.527198305e-86
7.784897638e-06
1.035030995e-05
1.193594636e-05
1.33619247e-05
1.495529333e-05
1.638729012e-05
1.8021345e-05
1.955794982e-05
2.109333788e-05
2.257253303e-05
2.403724876e-05
2.544728264e-05
2.684305413e-05
2.816419845e-05
2.948586283e-05
3.039712382e-05
3.15784904e-05
3.276474594e-05
3.362694259e-05
3.477133463e-05
3.593731135e-05
3.705773603e-05
3.786049061e-05
3.888673428e-05
3.975423272e-05
4.036847717e-05
4.103778129e-05
4.156930787e-05
4.202610063e-05
4.241855641e-05
4.27076853e-05
4.27656066e-05
4.268852879e-05
4.239017942e-05
4.200529901e-05
4.138321243e-05
4.06808774e-05
3.977717486e-05
3.851699418e-05
3.74234818e-05
3.582691856e-05
3.404884774e-05
3.219994848e-05
3.035382557e-05
2.862414518e-05
2.69810525e-05
2.541815018e-05
2.394282655e-05
2.253992094e-05
2.120884602e-05
2.000952657e-05
1.892243101e-05
1.798080831e-05
1.714823873e-05
1.644469391e-05
1.582878985e-05
1.533961954e-05
1.489179806e-05
1.460447491e-05
1.445826508e-05
1.443980795e-05
1.452458443e-05
1.472415425e-05
1.497411543e-05
1.535336214e-05
1.600401603e-05
1.67053277e-05
1.751939188e-05
1.845387606e-05
1.971424666e-05
2.091206448e-05
2.183929071e-05
2.272533364e-05
2.323598585e-05
2.331615726e-05
2.301959534e-05
2.205703009e-05
2.044927723e-05
1.815222389e-05
1.547638384e-05
1.249004215e-05
1.007255509e-05
8.243924705e-06
6.570891043e-06
4.983821433e-06
4.162637298e-06
3.159758142e-06
1.286174424e-06
8.446375726e-08
1.104250924e-54
6.229534355e-86
6.13872845e-86
6.048668149e-86
5.959050141e-86
5.869445569e-86
5.778324272e-86
5.689277082e-86
5.602182579e-86
7.351785838e-06
9.780112465e-06
1.130341374e-05
1.266047476e-05
1.422169581e-05
1.559218915e-05
1.713544654e-05
1.86703033e-05
2.012891521e-05
2.160064821e-05
2.299278606e-05
2.435137245e-05
2.57262115e-05
2.7025026e-05
2.840018956e-05
2.941165607e-05
3.083748206e-05
3.162836301e-05
3.292868911e-05
3.382621747e-05
3.481677546e-05
3.59842428e-05
3.689699201e-05
3.779634221e-05
3.874820688e-05
3.951751185e-05
4.010259647e-05
4.0639645e-05
4.11442039e-05
4.156524139e-05
4.187843119e-05
4.196152236e-05
4.182276433e-05
4.168681161e-05
4.131846728e-05
4.079773667e-05
4.021536089e-05
3.931410779e-05
3.807327399e-05
3.697175492e-05
3.556984462e-05
3.385378969e-05
3.203144023e-05
3.016346071e-05
2.848413406e-05
2.68454269e-05
2.53338602e-05
2.38330959e-05
2.243715136e-05
2.11085482e-05
1.987590825e-05
1.879860624e-05
1.782860495e-05
1.696537306e-05
1.625707244e-05
1.560761276e-05
1.512410979e-05
1.466781736e-05
1.432342881e-05
1.416893764e-05
1.408666957e-05
1.412498288e-05
1.424261493e-05
1.448911123e-05
1.487030432e-05
1.539497253e-05
1.602082304e-05
1.672668163e-05
1.745148099e-05
1.871407375e-05
1.986373677e-05
2.069055623e-05
2.152677104e-05
2.207076488e-05
2.225449156e-05
2.203066608e-05
2.123947967e-05
1.98349964e-05
1.779447341e-05
1.527947747e-05
1.234846033e-05
1.006676097e-05
8.231445426e-06
6.607495689e-06
5.002688996e-06
4.184813638e-06
3.251247624e-06
1.670661227e-06
1.794734297e-07
1.906104166e-30
6.311710306e-86
6.221165259e-86
6.129896706e-86
6.039500924e-86
5.949125851e-86
5.858320155e-86
5.768521378e-86
5.68006148e-86
6.947330783e-06
9.259955537e-06
1.071081241e-05
1.200892163e-05
1.357223563e-05
1.484348164e-05
1.639721581e-05
1.788363529e-05
1.936481627e-05
2.076125491e-05
2.219576998e-05
2.357893568e-05
2.492676689e-05
2.629017355e-05
2.739829963e-05
2.874091607e-05
2.965590014e-05
3.095567707e-05
3.183632247e-05
3.289851555e-05
3.398107373e-05
3.501931553e-05
3.595259716e-05
3.671681764e-05
3.760661918e-05
3.842555176e-05
3.916442296e-05
3.973028701e-05
4.022138314e-05
4.066237951e-05
4.104325254e-05
4.127643271e-05
4.117518338e-05
4.097884851e-05
4.062661354e-05
4.027684094e-05
3.964314646e-05
3.882223226e-05
3.771171757e-05
3.661670326e-05
3.534929442e-05
3.362204848e-05
3.182278698e-05
3.001519905e-05
2.832586376e-05
2.675289374e-05
2.522845627e-05
2.373830198e-05
2.233963794e-05
2.09890252e-05
1.977766366e-05
1.866687246e-05
1.769682938e-05
1.684760116e-05
1.608171693e-05
1.543741436e-05
1.492105776e-05
1.447205017e-05
1.408689211e-05
1.387994628e-05
1.370945978e-05
1.37162798e-05
1.382630774e-05
1.40845856e-05
1.43648412e-05
1.479831746e-05
1.539052344e-05
1.604175131e-05
1.677982814e-05
1.777940947e-05
1.883800677e-05
1.975384124e-05
2.049808304e-05
2.108885517e-05
2.132241202e-05
2.113816465e-05
2.046442483e-05
1.924390802e-05
1.743226414e-05
1.507909778e-05
1.230452114e-05
1.001446388e-05
8.19048211e-06
6.669488198e-06
5.046359456e-06
4.203805104e-06
3.37413588e-06
2.1077107e-06
4.427223309e-07
0
6.395275302e-86
6.303088544e-86
6.212703985e-86
6.121630428e-86
6.030350018e-86
5.940426446e-86
5.849197646e-86
5.758978985e-86
6.570134942e-06
8.74273191e-06
1.013910599e-05
1.137128075e-05
1.286360924e-05
1.41800067e-05
1.558034986e-05
1.707039611e-05
1.845385243e-05
1.981666258e-05
2.123548256e-05
2.257380714e-05
2.385077711e-05
2.521352596e-05
2.625585207e-05
2.762959933e-05
2.868561118e-05
2.987190618e-05
3.082925265e-05
3.21484237e-05
3.301440773e-05
3.398460004e-05
3.503152282e-05
3.589312664e-05
3.656413241e-05
3.741735266e-05
3.819577208e-05
3.878260082e-05
3.934686945e-05
3.972323945e-05
4.002923884e-05
4.028459057e-05
4.041705747e-05
4.022177893e-05
3.993322652e-05
3.959723993e-05
3.897516318e-05
3.825774244e-05
3.733076175e-05
3.615157983e-05
3.504734678e-05
3.337387475e-05
3.163123554e-05
2.989885662e-05
2.818610246e-05
2.666040861e-05
2.51140445e-05
2.365264034e-05
2.222920171e-05
2.090760039e-05
1.96774064e-05
1.85646542e-05
1.756290131e-05
1.669366495e-05
1.591634619e-05
1.528037037e-05
1.472314836e-05
1.428329637e-05
1.384800488e-05
1.360788568e-05
1.344987456e-05
1.343304601e-05
1.35161036e-05
1.364074912e-05
1.387331386e-05
1.418997757e-05
1.473370562e-05
1.539760379e-05
1.600789798e-05
1.669029529e-05
1.792420725e-05
1.875411444e-05
1.94815079e-05
2.003184179e-05
2.03036026e-05
2.0231318e-05
1.968551734e-05
1.8604821e-05
1.704100788e-05
1.485977067e-05
1.220223503e-05
9.971515281e-06
8.174292274e-06
6.705283127e-06
5.131540238e-06
4.179194401e-06
3.506015918e-06
2.43391415e-06
7.196129402e-07
1.934700162e-08
6.507868522e-86
6.390870329e-86
6.296959496e-86
6.205049632e-86
6.113003323e-86
6.021645526e-86
5.929238904e-86
5.837524562e-86
6.218820016e-06
8.290008257e-06
9.609959293e-06
1.078871471e-05
1.220824532e-05
1.358540412e-05
1.484748415e-05
1.630984365e-05
1.778612643e-05
1.906567923e-05
2.044955292e-05
2.179663432e-05
2.312882368e-05
2.443622699e-05
2.566178059e-05
2.662310178e-05
2.799348583e-05
2.884305147e-05
2.994579968e-05
3.101198258e-05
3.198529153e-05
3.301397053e-05
3.405892175e-05
3.486976483e-05
3.579296206e-05
3.654528027e-05
3.726177216e-05
3.793585275e-05
3.843562012e-05
3.887093188e-05
3.927754443e-05
3.935673646e-05
3.958839854e-05
3.952589742e-05
3.926799019e-05
3.893352547e-05
3.841430375e-05
3.783414533e-05
3.688516004e-05
3.563509715e-05
3.469936526e-05
3.326313055e-05
3.142797491e-05
2.974319802e-05
2.811272368e-05
2.654697917e-05
2.500045342e-05
2.353640553e-05
2.214742206e-05
2.083560685e-05
1.958109559e-05
1.846425266e-05
1.745895913e-05
1.657060424e-05
1.580486706e-05
1.51138902e-05
1.450814209e-05
1.408327698e-05
1.363842502e-05
1.334750274e-05
1.317409766e-05
1.312608498e-05
1.314265731e-05
1.322957763e-05
1.346390143e-05
1.375087352e-05
1.42257283e-05
1.474431828e-05
1.537093301e-05
1.603217442e-05
1.696702395e-05
1.78919801e-05
1.857706146e-05
1.905794655e-05
1.939613363e-05
1.935642543e-05
1.890513996e-05
1.801827052e-05
1.660421136e-05
1.459949782e-05
1.211790272e-05
9.927849468e-06
8.144091812e-06
6.725770537e-06
5.235956599e-06
4.153469849e-06
3.541749997e-06
2.667554747e-06
1.068194873e-06
8.514071486e-08
3.8891199e-55
6.459074929e-86
6.382535481e-86
6.289633471e-86
6.196664134e-86
6.105021844e-86
6.012304716e-86
5.919110062e-86
5.892008308e-06
7.81808815e-06
9.091627804e-06
1.020452983e-05
1.156929128e-05
1.290096741e-05
1.417139301e-05
1.550053039e-05
1.686933948e-05
1.821069276e-05
1.954526191e-05
2.085149382e-05
2.213473764e-05
2.335247842e-05
2.473019461e-05
2.598653344e-05
2.686269677e-05
2.796878282e-05
2.925375936e-05
3.00506845e-05
3.116226506e-05
3.192744142e-05
3.295781118e-05
3.402350095e-05
3.48117728e-05
3.55443914e-05
3.635740827e-05
3.699684757e-05
3.760319796e-05
3.800547792e-05
3.838949483e-05
3.864580289e-05
3.876746001e-05
3.88168921e-05
3.866566505e-05
3.829398075e-05
3.793429102e-05
3.728289754e-05
3.649151697e-05
3.532102676e-05
3.43223683e-05
3.306339488e-05
3.124251356e-05
2.958800514e-05
2.799830827e-05
2.64348017e-05
2.489256435e-05
2.346967964e-05
2.207286411e-05
2.074806495e-05
1.951171604e-05
1.836397715e-05
1.733934655e-05
1.6439468e-05
1.565529659e-05
1.496529817e-05
1.437680095e-05
1.389818586e-05
1.346562164e-05
1.311033102e-05
1.293321037e-05
1.277053282e-05
1.277363007e-05
1.291915652e-05
1.30337877e-05
1.329600633e-05
1.36623816e-05
1.410919621e-05
1.469657938e-05
1.534666754e-05
1.608982942e-05
1.700590718e-05
1.771331419e-05
1.819037762e-05
1.850475116e-05
1.853788897e-05
1.8147814e-05
1.742535647e-05
1.615021304e-05
1.434023708e-05
1.201920491e-05
9.828718958e-06
8.147434648e-06
6.742912828e-06
5.342781751e-06
4.146807969e-06
3.549449995e-06
2.761263818e-06
1.426004778e-06
1.784681402e-07
0
6.574795859e-86
6.469628486e-86
6.37608811e-86
6.283585013e-86
6.189674844e-86
6.096590006e-86
6.003488865e-86
5.588353261e-06
7.431355607e-06
8.629422784e-06
9.689081282e-06
1.100220096e-05
1.228408568e-05
1.354459039e-05
1.489479803e-05
1.622645539e-05
1.75307804e-05
1.874598709e-05
2.012677369e-05
2.146425749e-05
2.270987327e-05
2.385436218e-05
2.493836973e-05
2.597566394e-05
2.727587859e-05
2.812075826e-05
2.919272389e-05
3.01453706e-05
3.117438884e-05
3.198126927e-05
3.305823393e-05
3.393012124e-05
3.450651221e-05
3.532608057e-05
3.612539949e-05
3.666578048e-05
3.722826794e-05
3.758135498e-05
3.784773762e-05
3.78444099e-05
3.805577667e-05
3.787043779e-05
3.767282649e-05
3.728000185e-05
3.674888382e-05
3.605750552e-05
3.501068335e-05
3.389734118e-05
3.276922913e-05
3.103807359e-05
2.949072143e-05
2.78925941e-05
2.630030479e-05
2.481058636e-05
2.337457866e-05
2.198434373e-05
2.065865004e-05
1.944083241e-05
1.829862443e-05
1.726264245e-05
1.633820212e-05
1.551987368e-05
1.482111613e-05
1.422109243e-05
1.37171253e-05
1.32934091e-05
1.29066352e-05
1.269508359e-05
1.254219405e-05
1.250629097e-05
1.253549098e-05
1.270993168e-05
1.284107675e-05
1.308486347e-05
1.361746567e-05
1.404347854e-05
1.466487926e-05
1.517135707e-05
1.615206736e-05
1.685637772e-05
1.73614259e-05
1.764394627e-05
1.770323543e-05
1.740843681e-05
1.684604089e-05
1.567647931e-05
1.405705972e-05
1.18802207e-05
9.763465112e-06
8.138521859e-06
6.754614513e-06
5.416671366e-06
4.152945514e-06
3.548263854e-06
2.848887347e-06
1.746999567e-06
4.075444778e-07
8.846485028e-10
6.607000821e-86
6.558199885e-86
6.46399072e-86
6.370526088e-86
6.276461947e-86
6.184772179e-86
6.08747437e-86
5.306516875e-06
6.980918527e-06
8.150295831e-06
9.148063705e-06
1.041075327e-05
1.164582014e-05
1.286981355e-05
1.41871976e-05
1.550467289e-05
1.6713353e-05
1.787641671e-05
1.919800737e-05
2.056644593e-05
2.178412779e-05
2.275458749e-05
2.413653284e-05
2.532040617e-05
2.645211372e-05
2.728688173e-05
2.852602704e-05
2.932987885e-05
3.027859604e-05
3.114852342e-05
3.215618855e-05
3.299711171e-05
3.380661807e-05
3.464523452e-05
3.523218178e-05
3.587977943e-05
3.643150646e-05
3.670192588e-05
3.696944976e-05
3.721386859e-05
3.721224817e-05
3.726258247e-05
3.701124862e-05
3.667398168e-05
3.621860493e-05
3.553331281e-05
3.46050047e-05
3.35488834e-05
3.245313282e-05
3.090975517e-05
2.936634719e-05
2.774546692e-05
2.61950897e-05
2.473201253e-05
2.328804641e-05
2.191540285e-05
2.059341915e-05
1.93684033e-05
1.823197006e-05
1.718834711e-05
1.624425725e-05
1.54192083e-05
1.470442792e-05
1.407455122e-05
1.351945527e-05
1.313060522e-05
1.271622784e-05
1.246678098e-05
1.230324433e-05
1.220472429e-05
1.219349691e-05
1.230594895e-05
1.248881451e-05
1.271313596e-05
1.308338539e-05
1.354451071e-05
1.405804213e-05
1.458432823e-05
1.528775422e-05
1.60820788e-05
1.655630335e-05
1.683579149e-05
1.675166038e-05
1.667840595e-05
1.622935909e-05
1.522045581e-05
1.377311425e-05
1.177706525e-05
9.745228082e-06
8.074012551e-06
6.729868663e-06
5.494615793e-06
4.187081639e-06
3.553687168e-06
2.940463361e-06
2.05838936e-06
6.473147158e-07
2.580831017e-08
1.547282402e-85
6.648319886e-86
6.553242787e-86
6.458638781e-86
6.3636213e-86
6.26986213e-86
6.173175377e-86
5.045202259e-06
6.654863962e-06
7.776542467e-06
8.733022377e-06
9.917751733e-06
1.111615664e-05
1.230644882e-05
1.355578279e-05
1.485996647e-05
1.609843845e-05
1.726300268e-05
1.851776782e-05
1.983690852e-05
2.107656348e-05
2.218174115e-05
2.319185212e-05
2.431216123e-05
2.540558062e-05
2.658864803e-05
2.739127873e-05
2.845618975e-05
2.929113495e-05
3.037409855e-05
3.120606187e-05
3.20017963e-05
3.291632882e-05
3.367501172e-05
3.435122935e-05
3.49647531e-05
3.548743564e-05
3.594587218e-05
3.623798614e-05
3.649529292e-05
3.660953125e-05
3.658291667e-05
3.643201534e-05
3.607702091e-05
3.559308565e-05
3.503623439e-05
3.419418276e-05
3.310034296e-05
3.213776852e-05
3.071943143e-05
2.920571788e-05
2.767747338e-05
2.610894004e-05
2.463012154e-05
2.319932546e-05
2.185146425e-05
2.052752458e-05
1.929666821e-05
1.815480359e-05
1.709992354e-05
1.614110282e-05
1.530155812e-05
1.456840495e-05
1.393008804e-05
1.339312439e-05
1.297235098e-05
1.256793682e-05
1.221064272e-05
1.206483268e-05
1.191603587e-05
1.19284253e-05
1.196874475e-05
1.209735216e-05
1.228149814e-05
1.257857373e-05
1.298334799e-05
1.344584331e-05
1.391273516e-05
1.451994915e-05
1.525847981e-05
1.575587467e-05
1.600477683e-05
1.609135342e-05
1.598761065e-05
1.558885097e-05
1.478400891e-05
1.347674677e-05
1.162354132e-05
9.643902553e-06
8.073275964e-06
6.73425194e-06
5.551617702e-06
4.274896601e-06
3.520700473e-06
2.965002017e-06
2.229522518e-06
9.380260374e-07
9.564168549e-08
2.172413749e-49
3.921890301e-86
6.644040953e-86
6.548425897e-86
6.453355164e-86
6.359560053e-86
6.258676952e-86
4.803187247e-06
6.121869809e-06
7.182142817e-06
8.084482432e-06
9.215328787e-06
1.032654938e-05
1.148929172e-05
1.270032508e-05
1.393522258e-05
1.514875799e-05
1.634842589e-05
1.758958806e-05
1.874957634e-05
2.001752262e-05
2.119616132e-05
2.22441363e-05
2.342625821e-05
2.443452869e-05
2.555591603e-05
2.658345587e-05
2.763271144e-05
2.848018443e-05
2.940878047e-05
3.020834477e-05
3.103521849e-05
3.188309059e-05
3.266602521e-05
3.338907719e-05
3.399205259e-05
3.455400805e-05
3.503519736e-05
3.54991137e-05
3.576418149e-05
3.588385591e-05
3.590344895e-05
3.574373366e-05
3.549333989e-05
3.505400544e-05
3.445630785e-05
3.378261242e-05
3.277982743e-05
3.178839438e-05
3.047627881e-05
2.908573225e-05
2.755991441e-05
2.602885792e-05
2.453827221e-05
2.313287437e-05
2.178365774e-05
2.046747471e-05
1.923129365e-05
1.809396189e-05
1.703788216e-05
1.607925012e-05
1.521832958e-05
1.446577438e-05
1.381344816e-05
1.325146008e-05
1.277611843e-05
1.237304677e-05
1.202827345e-05
1.183813904e-05
1.169306793e-05
1.161412889e-05
1.162758965e-05
1.171984752e-05
1.187211924e-05
1.206069454e-05
1.240135768e-05
1.283792627e-05
1.326061547e-05
1.367908055e-05
1.425500239e-05
1.485934634e-05
1.514802109e-05
1.538404986e-05
1.530597874e-05
1.495684504e-05
1.431381554e-05
1.31362628e-05
1.148120619e-05
9.61142369e-06
8.01788772e-06
6.704831031e-06
5.586714736e-06
4.380141733e-06
3.502958177e-06
3.039141357e-06
2.447548484e-06
1.267949728e-06
2.366445014e-07
1.463124388e-28
4.549196661e-77
5.721453624e-84
6.640017678e-86
6.543684599e-86
6.447584536e-86
6.34922359e-86
)
;

boundaryField
{
    inlet
    {
        type            fixedValue;
        value           nonuniform 0();
    }
    object
    {
        type            zeroGradient;
    }
    outlet
    {
        type            zeroGradient;
    }
    front
    {
        type            wedge;
    }
    back
    {
        type            wedge;
    }
    procBoundary3to1
    {
        type            processor;
        value           nonuniform List<scalar> 
105
(
0.0002446255753
0.0002531027405
0.0002595825384
0.0002633315913
0.0002666190093
0.0002685397203
0.0002697024577
0.000270222653
0.000270261799
0.000269935479
0.0002692960735
0.0002682826054
0.000267120814
0.0002654760903
0.0002633826883
0.000260834925
0.0002573322236
0.0002536485441
0.0002480396138
0.0002320347051
0.0001431455765
5.1671508e-06
3.344859708e-86
3.293421522e-86
3.242206474e-86
3.19098064e-86
3.138282267e-86
3.082923059e-86
3.037984938e-86
2.986599564e-86
2.933773231e-86
2.891162693e-86
2.825787488e-86
2.786765464e-86
2.737861371e-86
2.688361409e-86
2.642467659e-86
2.595275182e-86
2.542496584e-86
2.49341184e-86
2.449518381e-86
2.402586865e-86
2.358364034e-86
2.308915179e-86
2.263466889e-86
2.212867336e-86
2.170449745e-86
2.123207601e-86
2.079876323e-86
0.0002409239815
0.0002410292276
0.0002415638694
0.0002419838221
0.0002422965568
0.0002425064884
0.0002426057262
0.0002425869411
0.0002424316138
0.0002421235414
0.000241636962
0.0002409523461
0.0002400200897
0.0002387966092
0.00023722734
0.0002352570397
0.0002328209248
0.0002298127573
0.000226230757
0.0002220096522
0.0002171309529
0.0002116056645
0.0002054797536
0.0001988369897
0.0001917971698
0.0001845103256
0.0001771477321
0.0001698911921
0.0001629223853
0.0001564139045
0.0001505230316
0.0001453885708
0.0001411305842
0.0001378404493
0.0001356535972
0.0001347325754
0.0001348438085
0.0001362495545
0.0001390218282
0.0001432268248
0.0002330617189
0.0001479958062
0.0002315677169
0.0001470880985
0.0002300536758
0.0001461909724
0.0001461909724
0.0001528907883
0.0001610437898
0.0001705542721
0.0001812384385
0.0001928088801
0.0002048726346
0.0002169509489
0.000228522455
0.000228522455
)
;
    }
    procBoundary3to2
    {
        type            processor;
        value           nonuniform List<scalar> 
205
(
2.040142304e-86
2.043900487e-86
2.047750565e-86
2.052801223e-86
2.057928625e-86
2.063469e-86
2.06862313e-86
2.073688278e-86
2.077907255e-86
2.083282613e-86
2.086973498e-86
2.095124421e-86
2.102466056e-86
2.106325547e-86
2.107305166e-86
2.109780164e-86
2.115384459e-86
2.122847224e-86
2.125228429e-86
2.131502265e-86
2.136116451e-86
2.143795483e-86
2.147663442e-86
2.150486776e-86
2.154909481e-86
2.159325155e-86
2.16340854e-86
2.166802968e-86
2.172121336e-86
2.176234843e-86
2.180101205e-86
2.185463908e-86
2.191102353e-86
2.194879007e-86
2.196419302e-86
2.203335763e-86
2.203041069e-86
2.20487627e-86
2.212814626e-86
2.218263813e-86
2.224762688e-86
2.229323393e-86
2.234517624e-86
2.238596495e-86
2.242637116e-86
2.24890822e-86
2.256809984e-86
2.257138517e-86
2.263236699e-86
2.263433145e-86
2.268157989e-86
2.26872551e-86
2.275749186e-86
2.278832351e-86
2.279297543e-86
2.277174693e-86
2.279552854e-86
2.276049426e-86
2.281723464e-86
2.281638585e-86
2.279042923e-86
2.270546947e-86
2.275496873e-86
2.286709048e-86
2.28838669e-86
2.291446167e-86
2.305096494e-86
2.312069813e-86
2.318682639e-86
2.325873438e-86
2.32828191e-86
2.335012979e-86
2.341565386e-86
2.346215594e-86
2.351967427e-86
2.354311173e-86
2.36134511e-86
2.362998246e-86
2.367409774e-86
2.366945555e-86
2.36735219e-86
2.370921267e-86
2.373448676e-86
2.376284797e-86
2.378154151e-86
2.380617937e-86
2.380841498e-86
2.382488335e-86
2.385367304e-86
2.391110466e-86
2.398237769e-86
2.402859443e-86
2.406078604e-86
2.407418821e-86
2.409657867e-86
2.410055028e-86
2.414993496e-86
2.416188131e-86
2.419625689e-86
2.402284435e-86
2.412228805e-86
2.414528851e-86
2.418523314e-86
2.423916474e-86
2.426349049e-86
2.435181428e-86
2.443181258e-86
2.451869989e-86
2.459442702e-86
2.468109728e-86
2.476569867e-86
2.484683358e-86
2.49590927e-86
2.508549697e-86
2.517395078e-86
2.528039909e-86
2.538780264e-86
2.560904168e-86
2.569629251e-86
2.577100324e-86
2.579933304e-86
2.597663401e-86
2.616206353e-86
2.632189183e-86
2.64701704e-86
2.661514393e-86
2.678369132e-86
2.697381215e-86
2.710409933e-86
2.729589187e-86
2.746521593e-86
2.764260672e-86
2.781072094e-86
2.802994802e-86
2.821651012e-86
2.844798549e-86
2.86835166e-86
2.891903751e-86
2.91589329e-86
2.939903875e-86
2.964435841e-86
2.988729847e-86
3.013361371e-86
3.0427748e-86
3.067607855e-86
3.085829055e-86
3.110180558e-86
3.144547157e-86
3.175572457e-86
3.203610215e-86
3.234893908e-86
3.267561576e-86
3.299362724e-86
3.332363379e-86
3.365973059e-86
3.397872642e-86
3.433123141e-86
3.464895979e-86
3.502989993e-86
3.541154903e-86
3.578336261e-86
3.617904238e-86
3.656638541e-86
3.696133476e-86
3.736519567e-86
3.778790798e-86
3.822832287e-86
3.867320318e-86
3.912145557e-86
3.955048941e-86
3.999298357e-86
4.048683125e-86
4.098649981e-86
4.147181372e-86
4.195892161e-86
4.246704731e-86
4.297745337e-86
4.351135118e-86
4.405205697e-86
4.461873528e-86
4.519546567e-86
4.570731919e-86
4.620359636e-86
4.680851661e-86
4.742652531e-86
4.806457459e-86
4.870568968e-86
4.936466696e-86
5.006057772e-86
5.074751598e-86
5.142201971e-86
5.208494301e-86
5.287036695e-86
5.364031857e-86
5.441145305e-86
5.517287445e-86
5.591197007e-86
5.666418994e-86
5.745052869e-86
5.825029021e-86
5.907377783e-86
5.991512458e-86
6.076459605e-86
6.166877593e-86
6.254842274e-86
)
;
    }
}


// ************************************************************************* //
