/*--------------------------------*- C++ -*----------------------------------*\
| =========                 |                                                 |
| \\      /  F ield         | OpenFOAM: The Open Source CFD Toolbox           |
|  \\    /   O peration     | Version:  v1706                                 |
|   \\  /    A nd           | Web:      www.OpenFOAM.com                      |
|    \\/     M anipulation  |                                                 |
\*---------------------------------------------------------------------------*/
FoamFile
{
    version     2.0;
    format      ascii;
    class       volScalarField;
    location    "0.00154";
    object      kappave;
}
// * * * * * * * * * * * * * * * * * * * * * * * * * * * * * * * * * * * * * //

dimensions      [1 1 -3 -1 0 0 0];


internalField   nonuniform List<scalar> 
20014
(
0.04152846131
0.04160021523
0.04173096525
0.04194421429
0.04226884521
0.04272905742
0.04335177586
0.0441175125
0.04497746004
0.04570907275
0.04618989789
0.04562715184
0.05195900568
0.0002249720329
1.596604069e-05
1.591644387e-05
1.591643764e-05
1.591643764e-05
1.591643764e-05
1.591643764e-05
1.591643764e-05
1.591643764e-05
1.591643764e-05
1.591643764e-05
1.591643764e-05
1.591643764e-05
1.591643764e-05
1.591643764e-05
1.591643764e-05
1.591643764e-05
1.591643764e-05
1.591643764e-05
1.591643764e-05
1.591643764e-05
1.591643764e-05
1.591643764e-05
1.591643764e-05
1.591643764e-05
1.591643764e-05
1.591643764e-05
1.591643764e-05
1.591643764e-05
1.591643764e-05
1.591643764e-05
1.591643764e-05
1.591643764e-05
1.591643764e-05
1.591643764e-05
1.591643763e-05
0.04797769054
0.0479628422
0.04798043662
0.04799401224
0.04800419649
0.04801064374
0.04801330433
0.04801235272
0.04800793546
0.04799981807
0.04798845873
0.04797405298
0.04795678105
0.04793678187
0.0479141975
0.04788906105
0.04786124153
0.04783033242
0.0477957109
0.04775707564
0.04771149727
0.04765677747
0.04759059332
0.04750863241
0.04740636148
0.04727788975
0.04711720065
0.04691851268
0.04667704393
0.04639022017
0.04605866767
0.04568672651
0.04528251006
0.04485742312
0.04442439023
0.04399667127
0.04358597393
0.04320092886
0.04284460433
0.04255839189
0.04151106388
0.0415759951
0.04169769617
0.0418991244
0.04220899987
0.04265124459
0.04325395943
0.04400289419
0.04486492699
0.04561961053
0.04613704015
0.04551236963
0.05108286328
0.0002279509184
1.60125046e-05
1.591644858e-05
1.591643764e-05
1.591643764e-05
1.591643764e-05
1.591643764e-05
1.591643764e-05
1.591643764e-05
1.591643764e-05
1.591643764e-05
1.591643764e-05
1.591643764e-05
1.591643764e-05
1.591643764e-05
1.591643764e-05
1.591643764e-05
1.591643764e-05
1.591643764e-05
1.591643764e-05
1.591643764e-05
1.591643764e-05
1.591643764e-05
1.591643764e-05
1.591643764e-05
1.591643764e-05
1.591643764e-05
1.591643764e-05
1.591643764e-05
1.591643764e-05
1.591643764e-05
1.591643764e-05
1.591643764e-05
1.591643764e-05
1.591643764e-05
1.591643764e-05
0.04797201588
0.04795810269
0.0479756571
0.0479893016
0.04799944371
0.04800578656
0.04800838771
0.04800745235
0.04800310995
0.04799505464
0.04798360304
0.04796905264
0.04795166318
0.04793155669
0.04790888814
0.0478836599
0.04785573278
0.04782484832
0.04779051958
0.04775214421
0.04770697382
0.04765307849
0.04758798308
0.04750768453
0.04740748944
0.04728153708
0.04712386148
0.04692859219
0.04669095037
0.04640811489
0.04608034424
0.04571165268
0.04530988859
0.04488609256
0.04445331755
0.04402500408
0.04361259112
0.04322566934
0.04286645034
0.04257334266
0.04149372011
0.04155096016
0.0416634179
0.04185290897
0.04214773245
0.0425718415
0.04315467094
0.04388759729
0.04474877381
0.04552706831
0.04607290535
0.04539544459
0.05009328988
0.004039235331
1.69969798e-05
1.591651798e-05
1.591643764e-05
1.591643764e-05
1.591643764e-05
1.591643764e-05
1.591643764e-05
1.591643764e-05
1.591643764e-05
1.591643764e-05
1.591643764e-05
1.591643764e-05
1.591643764e-05
1.591643764e-05
1.591643764e-05
1.591643764e-05
1.591643764e-05
1.591643764e-05
1.591643764e-05
1.591643764e-05
1.591643764e-05
1.591643764e-05
1.591643764e-05
1.591643764e-05
1.591643764e-05
1.591643764e-05
1.591643764e-05
1.591643764e-05
1.591643764e-05
1.591643764e-05
1.591643764e-05
1.591643764e-05
1.591643764e-05
1.591643764e-05
1.591643764e-05
0.04796681217
0.04795418545
0.04797182461
0.04798546376
0.04799557222
0.04800179463
0.04800422836
0.04800300794
0.04799814847
0.04798981872
0.0479782883
0.04796376212
0.04794643574
0.04792629546
0.04790355138
0.04787830291
0.04785042336
0.04781964762
0.04778548894
0.04774745037
0.04770258303
0.04764944774
0.04758544515
0.04750681149
0.0474085175
0.04728505099
0.04713055939
0.04693888239
0.0467051447
0.04642636559
0.04610247586
0.04573714717
0.04533810466
0.04491574357
0.04448312414
0.04405399731
0.04364024552
0.04325104573
0.04288948234
0.04258762583
0.04147715274
0.04152644178
0.0416294303
0.04180669359
0.04208607507
0.04249178565
0.04305528667
0.04377410833
0.04463363954
0.0454397512
0.04600749627
0.04529055688
0.04937978621
0.01330297957
2.297382528e-05
1.591698755e-05
1.591643768e-05
1.591643764e-05
1.591643764e-05
1.591643764e-05
1.591643764e-05
1.591643764e-05
1.591643764e-05
1.591643764e-05
1.591643764e-05
1.591643764e-05
1.591643764e-05
1.591643764e-05
1.591643764e-05
1.591643764e-05
1.591643764e-05
1.591643764e-05
1.591643764e-05
1.591643764e-05
1.591643764e-05
1.591643764e-05
1.591643764e-05
1.591643764e-05
1.591643764e-05
1.591643764e-05
1.591643764e-05
1.591643764e-05
1.591643764e-05
1.591643764e-05
1.591643764e-05
1.591643764e-05
1.591643764e-05
1.591643764e-05
1.591643764e-05
0.04796191546
0.04795124121
0.04796886973
0.04798241467
0.04799253065
0.04799848721
0.04800055249
0.0479990272
0.04799405193
0.04798568807
0.04797385562
0.04795885612
0.04794085938
0.04792036924
0.04789750585
0.04787218532
0.04784431762
0.0478136265
0.04777961341
0.04774192565
0.04769743381
0.0476453704
0.0475828057
0.04750582528
0.04740952671
0.04728855611
0.04713698597
0.04694880395
0.04671899428
0.04644431332
0.04612447306
0.04576325882
0.04536784092
0.04494748094
0.04451494179
0.0440846027
0.04366911106
0.04327848583
0.04291485355
0.04260208994
0.0423502474
0.04211748421
0.0419420088
0.04178498227
0.0416664671
0.04157950835
0.04151293935
0.04147190907
0.04145297145
0.04146044056
0.04150218326
0.04159586641
0.04176066084
0.04202396188
0.04241041186
0.04295391755
0.04365812757
0.04451301348
0.04534485343
0.04592790688
0.04522549385
0.04860673842
0.02354293723
3.497382944e-05
1.591821178e-05
1.591643778e-05
1.591643764e-05
1.591643764e-05
1.591643764e-05
1.591643764e-05
1.591643764e-05
1.591643764e-05
1.591643764e-05
1.591643764e-05
1.591643764e-05
1.591643764e-05
1.591643764e-05
1.591643764e-05
1.591643764e-05
1.591643764e-05
1.591643764e-05
1.591643764e-05
1.591643764e-05
1.591643764e-05
1.591643764e-05
1.591643764e-05
1.591643764e-05
1.591643764e-05
1.591643764e-05
1.591643764e-05
1.591643764e-05
1.591643764e-05
1.591643764e-05
1.591643764e-05
1.591643764e-05
1.591643764e-05
1.591643764e-05
1.591643764e-05
0.0479619314
0.04795068098
0.0479679216
0.04798101375
0.04799048335
0.04799641612
0.04799848529
0.04799677867
0.04799128374
0.04798241854
0.04797045468
0.04795557686
0.04793777348
0.04791742508
0.0478945572
0.04786913435
0.04784123742
0.04781059343
0.04777676607
0.04773927636
0.04769500799
0.04764341124
0.04758134802
0.04750548148
0.04741118229
0.0472930473
0.04714478356
0.04696039947
0.0467346817
0.04646432101
0.04614876416
0.04579090571
0.0453975652
0.04497938938
0.0445483904
0.0441179638
0.04370081535
0.04330658082
0.04294217366
0.04262040063
0.04236730959
0.04212969928
0.0419506932
0.04179156962
0.04166923644
0.04157950545
0.04150988682
0.04146548552
0.04144234083
0.04144506932
0.04147923536
0.04156347628
0.04171543195
0.04196188703
0.04232815061
0.04285097708
0.04354002839
0.04438811914
0.04523971446
0.04583416467
0.04518515167
0.04796363347
0.03253030829
5.111773017e-05
1.592035664e-05
1.591643798e-05
1.591643764e-05
1.591643764e-05
1.591643764e-05
1.591643764e-05
1.591643764e-05
1.591643764e-05
1.591643764e-05
1.591643764e-05
1.591643764e-05
1.591643764e-05
1.591643764e-05
1.591643764e-05
1.591643764e-05
1.591643764e-05
1.591643764e-05
1.591643764e-05
1.591643764e-05
1.591643764e-05
1.591643764e-05
1.591643764e-05
1.591643764e-05
1.591643764e-05
1.591643764e-05
1.591643764e-05
1.591643764e-05
1.591643764e-05
1.591643764e-05
1.591643764e-05
1.591643764e-05
1.591643764e-05
1.591643764e-05
1.591643764e-05
0.04796523946
0.04795070023
0.04796677378
0.04797929754
0.04798847086
0.04799377977
0.04799530768
0.04799322877
0.04798775994
0.04797928401
0.04796681642
0.04795129716
0.04793306986
0.04791237288
0.04788932785
0.04786378324
0.04783582043
0.04780515777
0.04777152556
0.04773421413
0.04769026658
0.04763944829
0.04757881745
0.04750436172
0.04741194386
0.04729610616
0.04715087441
0.04697018333
0.0467486335
0.04648251687
0.04617075429
0.04581567075
0.04542398938
0.04500770744
0.04457767551
0.04414742405
0.04372962393
0.04333444949
0.04296821594
0.04263927025
0.04237913605
0.04214192342
0.04195829439
0.04179820343
0.04167155709
0.04157856846
0.04150652706
0.04145821827
0.04143233802
0.04143013081
0.04145757676
0.04153232363
0.04167181506
0.04190180405
0.04225304372
0.04275051649
0.04342352009
0.04426168915
0.04512632315
0.04573346783
0.04518046324
0.04741522083
0.0398938713
6.86562874e-05
1.592319823e-05
1.591643828e-05
1.591643764e-05
1.591643764e-05
1.591643764e-05
1.591643764e-05
1.591643764e-05
1.591643764e-05
1.591643764e-05
1.591643764e-05
1.591643764e-05
1.591643764e-05
1.591643764e-05
1.591643764e-05
1.591643764e-05
1.591643764e-05
1.591643764e-05
1.591643764e-05
1.591643764e-05
1.591643764e-05
1.591643764e-05
1.591643764e-05
1.591643764e-05
1.591643764e-05
1.591643764e-05
1.591643764e-05
1.591643764e-05
1.591643764e-05
1.591643764e-05
1.591643764e-05
1.591643764e-05
1.591643764e-05
1.591643764e-05
1.591643764e-05
0.04796664275
0.04794959656
0.04796521295
0.04797719294
0.04798618106
0.04799094763
0.04799210378
0.04798974263
0.04798400972
0.04797519165
0.04796248338
0.04794687905
0.04792866779
0.04790782992
0.04788450189
0.04785890836
0.04783090517
0.04780027494
0.04776674002
0.04772958739
0.04768606695
0.04763598073
0.04757635144
0.04750311928
0.0474125192
0.04729923195
0.04715708547
0.04697996422
0.04676241457
0.04650057483
0.04619321847
0.04584258245
0.04545498042
0.0450409285
0.04461159708
0.04418043527
0.04376077787
0.04336340348
0.04299469223
0.04265939294
0.04239540888
0.04215454327
0.04196541504
0.04180574594
0.04167387626
0.04157739205
0.04150294158
0.04145084251
0.04142156965
0.04141565434
0.04143769067
0.04150380164
0.04163219006
0.04184750287
0.0421809554
0.04265974494
0.04331708381
0.04414361396
0.04501125418
0.04561703334
0.04522187329
0.0470015129
0.04569926549
8.63853488e-05
1.59265309e-05
1.591643865e-05
1.591643764e-05
1.591643764e-05
1.591643764e-05
1.591643764e-05
1.591643764e-05
1.591643764e-05
1.591643764e-05
1.591643764e-05
1.591643764e-05
1.591643764e-05
1.591643764e-05
1.591643764e-05
1.591643764e-05
1.591643764e-05
1.591643764e-05
1.591643764e-05
1.591643764e-05
1.591643764e-05
1.591643764e-05
1.591643764e-05
1.591643764e-05
1.591643764e-05
1.591643764e-05
1.591643764e-05
1.591643764e-05
1.591643764e-05
1.591643764e-05
1.591643764e-05
1.591643764e-05
1.591643764e-05
1.591643764e-05
1.591643764e-05
0.04796655482
0.04794780525
0.04796329492
0.04797508743
0.04798302729
0.04798715657
0.04798786534
0.04798513
0.04797916399
0.0479700962
0.04795774113
0.04794255995
0.04792416079
0.04790314579
0.04787963819
0.04785391568
0.04782586784
0.04779521694
0.04776184922
0.04772482605
0.04768169785
0.04763225037
0.04757329287
0.04750162039
0.04741275644
0.04730175988
0.04716252345
0.04698892096
0.0467753332
0.04651771071
0.04621455338
0.04586777581
0.04548281882
0.0450691648
0.04464102609
0.04420991988
0.04378922103
0.04338983242
0.04301938754
0.04268028532
0.04241101304
0.04216825679
0.04197220706
0.04181341178
0.04167603288
0.04157582539
0.04149923681
0.04144513353
0.04141198643
0.0414017301
0.04141945406
0.04147832895
0.04159702984
0.04179941558
0.04211687947
0.04257826616
0.04321914089
0.0440309117
0.04489270876
0.04549892512
0.04527197049
0.04668767106
0.05025672853
0.000104312097
1.593025828e-05
1.591643909e-05
1.591643764e-05
1.591643764e-05
1.591643764e-05
1.591643764e-05
1.591643764e-05
1.591643764e-05
1.591643764e-05
1.591643764e-05
1.591643764e-05
1.591643764e-05
1.591643764e-05
1.591643764e-05
1.591643764e-05
1.591643764e-05
1.591643764e-05
1.591643764e-05
1.591643764e-05
1.591643764e-05
1.591643764e-05
1.591643764e-05
1.591643764e-05
1.591643764e-05
1.591643764e-05
1.591643764e-05
1.591643764e-05
1.591643764e-05
1.591643764e-05
1.591643764e-05
1.591643764e-05
1.591643764e-05
1.591643764e-05
1.591643764e-05
0.04796528111
0.04794560313
0.04796044099
0.04797120931
0.04797833906
0.04798228682
0.04798317349
0.04798082386
0.0479750887
0.04796550943
0.04795300259
0.04793683566
0.04791837778
0.04789745542
0.04787432554
0.04784872626
0.04782056141
0.047789894
0.04775668907
0.04771980271
0.04767711509
0.04762820548
0.04757016751
0.04749985632
0.04741271198
0.04730402763
0.04716767956
0.04699746141
0.04678772459
0.04653423951
0.04623523784
0.04589232999
0.04551098252
0.04510040254
0.04467298719
0.04424174061
0.04381974738
0.04341826291
0.0430450218
0.04270198063
0.0424261748
0.04218228569
0.04198043498
0.04182004243
0.04167898537
0.041575788
0.04149674289
0.04143889789
0.0414018045
0.04138951726
0.0414034875
0.04145583295
0.041566525
0.04175774628
0.04206080615
0.04250534786
0.0431280571
0.04392078369
0.04477217665
0.04538776249
0.045318385
0.0464254463
0.05371599875
0.0001226436045
1.5934371e-05
1.591643958e-05
1.591643764e-05
1.591643764e-05
1.591643764e-05
1.591643764e-05
1.591643764e-05
1.591643764e-05
1.591643764e-05
1.591643764e-05
1.591643764e-05
1.591643764e-05
1.591643764e-05
1.591643764e-05
1.591643764e-05
1.591643764e-05
1.591643764e-05
1.591643764e-05
1.591643764e-05
1.591643764e-05
1.591643764e-05
1.591643764e-05
1.591643764e-05
1.591643764e-05
1.591643764e-05
1.591643764e-05
1.591643764e-05
1.591643764e-05
1.591643764e-05
1.591643764e-05
1.591643764e-05
1.591643764e-05
1.591643764e-05
1.591643764e-05
0.04796291952
0.04794144233
0.04795570385
0.04796664725
0.04797446415
0.04797908474
0.0479802251
0.0479777011
0.04797156451
0.04796171774
0.04794901597
0.04793276932
0.04791406105
0.04789262613
0.04786816929
0.04784269076
0.04781518961
0.04778458715
0.04775151134
0.04771471398
0.04767233123
0.04762396408
0.04756686712
0.04749783641
0.04741241898
0.04730583728
0.04717219539
0.04700535053
0.04679945713
0.04655009501
0.04625524023
0.04591617806
0.04553798998
0.04512872227
0.04470209016
0.0442707242
0.04384784171
0.04344492777
0.04306949332
0.042723682
0.04244061075
0.04219776419
0.04198959385
0.04182663888
0.04168231232
0.04157582472
0.04149417148
0.04143298481
0.04139535313
0.04137979242
0.04139020734
0.04143705212
0.04153987255
0.04172091685
0.04201052663
0.04243816361
0.04304062182
0.04381009584
0.04464778986
0.04528131452
0.04537266508
0.04623005547
0.05602744186
0.0001415713285
1.593890447e-05
1.591644013e-05
1.591643764e-05
1.591643764e-05
1.591643764e-05
1.591643764e-05
1.591643764e-05
1.591643764e-05
1.591643764e-05
1.591643764e-05
1.591643764e-05
1.591643764e-05
1.591643764e-05
1.591643764e-05
1.591643764e-05
1.591643764e-05
1.591643764e-05
1.591643764e-05
1.591643764e-05
1.591643764e-05
1.591643764e-05
1.591643764e-05
1.591643764e-05
1.591643764e-05
1.591643764e-05
1.591643764e-05
1.591643764e-05
1.591643764e-05
1.591643764e-05
1.591643764e-05
1.591643764e-05
1.591643764e-05
1.591643764e-05
1.591643764e-05
0.04796038847
0.04793837298
0.0479528803
0.04796400333
0.04797184945
0.04797605508
0.04797660919
0.04797354564
0.04796708264
0.0479567276
0.04794389124
0.04792786104
0.04790895574
0.04788690672
0.04786344955
0.0478373757
0.04780834391
0.04777821522
0.04774548512
0.04770913201
0.04766743187
0.0476195719
0.04756340414
0.04749556863
0.04741171471
0.04730732655
0.04717649164
0.04701289147
0.04681072393
0.04656540847
0.04627466504
0.04593946899
0.04556463146
0.04515882929
0.044734571
0.04430325117
0.04387880672
0.0434732339
0.04309531189
0.04274678128
0.04245471364
0.04221276527
0.04199910487
0.04183384931
0.04168649834
0.04157713008
0.04149335771
0.0414292566
0.04138714174
0.0413669314
0.04137377204
0.04141781445
0.0415148698
0.04168629735
0.04196233818
0.04237195045
0.04295150629
0.04369345213
0.04451689119
0.0451753362
0.04542313753
0.04607831181
0.05715322741
0.0001606418852
1.594383525e-05
1.591644074e-05
1.591643764e-05
1.591643764e-05
1.591643764e-05
1.591643764e-05
1.591643764e-05
1.591643764e-05
1.591643764e-05
1.591643764e-05
1.591643764e-05
1.591643764e-05
1.591643764e-05
1.591643764e-05
1.591643764e-05
1.591643764e-05
1.591643764e-05
1.591643764e-05
1.591643764e-05
1.591643764e-05
1.591643764e-05
1.591643764e-05
1.591643764e-05
1.591643764e-05
1.591643764e-05
1.591643764e-05
1.591643764e-05
1.591643764e-05
1.591643764e-05
1.591643764e-05
1.591643764e-05
1.591643764e-05
1.591643764e-05
1.591643764e-05
0.04795753889
0.04793549242
0.04794967166
0.04796041312
0.04796739413
0.04797129342
0.04797166775
0.04796853768
0.04796195763
0.04795254359
0.04793958872
0.04792271477
0.04790360345
0.04788237136
0.04785846048
0.04783215542
0.04780352819
0.04777215781
0.04773980122
0.04770337975
0.04766188654
0.04761516145
0.04755964844
0.04749298109
0.04741077155
0.04730840907
0.04718014754
0.04701980052
0.0468213577
0.04658007899
0.04629344394
0.04596211853
0.04559055934
0.04518681286
0.04476175664
0.04433123053
0.04390642826
0.04349925948
0.04311988899
0.0427699987
0.04246836521
0.04222867679
0.04200895677
0.04184116973
0.04169122769
0.04157878753
0.0414929975
0.0414260635
0.04138217649
0.04136014429
0.04136341628
0.04140061209
0.04149027865
0.04165123004
0.04191279542
0.0423030208
0.04285764035
0.04357041803
0.04438129111
0.04506962255
0.04545395119
0.04591699025
0.05712517499
0.0001787817439
1.594898649e-05
1.591644141e-05
1.591643764e-05
1.591643764e-05
1.591643764e-05
1.591643764e-05
1.591643764e-05
1.591643764e-05
1.591643764e-05
1.591643764e-05
1.591643764e-05
1.591643764e-05
1.591643764e-05
1.591643764e-05
1.591643764e-05
1.591643764e-05
1.591643764e-05
1.591643764e-05
1.591643764e-05
1.591643764e-05
1.591643764e-05
1.591643764e-05
1.591643764e-05
1.591643764e-05
1.591643764e-05
1.591643764e-05
1.591643764e-05
1.591643764e-05
1.591643764e-05
1.591643764e-05
1.591643764e-05
1.591643764e-05
1.591643764e-05
1.591643764e-05
0.04795406979
0.04793117461
0.04794532924
0.04795591641
0.04796382952
0.04796775636
0.04796806879
0.04796481333
0.04795807773
0.04794754908
0.04793440633
0.04791828293
0.04789920843
0.04787697637
0.04785272379
0.04782607617
0.04779803822
0.04776693895
0.04773441407
0.04769785065
0.04765638584
0.04760978352
0.04755574531
0.04749016597
0.04740955717
0.04730925
0.04718368534
0.04702642302
0.04683156434
0.0465942298
0.04631165886
0.04598421012
0.04561602502
0.04521510275
0.04479277228
0.04436286508
0.04393691741
0.04352800226
0.04314586578
0.04279418612
0.04248459357
0.04224296544
0.04201964605
0.04184907956
0.0416965588
0.04158065615
0.04149271373
0.04142256777
0.04137709034
0.04135276892
0.0413531305
0.04138352223
0.04146483877
0.04161433669
0.04186013363
0.04223432638
0.04275805584
0.04344288112
0.04424491596
0.04496792493
0.04546669826
0.04573121284
0.05612444429
0.0001947412559
1.595402913e-05
1.591644209e-05
1.591643764e-05
1.591643764e-05
1.591643764e-05
1.591643764e-05
1.591643764e-05
1.591643764e-05
1.591643764e-05
1.591643764e-05
1.591643764e-05
1.591643764e-05
1.591643764e-05
1.591643764e-05
1.591643764e-05
1.591643764e-05
1.591643764e-05
1.591643764e-05
1.591643764e-05
1.591643764e-05
1.591643764e-05
1.591643764e-05
1.591643764e-05
1.591643764e-05
1.591643764e-05
1.591643764e-05
1.591643764e-05
1.591643764e-05
1.591643764e-05
1.591643764e-05
1.591643764e-05
1.591643764e-05
1.591643764e-05
1.591643764e-05
0.04795036739
0.04792763065
0.04794166572
0.04795206516
0.04795867335
0.04796232724
0.04796244895
0.04795909017
0.04795243866
0.04794292013
0.04792956933
0.0479124803
0.04789328551
0.04787235495
0.0478482688
0.04782147695
0.04779240185
0.04776126565
0.04772763984
0.04769095283
0.04765121702
0.04760505462
0.04755106861
0.04748696831
0.04740805256
0.04730971613
0.04718653732
0.04703237506
0.04684111082
0.04660771763
0.04632921488
0.04600566235
0.04564086263
0.0452424406
0.0448205275
0.04439012033
0.04396402604
0.04355416985
0.04317017824
0.04281719319
0.04250148772
0.04225701871
0.04203003762
0.04185649409
0.04170260656
0.04158357888
0.04149368036
0.04142131447
0.0413732877
0.041345152
0.04134050948
0.04136579395
0.04143740876
0.04157447688
0.04180327891
0.04215536329
0.04265258854
0.04331184889
0.04410988834
0.04486886087
0.04546304221
0.04555014715
0.05482519206
0.0002073288776
1.595856131e-05
1.591644275e-05
1.591643764e-05
1.591643764e-05
1.591643764e-05
1.591643764e-05
1.591643764e-05
1.591643764e-05
1.591643764e-05
1.591643764e-05
1.591643764e-05
1.591643764e-05
1.591643764e-05
1.591643764e-05
1.591643764e-05
1.591643764e-05
1.591643764e-05
1.591643764e-05
1.591643764e-05
1.591643764e-05
1.591643764e-05
1.591643764e-05
1.591643764e-05
1.591643764e-05
1.591643764e-05
1.591643764e-05
1.591643764e-05
1.591643764e-05
1.591643764e-05
1.591643764e-05
1.591643764e-05
1.591643764e-05
1.591643764e-05
1.591643764e-05
0.04794603937
0.0479222409
0.04793609483
0.04794673014
0.0479540436
0.04795768329
0.04795770401
0.04795423505
0.04794732393
0.0479369637
0.047923552
0.04790737496
0.04788815173
0.04786632023
0.04784222151
0.04781534966
0.04778753429
0.04775671816
0.04772357358
0.04768657532
0.04764532044
0.04759990203
0.04754764065
0.04748426734
0.04740647371
0.04731001031
0.04718935764
0.04703809207
0.04685025288
0.0466206919
0.04634620035
0.04602653833
0.04566517994
0.04526949303
0.04485021327
0.04442098376
0.04399427857
0.04358240653
0.04319594872
0.04284070051
0.0425193204
0.04227104184
0.04204107788
0.0418641177
0.04170934114
0.04158666076
0.04149458295
0.04141963388
0.04136932406
0.0413382379
0.04132936089
0.0413482174
0.04140963841
0.04153386094
0.04174530865
0.0420750499
0.04254652101
0.04318321215
0.04398180187
0.04477582792
0.04543649138
0.04536389289
0.0535474908
0.0002159737135
1.59621938e-05
1.591644333e-05
1.591643764e-05
1.591643764e-05
1.591643764e-05
1.591643764e-05
1.591643764e-05
1.591643764e-05
1.591643764e-05
1.591643764e-05
1.591643764e-05
1.591643764e-05
1.591643764e-05
1.591643764e-05
1.591643764e-05
1.591643764e-05
1.591643764e-05
1.591643764e-05
1.591643764e-05
1.591643764e-05
1.591643764e-05
1.591643764e-05
1.591643764e-05
1.591643764e-05
1.591643764e-05
1.591643764e-05
1.591643764e-05
1.591643764e-05
1.591643764e-05
1.591643764e-05
1.591643764e-05
1.591643764e-05
1.591643764e-05
1.591643764e-05
0.04794174591
0.04791789337
0.04793157392
0.04794190841
0.04794891077
0.04795238932
0.04795234454
0.04794879016
0.04794181924
0.04793155065
0.04791801283
0.04790128032
0.04788192131
0.04786006977
0.04783620876
0.04781039458
0.04778140226
0.04775072121
0.04771771451
0.0476809536
0.04764096488
0.04759594502
0.04754364307
0.04748100403
0.04740465521
0.04730995302
0.04719142133
0.04704310657
0.04685872222
0.04663299514
0.04636251767
0.04604676723
0.04568888628
0.04529590853
0.04487818199
0.04444755282
0.04402076993
0.0436080062
0.04321993417
0.04286291886
0.04253775209
0.04228444811
0.04205286405
0.04187076861
0.04171647244
0.04158973916
0.04149541536
0.04141896027
0.04136553786
0.04133145971
0.04131888574
0.041331132
0.04138225896
0.0414934875
0.04168751403
0.04199501761
0.04244137974
0.0430569044
0.04385385898
0.04467085651
0.04537311208
0.04518513553
0.05228342959
0.0002214789388
1.596485422e-05
1.591644382e-05
1.591643764e-05
1.591643764e-05
1.591643764e-05
1.591643764e-05
1.591643764e-05
1.591643764e-05
1.591643764e-05
1.591643764e-05
1.591643764e-05
1.591643764e-05
1.591643764e-05
1.591643764e-05
1.591643764e-05
1.591643764e-05
1.591643764e-05
1.591643764e-05
1.591643764e-05
1.591643764e-05
1.591643764e-05
1.591643764e-05
1.591643764e-05
1.591643764e-05
1.591643764e-05
1.591643764e-05
1.591643764e-05
1.591643764e-05
1.591643764e-05
1.591643764e-05
1.591643764e-05
1.591643764e-05
1.591643764e-05
1.591643764e-05
0.0479371488
0.04791221893
0.04792549437
0.04793590867
0.04794318268
0.04794705404
0.04794703634
0.04794345817
0.04793642604
0.04792605989
0.0479124089
0.04789558763
0.0478761796
0.04785436441
0.04783015555
0.04780406165
0.04777504099
0.0477447617
0.04771210839
0.04767562756
0.04763601738
0.04759133501
0.04753936963
0.04747768903
0.04740267006
0.047309699
0.04719357229
0.04704797024
0.04686684122
0.04664481604
0.04637827834
0.04606642064
0.04571205488
0.04532190665
0.04490621846
0.04447777904
0.04405088587
0.04363627319
0.04324558881
0.0428860899
0.04255807957
0.04229745427
0.04206595196
0.04187727873
0.04172441709
0.04159301246
0.04149585905
0.04141826677
0.04136129204
0.04132409459
0.04130741515
0.04131503476
0.04135691161
0.04145605743
0.04163405164
0.041921756
0.04234695905
0.04294687718
0.0437444332
0.04459092069
0.04531304958
0.04505328958
0.05126935408
0.0002247901967
1.59735206e-05
1.591644494e-05
1.591643764e-05
1.591643764e-05
1.591643763e-05
1.591643764e-05
1.591643764e-05
1.591643764e-05
1.591643764e-05
1.591643764e-05
1.591643764e-05
1.591643764e-05
1.591643764e-05
1.591643764e-05
1.591643764e-05
1.591643764e-05
1.591643764e-05
1.591643764e-05
1.591643764e-05
1.591643764e-05
1.591643764e-05
1.591643764e-05
1.591643764e-05
1.591643764e-05
1.591643764e-05
1.591643764e-05
1.591643764e-05
1.591643764e-05
1.591643764e-05
1.591643764e-05
1.591643764e-05
1.591643764e-05
1.591643764e-05
1.591643764e-05
0.04793269885
0.0479079143
0.04792103036
0.04793093172
0.04793784987
0.04794125395
0.04794160861
0.04793805006
0.04793098857
0.04792059501
0.04790682416
0.0478899404
0.04787043338
0.04784846671
0.04782424244
0.04779793197
0.04777001506
0.04774022616
0.04770769572
0.04767139028
0.04763178017
0.04758649071
0.0475349647
0.04747427114
0.04740052518
0.04730913464
0.04719493339
0.04705210455
0.04687428373
0.0466559746
0.04639338425
0.04608544023
0.04573463061
0.04534734702
0.04493350531
0.04450492037
0.04407669753
0.04366137575
0.04326896862
0.04290794537
0.04257803413
0.04230893606
0.0420794847
0.04188440232
0.04173090017
0.04159612425
0.0414963183
0.04141701182
0.04135658536
0.04131543746
0.04129434033
0.04129790109
0.04133274109
0.0414212458
0.04158493785
0.04185491383
0.04226647644
0.04284872734
0.04364597789
0.04451324063
0.04523134888
0.04491326683
0.05037154938
0.001224434672
1.618770545e-05
1.591646505e-05
1.591643764e-05
1.591643764e-05
1.591643764e-05
1.591643764e-05
1.591643764e-05
1.591643764e-05
1.591643764e-05
1.591643764e-05
1.591643764e-05
1.591643764e-05
1.591643764e-05
1.591643764e-05
1.591643764e-05
1.591643764e-05
1.591643764e-05
1.591643764e-05
1.591643764e-05
1.591643764e-05
1.591643764e-05
1.591643764e-05
1.591643764e-05
1.591643764e-05
1.591643764e-05
1.591643764e-05
1.591643764e-05
1.591643764e-05
1.591643764e-05
1.591643764e-05
1.591643764e-05
1.591643764e-05
1.591643764e-05
1.591643764e-05
0.04792805675
0.04790318793
0.04791608829
0.04792520294
0.0479314937
0.0479354676
0.04793542196
0.04793231307
0.047925397
0.04791505826
0.04790120175
0.04788426767
0.04786469425
0.04784265642
0.04781837176
0.0477920425
0.04776376447
0.04773407028
0.04770116439
0.04766501626
0.04762581637
0.04758221036
0.04753123241
0.04747076767
0.04739820154
0.04730831699
0.04719638035
0.04705618583
0.04688145286
0.04666670453
0.04640796831
0.04610390508
0.04575667393
0.04537233761
0.0449605854
0.04453377115
0.04410618586
0.04368976923
0.0432951547
0.04293129457
0.04259951548
0.04232073126
0.04209302354
0.04189249242
0.04173744292
0.04159972792
0.04149724099
0.04141644217
0.04135330425
0.04130974434
0.04128525241
0.04128362338
0.04131193081
0.04139079001
0.04154247394
0.04179767095
0.04219441411
0.04276698499
0.04356303102
0.04443892002
0.04514136108
0.04478724783
0.04957230801
0.00793848516
1.894635022e-05
1.591665907e-05
1.591643765e-05
1.591643764e-05
1.591643764e-05
1.591643763e-05
1.591643764e-05
1.591643764e-05
1.591643764e-05
1.591643764e-05
1.591643764e-05
1.591643764e-05
1.591643764e-05
1.591643764e-05
1.591643764e-05
1.591643764e-05
1.591643764e-05
1.591643764e-05
1.591643764e-05
1.591643764e-05
1.591643764e-05
1.591643764e-05
1.591643764e-05
1.591643764e-05
1.591643764e-05
1.591643764e-05
1.591643764e-05
1.591643764e-05
1.591643764e-05
1.591643764e-05
1.591643764e-05
1.591643764e-05
1.591643764e-05
1.591643764e-05
0.04792332719
0.04789832022
0.04791130975
0.04792055961
0.04792669669
0.04792935474
0.04792975134
0.04792661345
0.04791966458
0.0479093307
0.04789539076
0.04787846914
0.04785886995
0.04783679354
0.04781246428
0.04778604923
0.0477576888
0.04772777646
0.04769491592
0.04765913883
0.04762017909
0.0475767592
0.04752629614
0.04746698564
0.04739554011
0.04730722198
0.04719718349
0.04705950176
0.04688794234
0.04667679475
0.04642193114
0.04612176205
0.04577813841
0.04539679009
0.04498710116
0.04456109201
0.04413118501
0.04371417593
0.04331847531
0.04295286657
0.04262005569
0.04233411619
0.04210476306
0.04190051217
0.04174327441
0.04160344873
0.04149827719
0.04141579004
0.04134991125
0.04130391678
0.04127587105
0.04126990516
0.04129323657
0.04136353332
0.04150472444
0.04174676807
0.04212976605
0.04269170224
0.04348015714
0.04435569476
0.04504473996
0.04469024762
0.04892860512
0.01621226177
2.582272102e-05
1.591726759e-05
1.59164377e-05
1.591643764e-05
1.591643764e-05
1.591643764e-05
1.591643764e-05
1.591643763e-05
1.591643764e-05
1.591643764e-05
1.591643764e-05
1.591643764e-05
1.591643764e-05
1.591643764e-05
1.591643764e-05
1.591643764e-05
1.591643764e-05
1.591643764e-05
1.591643764e-05
1.591643764e-05
1.591643764e-05
1.591643764e-05
1.591643763e-05
1.591643764e-05
1.591643764e-05
1.591643764e-05
1.591643764e-05
1.591643764e-05
1.591643764e-05
1.591643764e-05
1.591643764e-05
1.591643764e-05
1.591643764e-05
1.591643764e-05
0.04791836045
0.04789312435
0.0479061394
0.04791536735
0.04792149617
0.0479243479
0.04792405446
0.04791998058
0.0479134463
0.04790263504
0.04788931786
0.04787249834
0.04785293969
0.04783085599
0.04780650206
0.04778006266
0.04775174222
0.0477219735
0.04768973508
0.04765442912
0.04761559425
0.04757137906
0.04752161924
0.04746314465
0.04739271683
0.04730603941
0.04719788592
0.04706287381
0.04689423445
0.04668649799
0.04643538718
0.04613906267
0.04579904697
0.0454207365
0.0450132447
0.04458855653
0.04416027799
0.0437424116
0.04334430503
0.04297593508
0.04264105615
0.04234917492
0.04211638043
0.04190889358
0.0417494218
0.04160740363
0.04149943063
0.04141507625
0.04134654359
0.04129840789
0.04126851992
0.04125854958
0.04127719772
0.04134003407
0.04147200927
0.04170235149
0.0420721402
0.04262094559
0.04339377956
0.04425947957
0.04493710652
0.04460170939
0.04836518785
0.02413193481
3.618031341e-05
1.591840752e-05
1.591643781e-05
1.591643764e-05
1.591643764e-05
1.591643764e-05
1.591643764e-05
1.591643764e-05
1.591643764e-05
1.591643764e-05
1.591643764e-05
1.591643764e-05
1.591643764e-05
1.591643764e-05
1.591643764e-05
1.591643764e-05
1.591643764e-05
1.591643764e-05
1.591643764e-05
1.591643763e-05
1.591643764e-05
1.591643764e-05
1.591643764e-05
1.591643764e-05
1.591643764e-05
1.591643764e-05
1.591643764e-05
1.591643764e-05
1.591643764e-05
1.591643764e-05
1.591643764e-05
1.591643764e-05
1.591643764e-05
1.591643764e-05
0.04791324085
0.04788798366
0.04790060377
0.04791007366
0.04791620708
0.04791898665
0.04791838391
0.04791416892
0.04790624261
0.04789648465
0.04788332622
0.04786651353
0.04784693885
0.04782483228
0.04780045218
0.04777399699
0.0477457449
0.04771578251
0.0476830298
0.04764801247
0.04760947327
0.0475665664
0.04751691328
0.04745917169
0.04738973818
0.04730452577
0.0471981881
0.04706538925
0.04689981532
0.04669557746
0.04644824796
0.04615576057
0.04581935702
0.04544410703
0.04503882411
0.0446152306
0.04418602801
0.04376602532
0.04336683252
0.04299678181
0.04266045458
0.04236407417
0.0421272963
0.04191745793
0.04175509854
0.04161173878
0.04150080429
0.04141444812
0.04134286329
0.04129261618
0.04126019654
0.04124835299
0.04126288338
0.04131935205
0.04144304613
0.04166263683
0.04201904803
0.04255175732
0.04330207132
0.04414601514
0.04480584547
0.04452544411
0.04787724749
0.03072718258
4.812491854e-05
1.592003563e-05
1.591643797e-05
1.591643764e-05
1.591643764e-05
1.591643764e-05
1.591643764e-05
1.591643763e-05
1.591643764e-05
1.591643764e-05
1.591643764e-05
1.591643764e-05
1.591643764e-05
1.591643764e-05
1.591643764e-05
1.591643764e-05
1.591643764e-05
1.591643764e-05
1.591643764e-05
1.591643764e-05
1.591643764e-05
1.591643764e-05
1.591643764e-05
1.591643764e-05
1.591643764e-05
1.591643764e-05
1.591643764e-05
1.591643764e-05
1.591643764e-05
1.591643764e-05
1.591643764e-05
1.591643764e-05
1.591643764e-05
1.591643764e-05
0.04790809231
0.04788260421
0.04789552425
0.04790455596
0.0479106352
0.04791345332
0.04791217028
0.0479081084
0.04790083873
0.04789085332
0.04787732396
0.0478605586
0.04784091692
0.04781875619
0.04779433525
0.04776785977
0.04773968535
0.04770953271
0.04767675387
0.04764172745
0.04760342273
0.04756076018
0.04751202202
0.0474550302
0.04738658856
0.04730267651
0.04719829292
0.04706810161
0.04690526881
0.04670427517
0.0464605811
0.04617186987
0.04583905949
0.04546689097
0.04506388866
0.04464162184
0.0442133783
0.04379319809
0.04339226573
0.04301912695
0.04268043013
0.04237968218
0.04213806257
0.04192661324
0.04176065312
0.04161640867
0.0415023537
0.0414142723
0.04134082923
0.04128872629
0.04125273944
0.04123641918
0.04124931591
0.04130018441
0.04141653373
0.04162635513
0.04196951004
0.0424837794
0.04320621476
0.04401844127
0.0446533837
0.04448726908
0.04742182275
0.03659292844
6.119057349e-05
1.592212157e-05
1.591643821e-05
1.591643764e-05
1.591643764e-05
1.591643764e-05
1.591643764e-05
1.591643763e-05
1.591643763e-05
1.591643764e-05
1.591643764e-05
1.591643764e-05
1.591643764e-05
1.591643764e-05
1.591643764e-05
1.591643764e-05
1.591643764e-05
1.591643764e-05
1.591643764e-05
1.591643764e-05
1.591643764e-05
1.591643764e-05
1.591643764e-05
1.591643764e-05
1.591643764e-05
1.591643764e-05
1.591643764e-05
1.591643764e-05
1.591643764e-05
1.591643764e-05
1.591643764e-05
1.591643764e-05
1.591643764e-05
1.591643764e-05
0.04790270425
0.04787685241
0.04788974668
0.04789903418
0.04790511365
0.04790778926
0.04790696147
0.04790277982
0.04789516685
0.04788493381
0.0478704896
0.04785398626
0.04783456327
0.04781249099
0.04778808869
0.04776163842
0.04773351349
0.04770317323
0.04767049808
0.0476355627
0.04759747924
0.04755514922
0.04750697053
0.0474506873
0.04738322029
0.04730062024
0.0471980141
0.04706977857
0.04691000494
0.04671240748
0.04647236074
0.04618739249
0.0458581523
0.04548906474
0.04508835711
0.04466737004
0.04423918152
0.04381617666
0.04341417245
0.04303924178
0.04269899474
0.04239601838
0.0421478847
0.04193577897
0.0417656441
0.04162137868
0.04150394035
0.04141400947
0.04133854549
0.04128453382
0.04124661685
0.04122859344
0.04123722374
0.04128280938
0.04139129338
0.04159024175
0.04191806232
0.0424100398
0.04309883935
0.0438732267
0.04449506237
0.04447177003
0.04701862011
0.04170776668
7.497439309e-05
1.592462313e-05
1.591643851e-05
1.591643764e-05
1.591643763e-05
1.591643763e-05
1.591643764e-05
1.591643764e-05
1.591643764e-05
1.591643764e-05
1.591643764e-05
1.591643764e-05
1.591643764e-05
1.591643764e-05
1.591643764e-05
1.591643764e-05
1.591643764e-05
1.591643764e-05
1.591643764e-05
1.591643764e-05
1.591643764e-05
1.591643764e-05
1.591643764e-05
1.591643764e-05
1.591643764e-05
1.591643764e-05
1.591643764e-05
1.591643764e-05
1.591643764e-05
1.591643764e-05
1.591643764e-05
1.591643764e-05
1.591643764e-05
1.591643764e-05
0.04789714581
0.04787093393
0.04788375399
0.04789317012
0.04789928552
0.04790261737
0.04790118255
0.04789697618
0.04788939272
0.0478788151
0.047864355
0.04784771434
0.04782838715
0.04780629833
0.04778185276
0.04775541693
0.04772726976
0.04769672232
0.04766417619
0.04762933237
0.04759143122
0.04754941852
0.04750172672
0.04744613376
0.04737963123
0.04729834501
0.04719751491
0.04707168682
0.04691445725
0.04672002109
0.04648355382
0.04620229109
0.04587660527
0.04551060928
0.04511224189
0.04469264977
0.0442649595
0.04384280631
0.04343924718
0.04306191729
0.04271846005
0.04241338948
0.04215725776
0.04194620428
0.04177022142
0.04162640569
0.04150547995
0.04141396933
0.04133690306
0.0412802266
0.04124015323
0.04121879543
0.04122159739
0.04126261669
0.04136341979
0.0415509656
0.04186167513
0.04232826453
0.04297978435
0.04372103649
0.04434521552
0.04447397348
0.04669165163
0.04618050362
8.944495422e-05
1.59275139e-05
1.591643887e-05
1.591643764e-05
1.591643763e-05
1.591643763e-05
1.591643764e-05
1.591643764e-05
1.591643764e-05
1.591643764e-05
1.591643763e-05
1.591643764e-05
1.591643764e-05
1.591643764e-05
1.591643764e-05
1.591643764e-05
1.591643764e-05
1.591643764e-05
1.591643764e-05
1.591643764e-05
1.591643764e-05
1.591643764e-05
1.591643764e-05
1.591643764e-05
1.591643764e-05
1.591643764e-05
1.591643764e-05
1.591643764e-05
1.591643764e-05
1.591643764e-05
1.591643764e-05
1.591643764e-05
1.591643764e-05
1.591643764e-05
0.04789186646
0.04786628616
0.04787918048
0.0478885296
0.04789445011
0.04789677565
0.04789575895
0.04789139823
0.04788331237
0.04787178986
0.04785729222
0.04784011277
0.04782121587
0.04779968341
0.04777543856
0.04774910735
0.04772086775
0.0476901931
0.04765775793
0.04762299204
0.04758525453
0.04754352964
0.04749629219
0.04744136942
0.04737581093
0.04729580528
0.04719670908
0.04707295947
0.0469187132
0.0467273476
0.04649431241
0.04621666605
0.04589448585
0.04553156717
0.04513555179
0.04471736084
0.04428997544
0.04386646568
0.04346032309
0.0430816783
0.04273641591
0.04242523213
0.04216618647
0.0419558926
0.04177448066
0.04163143299
0.04150710416
0.0414138338
0.04133501529
0.04127603821
0.04123467056
0.04121186228
0.0412110767
0.0412451595
0.0413364042
0.04150992313
0.04180042381
0.04224329192
0.04285080105
0.04356697134
0.04420879386
0.04448561648
0.04639537485
0.05001097741
0.0001047887306
1.593081524e-05
1.59164393e-05
1.591643764e-05
1.591643764e-05
1.591643763e-05
1.591643763e-05
1.591643764e-05
1.591643764e-05
1.591643763e-05
1.591643764e-05
1.591643764e-05
1.591643764e-05
1.591643764e-05
1.591643764e-05
1.591643764e-05
1.591643764e-05
1.591643764e-05
1.591643764e-05
1.591643764e-05
1.591643764e-05
1.591643764e-05
1.591643764e-05
1.591643764e-05
1.591643764e-05
1.591643764e-05
1.591643764e-05
1.591643764e-05
1.591643764e-05
1.591643764e-05
1.591643764e-05
1.591643764e-05
1.591643764e-05
1.591643764e-05
0.04788630099
0.04786022736
0.0478729563
0.04788208248
0.04788783065
0.04789018537
0.04788928526
0.04788507936
0.04787744491
0.04786637252
0.04785191771
0.04783457336
0.04781509219
0.04779335691
0.04776910573
0.04774280715
0.04771434123
0.04768369862
0.04765126949
0.04761655727
0.04757895852
0.04753749464
0.04749068448
0.04743640643
0.047371763
0.0472929894
0.04719558877
0.04707380521
0.04692201606
0.04673388069
0.04650436861
0.04623037142
0.04591171591
0.04555190323
0.04515829026
0.04474158535
0.04431470164
0.04389121841
0.0434843151
0.04310347121
0.04275547553
0.0424426369
0.04217676898
0.04196486181
0.04177975129
0.04163550213
0.04150846491
0.04141297022
0.04133390507
0.0412730877
0.04122883269
0.04120414772
0.04120006834
0.04122608042
0.04130677509
0.04146566111
0.04173501966
0.04214926579
0.04272131408
0.04342226725
0.04409055648
0.0444996983
0.04613508911
0.05314340512
0.0001212238935
1.593457784e-05
1.591643979e-05
1.591643764e-05
1.591643764e-05
1.591643763e-05
1.591643763e-05
1.591643763e-05
1.591643763e-05
1.591643764e-05
1.591643764e-05
1.591643764e-05
1.591643764e-05
1.591643764e-05
1.591643764e-05
1.591643764e-05
1.591643764e-05
1.591643764e-05
1.591643764e-05
1.591643764e-05
1.591643764e-05
1.591643764e-05
1.591643764e-05
1.591643764e-05
1.591643764e-05
1.591643764e-05
1.591643764e-05
1.591643764e-05
1.591643764e-05
1.591643764e-05
1.591643764e-05
1.591643764e-05
1.591643764e-05
1.591643764e-05
0.04788046253
0.04785370647
0.04786644317
0.04787554719
0.04788134577
0.04788378861
0.0478833349
0.04787920033
0.04787122833
0.04786020849
0.04784580239
0.04782848469
0.04780821143
0.04778690725
0.0477626988
0.04773640924
0.04770770887
0.04767713349
0.04764470342
0.04761003417
0.04757255737
0.04753133245
0.04748492413
0.0474312646
0.04736751168
0.04728993936
0.04719419661
0.04707457075
0.0469256081
0.04674035464
0.04651413653
0.04624365451
0.04592845063
0.04557171787
0.04518051754
0.04476532625
0.0443389195
0.04391476256
0.04350477145
0.04312251002
0.04277277893
0.04245866295
0.04218796294
0.04197334477
0.04178529171
0.0416394841
0.04151049984
0.04141304726
0.04133386646
0.04127055311
0.04122464595
0.0411945819
0.04118714811
0.04120864541
0.04127782962
0.04142099612
0.04166834503
0.04205396508
0.04259476714
0.04328658389
0.04398542708
0.04451080102
0.04592323765
0.05539563843
0.000138712989
1.593883299e-05
1.591644036e-05
1.591643764e-05
1.591643764e-05
1.591643763e-05
1.591643763e-05
1.591643763e-05
1.591643764e-05
1.591643764e-05
1.591643764e-05
1.591643764e-05
1.591643764e-05
1.591643764e-05
1.591643764e-05
1.591643764e-05
1.591643764e-05
1.591643764e-05
1.591643764e-05
1.591643764e-05
1.591643764e-05
1.591643764e-05
1.591643764e-05
1.591643764e-05
1.591643764e-05
1.591643764e-05
1.591643764e-05
1.591643764e-05
1.591643764e-05
1.591643764e-05
1.591643764e-05
1.591643764e-05
1.591643764e-05
1.591643764e-05
0.04787444919
0.04784733141
0.04785996652
0.04786909516
0.04787522495
0.04787774509
0.04787697698
0.04787284686
0.04786529208
0.04785435869
0.04783994013
0.04782271987
0.04780271092
0.04778067259
0.04775636218
0.04772993421
0.04770105921
0.04767052407
0.04763808105
0.0476034431
0.04756607229
0.04752506447
0.04747903018
0.04742595657
0.04736305657
0.04728660652
0.04719238954
0.04707477758
0.0469279953
0.0467459283
0.04652314503
0.0462562381
0.0459445243
0.04559091435
0.04520218634
0.04478859263
0.04436280379
0.04393841722
0.04352844144
0.04314419702
0.0427914704
0.04247524976
0.0421999645
0.0419812593
0.04179128024
0.04164341493
0.04151290016
0.04141322409
0.04133346652
0.04126773219
0.04122078446
0.04118893393
0.0411781955
0.04119308203
0.04125136189
0.04137889358
0.04160495437
0.04196453793
0.04248055499
0.04317205199
0.04390591596
0.04452977508
0.04570961401
0.05664188242
0.0001569129797
1.594357839e-05
1.5916441e-05
1.591643764e-05
1.591643764e-05
1.591643764e-05
1.591643764e-05
1.591643764e-05
1.591643764e-05
1.591643764e-05
1.591643764e-05
1.591643764e-05
1.591643764e-05
1.591643764e-05
1.591643764e-05
1.591643764e-05
1.591643764e-05
1.591643764e-05
1.591643764e-05
1.591643764e-05
1.591643764e-05
1.591643764e-05
1.591643764e-05
1.591643764e-05
1.591643764e-05
1.591643764e-05
1.591643764e-05
1.591643764e-05
1.591643764e-05
1.591643764e-05
1.591643764e-05
1.591643764e-05
1.591643764e-05
1.591643764e-05
0.04786875245
0.04784230967
0.04785505626
0.04786419042
0.04787002674
0.04787248254
0.04787140497
0.04786693826
0.04785885985
0.04784791602
0.04783357596
0.04781645005
0.0477965789
0.04777432035
0.04774995263
0.04772327544
0.04769440844
0.04766385349
0.04763139745
0.0475967879
0.04755951379
0.04751870595
0.04747302044
0.04742050168
0.04735842762
0.04728309086
0.04719046982
0.04707480337
0.04693067488
0.04675157383
0.04653194111
0.04626844284
0.04596012888
0.0456096066
0.04522335755
0.04481139352
0.04438623993
0.04396142611
0.04354941443
0.04316253874
0.0428080427
0.04249036595
0.04221186485
0.04198880233
0.04179746131
0.04164715378
0.04151561904
0.04141346522
0.04133269554
0.04126565585
0.04121675372
0.04118311611
0.04116833403
0.04117825053
0.04122533463
0.04133807098
0.0415432413
0.04187757749
0.04237113377
0.04306382244
0.04383364867
0.04455350259
0.04553086106
0.05681980089
0.0001744814258
1.594857886e-05
1.59164417e-05
1.591643764e-05
1.591643764e-05
1.591643764e-05
1.591643764e-05
1.591643764e-05
1.591643763e-05
1.591643764e-05
1.591643764e-05
1.591643764e-05
1.591643764e-05
1.591643764e-05
1.591643764e-05
1.591643764e-05
1.591643764e-05
1.591643764e-05
1.591643764e-05
1.591643764e-05
1.591643764e-05
1.591643764e-05
1.591643764e-05
1.591643764e-05
1.591643764e-05
1.591643764e-05
1.591643764e-05
1.591643764e-05
1.591643764e-05
1.591643764e-05
1.591643764e-05
1.591643764e-05
1.591643764e-05
1.591643764e-05
0.04786275045
0.0478358505
0.04784851698
0.04785781503
0.04786348339
0.04786583267
0.04786437523
0.04786033608
0.04785286696
0.04784186002
0.04782740811
0.04780997085
0.0477902866
0.04776790968
0.04774346828
0.04771655279
0.04768771709
0.04765713141
0.0476246639
0.04759008107
0.04755289564
0.04751227115
0.0474669071
0.04741490462
0.04735361376
0.04727938551
0.04718836998
0.0470744023
0.04693227785
0.04675615097
0.04653987198
0.04627989088
0.04597503687
0.04562765306
0.04524394299
0.04483368597
0.04440927411
0.04398426689
0.04357180642
0.04318393668
0.04282706493
0.0425064423
0.04222500788
0.0419958559
0.04180407351
0.04165046151
0.04151860469
0.04141368956
0.04133213303
0.04126329407
0.04121284154
0.04117703022
0.04115830193
0.04116304215
0.04120188004
0.04130161076
0.04148953221
0.04180302032
0.04227969032
0.04297900246
0.04378864664
0.04459164319
0.04534549046
0.05606612019
0.000190082955
1.595346809e-05
1.591644242e-05
1.591643764e-05
1.591643763e-05
1.591643764e-05
1.591643764e-05
1.591643763e-05
1.591643764e-05
1.591643764e-05
1.591643764e-05
1.591643764e-05
1.591643764e-05
1.591643764e-05
1.591643764e-05
1.591643764e-05
1.591643764e-05
1.591643764e-05
1.591643764e-05
1.591643764e-05
1.591643764e-05
1.591643764e-05
1.591643764e-05
1.591643764e-05
1.591643764e-05
1.591643764e-05
1.591643764e-05
1.591643764e-05
1.591643764e-05
1.591643764e-05
1.591643764e-05
1.591643764e-05
1.591643764e-05
1.591643764e-05
0.04785640626
0.04782872571
0.0478413714
0.04785112672
0.04785704134
0.0478594668
0.04785844023
0.047853419
0.04784593128
0.04783497793
0.04782066769
0.04780346994
0.04778334127
0.04776129937
0.0477368099
0.04770976151
0.04768096152
0.04765034859
0.04761787139
0.0475833152
0.04754621457
0.04750576288
0.0474607
0.04740918125
0.04734863228
0.04727553359
0.04718580091
0.04707373868
0.0469342392
0.04676096359
0.04654767188
0.04629099599
0.04598949033
0.04564519517
0.04526401962
0.04485549575
0.04443185856
0.04400661042
0.04359282997
0.04320117771
0.04284300511
0.04252090307
0.04223842509
0.04200207919
0.0418110706
0.04165328245
0.04152218708
0.04141464259
0.04133183754
0.04126141447
0.04120918405
0.04117099303
0.041149433
0.04114958
0.04118119162
0.04126808675
0.04143915331
0.04173203242
0.04219550068
0.04288868791
0.04371753763
0.04454408969
0.04512102697
0.0549584411
0.0002021471054
1.595775252e-05
1.591644308e-05
1.591643764e-05
1.591643764e-05
1.591643764e-05
1.591643764e-05
1.591643764e-05
1.591643764e-05
1.591643764e-05
1.591643764e-05
1.591643764e-05
1.591643764e-05
1.591643764e-05
1.591643764e-05
1.591643764e-05
1.591643764e-05
1.591643764e-05
1.591643764e-05
1.591643764e-05
1.591643764e-05
1.591643764e-05
1.591643764e-05
1.591643764e-05
1.591643764e-05
1.591643764e-05
1.591643764e-05
1.591643764e-05
1.591643764e-05
1.591643764e-05
1.591643764e-05
1.591643764e-05
1.591643764e-05
1.591643764e-05
0.04785039706
0.04782352488
0.04783610091
0.04784444752
0.04784989461
0.04785227859
0.04785135402
0.04784769166
0.04783992951
0.047828743
0.04781428578
0.04779691489
0.04777697635
0.04775472507
0.04772999634
0.04770292713
0.0476741111
0.04764348645
0.04761101565
0.04757649385
0.04753947639
0.04749918671
0.04745440401
0.04740333509
0.04734348045
0.04727147856
0.04718285227
0.04707266827
0.04693517963
0.0467644994
0.04655451775
0.04630129086
0.04600321265
0.04566206418
0.04528348266
0.04487676236
0.04445398796
0.0440286451
0.04361402986
0.04322187427
0.04286161255
0.04253652212
0.04225256528
0.0420086837
0.04181781464
0.0416556878
0.04152598259
0.04141541275
0.04133124748
0.04125923309
0.04120563546
0.04116535999
0.04114097279
0.04113747358
0.04116355967
0.04124069154
0.04139912894
0.04167656764
0.04212536676
0.04281210794
0.04364270293
0.0444782976
0.04491807163
0.05395057935
0.0002106270285
1.596119371e-05
1.591644367e-05
1.591643764e-05
1.591643764e-05
1.591643764e-05
1.591643764e-05
1.591643764e-05
1.591643764e-05
1.591643764e-05
1.591643764e-05
1.591643764e-05
1.591643764e-05
1.591643764e-05
1.591643764e-05
1.591643764e-05
1.591643764e-05
1.591643764e-05
1.591643764e-05
1.591643764e-05
1.591643764e-05
1.591643764e-05
1.591643764e-05
1.591643764e-05
1.591643764e-05
1.591643764e-05
1.591643764e-05
1.591643764e-05
1.591643764e-05
1.591643764e-05
1.591643764e-05
1.591643764e-05
1.591643764e-05
1.591643764e-05
0.04784415563
0.04781707678
0.04782939875
0.04783697025
0.04784248791
0.04784498762
0.04784499715
0.04784051433
0.04783274579
0.04782164151
0.04780732627
0.04779016462
0.04777036274
0.04774802012
0.04772311414
0.04769609206
0.04766723973
0.0476365821
0.04760409844
0.04756960137
0.04753266184
0.04749252704
0.04744801229
0.0473973723
0.04733817633
0.04726729564
0.04717980081
0.04707138909
0.04693617489
0.04676844505
0.04656137056
0.046311325
0.04601652805
0.04567845737
0.04530245229
0.04489755368
0.04447567734
0.04405024934
0.0436345775
0.04323990621
0.04287662133
0.04255002664
0.04226538169
0.04201606373
0.04182364832
0.0416583184
0.04152877916
0.04141586413
0.04133016862
0.04125724456
0.04120214491
0.04115997589
0.04113286208
0.0411254418
0.04114724528
0.04121540466
0.04136176881
0.04162379211
0.04205605009
0.04272919973
0.04355073207
0.04438164425
0.04472589173
0.05290478991
0.0002162943926
1.596378854e-05
1.591644415e-05
1.591643764e-05
1.591643764e-05
1.591643764e-05
1.591643764e-05
1.591643764e-05
1.591643764e-05
1.591643764e-05
1.591643764e-05
1.591643764e-05
1.591643764e-05
1.591643764e-05
1.591643764e-05
1.591643764e-05
1.591643764e-05
1.591643764e-05
1.591643764e-05
1.591643764e-05
1.591643764e-05
1.591643764e-05
1.591643764e-05
1.591643764e-05
1.591643764e-05
1.591643764e-05
1.591643764e-05
1.591643764e-05
1.591643764e-05
1.591643764e-05
1.591643764e-05
1.591643764e-05
1.591643764e-05
1.591643764e-05
0.04783779521
0.04781039409
0.0478227983
0.04783162571
0.04783721067
0.047839566
0.047837889
0.04783359388
0.04782641289
0.04781515165
0.04780065003
0.04778337272
0.04776363631
0.04774105983
0.04771600092
0.04768901288
0.04766017716
0.04762954328
0.04759709212
0.04756263772
0.04752577613
0.04748578713
0.04744152183
0.0473912791
0.04733267848
0.04726273258
0.0471764368
0.04706974348
0.0469364886
0.04677085678
0.04656713028
0.046320485
0.04602908463
0.04569416478
0.04532080297
0.04491779779
0.04449689917
0.04407148315
0.04365497
0.04325932211
0.042894474
0.04256482009
0.04227835878
0.04202447324
0.04182899748
0.04166131009
0.04153056642
0.04141592744
0.04132880331
0.04125510469
0.04119827034
0.04115479568
0.04112553417
0.04111492394
0.04113310824
0.0411938128
0.04133069629
0.04158011024
0.04199703319
0.04265229813
0.04345710696
0.04427390498
0.04453601352
0.05202227472
0.0002199952142
1.596567671e-05
1.591644454e-05
1.591643764e-05
1.591643764e-05
1.591643764e-05
1.591643764e-05
1.591643764e-05
1.591643764e-05
1.591643764e-05
1.591643764e-05
1.591643764e-05
1.591643764e-05
1.591643764e-05
1.591643764e-05
1.591643764e-05
1.591643764e-05
1.591643764e-05
1.591643764e-05
1.591643764e-05
1.591643764e-05
1.591643764e-05
1.591643764e-05
1.591643764e-05
1.591643764e-05
1.591643764e-05
1.591643764e-05
1.591643764e-05
1.591643764e-05
1.591643764e-05
1.591643764e-05
1.591643764e-05
1.591643764e-05
1.591643764e-05
0.04783130609
0.04780368587
0.04781614524
0.04782513441
0.04783069395
0.04783297431
0.04783223102
0.04782773477
0.04781912414
0.04780780871
0.04779342859
0.04777611638
0.04775652422
0.04773356615
0.04770873385
0.04768194088
0.04765312468
0.04762247511
0.04759000788
0.04755557846
0.047518791
0.04747894076
0.04743491408
0.04738505207
0.04732701293
0.04725769253
0.04717283643
0.04706782852
0.04693662326
0.04677371832
0.04657312647
0.04632948587
0.04604128896
0.04570943343
0.04533868995
0.0449375946
0.04451771385
0.0440923489
0.04367495529
0.04327755527
0.04290894892
0.04257798451
0.04228983635
0.04203273149
0.04183349815
0.04166417085
0.04153174073
0.04141561979
0.04132718499
0.04125295329
0.04119435007
0.04114935941
0.04111726333
0.04110468172
0.04111855335
0.04117244867
0.04130087581
0.04153874228
0.04193994109
0.04257258442
0.04335436396
0.04414900656
0.04436880369
0.05128712857
0.0002223322331
1.596700763e-05
1.591644484e-05
1.591643764e-05
1.591643763e-05
1.591643764e-05
1.591643764e-05
1.591643764e-05
1.591643764e-05
1.591643764e-05
1.591643764e-05
1.591643764e-05
1.591643764e-05
1.591643764e-05
1.591643764e-05
1.591643764e-05
1.591643764e-05
1.591643764e-05
1.591643764e-05
1.591643764e-05
1.591643764e-05
1.591643764e-05
1.591643764e-05
1.591643764e-05
1.591643764e-05
1.591643764e-05
1.591643764e-05
1.591643764e-05
1.591643764e-05
1.591643764e-05
1.591643764e-05
1.591643764e-05
1.591643764e-05
1.591643764e-05
0.04782471669
0.04779691254
0.04780936639
0.04781823347
0.04782378809
0.04782610404
0.04782534356
0.04782077317
0.04781277668
0.04780132082
0.04778662181
0.04776897238
0.04774890147
0.0477247471
0.04770059907
0.04767421354
0.04764565831
0.04761517465
0.04758281225
0.04754844104
0.04751172213
0.04747200044
0.04742819732
0.04737869818
0.04732121266
0.04725264771
0.04716899956
0.04706543115
0.04693629079
0.04677558719
0.04657782285
0.04633752987
0.04605269419
0.04572399885
0.04535595496
0.04495685102
0.04453807277
0.04411284772
0.04369468714
0.043295864
0.04292627174
0.04259290226
0.04230171055
0.04204133612
0.0418374348
0.04166700273
0.04153234252
0.0414152339
0.04132470638
0.04125043398
0.04118997113
0.04114295057
0.04110886463
0.04109374717
0.0411027234
0.0411514243
0.04127218814
0.04149985487
0.04188628319
0.04249507579
0.04324646976
0.04400471541
0.04419702088
0.05061996913
0.0002237996693
1.597261388e-05
1.59164457e-05
1.591643764e-05
1.591643763e-05
1.591643763e-05
1.591643764e-05
1.591643764e-05
1.591643764e-05
1.591643764e-05
1.591643764e-05
1.591643764e-05
1.591643764e-05
1.591643764e-05
1.591643764e-05
1.591643764e-05
1.591643764e-05
1.591643764e-05
1.591643764e-05
1.591643764e-05
1.591643764e-05
1.591643764e-05
1.591643764e-05
1.591643764e-05
1.591643764e-05
1.591643764e-05
1.591643764e-05
1.591643764e-05
1.591643764e-05
1.591643764e-05
1.591643764e-05
1.591643764e-05
1.591643764e-05
1.591643764e-05
0.04781807778
0.04779010752
0.04780252694
0.04781130771
0.04781682484
0.04781908358
0.04781805517
0.04781335018
0.04780503837
0.04779360876
0.04777905736
0.04776147073
0.04774035367
0.04771769633
0.04769305875
0.04766683681
0.04763839972
0.04760793008
0.04757556087
0.04754121883
0.04750456682
0.04746496016
0.04742136057
0.04737220176
0.04731525059
0.04724747536
0.04716495378
0.047062833
0.0469357196
0.04677767454
0.04658296543
0.04634552659
0.0460638091
0.04573816586
0.04537278612
0.04497568754
0.04455805634
0.04413302577
0.04371413101
0.04331375976
0.04294171414
0.04260515246
0.04231231397
0.04205009042
0.04184057977
0.04166979746
0.0415322661
0.04141435042
0.04132157859
0.04124664824
0.04118327841
0.04113515465
0.04110046678
0.0410815646
0.04108653003
0.04112973747
0.04124191213
0.04145834614
0.04182835848
0.04241048501
0.0431240927
0.04384195612
0.04402625214
0.04992237666
0.0009141914632
1.613270738e-05
1.591646198e-05
1.591643764e-05
1.591643764e-05
1.591643764e-05
1.591643764e-05
1.591643764e-05
1.591643764e-05
1.591643764e-05
1.591643764e-05
1.591643764e-05
1.591643764e-05
1.591643764e-05
1.591643764e-05
1.591643764e-05
1.591643764e-05
1.591643764e-05
1.591643764e-05
1.591643764e-05
1.591643764e-05
1.591643764e-05
1.591643764e-05
1.591643764e-05
1.591643764e-05
1.591643764e-05
1.591643764e-05
1.591643764e-05
1.591643764e-05
1.591643764e-05
1.591643764e-05
1.591643764e-05
1.591643764e-05
1.591643764e-05
0.04781143554
0.04778331092
0.04779567853
0.04780437984
0.0478098437
0.04781205063
0.04781094116
0.0478064158
0.04779917954
0.0477876341
0.04777323355
0.04775534976
0.04773403866
0.04771069186
0.04768549722
0.04765849034
0.04763053097
0.04760040211
0.04756821351
0.04753393881
0.04749732775
0.04745781163
0.04741439739
0.04736555921
0.04730911648
0.04724210418
0.04716067443
0.04706009418
0.04693472588
0.04677871465
0.0465864934
0.0463524462
0.04607407832
0.0457516099
0.04538898976
0.04499398595
0.04457759124
0.0441528458
0.04373330921
0.0433315223
0.0429577436
0.04261939635
0.04232371926
0.04205974742
0.04184353315
0.04167257045
0.04153164535
0.04141325187
0.04131742388
0.04124089365
0.04117587449
0.04112596038
0.04108790028
0.04106650148
0.04106926585
0.04110752186
0.04121017333
0.04141406889
0.04176686453
0.04232288089
0.0430045002
0.04369022619
0.04387750333
0.04926395301
0.006182773646
1.809607925e-05
1.591661921e-05
1.591643765e-05
1.591643764e-05
1.591643764e-05
1.591643764e-05
1.591643764e-05
1.591643764e-05
1.591643764e-05
1.591643764e-05
1.591643764e-05
1.591643764e-05
1.591643764e-05
1.591643764e-05
1.591643764e-05
1.591643764e-05
1.591643764e-05
1.591643764e-05
1.591643764e-05
1.591643764e-05
1.591643764e-05
1.591643764e-05
1.591643764e-05
1.591643764e-05
1.591643764e-05
1.591643764e-05
1.591643764e-05
1.591643764e-05
1.591643764e-05
1.591643764e-05
1.591643764e-05
1.591643764e-05
1.591643764e-05
0.04780482391
0.04777655516
0.04778886118
0.04779747519
0.04780286019
0.047804988
0.04780379409
0.04779925631
0.04779173259
0.04778014922
0.04776534097
0.04774752112
0.04772638053
0.04770307242
0.04767708038
0.04765082754
0.04762287771
0.04759263514
0.04756051528
0.04752636867
0.04748991089
0.04745056897
0.04740736989
0.04735885013
0.04730288728
0.04723657395
0.0471561424
0.0470572064
0.04693340967
0.04677983374
0.04659037385
0.04635952348
0.04608416988
0.0457647206
0.04540479681
0.04501188441
0.04459676166
0.04417235499
0.04375222991
0.04334903515
0.0429731522
0.04263138333
0.04233395267
0.04206896526
0.04184687602
0.04167506589
0.04153065913
0.04141262932
0.04131370585
0.0412372263
0.0411712478
0.04112030218
0.04108020701
0.0410549553
0.04105226625
0.04108427694
0.04117645521
0.04136605675
0.04169875736
0.04223030782
0.04287323819
0.04352866414
0.04374927666
0.04874544377
0.01340014757
2.346770764e-05
1.59171298e-05
1.59164377e-05
1.591643764e-05
1.591643764e-05
1.591643764e-05
1.591643764e-05
1.591643764e-05
1.591643764e-05
1.591643764e-05
1.591643764e-05
1.591643764e-05
1.591643764e-05
1.591643764e-05
1.591643764e-05
1.591643764e-05
1.591643764e-05
1.591643764e-05
1.591643764e-05
1.591643764e-05
1.591643764e-05
1.591643764e-05
1.591643764e-05
1.591643764e-05
1.591643764e-05
1.591643764e-05
1.591643764e-05
1.591643764e-05
1.591643764e-05
1.591643764e-05
1.591643764e-05
1.591643764e-05
1.591643764e-05
0.04779825869
0.04776985724
0.04778210168
0.04779062735
0.04779592443
0.04779796731
0.04779669923
0.04779211753
0.04778433403
0.0477723498
0.04775751033
0.04774032841
0.04771972754
0.04769656416
0.04767073512
0.04764249128
0.04761420972
0.04758480282
0.04755288162
0.04751880549
0.04748239248
0.04744309885
0.04740005538
0.04735182414
0.04729633089
0.04723071769
0.04715124151
0.04705366319
0.04693176261
0.04678024194
0.04659292619
0.04636537476
0.04609333323
0.04577707313
0.04541996095
0.04502923541
0.04461547161
0.04419148923
0.04377085997
0.04336635833
0.04298864692
0.04264542635
0.04234578927
0.04207853209
0.04185124329
0.04167742192
0.04152976278
0.04141241673
0.0413114969
0.04123380712
0.041166016
0.04111374652
0.04107193463
0.04104345173
0.04103801842
0.04106446264
0.04114549719
0.041319578
0.04163164113
0.04213435323
0.04274962124
0.04338331632
0.04363671799
0.04826793524
0.02081273919
3.232570958e-05
1.591815257e-05
1.591643781e-05
1.591643764e-05
1.591643764e-05
1.591643764e-05
1.591643764e-05
1.591643764e-05
1.591643763e-05
1.591643764e-05
1.591643764e-05
1.591643764e-05
1.591643763e-05
1.591643764e-05
1.591643764e-05
1.591643764e-05
1.591643764e-05
1.591643764e-05
1.591643764e-05
1.591643764e-05
1.591643764e-05
1.591643764e-05
1.591643764e-05
1.591643764e-05
1.591643764e-05
1.591643764e-05
1.591643764e-05
1.591643764e-05
1.591643764e-05
1.591643764e-05
1.591643764e-05
1.591643764e-05
1.591643764e-05
0.04779173682
0.04776321299
0.04777540195
0.047783844
0.0477890495
0.04779099282
0.04778961071
0.04778487564
0.04777670973
0.04776434001
0.04774992216
0.04773259195
0.04771213287
0.04768904947
0.04766343731
0.04763594891
0.04760652608
0.04757627234
0.04754455858
0.04751078239
0.04747459715
0.04743558366
0.04739279056
0.04734485916
0.04728978244
0.04722476677
0.04714605893
0.04704980904
0.04692979026
0.04678048416
0.04659631347
0.04637172976
0.04610247996
0.04578918984
0.04543479103
0.04504622364
0.04463383531
0.04421031511
0.04378922611
0.04338344358
0.0430037967
0.04265793173
0.04235549043
0.04208713251
0.0418560494
0.04167976122
0.04152962323
0.04141159511
0.0413089128
0.04123029411
0.04116104955
0.04110760903
0.04106450868
0.04103355108
0.04102159436
0.04104188575
0.04111333806
0.04127234715
0.04156171743
0.04203167592
0.04261877848
0.04323900141
0.04356242994
0.04765285461
0.02788890457
4.387724474e-05
1.591974312e-05
1.5916438e-05
1.591643764e-05
1.591643764e-05
1.591643764e-05
1.591643764e-05
1.591643763e-05
1.591643763e-05
1.591643764e-05
1.591643764e-05
1.591643764e-05
1.591643764e-05
1.591643764e-05
1.591643764e-05
1.591643764e-05
1.591643764e-05
1.591643764e-05
1.591643764e-05
1.591643764e-05
1.591643764e-05
1.591643764e-05
1.591643764e-05
1.591643764e-05
1.591643764e-05
1.591643764e-05
1.591643764e-05
1.591643764e-05
1.591643764e-05
1.591643764e-05
1.591643764e-05
1.591643764e-05
1.591643764e-05
0.04778524129
0.04775660454
0.04776874982
0.04777712439
0.047782254
0.04778411601
0.04778265305
0.04777786974
0.04776978139
0.04775862534
0.04774412196
0.04772686729
0.04770639883
0.04768299208
0.04765685643
0.04762890215
0.04759916373
0.04756845011
0.04753635049
0.04750264938
0.04746670042
0.04742779762
0.04738514734
0.04733745987
0.04728279951
0.04721843029
0.04714053257
0.04704560686
0.04692745925
0.04678018884
0.04659830458
0.0463765363
0.04611059177
0.04580050565
0.04544896221
0.0450626563
0.04465172829
0.04422874842
0.04380727068
0.04340027405
0.04301879821
0.04267099132
0.04236678922
0.0420958665
0.04186148121
0.04168173552
0.04152998752
0.04141068013
0.04130671706
0.04122641252
0.04115628077
0.04110252794
0.04105913885
0.04102755454
0.04101299586
0.04102634729
0.04108594888
0.04122848685
0.04149322021
0.04192824329
0.04249092311
0.04311125966
0.04352493237
0.04722858066
0.03400088172
5.672470528e-05
1.592183006e-05
1.591643826e-05
1.591643764e-05
1.591643764e-05
1.591643764e-05
1.591643764e-05
1.591643764e-05
1.591643764e-05
1.591643764e-05
1.591643764e-05
1.591643764e-05
1.591643764e-05
1.591643764e-05
1.591643764e-05
1.591643764e-05
1.591643764e-05
1.591643764e-05
1.591643764e-05
1.591643764e-05
1.591643764e-05
1.591643764e-05
1.591643764e-05
1.591643764e-05
1.591643764e-05
1.591643764e-05
1.591643764e-05
1.591643764e-05
1.591643764e-05
1.591643764e-05
1.591643764e-05
1.591643764e-05
1.591643764e-05
0.04777874454
0.04775000029
0.04776211217
0.04777043354
0.04777550095
0.04777729313
0.04777575782
0.04777092161
0.04776281931
0.04775165839
0.04773703688
0.04771937629
0.0476985612
0.04767497783
0.04764905547
0.04762124143
0.04759098629
0.047559395
0.04752824043
0.04749473857
0.04745881529
0.04742004517
0.04737766575
0.04733023672
0.04727587539
0.04721195982
0.04713479662
0.04704025375
0.04692467913
0.04677963015
0.04660038682
0.0463819971
0.04611889942
0.04581171323
0.04546287547
0.04507876255
0.04466928132
0.04424685889
0.04382502366
0.04341684163
0.04303352183
0.04268337186
0.04237579368
0.04210361587
0.0418670155
0.04168313742
0.04153053164
0.04140968189
0.04130425552
0.04122312853
0.0411534056
0.04109814277
0.04105363248
0.04102077551
0.04100385189
0.04101209421
0.04106119747
0.04118607735
0.04142495853
0.04182363624
0.04236594554
0.04299486744
0.04349499868
0.04679978806
0.03928078584
7.017246658e-05
1.59243142e-05
1.59164386e-05
1.591643764e-05
1.591643764e-05
1.591643764e-05
1.591643764e-05
1.591643764e-05
1.591643764e-05
1.591643764e-05
1.591643764e-05
1.591643764e-05
1.591643764e-05
1.591643764e-05
1.591643764e-05
1.591643764e-05
1.591643764e-05
1.591643764e-05
1.591643764e-05
1.591643764e-05
1.591643764e-05
1.591643764e-05
1.591643764e-05
1.591643764e-05
1.591643764e-05
1.591643764e-05
1.591643764e-05
1.591643764e-05
1.591643764e-05
1.591643764e-05
1.591643764e-05
1.591643764e-05
1.591643764e-05
0.04777221628
0.04774336717
0.0477554536
0.04776373455
0.04776875455
0.04777049316
0.04776890088
0.04776401165
0.04775580788
0.04774437941
0.04772974791
0.04771175903
0.04769046872
0.04766715416
0.04764306714
0.04761538533
0.04758472658
0.04755272314
0.04751899463
0.04748577448
0.04745013877
0.04741181964
0.04736940147
0.04732214377
0.04726830005
0.04720518709
0.04712897792
0.04703632483
0.04692158865
0.04677869547
0.04660166727
0.04638557684
0.0461260136
0.04582199822
0.04547602486
0.04509422434
0.04468628819
0.04426450771
0.04384238731
0.04343307982
0.04304797806
0.04269567967
0.04238630673
0.04211138374
0.04187275423
0.04168380809
0.04153123001
0.04140857235
0.04130262823
0.04121989739
0.04115067719
0.04109405186
0.04104873292
0.04101410678
0.04099416161
0.04099678815
0.04103797292
0.04114661857
0.04136032037
0.04172427858
0.04225014817
0.04289485958
0.04349053526
0.04643570664
0.04382869862
8.394675015e-05
1.592711146e-05
1.5916439e-05
1.591643764e-05
1.591643764e-05
1.591643764e-05
1.591643764e-05
1.591643764e-05
1.591643764e-05
1.591643764e-05
1.591643764e-05
1.591643764e-05
1.591643764e-05
1.591643764e-05
1.591643764e-05
1.591643764e-05
1.591643764e-05
1.591643764e-05
1.591643764e-05
1.591643764e-05
1.591643764e-05
1.591643764e-05
1.591643764e-05
1.591643764e-05
1.591643764e-05
1.591643764e-05
1.591643764e-05
1.591643764e-05
1.591643764e-05
1.591643764e-05
1.591643764e-05
1.591643764e-05
1.591643764e-05
0.04776563026
0.04773667683
0.04774874292
0.0477569934
0.04776197883
0.04776367911
0.04776204479
0.04775711141
0.04774879372
0.04773722487
0.04772254203
0.04770454933
0.04768435009
0.0476611965
0.04763566772
0.04760775463
0.04757702848
0.04754522629
0.04751191943
0.04747772506
0.04744172538
0.04740250635
0.04736065083
0.0473141404
0.04726061816
0.04719769491
0.04712281526
0.0470312073
0.04691823988
0.04677750177
0.04660305364
0.04638966405
0.04613358119
0.04583231365
0.04548898717
0.04510937361
0.04470292721
0.04428178357
0.04385939953
0.04344899566
0.04306212873
0.04270762363
0.04239566078
0.04211857478
0.04187887819
0.04168391832
0.04153174921
0.04140678628
0.04130104317
0.04121630802
0.04114786384
0.04109006302
0.04104417808
0.04100841718
0.04098635203
0.04098521413
0.04101827938
0.04111155176
0.04130315789
0.04163799296
0.0421550351
0.04281305356
0.04349533357
0.04614259232
0.04764799264
9.794099878e-05
1.593017137e-05
1.591643945e-05
1.591643764e-05
1.591643764e-05
1.591643764e-05
1.591643764e-05
1.591643764e-05
1.591643764e-05
1.591643764e-05
1.591643764e-05
1.591643764e-05
1.591643764e-05
1.591643764e-05
1.591643764e-05
1.591643764e-05
1.591643764e-05
1.591643764e-05
1.591643764e-05
1.591643764e-05
1.591643764e-05
1.591643764e-05
1.591643764e-05
1.591643764e-05
1.591643764e-05
1.591643764e-05
1.591643764e-05
1.591643764e-05
1.591643764e-05
1.591643764e-05
1.591643764e-05
1.591643764e-05
1.591643764e-05
0.04775896647
0.04772990731
0.04774195493
0.04775018077
0.04775514028
0.04775681285
0.047755147
0.04775017892
0.0477417509
0.04773009799
0.04771531809
0.04769722936
0.04767669685
0.0476538121
0.04762804617
0.04760031704
0.04757076413
0.04753872788
0.04750429171
0.04746803734
0.04743141366
0.04739364464
0.04735188178
0.04730458864
0.04725139398
0.04718965612
0.04711587621
0.04702648092
0.04691482959
0.04677593331
0.04660363712
0.04639264763
0.04613964619
0.04584150519
0.04550105813
0.04512379458
0.04471894932
0.04429853082
0.04387596028
0.0434645261
0.04307594449
0.04271927186
0.04240508768
0.04212585982
0.04188467027
0.04168452997
0.04153134567
0.04140393676
0.04129958091
0.04121282647
0.04114460317
0.04108607066
0.04103981107
0.04100296277
0.04097871513
0.04097439555
0.04100111359
0.0410812587
0.04125357343
0.04156477586
0.04207316774
0.04274837039
0.0435039925
0.04585032421
0.05073855705
0.0001121267064
1.593346192e-05
1.591643994e-05
1.591643764e-05
1.591643764e-05
1.591643764e-05
1.591643764e-05
1.591643764e-05
1.591643764e-05
1.591643764e-05
1.591643764e-05
1.591643764e-05
1.591643764e-05
1.591643764e-05
1.591643764e-05
1.591643764e-05
1.591643764e-05
1.591643764e-05
1.591643764e-05
1.591643764e-05
1.591643764e-05
1.591643764e-05
1.591643764e-05
1.591643764e-05
1.591643764e-05
1.591643764e-05
1.591643764e-05
1.591643764e-05
1.591643764e-05
1.591643764e-05
1.591643764e-05
1.591643764e-05
1.591643764e-05
0.04775221098
0.04772304354
0.04773507205
0.04774327563
0.04774821424
0.04774986632
0.04774817735
0.04774318367
0.04773466797
0.04772297062
0.04770808153
0.047689952
0.04766924827
0.04764615535
0.04762046858
0.0475927201
0.04756273831
0.04753080944
0.04749713368
0.04746130618
0.04742367583
0.04738335524
0.04734137704
0.04729600235
0.04724336849
0.04718228014
0.04710963369
0.04702073548
0.04691109598
0.04677409496
0.04660443799
0.04639664996
0.04614670172
0.04585090627
0.0455129732
0.04513786944
0.0447345735
0.04431488431
0.04389215467
0.04347972419
0.04308945821
0.04273062838
0.04241406963
0.04213223429
0.04188976101
0.04168551936
0.04153057987
0.0414006994
0.04129751918
0.04120879979
0.04114039308
0.04108150648
0.04103528658
0.04099733504
0.04097084196
0.04096312735
0.04098481962
0.04105234593
0.0412087295
0.04150060243
0.04199596334
0.04267172948
0.04345986878
0.0456514824
0.05300825049
0.0001260604806
1.593691636e-05
1.591644046e-05
1.591643764e-05
1.591643764e-05
1.591643764e-05
1.591643764e-05
1.591643764e-05
1.591643764e-05
1.591643764e-05
1.591643764e-05
1.591643764e-05
1.591643764e-05
1.591643764e-05
1.591643764e-05
1.591643764e-05
1.591643764e-05
1.591643764e-05
1.591643764e-05
1.591643764e-05
1.591643764e-05
1.591643764e-05
1.591643764e-05
1.591643764e-05
1.591643764e-05
1.591643764e-05
1.591643764e-05
1.591643764e-05
1.591643764e-05
1.591643764e-05
1.591643764e-05
1.591643764e-05
1.591643764e-05
0.04774535762
0.04771607818
0.0477280845
0.04773626468
0.04774118367
0.04774281916
0.04774111337
0.04773609534
0.0477275338
0.04771580892
0.04770082236
0.04768267028
0.04766188716
0.0476386357
0.04761293126
0.04758504894
0.04755477236
0.04752297746
0.04748940246
0.04745368858
0.04741595672
0.04737641086
0.04733363628
0.04728591241
0.04723355578
0.04717349704
0.04710281251
0.04701592534
0.04690731783
0.04677206158
0.04660430268
0.0463988161
0.04615142601
0.04585897435
0.04552400102
0.04515127669
0.04474960561
0.04433070587
0.04390788209
0.04349452309
0.04310263244
0.04274168836
0.04242279397
0.04213882473
0.04189407788
0.04168660903
0.04152930465
0.04139792978
0.04129426647
0.0412045041
0.04113550157
0.04107607176
0.04102950769
0.04099079752
0.04096291532
0.04095265462
0.04096991957
0.04103050688
0.04117424995
0.04144927602
0.04192863361
0.0425960094
0.04340613932
0.04542802723
0.05462397192
0.0001402660401
1.594061631e-05
1.591644103e-05
1.591643764e-05
1.591643763e-05
1.591643764e-05
1.591643764e-05
1.591643764e-05
1.591643764e-05
1.591643764e-05
1.591643764e-05
1.591643764e-05
1.591643764e-05
1.591643764e-05
1.591643764e-05
1.591643764e-05
1.591643764e-05
1.591643764e-05
1.591643764e-05
1.591643764e-05
1.591643764e-05
1.591643764e-05
1.591643764e-05
1.591643764e-05
1.591643764e-05
1.591643764e-05
1.591643764e-05
1.591643764e-05
1.591643764e-05
1.591643764e-05
1.591643764e-05
1.591643764e-05
1.591643764e-05
0.0477384066
0.04770901105
0.0477209905
0.04772914347
0.0477340406
0.04773565941
0.04773393965
0.04772890016
0.04772031999
0.04770857961
0.04769350689
0.04767533912
0.047654497
0.0476311479
0.04760543713
0.04757769417
0.04754866288
0.04751710115
0.04748360369
0.04744793018
0.0474100836
0.04736906914
0.04732584264
0.04727962379
0.04722761756
0.04716786425
0.04709722452
0.04701037679
0.04690330375
0.04676970296
0.04660420364
0.04640114451
0.04615652913
0.04586741665
0.04553468754
0.04516418753
0.04476414205
0.04434606907
0.04392320225
0.04350896826
0.0431155036
0.04275248469
0.0424312615
0.04214497038
0.04189811103
0.0416877591
0.04152722941
0.04139481164
0.0412897598
0.04119888253
0.04112941661
0.04106976073
0.04102291676
0.04098388893
0.04095471063
0.0409406313
0.04095132043
0.04100429886
0.04113516978
0.0413942622
0.04185604701
0.04250736039
0.04332715311
0.04519286715
0.05556690842
0.0001544783347
1.594456445e-05
1.591644165e-05
1.591643764e-05
1.591643764e-05
1.591643764e-05
1.591643764e-05
1.591643764e-05
1.591643764e-05
1.591643764e-05
1.591643764e-05
1.591643763e-05
1.591643764e-05
1.591643763e-05
1.591643764e-05
1.591643764e-05
1.591643764e-05
1.591643764e-05
1.591643764e-05
1.591643764e-05
1.591643764e-05
1.591643764e-05
1.591643764e-05
1.591643764e-05
1.591643764e-05
1.591643764e-05
1.591643764e-05
1.591643764e-05
1.591643764e-05
1.591643764e-05
1.591643764e-05
1.591643764e-05
1.591643764e-05
0.04773136395
0.04770184838
0.04771379495
0.04772191387
0.04772678277
0.04772838
0.04772664409
0.04772158468
0.04771299637
0.04770124933
0.04768609683
0.04766791761
0.04764702074
0.04762359308
0.04759783535
0.04757005172
0.04754076232
0.04750931017
0.04747560727
0.04743979745
0.04740198146
0.04736217705
0.04731932372
0.04727199195
0.04722002641
0.04716039927
0.04709001645
0.04700487483
0.04689885509
0.04676694147
0.04660349006
0.04640267423
0.04616029277
0.04587481073
0.04554502818
0.04517667016
0.04477821177
0.04436097217
0.04393810111
0.04352304583
0.04312805912
0.04276300477
0.04243461285
0.04215081625
0.04190178695
0.04168899999
0.0415244156
0.04139109571
0.04128438679
0.04119211989
0.04112139158
0.04106073674
0.04101298117
0.04097311176
0.04094230015
0.04092611139
0.04093491843
0.04098471527
0.04110896499
0.04135806157
0.04180250141
0.04242959781
0.04324688706
0.04497256927
0.055902881
0.0001684768801
1.594870845e-05
1.591644231e-05
1.591643764e-05
1.591643764e-05
1.591643764e-05
1.591643764e-05
1.591643764e-05
1.591643764e-05
1.591643764e-05
1.591643764e-05
1.591643764e-05
1.591643764e-05
1.591643764e-05
1.591643764e-05
1.591643764e-05
1.591643764e-05
1.591643764e-05
1.591643764e-05
1.591643764e-05
1.591643764e-05
1.591643764e-05
1.591643764e-05
1.591643764e-05
1.591643764e-05
1.591643764e-05
1.591643764e-05
1.591643764e-05
1.591643764e-05
1.591643764e-05
1.591643764e-05
1.591643764e-05
1.591643764e-05
0.04772423995
0.04769460022
0.04770650741
0.04771458411
0.04771941591
0.047720983
0.04771922388
0.04771414031
0.04770554822
0.04769378648
0.04767856752
0.04766037771
0.04763943236
0.0476159451
0.04759015112
0.04756233471
0.04753278616
0.04750115274
0.04746717168
0.04743146451
0.04739382093
0.04735417361
0.04731150145
0.04726527444
0.04721369342
0.04715457204
0.04708465045
0.04699841219
0.04689410409
0.04676404222
0.04660258417
0.0464043641
0.04616486305
0.04588114563
0.04555415756
0.0451882643
0.04479156444
0.04437528715
0.0439525198
0.04353673886
0.04314031727
0.04277330606
0.04244266137
0.04215657143
0.04190550882
0.04169045411
0.04152147216
0.04138757604
0.04127897683
0.04118549584
0.04111324708
0.04105159481
0.04100226783
0.04096097696
0.04092840879
0.04090991906
0.04091545798
0.04096024588
0.04107354148
0.04130540976
0.04173047871
0.04233697363
0.04313233451
0.04471745463
0.05560873495
0.000181256339
1.595282136e-05
1.5916443e-05
1.591643764e-05
1.591643764e-05
1.591643764e-05
1.591643764e-05
1.591643764e-05
1.591643764e-05
1.591643764e-05
1.591643764e-05
1.591643764e-05
1.591643763e-05
1.591643763e-05
1.591643764e-05
1.591643764e-05
1.591643764e-05
1.591643764e-05
1.591643764e-05
1.591643764e-05
1.591643764e-05
1.591643764e-05
1.591643764e-05
1.591643764e-05
1.591643764e-05
1.591643764e-05
1.591643764e-05
1.591643764e-05
1.591643764e-05
1.591643764e-05
1.591643764e-05
1.591643764e-05
1.591643764e-05
0.04771704581
0.04768728092
0.04769914348
0.04770716931
0.04771195344
0.04771347891
0.04771168542
0.04770656866
0.04769796985
0.04768618176
0.0476709134
0.04765271463
0.04763173117
0.04760819813
0.04758236568
0.0475544981
0.04752478944
0.04749297027
0.04745893413
0.04742314812
0.04738562536
0.04734608713
0.04730345148
0.04725730662
0.0472057844
0.04714674866
0.04707792411
0.04699330791
0.04688935842
0.04676088592
0.04660126377
0.04640526694
0.04616810689
0.04588896708
0.04556364513
0.04519985365
0.04480477148
0.04438939418
0.04396670896
0.04355020094
0.04315234441
0.04278335789
0.04245039901
0.04216188809
0.04190861263
0.0416919802
0.0415184191
0.04138393604
0.04127324547
0.04117884785
0.04110471404
0.04104239817
0.0409912418
0.04094851914
0.04091402201
0.04089294437
0.04089514604
0.04093602098
0.04104347764
0.04126858596
0.0416761692
0.04225347155
0.04301013224
0.04445210729
0.05481339175
0.0001926600672
1.595675954e-05
1.591644368e-05
1.591643764e-05
1.591643764e-05
1.591643764e-05
1.591643764e-05
1.591643764e-05
1.591643764e-05
1.591643764e-05
1.591643764e-05
1.591643764e-05
1.591643764e-05
1.591643764e-05
1.591643764e-05
1.591643764e-05
1.591643764e-05
1.591643764e-05
1.591643764e-05
1.591643764e-05
1.591643764e-05
1.591643764e-05
1.591643764e-05
1.591643764e-05
1.591643764e-05
1.591643764e-05
1.591643764e-05
1.591643764e-05
1.591643764e-05
1.591643764e-05
1.591643764e-05
1.591643764e-05
1.591643764e-05
0.04770979272
0.04767989877
0.04769171021
0.04769967624
0.04770440193
0.04770587435
0.04770403545
0.04769887595
0.04769026503
0.04767843092
0.04766314734
0.04764493414
0.0476239266
0.04760036449
0.04757450262
0.04754659685
0.04751684281
0.04748522823
0.0474523599
0.04741699362
0.04737960398
0.04734010353
0.04729759374
0.04725141516
0.04719993848
0.04714099602
0.04707139454
0.04698767663
0.04688450304
0.04675736518
0.04659952213
0.04640576937
0.04617161896
0.04589372427
0.04557155954
0.04521023628
0.04481703134
0.04440273646
0.04398028005
0.04356316695
0.04316398173
0.04279312634
0.04245799242
0.04216726372
0.04191197481
0.04169366658
0.04151592097
0.04137997063
0.04126735428
0.04117251305
0.04109605391
0.04103328503
0.0409800024
0.04093583071
0.04089920486
0.04087496082
0.04087251925
0.04090724759
0.04100438322
0.0412155019
0.04160352532
0.04215471898
0.04288276243
0.04419822534
0.05402230298
0.0002017906564
1.596023959e-05
1.591644432e-05
1.591643764e-05
1.591643764e-05
1.591643764e-05
1.591643764e-05
1.591643764e-05
1.591643764e-05
1.591643764e-05
1.591643764e-05
1.591643764e-05
1.591643764e-05
1.591643764e-05
1.591643763e-05
1.591643764e-05
1.591643764e-05
1.591643764e-05
1.591643764e-05
1.591643764e-05
1.591643764e-05
1.591643764e-05
1.591643764e-05
1.591643764e-05
1.591643764e-05
1.591643764e-05
1.591643764e-05
1.591643764e-05
1.591643764e-05
1.591643764e-05
1.591643764e-05
1.591643764e-05
1.591643764e-05
0.04770249109
0.0476724706
0.04768422912
0.04769212946
0.04769678804
0.04769819625
0.04769629912
0.04769108459
0.04768244976
0.04767055865
0.0476552657
0.04763703824
0.04761601384
0.04759242878
0.04756653333
0.04753857043
0.04750872957
0.04747708714
0.04744398861
0.04740890947
0.04737159957
0.04733205869
0.04728957777
0.04724268609
0.04719119119
0.04713266293
0.04706411761
0.04698115805
0.04687913418
0.04675327533
0.04659731398
0.04640579643
0.04617369064
0.04589888105
0.04558064918
0.04522107448
0.04482943215
0.0444160635
0.04399375661
0.04357599607
0.04317545401
0.04280269951
0.04246533425
0.04217226632
0.04191474076
0.04169490494
0.04151379454
0.04137605976
0.04126153812
0.04116677571
0.04108789405
0.04102443491
0.04096919469
0.04092368907
0.04088501696
0.04085759291
0.04085022455
0.04087809856
0.04096401134
0.04115962202
0.04152899707
0.04205791011
0.04275862474
0.04396452513
0.05318927262
0.0002087393708
1.596310177e-05
1.591644487e-05
1.591643764e-05
1.591643764e-05
1.591643764e-05
1.591643764e-05
1.591643764e-05
1.591643764e-05
1.591643764e-05
1.591643764e-05
1.591643764e-05
1.591643763e-05
1.591643764e-05
1.591643763e-05
1.591643764e-05
1.591643764e-05
1.591643764e-05
1.591643764e-05
1.591643764e-05
1.591643764e-05
1.591643764e-05
1.591643764e-05
1.591643764e-05
1.591643764e-05
1.591643764e-05
1.591643764e-05
1.591643764e-05
1.591643764e-05
1.591643764e-05
1.591643764e-05
1.591643764e-05
1.591643764e-05
0.04769514345
0.04766499298
0.04767669377
0.04768452238
0.04768910602
0.04769044138
0.04768847675
0.04768319725
0.0476745287
0.04766257144
0.0476472649
0.04762902134
0.04760798094
0.04758437372
0.04755844209
0.04753041734
0.04750048323
0.04746874424
0.0474353385
0.0474002275
0.04736301716
0.04732349831
0.04728097947
0.04723400135
0.04718270503
0.04712437275
0.0470566346
0.04697440493
0.04687349837
0.04674900808
0.04659485882
0.0464055683
0.04617617035
0.04590292688
0.04558761607
0.04523034936
0.04484067487
0.04442849113
0.04400652281
0.04358826168
0.0431864792
0.04281191829
0.04247241077
0.04217714142
0.04191766542
0.04169594821
0.04151201179
0.04137202906
0.04125575523
0.0411611736
0.04108026692
0.04101596471
0.04095922439
0.04091255441
0.04087199577
0.04084148152
0.04082905992
0.04084924152
0.04092392949
0.041101994
0.04145073746
0.04195800299
0.04263634401
0.04373877247
0.05232751822
0.0002136976138
1.596531049e-05
1.591644533e-05
1.591643764e-05
1.591643764e-05
1.591643764e-05
1.591643764e-05
1.591643764e-05
1.591643764e-05
1.591643764e-05
1.591643764e-05
1.591643764e-05
1.591643764e-05
1.591643763e-05
1.591643764e-05
1.591643764e-05
1.591643764e-05
1.591643764e-05
1.591643764e-05
1.591643764e-05
1.591643763e-05
1.591643764e-05
1.591643764e-05
1.591643764e-05
1.591643764e-05
1.591643764e-05
1.591643764e-05
1.591643764e-05
1.591643764e-05
1.591643764e-05
1.591643764e-05
1.591643764e-05
1.591643764e-05
0.04768775497
0.04765747813
0.04766912263
0.04767687706
0.04768138094
0.04768263548
0.04768059299
0.04767523651
0.04766652325
0.04765448113
0.04763915183
0.04762088226
0.04759981829
0.04757618319
0.04755021081
0.04752212319
0.04749210172
0.04746026782
0.04742671933
0.04739150504
0.04735436379
0.0473149604
0.04727268861
0.04722656586
0.04717546733
0.04711738295
0.04704928228
0.0469675995
0.04686773077
0.04674452718
0.04659223086
0.0464049088
0.0461778125
0.04590824754
0.04559569571
0.04524043843
0.04485223716
0.04444100275
0.04401925292
0.04360043906
0.04319739973
0.0428210345
0.0424793635
0.04218173337
0.04191975155
0.04169644395
0.04151022924
0.0413676613
0.04125056214
0.04115523533
0.04107313726
0.04100822098
0.04095029898
0.04090261678
0.04086034897
0.04082697063
0.04080972601
0.04082241151
0.04088644046
0.04104711212
0.0413751389
0.04186335584
0.04253433058
0.04355899928
0.05156908741
0.0002172860405
1.596698482e-05
1.591644569e-05
1.591643764e-05
1.591643764e-05
1.591643764e-05
1.591643764e-05
1.591643764e-05
1.591643764e-05
1.591643764e-05
1.591643764e-05
1.591643764e-05
1.591643764e-05
1.591643764e-05
1.591643764e-05
1.591643764e-05
1.591643764e-05
1.591643764e-05
1.591643763e-05
1.591643763e-05
1.591643764e-05
1.591643764e-05
1.591643764e-05
1.591643764e-05
1.591643764e-05
1.591643764e-05
1.591643764e-05
1.591643764e-05
1.591643764e-05
1.591643764e-05
1.591643764e-05
1.591643764e-05
1.591643764e-05
0.04768031887
0.04764991178
0.0476614939
0.04766917024
0.04767359167
0.04767476383
0.04767264015
0.04766719993
0.04765842761
0.04764628797
0.04763092103
0.04761261107
0.04759151162
0.04756784007
0.04754182247
0.04751367369
0.04748357459
0.04745165798
0.04741801903
0.04738270559
0.04734554378
0.04730614225
0.04726383096
0.04721744569
0.0471663458
0.04710843682
0.04704133272
0.04696045014
0.04686165857
0.04673966212
0.04658906353
0.04640373949
0.04617895122
0.04591138804
0.045600709
0.04524852966
0.04486225515
0.04445232477
0.04403102753
0.04361183533
0.04320765874
0.0428295212
0.04248558595
0.04218541167
0.04192140346
0.0416965136
0.04150845728
0.04136255063
0.04124549867
0.04114895565
0.04106617971
0.04100088763
0.04094219347
0.04089373513
0.0408500808
0.04081401808
0.04079215922
0.04079743218
0.04085079277
0.04099315822
0.04129745675
0.04176316848
0.04241875258
0.04337929354
0.05086323849
0.0002195736013
1.596816061e-05
1.591644598e-05
1.591643764e-05
1.591643764e-05
1.591643764e-05
1.591643764e-05
1.591643764e-05
1.591643764e-05
1.591643764e-05
1.591643764e-05
1.591643764e-05
1.591643764e-05
1.591643764e-05
1.591643764e-05
1.591643764e-05
1.591643764e-05
1.591643764e-05
1.591643764e-05
1.591643764e-05
1.591643764e-05
1.591643764e-05
1.591643764e-05
1.591643764e-05
1.591643764e-05
1.591643764e-05
1.591643764e-05
1.591643764e-05
1.591643764e-05
1.591643764e-05
1.591643764e-05
1.591643764e-05
1.591643764e-05
0.04767283329
0.04764230439
0.04765384006
0.04766144785
0.04766578778
0.04766686912
0.04766465152
0.04765911314
0.04765026453
0.04763800843
0.04762258442
0.04760421366
0.04758306099
0.04755934033
0.04753327187
0.04750506516
0.04747490118
0.04744292031
0.04740922054
0.04737384027
0.04733664855
0.04729728967
0.0472551782
0.04720950685
0.04715866638
0.0471010592
0.04703361827
0.04695327643
0.04685540806
0.04673455935
0.04658554459
0.04640222196
0.04617958094
0.04591464123
0.04560646597
0.04525842311
0.04487299177
0.04446398326
0.04404296466
0.0436233106
0.04321796501
0.04283812666
0.04249227743
0.04219044301
0.041923579
0.04169630597
0.04150663382
0.04135634468
0.04124008746
0.04114206817
0.04105885424
0.04099315031
0.04093416183
0.04088528918
0.04084069581
0.04080249766
0.0407765453
0.04077491637
0.04081811429
0.04094258982
0.04122267422
0.04166572419
0.04230713092
0.04322145595
0.05010932257
0.0002211073873
1.596899095e-05
1.591644622e-05
1.591643764e-05
1.591643764e-05
1.591643764e-05
1.591643764e-05
1.591643764e-05
1.591643764e-05
1.591643764e-05
1.591643764e-05
1.591643764e-05
1.591643764e-05
1.591643764e-05
1.591643764e-05
1.591643764e-05
1.591643764e-05
1.591643764e-05
1.591643764e-05
1.591643764e-05
1.591643764e-05
1.591643764e-05
1.591643764e-05
1.591643764e-05
1.591643764e-05
1.591643764e-05
1.591643764e-05
1.591643764e-05
1.591643764e-05
1.591643764e-05
1.591643764e-05
1.591643764e-05
1.591643764e-05
0.04766527661
0.04763462392
0.04764609259
0.04765361931
0.04765787728
0.04765887865
0.04765657855
0.04765094664
0.04764201416
0.04762962719
0.04761413243
0.04759568265
0.04757445991
0.04755067759
0.0475245525
0.04749629055
0.04746607204
0.04743404013
0.04740029118
0.04736484962
0.04732758881
0.04728815749
0.04724592664
0.04719982872
0.04714903521
0.04709153644
0.04702521167
0.04694563061
0.0468487407
0.04672919444
0.04658179739
0.04640020696
0.04617962294
0.04591670541
0.04561059711
0.04526503501
0.04488167204
0.04447410794
0.04405362579
0.04363365586
0.04322726834
0.04284581519
0.04249791937
0.04219357825
0.04192458393
0.04169554506
0.04150445324
0.04135030442
0.04123471564
0.04113514859
0.04105182929
0.04098541868
0.0409265381
0.04087738329
0.0408324061
0.04079269488
0.04076330559
0.04075520484
0.04078805085
0.04089378312
0.04114492161
0.04155719452
0.04217265849
0.04305978713
0.04952501431
0.0002221280899
1.598248799e-05
1.591644825e-05
1.591643764e-05
1.591643764e-05
1.591643764e-05
1.591643764e-05
1.591643764e-05
1.591643764e-05
1.591643764e-05
1.591643764e-05
1.591643764e-05
1.591643764e-05
1.591643764e-05
1.591643764e-05
1.591643764e-05
1.591643764e-05
1.591643764e-05
1.591643764e-05
1.591643764e-05
1.591643764e-05
1.591643764e-05
1.591643764e-05
1.591643764e-05
1.591643764e-05
1.591643764e-05
1.591643764e-05
1.591643764e-05
1.591643764e-05
1.591643764e-05
1.591643764e-05
1.591643764e-05
1.591643764e-05
0.04765763056
0.04762685637
0.04763829938
0.04764577638
0.04764996682
0.04765087818
0.04764847672
0.0476427341
0.04763369354
0.04762117184
0.04760558244
0.04758703264
0.04756572022
0.04754186009
0.04751566816
0.04748734826
0.04745707951
0.04742500468
0.04739121637
0.04735572965
0.04731842556
0.04727899901
0.04723693731
0.04719154398
0.04714100293
0.04708379764
0.04701701399
0.04693787641
0.04684181613
0.04672372103
0.04657766393
0.04639767243
0.04617948342
0.04591936696
0.04561631724
0.04527214474
0.04489191617
0.04448499808
0.04406484916
0.04364448036
0.04323698193
0.04285377172
0.04250354837
0.04219639907
0.04192535204
0.04169451375
0.04150159057
0.04134452414
0.04122867177
0.04112772256
0.04104472521
0.04097717044
0.04091887045
0.04086928869
0.04082441356
0.04078378437
0.04075189921
0.04073844115
0.04076155939
0.04085052151
0.04107091088
0.04145024659
0.04203973296
0.04291230054
0.04896031867
0.001234330394
1.626555703e-05
1.591648605e-05
1.591643764e-05
1.591643764e-05
1.591643764e-05
1.591643764e-05
1.591643764e-05
1.591643764e-05
1.591643764e-05
1.591643764e-05
1.591643764e-05
1.591643764e-05
1.591643764e-05
1.591643764e-05
1.591643764e-05
1.591643764e-05
1.591643764e-05
1.591643764e-05
1.591643764e-05
1.591643764e-05
1.591643764e-05
1.591643764e-05
1.591643764e-05
1.591643764e-05
1.591643764e-05
1.591643764e-05
1.591643764e-05
1.591643764e-05
1.591643764e-05
1.591643764e-05
1.591643764e-05
1.591643764e-05
0.0476498606
0.04761899821
0.04763038071
0.0476377751
0.04764186941
0.04764270352
0.04764022605
0.04763438999
0.04762523475
0.04761260706
0.04759690795
0.04757825038
0.04755683739
0.04753288745
0.04750661805
0.0474782329
0.04744791003
0.04741578969
0.04738195788
0.047346418
0.04730904296
0.04726951926
0.0472272739
0.04718129086
0.04713069859
0.04707362116
0.0470080231
0.04692957862
0.04683439063
0.0467177301
0.04657293713
0.04639464638
0.04617863048
0.04592036469
0.04561965961
0.04527737636
0.0448997817
0.0444938814
0.04407436689
0.04365378671
0.04324530127
0.0428604855
0.04250831938
0.04219988126
0.04192628198
0.0416932206
0.04149860338
0.04133751772
0.0412214319
0.04111879742
0.04103657867
0.04096730891
0.04091015197
0.0408600619
0.04081579796
0.04077496853
0.04074163951
0.04072416847
0.04073887901
0.04081288643
0.04100316729
0.04134822258
0.04190903939
0.04277595906
0.0485457644
0.00636036639
1.881884719e-05
1.591676952e-05
1.591643767e-05
1.591643764e-05
1.591643764e-05
1.591643764e-05
1.591643764e-05
1.591643764e-05
1.591643764e-05
1.591643764e-05
1.591643764e-05
1.591643764e-05
1.591643764e-05
1.591643764e-05
1.591643764e-05
1.591643764e-05
1.591643764e-05
1.591643764e-05
1.591643764e-05
1.591643764e-05
1.591643764e-05
1.591643764e-05
1.591643764e-05
1.591643764e-05
1.591643764e-05
1.591643764e-05
1.591643764e-05
1.591643764e-05
1.591643764e-05
1.591643764e-05
1.591643764e-05
1.591643764e-05
0.04764188752
0.04761092417
0.04762232198
0.0476296845
0.04763374226
0.04763447386
0.04763188751
0.04762594502
0.04761667222
0.04760394102
0.04758812822
0.04756935603
0.04754783192
0.0475237786
0.04749741685
0.04746895215
0.04743856281
0.04740638733
0.04737250714
0.0473369203
0.04729950538
0.04725998795
0.04721792104
0.04717273627
0.04712236765
0.04706553037
0.04699929881
0.04692120005
0.04682669406
0.04671083849
0.04656753881
0.04639144357
0.04617750338
0.04592199182
0.04562319596
0.04528351267
0.04490918371
0.04450440802
0.04408497341
0.04366403914
0.04325457655
0.04286835506
0.04251488098
0.04220205922
0.04192646213
0.04169151399
0.0414949834
0.04133221326
0.04121477904
0.04110993582
0.04102811481
0.04095664178
0.04089966909
0.04084969741
0.04080650722
0.04076598047
0.04073170404
0.04071108371
0.04071887911
0.04078016993
0.04094325103
0.04125614156
0.04179028677
0.04265974356
0.04800347351
0.01284040495
2.434776401e-05
1.591744442e-05
1.591643776e-05
1.591643764e-05
1.591643764e-05
1.591643764e-05
1.591643764e-05
1.591643764e-05
1.591643764e-05
1.591643764e-05
1.591643764e-05
1.591643764e-05
1.591643764e-05
1.591643764e-05
1.591643764e-05
1.591643764e-05
1.591643764e-05
1.591643764e-05
1.591643764e-05
1.591643764e-05
1.591643764e-05
1.591643764e-05
1.591643764e-05
1.591643764e-05
1.591643764e-05
1.591643764e-05
1.591643764e-05
1.591643764e-05
1.591643764e-05
1.591643764e-05
1.591643764e-05
1.591643764e-05
0.04763361105
0.04760242116
0.04761359519
0.04762087044
0.04762492085
0.04762575
0.04762320767
0.0476172561
0.04760792484
0.04759512636
0.04757922278
0.04756034407
0.04753870623
0.04751453962
0.04748807079
0.04745950907
0.04742903453
0.04739678489
0.04736283759
0.04732718401
0.04728969489
0.04725007624
0.04720779037
0.04716181034
0.04711139716
0.04705465048
0.04698971102
0.04691227849
0.04681858614
0.04670367665
0.04656188985
0.04638773712
0.04617574691
0.04592208596
0.04562546645
0.04528770278
0.04491479801
0.0445126438
0.04409372047
0.04367257994
0.04326230902
0.0428746894
0.04251889386
0.04220435264
0.04192658242
0.04168944234
0.04149074642
0.0413254293
0.04120722141
0.04110096409
0.04101851417
0.04094598182
0.04088933612
0.04083889139
0.04079597975
0.04075575694
0.04072106472
0.04069804541
0.04070007443
0.04075039191
0.04088995596
0.04117336784
0.04168443937
0.04256874938
0.04754092451
0.01935247308
3.25837064e-05
1.591859685e-05
1.591643792e-05
1.591643764e-05
1.591643763e-05
1.591643764e-05
1.591643764e-05
1.591643764e-05
1.591643764e-05
1.591643764e-05
1.591643764e-05
1.591643764e-05
1.591643764e-05
1.591643764e-05
1.591643764e-05
1.591643764e-05
1.591643764e-05
1.591643764e-05
1.591643764e-05
1.591643764e-05
1.591643764e-05
1.591643764e-05
1.591643764e-05
1.591643764e-05
1.591643764e-05
1.591643764e-05
1.591643764e-05
1.591643764e-05
1.591643764e-05
1.591643764e-05
1.591643764e-05
1.591643763e-05
0.04762490058
0.04759286754
0.04760436204
0.04761177946
0.04761604034
0.04761691725
0.04761440139
0.04760845711
0.04759908194
0.0475862178
0.04757021762
0.04755122845
0.04752947137
0.04750518166
0.04747859096
0.04744991313
0.04741933166
0.047386986
0.04735295375
0.04731722704
0.04727968491
0.04724006967
0.0471979795
0.04715301136
0.0471027587
0.04704622282
0.04698046192
0.04690331415
0.04681028527
0.04669638573
0.04655594049
0.0463834519
0.04617365638
0.04592242194
0.04562839786
0.0452932555
0.04492143175
0.04452332953
0.04410609492
0.0436841704
0.04327286271
0.04288337939
0.0425235103
0.04220654201
0.0419264186
0.04168724861
0.04148652712
0.0413191157
0.04119827488
0.04109162876
0.04100787845
0.0409339209
0.04087638388
0.04082578851
0.04078374927
0.04074384435
0.04070866872
0.04068363155
0.04068091744
0.04072219802
0.04084415081
0.0411047348
0.04159821268
0.04248463142
0.04710967422
0.02525206495
4.247923797e-05
1.592019513e-05
1.591643816e-05
1.591643764e-05
1.591643764e-05
1.591643764e-05
1.591643764e-05
1.591643764e-05
1.591643764e-05
1.591643764e-05
1.591643764e-05
1.591643764e-05
1.591643764e-05
1.591643764e-05
1.591643764e-05
1.591643764e-05
1.591643764e-05
1.591643764e-05
1.591643764e-05
1.591643764e-05
1.591643764e-05
1.591643764e-05
1.591643764e-05
1.591643764e-05
1.591643764e-05
1.591643764e-05
1.591643764e-05
1.591643764e-05
1.591643764e-05
1.591643764e-05
1.591643764e-05
1.591643764e-05
0.04761644937
0.04758439716
0.04759564922
0.04760278621
0.04760573347
0.04760763709
0.04760535891
0.04759948454
0.04759008237
0.04757716977
0.04756109154
0.04754199863
0.04752012033
0.04749569932
0.04746897342
0.04744016157
0.04740945131
0.04737698483
0.0473428409
0.04730701124
0.04726937092
0.04722963972
0.04718730334
0.04714129737
0.04709102357
0.04703458224
0.04697026059
0.04689377724
0.04680154118
0.04668870133
0.04654958906
0.0463788822
0.04617089347
0.04592166203
0.04562941577
0.04529625317
0.04492578876
0.0445283622
0.04411273883
0.04369186073
0.04327966095
0.04288813004
0.04252640914
0.04220903958
0.04192634317
0.04168492763
0.04148220099
0.04131277895
0.04118856466
0.04108175092
0.04099696808
0.04092228694
0.04086486634
0.04081294154
0.04076980589
0.04072931879
0.0406936175
0.04066670277
0.04065987491
0.04069372322
0.04080256663
0.04104455572
0.0415223307
0.04240563826
0.04675443553
0.03040477977
5.311308611e-05
1.592214131e-05
1.591643848e-05
1.591643764e-05
1.591643764e-05
1.591643764e-05
1.591643764e-05
1.591643764e-05
1.591643764e-05
1.591643764e-05
1.591643764e-05
1.591643764e-05
1.591643764e-05
1.591643763e-05
1.591643764e-05
1.591643764e-05
1.591643764e-05
1.591643764e-05
1.591643764e-05
1.591643764e-05
1.591643764e-05
1.591643764e-05
1.591643764e-05
1.591643764e-05
1.591643764e-05
1.591643764e-05
1.591643764e-05
1.591643764e-05
1.591643764e-05
1.591643764e-05
1.591643764e-05
1.591643764e-05
0.0476080881
0.04757541597
0.04758577892
0.04759269317
0.04759744888
0.04759883841
0.04759647415
0.04759054364
0.04758106365
0.04756806853
0.04755187894
0.04753266018
0.04751064623
0.04748608248
0.04745920921
0.04743024846
0.04739939133
0.04736678369
0.04733250843
0.04729656317
0.04725883527
0.04721908262
0.04717694677
0.04713227628
0.04708216448
0.04702586173
0.04696046441
0.04688421404
0.04679259822
0.04668073522
0.04654291255
0.04637400623
0.04616765849
0.04592077546
0.04563121052
0.0452997598
0.04493179065
0.04453449372
0.04411939193
0.04369977152
0.04328673178
0.04289305516
0.04252987767
0.04221022745
0.04192558614
0.04168220125
0.04147750723
0.04130597124
0.04117854618
0.04107153856
0.04098572354
0.04090907292
0.04085032861
0.04079698821
0.04075334713
0.04071300971
0.04067634802
0.04064751073
0.04063733158
0.04066547318
0.04076360572
0.04098765257
0.04144506778
0.04231533671
0.04635510589
0.03494436679
6.404140221e-05
1.592434905e-05
1.591643885e-05
1.591643764e-05
1.591643764e-05
1.591643764e-05
1.591643764e-05
1.591643764e-05
1.591643764e-05
1.591643764e-05
1.591643764e-05
1.591643763e-05
1.591643763e-05
1.591643764e-05
1.591643763e-05
1.591643763e-05
1.591643763e-05
1.591643763e-05
1.591643764e-05
1.591643764e-05
1.591643764e-05
1.591643764e-05
1.591643764e-05
1.591643764e-05
1.591643764e-05
1.591643764e-05
1.591643764e-05
1.591643764e-05
1.591643764e-05
1.591643764e-05
1.591643764e-05
1.591643764e-05
0.0476002271
0.0475683792
0.04757883408
0.04758561093
0.04758926227
0.04759027032
0.04758767935
0.04758157814
0.04757193787
0.04755881155
0.04754249941
0.04752315855
0.04750101309
0.04747630532
0.04744927876
0.04742015944
0.04738914209
0.04735637615
0.04732194837
0.04728586019
0.04724799983
0.04720810661
0.04716570193
0.04711974053
0.04706948009
0.04701334059
0.04694962789
0.046874051
0.04678320309
0.04667236144
0.0465358934
0.04636868138
0.04616395098
0.0459191337
0.04563134803
0.04530190251
0.04493537329
0.04453865185
0.04412403462
0.04370368159
0.04329031463
0.04289641601
0.04253392593
0.04221139578
0.04192465402
0.04167933658
0.04147282385
0.04130027727
0.04116907758
0.04106206488
0.04097504975
0.04089850504
0.04083980263
0.04078543962
0.0407394093
0.0406962016
0.04065688735
0.04062614812
0.04061282115
0.04063549483
0.04072453624
0.04093279584
0.04136148528
0.04220775285
0.04607809086
0.03884782639
7.502244556e-05
1.592676437e-05
1.591643927e-05
1.591643764e-05
1.591643764e-05
1.591643764e-05
1.591643764e-05
1.591643764e-05
1.591643764e-05
1.591643764e-05
1.591643764e-05
1.591643763e-05
1.591643763e-05
1.591643763e-05
1.591643764e-05
1.591643763e-05
1.591643763e-05
1.591643764e-05
1.591643764e-05
1.591643764e-05
1.591643764e-05
1.591643764e-05
1.591643764e-05
1.591643764e-05
1.591643764e-05
1.591643764e-05
1.591643764e-05
1.591643764e-05
1.591643764e-05
1.591643764e-05
1.591643764e-05
1.591643764e-05
0.04759218069
0.04755992391
0.0475708801
0.04757748716
0.04758113797
0.04758151962
0.04757878635
0.04757258425
0.04756279014
0.04754953703
0.04753306967
0.04751356007
0.04749123696
0.04746635766
0.04743916302
0.04740987585
0.04737868994
0.04734575623
0.04731116515
0.04727492498
0.04723693603
0.04719696775
0.04715467566
0.04711018713
0.04706049557
0.04700444457
0.0469392295
0.04686385378
0.04677359561
0.04666368375
0.04652868215
0.04636289262
0.0461600188
0.04591717076
0.0456316529
0.04530416946
0.04493913134
0.04454454672
0.0441303571
0.04370889738
0.04329510277
0.04290036753
0.04253589713
0.04221164518
0.04192323248
0.04167603408
0.04146772512
0.04129411927
0.04115916629
0.04105235128
0.04096342872
0.04088532384
0.04082470783
0.0407691193
0.04072239301
0.04067809832
0.04063606338
0.04060223144
0.04058653933
0.04060547844
0.04068896914
0.04088512907
0.04129114756
0.04209560028
0.04576720287
0.04235620465
8.637816852e-05
1.592942039e-05
1.591643974e-05
1.591643764e-05
1.591643764e-05
1.591643764e-05
1.591643764e-05
1.591643764e-05
1.591643764e-05
1.591643764e-05
1.591643764e-05
1.591643763e-05
1.591643763e-05
1.591643763e-05
1.591643763e-05
1.591643763e-05
1.591643763e-05
1.591643764e-05
1.591643764e-05
1.591643764e-05
1.591643764e-05
1.591643764e-05
1.591643764e-05
1.591643764e-05
1.591643764e-05
1.591643764e-05
1.591643764e-05
1.591643764e-05
1.591643764e-05
1.591643764e-05
1.591643764e-05
1.591643764e-05
0.0475840101
0.04755174116
0.04756214514
0.04756862503
0.04757224618
0.04757228073
0.04756931827
0.04756322265
0.04755332532
0.0475399197
0.04752328124
0.04750360237
0.04748115638
0.04745614493
0.04742880634
0.04739936477
0.0473680157
0.04733491291
0.04730015184
0.04726374725
0.0472256066
0.04718550124
0.04714305117
0.04709786105
0.0470487643
0.04699300369
0.04692804513
0.04685312655
0.04676354429
0.04665457202
0.04652099079
0.04635622461
0.04615556929
0.04591464963
0.0456309802
0.04530541019
0.04494159665
0.04454823894
0.04413467029
0.04371534161
0.04330093121
0.04290538963
0.04253824784
0.04221225569
0.04192167949
0.0416725356
0.04146249319
0.04128810989
0.04114838469
0.04104249166
0.04095190635
0.04087427204
0.0408126256
0.04075631229
0.04070841993
0.04066297178
0.04061747687
0.04057882829
0.04055872664
0.04057448372
0.04065499189
0.04084434282
0.04123115217
0.04198125881
0.04548457483
0.04545380905
9.826818598e-05
1.593236351e-05
1.591644027e-05
1.591643764e-05
1.591643764e-05
1.591643764e-05
1.591643763e-05
1.591643763e-05
1.591643763e-05
1.591643764e-05
1.591643764e-05
1.591643763e-05
1.591643764e-05
1.591643764e-05
1.591643763e-05
1.591643763e-05
1.591643763e-05
1.591643764e-05
1.591643764e-05
1.591643764e-05
1.591643764e-05
1.591643764e-05
1.591643764e-05
1.591643764e-05
1.591643764e-05
1.591643764e-05
1.591643764e-05
1.591643764e-05
1.591643764e-05
1.591643764e-05
1.591643764e-05
1.591643764e-05
0.0475757666
0.04754328683
0.04755330279
0.0475603664
0.04756341927
0.0475621149
0.04755858601
0.04755307656
0.04754306748
0.04752960384
0.04751307686
0.04749343515
0.04747085439
0.04744570388
0.04741821921
0.04738862103
0.04735710667
0.04732383295
0.04728889837
0.04725232302
0.04721402106
0.0471737669
0.04713115735
0.04708558041
0.04703604858
0.04698051609
0.04691646262
0.0468420599
0.04675313786
0.04664504559
0.04651276219
0.04634920663
0.04615022968
0.0459114608
0.04562982149
0.0453061146
0.04494450938
0.04455210862
0.04414012912
0.04371921021
0.04330427736
0.04290780004
0.04253929881
0.04221168527
0.04191950478
0.0416684836
0.04145688074
0.04128146639
0.04113841707
0.04103277333
0.04094005472
0.04086145575
0.04079812278
0.0407410003
0.04068958488
0.04064220231
0.04059457956
0.04055248184
0.04052490578
0.04053244522
0.04060557632
0.04079352923
0.04116393681
0.04189787939
0.04525380866
0.04819078987
0.0001110641118
1.59356916e-05
1.591644087e-05
1.591643764e-05
1.591643764e-05
1.591643763e-05
1.591643763e-05
1.591643763e-05
1.591643763e-05
1.591643764e-05
1.591643763e-05
1.591643763e-05
1.591643764e-05
1.591643763e-05
1.591643764e-05
1.591643764e-05
1.591643764e-05
1.591643763e-05
1.591643763e-05
1.591643764e-05
1.591643764e-05
1.591643763e-05
1.591643764e-05
1.591643764e-05
1.591643764e-05
1.591643764e-05
1.591643764e-05
1.591643764e-05
1.591643764e-05
1.591643764e-05
1.591643764e-05
1.591643764e-05
0.04756724304
0.04753411285
0.0475452369
0.04755117077
0.04755407088
0.04755311877
0.04754916035
0.04754256978
0.04753084209
0.04751712626
0.04750137838
0.04748241716
0.04746005129
0.04743490841
0.04740733867
0.04737761252
0.04734594474
0.04731250206
0.04727739202
0.04724064193
0.0472021733
0.04716176674
0.04711901543
0.0470732632
0.04702349695
0.04696804776
0.0469045849
0.04683064807
0.04674235694
0.04663510148
0.04650363648
0.04634185774
0.0461445164
0.04590759636
0.04562810721
0.04530646512
0.044946508
0.04455551968
0.04414388843
0.04372371659
0.04330842789
0.04291060043
0.04254063578
0.04221129924
0.04191697938
0.04166410022
0.04145094523
0.04127432832
0.04112860614
0.04102295327
0.04092833712
0.04085052472
0.04078508867
0.04072769085
0.04067399468
0.04062549515
0.04057693422
0.04053345917
0.04050244231
0.04050288329
0.04056486361
0.04072609227
0.041089992
0.04182478676
0.04500832129
0.05039929752
0.0001246570759
1.593940863e-05
1.591644155e-05
1.591643764e-05
1.591643764e-05
1.591643764e-05
1.591643764e-05
1.591643763e-05
1.591643763e-05
1.591643763e-05
1.591643763e-05
1.591643763e-05
1.591643763e-05
1.591643763e-05
1.591643763e-05
1.591643764e-05
1.591643764e-05
1.591643764e-05
1.591643764e-05
1.591643764e-05
1.591643764e-05
1.591643764e-05
1.591643764e-05
1.591643764e-05
1.591643764e-05
1.591643764e-05
1.591643764e-05
1.591643764e-05
1.591643764e-05
1.591643764e-05
1.591643764e-05
1.591643764e-05
0.04755869549
0.04752602468
0.04753610161
0.04754142189
0.04754417334
0.04754325539
0.04753911402
0.04753071728
0.04752118697
0.04750738628
0.04749079969
0.04747165231
0.04744921566
0.04742397012
0.0473962526
0.0473663546
0.04733450907
0.04730088864
0.04726560056
0.04722867484
0.04719003834
0.04714947876
0.04710659505
0.04706072889
0.04701086651
0.04695547486
0.04689237571
0.04681885426
0.04673116619
0.04662474586
0.04649429327
0.04633405603
0.04613838584
0.04590308287
0.04562574357
0.04530587392
0.04494720084
0.04455747536
0.0441463037
0.04372629875
0.04331066435
0.04291214498
0.04254086038
0.04220992841
0.04191393347
0.04165920772
0.04144450726
0.04126654409
0.04111879378
0.04101220389
0.04091519642
0.04083866249
0.04077154255
0.04071394808
0.04065778072
0.04060739303
0.04055514305
0.04050679006
0.04047017822
0.04046348115
0.0405153326
0.04067474282
0.04102284952
0.04176646956
0.04477410236
0.05206056895
0.0001388234646
1.594348872e-05
1.59164423e-05
1.591643764e-05
1.591643763e-05
1.591643763e-05
1.591643763e-05
1.591643764e-05
1.591643763e-05
1.591643763e-05
1.591643763e-05
1.591643763e-05
1.591643764e-05
1.591643764e-05
1.591643764e-05
1.591643764e-05
1.591643764e-05
1.591643764e-05
1.591643764e-05
1.591643764e-05
1.591643764e-05
1.591643764e-05
1.591643764e-05
1.591643764e-05
1.591643764e-05
1.591643764e-05
1.591643764e-05
1.591643764e-05
1.591643764e-05
1.591643764e-05
1.591643764e-05
1.591643764e-05
0.04754973085
0.04751657071
0.04752615465
0.0475329055
0.04753556962
0.04753436272
0.04753032054
0.04752194965
0.04751101474
0.0474970085
0.04747999366
0.04746060622
0.04743802387
0.04741265721
0.04738481596
0.04735477437
0.04732276386
0.04728896538
0.04725349722
0.04721639409
0.04717758757
0.04713687232
0.04709385647
0.04704789226
0.04699798122
0.04694264583
0.0468797914
0.04680664149
0.04671952338
0.04661391258
0.04648454119
0.04632571467
0.04613188312
0.04589821617
0.04562288907
0.04530492145
0.04494840221
0.04455978642
0.04414949386
0.04372971977
0.04331373769
0.04291393238
0.04254130543
0.04220861892
0.04191066433
0.04165397697
0.04143745086
0.04125726807
0.04110866023
0.04100150365
0.04090289771
0.04082659581
0.04075828754
0.04070063642
0.04064296624
0.04059096907
0.04053628595
0.04048414078
0.04044297621
0.04042897989
0.04046872709
0.04060427531
0.0409448657
0.04169061176
0.04454623723
0.05304933188
0.0001530537738
1.594780982e-05
1.591644311e-05
1.591643764e-05
1.591643764e-05
1.591643764e-05
1.591643763e-05
1.591643764e-05
1.591643764e-05
1.591643763e-05
1.591643763e-05
1.591643763e-05
1.591643764e-05
1.591643764e-05
1.591643763e-05
1.591643764e-05
1.591643764e-05
1.591643764e-05
1.591643764e-05
1.591643764e-05
1.591643764e-05
1.591643764e-05
1.591643764e-05
1.591643764e-05
1.591643764e-05
1.591643764e-05
1.591643764e-05
1.591643764e-05
1.591643764e-05
1.591643764e-05
1.591643764e-05
1.591643764e-05
0.04754033942
0.04750632828
0.04751714113
0.04752282435
0.0475250733
0.04752354414
0.04751955598
0.04751164434
0.04750001878
0.04748588423
0.04746823319
0.04744936798
0.04742661603
0.04740106678
0.04737303504
0.04734280637
0.04731062004
0.0472766532
0.0472410123
0.04720373563
0.04716476066
0.04712388938
0.04708073995
0.0470346782
0.04698472519
0.04692943765
0.0468667705
0.04679395733
0.04670737555
0.04660253898
0.04647421054
0.04631672383
0.04612460812
0.04589285321
0.04561920926
0.04530292244
0.04494792124
0.0445606305
0.04415066625
0.04373106409
0.04331475949
0.04291459401
0.0425407863
0.04220648184
0.04190671049
0.04164826274
0.04143004704
0.04124844103
0.04109828632
0.04099032021
0.04089010764
0.04081377339
0.04074536706
0.04068734473
0.04062868203
0.04057497034
0.04051880138
0.04046174809
0.04041348393
0.04039012053
0.0404200477
0.04055240429
0.0408753504
0.04161701201
0.04431303824
0.05350552252
0.0001667526215
1.595215824e-05
1.591644393e-05
1.591643764e-05
1.591643764e-05
1.591643764e-05
1.591643764e-05
1.591643764e-05
1.591643764e-05
1.591643764e-05
1.591643764e-05
1.591643764e-05
1.591643764e-05
1.591643764e-05
1.591643763e-05
1.591643764e-05
1.591643764e-05
1.591643763e-05
1.591643764e-05
1.591643764e-05
1.591643764e-05
1.591643764e-05
1.591643764e-05
1.591643764e-05
1.591643764e-05
1.591643764e-05
1.591643764e-05
1.591643764e-05
1.591643764e-05
1.591643764e-05
1.591643764e-05
1.591643764e-05
0.04753090802
0.04749731829
0.04750668795
0.04751182415
0.04751404082
0.04751388586
0.04750844955
0.04750046017
0.04749038031
0.04747618101
0.04745843402
0.04743796134
0.04741504415
0.04738926019
0.04736097044
0.04733053676
0.04729814723
0.04726396455
0.04722812527
0.04719066173
0.04715150973
0.04711047498
0.04706718372
0.04702101541
0.04697101093
0.04691575546
0.04685324167
0.04678073501
0.04669465763
0.04659056256
0.04646324268
0.04630705535
0.04611667059
0.04588617713
0.04561423921
0.04530013316
0.04494679797
0.04456085652
0.04415240058
0.04373306438
0.04331646837
0.04291495596
0.04253983356
0.04220392016
0.04190233858
0.04164213983
0.04142212991
0.04123890883
0.04108747076
0.04097862257
0.0408759277
0.04079901891
0.0407296038
0.04067139438
0.04061245818
0.04055742866
0.04050088311
0.04044052667
0.04038678756
0.04035452193
0.04037179273
0.04048757002
0.04079764348
0.04152817864
0.04408248528
0.05344404178
0.0001786461951
1.595611011e-05
1.591644468e-05
1.591643764e-05
1.591643764e-05
1.591643764e-05
1.591643764e-05
1.591643764e-05
1.591643764e-05
1.591643764e-05
1.591643764e-05
1.591643764e-05
1.591643764e-05
1.591643764e-05
1.591643764e-05
1.591643764e-05
1.591643764e-05
1.591643764e-05
1.591643764e-05
1.591643764e-05
1.591643764e-05
1.591643764e-05
1.591643764e-05
1.591643764e-05
1.591643764e-05
1.591643764e-05
1.591643764e-05
1.591643764e-05
1.591643764e-05
1.591643764e-05
1.591643764e-05
1.591643764e-05
0.04752127703
0.0474876868
0.04749724897
0.04750250907
0.04750452274
0.04750337939
0.04749879184
0.04749079837
0.04747947349
0.04746418831
0.0474462676
0.04742542659
0.0474025038
0.04737631802
0.04734830901
0.04731769325
0.04728507933
0.04725073522
0.04721470934
0.04717705623
0.04713772265
0.04709652049
0.04705308461
0.0470068061
0.04695674341
0.04690150715
0.04683912416
0.04676689772
0.04668129398
0.04657790733
0.04645155927
0.04629661289
0.04610791729
0.04587869258
0.04560851955
0.04529663013
0.04494475534
0.044560091
0.04415235492
0.04373352259
0.04331666582
0.04291445012
0.04253816196
0.04220077667
0.04189747784
0.04163554432
0.04141361378
0.0412287968
0.0410758371
0.0409661027
0.0408615567
0.0407852873
0.04071348074
0.04065563188
0.04059687532
0.04054059856
0.04048393837
0.04042120061
0.04036276365
0.04032217215
0.04032688574
0.04042579812
0.04071888337
0.0414348464
0.04385526329
0.05309673456
0.0001884195199
1.595947629e-05
1.591644534e-05
1.591643764e-05
1.591643764e-05
1.591643764e-05
1.591643764e-05
1.591643764e-05
1.591643764e-05
1.591643764e-05
1.591643764e-05
1.591643764e-05
1.591643764e-05
1.591643764e-05
1.591643764e-05
1.591643764e-05
1.591643764e-05
1.591643764e-05
1.591643764e-05
1.591643764e-05
1.591643764e-05
1.591643764e-05
1.591643764e-05
1.591643764e-05
1.591643764e-05
1.591643764e-05
1.591643764e-05
1.591643764e-05
1.591643764e-05
1.591643764e-05
1.591643764e-05
1.591643764e-05
0.04751115397
0.04747690881
0.04748670954
0.04749204972
0.04749349528
0.04749095291
0.0474877618
0.04747979158
0.04746722452
0.04745131981
0.04743326268
0.0474115238
0.04738875815
0.04736142654
0.04733471907
0.04730415776
0.04727151714
0.047236894
0.0472006599
0.04716282461
0.04712331673
0.04708194978
0.04703836423
0.0469919653
0.04694183149
0.04688659952
0.04682432793
0.0467523579
0.04666719957
0.0465644909
0.04643908327
0.04628531706
0.04609782942
0.04587054981
0.04560233446
0.04529216753
0.04494175015
0.04455839459
0.04415151414
0.04373308811
0.04331605705
0.04291319264
0.04253575544
0.04219675554
0.04189192295
0.04162838835
0.04140466287
0.04121812805
0.04106378856
0.04095319108
0.04084692638
0.04076998059
0.04069837351
0.04064051156
0.04058245166
0.0405247292
0.0404678737
0.04040342728
0.04034092856
0.04029273511
0.04028545713
0.04036769873
0.04064128181
0.04134052719
0.04365490284
0.0527039038
0.0001959077687
1.596218119e-05
1.591644589e-05
1.591643764e-05
1.591643764e-05
1.591643764e-05
1.591643764e-05
1.591643764e-05
1.591643764e-05
1.591643764e-05
1.591643764e-05
1.591643764e-05
1.591643764e-05
1.591643764e-05
1.591643764e-05
1.591643764e-05
1.591643764e-05
1.591643764e-05
1.591643764e-05
1.591643764e-05
1.591643764e-05
1.591643764e-05
1.591643764e-05
1.591643764e-05
1.591643764e-05
1.591643764e-05
1.591643764e-05
1.591643764e-05
1.591643764e-05
1.591643764e-05
1.591643764e-05
1.591643764e-05
0.04750058035
0.04746572199
0.04747533002
0.04748045913
0.047481875
0.04748022861
0.04747557917
0.04746755407
0.04745531538
0.04744016161
0.0474216654
0.04739971615
0.04737355225
0.04734775685
0.04731995819
0.0472892332
0.04725651132
0.04722226618
0.04718592546
0.04714789187
0.0471081822
0.04706662827
0.04702288754
0.0469763726
0.04692617343
0.04687094499
0.04680877539
0.0467370443
0.04665230597
0.04655024499
0.04642575387
0.04627317436
0.04608694068
0.04586171955
0.04559522563
0.04528603956
0.04493780522
0.04455566985
0.04414968899
0.04373166364
0.04331452899
0.04291107544
0.04253259708
0.04219221047
0.04188574538
0.04162045952
0.04139489812
0.04120672136
0.04105073008
0.04093895561
0.04083020767
0.04075273612
0.04068111954
0.04062356081
0.0405674765
0.0405089434
0.04045206716
0.04038671058
0.04032031261
0.04026469414
0.04024549597
0.04031079128
0.04056336301
0.04124484617
0.043454509
0.05228524709
0.000201529484
1.596430584e-05
1.591644634e-05
1.591643764e-05
1.591643764e-05
1.591643764e-05
1.591643764e-05
1.591643764e-05
1.591643764e-05
1.591643764e-05
1.591643764e-05
1.591643764e-05
1.591643764e-05
1.591643764e-05
1.591643764e-05
1.591643764e-05
1.591643764e-05
1.591643764e-05
1.591643764e-05
1.591643764e-05
1.591643764e-05
1.591643764e-05
1.591643764e-05
1.591643764e-05
1.591643764e-05
1.591643764e-05
1.591643764e-05
1.591643764e-05
1.591643764e-05
1.591643764e-05
1.591643764e-05
1.591643764e-05
0.0474895182
0.04745408286
0.04746347783
0.04746839893
0.0474699822
0.04746864212
0.04746310198
0.04745469435
0.04744246437
0.04742742479
0.04740701281
0.04738611989
0.04736072307
0.04733278823
0.04730234994
0.04727130679
0.04723871494
0.04720637535
0.04717012285
0.04713205068
0.0470922245
0.04705053428
0.04700664454
0.04695999843
0.04690971154
0.04685446769
0.04679238482
0.04672087662
0.04663653844
0.04653509932
0.04641148532
0.04626005281
0.04607516173
0.04585160072
0.04558633693
0.04527913087
0.04493280216
0.04455186157
0.04414677047
0.04372918178
0.04331201058
0.04290805332
0.04252869199
0.04218697763
0.04187901019
0.04161191803
0.04138472745
0.04119484839
0.041037232
0.04092399189
0.04081451757
0.04073589272
0.04066245706
0.04060447405
0.04054958493
0.04049170366
0.04043448702
0.04036920096
0.04029955429
0.04023730874
0.04020669073
0.04025522411
0.04048600006
0.0411470344
0.04326621385
0.05183894825
0.0002058692084
1.596599756e-05
1.591644672e-05
1.591643764e-05
1.591643764e-05
1.591643764e-05
1.591643764e-05
1.591643764e-05
1.591643764e-05
1.591643764e-05
1.591643763e-05
1.591643763e-05
1.591643763e-05
1.591643764e-05
1.591643764e-05
1.591643764e-05
1.591643764e-05
1.591643764e-05
1.591643764e-05
1.591643764e-05
1.591643764e-05
1.591643764e-05
1.591643764e-05
1.591643764e-05
1.591643764e-05
1.591643764e-05
1.591643764e-05
1.591643764e-05
1.591643764e-05
1.591643764e-05
1.591643764e-05
1.591643764e-05
0.04747790455
0.04744188095
0.04745107029
0.04745587386
0.04745745078
0.04745592938
0.04745007325
0.04744133417
0.04742910322
0.04741341971
0.04739380894
0.04737171995
0.04734660524
0.04731926764
0.04728878501
0.04725678198
0.04722352603
0.04718961918
0.04715372083
0.0471154554
0.04707538324
0.04703345314
0.0469894038
0.04694265391
0.04689232087
0.0468370962
0.04677511414
0.04670381497
0.04661983578
0.04651893945
0.04639608893
0.04624561177
0.0460614322
0.04584037454
0.04557653008
0.04527141911
0.04492590333
0.04454702836
0.04414272379
0.0437255835
0.04330842711
0.04290405699
0.04252346862
0.0421806123
0.04187140924
0.04160254536
0.04137353979
0.04118146704
0.04102071674
0.04090577309
0.04079951966
0.04071906032
0.04064428276
0.04058695992
0.04053265983
0.04047361044
0.04041569387
0.04035068774
0.04027816904
0.04020992927
0.04016814131
0.04019909404
0.04040681721
0.04104851936
0.04309443387
0.05127781261
0.000209315897
1.596735985e-05
1.591644703e-05
1.591643764e-05
1.591643764e-05
1.591643764e-05
1.591643764e-05
1.591643764e-05
1.591643764e-05
1.591643764e-05
1.591643763e-05
1.591643764e-05
1.591643764e-05
1.591643764e-05
1.591643764e-05
1.591643764e-05
1.591643764e-05
1.591643764e-05
1.591643764e-05
1.591643764e-05
1.591643764e-05
1.591643764e-05
1.591643764e-05
1.591643764e-05
1.591643764e-05
1.591643764e-05
1.591643764e-05
1.591643764e-05
1.591643764e-05
1.591643764e-05
1.591643764e-05
1.591643764e-05
0.04746565614
0.04742900404
0.0474379854
0.04744266388
0.04744408477
0.04744203063
0.04743615185
0.04742699725
0.04741378567
0.04739709412
0.04737793223
0.04735448407
0.04732951772
0.04730320291
0.04727270022
0.04723888609
0.04720552343
0.0471696876
0.04713553609
0.04709752051
0.04705748832
0.04701555359
0.04697135499
0.04692445496
0.04687400757
0.04681873211
0.04675680703
0.04668572919
0.04660213493
0.0465017992
0.04637955198
0.04622961043
0.04604588463
0.04582795303
0.04556577329
0.04526214978
0.04491812133
0.04454037262
0.04413758042
0.04372094194
0.04330384535
0.04289890906
0.04251751293
0.04217346811
0.04186281188
0.04159257587
0.0413623957
0.04117027542
0.04100871198
0.04088838
0.0407853472
0.04070205081
0.0406256328
0.04056733232
0.04051399943
0.04045490337
0.04039637821
0.04033135155
0.04025681709
0.04018386956
0.04013276928
0.04014698203
0.04032840451
0.04094229437
0.04293408478
0.05082295905
0.0002117280155
1.596838722e-05
1.591644728e-05
1.591643764e-05
1.591643764e-05
1.591643764e-05
1.591643764e-05
1.591643764e-05
1.591643764e-05
1.591643764e-05
1.591643764e-05
1.591643764e-05
1.591643764e-05
1.591643764e-05
1.591643764e-05
1.591643764e-05
1.591643764e-05
1.591643764e-05
1.591643764e-05
1.591643764e-05
1.591643764e-05
1.591643764e-05
1.591643764e-05
1.591643764e-05
1.591643764e-05
1.591643764e-05
1.591643764e-05
1.591643764e-05
1.591643764e-05
1.591643764e-05
1.591643764e-05
1.591643764e-05
0.0474526698
0.0474153163
0.04742404778
0.04742852229
0.04742966629
0.04742716888
0.04742091946
0.04741084664
0.04739555598
0.04737857267
0.04735925296
0.0473356644
0.04731065071
0.04728435104
0.04725502003
0.04722281077
0.04718883755
0.04715286217
0.04711606963
0.04707808146
0.04703792942
0.04699590165
0.04695166816
0.04690477626
0.04685438529
0.04679923388
0.04673749738
0.04666653589
0.04658316944
0.04648315631
0.04636140257
0.04621213529
0.04603168727
0.04581432688
0.04555345082
0.04525096162
0.04490915597
0.04453224397
0.04413023322
0.04371446149
0.043297405
0.04289218888
0.04251031194
0.04216513803
0.04185298325
0.04158170816
0.04135023495
0.04115636559
0.04099407648
0.04087122789
0.04076957292
0.04068349783
0.04060847859
0.04054805912
0.04049413487
0.04043471305
0.04037459001
0.04031050203
0.04023455399
0.0401581157
0.04009974276
0.04009984896
0.04025727829
0.04084173126
0.04278411743
0.05051229903
0.0002135334846
1.59691953e-05
1.591644751e-05
1.591643764e-05
1.591643764e-05
1.591643764e-05
1.591643764e-05
1.591643764e-05
1.591643764e-05
1.591643764e-05
1.591643764e-05
1.591643764e-05
1.591643764e-05
1.591643764e-05
1.591643764e-05
1.591643764e-05
1.591643764e-05
1.591643764e-05
1.591643764e-05
1.591643764e-05
1.591643764e-05
1.591643764e-05
1.591643764e-05
1.591643764e-05
1.591643764e-05
1.591643764e-05
1.591643764e-05
1.591643764e-05
1.591643764e-05
1.591643764e-05
1.591643764e-05
1.591643764e-05
0.04743883927
0.04740068542
0.04740911656
0.04741330339
0.04741409897
0.04741122073
0.04740462676
0.04739423531
0.04738000102
0.04736306098
0.04734353901
0.04731976452
0.04729411877
0.04726415604
0.04723497041
0.04720338564
0.04716776326
0.04713150569
0.04709352457
0.04705639007
0.04701616788
0.04697401619
0.04692970767
0.04688277443
0.04683240685
0.04677741084
0.04671647637
0.04664499754
0.04656185189
0.04646226005
0.04634123259
0.04619283512
0.04601570489
0.04579850941
0.04553933643
0.04523851836
0.04489801187
0.04452291936
0.04412173448
0.04370644623
0.0432897701
0.0428844845
0.04250172519
0.04215562567
0.04184218657
0.04156973118
0.04133690117
0.04114149772
0.04097841575
0.04085345775
0.04075148802
0.04066384077
0.04059007223
0.04052755781
0.04047279039
0.04041307665
0.04035321335
0.04028861904
0.04021250888
0.04013264612
0.04006752273
0.04005439526
0.04018851177
0.04074480058
0.04263269092
0.0500924199
0.0002149214026
1.59698585e-05
1.591644773e-05
1.591643764e-05
1.591643764e-05
1.591643764e-05
1.591643764e-05
1.591643764e-05
1.591643764e-05
1.591643764e-05
1.591643764e-05
1.591643764e-05
1.591643764e-05
1.591643763e-05
1.591643764e-05
1.591643764e-05
1.591643764e-05
1.591643764e-05
1.591643764e-05
1.591643764e-05
1.591643764e-05
1.591643764e-05
1.591643764e-05
1.591643764e-05
1.591643764e-05
1.591643764e-05
1.591643764e-05
1.591643764e-05
1.591643764e-05
1.591643764e-05
1.591643764e-05
1.591643764e-05
0.04742404462
0.04738496868
0.04739304551
0.04739688005
0.04739729429
0.0473940709
0.04738720663
0.04737662249
0.04736295729
0.04734577108
0.04732575835
0.04730182758
0.0472753809
0.04724565333
0.04721260062
0.04718085751
0.04714886505
0.04711274322
0.04707427475
0.0470326146
0.0469915607
0.04694888138
0.04690426742
0.04685715322
0.04680679151
0.04675219583
0.04669334135
0.04661995784
0.04653704755
0.04643819952
0.04631881736
0.04617521452
0.04599822993
0.04578162538
0.04552409847
0.045224678
0.04488512696
0.04451142948
0.0441118327
0.04369721408
0.04328077364
0.04287489682
0.04249190201
0.04214516203
0.04183054602
0.04155698773
0.04132316584
0.04112721899
0.04096521614
0.04083626348
0.0407336114
0.04064463548
0.0405709474
0.04050693724
0.04045101556
0.04039059163
0.04032905743
0.04026382151
0.04018933144
0.04010703586
0.04003640915
0.04001181721
0.0401245443
0.04065229889
0.04249087764
0.04960445827
0.0002159376255
1.597044636e-05
1.591644799e-05
1.591643764e-05
1.591643764e-05
1.591643764e-05
1.591643764e-05
1.591643764e-05
1.591643763e-05
1.591643764e-05
1.591643764e-05
1.591643764e-05
1.591643763e-05
1.591643763e-05
1.591643764e-05
1.591643764e-05
1.591643764e-05
1.591643764e-05
1.591643764e-05
1.591643764e-05
1.591643764e-05
1.591643764e-05
1.591643764e-05
1.591643764e-05
1.591643764e-05
1.591643764e-05
1.591643764e-05
1.591643764e-05
1.591643764e-05
1.591643764e-05
1.591643764e-05
1.591643764e-05
0.04740816876
0.0473680496
0.04737573284
0.04737916741
0.04737916365
0.04737554235
0.04736835673
0.04735744516
0.04734397127
0.04732667048
0.04730576063
0.04728162432
0.04725402755
0.04722550087
0.0471929508
0.04716097439
0.04712798191
0.04709090603
0.04705225264
0.04701183288
0.04697091436
0.0469282947
0.04688373695
0.04683668178
0.04678634033
0.04673152112
0.04666934819
0.04659951949
0.04651721449
0.04641880263
0.04629986582
0.04615616173
0.04597869599
0.04576341472
0.0455072299
0.04520862605
0.04487065553
0.04449783725
0.04409900968
0.04368528824
0.04326923889
0.04286376238
0.04248032616
0.04213316061
0.04181766318
0.04154291493
0.04130806723
0.04111118529
0.04094792766
0.04081657456
0.04071457825
0.04062447037
0.04055075152
0.04048543817
0.04042843184
0.04036741268
0.04030442442
0.0402381538
0.04016402583
0.04008138558
0.04000659844
0.0399731727
0.04006701861
0.04056505583
0.04235979882
0.04935188575
0.0002167131151
1.597112126e-05
1.591644846e-05
1.591643764e-05
1.591643764e-05
1.591643764e-05
1.591643764e-05
1.591643764e-05
1.591643764e-05
1.591643764e-05
1.591643764e-05
1.591643764e-05
1.591643764e-05
1.591643764e-05
1.591643764e-05
1.591643764e-05
1.591643764e-05
1.591643764e-05
1.591643764e-05
1.591643764e-05
1.591643764e-05
1.591643764e-05
1.591643764e-05
1.591643764e-05
1.591643764e-05
1.591643764e-05
1.591643764e-05
1.591643764e-05
1.591643764e-05
1.591643764e-05
1.591643764e-05
1.591643764e-05
0.04739107177
0.04734974862
0.04735697563
0.04735996337
0.04735952996
0.04735554757
0.04734795444
0.04733676921
0.04732245443
0.04730526011
0.04728355491
0.04725900393
0.04723121825
0.04720288656
0.04717087258
0.04713841019
0.04710311464
0.04706315465
0.04702440233
0.04698699511
0.04694588402
0.04690293586
0.04685801817
0.04681083116
0.04676018598
0.04670491639
0.04664076734
0.04657347444
0.0464917978
0.04639402512
0.04627605721
0.04613275654
0.0459549799
0.04574247297
0.0454882691
0.04519077862
0.04485383332
0.04448255172
0.0440847911
0.04367187798
0.04325641204
0.04285093727
0.04246735081
0.04211919167
0.04180341874
0.04152739873
0.04129138178
0.04109317187
0.04092843757
0.04079532097
0.04069214757
0.0406024709
0.0405290244
0.04046265002
0.04040470821
0.04034313972
0.04027877482
0.04021049284
0.04013715682
0.04005406816
0.03997799346
0.0399375929
0.04001468553
0.04048252313
0.04222207786
0.04902734833
0.0002173828872
1.597230094e-05
1.591644951e-05
1.591643764e-05
1.591643764e-05
1.591643764e-05
1.591643764e-05
1.591643764e-05
1.591643764e-05
1.591643764e-05
1.591643764e-05
1.591643764e-05
1.591643764e-05
1.591643764e-05
1.591643764e-05
1.591643764e-05
1.591643764e-05
1.591643764e-05
1.591643764e-05
1.591643764e-05
1.591643764e-05
1.591643764e-05
1.591643764e-05
1.591643764e-05
1.591643764e-05
1.591643764e-05
1.591643764e-05
1.591643764e-05
1.591643764e-05
1.591643764e-05
1.591643764e-05
1.591643764e-05
0.04737262397
0.04732994455
0.04733671311
0.0473392498
0.04733835889
0.04733376334
0.04732573713
0.04731331433
0.04729677408
0.04728136916
0.04725964218
0.04723465721
0.04720491637
0.04717788449
0.04714654838
0.04711310338
0.04707418604
0.04703807789
0.04699924902
0.04695713423
0.04691481047
0.04687169284
0.04682694287
0.04677976763
0.04672957774
0.04667478619
0.04661525476
0.0465442818
0.04646252306
0.0463652577
0.04624763956
0.04610496358
0.04592798284
0.0457183449
0.04546708262
0.04517109044
0.04483507211
0.04446474652
0.04406819809
0.0436561633
0.04324113392
0.04283613435
0.04245264315
0.04210339005
0.04178758436
0.04151046019
0.0412735682
0.04107474444
0.04091090082
0.04077255022
0.04067252153
0.04058102947
0.04050747122
0.04043993577
0.04038107149
0.04031879965
0.04025301015
0.04018195544
0.04010760737
0.04002523919
0.03994874204
0.0399042161
0.03996763715
0.04040605263
0.04209724341
0.04866467362
0.0002182542703
1.597524447e-05
1.591645224e-05
1.591643764e-05
1.591643764e-05
1.591643764e-05
1.591643764e-05
1.591643764e-05
1.591643764e-05
1.591643764e-05
1.591643764e-05
1.591643764e-05
1.591643764e-05
1.591643764e-05
1.591643764e-05
1.591643764e-05
1.591643764e-05
1.591643764e-05
1.591643764e-05
1.591643764e-05
1.591643764e-05
1.591643764e-05
1.591643764e-05
1.591643764e-05
1.591643764e-05
1.591643764e-05
1.591643764e-05
1.591643764e-05
1.591643764e-05
1.591643764e-05
1.591643764e-05
1.591643764e-05
0.04735255507
0.0473080911
0.04731427639
0.04731626269
0.04731480912
0.0473093055
0.04730110757
0.04728641498
0.04727274802
0.04725528543
0.04723414784
0.0472090255
0.04718030892
0.04715153075
0.04711979429
0.04708498827
0.04704663081
0.04701091997
0.04697183366
0.0469301292
0.04688806116
0.04684512082
0.04680044233
0.04675343015
0.04670320547
0.04664834429
0.04658748672
0.04651764998
0.04643632803
0.04633930294
0.04622176328
0.04607520865
0.04590294981
0.04569016717
0.04544246241
0.04514909874
0.04481430324
0.04444498643
0.04404937409
0.04363825362
0.04322406065
0.04281958994
0.04243559647
0.04208606468
0.04176992046
0.04149209855
0.04125460818
0.0410552131
0.04088982724
0.04075286308
0.04065175876
0.04055814434
0.04048428959
0.04041564037
0.04035602892
0.04029312991
0.04022587803
0.0401525686
0.04007614503
0.03999375084
0.03991769799
0.03987226073
0.03992458401
0.04033521784
0.04197676361
0.04836807962
0.0002203705299
1.598374575e-05
1.591645947e-05
1.591643765e-05
1.591643764e-05
1.591643764e-05
1.591643764e-05
1.591643764e-05
1.591643764e-05
1.591643764e-05
1.591643764e-05
1.591643764e-05
1.591643764e-05
1.591643764e-05
1.591643764e-05
1.591643764e-05
1.591643764e-05
1.591643764e-05
1.591643764e-05
1.591643764e-05
1.591643764e-05
1.591643764e-05
1.591643764e-05
1.591643764e-05
1.591643764e-05
1.591643764e-05
1.591643764e-05
1.591643764e-05
1.591643764e-05
1.591643764e-05
1.591643764e-05
1.591643764e-05
0.0473305699
0.0472837685
0.04728915238
0.04729044423
0.04728826178
0.04728110014
0.04727432557
0.04726083929
0.04724566574
0.04722493518
0.04720586279
0.04718058866
0.04715273596
0.04712256984
0.04708991575
0.04705395458
0.04701449061
0.046980049
0.04694059985
0.04689952833
0.0468576511
0.04681458917
0.04676977661
0.04672265114
0.04667218476
0.04661672139
0.04655181734
0.0464847963
0.04640379183
0.04630722994
0.04619036903
0.04604659849
0.04587441702
0.04566307356
0.045411934
0.04512351841
0.04479073924
0.04442274138
0.04402824028
0.04361813045
0.04320472052
0.04280033009
0.04241547896
0.04206656082
0.0417499673
0.04147165512
0.04123343608
0.04103286108
0.04086539682
0.04072918622
0.04063011125
0.04053496482
0.04046138873
0.04039194122
0.04033180465
0.04026839472
0.04019935672
0.04012376044
0.04004460438
0.03996013196
0.03988270157
0.039837007
0.03988393071
0.04027098372
0.0418560569
0.04803024908
0.0002271946923
1.600915385e-05
1.59164784e-05
1.591643766e-05
1.591643764e-05
1.591643764e-05
1.591643764e-05
1.591643764e-05
1.591643764e-05
1.591643764e-05
1.591643764e-05
1.591643764e-05
1.591643764e-05
1.591643764e-05
1.591643764e-05
1.591643764e-05
1.591643764e-05
1.591643764e-05
1.591643764e-05
1.591643764e-05
1.591643764e-05
1.591643764e-05
1.591643764e-05
1.591643764e-05
1.591643764e-05
1.591643764e-05
1.591643764e-05
1.591643764e-05
1.591643764e-05
1.591643764e-05
1.591643764e-05
1.591643764e-05
0.04730622103
0.04725584655
0.04725997449
0.04726040473
0.04725779357
0.04725369537
0.04724494473
0.04723254298
0.04721599142
0.04719613391
0.04717505877
0.04714882032
0.04712129086
0.04709033648
0.04705618225
0.04702063064
0.04698255649
0.04694594388
0.04690613932
0.04686558461
0.046823712
0.04678037182
0.04673534438
0.04668791212
0.0466370861
0.04658098136
0.04651730143
0.04644432864
0.04636327588
0.04626725445
0.04615130499
0.04601290427
0.04584026448
0.04563189148
0.04538253958
0.04509337272
0.0447634271
0.04439724822
0.04400400809
0.04359479786
0.04318182301
0.04277671974
0.04239274899
0.04204479482
0.04172772238
0.04144926667
0.04121088026
0.04101057141
0.0408454471
0.04070806486
0.04060646751
0.04051033393
0.04043674052
0.04036641986
0.04030592757
0.0402425123
0.04017178068
0.0400942562
0.04001185669
0.03992545505
0.03984513426
0.03979946675
0.03984422799
0.04021293639
0.04175204188
0.04780039358
0.000250629895
1.608469068e-05
1.59165261e-05
1.591643768e-05
1.591643764e-05
1.591643764e-05
1.591643764e-05
1.591643764e-05
1.591643764e-05
1.591643764e-05
1.591643764e-05
1.591643764e-05
1.591643764e-05
1.591643764e-05
1.591643764e-05
1.591643764e-05
1.591643764e-05
1.591643764e-05
1.591643764e-05
1.591643764e-05
1.591643764e-05
1.591643764e-05
1.591643764e-05
1.591643764e-05
1.591643764e-05
1.591643764e-05
1.591643764e-05
1.591643764e-05
1.591643764e-05
1.591643764e-05
1.591643764e-05
1.591643764e-05
0.04728043966
0.04722878918
0.04723269145
0.04723250111
0.04722896082
0.0472233698
0.04721123424
0.04720022679
0.0471847856
0.04716420984
0.04714004215
0.04711189812
0.04708578687
0.04705396351
0.04701617798
0.04698260622
0.04694586831
0.04690845707
0.04686853451
0.04682766142
0.04678585222
0.04674196273
0.0466963593
0.04664839801
0.04659699188
0.04654089761
0.04647952862
0.04640847932
0.04632823887
0.04623270267
0.04611667299
0.04597232095
0.0457996317
0.0455946375
0.04534750572
0.04505650834
0.04473058858
0.04436763606
0.04397565155
0.04356683673
0.04315356106
0.04274975529
0.04236740559
0.0420204179
0.04170282186
0.04142434819
0.04118594319
0.04098566452
0.04081970228
0.0406797838
0.04058027402
0.040483268
0.04041020887
0.0403390357
0.04027835194
0.04021508073
0.04014281569
0.04006367594
0.03997769683
0.03988929161
0.03980549229
0.0397575376
0.03980185601
0.04015877286
0.0416530535
0.04755949134
0.0003285795931
1.63025406e-05
1.5916639e-05
1.591643772e-05
1.591643764e-05
1.591643764e-05
1.591643764e-05
1.591643764e-05
1.591643764e-05
1.591643764e-05
1.591643763e-05
1.591643764e-05
1.591643764e-05
1.591643764e-05
1.591643764e-05
1.591643764e-05
1.591643764e-05
1.591643764e-05
1.591643764e-05
1.591643764e-05
1.591643764e-05
1.591643764e-05
1.591643764e-05
1.591643764e-05
1.591643764e-05
1.591643764e-05
1.591643764e-05
1.591643764e-05
1.591643764e-05
1.591643764e-05
1.591643764e-05
1.591643764e-05
0.04725244025
0.04719882181
0.04720191779
0.04720091723
0.04719642691
0.04718915675
0.04717878118
0.04716642231
0.047149912
0.04712741492
0.04709981141
0.04707489492
0.04704665751
0.04701439781
0.04697761017
0.04693874397
0.04690538448
0.04686609262
0.04682690376
0.0467845905
0.04674330584
0.04669920411
0.04665324955
0.04660498936
0.04655347938
0.04649782273
0.04643730268
0.04636820491
0.04628834637
0.0461931081
0.0460775044
0.04593460053
0.0457624373
0.04555169245
0.04530575102
0.04502134221
0.04469258247
0.04433287375
0.04394171392
0.04353366489
0.04312235629
0.04272053016
0.04234461463
0.04199341475
0.04167558375
0.04139720677
0.04115861166
0.04095750843
0.04078913635
0.04065439248
0.04055162215
0.04045383841
0.04038197538
0.04031147064
0.04025110485
0.04018835292
0.04011455837
0.04003378905
0.03994404348
0.03985275301
0.03976497275
0.03971378895
0.03975662856
0.04010739458
0.04156850952
0.04730938689
0.0005737411445
1.689719117e-05
1.59168816e-05
1.591643779e-05
1.591643764e-05
1.591643764e-05
1.591643764e-05
1.591643764e-05
1.591643764e-05
1.591643764e-05
1.591643764e-05
1.591643764e-05
1.591643764e-05
1.591643764e-05
1.591643764e-05
1.591643764e-05
1.591643764e-05
1.591643764e-05
1.591643764e-05
1.591643764e-05
1.591643764e-05
1.591643764e-05
1.591643764e-05
1.591643764e-05
1.591643764e-05
1.591643764e-05
1.591643764e-05
1.591643764e-05
1.591643764e-05
1.591643764e-05
1.591643764e-05
1.591643764e-05
0.04722196304
0.04716647827
0.04716708206
0.04716534853
0.04716264574
0.04715460598
0.04714177486
0.0471280293
0.04710945732
0.04708608769
0.04706115808
0.04703248911
0.04700134388
0.0469703753
0.04693357669
0.04689609922
0.04685997637
0.04681588325
0.0467795417
0.04673344299
0.04669603365
0.04665208888
0.04660605575
0.04655753485
0.04650611114
0.04645088937
0.04639075017
0.0463231029
0.04624338826
0.04614821163
0.04603285995
0.04589196154
0.04572062441
0.04551195852
0.04526688176
0.04498216489
0.04465513605
0.04429270407
0.04390307964
0.04349737026
0.04308808835
0.0426882973
0.04231401874
0.04196291706
0.04164536619
0.04136740015
0.04112919673
0.04092877459
0.04076302785
0.04062353156
0.04051814325
0.04042764081
0.040349488
0.04027825046
0.040220479
0.04015888847
0.0400844085
0.04000256055
0.03990970491
0.0398149755
0.0397231172
0.03966791283
0.03970780637
0.04005446384
0.04149335347
0.04710319484
0.001331140218
1.833771432e-05
1.591733006e-05
1.591643791e-05
1.591643763e-05
1.591643764e-05
1.591643764e-05
1.591643764e-05
1.591643764e-05
1.591643764e-05
1.591643764e-05
1.591643764e-05
1.591643764e-05
1.591643764e-05
1.591643764e-05
1.591643764e-05
1.591643764e-05
1.591643764e-05
1.591643764e-05
1.591643764e-05
1.591643764e-05
1.591643764e-05
1.591643764e-05
1.591643764e-05
1.591643764e-05
1.591643764e-05
1.591643764e-05
1.591643764e-05
1.591643764e-05
1.591643764e-05
1.591643764e-05
1.591643764e-05
0.04718842564
0.04712972948
0.04713183281
0.04712853472
0.0471231082
0.04711384618
0.04709898693
0.0470833762
0.04706402992
0.04704311932
0.04701647247
0.04698529481
0.04695521214
0.04692157373
0.04688371597
0.04684631731
0.04680730706
0.04676756648
0.04672909021
0.04668520504
0.04664376103
0.04660102532
0.04655473294
0.04650641868
0.0464549382
0.04639975104
0.04633976756
0.04627229008
0.04619235463
0.04609743787
0.04598146851
0.04584342856
0.04567262496
0.04546599999
0.04521940696
0.04493354082
0.04460788947
0.04424694467
0.04386008834
0.04345678576
0.04305007914
0.04265252557
0.04227969901
0.04192835811
0.04161173747
0.04133443483
0.04109679237
0.040897069
0.04073238662
0.04059620446
0.04048716154
0.04039792893
0.04032035496
0.04025160788
0.04019130235
0.04012952235
0.04005395898
0.03997107023
0.03987542853
0.03977706298
0.03968096945
0.03962124353
0.03965800068
0.03999862377
0.04142371501
0.04691445511
0.003547457338
2.10277769e-05
1.591799496e-05
1.591643807e-05
1.591643764e-05
1.591643764e-05
1.591643764e-05
1.591643764e-05
1.591643764e-05
1.591643764e-05
1.591643764e-05
1.591643764e-05
1.591643764e-05
1.591643764e-05
1.591643764e-05
1.591643764e-05
1.591643764e-05
1.591643764e-05
1.591643764e-05
1.591643764e-05
1.591643764e-05
1.591643764e-05
1.591643764e-05
1.591643764e-05
1.591643764e-05
1.591643764e-05
1.591643764e-05
1.591643764e-05
1.591643764e-05
1.591643764e-05
1.591643764e-05
1.591643764e-05
0.0471510176
0.04708762484
0.0470893567
0.04708483102
0.04707797215
0.04706797811
0.04705525767
0.04703738362
0.04701604974
0.04699426269
0.0469663613
0.04693478117
0.04690200267
0.04686682155
0.04683131128
0.04679146083
0.04675383159
0.04671218537
0.0466722858
0.04662868415
0.04658087422
0.04654336977
0.04649604476
0.04644903619
0.04639672505
0.04634358411
0.04628366823
0.04621587832
0.0461357758
0.04603960136
0.04591882871
0.04578762217
0.04561798259
0.04541338742
0.04516309088
0.04487917021
0.04455587163
0.04419760068
0.04381343285
0.0434129539
0.04300864657
0.04261312955
0.04224107739
0.04188997448
0.04157441578
0.04129805813
0.0410613962
0.04086269717
0.04069816582
0.04056152911
0.04044684559
0.04035800892
0.04028152931
0.0402148869
0.04015509234
0.04009524633
0.04002079312
0.03993741781
0.03983978917
0.03973821292
0.03963849353
0.03957435265
0.03960801079
0.03994280907
0.04135885475
0.04675678194
0.006428322927
2.444336386e-05
1.591877211e-05
1.591643825e-05
1.591643764e-05
1.591643764e-05
1.591643764e-05
1.591643764e-05
1.591643764e-05
1.591643764e-05
1.591643764e-05
1.591643764e-05
1.591643764e-05
1.591643764e-05
1.591643764e-05
1.591643764e-05
1.591643764e-05
1.591643764e-05
1.591643764e-05
1.591643764e-05
1.591643764e-05
1.591643764e-05
1.591643764e-05
1.591643764e-05
1.591643764e-05
1.591643764e-05
1.591643764e-05
1.591643764e-05
1.591643764e-05
1.591643764e-05
1.591643764e-05
1.591643764e-05
0.04710982277
0.04704301521
0.04704140783
0.04703463304
0.04702555554
0.0470143761
0.04700276325
0.04698367079
0.04696064552
0.04693805824
0.0469080057
0.04687728338
0.04684145422
0.04680407961
0.0467709519
0.04673245993
0.04669197124
0.04664915618
0.04660785409
0.04656575273
0.04652106043
0.04647967596
0.04642660512
0.04638315406
0.04632771978
0.04628126281
0.04622239811
0.04615450159
0.04607461728
0.04597898099
0.04586302679
0.04572922482
0.04555975162
0.04535544013
0.04511084954
0.04482175435
0.04450042677
0.04414488139
0.04376340876
0.04336537597
0.04296369133
0.04256972467
0.04219779584
0.04184796683
0.04153377601
0.04125851964
0.04102252511
0.04082351234
0.04065677899
0.04052131656
0.04041371602
0.04032715012
0.04024689217
0.04018009215
0.04011737542
0.04005884051
0.03998556297
0.03990215687
0.03980336743
0.03969865341
0.03959553032
0.03952673873
0.03955747342
0.03988939098
0.04129865248
0.04661312997
0.009077224348
2.798403215e-05
1.591956996e-05
1.591643844e-05
1.591643764e-05
1.591643764e-05
1.591643764e-05
1.591643764e-05
1.591643764e-05
1.591643764e-05
1.591643764e-05
1.591643764e-05
1.591643764e-05
1.591643764e-05
1.591643764e-05
1.591643764e-05
1.591643764e-05
1.591643764e-05
1.591643764e-05
1.591643764e-05
1.591643764e-05
1.591643764e-05
1.591643764e-05
1.591643764e-05
1.591643764e-05
1.591643764e-05
1.591643764e-05
1.591643764e-05
1.591643764e-05
1.591643764e-05
1.591643764e-05
1.591643764e-05
0.04706359051
0.04699094321
0.04698659788
0.04698346039
0.04697361778
0.0469608612
0.04694370115
0.04692225499
0.04690132373
0.04687355267
0.04684152198
0.04681050441
0.04677615802
0.04673967104
0.0467026956
0.04666424538
0.04662194904
0.04658192805
0.04653251437
0.04649265032
0.04645201173
0.04641023997
0.04636011254
0.04630789361
0.0462632101
0.04621483663
0.04615438313
0.04608853962
0.04600914298
0.04591442519
0.04580153798
0.04566315795
0.04549634003
0.04529311406
0.04505195806
0.04476613335
0.04444328566
0.04408661232
0.04370871318
0.04331360193
0.04291391783
0.04252102933
0.04214963141
0.04180170207
0.04148927252
0.04121564289
0.04098123741
0.04078420679
0.04062174506
0.04048761829
0.04037453632
0.0402888297
0.04021669497
0.04015137109
0.04008690971
0.04002711258
0.03995419219
0.03986924074
0.03976826261
0.03965956075
0.03955291542
0.03947910719
0.0395054547
0.03983894229
0.04124757653
0.04651089451
0.01123652027
3.126857965e-05
1.592032946e-05
1.591643862e-05
1.591643764e-05
1.591643764e-05
1.591643764e-05
1.591643764e-05
1.591643764e-05
1.591643764e-05
1.591643764e-05
1.591643764e-05
1.591643764e-05
1.591643764e-05
1.591643764e-05
1.591643764e-05
1.591643764e-05
1.591643764e-05
1.591643764e-05
1.591643764e-05
1.591643764e-05
1.591643764e-05
1.591643764e-05
1.591643764e-05
1.591643764e-05
1.591643764e-05
1.591643764e-05
1.591643764e-05
1.591643764e-05
1.591643764e-05
1.591643764e-05
1.591643764e-05
0.0470124892
0.04693551224
0.04692957152
0.04692103478
0.04690930612
0.04689463522
0.04687404561
0.04685475248
0.04683146961
0.04679966299
0.04677194936
0.0467433586
0.04670562832
0.04666749611
0.04663051881
0.04658805202
0.04654820024
0.04650573597
0.0464601647
0.04642093288
0.04637654671
0.04633512568
0.04628622249
0.04623788107
0.0461911572
0.04614050602
0.04607359845
0.04601538727
0.04593724874
0.04584357812
0.04573220985
0.04558481979
0.04542594707
0.04522410293
0.0449818516
0.0446969525
0.0443759536
0.04402230463
0.04364788508
0.04325542046
0.04285768003
0.04246551708
0.0420964026
0.04175087787
0.04144059186
0.04116888606
0.04093622665
0.04074083474
0.04057946455
0.04044651106
0.04033685795
0.04025111629
0.04017567004
0.04010818525
0.04004093672
0.03997858392
0.03990822869
0.03982790038
0.03972813627
0.03961715372
0.03950839612
0.03943019084
0.03945134598
0.03979057438
0.04120041958
0.04639705613
0.01296899843
3.416697341e-05
1.59210232e-05
1.591643879e-05
1.591643764e-05
1.591643763e-05
1.591643764e-05
1.591643764e-05
1.591643764e-05
1.591643764e-05
1.591643764e-05
1.591643764e-05
1.591643764e-05
1.591643764e-05
1.591643764e-05
1.591643764e-05
1.591643764e-05
1.591643764e-05
1.591643764e-05
1.591643764e-05
1.591643764e-05
1.591643764e-05
1.591643764e-05
1.591643764e-05
1.591643764e-05
1.591643764e-05
1.591643764e-05
1.591643764e-05
1.591643764e-05
1.591643764e-05
1.591643764e-05
1.591643764e-05
0.04695396943
0.04686782824
0.04685948761
0.04684782951
0.04683450078
0.04681870662
0.04680381023
0.04677735227
0.04675074088
0.04672270358
0.04669120871
0.04666187645
0.04662334357
0.04658323159
0.0465483625
0.04650829083
0.04646283327
0.04641921135
0.04637691818
0.04633912368
0.04629627288
0.04625164625
0.04620216158
0.04615698553
0.04611088231
0.04605821608
0.04599930142
0.0459380792
0.04586070775
0.04576814115
0.04565732385
0.0455140737
0.04535117297
0.04514854031
0.04490416799
0.04462174883
0.04430323127
0.04395366277
0.04358160962
0.04319119347
0.04279463338
0.04240411559
0.04203746291
0.04169433773
0.04138621217
0.04111641692
0.04088542241
0.04069141268
0.04053085539
0.04039851008
0.04028984658
0.0402028271
0.04012640643
0.0400615109
0.03999958413
0.03993928531
0.03987098831
0.03978778394
0.03968779798
0.03957414728
0.03946304095
0.03938073184
0.03939749231
0.03974261407
0.04115927352
0.046333042
0.0142114085
3.653522862e-05
1.592162441e-05
1.591643894e-05
1.591643764e-05
1.591643764e-05
1.591643764e-05
1.591643764e-05
1.591643764e-05
1.591643764e-05
1.591643764e-05
1.591643764e-05
1.591643764e-05
1.591643764e-05
1.591643764e-05
1.591643764e-05
1.591643764e-05
1.591643764e-05
1.591643764e-05
1.591643764e-05
1.591643764e-05
1.591643764e-05
1.591643764e-05
1.591643764e-05
1.591643764e-05
1.591643764e-05
1.591643764e-05
1.591643764e-05
1.591643764e-05
1.591643764e-05
1.591643764e-05
1.591643764e-05
0.04688881533
0.04679711271
0.04678658399
0.04677244885
0.04675661621
0.04673825536
0.04671645104
0.04669533963
0.0466645823
0.04663147895
0.04660168577
0.04656804409
0.04652862494
0.04649610145
0.04645428905
0.04641676725
0.04637308836
0.04633074703
0.04628981615
0.04624681183
0.04620372211
0.04615833095
0.04611540698
0.046068892
0.04602214825
0.04596178513
0.04591413103
0.04585331771
0.0457770343
0.04568518887
0.04557410934
0.04543639277
0.04527037451
0.04506789499
0.04482059759
0.04454134396
0.04422638284
0.04388013344
0.04350971645
0.04312030346
0.04272493851
0.04233747073
0.04197392022
0.04163389751
0.04132876017
0.04106182484
0.04083355567
0.04064208349
0.04048362041
0.04035306451
0.04024619396
0.0401587322
0.04008978618
0.04002531954
0.03995794834
0.03989785169
0.03983097154
0.03974693155
0.039647182
0.03953102012
0.03941727512
0.0393313289
0.03934457023
0.03969479782
0.04112322812
0.04627959075
0.01501145138
3.832356837e-05
1.592211632e-05
1.591643907e-05
1.591643764e-05
1.591643764e-05
1.591643764e-05
1.591643764e-05
1.591643764e-05
1.591643764e-05
1.591643764e-05
1.591643764e-05
1.591643764e-05
1.591643764e-05
1.591643764e-05
1.591643764e-05
1.591643764e-05
1.591643764e-05
1.591643764e-05
1.591643764e-05
1.591643764e-05
1.591643764e-05
1.591643764e-05
1.591643764e-05
1.591643764e-05
1.591643764e-05
1.591643764e-05
1.591643764e-05
1.591643764e-05
1.591643764e-05
1.591643764e-05
1.591643764e-05
0.04681180455
0.04670512106
0.04669030486
0.04667327819
0.04665442697
0.04663383679
0.04661005746
0.04658881772
0.04655784869
0.04653194182
0.04649491833
0.04645734577
0.04642716137
0.04639155722
0.04635195894
0.04631285942
0.04627140912
0.0462302968
0.04619026984
0.04614177995
0.04609938189
0.04605083873
0.04601613109
0.04596963901
0.04592257863
0.04587389105
0.04582429837
0.04576236232
0.0456850386
0.04559658078
0.04548625431
0.04535108201
0.04518125648
0.04497552011
0.04473066599
0.04445456554
0.04414392757
0.04380073646
0.04343060737
0.04304216363
0.04264976693
0.04226519609
0.04190449644
0.04156728137
0.04126475895
0.04100015451
0.04077382552
0.04058382593
0.0404268454
0.04029818514
0.04019376263
0.04010806681
0.04004056084
0.03997803413
0.03991705277
0.03985663261
0.03978890703
0.03970155079
0.03960366364
0.03948654804
0.03936999355
0.03928032785
0.03929054451
0.03964629105
0.04109207551
0.04623969846
0.01537665976
3.948683715e-05
1.592248343e-05
1.591643918e-05
1.591643764e-05
1.591643764e-05
1.591643764e-05
1.591643764e-05
1.591643764e-05
1.591643764e-05
1.591643764e-05
1.591643764e-05
1.591643764e-05
1.591643764e-05
1.591643764e-05
1.591643764e-05
1.591643764e-05
1.591643764e-05
1.591643764e-05
1.591643764e-05
1.591643764e-05
1.591643764e-05
1.591643764e-05
1.591643764e-05
1.591643764e-05
1.591643764e-05
1.591643764e-05
1.591643764e-05
1.591643764e-05
1.591643764e-05
1.591643764e-05
1.591643764e-05
0.04672542575
0.04661135802
0.04659407701
0.0465740051
0.04655269559
0.04652960495
0.04650278495
0.04646522288
0.04644014587
0.04640863687
0.04637637204
0.04634097386
0.0463071461
0.04627164332
0.04623384856
0.04619376967
0.04615578706
0.0461173515
0.04608102941
0.04603603955
0.0459965194
0.04595024858
0.04591083966
0.04587302307
0.04582812935
0.04577910241
0.04572637636
0.04566043549
0.04557745175
0.04549940149
0.0453874407
0.04525556066
0.04508682936
0.0448773276
0.04464596894
0.0443715072
0.04405711312
0.04371469128
0.04334414865
0.0429577953
0.0425671907
0.04219108428
0.04182938943
0.04149619621
0.04119766715
0.04093697882
0.04071454129
0.04052882038
0.04037431992
0.04024770739
0.04014325669
0.04005506774
0.03998185919
0.03991948844
0.03986180981
0.03980150723
0.03973639673
0.03965434636
0.03955376983
0.03943601824
0.03931810656
0.03922729124
0.03923714806
0.03960012424
0.04106658951
0.0462142852
0.01531748301
3.99995356e-05
1.592272528e-05
1.591643926e-05
1.591643764e-05
1.591643764e-05
1.591643764e-05
1.591643764e-05
1.591643764e-05
1.591643764e-05
1.591643764e-05
1.591643764e-05
1.591643764e-05
1.591643764e-05
1.591643764e-05
1.591643764e-05
1.591643764e-05
1.591643764e-05
1.591643764e-05
1.591643764e-05
1.591643764e-05
1.591643764e-05
1.591643764e-05
1.591643764e-05
1.591643764e-05
1.591643764e-05
1.591643764e-05
1.591643764e-05
1.591643764e-05
1.591643764e-05
1.591643764e-05
1.591643764e-05
0.04662110867
0.04648231842
0.04646004692
0.04643623705
0.04641202053
0.04638625
0.04635900512
0.04633149573
0.04629247458
0.04626050071
0.04623281372
0.04620041082
0.04616730587
0.04613192839
0.04609857116
0.04606002888
0.04602547988
0.04599051464
0.04596071271
0.04591703792
0.04588316788
0.04584018549
0.0458036521
0.04576609661
0.04572105978
0.04567195769
0.04561189024
0.04554304236
0.04547746248
0.04539474613
0.04527340423
0.0451466635
0.04498027746
0.04477239383
0.04454563777
0.04427285008
0.04395893859
0.04361568785
0.04324247003
0.04285531872
0.04245902624
0.04208511096
0.04172683552
0.04139747185
0.04110292347
0.04084645388
0.04062909799
0.04045127762
0.0403010646
0.04017807802
0.04007745385
0.0399947589
0.03993005763
0.039872399
0.03981656684
0.03975805134
0.03969128487
0.03960494306
0.03949884206
0.0393793797
0.03926017835
0.03916549154
0.03917279009
0.03954687704
0.04104601972
0.0462036281
0.01475064682
4.053394522e-05
1.5923108e-05
1.591643937e-05
1.591643764e-05
1.591643764e-05
1.591643764e-05
1.591643764e-05
1.591643764e-05
1.591643764e-05
1.591643764e-05
1.591643764e-05
1.591643764e-05
1.591643764e-05
1.591643764e-05
1.591643764e-05
1.591643764e-05
1.591643764e-05
1.591643764e-05
1.591643764e-05
1.591643764e-05
1.591643764e-05
1.591643764e-05
1.591643764e-05
1.591643764e-05
1.591643764e-05
1.591643764e-05
1.591643764e-05
1.591643764e-05
1.591643764e-05
1.591643764e-05
1.591643764e-05
0.0464191514
0.04625605808
0.046232497
0.04621024469
0.04619019762
0.04617216964
0.04615146361
0.04613493037
0.04611569016
0.04608986941
0.04606659756
0.04604344376
0.0460170869
0.04598252716
0.0459550043
0.04592197437
0.0458871693
0.04585491271
0.04582147051
0.04578715678
0.04575274646
0.04571465926
0.04568031964
0.04564132393
0.04559888979
0.04555362196
0.04550029584
0.04543718094
0.04536978938
0.04528431206
0.04517502937
0.04504392119
0.04488184382
0.04468219556
0.04444722075
0.04418155539
0.04386944283
0.04352773398
0.04315764777
0.04277521047
0.04238880932
0.04201957898
0.04166569978
0.04134024065
0.04104896932
0.04079481166
0.04057779717
0.04039174727
0.04024624224
0.04012358473
0.04002280754
0.03994046163
0.03987521082
0.03981798213
0.03976230551
0.03970307708
0.03963798972
0.03955691147
0.03945344724
0.0393335308
0.03920866241
0.03910758974
0.03909829423
0.03943329895
0.04082803593
0.04590333921
0.02593570244
5.544087066e-05
1.592595655e-05
1.591643991e-05
1.591643764e-05
1.591643764e-05
1.591643764e-05
1.591643764e-05
1.591643764e-05
1.591643764e-05
1.591643764e-05
1.591643764e-05
1.591643764e-05
1.591643764e-05
1.591643764e-05
1.591643764e-05
1.591643764e-05
1.591643764e-05
1.591643764e-05
1.591643764e-05
1.591643764e-05
1.591643764e-05
1.591643764e-05
1.591643764e-05
1.591643764e-05
1.591643764e-05
1.591643764e-05
1.591643764e-05
1.591643764e-05
1.591643764e-05
1.591643764e-05
1.591643764e-05
0.0461982948
0.04605165525
0.04604113268
0.04603087302
0.04602074199
0.04600913093
0.04599599302
0.04598611378
0.04597089596
0.04594925501
0.04593001373
0.04591040628
0.04588678329
0.04585543739
0.04583089009
0.04580009635
0.04576853733
0.04573836824
0.04570297151
0.04567505291
0.04563866786
0.04560352241
0.04557024608
0.04553249045
0.04549222919
0.0454479148
0.04539745225
0.04533714201
0.04526916156
0.04517465963
0.04507898985
0.04494600894
0.04478722076
0.04459383081
0.04436192502
0.04409346975
0.04377900065
0.04343596881
0.04306960902
0.04269251903
0.04231869848
0.04195355072
0.04160222657
0.04127918563
0.0409901991
0.04073759715
0.04052109953
0.04033738863
0.04018774655
0.04006512039
0.03996454355
0.0398822675
0.03981536239
0.03975727172
0.03969978233
0.03963534374
0.03957150041
0.03949454003
0.03939690842
0.03928039598
0.03915513372
0.03905002651
0.03903436689
0.03934281323
0.04063895253
0.04543068682
0.03517221151
7.630091213e-05
1.593059346e-05
1.59164408e-05
1.591643764e-05
1.591643764e-05
1.591643763e-05
1.591643763e-05
1.591643763e-05
1.591643764e-05
1.591643763e-05
1.591643764e-05
1.591643764e-05
1.591643764e-05
1.591643764e-05
1.591643764e-05
1.591643764e-05
1.591643764e-05
1.591643764e-05
1.591643764e-05
1.591643764e-05
1.591643764e-05
1.591643764e-05
1.591643764e-05
1.591643764e-05
1.591643764e-05
1.591643764e-05
1.591643764e-05
1.591643764e-05
1.591643764e-05
1.591643764e-05
1.591643764e-05
0.04598748115
0.04587336629
0.04587246331
0.04587229377
0.04586596248
0.04585971975
0.04585001421
0.04583516211
0.04582415928
0.04581556922
0.04579444364
0.04577713643
0.0457564667
0.04572980531
0.04570755644
0.04568027952
0.04565119169
0.04562161426
0.04558319548
0.04556128289
0.04552521758
0.04549162307
0.04546028794
0.04542151528
0.045383768
0.04533974448
0.0452945713
0.04523695924
0.04517013895
0.04508244273
0.04498508838
0.04484707113
0.04469209157
0.04450472395
0.04427549495
0.04400528349
0.04370011224
0.043361292
0.04299862574
0.04262484437
0.04225270766
0.04188930551
0.04153884578
0.0412153081
0.04092847883
0.04067695357
0.04046037555
0.04027749688
0.04012257958
0.04000445522
0.03990504518
0.03982313521
0.03975553594
0.0396978472
0.03964232342
0.03958388098
0.0395216045
0.03944541138
0.03934395388
0.03922833164
0.03910213195
0.03899438141
0.03897142111
0.0392455548
0.04043798209
0.04493373525
0.04257584254
0.0001012295382
1.593687168e-05
1.591644203e-05
1.591643764e-05
1.591643764e-05
1.591643764e-05
1.591643764e-05
1.591643763e-05
1.591643764e-05
1.591643764e-05
1.591643764e-05
1.591643764e-05
1.591643764e-05
1.591643764e-05
1.591643764e-05
1.591643764e-05
1.591643764e-05
1.591643764e-05
1.591643764e-05
1.591643764e-05
1.591643764e-05
1.591643764e-05
1.591643764e-05
1.591643764e-05
1.591643764e-05
1.591643764e-05
1.591643764e-05
1.591643764e-05
1.591643764e-05
1.591643764e-05
1.591643764e-05
0.04578315754
0.04568928559
0.04569499878
0.04570138579
0.04570066841
0.04569984184
0.04569612073
0.04568918044
0.0456828181
0.04567691591
0.04566305347
0.04563903387
0.0456218708
0.04559998125
0.04557899589
0.04555705838
0.04553165438
0.04550123396
0.0454724332
0.04544658027
0.04541616501
0.04538603465
0.04535626035
0.04532048242
0.04528431163
0.04524129266
0.04519229694
0.04513534878
0.04506902868
0.04498911552
0.04489100355
0.04475828305
0.04459360246
0.04441549199
0.04418768422
0.0439129903
0.04361855346
0.04328368288
0.04292494227
0.04255488191
0.04218463224
0.04182397428
0.04147567128
0.0411534748
0.04086528758
0.04061386484
0.04039759497
0.04021585922
0.04006276433
0.03994244477
0.03984256778
0.03976054762
0.03969237837
0.03963475422
0.03958045237
0.03952442799
0.03946207105
0.03938786836
0.03929107022
0.03917359035
0.03904954487
0.03894026845
0.03890845726
0.0391392909
0.04022898058
0.04438531467
0.04804212458
0.0001301383823
1.594476824e-05
1.591644353e-05
1.591643764e-05
1.591643764e-05
1.591643764e-05
1.591643764e-05
1.591643764e-05
1.591643764e-05
1.591643764e-05
1.591643764e-05
1.591643764e-05
1.591643764e-05
1.591643764e-05
1.591643764e-05
1.591643764e-05
1.591643764e-05
1.591643764e-05
1.591643764e-05
1.591643764e-05
1.591643764e-05
1.591643764e-05
1.591643764e-05
1.591643764e-05
1.591643764e-05
1.591643764e-05
1.591643764e-05
1.591643764e-05
1.591643764e-05
1.591643764e-05
1.591643764e-05
0.04558615428
0.04551298746
0.04552062604
0.04553315266
0.04553636576
0.04553986608
0.04554148029
0.04554263761
0.04554070042
0.04553647144
0.04552799094
0.04551255905
0.04548881516
0.04547525213
0.04545041136
0.04543105641
0.0454072663
0.04537938943
0.04535808934
0.04532966661
0.0453021848
0.04527534112
0.04524575893
0.04521325148
0.04517712485
0.04513630827
0.04509303523
0.0450387111
0.04497446036
0.04489577621
0.04479675207
0.04466896036
0.04450652859
0.04432784621
0.04410302085
0.04383239823
0.04353839406
0.04320662863
0.04285090076
0.04248453651
0.0421209002
0.04175801446
0.04141186496
0.04109093845
0.04079951179
0.04054909141
0.04033431667
0.0401526989
0.04000050472
0.0398778143
0.03977784618
0.03969573068
0.03962712544
0.0395689343
0.03951433024
0.0394567538
0.03939118228
0.03932043444
0.0392296051
0.0391193175
0.03899700516
0.03888573838
0.03883999589
0.0390289429
0.04000496773
0.04375037736
0.05098360359
0.0001603823511
1.595349463e-05
1.591644514e-05
1.591643764e-05
1.591643764e-05
1.591643764e-05
1.591643764e-05
1.591643764e-05
1.591643764e-05
1.591643764e-05
1.591643764e-05
1.591643763e-05
1.591643764e-05
1.591643764e-05
1.591643764e-05
1.591643764e-05
1.591643764e-05
1.591643764e-05
1.591643764e-05
1.591643764e-05
1.591643764e-05
1.591643764e-05
1.591643764e-05
1.591643764e-05
1.591643764e-05
1.591643764e-05
1.591643764e-05
1.591643764e-05
1.591643764e-05
1.591643764e-05
1.591643764e-05
0.04539558749
0.0453394573
0.04536400989
0.04536946933
0.04539102212
0.04540002758
0.04540560971
0.04540713833
0.04540805347
0.04539513131
0.04539193326
0.04538084345
0.0453668364
0.04535050138
0.04532716828
0.04530492285
0.04528263598
0.04526382221
0.04524417315
0.04521788273
0.04518729529
0.04516148488
0.04513248033
0.04510172339
0.04506766841
0.04502930978
0.04498886738
0.04493687828
0.04487402702
0.04479850129
0.0447001141
0.04457710583
0.04441677824
0.04423816743
0.04401543629
0.04374991871
0.04345690195
0.04312862963
0.04278295582
0.0424189973
0.04205274248
0.04169214365
0.04134780369
0.04102869912
0.04073897442
0.04048224177
0.04026998007
0.04008854935
0.0399371327
0.0398119106
0.03971226274
0.03962991003
0.03956093556
0.03950220667
0.03944859026
0.03939396603
0.03933563445
0.03926823262
0.03918111282
0.03906910644
0.03894698711
0.03883260689
0.03877074361
0.03891490349
0.03976564417
0.04304768417
0.05122127423
0.0001861528284
1.596145217e-05
1.591644697e-05
1.591643764e-05
1.591643764e-05
1.591643764e-05
1.591643764e-05
1.591643764e-05
1.591643764e-05
1.591643764e-05
1.591643764e-05
1.591643763e-05
1.591643763e-05
1.591643763e-05
1.591643764e-05
1.591643764e-05
1.591643764e-05
1.591643764e-05
1.591643764e-05
1.591643764e-05
1.591643764e-05
1.591643764e-05
1.591643764e-05
1.591643764e-05
1.591643764e-05
1.591643764e-05
1.591643764e-05
1.591643764e-05
1.591643764e-05
1.591643764e-05
1.591643764e-05
0.04521244363
0.04518367764
0.04520410468
0.04521657738
0.04523649169
0.04524947715
0.04525802212
0.04526251946
0.04526694836
0.0452642749
0.04525225111
0.04524843215
0.04523738452
0.04522234328
0.04520116874
0.04518432294
0.04516893826
0.04514845598
0.04512946619
0.04510438866
0.04507638987
0.04504631605
0.04501892622
0.04499023759
0.04495751467
0.04492641831
0.04488442876
0.0448337601
0.04477261743
0.04469963363
0.04460265929
0.04448257615
0.04432629199
0.04414731896
0.04392796724
0.04366973115
0.04337583562
0.04305975533
0.04271415317
0.04235257566
0.04199075902
0.04162747898
0.04128400012
0.04096546989
0.04067738693
0.04042222777
0.04020569201
0.04002351651
0.03987181597
0.03974133464
0.03964444816
0.03956215832
0.03949285794
0.0394336527
0.03938082909
0.03932818862
0.03927167071
0.0392062377
0.03912390081
0.03901752919
0.03889419961
0.03878121349
0.03870609458
0.03880151058
0.03951656454
0.04234003343
0.05019937593
0.0002029768911
1.597477268e-05
1.591645949e-05
1.591643764e-05
1.591643764e-05
1.591643764e-05
1.591643764e-05
1.591643764e-05
1.591643764e-05
1.591643764e-05
1.591643764e-05
1.591643764e-05
1.591643764e-05
1.591643764e-05
1.591643764e-05
1.591643764e-05
1.591643764e-05
1.591643764e-05
1.591643764e-05
1.591643764e-05
1.591643764e-05
1.591643764e-05
1.591643764e-05
1.591643764e-05
1.591643764e-05
1.591643764e-05
1.591643764e-05
1.591643764e-05
1.591643764e-05
1.591643764e-05
1.591643764e-05
0.04503200167
0.04501763378
0.04504086267
0.04505912233
0.04508213624
0.04509793445
0.04510909684
0.04511548151
0.04512434375
0.04512606248
0.04512122969
0.04511344112
0.04510726412
0.04509071796
0.04507781265
0.04506249627
0.04504884591
0.04502863124
0.04501004203
0.04498620234
0.04496316047
0.04493774222
0.04491303012
0.04488612362
0.04485471015
0.04482173151
0.04477840595
0.04473216977
0.04467482628
0.04460014861
0.0445046485
0.04438661353
0.04423514348
0.04405685959
0.04384060856
0.04358933737
0.04330444675
0.04298681356
0.04264340435
0.04228477492
0.04192477711
0.04156469226
0.04121834968
0.0409016857
0.04061478727
0.04036003937
0.04014073006
0.03995868855
0.03980670355
0.03967787779
0.03957769021
0.03949392478
0.03942384159
0.03936396305
0.03931115992
0.03925858035
0.03919984934
0.03913125982
0.03905305788
0.03895525794
0.03884110215
0.03872784666
0.03864566337
0.03868975444
0.03928622868
0.04172012846
0.04905744643
0.0002514638576
1.639380341e-05
1.591664602e-05
1.59164377e-05
1.591643764e-05
1.591643764e-05
1.591643764e-05
1.591643764e-05
1.591643764e-05
1.591643764e-05
1.591643764e-05
1.591643764e-05
1.591643763e-05
1.591643764e-05
1.591643764e-05
1.591643764e-05
1.591643764e-05
1.591643764e-05
1.591643764e-05
1.591643764e-05
1.591643764e-05
1.591643764e-05
1.591643764e-05
1.591643764e-05
1.591643764e-05
1.591643764e-05
1.591643764e-05
1.591643764e-05
1.591643764e-05
1.591643764e-05
1.591643764e-05
0.0448542228
0.04485293678
0.04487661031
0.04490692647
0.04492379484
0.04494265106
0.0449581598
0.04497355111
0.04498032044
0.04498932294
0.04498782283
0.04498187187
0.04497546097
0.04496940938
0.04495565373
0.04493751001
0.04492928384
0.04490593178
0.04488849836
0.04486679044
0.04484567022
0.04482524578
0.04480233042
0.04477491306
0.04474387872
0.04471218935
0.04467470645
0.04462826437
0.04457421406
0.04449924218
0.04440568294
0.04428946586
0.04414275106
0.04396576103
0.0437524396
0.04350794684
0.04322613534
0.04291125747
0.0425710889
0.0422155756
0.04185861783
0.04150093595
0.04115764435
0.04083700156
0.04055067385
0.04029605883
0.04007237446
0.03989225849
0.03973972495
0.03961121544
0.03950777437
0.03942385292
0.03935347657
0.03929326873
0.03924045945
0.03918838451
0.03913131118
0.03906831611
0.03899281107
0.03889710771
0.03878329671
0.03867372231
0.03858538997
0.03859392289
0.03908092818
0.04110751945
0.04792980279
0.006554663448
2.303084349e-05
1.591813422e-05
1.5916438e-05
1.591643764e-05
1.591643764e-05
1.591643764e-05
1.591643764e-05
1.591643764e-05
1.591643764e-05
1.591643764e-05
1.591643764e-05
1.591643764e-05
1.591643764e-05
1.591643764e-05
1.591643764e-05
1.591643764e-05
1.591643764e-05
1.591643764e-05
1.591643764e-05
1.591643764e-05
1.591643764e-05
1.591643764e-05
1.591643764e-05
1.591643764e-05
1.591643764e-05
1.591643763e-05
1.591643764e-05
1.591643764e-05
1.591643764e-05
1.591643764e-05
0.04467853446
0.04468612197
0.04472261478
0.04475649069
0.0447823708
0.04480658582
0.04481965588
0.04483489989
0.04484395078
0.04485038917
0.04485349873
0.04484956605
0.04484309308
0.04484345159
0.04483387773
0.04482151165
0.04480969861
0.04478992695
0.04476938661
0.04475249677
0.04472806998
0.04470965234
0.04468708183
0.04466121534
0.04463168287
0.04460045318
0.04456630049
0.04452400742
0.04447057379
0.04439698531
0.04430595589
0.04419179412
0.0440496511
0.04387412683
0.04366395303
0.04342518249
0.04314749854
0.0428355038
0.04249845223
0.04214590103
0.04179188201
0.04143653195
0.04109549807
0.04077536191
0.04048737925
0.040233297
0.04001084831
0.03982578007
0.03967150709
0.03954264222
0.0394336221
0.03935186758
0.03928197814
0.03922153934
0.03916842707
0.0391165859
0.0390605349
0.03899746938
0.03892214858
0.03882983622
0.03872284497
0.03861174674
0.03852053156
0.03850887096
0.03890764248
0.04063777177
0.04670250375
0.0240305999
4.724808484e-05
1.592266956e-05
1.59164388e-05
1.591643764e-05
1.591643764e-05
1.591643764e-05
1.591643764e-05
1.591643764e-05
1.591643763e-05
1.591643764e-05
1.591643764e-05
1.591643764e-05
1.591643764e-05
1.591643764e-05
1.591643764e-05
1.591643764e-05
1.591643764e-05
1.591643764e-05
1.591643764e-05
1.591643764e-05
1.591643764e-05
1.591643764e-05
1.591643764e-05
1.591643764e-05
1.591643764e-05
1.591643764e-05
1.591643764e-05
1.591643764e-05
1.591643764e-05
1.591643764e-05
0.04450731334
0.04453615422
0.04457009946
0.04460223414
0.04463414571
0.04465970266
0.04467715861
0.04469879136
0.04470454465
0.04470968038
0.04471527058
0.04471530825
0.04471914422
0.04471990371
0.0447114439
0.04470042383
0.04468762964
0.04466983911
0.04464777936
0.04463541723
0.04461583251
0.04459886427
0.04457352256
0.04455396267
0.04452664722
0.04449667186
0.04446024525
0.04441871343
0.04436629623
0.044294873
0.0442061764
0.04409474011
0.04395623961
0.04378225021
0.04357475697
0.04334212515
0.04306781329
0.0427597867
0.04242669009
0.04207735925
0.04172588033
0.04137324987
0.04103407994
0.04071515434
0.04042441782
0.04017011798
0.03994776247
0.03975922944
0.03960429719
0.0394752001
0.03936492431
0.03928148152
0.03921037208
0.03914915938
0.03909531018
0.03904335367
0.03898752738
0.03892406663
0.03885039671
0.03876172023
0.03865738995
0.03854845125
0.03845293761
0.03842897969
0.0387350446
0.0401825959
0.04522066859
0.03876349441
8.299945802e-05
1.593046823e-05
1.591644014e-05
1.591643764e-05
1.591643764e-05
1.591643764e-05
1.591643764e-05
1.591643764e-05
1.591643764e-05
1.591643763e-05
1.591643764e-05
1.591643764e-05
1.591643764e-05
1.591643764e-05
1.591643764e-05
1.591643764e-05
1.591643764e-05
1.591643764e-05
1.591643764e-05
1.591643764e-05
1.591643764e-05
1.591643764e-05
1.591643764e-05
1.591643764e-05
1.591643764e-05
1.591643764e-05
1.591643764e-05
1.591643764e-05
1.591643764e-05
1.591643764e-05
0.04433707966
0.04437994158
0.0444238611
0.04445790498
0.04448377071
0.04451497162
0.04454101012
0.04456144817
0.0445740397
0.04458390218
0.04459131258
0.04459298847
0.04459352257
0.04459283286
0.04458556928
0.04457614972
0.04456095666
0.04454779644
0.04453050222
0.04451569044
0.04450106668
0.04448382057
0.04446336505
0.04444265867
0.04441612919
0.04438729265
0.04435054238
0.04431167123
0.04426048004
0.04419173375
0.04410570224
0.04399725565
0.0438620027
0.04369048839
0.04349082924
0.04325903376
0.04298824654
0.04268474658
0.0423557108
0.04200972323
0.04166079076
0.0413101566
0.04097224878
0.04065500431
0.04036201761
0.04010712715
0.03988356678
0.03968967622
0.0395358929
0.03940642854
0.03929581412
0.03921019068
0.03913776458
0.03907579827
0.03902117903
0.03896914984
0.03891372474
0.03885098369
0.03877865793
0.0386909269
0.03858497505
0.03847490811
0.0383773665
0.03833935188
0.03857626699
0.03977633359
0.0442889361
0.04797598163
0.0001255945271
1.594117063e-05
1.591644206e-05
1.591643764e-05
1.591643764e-05
1.591643764e-05
1.591643764e-05
1.591643764e-05
1.591643764e-05
1.591643764e-05
1.591643764e-05
1.591643764e-05
1.591643764e-05
1.591643764e-05
1.591643764e-05
1.591643764e-05
1.591643764e-05
1.591643764e-05
1.591643764e-05
1.591643763e-05
1.591643764e-05
1.591643764e-05
1.591643764e-05
1.591643764e-05
1.591643764e-05
1.591643764e-05
1.591643764e-05
1.591643764e-05
1.591643764e-05
1.591643764e-05
0.04416691499
0.04421903624
0.04426962442
0.04430650475
0.04433971124
0.04436465103
0.04439730676
0.04441820255
0.04443555182
0.04444754009
0.04445714214
0.04445991739
0.04446209368
0.04445863117
0.04445345618
0.04444780007
0.04443369563
0.04442155435
0.04441025135
0.04439205065
0.04438086031
0.04436498768
0.04434832067
0.04432610714
0.04430103329
0.0442744037
0.0442407848
0.04420275857
0.04415423769
0.04408837403
0.04400490743
0.04389937672
0.04376778478
0.04359837286
0.04340418264
0.04317572234
0.04290885175
0.04260995083
0.04228513725
0.04194710865
0.04159624322
0.04124774982
0.04091113313
0.04059485501
0.04030374938
0.04004496556
0.03982085688
0.0396274614
0.03946895225
0.03933841963
0.03922770736
0.03913905413
0.03906522009
0.03900230389
0.03894679572
0.03889457987
0.03883951286
0.03877727902
0.03870675902
0.03862253983
0.03852119664
0.03841008665
0.03830432611
0.03824807875
0.0384250889
0.03941577512
0.0432185882
0.05127673873
0.0001673187671
1.595563276e-05
1.5916451e-05
1.591643764e-05
1.591643764e-05
1.591643764e-05
1.591643764e-05
1.591643764e-05
1.591643764e-05
1.591643764e-05
1.591643764e-05
1.591643764e-05
1.591643763e-05
1.591643764e-05
1.591643764e-05
1.591643764e-05
1.591643764e-05
1.591643764e-05
1.591643764e-05
1.591643764e-05
1.591643764e-05
1.591643764e-05
1.591643764e-05
1.591643764e-05
1.591643764e-05
1.591643764e-05
1.591643764e-05
1.591643764e-05
1.591643764e-05
1.591643764e-05
0.04399609824
0.04405565679
0.04411154466
0.04415102724
0.04419147899
0.0442260792
0.04425370165
0.04427273029
0.04429454815
0.04430967719
0.04432219913
0.04432918398
0.04433163976
0.04432261414
0.04432052855
0.04431733921
0.04430646227
0.04430029865
0.04428841394
0.04427613696
0.04426066671
0.04424426292
0.04423063268
0.04421013399
0.04418507861
0.0441592017
0.04412966029
0.04409351276
0.04404710214
0.04398384843
0.04390353367
0.04380111023
0.04367232966
0.04350654385
0.04331865176
0.0430934032
0.04283090618
0.04253637755
0.04221508895
0.04188046248
0.04153215913
0.04118571404
0.04085059168
0.0405347183
0.04024425432
0.03998306573
0.03975765497
0.03956311335
0.03939976031
0.03926845278
0.03915762154
0.03906543627
0.03899099712
0.0389275896
0.03887156929
0.03881937248
0.03876491523
0.03870361009
0.03863553934
0.03855457998
0.03845459899
0.03834101211
0.03823050277
0.03816037154
0.03826721414
0.03908005345
0.04213751316
0.05002795776
0.0002113575885
1.627476667e-05
1.591659695e-05
1.591643768e-05
1.591643763e-05
1.591643764e-05
1.591643764e-05
1.591643764e-05
1.591643764e-05
1.591643764e-05
1.591643764e-05
1.591643764e-05
1.591643764e-05
1.591643763e-05
1.591643764e-05
1.591643763e-05
1.591643764e-05
1.591643764e-05
1.591643764e-05
1.591643764e-05
1.591643764e-05
1.591643764e-05
1.591643764e-05
1.591643764e-05
1.591643764e-05
1.591643764e-05
1.591643764e-05
1.591643764e-05
1.591643764e-05
1.591643764e-05
0.0438268156
0.04389855422
0.04395391088
0.04400716878
0.04404227536
0.04408052671
0.0441056693
0.04413239871
0.04415175876
0.04416863245
0.04418459823
0.04419593059
0.04419880584
0.04419856901
0.04419919569
0.04419062158
0.0441867131
0.04417806187
0.04416786977
0.04416170695
0.04414891601
0.04413385545
0.04411530286
0.04409672349
0.04407879131
0.04405503103
0.04402334012
0.04398614337
0.04394067266
0.0438798002
0.04380268456
0.04370309161
0.04357632159
0.04341386355
0.04323229892
0.0430102712
0.04275252723
0.04246230081
0.04214539242
0.04181400662
0.04146844283
0.04112410031
0.04079046692
0.04047517037
0.04018494557
0.03992081678
0.03969502052
0.03949974139
0.03933427273
0.0391997654
0.03908802469
0.03899271426
0.03891730176
0.03885279905
0.03879590676
0.03874339862
0.03868940203
0.03862914665
0.03856169408
0.03848230509
0.03838615442
0.03827822595
0.03816582556
0.03808173441
0.03812286276
0.03877218679
0.0412470019
0.04846191571
0.004600263336
2.160342039e-05
1.591785641e-05
1.591643792e-05
1.591643764e-05
1.591643764e-05
1.591643764e-05
1.591643764e-05
1.591643764e-05
1.591643764e-05
1.591643764e-05
1.591643763e-05
1.591643764e-05
1.591643763e-05
1.591643763e-05
1.591643763e-05
1.591643764e-05
1.591643764e-05
1.591643764e-05
1.591643764e-05
1.591643764e-05
1.591643764e-05
1.591643764e-05
1.591643764e-05
1.591643764e-05
1.591643764e-05
1.591643764e-05
1.591643764e-05
1.591643763e-05
1.591643763e-05
0.04366000823
0.04374914183
0.04381123725
0.04386211715
0.04390516302
0.04393963148
0.04397206896
0.04399460231
0.04402213691
0.04403693652
0.04404891817
0.04406678512
0.04406483296
0.0440727385
0.04407635999
0.04407202427
0.04406853129
0.04406172723
0.04405375181
0.04404714699
0.04403618608
0.04402236288
0.04400682927
0.04399007886
0.04397110138
0.04394634793
0.04391598415
0.04387771227
0.0438343073
0.04377515519
0.04370173832
0.04360531144
0.04348278462
0.04332961829
0.04314752659
0.04292847574
0.04267480247
0.04238919091
0.0420763273
0.04174822962
0.04140533395
0.04106328545
0.04073076109
0.0404166305
0.04012621515
0.03986358541
0.03963274602
0.03943648496
0.03926833451
0.03913159442
0.03901781367
0.03891761437
0.03884295832
0.03877774069
0.03871992573
0.03866689585
0.03861315896
0.03855401263
0.03848795849
0.03841167691
0.03832005945
0.03821327855
0.03809869679
0.03800588936
0.03800866928
0.03851797878
0.04052221681
0.04704475479
0.02400688216
4.740752712e-05
1.59224158e-05
1.591643862e-05
1.591643764e-05
1.591643764e-05
1.591643764e-05
1.591643763e-05
1.591643764e-05
1.591643764e-05
1.591643763e-05
1.591643764e-05
1.591643764e-05
1.591643763e-05
1.591643764e-05
1.591643764e-05
1.591643764e-05
1.591643764e-05
1.591643764e-05
1.591643764e-05
1.591643764e-05
1.591643764e-05
1.591643764e-05
1.591643764e-05
1.591643764e-05
1.591643764e-05
1.591643764e-05
1.591643763e-05
1.591643764e-05
1.591643764e-05
0.04349172709
0.04359211382
0.04365750076
0.04370896424
0.04375397603
0.04378703048
0.04382756199
0.04385879797
0.04388445098
0.04389933182
0.04391939202
0.0439366606
0.04394073865
0.04394623986
0.04395127137
0.04394973487
0.04394402428
0.04394149605
0.0439349894
0.0439252735
0.04391646652
0.04390323648
0.04389166832
0.04387521975
0.04385547729
0.04383172508
0.04380457179
0.04377132324
0.04372670792
0.04366985259
0.04359986708
0.04350648888
0.0433874946
0.04323797485
0.04306060256
0.04284579457
0.04259711124
0.04231628392
0.04200733915
0.04168264275
0.04134176429
0.04100332977
0.04067171092
0.04035802618
0.04006764577
0.03980488018
0.03957086317
0.0393727183
0.03920105875
0.03906214687
0.0389477251
0.03884873794
0.03877022712
0.03870286933
0.03864370049
0.03858986395
0.03853610628
0.0384778225
0.03841306349
0.0383387262
0.03824907697
0.03814234735
0.03802624858
0.03792733818
0.0379119734
0.03828168715
0.03989559264
0.04515017359
0.04028835833
8.807133466e-05
1.59308909e-05
1.591643998e-05
1.591643764e-05
1.591643764e-05
1.591643763e-05
1.591643764e-05
1.591643764e-05
1.591643764e-05
1.591643763e-05
1.591643764e-05
1.591643763e-05
1.591643763e-05
1.591643763e-05
1.591643764e-05
1.591643764e-05
1.591643764e-05
1.591643764e-05
1.591643763e-05
1.591643763e-05
1.591643764e-05
1.591643764e-05
1.591643764e-05
1.591643764e-05
1.591643764e-05
1.591643764e-05
1.591643764e-05
1.591643764e-05
1.591643764e-05
0.04332213569
0.04343133048
0.04349874438
0.04355068704
0.04360470351
0.0436483364
0.04368495114
0.0437190303
0.04374710349
0.04376932169
0.0437868815
0.04380232977
0.04381032961
0.04381257333
0.04382123585
0.04382213346
0.04381470122
0.04381430718
0.04380949143
0.04380013236
0.04379276953
0.04378134375
0.04377032936
0.04375567154
0.04373675269
0.04371469723
0.0436901766
0.04365837358
0.04361571608
0.04356058454
0.0434957207
0.04340573303
0.04328943012
0.04314504132
0.04297162453
0.04276226281
0.04251891788
0.04224309322
0.04193852343
0.04161836292
0.04128490103
0.04094664175
0.04061535186
0.04030070835
0.04001013108
0.03974679224
0.03951068871
0.03931042209
0.03913818974
0.03899322227
0.038877801
0.03877833133
0.03869697948
0.0386276768
0.03856712041
0.03851238095
0.03845845976
0.03840083174
0.03833666906
0.03826244243
0.03817325866
0.0380676233
0.03795507726
0.03785132765
0.03781397771
0.03808346479
0.03937084825
0.04390350441
0.04911147799
0.0001358408639
1.594491341e-05
1.591644842e-05
1.591643764e-05
1.591643764e-05
1.591643764e-05
1.591643763e-05
1.591643764e-05
1.591643764e-05
1.591643763e-05
1.591643764e-05
1.591643763e-05
1.591643763e-05
1.591643763e-05
1.591643763e-05
1.591643763e-05
1.591643763e-05
1.591643763e-05
1.591643763e-05
1.591643763e-05
1.591643763e-05
1.591643764e-05
1.591643764e-05
1.591643764e-05
1.591643764e-05
1.591643764e-05
1.591643764e-05
1.591643764e-05
1.591643763e-05
0.04315098752
0.04326668033
0.04333771322
0.04340044687
0.04344977145
0.04350102114
0.04353504403
0.0435730216
0.0436022743
0.04363087894
0.04364877901
0.04366599866
0.04367801175
0.04368363658
0.04368832661
0.04369350041
0.04369134669
0.04368721443
0.04368333786
0.04367724541
0.04367515429
0.04366638156
0.04365181317
0.04363817848
0.04362743399
0.04360746121
0.04357982995
0.04354822964
0.04350593518
0.04345319487
0.04339192499
0.04330473225
0.04319125137
0.0430519593
0.0428830751
0.04267930692
0.04244131337
0.04217055676
0.04187057092
0.04155677011
0.04122655024
0.04089083129
0.04056122801
0.04024487224
0.0399538807
0.03968918438
0.03945287855
0.03924833089
0.03907440848
0.0389270511
0.03880839912
0.03870805056
0.03862326694
0.03855292202
0.0384910941
0.03843529447
0.03838091911
0.03832354402
0.03825992605
0.03818703108
0.03810065136
0.0379984268
0.03788437937
0.03777490979
0.03771329901
0.03788406546
0.03891771853
0.04258090758
0.05066800676
0.0001912354803
1.625004287e-05
1.591659297e-05
1.591643768e-05
1.591643764e-05
1.591643764e-05
1.591643764e-05
1.591643764e-05
1.591643764e-05
1.591643764e-05
1.591643763e-05
1.591643763e-05
1.591643763e-05
1.591643763e-05
1.591643763e-05
1.591643763e-05
1.591643763e-05
1.591643763e-05
1.591643763e-05
1.591643763e-05
1.591643763e-05
1.591643764e-05
1.591643764e-05
1.591643764e-05
1.591643764e-05
1.591643764e-05
1.591643764e-05
1.591643764e-05
1.591643764e-05
0.04298174469
0.04311116268
0.04318475486
0.0432517405
0.04330545587
0.04335621473
0.04339542239
0.04342888199
0.04345934674
0.04349284562
0.04350847315
0.04352875203
0.04354495681
0.04355398694
0.04355484159
0.04356275881
0.04356835239
0.0435680597
0.04356661959
0.04356145574
0.04355551206
0.04354883651
0.04354024623
0.04352908016
0.04351592077
0.04349751724
0.04346894546
0.04344275304
0.0434032662
0.04335152675
0.04328858754
0.04320326379
0.04309087287
0.04295857111
0.04279488957
0.04259659107
0.04236398924
0.04209840837
0.04180326076
0.04149577696
0.0411680698
0.04083494568
0.04050712186
0.04019216478
0.03989833841
0.03963210494
0.03939519338
0.03918646957
0.03901057974
0.03885948403
0.03873838089
0.03863641221
0.03854679147
0.03847702842
0.0384149095
0.0383583553
0.03830354862
0.03824625704
0.03818304233
0.03811116838
0.03802651968
0.03792607634
0.03781243618
0.03770194755
0.03762379051
0.03770694467
0.03854162887
0.04139092946
0.04866785635
0.003821768947
2.134686265e-05
1.591781598e-05
1.591643789e-05
1.591643763e-05
1.591643763e-05
1.591643764e-05
1.591643764e-05
1.591643764e-05
1.591643764e-05
1.591643764e-05
1.591643763e-05
1.591643763e-05
1.591643764e-05
1.591643763e-05
1.591643763e-05
1.591643763e-05
1.591643763e-05
1.591643763e-05
1.591643763e-05
1.591643763e-05
1.591643764e-05
1.591643764e-05
1.591643764e-05
1.591643764e-05
1.591643764e-05
1.591643764e-05
1.591643764e-05
1.591643764e-05
0.04281106373
0.04294984356
0.04303555465
0.04309658206
0.04315389853
0.04320645954
0.04325041032
0.04328955506
0.04332270123
0.04335561226
0.04337596804
0.04339358744
0.04341008336
0.04342091994
0.04342613264
0.04343166392
0.04344237821
0.04344527617
0.04344494615
0.04344072022
0.04343539083
0.04342729169
0.04342147611
0.04341307853
0.0433985715
0.04338096514
0.04335965444
0.04333283317
0.04329648167
0.04324695796
0.04318556722
0.04310358326
0.04299734392
0.04286771635
0.04270808603
0.04251501481
0.04228766806
0.04202696605
0.04174143188
0.04143453197
0.041110268
0.04077964346
0.04045328748
0.04013945734
0.03984400067
0.0395762964
0.03933763394
0.03912649759
0.03894804562
0.03879575932
0.03866938297
0.0385660956
0.0384761105
0.0384036513
0.03833981481
0.03828207166
0.03822661333
0.03816926267
0.03810628254
0.03803548117
0.03795279248
0.03785492242
0.03774435235
0.03763040033
0.03753974438
0.03756810407
0.03820995173
0.04044503161
0.04686929724
0.02460832645
4.867174641e-05
1.592241748e-05
1.591643853e-05
1.591643764e-05
1.591643764e-05
1.591643763e-05
1.591643764e-05
1.591643764e-05
1.591643764e-05
1.591643764e-05
1.591643763e-05
1.591643764e-05
1.591643764e-05
1.591643763e-05
1.591643763e-05
1.591643763e-05
1.591643763e-05
1.591643764e-05
1.591643764e-05
1.591643763e-05
1.591643764e-05
1.591643764e-05
1.591643764e-05
1.591643764e-05
1.591643764e-05
1.591643764e-05
1.591643764e-05
1.591643764e-05
0.04264296405
0.04279945123
0.04288421564
0.04295604599
0.04301504627
0.04305791998
0.04310574991
0.04314920267
0.04318162898
0.04321367289
0.04323932989
0.04325408017
0.04327015267
0.04328642717
0.04330047783
0.04330552947
0.04331338686
0.04331712438
0.04331805907
0.04331509468
0.04331209905
0.04331039846
0.04330081213
0.04329144093
0.04327538502
0.04325894768
0.04324123788
0.04321463657
0.04318236985
0.04313726428
0.04307870001
0.04300026691
0.04289885181
0.04277294058
0.04261905884
0.04243172599
0.0422101744
0.04195508611
0.04167625608
0.0413732485
0.04105221532
0.04072479644
0.04040012847
0.04008690682
0.03979161935
0.03952138751
0.03928083057
0.03906671605
0.03888590105
0.03873177245
0.03860213038
0.03849644972
0.0384054491
0.03833049298
0.03826504393
0.03820610777
0.03814998514
0.03809249703
0.03802978801
0.03795986261
0.03787893847
0.03778373587
0.03767498751
0.03756036748
0.03745896325
0.03745818125
0.03790843793
0.03968839215
0.04520433366
0.04121125388
9.205968348e-05
1.593140099e-05
1.591644111e-05
1.591643764e-05
1.591643764e-05
1.591643764e-05
1.591643764e-05
1.591643764e-05
1.591643764e-05
1.591643764e-05
1.591643764e-05
1.591643764e-05
1.591643764e-05
1.591643763e-05
1.591643763e-05
1.591643763e-05
1.591643763e-05
1.591643764e-05
1.591643764e-05
1.591643764e-05
1.591643764e-05
1.591643763e-05
1.591643764e-05
1.591643764e-05
1.591643764e-05
1.591643764e-05
1.591643763e-05
1.591643764e-05
0.04246580421
0.04262931855
0.04271823401
0.04279244562
0.04285799143
0.04291456562
0.04296540792
0.04300364411
0.04304646564
0.04306999606
0.04309780202
0.0431165639
0.04314443532
0.04316272101
0.04317731643
0.04318465834
0.04318616252
0.04319099016
0.04319331208
0.04319750496
0.04319632145
0.04319395342
0.0431852925
0.04317165107
0.04316264812
0.04314836901
0.04312732957
0.04310006748
0.04307024199
0.04302711639
0.04297289655
0.04289758979
0.04279988499
0.0426788583
0.04252999077
0.04234837043
0.04213259397
0.04188321125
0.0416109099
0.04131169537
0.04099476911
0.04067039158
0.0403475612
0.04003495531
0.03973982616
0.03946609482
0.03922454594
0.03901022595
0.03882439185
0.038667501
0.03853301406
0.03842605938
0.03833433843
0.03825668762
0.03818988713
0.03813009797
0.03807353205
0.038016006
0.03795371401
0.03788460019
0.03780509175
0.03771219596
0.0376053385
0.03748960708
0.03738246
0.03735357705
0.03767215823
0.03906552272
0.04369119472
0.04936266927
0.0001431689188
1.598622422e-05
1.591648172e-05
1.591643765e-05
1.591643764e-05
1.591643763e-05
1.591643764e-05
1.591643764e-05
1.591643764e-05
1.591643764e-05
1.591643764e-05
1.591643763e-05
1.591643764e-05
1.591643764e-05
1.591643763e-05
1.591643763e-05
1.591643763e-05
1.591643763e-05
1.591643763e-05
1.591643764e-05
1.591643764e-05
1.591643764e-05
1.591643764e-05
1.591643764e-05
1.591643764e-05
1.591643764e-05
1.591643764e-05
1.591643764e-05
0.04228816659
0.04245617473
0.04254222232
0.04262330807
0.04268830864
0.04274535279
0.04279941507
0.04284845467
0.04289046595
0.04292501031
0.0429571885
0.04297940413
0.04300336386
0.04302191742
0.04303676675
0.04304654789
0.04305073874
0.04305787928
0.04306223881
0.04306709849
0.04306721611
0.04306655794
0.04306221551
0.04305312033
0.04304559302
0.04303407801
0.0430163041
0.04299187315
0.04296269778
0.04292219312
0.04286735912
0.04279385293
0.0426982408
0.04258346003
0.04244018781
0.04226434547
0.04205452034
0.04181119314
0.0415456791
0.04125031354
0.04093762609
0.04061645384
0.04029565431
0.03998384622
0.03968865009
0.03941594646
0.0391695804
0.03895281086
0.03876406506
0.03860464636
0.0384688
0.03835725122
0.03826400924
0.03818359883
0.03811614686
0.03805536186
0.03799800713
0.03794014657
0.0378781617
0.0378098338
0.03773169786
0.03764049541
0.03753521751
0.03742013789
0.03730723959
0.03724970746
0.03743149167
0.03856085531
0.04211895596
0.04965964481
0.000471542949
1.728785917e-05
1.591698805e-05
1.591643775e-05
1.591643763e-05
1.591643763e-05
1.591643764e-05
1.591643764e-05
1.591643764e-05
1.591643764e-05
1.591643764e-05
1.591643764e-05
1.591643764e-05
1.591643764e-05
1.591643764e-05
1.591643763e-05
1.591643763e-05
1.591643764e-05
1.591643764e-05
1.591643764e-05
1.591643764e-05
1.591643764e-05
1.591643764e-05
1.591643764e-05
1.591643764e-05
1.591643764e-05
1.591643764e-05
1.591643764e-05
0.04211263224
0.04228857039
0.04238607635
0.04246103811
0.04252932109
0.04259297263
0.04264762943
0.04269883358
0.04274026311
0.04277601754
0.04280703155
0.04283077029
0.04285326267
0.04287341811
0.04288829819
0.04290351203
0.04291217189
0.04292223151
0.04292866854
0.04293124637
0.0429329979
0.04293381494
0.04293385029
0.04292882347
0.04292157892
0.04291222288
0.04289839221
0.04287794611
0.04284708525
0.04281201177
0.04275816593
0.04268791292
0.04259779762
0.04248833471
0.04235089929
0.04218063711
0.04197671596
0.04173945749
0.04148007711
0.0411894401
0.04088111755
0.04056329478
0.04024467728
0.03993382951
0.03963852407
0.03936509133
0.03911577412
0.03889659087
0.0387029506
0.0385419675
0.03840384917
0.03828805558
0.03819222326
0.03810831197
0.0380408826
0.0379800041
0.03792237502
0.03786452348
0.03780299122
0.03773539945
0.03765825538
0.03756888984
0.03746532968
0.03735061991
0.03723419851
0.03715821108
0.03724869229
0.03813819752
0.04089781207
0.04774923888
0.01557607031
3.443413062e-05
1.591984074e-05
1.591643813e-05
1.591643763e-05
1.591643764e-05
1.591643764e-05
1.591643764e-05
1.591643764e-05
1.591643763e-05
1.591643763e-05
1.591643764e-05
1.591643764e-05
1.591643764e-05
1.591643763e-05
1.591643764e-05
1.591643764e-05
1.591643763e-05
1.591643764e-05
1.591643764e-05
1.591643764e-05
1.591643764e-05
1.591643764e-05
1.591643764e-05
1.591643764e-05
1.591643764e-05
1.591643764e-05
1.591643764e-05
0.04193799938
0.04212594928
0.04222827649
0.04231399724
0.04238509631
0.04244091074
0.04249786104
0.04255340532
0.04259416063
0.04263333573
0.04266771759
0.0426912359
0.04271173535
0.04273202079
0.0427483383
0.04276505494
0.04277832368
0.04278993695
0.0427980533
0.04279907251
0.0428013989
0.04280265959
0.04280578503
0.04280232543
0.04279712434
0.04278899535
0.04277700198
0.04276018302
0.04273004635
0.04269788198
0.04264614757
0.04257926477
0.04249532117
0.04239273007
0.0422603279
0.04209609556
0.04189846655
0.04166764624
0.04141437588
0.04112887417
0.04082513029
0.04051084509
0.04019456708
0.03988479779
0.03958937185
0.03931463215
0.03906238965
0.03884130788
0.03864746306
0.0384808117
0.03834010691
0.03822140058
0.03812334349
0.03803918899
0.03796780438
0.03790591089
0.03784769367
0.03778954094
0.0377281782
0.03766107858
0.03758493932
0.03749705412
0.03739552371
0.03728188756
0.03716207532
0.03707319522
0.03711121484
0.03776229449
0.03990914921
0.04592741899
0.03546286975
7.333939831e-05
1.592695954e-05
1.591644014e-05
1.591643764e-05
1.591643764e-05
1.591643764e-05
1.591643764e-05
1.591643764e-05
1.591643764e-05
1.591643764e-05
1.591643763e-05
1.591643763e-05
1.591643764e-05
1.591643764e-05
1.591643764e-05
1.591643763e-05
1.591643764e-05
1.591643764e-05
1.591643764e-05
1.591643764e-05
1.591643764e-05
1.591643764e-05
1.591643764e-05
1.591643764e-05
1.591643764e-05
1.591643764e-05
1.591643764e-05
0.04176301422
0.04196495841
0.04206887196
0.04215812268
0.04223342309
0.04229701659
0.04235467836
0.04240517228
0.04244579889
0.04248843384
0.0425228308
0.04255023283
0.04257835185
0.04260186107
0.04261993318
0.0426317919
0.04264622448
0.04265879744
0.04266828887
0.04267657339
0.04268129789
0.04268466332
0.04268379407
0.04268001648
0.04267450323
0.04266975828
0.04265956141
0.04264392696
0.04261861314
0.04258575212
0.04253559879
0.04247239447
0.04239687689
0.04229735484
0.04217030373
0.04201186642
0.04182047422
0.04159615678
0.04134894247
0.04106878684
0.04076977143
0.04045917689
0.04014538367
0.039836825
0.03954135593
0.03926509472
0.03901302229
0.03878746811
0.03859057101
0.03841991681
0.03827635232
0.0381530916
0.03805336311
0.03796756412
0.03789328456
0.03783069569
0.03777269827
0.03771467039
0.03765355233
0.03758695708
0.03751165467
0.03742509365
0.03732576908
0.03721357519
0.03709181156
0.03699235455
0.03699523475
0.03743991727
0.03914278367
0.04436923568
0.04707987761
0.0001243751032
1.597222921e-05
1.591647537e-05
1.591643765e-05
1.591643763e-05
1.591643764e-05
1.591643764e-05
1.591643764e-05
1.591643764e-05
1.591643764e-05
1.591643764e-05
1.591643764e-05
1.591643764e-05
1.591643764e-05
1.591643764e-05
1.591643764e-05
1.591643764e-05
1.591643764e-05
1.591643764e-05
1.591643764e-05
1.591643764e-05
1.591643764e-05
1.591643764e-05
1.591643764e-05
1.591643764e-05
1.591643764e-05
1.591643764e-05
0.04158610715
0.04179899596
0.04190281262
0.04200059814
0.04207970888
0.04214611821
0.04220465956
0.0422541054
0.04230303308
0.04234176069
0.04237900062
0.04241544281
0.04244370933
0.04246753937
0.04248993902
0.04250630068
0.04252220825
0.0425299586
0.04254002911
0.04255023503
0.04255659405
0.04256243266
0.04256094358
0.04256433794
0.04256105222
0.04255096674
0.04254175537
0.04252976245
0.0425062241
0.04247656938
0.0424293544
0.04237161385
0.04229987403
0.04220332416
0.04208088231
0.04192799424
0.04174274552
0.04152973364
0.04128357854
0.04100911919
0.04071499063
0.04040823443
0.04009705541
0.0397898051
0.0394943913
0.03921716475
0.03896361131
0.03873474518
0.03853531101
0.03836161733
0.0382147014
0.03808991506
0.03798566953
0.0378980249
0.0378221438
0.03775788964
0.03769906467
0.03764042992
0.03757926457
0.0375129313
0.03743832718
0.03735345581
0.03725595487
0.03714428807
0.03702176118
0.03691764387
0.03688395662
0.03718628272
0.0385008232
0.04246248125
0.04975556341
0.0003968946772
1.713853384e-05
1.591693364e-05
1.591643774e-05
1.591643764e-05
1.591643764e-05
1.591643764e-05
1.591643764e-05
1.591643764e-05
1.591643763e-05
1.591643763e-05
1.591643763e-05
1.591643764e-05
1.591643764e-05
1.591643764e-05
1.591643764e-05
1.591643764e-05
1.591643764e-05
1.591643764e-05
1.591643764e-05
1.591643764e-05
1.591643764e-05
1.591643764e-05
1.591643764e-05
1.591643764e-05
1.591643764e-05
1.591643764e-05
0.04140722767
0.0416284147
0.04174217874
0.04183662473
0.04191907821
0.04199183097
0.04205253902
0.04211118031
0.04216289101
0.04220697108
0.04224632675
0.04228249289
0.04230641514
0.04233210011
0.04235539918
0.04237670687
0.04239529204
0.04240763481
0.04241943069
0.04242653275
0.04243220253
0.04244027725
0.04244432104
0.0424453988
0.04244400347
0.04244107818
0.04243287907
0.04241537501
0.04239767888
0.0423696385
0.04232399937
0.04227262884
0.04220401805
0.04211101786
0.04199265588
0.04184521014
0.04166594585
0.04145928201
0.04121876943
0.04095016466
0.04066099046
0.04035816423
0.04004972744
0.03974395114
0.03944883044
0.03917048418
0.0389143624
0.03868280086
0.03848045766
0.03830288474
0.03815379508
0.03802607312
0.03791797396
0.03782840892
0.03775079898
0.03768498964
0.03762489074
0.0375661725
0.03750523205
0.03743907182
0.03736543772
0.03728156533
0.0371848009
0.03707570571
0.03695409764
0.03684224658
0.0367858987
0.03694536514
0.0380093398
0.041036685
0.04784446149
0.01457747734
3.310444031e-05
1.591950317e-05
1.591643807e-05
1.591643764e-05
1.591643764e-05
1.591643764e-05
1.591643764e-05
1.591643763e-05
1.591643764e-05
1.591643763e-05
1.591643763e-05
1.591643763e-05
1.591643764e-05
1.591643764e-05
1.591643764e-05
1.591643764e-05
1.591643764e-05
1.591643764e-05
1.591643764e-05
1.591643764e-05
1.591643764e-05
1.591643764e-05
1.591643764e-05
1.591643764e-05
1.591643764e-05
1.591643764e-05
0.04122917233
0.04146498175
0.0415798348
0.04167256574
0.04175832557
0.04183528315
0.0419081578
0.04196603486
0.04201978494
0.04206866079
0.04210991423
0.04214455099
0.04217625702
0.04220340491
0.04222311698
0.04224612233
0.04226519345
0.0422834534
0.04229662243
0.0423076786
0.04231620606
0.0423186598
0.04232443862
0.04232660323
0.04232631122
0.04232606156
0.04231861197
0.04230722247
0.04228724983
0.04226200085
0.04222269356
0.04217371383
0.04210798056
0.04201811432
0.04190454547
0.04176250478
0.04158926909
0.0413889475
0.04115439308
0.04089175786
0.04060770835
0.04030897382
0.04000341908
0.03969924364
0.03940429978
0.03912521564
0.03886719866
0.03863357677
0.03842741373
0.03824848782
0.03809353109
0.03796361425
0.03785324009
0.03776081994
0.03768159092
0.03761246431
0.03755170751
0.03749235529
0.0374315361
0.03736573757
0.03729299502
0.03721012591
0.03711563628
0.03700769552
0.03688657476
0.03677198503
0.03669768924
0.03677622906
0.03758287277
0.03994452902
0.0460629211
0.03484544197
7.164007785e-05
1.592668833e-05
1.591644176e-05
1.591643764e-05
1.591643764e-05
1.591643764e-05
1.591643764e-05
1.591643764e-05
1.591643764e-05
1.591643764e-05
1.591643763e-05
1.591643764e-05
1.591643764e-05
1.591643764e-05
1.591643764e-05
1.591643764e-05
1.591643764e-05
1.591643764e-05
1.591643764e-05
1.591643764e-05
1.591643763e-05
1.591643764e-05
1.591643764e-05
1.591643764e-05
1.591643764e-05
1.591643764e-05
0.04104967198
0.0412975256
0.04141382307
0.04151687539
0.04161135671
0.04168929983
0.04176238741
0.04182205916
0.04187321639
0.04192614374
0.04196949893
0.04200543884
0.04204256565
0.04207068046
0.04209538488
0.04211564303
0.04213513248
0.04215511566
0.04217045531
0.0421826521
0.04219507426
0.04220246498
0.04220669374
0.04221323884
0.04221546479
0.04221220402
0.04220634804
0.04219638694
0.04217814335
0.04215409291
0.04211949594
0.04207426801
0.04201110941
0.04192467159
0.04181591707
0.04167943787
0.04151241704
0.04131862377
0.04109028629
0.04083376274
0.0405550199
0.04026056646
0.03995808567
0.03965561464
0.03936110115
0.0390810235
0.03882130298
0.03858634676
0.03837584321
0.03819324866
0.0380340537
0.03790139901
0.03778779317
0.03769320938
0.03761178573
0.03753998887
0.03747807916
0.03741905527
0.0373584215
0.03729304693
0.03722115747
0.0371393527
0.03704585694
0.0369404683
0.03682071608
0.03670284817
0.03661781489
0.03665404138
0.03720960664
0.03908981692
0.04457379287
0.04666468734
0.0001255785204
1.604082163e-05
1.591651353e-05
1.591643766e-05
1.591643764e-05
1.591643764e-05
1.591643764e-05
1.591643763e-05
1.591643763e-05
1.591643764e-05
1.591643764e-05
1.591643764e-05
1.591643764e-05
1.591643764e-05
1.591643764e-05
1.591643764e-05
1.591643764e-05
1.591643764e-05
1.591643764e-05
1.591643764e-05
1.591643764e-05
1.591643764e-05
1.591643764e-05
1.591643764e-05
1.591643764e-05
1.591643764e-05
0.04086873984
0.04112515748
0.04125566279
0.04135825388
0.04145526707
0.04153447817
0.04161324468
0.04167043722
0.04173078549
0.04178275571
0.0418295614
0.0418700705
0.04190540433
0.04193519882
0.04196492133
0.04199071442
0.04201246566
0.04202793406
0.04204367604
0.04205837758
0.04207280445
0.04208476133
0.04209269993
0.04209733089
0.04209899104
0.04209716413
0.0420961532
0.04208508082
0.04206792133
0.04204658055
0.04201363939
0.04197288049
0.0419146783
0.04183219684
0.04172741921
0.04159642011
0.04144035615
0.04124838345
0.04102638506
0.04077606646
0.04050279638
0.04021280539
0.03991351129
0.0396129205
0.0393191469
0.03903873421
0.03877743143
0.03853915979
0.03832520897
0.03813996939
0.03797868264
0.03784191667
0.03772587669
0.03762712778
0.03754364453
0.03747116319
0.03740602173
0.03734647044
0.03728566167
0.03722074652
0.03714960517
0.03706878255
0.03697671219
0.03687198138
0.03675759284
0.03663526419
0.03654324928
0.0365421584
0.03691759626
0.03833006598
0.04231940004
0.04933768237
0.000943395184
1.827736097e-05
1.591722176e-05
1.591643777e-05
1.591643764e-05
1.591643764e-05
1.591643764e-05
1.591643763e-05
1.591643763e-05
1.591643763e-05
1.591643764e-05
1.591643763e-05
1.591643764e-05
1.591643764e-05
1.591643764e-05
1.591643764e-05
1.591643764e-05
1.591643764e-05
1.591643764e-05
1.591643764e-05
1.591643764e-05
1.591643764e-05
1.591643764e-05
1.591643764e-05
1.591643764e-05
1.591643764e-05
0.04069384342
0.04096270386
0.04109484326
0.04120731575
0.04130352367
0.04138772218
0.04146368964
0.04153033018
0.04158978258
0.04163793742
0.04169098228
0.04173273457
0.04176814722
0.04180465276
0.04183289914
0.04186322705
0.04188691884
0.04190792163
0.04192617144
0.04194163554
0.04195090008
0.04196298722
0.04197220114
0.04197799274
0.04198242291
0.04198588629
0.04198360793
0.04197890721
0.04196386953
0.04194040772
0.04190897716
0.04187113479
0.04181871728
0.04173934181
0.04163907154
0.04151361008
0.04136380657
0.04117843747
0.0409628471
0.04071883572
0.0404511922
0.04016588063
0.03987003525
0.03957062918
0.03927753649
0.03899803442
0.03873479974
0.03849399048
0.0382789169
0.03808811537
0.03792414079
0.03778298153
0.03766378889
0.03756164896
0.0374765036
0.03740148398
0.03733485569
0.03727330052
0.0372133494
0.03714894305
0.0370781133
0.03699842047
0.03690705514
0.03680511909
0.03669312836
0.03656989124
0.03647292233
0.03643850807
0.03665978092
0.03780045403
0.04085560539
0.04746449211
0.01960283341
4.026593868e-05
1.592046033e-05
1.591643836e-05
1.591643764e-05
1.591643764e-05
1.591643764e-05
1.591643764e-05
1.591643764e-05
1.591643764e-05
1.591643764e-05
1.591643764e-05
1.591643764e-05
1.591643764e-05
1.591643764e-05
1.591643764e-05
1.591643764e-05
1.591643764e-05
1.591643764e-05
1.591643764e-05
1.591643764e-05
1.591643764e-05
1.591643764e-05
1.591643764e-05
1.591643764e-05
1.591643764e-05
0.04051269047
0.04079280554
0.04093179894
0.04104572381
0.04114314132
0.04123459778
0.04131172868
0.04138440449
0.0414454063
0.04150229952
0.04155385349
0.04159575041
0.04163817924
0.04167410526
0.04170656674
0.04173413537
0.04175890549
0.04178550516
0.04180481679
0.04182225986
0.04183564593
0.04184516213
0.04185504526
0.04186586927
0.041871809
0.04187296345
0.04187034821
0.04186769298
0.04185649459
0.041836666
0.04180809057
0.04176940406
0.04172227523
0.04164649814
0.0415505043
0.04143076444
0.04128730146
0.04110868387
0.04089962862
0.0406620413
0.04040019283
0.04011977334
0.03982789503
0.03953257636
0.03924053843
0.03895760094
0.03869399001
0.03845104512
0.03823220895
0.03803825097
0.03787118623
0.03772713139
0.03760415862
0.03750025092
0.03741132496
0.03733402481
0.03726588305
0.03720300285
0.03714221057
0.03707718679
0.03700747396
0.03692752985
0.03683851063
0.03673829966
0.03662803105
0.03650588809
0.03640437194
0.0363499957
0.03646526211
0.03734944054
0.03972712393
0.04573581715
0.03842478671
8.262321053e-05
1.59341938e-05
1.591645138e-05
1.591643764e-05
1.591643764e-05
1.591643764e-05
1.591643764e-05
1.591643763e-05
1.591643763e-05
1.591643763e-05
1.591643764e-05
1.591643764e-05
1.591643764e-05
1.591643764e-05
1.591643764e-05
1.591643764e-05
1.591643764e-05
1.591643764e-05
1.591643764e-05
1.591643764e-05
1.591643764e-05
1.591643764e-05
1.591643764e-05
1.591643764e-05
1.591643764e-05
0.04032802478
0.04062186146
0.04075827982
0.04088178524
0.0409800423
0.04107534186
0.04115321844
0.0412318504
0.04129499676
0.04135971946
0.04141240674
0.04146161788
0.04150539153
0.04153949067
0.04157419766
0.04160359608
0.04163447596
0.04165852012
0.04167834752
0.04169770102
0.04171535623
0.04172645808
0.04174108418
0.04174938074
0.0417559134
0.04175879616
0.04176140608
0.04175799748
0.04174718001
0.04173159844
0.04170527307
0.0416668168
0.04162367384
0.04155264872
0.04146127058
0.04135253444
0.04121062566
0.04103899652
0.04083646806
0.04060544091
0.0403495943
0.04007426877
0.03978556784
0.03949311814
0.03920296502
0.03892222205
0.03865570694
0.0384097853
0.03818758171
0.0379908929
0.03781926924
0.03767011004
0.03754554454
0.03743850961
0.03734665277
0.03726738403
0.03719807632
0.03713301194
0.0370714565
0.0370069301
0.03693596862
0.03685861726
0.03676978157
0.03667041257
0.03656425853
0.0364462057
0.0363371307
0.03626968622
0.03633581981
0.03693880548
0.03881781412
0.044104084
0.04778167579
0.0001739048789
1.646410052e-05
1.591667705e-05
1.591643769e-05
1.591643763e-05
1.591643763e-05
1.591643763e-05
1.591643764e-05
1.591643764e-05
1.591643763e-05
1.591643764e-05
1.591643764e-05
1.591643764e-05
1.591643764e-05
1.591643764e-05
1.591643764e-05
1.591643764e-05
1.591643764e-05
1.591643764e-05
1.591643764e-05
1.591643764e-05
1.591643764e-05
1.591643764e-05
1.591643764e-05
1.591643764e-05
0.0401443841
0.04045459475
0.04059393381
0.04071993812
0.04082732468
0.0409202216
0.04100732196
0.04108545019
0.04115667021
0.04122014916
0.04127154884
0.04132682553
0.04136967512
0.04140997438
0.0414435603
0.04147884852
0.04150992303
0.04153293162
0.04155260042
0.04157238067
0.04159265749
0.04161042338
0.04162454448
0.04163234634
0.04164043584
0.04164893778
0.04164925155
0.04164513939
0.04163710149
0.04162527915
0.04160034657
0.04156723315
0.04152325476
0.04145746213
0.04137243704
0.04126941031
0.04113380867
0.04096917869
0.04077309449
0.04054891167
0.04029935554
0.04002949933
0.03974577868
0.03945619013
0.03916750569
0.03888554845
0.03861734505
0.03836931548
0.03814528853
0.03794493659
0.03776939367
0.0376188822
0.03748903
0.03737898146
0.03728480196
0.03720282544
0.03713027111
0.0370641601
0.03700051955
0.03693640181
0.03686668016
0.03678828033
0.03670195478
0.036605016
0.0365006909
0.03638352624
0.03627359797
0.03619673078
0.03622066468
0.03663412968
0.0380650307
0.04181313839
0.04864186899
0.00723332518
2.472849467e-05
1.591810807e-05
1.591643787e-05
1.591643764e-05
1.591643764e-05
1.591643764e-05
1.591643764e-05
1.591643764e-05
1.591643764e-05
1.591643763e-05
1.591643764e-05
1.591643764e-05
1.591643764e-05
1.591643764e-05
1.591643764e-05
1.591643764e-05
1.591643764e-05
1.591643764e-05
1.591643764e-05
1.591643764e-05
1.591643764e-05
1.591643764e-05
1.591643764e-05
1.591643764e-05
0.03996108837
0.0402843554
0.04043719397
0.04056526092
0.04067931862
0.04077123965
0.04085966823
0.04093429957
0.04101116002
0.04107621767
0.04112921946
0.04118787962
0.04123172597
0.04127853502
0.04131722622
0.04135009764
0.04138126536
0.04140482044
0.04143294623
0.04145516647
0.04147187965
0.04149153652
0.04150616975
0.04152044943
0.04152911562
0.04153620908
0.0415376431
0.04153814056
0.04153371682
0.04152069298
0.0415003982
0.04146890298
0.04142340236
0.04136487759
0.0412835482
0.04118625419
0.04105679033
0.0408991721
0.04070980153
0.04049247534
0.04024935968
0.03998519359
0.03970600447
0.03942050586
0.03913284457
0.03885144549
0.03858316316
0.03833393164
0.03810516288
0.03790071068
0.03772073736
0.03756663345
0.03743247392
0.03731985836
0.03722304216
0.03713894764
0.03706451875
0.03699735424
0.03693208427
0.03686691424
0.0367976705
0.0367197134
0.03663538488
0.03653901086
0.03643674597
0.03632255822
0.03621156374
0.03612483072
0.03611411323
0.03636376421
0.03751670162
0.04041641619
0.04674348505
0.02895435475
5.680493112e-05
1.592350443e-05
1.591644174e-05
1.591643764e-05
1.591643764e-05
1.591643764e-05
1.591643764e-05
1.591643764e-05
1.591643764e-05
1.591643763e-05
1.591643764e-05
1.591643764e-05
1.591643763e-05
1.591643763e-05
1.591643764e-05
1.591643764e-05
1.591643764e-05
1.591643764e-05
1.591643764e-05
1.591643764e-05
1.591643764e-05
1.591643764e-05
1.591643764e-05
1.591643764e-05
0.03977605949
0.04011172988
0.04026822999
0.04040323641
0.04051990292
0.04062384295
0.04071316926
0.04079417801
0.04086924307
0.04093271752
0.04099476151
0.04105125424
0.0411004456
0.04114572762
0.04118691584
0.04122001238
0.04125383105
0.04128346585
0.04131188159
0.04133570763
0.04135653687
0.04137329732
0.04138704222
0.04140319338
0.0414127247
0.04142220833
0.04142890019
0.04142750471
0.0414256182
0.04141436633
0.04139780644
0.04137097051
0.04132761196
0.04127236449
0.04119960088
0.04110298889
0.04097960479
0.04082859288
0.04064608327
0.04043586011
0.04019946647
0.03994129353
0.03966740002
0.03938453073
0.03909867029
0.03881899463
0.0385501709
0.03829693813
0.03806512149
0.03785859081
0.03767628949
0.03751673162
0.03737973586
0.0372626991
0.03716216511
0.03707607506
0.03699953574
0.03693064018
0.03686348244
0.03679757864
0.03672858023
0.03665229085
0.03656702568
0.03647575971
0.03637496429
0.0362609957
0.03615441524
0.03605818908
0.03602701468
0.03616932201
0.03703953763
0.03932848272
0.04509202559
0.04357186092
0.0001084961873
1.605809405e-05
1.591652098e-05
1.591643766e-05
1.591643764e-05
1.591643764e-05
1.591643764e-05
1.591643764e-05
1.591643764e-05
1.591643764e-05
1.591643764e-05
1.591643764e-05
1.591643763e-05
1.591643764e-05
1.591643763e-05
1.591643764e-05
1.591643764e-05
1.591643764e-05
1.591643764e-05
1.591643764e-05
1.591643764e-05
1.591643764e-05
1.591643764e-05
1.591643764e-05
0.03958823979
0.03993272979
0.040098744
0.04023326304
0.04035590083
0.04046356514
0.04055708906
0.04064664425
0.04072194015
0.04078482423
0.04085321744
0.04090951999
0.04096529038
0.041009414
0.04105689095
0.04109402934
0.04112910605
0.04115832514
0.04118600041
0.04121175263
0.0412359171
0.04125194306
0.04127258564
0.04128779411
0.0413015025
0.04130717677
0.04131671588
0.04132049215
0.04131658831
0.04130730903
0.04129273204
0.04127130684
0.04122767424
0.04118341261
0.04111010564
0.04101912122
0.04090186066
0.04075744186
0.04058186144
0.04037901531
0.04014952997
0.03989754959
0.03962883461
0.03934924574
0.0390667985
0.03878755635
0.03851824186
0.03826401594
0.03803036573
0.03781876359
0.03763137181
0.03746743063
0.03732802305
0.03720724673
0.03710402421
0.03701578019
0.03693648118
0.03686462597
0.03679769093
0.03672998767
0.036660112
0.0365855897
0.03650143555
0.03641050708
0.03631158146
0.03620583397
0.03609748152
0.03599645415
0.03594938228
0.03604231297
0.03664564229
0.03841149171
0.04309365342
0.04866771869
0.001143390049
1.858657961e-05
1.591723223e-05
1.591643776e-05
1.591643764e-05
1.591643764e-05
1.591643764e-05
1.591643764e-05
1.591643764e-05
1.591643764e-05
1.591643764e-05
1.591643763e-05
1.591643763e-05
1.591643763e-05
1.591643764e-05
1.591643764e-05
1.591643764e-05
1.591643764e-05
1.591643764e-05
1.591643764e-05
1.591643764e-05
1.591643764e-05
1.591643764e-05
1.591643764e-05
0.0393999022
0.03975847586
0.03992474668
0.04007095541
0.04019090276
0.04030503698
0.0404068464
0.04050024749
0.04057479566
0.04065010071
0.04071954463
0.0407787893
0.0408269376
0.04087861698
0.04092390269
0.04096470389
0.04100056172
0.04102936008
0.04105784238
0.04108583851
0.04111155883
0.04113473512
0.04115292647
0.04116791752
0.04118536718
0.04119735475
0.04120430441
0.04120905503
0.04120558299
0.04119925084
0.04118724407
0.04116985459
0.04113728555
0.0410900966
0.04102027384
0.04093461952
0.04082367049
0.0406861529
0.040517404
0.04032198424
0.04009958201
0.03985399938
0.03959063045
0.03931464129
0.03903531212
0.03875841374
0.03848749441
0.03823229474
0.03799448678
0.03777896398
0.03758894494
0.03742118162
0.03727798433
0.03715389585
0.03704706775
0.03695528436
0.03687476879
0.03680049307
0.03673233669
0.03666352401
0.03659352912
0.03651876017
0.03643799995
0.03634823934
0.03624965608
0.03614586621
0.03604038833
0.03593708886
0.03588037443
0.03591229265
0.03633052558
0.03769056082
0.04104889547
0.04751246785
0.0205205047
4.117502776e-05
1.592034618e-05
1.591643921e-05
1.591643764e-05
1.591643764e-05
1.591643764e-05
1.591643764e-05
1.591643764e-05
1.591643764e-05
1.591643763e-05
1.591643763e-05
1.591643763e-05
1.591643763e-05
1.591643764e-05
1.591643764e-05
1.591643764e-05
1.591643764e-05
1.591643764e-05
1.591643764e-05
1.591643764e-05
1.591643764e-05
1.591643764e-05
1.591643764e-05
0.03921242047
0.03958814419
0.03975449805
0.03990682433
0.0400369495
0.04015289636
0.04025311272
0.04034901386
0.04043394447
0.04050931712
0.04057677507
0.04064061041
0.04069516611
0.04075008546
0.04079186478
0.04083722036
0.04087599774
0.04090738351
0.040938153
0.04096597133
0.04098828433
0.04101282657
0.04103357398
0.04105494234
0.04107000086
0.04108272336
0.04109035914
0.04109735726
0.04110076726
0.04110128842
0.0410916016
0.04107384052
0.04104147421
0.04099534514
0.0409309295
0.0408500912
0.04074509868
0.0406142307
0.04045238343
0.04026478276
0.04004963486
0.03981058596
0.0395528111
0.03928176862
0.03900476108
0.03872725985
0.03845836272
0.03820101292
0.03796136032
0.03774439734
0.03754868851
0.0373786278
0.03722922793
0.03710054408
0.03699187025
0.03689723495
0.03681445249
0.03673837155
0.03666766022
0.03659961746
0.03652783902
0.03645373147
0.03637373109
0.03628522132
0.03618877886
0.03608788309
0.03598279484
0.03587909112
0.03581220418
0.03581691393
0.03606747879
0.03715226713
0.0398003124
0.04573176123
0.03877478866
8.404977989e-05
1.596378552e-05
1.591647364e-05
1.591643765e-05
1.591643764e-05
1.591643764e-05
1.591643764e-05
1.591643763e-05
1.591643763e-05
1.591643764e-05
1.591643764e-05
1.591643763e-05
1.591643763e-05
1.591643763e-05
1.591643764e-05
1.591643764e-05
1.591643764e-05
1.591643764e-05
1.591643764e-05
1.591643764e-05
1.591643763e-05
1.591643763e-05
1.591643764e-05
0.03902446088
0.03941529047
0.03959244914
0.03974440443
0.03987972547
0.03999849798
0.04010589913
0.04020096628
0.0402891735
0.0403658482
0.04043453926
0.04050206516
0.04056297315
0.04061538036
0.04066458552
0.04070611082
0.04074775688
0.04078528761
0.0408208288
0.04084912177
0.04087754994
0.04090015611
0.04092514086
0.04094394215
0.04095781485
0.04097341206
0.0409852023
0.04099069344
0.0409968461
0.04099467571
0.04098798696
0.04097129836
0.04094527687
0.04090317566
0.04084104109
0.04076442
0.04066582584
0.04054098851
0.04038686215
0.0402071538
0.03999936627
0.03976712277
0.03951506542
0.03924871559
0.03897500236
0.03869956836
0.03843053965
0.03817296591
0.03793149144
0.03770932873
0.03750927919
0.0373350521
0.03718227379
0.03705161068
0.03693874537
0.03684057057
0.03675499184
0.03667721032
0.03660535452
0.03653635989
0.03646363584
0.03639006359
0.03631019269
0.03622291873
0.0361290524
0.03603328672
0.03592635386
0.03582185392
0.03574841521
0.03573508881
0.03589816319
0.0366902836
0.03877242918
0.0440535352
0.0473332042
0.0003899868349
1.716037267e-05
1.591689643e-05
1.591643771e-05
1.591643764e-05
1.591643763e-05
1.591643763e-05
1.591643764e-05
1.591643764e-05
1.591643764e-05
1.591643764e-05
1.591643764e-05
1.591643763e-05
1.591643764e-05
1.591643764e-05
1.591643764e-05
1.591643764e-05
1.591643764e-05
1.591643764e-05
1.591643764e-05
1.591643764e-05
1.591643764e-05
1.591643764e-05
0.03883463843
0.03923545718
0.03941890209
0.0395736732
0.03971462855
0.03984102546
0.03995283579
0.0400457614
0.04014194727
0.04022521581
0.04029744999
0.04036344916
0.04042791381
0.04048053619
0.04053268381
0.04058082111
0.04061926944
0.0406584151
0.04069422949
0.04072566753
0.04075795053
0.04078496018
0.04080833532
0.04082819761
0.0408467417
0.04085893739
0.04087279072
0.04088331796
0.04088756444
0.04088649367
0.04088167025
0.04086749777
0.04084502406
0.04080789077
0.04075026904
0.04067786174
0.04058584217
0.04046772373
0.04032075773
0.04014900915
0.03994870374
0.03972344344
0.03947744758
0.0392161159
0.03894494789
0.03867279254
0.03840346617
0.03814391989
0.03790024461
0.0376761262
0.0374744847
0.03729429744
0.03713730589
0.03700244173
0.03688539553
0.03678515432
0.03669768161
0.03661791745
0.0365438863
0.03647300007
0.03640200883
0.03632636212
0.03624752323
0.03616071048
0.03607038688
0.03597437607
0.03587064855
0.03577165418
0.03569017791
0.03566124174
0.03576145458
0.03632269833
0.03790256759
0.04171710368
0.04807017755
0.01473054497
3.258022871e-05
1.591894701e-05
1.591643847e-05
1.591643764e-05
1.591643763e-05
1.591643763e-05
1.591643763e-05
1.591643763e-05
1.591643764e-05
1.591643763e-05
1.591643763e-05
1.591643763e-05
1.591643764e-05
1.591643764e-05
1.591643764e-05
1.591643764e-05
1.591643764e-05
1.591643764e-05
1.591643764e-05
1.591643764e-05
1.591643764e-05
1.591643763e-05
0.0386419162
0.03905397409
0.03924494574
0.03940573986
0.03954807184
0.03967710278
0.03979584278
0.03990104317
0.03999219583
0.04008109478
0.04015457159
0.04022207906
0.04028829043
0.04034886615
0.04039975821
0.04045056338
0.04049078445
0.04053471293
0.04056798805
0.04060142911
0.04063426219
0.04066452307
0.04068800879
0.04070858219
0.04073097518
0.04074861804
0.04075967496
0.04077076554
0.04077589677
0.04077789484
0.04077426341
0.04076246986
0.04074226262
0.04071151174
0.04065853465
0.04059046291
0.04050518454
0.04039384388
0.04025438723
0.04009024562
0.03989746481
0.03967935308
0.03943964085
0.03918347295
0.03891684043
0.0386459648
0.03837780339
0.03811797535
0.03787229724
0.03764404397
0.0374386356
0.03725511473
0.03709516321
0.03695539011
0.03683579046
0.0367321129
0.03664123472
0.03655967481
0.03648404343
0.03641157669
0.03634077764
0.03626359798
0.03618604164
0.03610055624
0.03601163962
0.0359166556
0.0358146283
0.03572319315
0.03563473504
0.03558979963
0.03563635115
0.03601347434
0.03728422108
0.04023198603
0.04617868316
0.03471871203
7.015512822e-05
1.594128045e-05
1.591645954e-05
1.591643764e-05
1.591643763e-05
1.591643763e-05
1.591643763e-05
1.591643763e-05
1.591643763e-05
1.591643763e-05
1.591643763e-05
1.591643763e-05
1.591643764e-05
1.591643764e-05
1.591643764e-05
1.591643764e-05
1.591643764e-05
1.591643764e-05
1.591643764e-05
1.591643764e-05
1.591643764e-05
1.591643764e-05
0.03844887954
0.03887672913
0.03906693728
0.03923936425
0.03938841189
0.03952243385
0.03964123896
0.03974802267
0.03984291288
0.03993302356
0.04001390578
0.04008654598
0.0401510451
0.0402156718
0.04027103441
0.04032038129
0.0403667344
0.0404102817
0.04044886767
0.0404835598
0.04051238155
0.04054271563
0.04056855938
0.0405954511
0.04061650182
0.04063535368
0.0406508124
0.04066055678
0.04067132812
0.04067453508
0.04067018144
0.04065904814
0.04064360014
0.04061311918
0.04056692909
0.04050322865
0.04042424876
0.04031948568
0.04018802195
0.04003064636
0.03984547255
0.03963471959
0.03940161371
0.03915102115
0.03888786577
0.03862051378
0.03835219761
0.03809389118
0.03784565816
0.03761609591
0.03740749708
0.03721951722
0.03705359801
0.03690952843
0.03678675374
0.03667986852
0.0365862139
0.03650288948
0.03642596559
0.03635115867
0.03627989511
0.03620378776
0.03612334181
0.03604144492
0.03595400522
0.03586115496
0.03576197225
0.03567070726
0.03558220555
0.03552583964
0.03554887426
0.03578200213
0.0367346035
0.03907249222
0.04454528782
0.04565544115
0.0002356109901
1.675807069e-05
1.591676398e-05
1.591643769e-05
1.591643763e-05
1.591643763e-05
1.591643764e-05
1.591643764e-05
1.591643764e-05
1.591643763e-05
1.591643763e-05
1.591643764e-05
1.591643764e-05
1.591643764e-05
1.591643764e-05
1.591643764e-05
1.591643764e-05
1.591643764e-05
1.591643764e-05
1.591643764e-05
1.591643764e-05
1.591643764e-05
0.03825486962
0.03869651555
0.03890003498
0.03907389196
0.03922808245
0.039366276
0.03948305609
0.03959897013
0.03970028903
0.03979139712
0.03987116963
0.03994916402
0.04001879407
0.04008281511
0.040138445
0.04018922635
0.04023850784
0.04028332539
0.04032469596
0.04036227732
0.0403949799
0.04042327609
0.04045389092
0.04047948438
0.04049888178
0.04052040112
0.04053780562
0.04055317285
0.04056376116
0.04056872401
0.04056809749
0.04055604428
0.04054361013
0.0405182359
0.04047581392
0.04041701777
0.0403422817
0.0402441858
0.04012023233
0.03997012265
0.03979264981
0.03958945739
0.03936318936
0.03911843011
0.03886004016
0.03859442332
0.03832938143
0.03806835813
0.03782172892
0.03758855344
0.03737445765
0.03718283344
0.03701522052
0.0368681202
0.03674045142
0.0366301301
0.03653280669
0.03644732381
0.03636909111
0.03629289193
0.03621922381
0.03614579905
0.0360638197
0.03598095836
0.03589576739
0.03580444628
0.03571017804
0.03561888385
0.03553154247
0.03546732024
0.03547458065
0.03563494837
0.03631719683
0.03811211697
0.04232230871
0.04822230558
0.01137383389
2.834104654e-05
1.59182996e-05
1.591643826e-05
1.591643764e-05
1.591643763e-05
1.591643763e-05
1.591643764e-05
1.591643764e-05
1.591643763e-05
1.591643763e-05
1.591643764e-05
1.591643764e-05
1.591643764e-05
1.591643764e-05
1.591643764e-05
1.591643764e-05
1.591643764e-05
1.591643764e-05
1.591643764e-05
1.591643764e-05
1.591643764e-05
0.03806219595
0.03852363405
0.03872837824
0.03890291502
0.03906293242
0.03920576607
0.03933391434
0.03944602613
0.03955173861
0.03964636234
0.03973275565
0.03981005074
0.03988355772
0.03994714635
0.04000426554
0.04006081957
0.04010829836
0.04015324854
0.04019781035
0.04023720981
0.0402721957
0.04030616479
0.04033573442
0.04036186572
0.04038643802
0.04040532109
0.04042422996
0.04044071648
0.04045256063
0.04046058559
0.04046359292
0.04045659636
0.04044245979
0.04041980245
0.04038389493
0.04032851179
0.04025881975
0.04016821238
0.04005261757
0.03990846248
0.03973895491
0.03954355756
0.03932436759
0.03908574254
0.03883233054
0.03857100346
0.03830584431
0.03804524142
0.03779755203
0.03756328333
0.03734735902
0.03715153568
0.03697861831
0.03682646226
0.03669436252
0.03657952923
0.03648070732
0.03639277805
0.03631260195
0.03623546363
0.03616032597
0.03608532389
0.03600438288
0.03592447903
0.03583821156
0.03574844345
0.03565835698
0.03556771948
0.03548128771
0.03541278121
0.03540210182
0.03549697769
0.03598054534
0.03736644065
0.04062590994
0.04646081702
0.03202249473
6.243010749e-05
1.593528107e-05
1.591645549e-05
1.591643764e-05
1.591643763e-05
1.591643763e-05
1.591643763e-05
1.591643764e-05
1.591643763e-05
1.591643764e-05
1.591643764e-05
1.591643764e-05
1.591643764e-05
1.591643764e-05
1.591643764e-05
1.591643764e-05
1.591643764e-05
1.591643764e-05
1.591643764e-05
1.591643764e-05
1.591643764e-05
0.03786759559
0.03834259216
0.03855136399
0.03873846892
0.03890112511
0.03904828462
0.03917905905
0.03929230455
0.03940474484
0.03949890054
0.0395885699
0.03966693354
0.03974189982
0.03980767351
0.03987383919
0.03992981175
0.0399833772
0.04003110946
0.04007075283
0.04011009542
0.04014875413
0.04018359446
0.0402136322
0.04024203409
0.04026972385
0.04029395312
0.04031361215
0.04032871996
0.04034186466
0.04035187422
0.04035648356
0.04035259656
0.04034014476
0.04031996066
0.04029094022
0.04024030975
0.0401750527
0.04009150567
0.03998360334
0.03984573258
0.03968444785
0.03949697464
0.03928508517
0.03905287404
0.03880470935
0.03854596505
0.03828392204
0.03802681179
0.03777501531
0.03754008283
0.03731937607
0.03712064655
0.03694171937
0.0367871324
0.03665051581
0.03653398575
0.03643187304
0.03634031031
0.03625805372
0.03617990886
0.03610264271
0.03602616598
0.03594958432
0.03586592103
0.03578253809
0.03569221837
0.03560802846
0.03551869224
0.03543153978
0.03536164855
0.03533006461
0.035386095
0.0357084925
0.03679757503
0.03932703879
0.04475215784
0.04427101792
0.0001965866578
1.663736066e-05
1.591671634e-05
1.591643768e-05
1.591643763e-05
1.591643764e-05
1.591643763e-05
1.591643764e-05
1.591643764e-05
1.591643764e-05
1.591643764e-05
1.591643764e-05
1.591643763e-05
1.591643764e-05
1.591643764e-05
1.591643764e-05
1.591643764e-05
1.591643764e-05
1.591643764e-05
1.591643764e-05
1.591643764e-05
0.03767048498
0.03815667612
0.03837217032
0.03856516517
0.03873346272
0.0388862803
0.03902123621
0.0391450406
0.03925387622
0.03934955296
0.03944234357
0.03952931196
0.03960406206
0.03967691216
0.03974207038
0.0397979199
0.03985291879
0.03990463393
0.03995096758
0.03999250817
0.04003043334
0.04006422251
0.04010020503
0.04013004193
0.04015432645
0.04017951984
0.040201134
0.04022159068
0.04023628478
0.04024372504
0.04025057099
0.0402485603
0.04024242711
0.04022527372
0.04019867257
0.04015065886
0.0400899471
0.04001414973
0.03991394752
0.03978187094
0.03962884419
0.03944949087
0.03924545822
0.03901977543
0.03877751099
0.03852252948
0.03826526087
0.03800673726
0.03775683653
0.03751674837
0.0372972082
0.03709323099
0.03690944157
0.03675062571
0.03661063846
0.03648921141
0.03638176866
0.03628923714
0.03620470632
0.03612484035
0.03604687547
0.03596893218
0.03589083081
0.03581187632
0.03572513917
0.03564122153
0.03555409878
0.03547004113
0.03538294868
0.03531254428
0.03526914859
0.03530611029
0.03553145661
0.03632742518
0.03828228945
0.0427352293
0.04796170027
0.01013756117
2.672458573e-05
1.591802628e-05
1.591643827e-05
1.591643764e-05
1.591643764e-05
1.591643764e-05
1.591643764e-05
1.591643763e-05
1.591643763e-05
1.591643764e-05
1.591643764e-05
1.591643764e-05
1.591643764e-05
1.591643764e-05
1.591643764e-05
1.591643764e-05
1.591643764e-05
1.591643764e-05
1.591643764e-05
1.591643764e-05
0.03747071165
0.03796935735
0.03819841596
0.03839549807
0.0385634659
0.03872017307
0.03886325617
0.03898870933
0.03910077274
0.03920194098
0.03930413854
0.03939096715
0.03947095065
0.03954369228
0.03960775362
0.03966939425
0.03972319137
0.03977621749
0.03982513895
0.03986757301
0.03990690451
0.03994752345
0.03998229974
0.0400137852
0.04004268449
0.04006614558
0.04009200908
0.04011079475
0.04012684215
0.04014037346
0.04014455167
0.04014943198
0.04014472761
0.04012946948
0.04010609568
0.0400620699
0.04000608624
0.0399350505
0.03984301554
0.03971642786
0.03957233063
0.03940110988
0.03920511345
0.03898617265
0.03875004733
0.03850116186
0.03824515349
0.03798926275
0.03773769775
0.03749875753
0.03727326705
0.03706695212
0.03687994475
0.03671218951
0.03657037113
0.0364441186
0.03633633276
0.03624080169
0.03615316559
0.03607092616
0.03599229381
0.03591289818
0.03583372099
0.03575394866
0.03567362612
0.03558567691
0.03550299933
0.03541969062
0.03533835742
0.03526481563
0.03521362834
0.03523127902
0.0353750996
0.03596143846
0.03749496156
0.04091249257
0.04662031027
0.0307789555
5.896388873e-05
1.593606529e-05
1.591645617e-05
1.591643764e-05
1.591643764e-05
1.591643764e-05
1.591643764e-05
1.591643763e-05
1.591643764e-05
1.591643764e-05
1.591643764e-05
1.591643764e-05
1.591643764e-05
1.591643764e-05
1.591643764e-05
1.591643764e-05
1.591643764e-05
1.591643764e-05
1.591643764e-05
1.591643764e-05
0.03727134953
0.03779006408
0.0380204661
0.03822389088
0.0384025109
0.03855961752
0.03870102452
0.03883576284
0.03894875763
0.03906006724
0.03916113927
0.03925182296
0.03933480461
0.03940841039
0.03947368206
0.03953730599
0.03959676194
0.03964728726
0.03969825311
0.03974303441
0.03978852317
0.03982638349
0.03986278404
0.03989626307
0.03992653448
0.03995522738
0.03997918085
0.03999930568
0.04001719533
0.040033136
0.04004342121
0.0400471583
0.04004298105
0.04002983732
0.04000968826
0.03997161716
0.03992038653
0.03985445411
0.03976829734
0.03965171975
0.03951491234
0.0393517344
0.03916369316
0.03895192465
0.03872174887
0.03847904091
0.0382258401
0.03797107822
0.03772040438
0.03747853503
0.03725046419
0.03704193586
0.03685225608
0.03668139678
0.03653370607
0.03640475887
0.03629130329
0.03619242513
0.03610321893
0.03601864849
0.03593933971
0.03585874385
0.03577941075
0.0356984895
0.03561784955
0.03553261925
0.0354507223
0.035373874
0.03529441729
0.03521808615
0.0351613565
0.03516612195
0.03526162576
0.03564935486
0.03681798427
0.03952291531
0.04485166927
0.04344748416
0.0002056256002
1.666369484e-05
1.591671667e-05
1.591643768e-05
1.591643763e-05
1.591643764e-05
1.591643764e-05
1.591643764e-05
1.591643764e-05
1.591643764e-05
1.591643764e-05
1.591643764e-05
1.591643764e-05
1.591643764e-05
1.591643764e-05
1.591643764e-05
1.591643764e-05
1.591643764e-05
1.591643764e-05
1.591643764e-05
0.03707000504
0.03760221448
0.03783839516
0.03804924321
0.03823101506
0.03839265589
0.03854386739
0.03867949471
0.0388059303
0.0389161818
0.03902082577
0.03910980696
0.0391966207
0.03927052874
0.03934315561
0.03940585599
0.03946876608
0.03952381005
0.03957183711
0.03962321822
0.03966692301
0.03970541179
0.03974108263
0.03977558974
0.03980835365
0.0398390392
0.0398661579
0.03989004582
0.03991112871
0.03992638492
0.03993803352
0.0399426798
0.03994160305
0.03993372118
0.03991382721
0.0398826465
0.03983483007
0.03977296455
0.03969308961
0.03958528777
0.03945642313
0.03930120219
0.03912123173
0.03891722847
0.03869305902
0.03845488809
0.03820583745
0.03795445007
0.03770467216
0.03746151727
0.03723082054
0.03701829338
0.03682432046
0.0366504169
0.03649611424
0.03636482944
0.0362463393
0.03614454158
0.03605422741
0.03596751641
0.03588655987
0.03580551112
0.03572577935
0.03564456945
0.03556342104
0.03548387602
0.03540406655
0.03532329331
0.03524766308
0.03517395286
0.03511238736
0.03509357885
0.03515701588
0.03543717376
0.03631621627
0.03841770533
0.04298116192
0.0476326428
0.01060162091
2.688260512e-05
1.591798203e-05
1.591643852e-05
1.591643764e-05
1.591643764e-05
1.591643763e-05
1.591643764e-05
1.591643764e-05
1.591643764e-05
1.591643764e-05
1.591643764e-05
1.591643764e-05
1.591643764e-05
1.591643764e-05
1.591643764e-05
1.591643764e-05
1.591643764e-05
1.591643764e-05
1.591643764e-05
0.03686678644
0.03741366272
0.03766166421
0.03787744784
0.03806800988
0.03823718971
0.03839066207
0.03852435488
0.03865284193
0.03877043422
0.03887510119
0.03897000545
0.03905562955
0.03913302135
0.03921045136
0.03927793922
0.03933916342
0.0393965955
0.03945116402
0.03950106033
0.03954625188
0.03958984116
0.03962876611
0.03966370324
0.03969616697
0.03972490895
0.03975262421
0.03977797316
0.0397995333
0.03981609892
0.03983031559
0.03983627091
0.03983728699
0.03983476826
0.03981962528
0.0397920764
0.03974692435
0.03969128529
0.03961784813
0.03951832397
0.03939655384
0.03924929123
0.03907723638
0.03887997614
0.03866394904
0.03842987185
0.03818715305
0.03793770324
0.03768876173
0.03744653103
0.03721535969
0.03699716694
0.0368019238
0.03662135337
0.03646540598
0.03632732695
0.03620795314
0.03610226794
0.03600708099
0.03591828387
0.03583487299
0.03575384457
0.0356729751
0.03559158477
0.03551077755
0.03543115551
0.03535249238
0.03527614656
0.03520382814
0.03513344104
0.03506932019
0.03503722454
0.03508352057
0.03527498494
0.03592258999
0.0375333397
0.0410277841
0.046605806
0.03088154425
5.883614307e-05
1.594483574e-05
1.591646163e-05
1.591643764e-05
1.591643764e-05
1.591643764e-05
1.591643764e-05
1.591643764e-05
1.591643764e-05
1.591643764e-05
1.591643764e-05
1.591643764e-05
1.591643764e-05
1.591643764e-05
1.591643764e-05
1.591643764e-05
1.591643764e-05
1.591643764e-05
1.591643764e-05
0.03666370315
0.0372313152
0.03748107286
0.03770179488
0.03789722208
0.03807187071
0.03822940199
0.03837219345
0.03850449846
0.03862271515
0.03872744893
0.03882489168
0.03891600268
0.03899878948
0.03907462889
0.03914683877
0.03920750026
0.03926681818
0.03932458114
0.03937575896
0.03942174385
0.03946892295
0.03950943028
0.03954657387
0.03958038747
0.03961491071
0.03964455712
0.03967083591
0.03969135534
0.03971144298
0.03972389955
0.0397347731
0.03973906921
0.03973439491
0.0397234711
0.03970118164
0.03966043389
0.03960865733
0.03954050668
0.03945095632
0.03933521172
0.0391960986
0.03903188911
0.03884299798
0.03863349536
0.03840665197
0.03816725133
0.03792108057
0.0376747818
0.03743201232
0.03719879176
0.03697972257
0.03677724582
0.03659588178
0.036433369
0.0362919972
0.0361673905
0.03605802797
0.03596080094
0.03587024417
0.0357848271
0.03570329519
0.03562098521
0.03554068717
0.03545950602
0.03538039253
0.03530284694
0.03522803388
0.03515734012
0.03508921404
0.0350279661
0.03498524558
0.03501588106
0.03515393236
0.03559764925
0.03686242524
0.0396364556
0.04481890364
0.04322652995
0.00027718339
1.683841284e-05
1.59167571e-05
1.591643768e-05
1.591643763e-05
1.591643764e-05
1.591643764e-05
1.591643764e-05
1.591643764e-05
1.591643764e-05
1.591643764e-05
1.591643764e-05
1.591643764e-05
1.591643764e-05
1.591643764e-05
1.591643764e-05
1.591643764e-05
1.591643764e-05
1.591643764e-05
0.03645812168
0.03703792591
0.03729465051
0.03752039068
0.03772575437
0.03790832991
0.0380701766
0.03821406431
0.03834832882
0.03847047322
0.03858153742
0.03868365055
0.03877407581
0.03886309387
0.03893865536
0.03901251783
0.03908091897
0.0391429991
0.03919692581
0.03924927789
0.03930252836
0.03934721099
0.03938990963
0.03942748393
0.03946692563
0.03949998833
0.03953144498
0.03956048011
0.03958543207
0.03960425984
0.03962208784
0.03963140041
0.03963617754
0.03963376556
0.03962519617
0.03960725891
0.03957182512
0.03952559197
0.03946172916
0.03938183503
0.03927187016
0.03914153963
0.03898551308
0.03880470842
0.03860246716
0.0383819443
0.03814796109
0.03790520188
0.03765955432
0.03741829267
0.03718424801
0.03696233447
0.03675571793
0.03657178248
0.0364052854
0.03625785555
0.03612913903
0.03601774976
0.03591645113
0.03582402811
0.03573627527
0.03565256673
0.03557057632
0.03548974448
0.03540993572
0.03533088817
0.03525427349
0.03518101386
0.03511219514
0.03504679598
0.03498875062
0.03493694956
0.03494874243
0.03504135067
0.0353632275
0.03630425739
0.03848170449
0.04289303786
0.04736296102
0.01248274587
2.854531187e-05
1.59181726e-05
1.591643923e-05
1.591643764e-05
1.591643764e-05
1.591643764e-05
1.591643764e-05
1.591643764e-05
1.591643764e-05
1.591643764e-05
1.591643764e-05
1.591643764e-05
1.591643764e-05
1.591643764e-05
1.591643764e-05
1.591643764e-05
1.591643764e-05
1.591643764e-05
0.03625068452
0.03684660384
0.03711626918
0.0373508956
0.03756109696
0.03774273779
0.03790482374
0.03805831191
0.03819287862
0.03831556809
0.03843074432
0.03853643655
0.038632529
0.03872510993
0.03880686485
0.038879731
0.03895071601
0.03901553418
0.03907483697
0.03913029221
0.03917964831
0.03922523246
0.03926887999
0.03931313268
0.03935068293
0.03938470222
0.03941729467
0.03944804871
0.03947495516
0.03949813743
0.03951586019
0.03953005044
0.03953501615
0.03953742148
0.0395287343
0.03951257953
0.03948360122
0.03944038142
0.03938280499
0.03931158032
0.03920787147
0.03908550931
0.03893788818
0.0387660306
0.03857048848
0.03835661042
0.03812735204
0.03788887602
0.03764634645
0.03740523603
0.03717064172
0.03694699881
0.03673850804
0.0365466645
0.0363756888
0.03622663471
0.03609376985
0.03597757628
0.03587381523
0.03577865985
0.03568863378
0.0356040876
0.03552094012
0.03543967222
0.03536056308
0.0352819202
0.03520709754
0.03513534638
0.0350680794
0.03500465823
0.03494647249
0.03489355495
0.03488208293
0.03495471497
0.03518269961
0.0358796251
0.03758307605
0.04112986078
0.04643781709
0.03209643222
6.200630451e-05
1.597359153e-05
1.591647575e-05
1.591643764e-05
1.591643764e-05
1.591643764e-05
1.591643764e-05
1.591643764e-05
1.591643764e-05
1.591643764e-05
1.591643764e-05
1.591643763e-05
1.591643764e-05
1.591643764e-05
1.591643764e-05
1.591643764e-05
1.591643763e-05
1.591643764e-05
0.03604247612
0.03665699773
0.03693074528
0.03717024812
0.03738495982
0.03757608331
0.03774851951
0.03790273329
0.03804366639
0.03817217953
0.03828987134
0.03839875262
0.0384977262
0.03858721122
0.03867400788
0.03875090148
0.03881892967
0.03888589884
0.038946788
0.03900587821
0.03905727972
0.03910843755
0.03915482667
0.03919548927
0.03923449446
0.03927302076
0.03930663834
0.03933660117
0.03936488777
0.03938940405
0.03940948539
0.03942563168
0.03943557234
0.03943883696
0.03943108348
0.03942141968
0.03939610895
0.03935503897
0.03930308071
0.03923678438
0.03914186248
0.03902824647
0.03888885467
0.03872507115
0.03853726725
0.03833006178
0.03810753633
0.03787301264
0.0376327818
0.03739284185
0.03715800449
0.03693286931
0.03672074448
0.03652702656
0.0363530972
0.03619573997
0.03605644648
0.03594006049
0.03583141137
0.03573421456
0.03564302303
0.03555569667
0.03547233163
0.03539082406
0.03531133562
0.03523488381
0.03516110743
0.03508918361
0.03502294843
0.03496071745
0.03490649799
0.03485670399
0.03482705006
0.03488149505
0.0350521895
0.0355476489
0.03685004033
0.03967638665
0.0446263549
0.04349312774
0.00052357218
1.728696362e-05
1.591684115e-05
1.591643771e-05
1.591643764e-05
1.591643764e-05
1.591643764e-05
1.591643764e-05
1.591643764e-05
1.591643764e-05
1.591643764e-05
1.591643764e-05
1.591643764e-05
1.591643764e-05
1.591643764e-05
1.591643764e-05
1.591643764e-05
1.591643764e-05
0.03583198089
0.0364624136
0.03673932918
0.03698807978
0.03721099457
0.03740465279
0.03758376885
0.03774639702
0.03789194349
0.03802445824
0.03814636319
0.03825884507
0.03835932863
0.03845346471
0.03853749958
0.03861919616
0.03869209923
0.03875872147
0.03882439391
0.03888173276
0.03893717968
0.03898741282
0.03903602815
0.03907871633
0.03912183832
0.0391589469
0.03919368674
0.03922795703
0.03925513408
0.03928202349
0.03930153212
0.03931954805
0.03933170178
0.03933807098
0.03933684712
0.03932848378
0.0393078145
0.03927083746
0.03922684031
0.03916201381
0.03907701567
0.03896976747
0.03883834394
0.03868308031
0.03850318464
0.03830302893
0.03808575416
0.03785640223
0.03761989484
0.03738119311
0.03714605787
0.03691962345
0.03670538041
0.03650832982
0.03632752335
0.03617208464
0.03602718077
0.03590197473
0.03579406614
0.03569223443
0.0355978318
0.03550976874
0.03542491731
0.03534247929
0.03526313386
0.0351866034
0.03511364618
0.03504492245
0.03497936278
0.03491911044
0.03486627698
0.03481917887
0.03478113273
0.03481137581
0.03494024744
0.03529632967
0.03628014314
0.03850483613
0.04277261928
0.04716457655
0.01553764365
3.174371475e-05
1.591884484e-05
1.591644094e-05
1.591643764e-05
1.591643764e-05
1.591643764e-05
1.591643764e-05
1.591643764e-05
1.591643764e-05
1.591643764e-05
1.591643764e-05
1.591643764e-05
1.591643764e-05
1.591643764e-05
1.591643763e-05
1.591643763e-05
1.591643764e-05
0.03562144816
0.03627373567
0.03656029086
0.03681311766
0.03703324938
0.03723875418
0.03742144938
0.03758623542
0.03773652573
0.03787225967
0.03799619587
0.03811456323
0.03822036579
0.0383177949
0.038401863
0.03848439527
0.03856150583
0.03863358512
0.03869802861
0.03875593033
0.03881238113
0.0388653817
0.03891610604
0.03896374327
0.03900473734
0.03904441873
0.03908344484
0.03911599709
0.03914841623
0.03917476089
0.0391984275
0.03921484001
0.03922878171
0.03923736524
0.03923971438
0.03923228935
0.03921826931
0.03918522811
0.0391446681
0.03908789699
0.03901051305
0.03891018074
0.03878650954
0.03863934621
0.03846711189
0.03827461647
0.03806547116
0.03784014581
0.03760655881
0.03736965666
0.03713558887
0.03690765418
0.0366914419
0.03648904131
0.03630731936
0.03614448072
0.03599936186
0.03586892766
0.03575567274
0.035649097
0.03555356111
0.03546474052
0.03537789872
0.03529564342
0.03521618588
0.0351396645
0.03506740263
0.03499945651
0.03493563674
0.03487708203
0.03482641253
0.03478133793
0.0347380837
0.03474799237
0.03484177844
0.03510183251
0.03584774587
0.03757910942
0.04107761647
0.04618648038
0.03404763333
7.014369665e-05
1.605935246e-05
1.591650693e-05
1.591643765e-05
1.591643764e-05
1.591643764e-05
1.591643764e-05
1.591643763e-05
1.591643764e-05
1.591643764e-05
1.591643764e-05
1.591643764e-05
1.591643763e-05
1.591643763e-05
1.591643763e-05
1.591643764e-05
1.591643763e-05
0.03540844634
0.03607252309
0.03637001763
0.03663024529
0.03686365172
0.03706869895
0.0372599464
0.03742671262
0.03757859479
0.03772353367
0.03785336803
0.03797023025
0.03807740127
0.03817829499
0.03826864119
0.0383499975
0.03842848783
0.03850415124
0.03857109012
0.03863540297
0.03869446165
0.03874738901
0.03879584827
0.03884385534
0.03888887597
0.03893335197
0.03896995884
0.03900457588
0.03903740585
0.03906627483
0.0390918286
0.0391122326
0.0391283227
0.03913591008
0.03913982288
0.03913609806
0.03912644026
0.03909966945
0.03906132304
0.03901047219
0.03894271146
0.03884751501
0.03873267047
0.0385936014
0.03843004899
0.03824537458
0.03804138539
0.03782278693
0.03759356684
0.03735879058
0.03712526211
0.0368975351
0.03667851287
0.03647459688
0.03628728381
0.0361215824
0.03597084881
0.0358351823
0.03571798306
0.03561249719
0.0355116341
0.03541937646
0.03533292068
0.03524911111
0.0351696466
0.03509348568
0.03502200316
0.03495501364
0.0348928368
0.03483556631
0.03478640032
0.03474198324
0.03469786602
0.03468834293
0.03475323858
0.0349504313
0.03549039573
0.03682545539
0.03967966017
0.04445867894
0.04403151069
0.001463541671
1.844647075e-05
1.591696875e-05
1.59164378e-05
1.591643764e-05
1.591643764e-05
1.591643764e-05
1.591643764e-05
1.591643764e-05
1.591643764e-05
1.591643764e-05
1.591643764e-05
1.591643763e-05
1.591643763e-05
1.591643763e-05
1.591643764e-05
1.591643763e-05
0.03519561961
0.03588272154
0.03617704168
0.03644514626
0.03668669304
0.03690247602
0.03709380464
0.03726781855
0.03742535743
0.03757193677
0.03770483376
0.03782182618
0.03793281886
0.03803485945
0.03813356445
0.03822053244
0.03830247723
0.03837437064
0.0384426804
0.03850922617
0.0385710635
0.03862621761
0.03868067513
0.03872826423
0.03877614309
0.03881867417
0.03885705283
0.03889531551
0.03892700331
0.0389568521
0.03898359205
0.03900630307
0.03902427208
0.03903763916
0.03904123784
0.03904138308
0.0390325872
0.03901283387
0.03897774575
0.03893174835
0.03887059146
0.03878259841
0.03867730109
0.03854665
0.03839243412
0.03821465856
0.03801809458
0.0378053686
0.03758011554
0.03734868634
0.03711586788
0.03688643078
0.03666848528
0.03646081599
0.03626925126
0.03609847009
0.03594445174
0.0358053648
0.03568440033
0.03557461693
0.03546936179
0.03537759309
0.03528896867
0.03520424134
0.03512350871
0.03504817042
0.03497709185
0.03491101083
0.03485011716
0.03479460118
0.0347463615
0.03470216203
0.03466372477
0.03464064678
0.03469431888
0.0348408039
0.03522704024
0.03624175157
0.03845639631
0.04260914216
0.04699466846
0.01962694726
3.67266938e-05
1.592140453e-05
1.591644462e-05
1.591643764e-05
1.591643764e-05
1.591643764e-05
1.591643764e-05
1.591643764e-05
1.591643764e-05
1.591643764e-05
1.591643764e-05
1.591643764e-05
1.591643764e-05
1.591643764e-05
1.591643764e-05
1.591643764e-05
0.03497995284
0.03568120289
0.03599339344
0.03626868972
0.03650775829
0.03672738093
0.03692634119
0.03710601627
0.03726926167
0.03741857538
0.03755638735
0.03768024873
0.03779420364
0.03789572656
0.03799675632
0.03808776774
0.03817169641
0.0382457508
0.03831936888
0.03838404439
0.03844817412
0.03850883959
0.03856258987
0.03861350684
0.03866021117
0.03870472327
0.03874728645
0.03878433304
0.03882046038
0.03885172817
0.0388779551
0.03890374377
0.03892073677
0.03893547138
0.03894452445
0.03894649222
0.03893942224
0.03892448576
0.03889505296
0.03885619863
0.0387962696
0.03871934831
0.03862048456
0.0384980219
0.0383517054
0.03818229559
0.03799319138
0.03778589853
0.03756658777
0.03733852777
0.03710657588
0.03687841523
0.03665755234
0.03644816141
0.03625446164
0.0360779686
0.03592054184
0.0357770317
0.03564978687
0.03553777927
0.03543211368
0.03533554803
0.03524451301
0.03515975652
0.03507908982
0.03500363388
0.03493293335
0.03486754197
0.03480769054
0.03475427325
0.03470646464
0.03466354308
0.03462964345
0.0345989699
0.03462686595
0.03474174387
0.0350234023
0.03579282851
0.03753589885
0.04094238969
0.04583414185
0.03641661639
9.418108085e-05
1.625586647e-05
1.591656444e-05
1.591643765e-05
1.591643764e-05
1.591643764e-05
1.591643764e-05
1.591643764e-05
1.591643764e-05
1.591643764e-05
1.591643764e-05
1.591643764e-05
1.591643764e-05
1.591643764e-05
1.591643764e-05
1.591643764e-05
0.03476179861
0.03548036336
0.03579564569
0.03608007763
0.03633544304
0.03655597349
0.03675484269
0.03694041269
0.03711201549
0.03726189732
0.03740646048
0.03753467997
0.03765441056
0.03775800876
0.03786042184
0.03795162165
0.03803870149
0.03811928124
0.03819250682
0.03826307485
0.03832461589
0.03838703866
0.03844247747
0.03849429077
0.03854254164
0.03858822425
0.03863286242
0.03867146935
0.03870875425
0.03874344613
0.03877348935
0.03879912399
0.03881962475
0.03883421276
0.03884496182
0.03884941607
0.03884540126
0.03883697024
0.03880998609
0.03877470286
0.03872587993
0.03865363765
0.03856239161
0.0384476243
0.03831091522
0.03814852647
0.03796662462
0.03776716501
0.03755211646
0.0373281862
0.03709947238
0.03687181156
0.03664951427
0.03643697255
0.03623971495
0.03605985915
0.03589464975
0.03575249419
0.0356218732
0.03550364689
0.03539410382
0.03529472607
0.03520350152
0.03511692165
0.03503497011
0.03495936274
0.03488911108
0.03482453174
0.03476610087
0.03471377671
0.03466680296
0.03462556353
0.03459292686
0.03455985115
0.03457130486
0.03464514876
0.03487121546
0.03543787136
0.03677106574
0.03955413173
0.04415257516
0.04470696362
0.005227403054
2.11026251e-05
1.591715596e-05
1.591643819e-05
1.591643764e-05
1.591643764e-05
1.591643764e-05
1.591643764e-05
1.591643764e-05
1.591643764e-05
1.591643764e-05
1.591643763e-05
1.591643764e-05
1.591643764e-05
1.591643764e-05
1.591643763e-05
0.03454471914
0.03528941887
0.03561270072
0.03589458291
0.03615398002
0.03638923015
0.03659734418
0.03678732923
0.03695697475
0.037113258
0.03725220222
0.03738476141
0.03750995901
0.03762122428
0.03772454734
0.03782022663
0.03790609169
0.03798903783
0.03806480847
0.03813865074
0.03820488437
0.03826579489
0.03832211821
0.0383804218
0.03843140316
0.03847912381
0.03851991648
0.0385625793
0.0385986953
0.03863383208
0.03866600439
0.03869300951
0.03871564392
0.03873561947
0.03874837866
0.03875316781
0.03875517352
0.03874786954
0.03872692298
0.03869323057
0.03865007055
0.03858744249
0.03850129945
0.03839508655
0.03826597988
0.03811267428
0.03793885758
0.03774525303
0.03753825527
0.03731790338
0.03709224594
0.0368647749
0.03664124718
0.03643008189
0.03622617487
0.0360448422
0.0358788436
0.0357265919
0.03559168945
0.03546817988
0.03535797756
0.0352564453
0.03516249201
0.03507406989
0.03499234217
0.03491574931
0.03484591201
0.03478229396
0.0347248809
0.03467326867
0.03462747626
0.03458786671
0.03455489018
0.03452268641
0.03452025109
0.03458242927
0.03473090595
0.0351632447
0.03618904315
0.03833034645
0.0423396198
0.04673743875
0.02447154576
4.374856026e-05
1.593445226e-05
1.591645409e-05
1.591643764e-05
1.591643764e-05
1.591643764e-05
1.591643764e-05
1.591643764e-05
1.591643764e-05
1.591643763e-05
1.591643763e-05
1.591643764e-05
1.591643764e-05
1.591643764e-05
1.591643764e-05
0.03432473973
0.03508072237
0.03541398349
0.03571648741
0.0359737616
0.03621116989
0.03642502366
0.0366191888
0.03679940869
0.03695770844
0.03710678881
0.03724149512
0.03736501209
0.0374816479
0.03758549747
0.03768719615
0.03777699884
0.03785982692
0.03794116883
0.03801225797
0.03808050152
0.03814332325
0.03820700165
0.03826344979
0.03831585742
0.03836508187
0.03841179644
0.03845208172
0.03849051773
0.03852452309
0.03855744317
0.03858642059
0.03861388926
0.03863318295
0.0386490476
0.03866010839
0.03866347374
0.0386576682
0.03864244322
0.03861243434
0.03857324514
0.0385159853
0.03843759756
0.03834110852
0.03822025781
0.03807573752
0.0379095082
0.03772579137
0.03752169702
0.03730736409
0.03708546067
0.03685974057
0.03663679403
0.03642002277
0.03621700284
0.03603132598
0.03585849902
0.03570201471
0.03556525516
0.03544061273
0.03532052026
0.03521930086
0.03512069677
0.03503309336
0.03495035874
0.03487311357
0.03480318502
0.03474058758
0.03468387643
0.03463295293
0.03458847647
0.03455031455
0.03451729428
0.0344870183
0.03447302157
0.03451367535
0.03463358843
0.03494981085
0.03573455783
0.03745139464
0.04076357481
0.04536906516
0.03883103982
0.0002066883468
1.660884125e-05
1.591665953e-05
1.591643767e-05
1.591643764e-05
1.591643764e-05
1.591643764e-05
1.591643764e-05
1.591643764e-05
1.591643764e-05
1.591643764e-05
1.591643764e-05
1.591643764e-05
1.591643764e-05
1.591643764e-05
0.03410188878
0.03487385315
0.03521469441
0.03552390668
0.03580165194
0.03603765356
0.03625556938
0.03645409092
0.03663630205
0.036803009
0.03695656267
0.0370936795
0.03721763368
0.03734103689
0.03745171459
0.0375518781
0.03764560233
0.0377340227
0.03781427844
0.03788586786
0.03795663299
0.038026404
0.03808775227
0.03814452543
0.03819936669
0.03824965766
0.03829770226
0.03833933345
0.03837978007
0.03841907511
0.03845382266
0.03848413162
0.03851048233
0.03853100776
0.03854866818
0.03856190641
0.03856717218
0.03856527752
0.03855585744
0.03853054673
0.03849585545
0.03844754522
0.03837533224
0.03828629427
0.03817313615
0.03803783561
0.03787877722
0.03770002426
0.03750536855
0.03729597053
0.03707766174
0.03685290583
0.03663022741
0.03641245517
0.03620631112
0.0360175562
0.03584153589
0.03568176068
0.03553657776
0.03541120659
0.03529032843
0.03518218465
0.03508579687
0.03499232023
0.03490808788
0.03483196999
0.03476115279
0.03469906711
0.03464316746
0.03459283857
0.03454977107
0.03451287679
0.03448021013
0.0344540791
0.03443498842
0.03446627878
0.03455281052
0.03478560356
0.03538052574
0.03669310732
0.03932716298
0.04375493267
0.04530352371
0.01059365887
2.53500006e-05
1.591770792e-05
1.591643976e-05
1.591643764e-05
1.591643764e-05
1.591643764e-05
1.591643763e-05
1.591643763e-05
1.591643764e-05
1.591643764e-05
1.591643764e-05
1.591643764e-05
1.591643764e-05
1.591643764e-05
0.03387997438
0.03468090003
0.03502653041
0.03533418088
0.0356145439
0.03586882578
0.03609341162
0.03629501324
0.03648070999
0.03664670479
0.03680245182
0.03694334009
0.03707858431
0.03720238173
0.03731441146
0.03741336154
0.03751082661
0.03760281657
0.03768541526
0.03776458142
0.03783781183
0.0379054857
0.03796745175
0.03802545729
0.03808067981
0.03813294643
0.03818318362
0.03822934642
0.03827297165
0.03831067931
0.03834546215
0.03837839469
0.03840709176
0.03843301964
0.0384528102
0.03846452403
0.03847165737
0.03847215148
0.03846766117
0.03844796706
0.03841600106
0.03837361211
0.03831199925
0.03822833204
0.03812349419
0.03799759159
0.03784626394
0.03767564919
0.03748718727
0.03728371555
0.03706813613
0.03684818999
0.03662741047
0.03640911185
0.03620049592
0.03600726297
0.03582987341
0.03565989264
0.03551259814
0.03538515785
0.03525911729
0.03514509599
0.0350487212
0.0349528409
0.03486912128
0.03479106504
0.03472038663
0.03465853246
0.0346024389
0.03455334805
0.03451121065
0.03447557318
0.0344436762
0.03441965981
0.03439850349
0.03441575956
0.0344783092
0.03465190421
0.03510980741
0.03612024162
0.03820295819
0.04199116528
0.04629090365
0.02926430554
5.459766786e-05
1.60071932e-05
1.591648332e-05
1.591643764e-05
1.591643764e-05
1.591643764e-05
1.591643763e-05
1.591643764e-05
1.591643763e-05
1.591643763e-05
1.591643764e-05
1.591643764e-05
1.591643764e-05
1.591643764e-05
0.03365510658
0.03446924066
0.03482331589
0.03514173564
0.0354304213
0.03568692243
0.03591782688
0.03612739503
0.03631652117
0.03649259285
0.03664874322
0.03679949584
0.03693548497
0.03706240562
0.03717530194
0.03728411027
0.03738217319
0.0374707037
0.03755561548
0.03763803763
0.03771240725
0.03778270717
0.03784650764
0.03791153319
0.03796854009
0.03802197427
0.03806964023
0.03811678643
0.03816092306
0.03820011726
0.03823730953
0.0382707063
0.03830129509
0.03832957347
0.03835225537
0.03837011692
0.03838093412
0.03838467287
0.03838108762
0.03836569875
0.038336631
0.03829977258
0.03824324853
0.03816609961
0.03807183627
0.03795316096
0.03781151799
0.03764907505
0.03746840085
0.0372701601
0.03706023394
0.03684328348
0.03662226248
0.03640446088
0.03619346837
0.0359966014
0.03581805295
0.03564506192
0.03549242428
0.0353590882
0.03523208823
0.03511197394
0.03500791974
0.03491737442
0.03482878281
0.03475045377
0.03468105625
0.03461694514
0.03456263031
0.03451411544
0.03447298916
0.03443829051
0.03440750873
0.03438413066
0.03436198459
0.03436942789
0.03442085321
0.03455184121
0.03488063064
0.03567643234
0.03733836285
0.04048208165
0.0449134399
0.04100423511
0.000943768422
1.763769724e-05
1.591680432e-05
1.591643778e-05
1.591643764e-05
1.591643763e-05
1.591643763e-05
1.591643764e-05
1.591643764e-05
1.591643764e-05
1.591643764e-05
1.591643764e-05
1.591643764e-05
1.591643764e-05
0.03342809172
0.03425732521
0.03463378815
0.03496274265
0.03524459994
0.03550756976
0.03574591754
0.03596161073
0.03616348735
0.03633839394
0.03650173918
0.03665123663
0.03679015916
0.03692197323
0.03703655945
0.03714962468
0.03725196965
0.03734494358
0.03743258607
0.03751091484
0.03758732524
0.03765890621
0.03773024067
0.03779354511
0.03785163886
0.03790715503
0.03796077679
0.03800918271
0.038051592
0.03809433968
0.03813421562
0.03816884713
0.0382014853
0.03822857793
0.03825320356
0.03827196999
0.03828555269
0.03829350819
0.03829268656
0.03828101736
0.03825782417
0.03822402086
0.03817396164
0.03810565947
0.03801898623
0.03790851642
0.03777528371
0.03762076349
0.03744592083
0.03725629557
0.03705088464
0.03683726866
0.0366200946
0.03640237042
0.0361922125
0.03598772915
0.03580570409
0.0356323825
0.03547236126
0.03533333863
0.03520662166
0.03508265689
0.03497666414
0.03487988134
0.03479003526
0.03471198624
0.03464072759
0.03457851257
0.03452209814
0.03447558497
0.03443512167
0.03440107305
0.0343715964
0.03434849369
0.03432659628
0.03432617318
0.03436369192
0.03445183534
0.03470826396
0.03533099116
0.03659654213
0.03908964419
0.04325912965
0.04572633847
0.01682973359
3.179038676e-05
1.592082995e-05
1.591644415e-05
1.591643764e-05
1.591643764e-05
1.591643763e-05
1.591643764e-05
1.591643764e-05
1.591643764e-05
1.591643764e-05
1.591643764e-05
1.591643764e-05
1.591643764e-05
0.03320098016
0.03405937531
0.0344282921
0.03476471404
0.03507044679
0.03534106573
0.03558361268
0.03580136251
0.03599806232
0.03618117345
0.0363489777
0.03650364179
0.03664972438
0.03677970258
0.03690257213
0.03701674493
0.03711775811
0.03721491849
0.03730630014
0.03739102327
0.03746895883
0.03754293997
0.0376107784
0.03767384153
0.03773431628
0.03779155276
0.03784761864
0.03789655947
0.0379444096
0.03798675618
0.03802701977
0.03806395746
0.03809595831
0.03812549889
0.03815074078
0.03817358973
0.03818884646
0.03819946233
0.03820155397
0.03819630821
0.03817688506
0.03814617559
0.03810714611
0.0380451608
0.03796423822
0.03786136702
0.03773804883
0.03759044959
0.03742603398
0.03723963208
0.0370409625
0.03683165759
0.03661531999
0.03639941025
0.0361883927
0.03598287308
0.03579170755
0.03562268749
0.03545595757
0.03530934467
0.03518075295
0.03505450456
0.03494245874
0.03484518693
0.03475637052
0.03467267265
0.03460256675
0.03453958408
0.03448182234
0.0344375055
0.03439754363
0.03436412871
0.03433561648
0.03431326029
0.03429267308
0.03428722608
0.0343141719
0.0343799632
0.03457512203
0.03505228593
0.03603759645
0.03802241212
0.04160500688
0.04580938864
0.03367079987
8.764753319e-05
1.624371381e-05
1.591654929e-05
1.591643765e-05
1.591643763e-05
1.591643763e-05
1.591643763e-05
1.591643763e-05
1.591643764e-05
1.591643764e-05
1.591643764e-05
1.591643764e-05
1.591643764e-05
0.03297313027
0.03385150611
0.03422422871
0.03456998013
0.03487763495
0.03515782255
0.03540562998
0.0356322695
0.03583761479
0.03602833624
0.03620167859
0.0363619922
0.03650591097
0.03663744004
0.03676234038
0.03687971014
0.03698279712
0.03708252227
0.03717595316
0.0372655947
0.0373449304
0.03742170875
0.0374900133
0.03755602665
0.03762211591
0.03768005551
0.03773322118
0.03778453289
0.03783306044
0.03787686321
0.03791850943
0.0379576297
0.0379940953
0.03802766739
0.03805506724
0.03807561672
0.03809516422
0.03810506085
0.03810928438
0.03810772637
0.03809523546
0.03806837175
0.03803346042
0.03797883097
0.03790299669
0.03781166777
0.03769560702
0.03755803649
0.03739771959
0.03722292082
0.03702923996
0.03682580034
0.03661333069
0.03639846528
0.03618217042
0.03597829804
0.03578885478
0.03560596967
0.03544282783
0.03528906469
0.0351528519
0.03502761514
0.03491281686
0.03481002639
0.03471987864
0.03463654507
0.03456359239
0.03450064832
0.03444420762
0.0343988404
0.03436000354
0.03432750253
0.03429979987
0.03427798443
0.03425915431
0.03424920098
0.03427208593
0.03431992915
0.0344649084
0.03481369562
0.03563350824
0.03721606589
0.04009411425
0.04439674399
0.04279188937
0.005508371766
2.071275065e-05
1.591702828e-05
1.591643848e-05
1.591643763e-05
1.591643763e-05
1.591643763e-05
1.591643763e-05
1.591643763e-05
1.591643764e-05
1.591643764e-05
1.591643764e-05
1.591643764e-05
0.03274289743
0.03363557852
0.03403274365
0.03437389176
0.03468896749
0.03497200802
0.03523081945
0.0354629523
0.0356734714
0.03587035418
0.03604577173
0.03620847594
0.03636222908
0.03649787054
0.03662643294
0.03674630584
0.03685303355
0.03695569748
0.03704755242
0.03713770205
0.0372190133
0.03729741327
0.03737386399
0.03744242381
0.03750566919
0.03756493353
0.03762062809
0.03767655193
0.03772347151
0.03777120854
0.03781290377
0.03785437214
0.03789126878
0.03792506166
0.03795486262
0.03798107586
0.03799942141
0.03801538858
0.03802302777
0.03802386808
0.03801372271
0.03799073289
0.037959272
0.03791107672
0.03784499322
0.03776070914
0.03765376681
0.03752356624
0.03737270524
0.03720295476
0.0370171241
0.03681843602
0.03660860734
0.03639618595
0.03618379504
0.03597562912
0.03578169265
0.0355985632
0.03542523721
0.03527042036
0.03512858332
0.03499646011
0.03488451878
0.03477648831
0.03467905872
0.0346014
0.03452639833
0.03446212784
0.03440817618
0.03436044246
0.03432260592
0.03429090632
0.03426412347
0.03424278172
0.03422596851
0.03421110147
0.03423019688
0.03426695072
0.03437777561
0.03463954615
0.03527732129
0.03649246268
0.03891122579
0.04269020371
0.04590529164
0.02359820934
4.111938217e-05
1.594764645e-05
1.591645893e-05
1.591643764e-05
1.591643763e-05
1.591643763e-05
1.591643764e-05
1.591643764e-05
1.591643763e-05
1.591643764e-05
1.591643764e-05
1.591643764e-05
0.03251001649
0.03341761524
0.03382370959
0.03418975179
0.03451295819
0.03479167688
0.03505384727
0.0352981756
0.03551352338
0.03570902098
0.03589425639
0.03605972351
0.03621202863
0.03635354453
0.03648905404
0.0366073574
0.03672148982
0.03682763119
0.03692300265
0.03701200984
0.03709908722
0.03717636347
0.03725386516
0.03732258575
0.03738885311
0.03745015555
0.03751153116
0.03756542515
0.03761834242
0.03766375113
0.03770755071
0.0377490949
0.03778728448
0.03782293521
0.0378534921
0.03788213473
0.03790294155
0.0379213124
0.03793302152
0.0379366085
0.03793112393
0.03791302125
0.03788353718
0.03784608791
0.03778618369
0.0377078743
0.03760835435
0.03748814537
0.03734450802
0.0371842584
0.03700417283
0.03680850208
0.03660455113
0.03639553188
0.03618179654
0.03597324959
0.03577463003
0.03558844562
0.03541459928
0.03525768287
0.0351116599
0.03497684357
0.03485192317
0.03474684403
0.03464825286
0.03456634289
0.03449306651
0.03442169162
0.03437096164
0.03432339515
0.03428586458
0.03425428677
0.03422858847
0.03420775721
0.03419249827
0.03417771839
0.0341910155
0.034219968
0.03429302304
0.03449856949
0.03499819556
0.03596062945
0.03782322095
0.04118388456
0.04527197923
0.03741275503
0.0003399832256
1.677553317e-05
1.591666357e-05
1.59164377e-05
1.591643763e-05
1.591643764e-05
1.591643764e-05
1.591643764e-05
1.591643764e-05
1.591643764e-05
1.591643764e-05
1.591643764e-05
0.03227717736
0.03321739608
0.03361347767
0.03398774328
0.03431920771
0.0346207145
0.03488471451
0.03512464055
0.0353468936
0.0355490269
0.03573664998
0.03591046572
0.03606614255
0.03620876504
0.03634657028
0.03646695492
0.03658589419
0.03669593814
0.0367947997
0.03688533593
0.03697555261
0.0370576554
0.0371319253
0.03720338012
0.0372712265
0.03733931906
0.03739844724
0.03745424248
0.03750714301
0.03755486007
0.03760051802
0.03764571138
0.03768506668
0.03771980691
0.03775258511
0.03778258494
0.03780827443
0.03782685313
0.0378396576
0.03784645939
0.03784539627
0.03783334465
0.03780777169
0.03777455675
0.03772237848
0.03764889773
0.03756072407
0.03744774152
0.03731400036
0.03715884775
0.03698738485
0.03679955261
0.03659984821
0.0363918575
0.0361822944
0.03597272139
0.03577349072
0.03558558547
0.03540520169
0.03524064016
0.03509236477
0.0349538145
0.03482878427
0.03471867667
0.03461898245
0.03452712231
0.03445643686
0.03438969478
0.03433464255
0.03428748065
0.03424970626
0.03421809016
0.03419290939
0.03417292843
0.03415844028
0.03414443388
0.03415342287
0.03417827709
0.03422857655
0.0343856702
0.03476302817
0.0355595131
0.03701768619
0.03969428694
0.04374500856
0.04406203321
0.01220391191
2.605863444e-05
1.591839821e-05
1.591644144e-05
1.591643764e-05
1.591643763e-05
1.591643764e-05
1.591643764e-05
1.591643764e-05
1.591643764e-05
1.591643764e-05
1.591643764e-05
0.03204327217
0.03300139026
0.03341959626
0.03378638456
0.03412259877
0.03443175477
0.03470449852
0.03495260913
0.03518069859
0.0353927269
0.03558250777
0.03575939475
0.03591909976
0.03606718759
0.03620376434
0.03632699992
0.03644694575
0.03656182749
0.03666283316
0.03676287411
0.03684987076
0.0369357364
0.03701209602
0.03708956703
0.03715926638
0.03722441976
0.03728423749
0.03734151317
0.03739740853
0.03745009975
0.03749730303
0.03753992862
0.03758197256
0.03762148607
0.03765544526
0.03768501575
0.03771103885
0.03773065392
0.0377460494
0.0377559193
0.03775892801
0.03775202763
0.03773197488
0.03770194008
0.03765605171
0.03759266125
0.03751106439
0.0374083823
0.0372812313
0.03713423503
0.03697032162
0.03678810142
0.03659414197
0.03639048749
0.0361806781
0.03597193075
0.03577155216
0.03558073375
0.03539295365
0.03522451207
0.03507802656
0.0349343842
0.03480198489
0.03468721476
0.03458803207
0.03449830616
0.03441660317
0.03435705195
0.03429638353
0.03425317684
0.0342131913
0.03418242363
0.03415746461
0.03413810109
0.03412417748
0.03411149041
0.03411368134
0.03413817965
0.03417442435
0.0342902913
0.03456327342
0.03521274583
0.03641506094
0.03865572013
0.04208961146
0.04575039424
0.02961824051
6.136709169e-05
1.611588914e-05
1.591650735e-05
1.591643764e-05
1.591643763e-05
1.591643764e-05
1.591643764e-05
1.591643764e-05
1.591643764e-05
1.591643764e-05
1.591643764e-05
0.03180798111
0.03278637457
0.03321252896
0.03359467848
0.03393167644
0.03424265571
0.03453098866
0.03478911361
0.03502062002
0.03522985261
0.03542559381
0.0356067638
0.03576607565
0.03592111825
0.03606002065
0.03619168344
0.03631693011
0.03642763969
0.03653237745
0.03663388146
0.03672398557
0.03681083712
0.03689534944
0.03697119222
0.03704344109
0.03710943325
0.03717123501
0.03723376123
0.03728647582
0.03733991338
0.03738865669
0.03743492882
0.03747981142
0.03751975558
0.03755419989
0.03758576625
0.03761437799
0.03763952222
0.03765762248
0.03766934468
0.03767278859
0.03767115045
0.03765480549
0.03762776795
0.03759230701
0.0375351033
0.03745929142
0.03736336748
0.03724640875
0.03710756868
0.03695012299
0.03677560779
0.03658747633
0.03638599098
0.03618110974
0.03597340693
0.03576561626
0.03557488558
0.03538704028
0.03520962992
0.03505965091
0.03491975392
0.03477785072
0.03466095787
0.0345595282
0.03446800398
0.0343849834
0.03432242374
0.03426021269
0.0342151514
0.03417899111
0.0341464635
0.03412224379
0.03410347006
0.03408960102
0.03407878352
0.03407629214
0.03410094585
0.0341294911
0.03421585283
0.03442702074
0.0349426833
0.03587641517
0.03758430148
0.04083226623
0.04460433916
0.04033154723
0.003189623269
1.888371691e-05
1.591681677e-05
1.591643815e-05
1.591643763e-05
1.591643764e-05
1.591643764e-05
1.591643764e-05
1.591643764e-05
1.591643764e-05
1.591643764e-05
0.03157133647
0.03257009533
0.03300395183
0.03339666355
0.03374799792
0.03405733033
0.03434611553
0.03461069407
0.03484736734
0.03506619182
0.03526808759
0.0354497381
0.03561989916
0.03577771841
0.03591879375
0.0360556758
0.03618356872
0.03629407342
0.03640663093
0.03650908427
0.03660188041
0.03668936916
0.03677444801
0.03685060368
0.03692366805
0.0369928469
0.03706200224
0.03712172523
0.03717933053
0.03723228284
0.03728261377
0.03733299776
0.03737588513
0.03741591215
0.03745467087
0.03748978477
0.03752033533
0.03754418725
0.03756464784
0.03757896431
0.03758897891
0.03758834229
0.03757761222
0.03755374496
0.0375225117
0.03747342377
0.03740229754
0.03731817965
0.03721011322
0.0370784037
0.03693133342
0.03676257611
0.03657724095
0.03638295577
0.0361796483
0.03597331111
0.035766939
0.03557401387
0.03538717228
0.0352065907
0.03504235612
0.03489580663
0.03475841212
0.03463663088
0.03453036009
0.03443972806
0.03435448435
0.03428553605
0.03422612897
0.03418245183
0.03414175828
0.03411286138
0.0340869044
0.03406827585
0.03405523453
0.03404494881
0.03403653729
0.03405632916
0.034085366
0.03414037081
0.03430766478
0.03470709739
0.03548668728
0.03684701595
0.0393958924
0.04309218123
0.04485468885
0.01989055406
3.459653302e-05
1.593435611e-05
1.591645173e-05
1.591643764e-05
1.591643763e-05
1.591643764e-05
1.591643764e-05
1.591643764e-05
1.591643764e-05
1.591643764e-05
0.03133336191
0.03235405193
0.03279530919
0.03319312765
0.03355684762
0.03388179941
0.03417380847
0.03443470983
0.03468024165
0.03490787271
0.03511019964
0.0352986967
0.03546977187
0.03563114758
0.03578024343
0.03591561389
0.0360479289
0.03616643778
0.03627785447
0.03637889183
0.03647830732
0.03656911519
0.03665169349
0.03673110447
0.03680696974
0.03688171019
0.03694749476
0.03700940007
0.03706824882
0.03712276047
0.03717708203
0.03722617344
0.03727167272
0.03731418276
0.03735601
0.03739076097
0.03742226781
0.03744929839
0.03747049483
0.03748785863
0.03749956015
0.03750277772
0.03749822767
0.03747947891
0.03745177864
0.03740806849
0.03734799377
0.037269512
0.03717042017
0.03704702803
0.03690279041
0.03674421994
0.03656763517
0.03637700526
0.03617908352
0.03597420711
0.03576492522
0.0355747154
0.03538194496
0.03519954864
0.03503130213
0.03488457926
0.03474249688
0.03461369523
0.03450284908
0.03441101384
0.03432035401
0.03425121767
0.03418967248
0.03414880158
0.03410850411
0.03407752927
0.03405406929
0.03403541499
0.03402068065
0.03401258359
0.03400216826
0.03402387714
0.03405100437
0.03408958012
0.03421300253
0.03451859826
0.03515449739
0.03630491301
0.03819419196
0.04148293958
0.04520265357
0.03461943749
0.0002194014294
1.652843095e-05
1.591660192e-05
1.591643768e-05
1.591643763e-05
1.591643764e-05
1.591643763e-05
1.591643763e-05
1.591643764e-05
1.591643764e-05
0.03109417282
0.03213579483
0.03258546217
0.03299685426
0.03335695607
0.03368933993
0.03398888931
0.03426064074
0.03451710753
0.0347380012
0.0349498079
0.0351399545
0.03532081642
0.03548493824
0.03563713621
0.03577667716
0.03591150223
0.03603523026
0.03614784407
0.0362498761
0.03635134087
0.03644405773
0.03653074558
0.03661647356
0.03669405903
0.03676618087
0.03683401368
0.03689763228
0.03696172466
0.03701725996
0.03707038524
0.03712115566
0.03716997106
0.03721548755
0.03725466055
0.03729062458
0.03732426094
0.03735302328
0.03738033294
0.03739997509
0.03741109246
0.03741769683
0.03741827119
0.03740438206
0.03737909855
0.03734589714
0.03729164048
0.03721860472
0.03712522364
0.03701321125
0.03687810341
0.03672688441
0.03655580557
0.03637136238
0.03617550382
0.03597341317
0.03576810466
0.0355730353
0.03538048793
0.03519045967
0.03502289776
0.0348681829
0.03472965608
0.03459665551
0.03447610005
0.03438293636
0.03429084717
0.03422113924
0.03415317865
0.0341091286
0.03407451558
0.03404255754
0.03401935759
0.03400141082
0.03398787625
0.03398042142
0.03396630614
0.03398362056
0.034008318
0.03404146778
0.03413307381
0.03438039996
0.03489684594
0.03576966784
0.03736774385
0.04029988727
0.04393773334
0.04239181962
0.009926965759
2.351022731e-05
1.591779483e-05
1.591644061e-05
1.591643764e-05
1.591643763e-05
1.591643764e-05
1.591643763e-05
1.591643764e-05
1.591643763e-05
0.03085376365
0.03191773804
0.03237560688
0.03279212815
0.03315961068
0.03349820342
0.03381253058
0.0340937475
0.03434216041
0.03457428636
0.03478521043
0.03498751169
0.03516748038
0.03533882187
0.03549217903
0.03564183561
0.03577373334
0.0359021934
0.03601436936
0.03612554857
0.03622359631
0.03632057526
0.03641363627
0.03649713952
0.03657809633
0.03665005213
0.0367187585
0.03678998668
0.03685031365
0.03690917435
0.03696693074
0.03701558868
0.03706493346
0.03711186067
0.0371537031
0.03719358786
0.03722987614
0.03726076196
0.0372864064
0.03730965236
0.03732595691
0.03733518774
0.03733601528
0.037328108
0.03730642273
0.03727780678
0.03723131846
0.03716326379
0.037082502
0.03697700526
0.03685035139
0.03670483066
0.0365424788
0.03636456398
0.03617402487
0.03597388592
0.03576994427
0.03556855241
0.03537683579
0.03519174926
0.03500909859
0.03485657407
0.03470663148
0.03458169499
0.03445353313
0.0343512245
0.03426055315
0.03419065298
0.03412348383
0.03407743946
0.03403914589
0.03400959633
0.03398399702
0.03396722898
0.03395388437
0.03394765815
0.03393675372
0.03394419054
0.03397233785
0.0340018954
0.03407268606
0.03424124559
0.03466986936
0.03541750711
0.03668966521
0.03893847101
0.04236367132
0.04514150455
0.02698931177
5.243320535e-05
1.607463216e-05
1.591649181e-05
1.591643764e-05
1.591643763e-05
1.591643763e-05
1.591643763e-05
1.591643763e-05
1.591643763e-05
0.0306122672
0.03169780223
0.03216401017
0.03259087883
0.03297237469
0.03331723929
0.03362566407
0.03391194526
0.03417347578
0.03441604565
0.03463180785
0.03483130044
0.03501818692
0.03518840668
0.03535054159
0.03550012336
0.03563662128
0.0357682314
0.03588207839
0.03599901697
0.03610258726
0.03620208762
0.03629245756
0.03637743299
0.03646100918
0.03653754221
0.03661039373
0.03667785532
0.03674054139
0.03680056235
0.03685912586
0.03691244841
0.03696150947
0.03700876293
0.03705601464
0.03709506061
0.03713172857
0.03716410843
0.03719316816
0.03721686497
0.03723752513
0.03724895096
0.03725242465
0.03725141301
0.03723428359
0.03720829514
0.03716759763
0.03710996823
0.03703474857
0.03694028263
0.036819996
0.03668179077
0.0365281411
0.03635369067
0.03616729306
0.03597272876
0.03577260408
0.0355725094
0.03537916665
0.03518834818
0.03500586266
0.03484219525
0.03469345425
0.03455686817
0.03443726599
0.0343292169
0.03423024788
0.03416319325
0.03409352433
0.03404271887
0.03400461785
0.03397587057
0.03395228918
0.03393276961
0.0339180789
0.03391195035
0.03390409688
0.03390958256
0.03393158981
0.0339602624
0.03400410149
0.03413605419
0.0344573294
0.03509932624
0.03616690061
0.0381055428
0.04102397267
0.04454142929
0.0383845584
0.002534358797
1.825424891e-05
1.591672942e-05
1.591643809e-05
1.591643763e-05
1.591643763e-05
1.591643763e-05
1.591643763e-05
1.591643763e-05
0.03036969785
0.03147846187
0.03195275056
0.0323864447
0.03277494747
0.03312586934
0.0334515378
0.03373630262
0.03401017703
0.03424543162
0.03446936126
0.0346730277
0.03486341574
0.03504373069
0.03520263008
0.03535586865
0.03549844137
0.03563146161
0.03575633932
0.03587150593
0.03597900215
0.03608005879
0.0361695677
0.03625742506
0.03634082154
0.0364203262
0.03649480699
0.0365643749
0.03662962792
0.03669580122
0.03675137385
0.03680658061
0.0368606875
0.03690682807
0.0369530681
0.03699449414
0.0370333137
0.03706782931
0.03709865022
0.03712426624
0.03714634523
0.03716108797
0.03717226836
0.03717171852
0.03716074573
0.03713716718
0.0371050579
0.03705458465
0.03698441462
0.0368950851
0.03678666844
0.03665659698
0.03650789417
0.03634286662
0.03616178936
0.03597226762
0.03577110605
0.03557067137
0.0353760882
0.03518815708
0.03500163026
0.03482655151
0.03467922113
0.03453731728
0.03441647066
0.03430898932
0.03420498054
0.03413011362
0.03406528957
0.0340142332
0.0339680932
0.03394133487
0.03391907811
0.03390072398
0.03388792293
0.03388235244
0.03387223411
0.03387371903
0.03389612352
0.03392428847
0.03395636332
0.03405450789
0.03431512552
0.03485155179
0.03567936891
0.03713591458
0.03968518623
0.04315650509
0.04372882504
0.01801437536
3.153599545e-05
1.593266904e-05
1.591644997e-05
1.591643764e-05
1.591643763e-05
1.591643763e-05
1.591643763e-05
1.591643763e-05
0.03012618044
0.03125682771
0.03173989154
0.03218154692
0.03257980803
0.03294010604
0.03326439406
0.03356432345
0.03383377637
0.03408056662
0.03431346548
0.03452398178
0.03471580175
0.0348888829
0.03506031243
0.03521262632
0.03536001899
0.03549409497
0.03562386534
0.0357443708
0.03585323426
0.03595511197
0.03605221107
0.03614174933
0.03622383255
0.03630302586
0.03637984986
0.036452315
0.03652396806
0.03658590738
0.03664414517
0.03670002371
0.03675447097
0.03680670038
0.03685244766
0.03689679647
0.03693882468
0.03697626362
0.0370082809
0.03703612121
0.03705781997
0.03707778231
0.03708930416
0.03709186908
0.03708528619
0.0370656238
0.03703978163
0.0369959804
0.03693017907
0.03685279133
0.03675253661
0.03662883444
0.03649011445
0.03633022431
0.036155374
0.03596774839
0.03577285525
0.03556854875
0.03537513164
0.03518071543
0.03499576214
0.0348229745
0.03466705757
0.03452667107
0.03439258256
0.03429055373
0.03417952874
0.03410319236
0.0340358526
0.03398281137
0.03393868707
0.03390205745
0.03388078472
0.03386778078
0.03385478803
0.03384966198
0.03383860062
0.0338421643
0.03385705362
0.03388633968
0.03391615558
0.03398716945
0.03417389467
0.03461793747
0.03533770653
0.03650156505
0.03876595664
0.04171471105
0.04480253546
0.03277316026
0.0002081725743
1.646496318e-05
1.591657625e-05
1.591643768e-05
1.591643763e-05
1.591643763e-05
1.591643763e-05
1.591643763e-05
0.02988172704
0.03103638667
0.03152772198
0.03197549287
0.03237915643
0.03274575449
0.03307552355
0.03338810069
0.03365976188
0.0339128636
0.03414860325
0.03436211678
0.03456273659
0.03474174332
0.03491310127
0.03507380232
0.03522256076
0.03536436275
0.03549534355
0.03561571792
0.03572807997
0.03582899798
0.03592941839
0.03602142385
0.03611114584
0.03619359799
0.03627095592
0.03634630342
0.03641469474
0.03647700063
0.03654048429
0.03659745765
0.03665129835
0.03670270736
0.03675102428
0.03679684802
0.03683999266
0.03687950096
0.03691312878
0.03694324792
0.03696803899
0.03698979054
0.03700364883
0.03700966091
0.03700952333
0.03699512554
0.03697107123
0.03693321701
0.03687732107
0.03680581392
0.03671472851
0.0365987974
0.0364640626
0.03631426544
0.0361456504
0.03596468379
0.03577198498
0.0355717782
0.03537910264
0.03518517579
0.03499441941
0.03481336381
0.03465188022
0.0345165023
0.03437101659
0.03426530614
0.03415965269
0.0340785315
0.03400554623
0.03395342496
0.03390847942
0.03387262366
0.03385005189
0.03383127569
0.03382210067
0.03381680538
0.03380664153
0.03380806774
0.03382026215
0.03385025551
0.03387957842
0.03393016911
0.03407096366
0.03441418323
0.03504289288
0.03601640094
0.03777642613
0.04061497964
0.04381473674
0.04101303341
0.009222883003
2.253921488e-05
1.591777142e-05
1.591644056e-05
1.591643764e-05
1.591643763e-05
1.591643763e-05
1.591643763e-05
0.02963644487
0.03081326878
0.03131328316
0.03177009252
0.03218390339
0.03255785493
0.03289880051
0.0332030394
0.0334857877
0.03374718821
0.03398257977
0.03420454908
0.03440781646
0.03459276286
0.03476926707
0.03492994941
0.03508311514
0.03522943453
0.03536196108
0.03548688226
0.03559880936
0.03570821487
0.03580588761
0.0359010216
0.03599375711
0.036077583
0.03615694631
0.03623424951
0.03630203481
0.0363689999
0.03643342321
0.03649160466
0.03655076315
0.03660091962
0.03665221704
0.03669977634
0.03674292478
0.03678389333
0.03681903267
0.03685105221
0.036880141
0.03690145235
0.03691767192
0.03692904921
0.03693121206
0.03692220029
0.03690087864
0.03686950457
0.03682158043
0.03675620964
0.03667075209
0.03656620718
0.03643914245
0.036297042
0.03613446291
0.03595695043
0.03577130862
0.03557160852
0.03537943732
0.03518949974
0.03499589247
0.03481234459
0.03464817851
0.03449709194
0.0343623188
0.0342377063
0.03414239591
0.03405845197
0.03397901984
0.03392370431
0.03387875926
0.03384384532
0.03381319886
0.03379924196
0.0337864156
0.03378371727
0.03377279652
0.03377793185
0.03378621658
0.0338162776
0.0338427101
0.03388764198
0.03399023728
0.03424948641
0.03479540987
0.0355748135
0.03687231783
0.03942958045
0.04244318136
0.04434562586
0.02562640356
5.058746794e-05
1.607719398e-05
1.591648844e-05
1.591643764e-05
1.591643763e-05
1.591643763e-05
1.591643763e-05
0.02939028821
0.03059129953
0.03109968563
0.03156266318
0.03198273901
0.03236288656
0.03271079414
0.03302283103
0.03331908995
0.0335789001
0.03382076796
0.03405274343
0.03426001235
0.03444589683
0.03462457222
0.03479342023
0.03494665297
0.03509397406
0.03523077766
0.03535351417
0.03547040776
0.03558492059
0.03568784449
0.03578630611
0.03587494546
0.03595965236
0.03604203824
0.03612012456
0.0361917439
0.03626364667
0.03632599204
0.03638979
0.03644689669
0.0365031701
0.03655144261
0.03659906294
0.03664423736
0.0366857993
0.03672454615
0.03676100408
0.03678814684
0.03681205934
0.03683117522
0.03684431434
0.03684990401
0.03684817582
0.03683063882
0.03680642973
0.03676375998
0.03670451124
0.03662731549
0.03653155494
0.03641215331
0.03627555306
0.03612133544
0.0359505077
0.03576699984
0.03557366551
0.03537657997
0.03518847016
0.03499624845
0.03481099084
0.03463695513
0.03448903916
0.03434924994
0.03422180699
0.03412078205
0.03403873742
0.03395249634
0.03389379403
0.03385155535
0.03381268912
0.03378432277
0.03376187519
0.03375391524
0.03375202278
0.03374174355
0.0337430843
0.0337493558
0.03377737689
0.03380804585
0.03383363486
0.03391351527
0.03411756156
0.03456390176
0.03525033417
0.03631725539
0.03822034137
0.04112017482
0.04421111842
0.03706515158
0.002829207548
1.819246158e-05
1.591669379e-05
1.59164382e-05
1.591643763e-05
1.591643763e-05
1.591643763e-05
0.02914344996
0.03036789814
0.03088354577
0.03135738837
0.03178451298
0.03217297107
0.03252625084
0.03284969997
0.03314161022
0.03341673032
0.03366585751
0.03389141507
0.03410415016
0.03429777631
0.03448043666
0.03464818979
0.0348090993
0.03495962801
0.03509594416
0.03522006474
0.03534201265
0.03545823376
0.03556524246
0.03566812151
0.03575577165
0.03584367302
0.03593143432
0.03600640397
0.03608074239
0.03615376905
0.0362184226
0.03628313832
0.036341809
0.03639909731
0.03645138203
0.03650228677
0.03654924406
0.03659305426
0.0366336235
0.0366673575
0.03669831148
0.03672673464
0.03674741817
0.03676469668
0.03677274261
0.03677263361
0.03676131073
0.03673968406
0.03670601854
0.03664818847
0.03658177616
0.03649488047
0.03638240769
0.03625255784
0.03610737838
0.03594100293
0.03576439075
0.0355733937
0.03537449325
0.03518289155
0.03499282367
0.03480312527
0.0346280732
0.03447508153
0.03433536781
0.03420585428
0.03410020802
0.0340172466
0.03393299319
0.03386812244
0.033816793
0.03378303774
0.03375382411
0.03373272125
0.03371631201
0.0337116476
0.03370432896
0.0337135054
0.0337103453
0.03374042864
0.03376866293
0.03379810685
0.0338519823
0.03400741897
0.03437134529
0.03497536196
0.03588860022
0.03740249414
0.04011847877
0.04305229685
0.04272669743
0.01754020319
3.052820162e-05
1.59380606e-05
1.591645112e-05
1.591643764e-05
1.591643763e-05
1.591643763e-05
0.0288958781
0.03014460495
0.03066895364
0.03114994553
0.03158280524
0.0319772324
0.03233539619
0.03266565122
0.03296332008
0.0332417369
0.03349715591
0.03373089704
0.0339488188
0.03414812079
0.03433098905
0.03450559385
0.03467056399
0.03482150031
0.03496394007
0.03509459462
0.03521983194
0.03533196644
0.03544270239
0.03554440973
0.0356426804
0.03573365527
0.03581798673
0.03589818221
0.03597440714
0.03604425234
0.03611472259
0.03617705762
0.03623749467
0.03629591223
0.03635342722
0.03640252362
0.0364508892
0.03649622116
0.03653855928
0.03657533725
0.03660978038
0.03663755861
0.03666022655
0.03667998609
0.03669055861
0.03669399207
0.03668931703
0.03667002201
0.03664324692
0.03659477411
0.03653287213
0.03644992918
0.0363501287
0.03622733803
0.03608671603
0.03592967275
0.03575475675
0.03557242065
0.03537730258
0.03518606963
0.03499600594
0.03480571132
0.03462656934
0.03446808685
0.03431797407
0.03419378473
0.03408072928
0.03399154036
0.03391312568
0.03384392572
0.03378978833
0.03375272309
0.03372351452
0.03370353533
0.03368674617
0.03368345231
0.03367555045
0.03367462318
0.03368052329
0.03369920859
0.03373097744
0.03376398084
0.03381032513
0.03392364254
0.03419290589
0.0347365657
0.03547459254
0.03671486029
0.03899439868
0.04175055537
0.04421081634
0.03180463401
0.0002744260498
1.650901819e-05
1.591656824e-05
1.59164377e-05
1.591643763e-05
1.591643763e-05
0.02864764045
0.02991949428
0.03045220888
0.0309410245
0.03138275629
0.03178498845
0.03215166304
0.03248626126
0.03279440914
0.03307038156
0.03332930432
0.03357008303
0.03379251028
0.03399451554
0.03418799282
0.03436450974
0.03453142339
0.03468363446
0.03483000045
0.03496662107
0.03509245539
0.03520626297
0.03531727799
0.03542214957
0.03552526112
0.03561686634
0.03570170132
0.03578510672
0.03586210867
0.03593558861
0.03600631363
0.03607076402
0.03613686975
0.03619343086
0.03624981619
0.03630244821
0.03635190987
0.03639913367
0.03644368973
0.03648172759
0.03651761699
0.03654768494
0.03657359944
0.03659326829
0.0366080649
0.03661749137
0.03661604371
0.03660238843
0.03657841833
0.03653861648
0.03647882427
0.03640908685
0.03631666035
0.03619971664
0.03606955662
0.03591672419
0.03574825827
0.03556795163
0.03537464492
0.03518483268
0.03499329396
0.03480449457
0.03462162098
0.03446016398
0.0343137768
0.03418435511
0.03406839707
0.0339639812
0.03388942445
0.0338235221
0.03376453005
0.03371924812
0.03369520773
0.03367205568
0.03365694447
0.03364746301
0.03363706075
0.03364686054
0.0336426099
0.03366465583
0.03369697944
0.03371888686
0.03375457175
0.0338438276
0.03406910922
0.03451029989
0.03516275905
0.03622474664
0.03787614682
0.04067554534
0.04351836088
0.04002390638
0.009610165479
2.250051278e-05
1.591836406e-05
1.591644109e-05
1.591643764e-05
1.591643763e-05
0.02839874689
0.02969558553
0.03023573032
0.03073204493
0.03117994751
0.03158864848
0.03196107215
0.03229988499
0.03261918581
0.03290925735
0.03316400104
0.03340716356
0.03364273843
0.03384982718
0.03403938935
0.03422315105
0.03439026779
0.03454495066
0.03469533624
0.03483592249
0.03496615048
0.03508323345
0.03519334976
0.03530073198
0.03540546762
0.03549737015
0.03558633242
0.03566983541
0.03575185489
0.03583023176
0.03589858507
0.03596701486
0.036032404
0.03609401214
0.03615043089
0.03620619631
0.03625743225
0.03630586501
0.03634859257
0.03638996399
0.03642585345
0.03645841406
0.03648660556
0.03650810558
0.03652763879
0.03653761859
0.03653929217
0.03653226038
0.03651057801
0.03647830658
0.03642784918
0.03636111256
0.03627592916
0.03616958838
0.03604136708
0.03589986946
0.03573839427
0.03556493182
0.03537493692
0.03518709649
0.03499756926
0.03480811531
0.03462466173
0.0344562822
0.03430757912
0.03417407081
0.0340549065
0.03393980591
0.03386511646
0.0337957331
0.0337413897
0.03369445642
0.03365951827
0.0336413891
0.03362475692
0.03361820127
0.03360964057
0.03360960346
0.03361175357
0.03363319193
0.03366551272
0.03368549723
0.03371996493
0.03379024768
0.03394394626
0.03433111767
0.03490013088
0.03574516516
0.03711412822
0.03959780597
0.04233877512
0.04357527792
0.02532164269
5.653600092e-05
1.610824696e-05
1.591649204e-05
1.591643764e-05
1.591643764e-05
0.02814929829
0.02946984543
0.03001927088
0.0305233442
0.03097842779
0.03139443901
0.03177405196
0.03212302893
0.03243686404
0.03273201797
0.03300539263
0.03325533748
0.03348350356
0.03369562305
0.03389037689
0.0340778544
0.03424620082
0.03440481222
0.03455953472
0.03470317979
0.03483823433
0.03495958891
0.03507645561
0.03518630208
0.03528674351
0.03538012243
0.03547672216
0.03556223444
0.03564570341
0.0357210174
0.03579490751
0.03586203342
0.03592660133
0.03598975491
0.03604901027
0.03610580192
0.03615843162
0.03620838966
0.03625560519
0.03629611558
0.0363334393
0.03636758768
0.03639864929
0.03642463236
0.03644301234
0.03645676835
0.03646302829
0.03646071936
0.03644316991
0.03642077098
0.03637310962
0.03631321187
0.03623639596
0.03613786581
0.0360166053
0.03588249167
0.03572629627
0.03555460239
0.03537257379
0.03518201728
0.03499747301
0.03480994281
0.03462371767
0.03445529212
0.03430246558
0.03416767856
0.03403732649
0.03392898078
0.03383624984
0.03377470744
0.03372083354
0.03367084813
0.03363210535
0.03361046199
0.03359358084
0.0335873809
0.03357610844
0.0335815491
0.03357638563
0.0335987963
0.03362668399
0.03365821838
0.0336759491
0.0337221133
0.03385091641
0.03414138568
0.03467795187
0.03535869231
0.03650450033
0.03856217784
0.04113909699
0.04372098541
0.03629392346
0.003724451111
1.847139091e-05
1.591671321e-05
1.591643849e-05
1.591643763e-05
0.0278992588
0.02924503414
0.02980258582
0.03031411717
0.03077522333
0.03119731755
0.03158266538
0.03193773534
0.0322568791
0.03255706195
0.03283411
0.03309228222
0.03332268036
0.03353969767
0.03374146984
0.03393343444
0.03410209009
0.03426476005
0.03442362876
0.03457100721
0.03470784383
0.0348351341
0.0349527736
0.03506816638
0.03516780432
0.03526908137
0.0353628215
0.03545019927
0.03553398738
0.03561235431
0.03568639865
0.03576031949
0.0358234559
0.03588657392
0.03595068789
0.03600565687
0.03605912726
0.03611065005
0.03615855377
0.03620198515
0.03624310039
0.03627810816
0.0363108354
0.03633716545
0.03635916806
0.03637503849
0.03638437528
0.03638560935
0.03637718919
0.03635402894
0.03631658243
0.03626259087
0.03619037394
0.0361024929
0.03598915007
0.03585886351
0.03571182302
0.03554697788
0.03537082938
0.035183374
0.03499962672
0.03481220903
0.0346277829
0.03444712748
0.03430002668
0.03416291805
0.03403184149
0.03391746328
0.03382285772
0.03375128265
0.03369523865
0.03364706638
0.03360639753
0.03357601912
0.03356447089
0.03355730583
0.03354768018
0.0335485421
0.03354810641
0.03355640627
0.03358935842
0.03362196128
0.0336471415
0.03368378595
0.03377940499
0.03401266265
0.03446318868
0.03507276774
0.03600733751
0.03751407934
0.0401587671
0.04280661208
0.04191327041
0.01806255757
3.114393007e-05
1.595523788e-05
1.591645513e-05
1.591643763e-05
0.02764872632
0.02901832778
0.02958383784
0.03010309441
0.03057207085
0.03100136986
0.03139409387
0.03175440486
0.03208484934
0.03239120983
0.03266348631
0.03292402965
0.03316333187
0.03338583804
0.03359520772
0.03378410429
0.03396559104
0.03413155795
0.03428514455
0.03443817267
0.03457817537
0.03470605295
0.0348303756
0.03494549049
0.035047473
0.03515258565
0.03524582777
0.03533522958
0.03542123292
0.03550183172
0.03557877909
0.03565375582
0.03572294083
0.0357880469
0.03584882904
0.03590596466
0.03596108323
0.03601642374
0.03606331163
0.03610991535
0.036150069
0.03618783888
0.03622139806
0.03625076236
0.03627689123
0.03629552406
0.0363097489
0.03631109259
0.03630772428
0.03628747866
0.03626103575
0.03620703246
0.03614375127
0.03606257359
0.03595865493
0.03583458343
0.03569534988
0.03553653675
0.03536315317
0.03517789919
0.03499837216
0.03480951323
0.03462969145
0.03444395045
0.03429227108
0.03415921427
0.03402511904
0.03390767639
0.0338110582
0.03372516774
0.03366986473
0.03361733217
0.03358320133
0.03354847913
0.03352695039
0.0335241497
0.03351283329
0.03351929855
0.03351536175
0.03352363143
0.03355844234
0.03358020917
0.03360646046
0.03363661018
0.03370832932
0.03388125004
0.03429077389
0.03482584457
0.03563379571
0.03684938559
0.03916619973
0.0416528168
0.0435464206
0.03151750157
0.0005060902866
1.667921615e-05
1.591656566e-05
1.591643776e-05
0.02739769331
0.02879253564
0.02936667753
0.02989333536
0.03036804194
0.03080313058
0.03120211826
0.03156718182
0.03190369896
0.03221462354
0.0325044406
0.03275948589
0.03300423206
0.03323701832
0.0334459869
0.03363678948
0.03382153215
0.03399285218
0.03414802292
0.03430329813
0.03444852709
0.03457706109
0.03470334517
0.03482396641
0.03493282828
0.03503435809
0.03512832509
0.03522280576
0.03531384157
0.0353961069
0.03547526
0.03554719219
0.03561752621
0.03568434422
0.03574796898
0.03580996581
0.03586548379
0.03591907791
0.03597001897
0.03601425681
0.03605771492
0.03609732299
0.03613514445
0.03616571845
0.03619154413
0.03621328389
0.0362308672
0.03623824144
0.03623724679
0.03622342352
0.03619876317
0.03615468676
0.03609756257
0.03602048999
0.03592677082
0.03580832434
0.03567505663
0.03552392414
0.03535576724
0.035177398
0.03500046276
0.03481534825
0.03461932446
0.03443998059
0.03426860091
0.03415643866
0.03402226422
0.03389967611
0.03379998164
0.033711446
0.03364658568
0.03359938854
0.03355932755
0.03352509646
0.03349751883
0.03348920886
0.0334803063
0.0334859053
0.03348752499
0.033488023
0.03351943786
0.03355244681
0.03357501619
0.03360806341
0.03366328499
0.03379667876
0.03409440004
0.03460869539
0.03528252554
0.03630571362
0.0380236876
0.0406075366
0.04314174726
0.0393536878
0.01077325841
2.3119679e-05
1.592042787e-05
1.591644235e-05
0.02714628025
0.02856538172
0.02914880619
0.02968307627
0.03016311815
0.03060657931
0.0310116178
0.03138370992
0.03172691909
0.03204311214
0.03233252037
0.0325959441
0.03285077784
0.03308206547
0.033291071
0.03349334249
0.03367645113
0.03385384376
0.03401601822
0.03417065079
0.03431752614
0.03445623635
0.03458056066
0.03470131053
0.03481286056
0.03491507795
0.03501371298
0.03511385684
0.03520064302
0.03528621799
0.03536718697
0.03544598725
0.0355138743
0.03558078422
0.0356500772
0.03570918285
0.03576628765
0.03582154169
0.03587337776
0.03592071546
0.03596628798
0.03600818768
0.03604390052
0.03607878211
0.03610627403
0.03613069262
0.03615068888
0.03616133813
0.036164453
0.03615634179
0.03613548486
0.03609733082
0.03604631927
0.03597614256
0.03589005381
0.03577938068
0.03565383051
0.03550838058
0.03534660252
0.03517187496
0.03499493862
0.03481476022
0.03462916859
0.03445120643
0.03427532162
0.03412929808
0.03400838034
0.03389497624
0.03378742699
0.03370001157
0.03362147091
0.03357394602
0.03352752525
0.03350210022
0.03347155264
0.03345685175
0.03345159333
0.03345320344
0.03345364071
0.03345351542
0.03348554291
0.03351995387
0.03353741508
0.03356517985
0.03360410139
0.03370590318
0.0339502418
0.03440102154
0.03499039626
0.03588042218
0.03725830516
0.03970894012
0.04213355791
0.04286854267
0.0257006557
8.038546399e-05
1.616769916e-05
1.591650044e-05
0.02689445057
0.02833879484
0.02893124295
0.02947241826
0.02995923588
0.03040737386
0.03081869176
0.03119619353
0.03154397735
0.0318645486
0.0321587477
0.03243842897
0.03268797226
0.03292139528
0.03314234234
0.03334575084
0.03353342385
0.03371589118
0.03388005744
0.03403782236
0.03418684115
0.03432903677
0.03445661816
0.03457879675
0.03469425155
0.03480173107
0.03490567306
0.03500218356
0.03508850449
0.03517402753
0.03525863454
0.03533864619
0.03541160355
0.03548225015
0.03554761071
0.03560958861
0.03566838802
0.03572790597
0.03577771355
0.03582734225
0.03587433732
0.03591581457
0.03595529463
0.03599104287
0.03602418611
0.03605010678
0.03606959344
0.03608346055
0.03609049342
0.03608731862
0.03606757623
0.03603912677
0.03598969072
0.03593000115
0.03584885009
0.03574837591
0.03562541363
0.03549134665
0.03533489391
0.03516773945
0.034986372
0.03481850035
0.03463432227
0.03445597435
0.03428151278
0.03412345784
0.03399545822
0.03388731629
0.03377783
0.0336862145
0.03359763838
0.03355017155
0.03350786602
0.03347964956
0.03344735542
0.033426307
0.03341216802
0.03342207602
0.03342012463
0.03342163677
0.03345445762
0.0334895095
0.03348579225
0.03351904561
0.03355895168
0.03364041756
0.03382865358
0.03422937811
0.03475032619
0.03549673174
0.03664188665
0.03851144872
0.04102790064
0.04317443355
0.03593959224
0.005072681388
1.902340719e-05
1.591687132e-05
0.02664235137
0.02811170348
0.02871241398
0.02926108825
0.02975470038
0.03020834972
0.03062670178
0.03101090741
0.03136582663
0.0316920655
0.03199476537
0.03227110467
0.03252370744
0.03276377794
0.03299076146
0.03320042976
0.03339027652
0.03357330079
0.03374501989
0.03390553139
0.03405688924
0.0342010443
0.03433161355
0.03445817908
0.03457552909
0.03468508911
0.03479130967
0.0348897536
0.03498290967
0.0350710102
0.03515640021
0.0352324815
0.0353059673
0.03537872175
0.03544654605
0.03551400546
0.03557423448
0.03563013752
0.03568430835
0.03573319624
0.0357809442
0.03582670173
0.03586949631
0.03590618125
0.03593745809
0.03596725285
0.0359894215
0.03600780926
0.03601574477
0.0360165251
0.03600323157
0.03598105253
0.03593663974
0.03587949397
0.03580548858
0.03571535264
0.03559913799
0.03546802667
0.0353207922
0.03515716486
0.03498360206
0.03481522852
0.0346341813
0.03445372625
0.03427786605
0.03410740528
0.03398510952
0.03387950658
0.03376911435
0.03367654368
0.03358944854
0.03352294827
0.03348318442
0.03345062949
0.03342361732
0.03340136117
0.033381001
0.03338563731
0.03338978519
0.03339030604
0.03342477311
0.03345612208
0.03345708004
0.03348784721
0.03352644945
0.0335875875
0.03372790249
0.03403225092
0.03453916461
0.03518377759
0.03613511751
0.03774175417
0.04011007907
0.04246950888
0.04126810764
0.01918522866
3.399642058e-05
1.599337456e-05
0.02638990199
0.02788426741
0.02849388634
0.02904840408
0.02955075793
0.03000862172
0.0304326116
0.03082272294
0.03118257576
0.03151333148
0.03182231911
0.03210345678
0.03236743522
0.03261596485
0.03284072458
0.03305163674
0.03324676886
0.03343371103
0.0336096173
0.03377167617
0.03392603932
0.03407060994
0.03420733147
0.03433426924
0.03445434648
0.03456567843
0.03467489074
0.03477510558
0.03487120455
0.03496222047
0.03504860356
0.03513087894
0.03520615908
0.03527753194
0.03534890166
0.03541328822
0.03547539596
0.03553370401
0.03558848054
0.03564203428
0.03569142161
0.03573688122
0.03577877885
0.03581821743
0.03585267401
0.0358832206
0.03590893393
0.03592907231
0.0359398751
0.03594394581
0.03593780818
0.03591722335
0.03587988825
0.03582962819
0.03576053279
0.03567581186
0.03556919032
0.03544389096
0.03530598775
0.03514744944
0.03497537369
0.03480523912
0.03463846048
0.03446292059
0.03428682955
0.03411894884
0.03397565437
0.03385211512
0.03374007084
0.03366624574
0.03358172765
0.03351173299
0.03346127561
0.03342316113
0.0333980843
0.03337625098
0.03335398382
0.0333522778
0.0333573554
0.03335992609
0.03338476996
0.03342087946
0.03342868379
0.03345985467
0.03348475448
0.03353539877
0.03364645444
0.03388893538
0.03434667546
0.03490435016
0.03574802833
0.03700002731
0.03916247649
0.041475466
0.04292177301
0.03164781992
0.001289434708
1.703971784e-05
0.02613730984
0.02765771974
0.02827551904
0.02883519422
0.02934797605
0.02980935009
0.03023980973
0.03063549703
0.03100227873
0.03133874119
0.03165254634
0.03194351878
0.0322023142
0.03245234498
0.03268747407
0.03289881719
0.03310125125
0.03329464974
0.03346620341
0.03363384228
0.03379208809
0.03393894914
0.03407848947
0.03420733819
0.03433112736
0.03444661481
0.03455487317
0.03465898267
0.03475841328
0.03484970173
0.03493938436
0.03502336573
0.03510175775
0.035177746
0.03524725249
0.03531268104
0.03537639988
0.03543813848
0.03549357311
0.03554687859
0.03559846534
0.03564739336
0.03568961175
0.03573071205
0.03576794322
0.03580055357
0.03582694824
0.03584886322
0.03586334487
0.03587040434
0.03586799981
0.0358535283
0.03582184256
0.03577310826
0.035713069
0.03563341055
0.03553702131
0.03541755548
0.03528284814
0.03513429302
0.03496840622
0.03480329806
0.03463562783
0.03446358384
0.03429411925
0.03412582346
0.03397801681
0.03385381023
0.03373827842
0.03364886727
0.0335735361
0.0334978762
0.03343805664
0.0333915413
0.03336748381
0.0333496108
0.03332805366
0.03331818849
0.0333191351
0.03333703103
0.03334622007
0.03338232417
0.03338875583
0.03341980945
0.03345130888
0.03349780432
0.03358250831
0.03376858198
0.03415873425
0.03469536618
0.03539420634
0.03644104895
0.03827163044
0.04049347075
0.04269182846
0.03891848667
0.01252855441
2.430917919e-05
0.02588495632
0.02742595813
0.02805151697
0.0286163756
0.02913638968
0.02960617637
0.03003846674
0.03044018801
0.030813297
0.03115445009
0.03147353257
0.03176909428
0.03203965368
0.03229262959
0.0325321271
0.0327505366
0.03295313661
0.03314727663
0.03332473042
0.0334949299
0.03365522934
0.03380608635
0.03394967923
0.03408042096
0.03420778742
0.03432521435
0.03443458124
0.03454315875
0.0346440194
0.03473679635
0.03482827922
0.03491469957
0.0349950235
0.03507241234
0.03514425649
0.03521285197
0.03527802867
0.0353403196
0.03539844916
0.03545344435
0.03550621395
0.0355554456
0.03560145986
0.03564375745
0.03568197074
0.03571737557
0.03574556283
0.03576961861
0.03578626204
0.03579580668
0.03579662085
0.03578531547
0.03576062371
0.03571871813
0.03566154581
0.03558780395
0.03549858718
0.0353881912
0.03526037751
0.03511818049
0.03495926588
0.03479252034
0.03462833316
0.03445958497
0.0342905494
0.03412479964
0.03396351312
0.03383919791
0.03372413049
0.03361369007
0.03354258155
0.03347515987
0.03341717507
0.03336320916
0.03333502886
0.03331691507
0.03330085137
0.03328578293
0.03328162438
0.03331260033
0.03330526288
0.0333390827
0.03334210299
0.03337705367
0.03341230837
0.03344835886
0.03351479373
0.03366538964
0.03397460018
0.03447040337
0.03506172838
0.03595471468
0.03728220414
0.03947289854
0.04182965646
0.04210281209
0.0264929078
0.0001587710177
)
;

boundaryField
{
    inlet
    {
        type            calculated;
        value           nonuniform 0();
    }
    object
    {
        type            calculated;
        value           nonuniform List<scalar> 
204
(
0.001051816085
0.001051242781
0.001050702103
0.001050175063
0.0010500382
0.001050209169
0.001050262398
0.001050199002
0.001050033176
0.001049771841
0.001049498436
0.001049199905
0.00104884397
0.001048463666
0.001048026995
0.001047593508
0.001047137618
0.001046694375
0.001046234962
0.001045768479
0.001045279951
0.001044775853
0.001044271912
0.001043746462
0.001043203352
0.00104268753
0.001042151369
0.001041588223
0.001041004697
0.001040451271
0.001039875417
0.001039265137
0.001038684603
0.001038087538
0.001037478303
0.001036857069
0.001036226928
0.00103559314
0.001034960755
0.00103433355
0.001033713286
0.001033099622
0.001032490658
0.001031883426
0.001031274689
0.001030661615
0.001030042044
0.001029414507
0.001028778362
0.001028133676
0.001027481149
0.001026821938
0.001026157334
0.001025488589
0.00102481687
0.001024142553
0.001023466166
0.001022787125
0.00102210515
0.00102141813
0.001020723972
0.001020019016
0.001019294686
0.001018541133
0.001017746033
0.001016978385
0.00101622862
0.00101552884
0.001014819811
0.001014100859
0.001013379559
0.001012634849
0.001011889794
0.001011110673
0.001010294198
0.001009477805
0.001008650956
0.001007786991
0.001006887565
0.001005950406
0.0010049709
0.001003942432
0.001002856611
0.001001704915
0.001000478131
0.0009991676728
0.0009977633249
0.0009962560041
0.0009946238322
0.0009928408491
0.00099086731
0.0009887880505
0.0009865485455
0.0009841272329
0.0009814783208
0.0009785347274
0.0009753078827
0.0009717005554
0.0009677380556
0.0009632214508
0.0009582324302
0.0009523737106
0.0009459004969
0.0009382406795
0.0009237998535
0.0009070994201
0.0008906923851
0.0008746532192
0.0008591172401
0.0008440652975
0.0008296138834
0.0008154556242
0.0008015489993
0.0007878426581
0.0007745102199
0.0007613482021
0.0007482692975
0.0007352074042
0.0007222884955
0.000709598913
0.0006969170035
0.0006842214926
0.0006714831386
0.0006589018006
0.000646316709
0.0006339484086
0.0006212012167
0.0006084525635
0.0005958664531
0.0005834157621
0.0005710485171
0.0005586847872
0.0005463100417
0.0005340623821
0.0005218538344
0.0005096788762
0.0004977346815
0.0004857831441
0.0004737916699
0.0004619500974
0.0004502533227
0.0004386220478
0.0004270076576
0.0004155000681
0.0004041691317
0.0003929773302
0.0003818735067
0.0003708182797
0.0003599043211
0.0003491234602
0.0003385625964
0.0003281256999
0.0003177863565
0.0003075399283
0.0002974871505
0.0002875708138
0.0002777924176
0.0002682156293
0.0002587782196
0.000249494616
0.0002403997589
0.000231463631
0.0002227413205
0.0002141851797
0.0002058524601
0.0001976868937
0.0001896882948
0.0001819333167
0.000174358104
0.0001669526153
0.0001597851339
0.0001528153753
0.000146030008
0.00013946383
0.0001331165735
0.0001269655224
0.0001210017591
0.0001152561173
0.0001097238227
0.0001043991545
9.927965982e-05
9.436379828e-05
8.965074068e-05
8.513886599e-05
8.08268532e-05
7.671258881e-05
7.27939417e-05
6.90680249e-05
6.553179216e-05
6.218136779e-05
5.901318121e-05
5.602277541e-05
5.320547709e-05
5.055629456e-05
4.807007737e-05
4.574126645e-05
4.356419381e-05
4.153292301e-05
3.964164333e-05
3.788390061e-05
3.625334997e-05
3.474351704e-05
3.334802127e-05
3.206069547e-05
)
;
    }
    outlet
    {
        type            calculated;
        value           nonuniform List<scalar> 
98
(
0.02588495632
0.02742595813
0.02805151697
0.0286163756
0.02913638968
0.02960617637
0.03003846674
0.03044018801
0.030813297
0.03115445009
0.03147353257
0.03176909428
0.03203965368
0.03229262959
0.0325321271
0.0327505366
0.03295313661
0.03314727663
0.03332473042
0.0334949299
0.03365522934
0.03380608635
0.03394967923
0.03408042096
0.03420778742
0.03432521435
0.03443458124
0.03454315875
0.0346440194
0.03473679635
0.03482827922
0.03491469957
0.0349950235
0.03507241234
0.03514425649
0.03521285197
0.03527802867
0.0353403196
0.03539844916
0.03545344435
0.03550621395
0.0355554456
0.03560145986
0.03564375745
0.03568197074
0.03571737557
0.03574556283
0.03576961861
0.03578626204
0.03579580668
0.03579662085
0.03578531547
0.03576062371
0.03571871813
0.03566154581
0.03558780395
0.03549858718
0.0353881912
0.03526037751
0.03511818049
0.03495926588
0.03479252034
0.03462833316
0.03445958497
0.0342905494
0.03412479964
0.03396351312
0.03383919791
0.03372413049
0.03361369007
0.03354258155
0.03347515987
0.03341717507
0.03336320916
0.03333502886
0.03331691507
0.03330085137
0.03328578293
0.03328162438
0.03331260033
0.03330526288
0.0333390827
0.03334210299
0.03337705367
0.03341230837
0.03344835886
0.03351479373
0.03366538964
0.03397460018
0.03447040337
0.03506172838
0.03595471468
0.03728220414
0.03947289854
0.04182965646
0.04210281209
0.0264929078
0.0001587710177
)
;
    }
    front
    {
        type            wedge;
    }
    back
    {
        type            wedge;
    }
    procBoundary3to1
    {
        type            processor;
        value           nonuniform List<scalar> 
105
(
0.04154609599
0.0416241773
0.04176380931
0.04198869743
0.04232306744
0.04280576053
0.04344823456
0.04423136403
0.04508974942
0.04579702914
0.04623176635
0.04575034885
0.05299042016
0.0002210759677
1.596420682e-05
1.591644345e-05
1.591643764e-05
1.591643764e-05
1.591643764e-05
1.591643764e-05
1.591643764e-05
1.591643764e-05
1.591643764e-05
1.591643764e-05
1.591643764e-05
1.591643764e-05
1.591643764e-05
1.591643764e-05
1.591643764e-05
1.591643764e-05
1.591643764e-05
1.591643764e-05
1.591643764e-05
1.591643764e-05
1.591643764e-05
1.591643764e-05
1.591643764e-05
1.591643764e-05
1.591643764e-05
1.591643764e-05
1.591643764e-05
1.591643764e-05
1.591643764e-05
1.591643764e-05
1.591643764e-05
1.591643764e-05
1.591643764e-05
1.591643764e-05
1.591643764e-05
0.04798385233
0.04796818473
0.04798573549
0.04799916938
0.04800927181
0.04801567138
0.04801832219
0.04801734599
0.04801296879
0.04800488326
0.0479935869
0.04797928577
0.0479620983
0.04794216363
0.04791962213
0.04789454403
0.04786679316
0.04783591458
0.04780118887
0.04776200718
0.047716319
0.04766053912
0.04759334542
0.04750972937
0.04740552998
0.04727452705
0.04711075713
0.0469085456
0.04666320293
0.04637243763
0.04603718601
0.04566208065
0.04525545418
0.04482905784
0.04439601545
0.04396890881
0.04355924624
0.04317711267
0.04282427346
0.04254432463
0.04150112618
0.04230213221
0.04148870273
0.04231764696
0.04147675802
0.04233334681
0.04233334681
0.04210686877
0.04193477751
0.04177988007
0.04166488903
0.04158049178
0.04151740885
0.04147974799
0.04146540625
0.04146540625
)
;
    }
    procBoundary3to2
    {
        type            processor;
        value           nonuniform List<scalar> 
205
(
1.591643764e-05
1.591643764e-05
1.591643764e-05
1.591643764e-05
1.591643764e-05
1.591643764e-05
1.591643764e-05
1.591643764e-05
1.591643764e-05
1.591643764e-05
1.591643764e-05
1.591643764e-05
1.591643764e-05
1.591643764e-05
1.591643764e-05
1.591643764e-05
1.591643764e-05
1.591643764e-05
1.591643764e-05
1.591643764e-05
1.591643764e-05
1.591643764e-05
1.591643764e-05
1.591643764e-05
1.591643764e-05
1.591643764e-05
1.591643764e-05
1.591643764e-05
1.591643764e-05
1.591643764e-05
1.591643764e-05
1.591643764e-05
1.591643764e-05
1.591643764e-05
1.591643764e-05
1.591643764e-05
1.591643764e-05
1.591643764e-05
1.591643764e-05
1.591643764e-05
1.591643764e-05
1.591643764e-05
1.591643764e-05
1.591643764e-05
1.591643764e-05
1.591643764e-05
1.591643764e-05
1.591643764e-05
1.591643764e-05
1.591643764e-05
1.591643764e-05
1.591643764e-05
1.591643764e-05
1.591643764e-05
1.591643764e-05
1.591643764e-05
1.591643764e-05
1.591643764e-05
1.591643764e-05
1.591643764e-05
1.591643764e-05
1.591643764e-05
1.591643764e-05
1.591643764e-05
1.591643763e-05
1.591643763e-05
1.591643764e-05
1.591643764e-05
1.591643764e-05
1.591643764e-05
1.591643764e-05
1.591643764e-05
1.591643764e-05
1.591643764e-05
1.591643764e-05
1.591643764e-05
1.591643764e-05
1.591643764e-05
1.591643764e-05
1.591643764e-05
1.591643764e-05
1.591643764e-05
1.591643764e-05
1.591643764e-05
1.591643764e-05
1.591643764e-05
1.591643764e-05
1.591643764e-05
1.591643764e-05
1.591643764e-05
1.591643764e-05
1.591643764e-05
1.591643764e-05
1.591643764e-05
1.591643764e-05
1.591643764e-05
1.591643764e-05
1.591643764e-05
1.591643764e-05
1.591643764e-05
1.591643764e-05
1.591643764e-05
1.591643764e-05
1.591643764e-05
1.591643764e-05
1.591643764e-05
1.591643764e-05
1.591643764e-05
1.591643764e-05
1.591643764e-05
1.591643764e-05
1.591643764e-05
1.591643764e-05
1.591643764e-05
1.591643764e-05
1.591643764e-05
1.591643764e-05
1.591643764e-05
1.591643764e-05
1.591643763e-05
1.591643763e-05
1.591643764e-05
1.591643763e-05
1.591643764e-05
1.591643764e-05
1.591643764e-05
1.591643764e-05
1.591643764e-05
1.591643764e-05
1.591643764e-05
1.591643764e-05
1.591643764e-05
1.591643764e-05
1.591643764e-05
1.591643764e-05
1.591643764e-05
1.591643764e-05
1.591643764e-05
1.591643764e-05
1.591643764e-05
1.591643764e-05
1.591643764e-05
1.591643764e-05
1.591643764e-05
1.591643764e-05
1.591643764e-05
1.591643764e-05
1.591643764e-05
1.591643764e-05
1.591643764e-05
1.591643764e-05
1.591643764e-05
1.591643764e-05
1.591643764e-05
1.591643764e-05
1.591643764e-05
1.591643764e-05
1.591643764e-05
1.591643764e-05
1.591643764e-05
1.591643764e-05
1.591643764e-05
1.591643764e-05
1.591643763e-05
1.591643763e-05
1.591643764e-05
1.591643764e-05
1.591643764e-05
1.591643764e-05
1.591643764e-05
1.591643764e-05
1.591643764e-05
1.591643764e-05
1.591643764e-05
1.591643764e-05
1.591643763e-05
1.591643764e-05
1.591643764e-05
1.591643764e-05
1.591643764e-05
1.591643764e-05
1.591643764e-05
1.591643764e-05
1.591643763e-05
1.591643763e-05
1.591643763e-05
1.591643763e-05
1.591643763e-05
1.591643763e-05
1.591643763e-05
1.591643763e-05
1.591643763e-05
1.591643763e-05
1.591643763e-05
1.591643763e-05
1.591643763e-05
1.591643763e-05
1.591643763e-05
1.591643763e-05
1.591643765e-05
1.591643906e-05
1.591646248e-05
1.591656288e-05
1.592718967e-05
1.598755426e-05
)
;
    }
}


// ************************************************************************* //
