/*--------------------------------*- C++ -*----------------------------------*\
| =========                 |                                                 |
| \\      /  F ield         | OpenFOAM: The Open Source CFD Toolbox           |
|  \\    /   O peration     | Version:  v1706                                 |
|   \\  /    A nd           | Web:      www.OpenFOAM.com                      |
|    \\/     M anipulation  |                                                 |
\*---------------------------------------------------------------------------*/
FoamFile
{
    version     2.0;
    format      ascii;
    class       volScalarField;
    location    "0.00157";
    object      nD_e-;
}
// * * * * * * * * * * * * * * * * * * * * * * * * * * * * * * * * * * * * * //

dimensions      [0 -3 0 0 0 0 0];


internalField   nonuniform List<scalar> 
20014
(
7.364461896e+20
7.876320966e+20
8.448383737e+20
9.050999064e+20
9.643498286e+20
1.018101486e+21
1.062531439e+21
1.095515801e+21
1.116252056e+21
1.126535271e+21
1.129596614e+21
1.127710709e+21
1.11963102e+21
1.068971275e+21
8.427760666e+20
2.616954898e+20
3.15987548e+14
1.320155887e-62
1.300370655e-62
1.280984815e-62
1.261523295e-62
1.242228206e-62
1.223036279e-62
1.204007997e-62
1.184375765e-62
1.167169616e-62
1.148616046e-62
1.126958482e-62
1.112525918e-62
1.092179641e-62
1.074010719e-62
1.056141203e-62
1.037739347e-62
1.019244543e-62
1.00342537e-62
9.836045655e-63
9.674732186e-63
9.492745889e-63
9.325121955e-63
9.158185801e-63
8.995220185e-63
8.830366093e-63
8.654384482e-63
8.504989662e-63
8.306031023e-63
8.165577906e-63
8.01336796e-63
7.851873872e-63
7.676184852e-63
1.066541366e+21
1.076785795e+21
1.079450884e+21
1.081977654e+21
1.084483887e+21
1.086936298e+21
1.089298455e+21
1.091538358e+21
1.093662375e+21
1.09559886e+21
1.097308948e+21
1.098755263e+21
1.099893564e+21
1.100669623e+21
1.101014874e+21
1.100838919e+21
1.100005893e+21
1.098404321e+21
1.095722422e+21
1.091761216e+21
1.086195335e+21
1.078657236e+21
1.068631374e+21
1.055745985e+21
1.039685618e+21
1.019925228e+21
9.966920351e+20
9.695571584e+20
9.390801766e+20
9.058059839e+20
8.70535964e+20
8.342321837e+20
7.979292343e+20
7.626407003e+20
7.292770339e+20
6.985875007e+20
6.711332408e+20
6.472911926e+20
6.273139289e+20
6.112426282e+20
7.302355206e+20
7.805898756e+20
8.371602149e+20
8.971475326e+20
9.5662748e+20
1.011154044e+21
1.056771861e+21
1.091016769e+21
1.11305434e+21
1.123837894e+21
1.126584002e+21
1.124646567e+21
1.11609126e+21
1.069566594e+21
8.695407157e+20
3.093607903e+20
1.562539441e+16
1.323156231e-62
1.303312256e-62
1.284074837e-62
1.264703184e-62
1.244864495e-62
1.222897788e-62
1.20612605e-62
1.187096858e-62
1.169083103e-62
1.150307658e-62
1.132448824e-62
1.113381745e-62
1.093577596e-62
1.07718726e-62
1.05845421e-62
1.039877244e-62
1.022256642e-62
1.004882568e-62
9.868837283e-63
9.691509332e-63
9.52374763e-63
9.348550052e-63
9.179826816e-63
9.014844611e-63
8.840445694e-63
8.674056814e-63
8.51331978e-63
8.346414217e-63
8.162929674e-63
8.019373193e-63
7.858579093e-63
7.703160692e-63
1.069236435e+21
1.079633295e+21
1.082282803e+21
1.084787193e+21
1.087253716e+21
1.089645556e+21
1.091931301e+21
1.094086381e+21
1.096045655e+21
1.09784742e+21
1.099415251e+21
1.100712821e+21
1.101698126e+21
1.102318961e+21
1.102510395e+21
1.102179197e+21
1.101213953e+21
1.099468717e+21
1.096670751e+21
1.092622618e+21
1.086995278e+21
1.079388133e+21
1.069432435e+21
1.056559717e+21
1.040499576e+21
1.021155163e+21
9.977731209e+20
9.708059173e+20
9.404046359e+20
9.071954851e+20
8.719560174e+20
8.356350216e+20
7.992608591e+20
7.638471264e+20
7.303089834e+20
6.994030608e+20
6.716987546e+20
6.475836146e+20
6.27300114e+20
6.109422672e+20
7.239481415e+20
7.734380026e+20
8.29343836e+20
8.890348327e+20
9.487273752e+20
1.004008555e+21
1.050780515e+21
1.086264671e+21
1.109510518e+21
1.120703269e+21
1.123561099e+21
1.1210877e+21
1.112803157e+21
1.071260527e+21
9.004333614e+20
3.605521047e+20
1.762615551e+17
1.326065838e-62
1.306057205e-62
1.286483116e-62
1.266818747e-62
1.246992525e-62
1.228432258e-62
1.207254859e-62
1.190877795e-62
1.170353161e-62
1.151689017e-62
1.135588404e-62
1.114637791e-62
1.096542629e-62
1.079158353e-62
1.06044437e-62
1.043142893e-62
1.024353806e-62
1.007208541e-62
9.890506667e-63
9.715885642e-63
9.540957654e-63
9.372146016e-63
9.197728684e-63
9.032432411e-63
8.863904277e-63
8.699636801e-63
8.515375217e-63
8.36151489e-63
8.18058452e-63
8.028806171e-63
7.873903159e-63
7.68209399e-63
1.072061687e+21
1.082646105e+21
1.085277762e+21
1.087743216e+21
1.090149275e+21
1.092480024e+21
1.094682955e+21
1.096741477e+21
1.098554964e+21
1.100210316e+21
1.101628964e+21
1.102770913e+21
1.103596896e+21
1.104057965e+21
1.104091043e+21
1.103596955e+21
1.102503413e+21
1.100604353e+21
1.097697021e+21
1.093563968e+21
1.087891592e+21
1.0802463e+21
1.070204086e+21
1.057378036e+21
1.041376019e+21
1.021941857e+21
9.987821768e+20
9.719004484e+20
9.417221535e+20
9.086349422e+20
8.734544606e+20
8.371297932e+20
8.00689676e+20
7.651510911e+20
7.314356568e+20
7.003083294e+20
6.723469342e+20
6.479457168e+20
6.273367197e+20
6.106972556e+20
7.1759137e+20
7.661863497e+20
8.213996685e+20
8.807664361e+20
9.406377886e+20
9.966252136e+20
1.044483949e+21
1.081148882e+21
1.105467218e+21
1.116807094e+21
1.120156619e+21
1.117470433e+21
1.109448059e+21
1.073686523e+21
9.266408839e+20
4.082368999e+20
1.000053386e+18
1.328904446e-62
1.308835737e-62
1.289388943e-62
1.269841692e-62
1.249986894e-62
1.230333183e-62
1.210334756e-62
1.192920579e-62
1.174103887e-62
1.15315502e-62
1.136949346e-62
1.117693678e-62
1.099791213e-62
1.08139033e-62
1.063251696e-62
1.044265989e-62
1.027339116e-62
1.009595602e-62
9.914256153e-63
9.73337078e-63
9.562879849e-63
9.397959489e-63
9.217319751e-63
9.047570477e-63
8.881814433e-63
8.711707456e-63
8.535074548e-63
8.373998456e-63
8.211589447e-63
8.033445063e-63
7.868984624e-63
7.703581756e-63
1.074988505e+21
1.085850551e+21
1.0884582e+21
1.09086418e+21
1.093197294e+21
1.095421109e+21
1.097466964e+21
1.099379265e+21
1.101087838e+21
1.102603804e+21
1.10386558e+21
1.104844623e+21
1.105505007e+21
1.105799896e+21
1.105668241e+21
1.10501583e+21
1.103776774e+21
1.101727631e+21
1.098712661e+21
1.094486181e+21
1.088733383e+21
1.08104477e+21
1.071111789e+21
1.058422155e+21
1.042580774e+21
1.023199078e+21
1.000014633e+21
9.735757387e+20
9.431555245e+20
9.101225685e+20
8.749851395e+20
8.386560686e+20
8.021522523e+20
7.664900629e+20
7.325966504e+20
7.012457133e+20
6.730249219e+20
6.483382101e+20
6.27446138e+20
6.104389566e+20
5.972477733e+20
5.887670989e+20
5.841913481e+20
5.840071988e+20
5.889767675e+20
5.993686854e+20
6.160550549e+20
6.39837294e+20
6.714111856e+20
7.11148919e+20
7.588336231e+20
8.133376216e+20
8.723558523e+20
9.323648161e+20
9.889925838e+20
1.037851873e+21
1.075624286e+21
1.100950151e+21
1.113046492e+21
1.116158681e+21
1.113876027e+21
1.106506515e+21
1.07681214e+21
9.519382037e+20
4.499110716e+20
4.760228455e+18
1.331675687e-62
1.311564748e-62
1.29221782e-62
1.272655652e-62
1.253092431e-62
1.2327525e-62
1.213458693e-62
1.195673188e-62
1.175489465e-62
1.157146792e-62
1.140171604e-62
1.123564636e-62
1.096935219e-62
1.08405015e-62
1.065037616e-62
1.047367747e-62
1.029038323e-62
1.011482884e-62
9.936199248e-63
9.758034133e-63
9.58918594e-63
9.417764695e-63
9.222105246e-63
9.068050097e-63
8.89295859e-63
8.728279834e-63
8.558237078e-63
8.390685501e-63
8.22438861e-63
8.039809732e-63
7.884934968e-63
7.718077443e-63
1.078750965e+21
1.089538642e+21
1.092041762e+21
1.094326745e+21
1.096531285e+21
1.098635701e+21
1.100554394e+21
1.102341376e+21
1.103879664e+21
1.105228754e+21
1.106325178e+21
1.10713607e+21
1.107626543e+21
1.107751778e+21
1.107448942e+21
1.106645394e+21
1.10524452e+21
1.103055334e+21
1.09993022e+21
1.095610359e+21
1.089791017e+21
1.082053298e+21
1.072072177e+21
1.059372981e+21
1.043528536e+21
1.024189574e+21
1.001245773e+21
9.747180498e+20
9.447810305e+20
9.118575933e+20
8.767714775e+20
8.404387866e+20
8.03869511e+20
7.680784923e+20
7.339978913e+20
7.024106567e+20
6.739149113e+20
6.489224209e+20
6.276748087e+20
6.103429705e+20
5.96866432e+20
5.880644765e+20
5.833029101e+20
5.825788525e+20
5.867719985e+20
5.964737269e+20
6.123710188e+20
6.352549449e+20
6.65841329e+20
7.045594167e+20
7.512904321e+20
8.050470009e+20
8.636809191e+20
9.237885681e+20
9.810100858e+20
1.030818295e+21
1.069658042e+21
1.095903103e+21
1.108542711e+21
1.112353948e+21
1.110226694e+21
1.104189631e+21
1.080271817e+21
9.745388039e+20
4.995291255e+20
1.171156973e+19
1.334613785e-62
1.314404308e-62
1.294981713e-62
1.275590684e-62
1.255924104e-62
1.236079411e-62
1.215571738e-62
1.19844593e-62
1.178620387e-62
1.159760093e-62
1.142283104e-62
1.123306596e-62
1.103132227e-62
1.085818248e-62
1.067442062e-62
1.049528334e-62
1.031309109e-62
1.013380453e-62
9.966727494e-63
9.783087796e-63
9.592307134e-63
9.430786195e-63
9.256629317e-63
9.084375756e-63
8.912693352e-63
8.749299066e-63
8.574951569e-63
8.396244371e-63
8.238291836e-63
8.066328517e-63
7.892262386e-63
7.725258276e-63
1.08300122e+21
1.093449309e+21
1.095775414e+21
1.097930689e+21
1.09996982e+21
1.101952837e+21
1.103735222e+21
1.105356955e+21
1.106749752e+21
1.107915678e+21
1.108834597e+21
1.109465097e+21
1.109773169e+21
1.10971726e+21
1.109227945e+21
1.108267983e+21
1.106684772e+21
1.104353899e+21
1.101100997e+21
1.096670334e+21
1.090739513e+21
1.082998791e+21
1.07300462e+21
1.060341532e+21
1.044660954e+21
1.025319866e+21
1.00259269e+21
9.76211369e+20
9.463495473e+20
9.135114069e+20
8.784684364e+20
8.421271594e+20
8.054906549e+20
7.695717929e+20
7.353067669e+20
7.034871154e+20
6.747214474e+20
6.4943118e+20
6.278749398e+20
6.10207115e+20
5.964650023e+20
5.870400259e+20
5.817039538e+20
5.807439009e+20
5.844133426e+20
5.934634593e+20
6.085896056e+20
6.305842267e+20
6.601861905e+20
6.97882331e+20
7.436494232e+20
7.966341838e+20
8.548366484e+20
9.14967098e+20
9.72682642e+20
1.023338886e+21
1.063151638e+21
1.090474041e+21
1.104154137e+21
1.108263367e+21
1.107122844e+21
1.101850102e+21
1.083046331e+21
9.920148607e+20
5.322564502e+20
2.164286817e+19
1.337452589e-62
1.317087659e-62
1.297804366e-62
1.278749863e-62
1.26011011e-62
1.241487824e-62
1.214760189e-62
1.201058502e-62
1.181974005e-62
1.162635065e-62
1.144366706e-62
1.124228067e-62
1.106383887e-62
1.088396137e-62
1.070690763e-62
1.051338059e-62
1.033682873e-62
1.015049372e-62
9.985181985e-63
9.791999437e-63
9.629578958e-63
9.460279526e-63
9.277254194e-63
9.097831595e-63
8.935275599e-63
8.746771098e-63
8.587071138e-63
8.408211687e-63
8.252321808e-63
8.08426866e-63
7.906873818e-63
7.746024952e-63
1.087132303e+21
1.097286613e+21
1.099434217e+21
1.101502854e+21
1.103475663e+21
1.10534173e+21
1.106992388e+21
1.108391602e+21
1.109639249e+21
1.110615006e+21
1.111354472e+21
1.111803058e+21
1.111928087e+21
1.111685311e+21
1.111021936e+21
1.10988139e+21
1.108127486e+21
1.105654692e+21
1.102273247e+21
1.097740968e+21
1.091772113e+21
1.084015303e+21
1.073997267e+21
1.061395202e+21
1.045523849e+21
1.026467698e+21
1.003791367e+21
9.77498059e+20
9.477944129e+20
9.150811775e+20
8.801008478e+20
8.437590269e+20
8.07059143e+20
7.710160627e+20
7.365714266e+20
7.045255031e+20
6.754972071e+20
6.499175997e+20
6.280559736e+20
6.100636745e+20
5.959571228e+20
5.863064945e+20
5.806953849e+20
5.790494452e+20
5.821330966e+20
5.905238894e+20
6.048882703e+20
6.260127355e+20
6.546555382e+20
6.913566611e+20
7.361809457e+20
7.883974764e+20
8.461409438e+20
9.062272616e+20
9.643383112e+20
1.015744395e+21
1.056487123e+21
1.084927513e+21
1.099724811e+21
1.10440496e+21
1.104069952e+21
1.100448607e+21
1.0866845e+21
1.008562184e+21
5.710484113e+20
3.331949431e+19
1.3405238e-62
1.320317456e-62
1.300970795e-62
1.281571065e-62
1.261914068e-62
1.242241792e-62
1.220789272e-62
1.203428161e-62
1.185156748e-62
1.164799783e-62
1.146602357e-62
1.127612246e-62
1.108805864e-62
1.090873721e-62
1.07210624e-62
1.054930818e-62
1.037540672e-62
1.015247386e-62
1.000338766e-62
9.809890588e-63
9.653086364e-63
9.468928638e-63
9.29595604e-63
9.12131945e-63
8.94697468e-63
8.771920677e-63
8.588600726e-63
8.433350367e-63
8.269318335e-63
8.095505498e-63
7.932246919e-63
7.758710609e-63
1.091274665e+21
1.101075212e+21
1.103125487e+21
1.105081467e+21
1.106908907e+21
1.108559886e+21
1.110079639e+21
1.111366766e+21
1.112430102e+21
1.113297854e+21
1.113867189e+21
1.114137016e+21
1.114079342e+21
1.113646947e+21
1.112815475e+21
1.111483741e+21
1.109569254e+21
1.106947439e+21
1.103431105e+21
1.09878458e+21
1.09269275e+21
1.084895189e+21
1.074866061e+21
1.062263871e+21
1.046560582e+21
1.027600559e+21
1.005034568e+21
9.787560536e+20
9.492002167e+20
9.165991751e+20
8.816834855e+20
8.453478434e+20
8.085916289e+20
7.72430931e+20
7.37813134e+20
7.055474791e+20
6.762631926e+20
6.504006451e+20
6.282370291e+20
6.099266906e+20
5.954651552e+20
5.85300203e+20
5.791805077e+20
5.772910847e+20
5.798684709e+20
5.876417553e+20
6.012752697e+20
6.215593061e+20
6.492736962e+20
6.850086785e+20
7.289095732e+20
7.803558419e+20
8.3760451e+20
8.975726334e+20
9.559802249e+20
1.00804661e+21
1.049683829e+21
1.078963246e+21
1.093893301e+21
1.100197651e+21
1.101536423e+21
1.099297793e+21
1.088233707e+21
1.017575534e+21
5.969903573e+20
4.438070892e+19
1.343967045e-62
1.323166845e-62
1.303600451e-62
1.284036426e-62
1.264264038e-62
1.244569405e-62
1.225706257e-62
1.204799259e-62
1.186407991e-62
1.168187366e-62
1.149647388e-62
1.130732846e-62
1.111309563e-62
1.092538607e-62
1.074247736e-62
1.057478017e-62
1.038177351e-62
1.018542277e-62
1.002058571e-62
9.850484388e-63
9.656104991e-63
9.489256305e-63
9.315987252e-63
9.12729931e-63
8.964044752e-63
8.791588814e-63
8.61218504e-63
8.453395294e-63
8.282647217e-63
8.12220326e-63
7.950643272e-63
7.762314005e-63
1.095251413e+21
1.10477904e+21
1.106712794e+21
1.108539355e+21
1.11024599e+21
1.111795135e+21
1.11320387e+21
1.114367702e+21
1.115306052e+21
1.11597644e+21
1.116371496e+21
1.116461711e+21
1.116217756e+21
1.115608406e+21
1.114587725e+21
1.113077891e+21
1.111003619e+21
1.108231234e+21
1.104583449e+21
1.099830149e+21
1.093683237e+21
1.085802771e+21
1.075774338e+21
1.06317711e+21
1.047546819e+21
1.028641988e+21
1.006177572e+21
9.800703675e+20
9.505973998e+20
9.180807707e+20
8.832210469e+20
8.468935787e+20
8.100874922e+20
7.738170176e+20
7.390341389e+20
7.06556846e+20
6.770248667e+20
6.508885846e+20
6.284333899e+20
6.098166113e+20
5.950767718e+20
5.846674732e+20
5.782272279e+20
5.757030334e+20
5.777171878e+20
5.848696525e+20
5.977876755e+20
6.172568138e+20
6.440736914e+20
6.788724399e+20
7.218695379e+20
7.725427092e+20
8.292610673e+20
8.890425701e+20
9.476644837e+20
1.000339407e+21
1.042930916e+21
1.073601269e+21
1.091215776e+21
1.097784611e+21
1.099996719e+21
1.099000312e+21
1.090718004e+21
1.030163835e+21
6.284205723e+20
6.013445097e+19
0
1.32629397e-62
1.306860625e-62
1.287320045e-62
1.267671599e-62
1.247585282e-62
1.225147174e-62
1.20809462e-62
1.188945949e-62
1.172487781e-62
1.149768139e-62
1.133419466e-62
1.114147327e-62
1.095200535e-62
1.077624651e-62
1.058639001e-62
1.038047109e-62
1.022157537e-62
1.004110426e-62
9.86452578e-63
9.674515104e-63
9.508420354e-63
9.330357076e-63
9.159677971e-63
8.97740061e-63
8.811993983e-63
8.639620765e-63
8.462713457e-63
8.302690226e-63
8.138999355e-63
7.96341157e-63
7.791532036e-63
1.098726388e+21
1.108343142e+21
1.110386755e+21
1.111976883e+21
1.113573919e+21
1.115004676e+21
1.116279836e+21
1.117302964e+21
1.118089272e+21
1.118632786e+21
1.118858921e+21
1.118771121e+21
1.118342492e+21
1.117553505e+21
1.116341602e+21
1.114660581e+21
1.112422358e+21
1.109497927e+21
1.105715583e+21
1.100848834e+21
1.094610476e+21
1.086663418e+21
1.076619523e+21
1.064041724e+21
1.048667354e+21
1.029822276e+21
1.00762273e+21
9.814357779e+20
9.519998385e+20
9.19545717e+20
8.847298503e+20
8.484063743e+20
8.115522871e+20
7.751775009e+20
7.402365686e+20
7.075549625e+20
6.777821668e+20
6.513777656e+20
6.286326117e+20
6.09703913e+20
5.946075831e+20
5.835853724e+20
5.768801432e+20
5.740700412e+20
5.756028749e+20
5.821815406e+20
5.944217101e+20
6.131127981e+20
6.390688066e+20
6.729630873e+20
7.15074818e+20
7.649694419e+20
8.211209325e+20
8.806514124e+20
9.394146696e+20
9.926474631e+20
1.036180245e+21
1.068010846e+21
1.086940609e+21
1.095299958e+21
1.098345057e+21
1.09834376e+21
1.091927453e+21
1.036408146e+21
6.520801964e+20
7.80800392e+19
1.232130207e-17
1.329097717e-62
1.309715276e-62
1.290353643e-62
1.270433775e-62
1.24973164e-62
1.228644975e-62
1.210729985e-62
1.191462035e-62
1.173079174e-62
1.153983297e-62
1.13614074e-62
1.115375795e-62
1.09824316e-62
1.079020101e-62
1.061299865e-62
1.042709548e-62
1.022369944e-62
1.006614316e-62
9.881095655e-63
9.691183675e-63
9.516183016e-63
9.351220902e-63
9.175562383e-63
8.998438433e-63
8.824715003e-63
8.65513113e-63
8.481252373e-63
8.320021291e-63
8.158414986e-63
7.963389643e-63
7.802545166e-63
1.102294133e+21
1.112055626e+21
1.113743502e+21
1.115499866e+21
1.116946889e+21
1.11827487e+21
1.119369302e+21
1.120276943e+21
1.120917793e+21
1.121278479e+21
1.12133287e+21
1.121063316e+21
1.120457485e+21
1.119475025e+21
1.118082689e+21
1.116228538e+21
1.1138247e+21
1.110748743e+21
1.106833128e+21
1.101857577e+21
1.095541586e+21
1.087548303e+21
1.077485505e+21
1.064939174e+21
1.049441528e+21
1.030779863e+21
1.008522922e+21
9.826623481e+20
9.533498431e+20
9.20976629e+20
8.86205525e+20
8.498850388e+20
8.129845056e+20
7.765100761e+20
7.414179998e+20
7.085401534e+20
6.785352008e+20
6.518722083e+20
6.288494347e+20
6.096292543e+20
5.942426156e+20
5.830190165e+20
5.758569844e+20
5.725900224e+20
5.736086961e+20
5.796180748e+20
5.911992578e+20
6.091403695e+20
6.342670846e+20
6.672844243e+20
7.085250843e+20
7.576330423e+20
8.131828522e+20
8.724070964e+20
9.312557719e+20
9.850159614e+20
1.029492117e+21
1.062424706e+21
1.082794743e+21
1.092912823e+21
1.097079554e+21
1.098190681e+21
1.0927941e+21
1.042161801e+21
6.772348413e+20
9.619738975e+19
0
1.332008998e-62
1.312406964e-62
1.29294688e-62
1.273352106e-62
1.253284847e-62
1.231844063e-62
1.212785034e-62
1.192873756e-62
1.175092521e-62
1.156583717e-62
1.137810624e-62
1.11902163e-62
1.099758784e-62
1.081885703e-62
1.063759342e-62
1.046340745e-62
1.023176673e-62
1.008042787e-62
9.900142922e-63
9.720536136e-63
9.538869778e-63
9.364379286e-63
9.202447698e-63
9.022519616e-63
8.83093062e-63
8.676748062e-63
8.503391616e-63
8.338322619e-63
8.140082832e-63
7.988217404e-63
7.816472172e-63
1.105867872e+21
1.115426751e+21
1.117103036e+21
1.118704881e+21
1.120122085e+21
1.121381622e+21
1.122401282e+21
1.123167434e+21
1.123690675e+21
1.12390156e+21
1.123787992e+21
1.123342348e+21
1.122549483e+21
1.121381704e+21
1.119810409e+21
1.117779564e+21
1.115208228e+21
1.111979366e+21
1.107928436e+21
1.102838377e+21
1.096431841e+21
1.088356613e+21
1.078275973e+21
1.065737851e+21
1.050352887e+21
1.0319275e+21
1.009719316e+21
9.838950107e+20
9.546823004e+20
9.223849082e+20
8.876582005e+20
8.513409032e+20
8.143954023e+20
7.77824802e+20
7.42586794e+20
7.09518833e+20
6.792878329e+20
6.523715262e+20
6.29074356e+20
6.095602132e+20
5.938634406e+20
5.822329257e+20
5.747289452e+20
5.71111086e+20
5.716622054e+20
5.77140671e+20
5.880968687e+20
6.053224069e+20
6.296522025e+20
6.618172671e+20
7.021967464e+20
7.505070874e+20
8.05423469e+20
8.642998281e+20
9.232053726e+20
9.775054168e+20
1.022995155e+21
1.0572037e+21
1.079382879e+21
1.091137906e+21
1.096181295e+21
1.097853164e+21
1.093336573e+21
1.042407279e+21
7.076547728e+20
1.268700925e+20
2827434.106
1.334583574e-62
1.314772769e-62
1.295316372e-62
1.275997543e-62
1.256611549e-62
1.235156915e-62
1.215375277e-62
1.197162053e-62
1.176510832e-62
1.158660415e-62
1.139457933e-62
1.122091256e-62
1.100838696e-62
1.084157979e-62
1.06563349e-62
1.046999386e-62
1.027980659e-62
1.010144015e-62
9.917667743e-63
9.747018641e-63
9.558042228e-63
9.387848161e-63
9.20843976e-63
9.032200958e-63
8.853199316e-63
8.68956821e-63
8.520202487e-63
8.353471831e-63
8.178416785e-63
7.984548761e-63
7.839125043e-63
1.109641904e+21
1.118815257e+21
1.120464773e+21
1.122016971e+21
1.123365819e+21
1.124546334e+21
1.1254604e+21
1.126116895e+21
1.126469359e+21
1.126515215e+21
1.126230256e+21
1.125606095e+21
1.124626163e+21
1.123276469e+21
1.121523196e+21
1.119315108e+21
1.116577579e+21
1.113194881e+21
1.109009839e+21
1.103808839e+21
1.097322931e+21
1.08923233e+21
1.079135906e+21
1.066632431e+21
1.051266648e+21
1.032720524e+21
1.010528867e+21
9.850387148e+20
9.559632504e+20
9.237581903e+20
8.89087492e+20
8.527804398e+20
8.157943594e+20
7.79131226e+20
7.437512254e+20
7.104975493e+20
6.800450776e+20
6.528798562e+20
6.293125146e+20
6.095105013e+20
5.935016086e+20
5.814092498e+20
5.736813101e+20
5.697052472e+20
5.69809789e+20
5.747647783e+20
5.851151488e+20
6.016484654e+20
6.252038979e+20
6.565317976e+20
6.960514964e+20
7.435472256e+20
7.977964983e+20
8.562848357e+20
9.152180157e+20
9.700558922e+20
1.016589069e+21
1.052174301e+21
1.076103491e+21
1.089284336e+21
1.09537168e+21
1.097062151e+21
1.092293085e+21
1.041820096e+21
7.452773581e+20
1.580337039e+20
0
1.33732135e-62
1.317470328e-62
1.297848865e-62
1.278452453e-62
1.259548313e-62
1.241075288e-62
1.215573533e-62
1.199846734e-62
1.180593016e-62
1.163281761e-62
1.138342639e-62
1.12233667e-62
1.10444638e-62
1.086485062e-62
1.067989109e-62
1.048866552e-62
1.030228759e-62
1.01210143e-62
9.945323699e-63
9.763577346e-63
9.576760013e-63
9.39813074e-63
9.229003289e-63
9.051478761e-63
8.880304214e-63
8.707657174e-63
8.541389159e-63
8.356112414e-63
8.195924531e-63
8.008900321e-63
7.859178928e-63
1.112979462e+21
1.122199812e+21
1.123838824e+21
1.125311668e+21
1.12659307e+21
1.127672791e+21
1.12846589e+21
1.12897432e+21
1.12921251e+21
1.1291089e+21
1.128656259e+21
1.127851008e+21
1.12669164e+21
1.125157933e+21
1.123222119e+21
1.120837164e+21
1.117930544e+21
1.114394597e+21
1.110072222e+21
1.104756341e+21
1.098178128e+21
1.089997782e+21
1.079881261e+21
1.067381045e+21
1.052082572e+21
1.0336074e+21
1.011574309e+21
9.861478991e+20
9.571981494e+20
9.250979142e+20
8.904969643e+20
8.542100076e+20
8.171898122e+20
7.80438542e+20
7.449198488e+20
7.114831826e+20
6.808115655e+20
6.533994453e+20
6.295640395e+20
6.094759483e+20
5.93191323e+20
5.808077919e+20
5.72699128e+20
5.683372426e+20
5.68017343e+20
5.724557975e+20
5.82220833e+20
5.980834514e+20
6.208822096e+20
6.513812587e+20
6.900359543e+20
7.366962361e+20
7.902460896e+20
8.48313721e+20
9.072569807e+20
9.626418396e+20
1.01025124e+21
1.047267374e+21
1.07286247e+21
1.087294423e+21
1.093848845e+21
1.095248196e+21
1.090328223e+21
1.041174582e+21
7.736858399e+20
1.92942822e+20
1.659927037e+12
1.34008225e-62
1.320108962e-62
1.3007282e-62
1.281635988e-62
1.262108692e-62
1.239962491e-62
1.221135248e-62
1.202816497e-62
1.182434664e-62
1.163894334e-62
1.143503716e-62
1.124543143e-62
1.107193023e-62
1.088968737e-62
1.070109744e-62
1.050405025e-62
1.032059398e-62
1.01375929e-62
9.965836322e-63
9.784867058e-63
9.598742734e-63
9.428099359e-63
9.239807839e-63
9.081363787e-63
8.896003268e-63
8.722213766e-63
8.548357155e-63
8.365302612e-63
8.209436706e-63
8.038611626e-63
7.879724537e-63
1.116408279e+21
1.125665134e+21
1.127261389e+21
1.128703694e+21
1.129897919e+21
1.130813215e+21
1.131507523e+21
1.131902087e+21
1.131964923e+21
1.131695261e+21
1.131068277e+21
1.130085905e+21
1.128744769e+21
1.127026946e+21
1.12490799e+21
1.122346523e+21
1.119271962e+21
1.115581003e+21
1.111122048e+21
1.105691934e+21
1.099028834e+21
1.090812657e+21
1.080685762e+21
1.068164307e+21
1.052977367e+21
1.034544472e+21
1.012718711e+21
9.872964101e+20
9.584114751e+20
9.264158909e+20
8.91885884e+20
8.556242067e+20
8.185759393e+20
7.817416129e+20
7.460879836e+20
7.124709702e+20
6.815820047e+20
6.539240887e+20
6.298210233e+20
6.094453823e+20
5.92868222e+20
5.800099311e+20
5.716982257e+20
5.669834925e+20
5.66259748e+20
5.70197412e+20
5.793928182e+20
5.945984511e+20
6.166489825e+20
6.463182299e+20
6.840949543e+20
7.29894715e+20
7.827128796e+20
8.403300187e+20
8.992668868e+20
9.551989208e+20
1.003885617e+21
1.042299143e+21
1.069318554e+21
1.084965827e+21
1.091871017e+21
1.092870747e+21
1.087333022e+21
1.040880909e+21
8.092094405e+20
2.337436762e+20
7.89683149e+13
1.34292198e-62
1.322758009e-62
1.303100703e-62
1.283514112e-62
1.263894676e-62
1.243747849e-62
1.223497302e-62
1.205266375e-62
1.185770576e-62
1.1649239e-62
1.146306385e-62
1.12764258e-62
1.11036879e-62
1.093248681e-62
1.068936024e-62
1.052289133e-62
1.035474332e-62
1.015355265e-62
9.983149357e-63
9.806213486e-63
9.615721588e-63
9.442155394e-63
9.270160863e-63
9.093005602e-63
8.903205539e-63
8.733779918e-63
8.569965871e-63
8.397362279e-63
8.233133134e-63
8.059118505e-63
7.890787131e-63
1.119924377e+21
1.12911551e+21
1.130604778e+21
1.131932802e+21
1.133055379e+21
1.133916951e+21
1.134478546e+21
1.134729353e+21
1.134681675e+21
1.134261718e+21
1.133464527e+21
1.13230717e+21
1.130784555e+21
1.128882462e+21
1.126581629e+21
1.123840355e+21
1.120598603e+21
1.11675195e+21
1.112155298e+21
1.106606014e+21
1.099848739e+21
1.091570216e+21
1.081405318e+21
1.068968732e+21
1.053740361e+21
1.035357964e+21
1.013586848e+21
9.883629047e+20
9.5962943e+20
9.277234938e+20
8.932580828e+20
8.570202021e+20
8.199462122e+20
7.830329521e+20
7.47248554e+20
7.134547151e+20
6.823512278e+20
6.544499331e+20
6.300816226e+20
6.094255974e+20
5.925164074e+20
5.794518921e+20
5.707231548e+20
5.656479637e+20
5.645261128e+20
5.679727452e+20
5.7660814e+20
5.911635349e+20
6.124666852e+20
6.412982992e+20
6.781793667e+20
7.230928067e+20
7.751507181e+20
8.322942038e+20
8.912143688e+20
9.476965972e+20
9.974642051e+20
1.037256363e+21
1.065605882e+21
1.082238823e+21
1.089219554e+21
1.089787293e+21
1.084172429e+21
1.041392319e+21
8.372440126e+20
2.807677368e+20
7.224816329e+15
1.345767507e-62
1.325640642e-62
1.306109934e-62
1.286553843e-62
1.266501818e-62
1.245984905e-62
1.227355155e-62
1.206006877e-62
1.187653919e-62
1.167867566e-62
1.149096106e-62
1.130845689e-62
1.111861434e-62
1.091566645e-62
1.073425522e-62
1.054892514e-62
1.036950854e-62
1.018823778e-62
9.998649298e-63
9.83110382e-63
9.642971993e-63
9.462124624e-63
9.283082347e-63
9.094218933e-63
8.936083847e-63
8.751738685e-63
8.577272724e-63
8.411121154e-63
8.250208605e-63
8.077632552e-63
7.915487849e-63
1.123409171e+21
1.132498496e+21
1.133961837e+21
1.135200906e+21
1.136264008e+21
1.137033504e+21
1.137507265e+21
1.137635275e+21
1.137408202e+21
1.136817549e+21
1.135850365e+21
1.134515035e+21
1.132810816e+21
1.130723784e+21
1.12824023e+21
1.125321383e+21
1.12191096e+21
1.117909454e+21
1.113174433e+21
1.107508301e+21
1.100661216e+21
1.092325225e+21
1.082129915e+21
1.069664659e+21
1.054548309e+21
1.036228889e+21
1.014616763e+21
9.894802098e+20
9.608300867e+20
9.290111868e+20
8.946059191e+20
8.583907298e+20
8.212925481e+20
7.84303293e+20
7.483917895e+20
7.144250301e+20
6.831110703e+20
6.549710422e+20
6.303444792e+20
6.094227045e+20
5.922807781e+20
5.78784784e+20
5.697571449e+20
5.643197076e+20
5.628062857e+20
5.657693607e+20
5.738502834e+20
5.877567358e+20
6.083075184e+20
6.362888485e+20
6.722540702e+20
7.162559446e+20
7.675276262e+20
8.241752973e+20
8.830613049e+20
9.400723211e+20
9.908726109e+20
1.031940592e+21
1.061474802e+21
1.078901745e+21
1.085590381e+21
1.086461318e+21
1.08091441e+21
1.042453955e+21
8.669481269e+20
3.352464588e+20
1.01402126e+17
1.348493432e-62
1.328129846e-62
1.30844834e-62
1.288915033e-62
1.268994942e-62
1.24875903e-62
1.229989235e-62
1.209445168e-62
1.191266182e-62
1.168976841e-62
1.150624847e-62
1.13225813e-62
1.113805401e-62
1.095173624e-62
1.075706613e-62
1.057246966e-62
1.039794043e-62
1.018837404e-62
1.002104379e-62
9.84174089e-63
9.664252749e-63
9.486821412e-63
9.309567128e-63
9.119872728e-63
8.952519646e-63
8.761122031e-63
8.59431218e-63
8.433209974e-63
8.267392337e-63
8.094086868e-63
7.925552162e-63
1.12686761e+21
1.135892948e+21
1.137380329e+21
1.13847124e+21
1.1394418e+21
1.140110854e+21
1.14044636e+21
1.140425081e+21
1.140095122e+21
1.139353759e+21
1.138218073e+21
1.136706571e+21
1.134819508e+21
1.132549233e+21
1.129882225e+21
1.126787172e+21
1.123206565e+21
1.119049466e+21
1.114174839e+21
1.108390499e+21
1.101447988e+21
1.093042005e+21
1.082792211e+21
1.070349628e+21
1.05521971e+21
1.036982996e+21
1.015521485e+21
9.904867256e+20
9.620408533e+20
9.30263611e+20
8.959235401e+20
8.597335407e+20
8.22612847e+20
7.855498108e+20
7.495139903e+20
7.153775295e+20
6.838564246e+20
6.55480518e+20
6.305965678e+20
6.093965325e+20
5.919668796e+20
5.782039725e+20
5.687894862e+20
5.629959165e+20
5.61096147e+20
5.635805063e+20
5.711101789e+20
5.843660759e+20
6.041569318e+20
6.312742532e+20
6.663048033e+20
7.093736768e+20
7.598378453e+20
8.15970004e+20
8.74802126e+20
9.323172834e+20
9.841160297e+20
1.026421009e+21
1.057112876e+21
1.075296189e+21
1.082573919e+21
1.083111877e+21
1.077654103e+21
1.044235339e+21
8.952490155e+20
3.830036206e+20
6.620130502e+17
1.351240019e-62
1.330742995e-62
1.311177412e-62
1.291425616e-62
1.271508473e-62
1.251689962e-62
1.232429869e-62
1.213416268e-62
1.190836295e-62
1.17313319e-62
1.153217482e-62
1.135185622e-62
1.11429006e-62
1.097142317e-62
1.078039478e-62
1.060271047e-62
1.039684779e-62
1.022579974e-62
1.004209001e-62
9.874729572e-63
9.661590349e-63
9.508647684e-63
9.330649999e-63
9.140028208e-63
8.979449459e-63
8.769864808e-63
8.61873489e-63
8.449833684e-63
8.283575852e-63
8.110018564e-63
7.942125622e-63
1.130322164e+21
1.13936249e+21
1.140634189e+21
1.141818272e+21
1.142645397e+21
1.143211514e+21
1.143446206e+21
1.143314046e+21
1.142789068e+21
1.141877534e+21
1.140571201e+21
1.138882009e+21
1.136812591e+21
1.134356006e+21
1.131505624e+21
1.128233709e+21
1.124484309e+21
1.120170869e+21
1.115158404e+21
1.109256212e+21
1.102222653e+21
1.093757074e+21
1.083506928e+21
1.071028091e+21
1.055928755e+21
1.037825442e+21
1.016388169e+21
9.914818979e+20
9.63132466e+20
9.314583275e+20
8.971968497e+20
8.610398278e+20
8.239011576e+20
7.86767404e+20
7.506102582e+20
7.163073985e+20
6.845824771e+20
6.559731873e+20
6.308317795e+20
6.093501006e+20
5.91616269e+20
5.77580131e+20
5.675874225e+20
5.616426279e+20
5.593880719e+20
5.614061488e+20
5.683897465e+20
5.809936399e+20
6.000177492e+20
6.262597483e+20
6.603411567e+20
7.02460758e+20
7.520987608e+20
8.0768995e+20
8.664266308e+20
9.243760273e+20
9.770670807e+20
1.020478319e+21
1.052210559e+21
1.071187154e+21
1.078870771e+21
1.07964528e+21
1.074765593e+21
1.046515039e+21
9.192970559e+20
4.262162743e+20
3.171482765e+18
1.354214156e-62
1.333678258e-62
1.313744533e-62
1.293742905e-62
1.273801746e-62
1.25399603e-62
1.234351144e-62
1.21490519e-62
1.195907526e-62
1.173974869e-62
1.154961951e-62
1.136755033e-62
1.11766977e-62
1.099979238e-62
1.081101286e-62
1.059953161e-62
1.043626198e-62
1.024249752e-62
1.00609483e-62
9.886039679e-63
9.695930232e-63
9.527902114e-63
9.35909714e-63
9.16834353e-63
8.965704155e-63
8.80817024e-63
8.63789558e-63
8.486582873e-63
8.342189676e-63
8.082462095e-63
7.935688961e-63
1.133747566e+21
1.14261623e+21
1.143909582e+21
1.144998981e+21
1.145780053e+21
1.146240834e+21
1.146341588e+21
1.146049979e+21
1.145442277e+21
1.144378966e+21
1.142901578e+21
1.141036124e+21
1.138784622e+21
1.136146244e+21
1.133114839e+21
1.129661023e+21
1.125737108e+21
1.121271477e+21
1.116116281e+21
1.110099222e+21
1.102969962e+21
1.094437901e+21
1.084122006e+21
1.071633995e+21
1.0565777e+21
1.038469497e+21
1.017231533e+21
9.924038749e+20
9.640983963e+20
9.325993579e+20
8.984223364e+20
8.623060115e+20
8.251565668e+20
7.879576319e+20
7.516833066e+20
7.172174986e+20
6.852921835e+20
6.564538133e+20
6.310621237e+20
6.093190843e+20
5.912998909e+20
5.769199748e+20
5.667520461e+20
5.603377518e+20
5.577175143e+20
5.592652232e+20
5.657034111e+20
5.77653681e+20
5.959074723e+20
6.212690795e+20
6.543955741e+20
6.955595579e+20
7.443613991e+20
7.993906634e+20
8.579895047e+20
9.163012843e+20
9.697884746e+20
1.014216543e+21
1.046963955e+21
1.066702489e+21
1.074887008e+21
1.07610972e+21
1.071962973e+21
1.049579885e+21
9.40869045e+20
4.649336876e+20
8.708971975e+18
1.356899059e-62
1.336113862e-62
1.316117894e-62
1.296422679e-62
1.276625038e-62
1.256772056e-62
1.236374035e-62
1.217145204e-62
1.195657232e-62
1.177323359e-62
1.158483047e-62
1.140255245e-62
1.119947276e-62
1.10089232e-62
1.081422473e-62
1.0631658e-62
1.045066393e-62
1.027268479e-62
1.009134943e-62
9.912473752e-63
9.709201729e-63
9.540291157e-63
9.367254011e-63
9.191585847e-63
8.994420311e-63
8.828142641e-63
8.667862612e-63
8.476808472e-63
8.337954228e-63
8.139175197e-63
7.950259502e-63
1.137142365e+21
1.145916027e+21
1.147187323e+21
1.148217747e+21
1.148934295e+21
1.149319482e+21
1.149320369e+21
1.148922427e+21
1.148096791e+21
1.146865436e+21
1.145216604e+21
1.143168443e+21
1.140735569e+21
1.137913846e+21
1.134699082e+21
1.131074232e+21
1.126983231e+21
1.122341822e+21
1.117053723e+21
1.110921774e+21
1.103698892e+21
1.095103345e+21
1.084773559e+21
1.072286068e+21
1.057272182e+21
1.039263254e+21
1.018059096e+21
9.933162391e+20
9.650350641e+20
9.336992539e+20
8.996062151e+20
8.635326862e+20
8.263760713e+20
7.891162839e+20
7.527291452e+20
7.181042459e+20
6.85981658e+20
6.56916336e+20
6.31274171e+20
6.092601704e+20
5.909286996e+20
5.762835822e+20
5.658033421e+20
5.591264977e+20
5.560858856e+20
5.571600012e+20
5.630600173e+20
5.74362147e+20
5.91850515e+20
6.163366021e+20
6.485131075e+20
6.887247553e+20
7.366856008e+20
7.911287992e+20
8.495334223e+20
9.081131599e+20
9.622790649e+20
1.007630106e+21
1.041378314e+21
1.062233655e+21
1.070994003e+21
1.072769167e+21
1.070091161e+21
1.053013541e+21
9.607548273e+20
5.071545684e+20
1.621349124e+19
1.35964149e-62
1.338813664e-62
1.318853225e-62
1.298837779e-62
1.279006144e-62
1.259405733e-62
1.240200394e-62
1.2197881e-62
1.196344737e-62
1.17843158e-62
1.160523563e-62
1.141563168e-62
1.122457859e-62
1.103398411e-62
1.084701316e-62
1.065970505e-62
1.047170237e-62
1.029395129e-62
1.012693148e-62
9.917268185e-63
9.745323848e-63
9.549047447e-63
9.387867533e-63
9.200003063e-63
9.026302206e-63
8.851668184e-63
8.66029757e-63
8.503689783e-63
8.345372873e-63
8.164570614e-63
7.981878789e-63
1.14050722e+21
1.149213711e+21
1.150498165e+21
1.151406017e+21
1.152034128e+21
1.152297617e+21
1.152161454e+21
1.151637761e+21
1.150715734e+21
1.149325179e+21
1.147509975e+21
1.145286547e+21
1.142664319e+21
1.139656913e+21
1.136262636e+21
1.132460042e+21
1.128209314e+21
1.123411123e+21
1.117959848e+21
1.111716909e+21
1.104406546e+21
1.095742127e+21
1.085382157e+21
1.07294344e+21
1.05789506e+21
1.040069803e+21
1.018858247e+21
9.941715498e+20
9.660461343e+20
9.348070287e+20
9.007812584e+20
8.647421147e+20
8.275756488e+20
7.902558916e+20
7.537582211e+20
7.189770007e+20
6.86660353e+20
6.573723364e+20
6.314866644e+20
6.09211072e+20
5.906170161e+20
5.756280506e+20
5.648812693e+20
5.575804765e+20
5.544361843e+20
5.550881352e+20
5.604731761e+20
5.71140879e+20
5.87877124e+20
6.115027304e+20
6.427456285e+20
6.820194503e+20
7.29143507e+20
7.829821813e+20
8.411395873e+20
8.998979086e+20
9.546357781e+20
1.000827264e+21
1.035541255e+21
1.057757486e+21
1.067403725e+21
1.070095898e+21
1.068583466e+21
1.055525804e+21
9.745043768e+20
5.350574438e+20
2.640119821e+19
1.36237045e-62
1.341532428e-62
1.321530671e-62
1.301575438e-62
1.281875793e-62
1.26276606e-62
1.240341507e-62
1.219934418e-62
1.200946428e-62
1.182980065e-62
1.160124288e-62
1.143416567e-62
1.124243507e-62
1.106059812e-62
1.086960794e-62
1.067289981e-62
1.049255946e-62
1.03067055e-62
1.013155843e-62
9.948181043e-63
9.760879354e-63
9.579956871e-63
9.40418082e-63
9.22045924e-63
9.042981915e-63
8.872579255e-63
8.675703232e-63
8.525781141e-63
8.36326437e-63
8.17458611e-63
8.009332778e-63
1.143878697e+21
1.152567555e+21
1.153701624e+21
1.154599236e+21
1.155160383e+21
1.155344564e+21
1.155116084e+21
1.154435714e+21
1.153325213e+21
1.151767556e+21
1.149780776e+21
1.147381915e+21
1.14458259e+21
1.141380558e+21
1.137802013e+21
1.133825261e+21
1.129407758e+21
1.124470652e+21
1.118861806e+21
1.112486344e+21
1.105092531e+21
1.096362352e+21
1.085971677e+21
1.073499469e+21
1.058573651e+21
1.04068429e+21
1.01961695e+21
9.951890576e+20
9.671629946e+20
9.359446043e+20
9.019654193e+20
8.659466187e+20
8.287624569e+20
7.913796719e+20
7.547718969e+20
7.19836654e+20
6.873290516e+20
6.578218879e+20
6.316970277e+20
6.09166134e+20
5.903336327e+20
5.751172113e+20
5.640338216e+20
5.566731888e+20
5.529154042e+20
5.531076915e+20
5.579704871e+20
5.680142922e+20
5.840165637e+20
6.068051634e+20
6.371404842e+20
6.75499688e+20
7.21797167e+20
7.750157909e+20
8.328752745e+20
8.917303754e+20
9.469535203e+20
9.939359249e+20
1.029605028e+21
1.052921531e+21
1.063418248e+21
1.067813276e+21
1.068127432e+21
1.058953216e+21
9.877774938e+20
5.690702594e+20
3.670356611e+19
1.365118125e-62
1.344227537e-62
1.324291422e-62
1.304452331e-62
1.284643568e-62
1.264284446e-62
1.241438911e-62
1.22413502e-62
1.203031509e-62
1.183022726e-62
1.16463571e-62
1.145562947e-62
1.125243474e-62
1.10786916e-62
1.088807027e-62
1.069229231e-62
1.051540804e-62
1.032774371e-62
1.014602537e-62
9.96830876e-63
9.785072203e-63
9.607303106e-63
9.423476289e-63
9.228251628e-63
9.065787797e-63
8.892867007e-63
8.70038955e-63
8.546495781e-63
8.386138785e-63
8.174404164e-63
8.030343091e-63
1.147231107e+21
1.155779711e+21
1.156918999e+21
1.157735258e+21
1.158199672e+21
1.158262934e+21
1.157896715e+21
1.15715842e+21
1.155905491e+21
1.154189173e+21
1.152029016e+21
1.149455744e+21
1.146474192e+21
1.143099134e+21
1.139321577e+21
1.135168045e+21
1.130586656e+21
1.125499499e+21
1.119768828e+21
1.113228124e+21
1.105755021e+21
1.096966718e+21
1.086534925e+21
1.074077193e+21
1.059148516e+21
1.041354676e+21
1.020461606e+21
9.959979326e+20
9.681840709e+20
9.370539641e+20
9.031433591e+20
8.671490376e+20
8.299464324e+20
7.92499682e+20
7.557818169e+20
7.20693657e+20
6.879970497e+20
6.582733889e+20
6.319129609e+20
6.091357522e+20
5.900368963e+20
5.745721858e+20
5.631338865e+20
5.552401232e+20
5.513662613e+20
5.511806776e+20
5.555401475e+20
5.649860207e+20
5.802828483e+20
6.022665555e+20
6.317275455e+20
6.692002704e+20
7.146832964e+20
7.672659466e+20
8.247771784e+20
8.836538854e+20
9.392943166e+20
9.870514629e+20
1.023722915e+21
1.048178525e+21
1.060644702e+21
1.065863398e+21
1.066982614e+21
1.060922998e+21
9.960471146e+20
5.916784985e+20
4.772201164e+19
0
1.346596586e-62
1.326508518e-62
1.306492149e-62
1.286613836e-62
1.266470018e-62
1.243886355e-62
1.225204508e-62
1.205591668e-62
1.186127113e-62
1.167691961e-62
1.148291673e-62
1.128029978e-62
1.108919006e-62
1.090089906e-62
1.071729749e-62
1.053250765e-62
1.034921866e-62
1.01680707e-62
9.974328722e-63
9.803111443e-63
9.625346634e-63
9.444440132e-63
9.254464377e-63
9.085611878e-63
8.909830699e-63
8.729942693e-63
8.559972368e-63
8.386076815e-63
8.212989028e-63
8.047263899e-63
1.150572607e+21
1.159018509e+21
1.160099671e+21
1.16089294e+21
1.161298495e+21
1.161286279e+21
1.160817896e+21
1.159874876e+21
1.158466964e+21
1.156595111e+21
1.154257211e+21
1.151508458e+21
1.148347195e+21
1.144789937e+21
1.140843013e+21
1.136492357e+21
1.131744991e+21
1.126509976e+21
1.120657815e+21
1.113980999e+21
1.106395263e+21
1.097554553e+21
1.087085734e+21
1.074601963e+21
1.059749448e+21
1.042075358e+21
1.021154495e+21
9.968850371e+20
9.690309636e+20
9.380651043e+20
9.042487362e+20
8.683049011e+20
8.31100832e+20
7.936004332e+20
7.567793361e+20
7.21543537e+20
6.886624907e+20
6.587266583e+20
6.321352728e+20
6.091246434e+20
5.897862686e+20
5.740386863e+20
5.622268359e+20
5.543999631e+20
5.499341708e+20
5.49339089e+20
5.531977788e+20
5.620647442e+20
5.766843691e+20
5.978975416e+20
6.26520072e+20
6.631362633e+20
7.078181082e+20
7.597513127e+20
8.168713001e+20
8.757100484e+20
9.31722891e+20
9.80260026e+20
1.017983187e+21
1.043939665e+21
1.058173619e+21
1.064640375e+21
1.067209961e+21
1.063700212e+21
1.007224837e+21
6.184746486e+20
6.104927943e+19
7.263976912e-12
1.348997341e-62
1.328790608e-62
1.308663803e-62
1.288568072e-62
1.268541187e-62
1.247469041e-62
1.227737333e-62
1.20873303e-62
1.187454557e-62
1.170284876e-62
1.149431798e-62
1.12997759e-62
1.111925181e-62
1.092363825e-62
1.074097196e-62
1.054805992e-62
1.036706208e-62
1.018015287e-62
9.996109097e-63
9.822220566e-63
9.644198053e-63
9.462593791e-63
9.278999189e-63
9.104461386e-63
8.936128673e-63
8.74862352e-63
8.568168182e-63
8.405277125e-63
8.228058176e-63
8.067484762e-63
1.153888148e+21
1.16221349e+21
1.163283022e+21
1.163963509e+21
1.164268101e+21
1.164139372e+21
1.163591192e+21
1.16255581e+21
1.161002481e+21
1.158978719e+21
1.156467743e+21
1.153540256e+21
1.150202064e+21
1.146463668e+21
1.142342603e+21
1.137819423e+21
1.132884501e+21
1.127503557e+21
1.121525273e+21
1.114746178e+21
1.107009991e+21
1.098126515e+21
1.087622084e+21
1.075139806e+21
1.060278527e+21
1.042631144e+21
1.021860796e+21
9.976010323e+20
9.699416551e+20
9.390530483e+20
9.05317816e+20
8.694271562e+20
8.322299767e+20
7.946842299e+20
7.577666811e+20
7.223887262e+20
6.893280161e+20
6.591849374e+20
6.323692934e+20
6.091259839e+20
5.895297459e+20
5.735593677e+20
5.613698706e+20
5.530579253e+20
5.48485243e+20
5.475351272e+20
5.509223665e+20
5.592376834e+20
5.732107619e+20
5.936873211e+20
6.215044367e+20
6.572888113e+20
7.011759148e+20
7.524394881e+20
8.091207799e+20
8.678598633e+20
9.241947543e+20
9.734961341e+20
1.012327287e+21
1.03958695e+21
1.055301915e+21
1.063162899e+21
1.067027506e+21
1.065043184e+21
1.01356978e+21
6.413374624e+20
7.946483648e+19
9.571019747e-13
1.351257586e-62
1.331122232e-62
1.311017317e-62
1.291054621e-62
1.271158317e-62
1.250060156e-62
1.23127677e-62
1.2086905e-62
1.190710873e-62
1.171591358e-62
1.151446317e-62
1.13257571e-62
1.113068031e-62
1.095065551e-62
1.076033742e-62
1.056898628e-62
1.038695504e-62
1.020330862e-62
1.002207106e-62
9.84173265e-63
9.658731549e-63
9.481997266e-63
9.30888491e-63
9.113746183e-63
8.949767499e-63
8.760608513e-63
8.588893447e-63
8.411730097e-63
8.245134699e-63
8.069590672e-63
1.15718765e+21
1.165413266e+21
1.166397411e+21
1.167086056e+21
1.167331107e+21
1.167122338e+21
1.166415111e+21
1.165218216e+21
1.163515849e+21
1.161336596e+21
1.158664925e+21
1.155552578e+21
1.152037968e+21
1.148122009e+21
1.143823536e+21
1.139140376e+21
1.134021848e+21
1.128481017e+21
1.122381922e+21
1.11550517e+21
1.107630953e+21
1.098680311e+21
1.088150238e+21
1.075661194e+21
1.060815877e+21
1.043239133e+21
1.022462395e+21
9.98409517e+20
9.708583875e+20
9.400473282e+20
9.063825814e+20
8.705318665e+20
8.333361901e+20
7.957463603e+20
7.587369577e+20
7.232223518e+20
6.899870027e+20
6.596401587e+20
6.326002587e+20
6.091148646e+20
5.892660033e+20
5.730297084e+20
5.605761807e+20
5.522089705e+20
5.471235079e+20
5.457924732e+20
5.487136067e+20
5.564947476e+20
5.698455434e+20
5.896130862e+20
6.166505232e+20
6.516196319e+20
6.947114498e+20
7.452828638e+20
8.014844711e+20
8.600803671e+20
9.167174422e+20
9.668144759e+20
1.006877343e+21
1.035653514e+21
1.053169666e+21
1.06238389e+21
1.067225844e+21
1.066274932e+21
1.019279003e+21
6.639103985e+20
9.488941636e+19
34954.26957
1.353688693e-62
1.333349681e-62
1.313203503e-62
1.293068147e-62
1.272934236e-62
1.252709342e-62
1.233152626e-62
1.212903373e-62
1.193737427e-62
1.172736972e-62
1.153230441e-62
1.134573662e-62
1.115153139e-62
1.097322343e-62
1.078001209e-62
1.05950598e-62
1.040444618e-62
1.023133124e-62
1.003219291e-62
9.862785299e-63
9.677450744e-63
9.49792394e-63
9.31865319e-63
9.135184741e-63
8.962699557e-63
8.773998523e-63
8.603397683e-63
8.428528993e-63
8.256771177e-63
8.084226492e-63
1.160454854e+21
1.168534925e+21
1.169536864e+21
1.170079784e+21
1.170231737e+21
1.169939796e+21
1.169174515e+21
1.167850709e+21
1.166003285e+21
1.163670608e+21
1.160840964e+21
1.15754921e+21
1.153853748e+21
1.14976553e+21
1.145292596e+21
1.14044219e+21
1.135167811e+21
1.129446321e+21
1.123216546e+21
1.116251134e+21
1.108267256e+21
1.099207303e+21
1.088667958e+21
1.076161589e+21
1.061319359e+21
1.043755477e+21
1.023091282e+21
9.990768382e+20
9.717152885e+20
9.410095587e+20
9.074199072e+20
8.716099622e+20
8.344179554e+20
7.967879848e+20
7.596915988e+20
7.24045271e+20
6.906398701e+20
6.600932139e+20
6.328317241e+20
6.091009896e+20
5.890202997e+20
5.725976844e+20
5.597679613e+20
5.509752841e+20
5.457381761e+20
5.440690646e+20
5.465468602e+20
5.538132644e+20
5.665616165e+20
5.856394065e+20
6.119116594e+20
6.460690602e+20
6.883524311e+20
7.381997208e+20
7.938765417e+20
8.522859206e+20
9.092030163e+20
9.601067333e+20
1.001438616e+21
1.031707576e+21
1.050849877e+21
1.061475734e+21
1.066913031e+21
1.066379483e+21
1.019359236e+21
6.908654986e+20
1.222904662e+20
0
1.356232523e-62
1.335558497e-62
1.315336698e-62
1.295212602e-62
1.275071359e-62
1.255036798e-62
1.23516675e-62
1.215669088e-62
1.196313526e-62
1.175432091e-62
1.158102797e-62
1.134107714e-62
1.117141739e-62
1.099043271e-62
1.080095166e-62
1.062461016e-62
1.041866612e-62
1.025174512e-62
1.006524691e-62
9.859696669e-63
9.69697896e-63
9.514277027e-63
9.337952888e-63
9.154624674e-63
8.974095397e-63
8.795743366e-63
8.621807975e-63
8.447680988e-63
8.26985632e-63
8.101788348e-63
1.163704007e+21
1.171692333e+21
1.172573431e+21
1.173159733e+21
1.173242094e+21
1.172833348e+21
1.171910047e+21
1.1704563e+21
1.16846446e+21
1.165980002e+21
1.162989786e+21
1.159535628e+21
1.155651809e+21
1.151392903e+21
1.146749935e+21
1.141731631e+21
1.136312298e+21
1.130412847e+21
1.124044526e+21
1.116979519e+21
1.108916145e+21
1.099729922e+21
1.089171973e+21
1.076672454e+21
1.061841447e+21
1.044277211e+21
1.023701435e+21
9.998566023e+20
9.725234441e+20
9.41917523e+20
9.084149556e+20
8.726558245e+20
8.354729498e+20
7.978066957e+20
7.606272e+20
7.248534267e+20
6.912824841e+20
6.605407035e+20
6.330629592e+20
6.090933254e+20
5.887872305e+20
5.720939601e+20
5.589963269e+20
5.500899862e+20
5.444090237e+20
5.423814975e+20
5.444168415e+20
5.511768333e+20
5.633331253e+20
5.817300215e+20
6.07239722e+20
6.40576747e+20
6.820284698e+20
7.311153192e+20
7.862268998e+20
8.44421763e+20
9.016221e+20
9.533762949e+20
9.960489635e+20
1.027877542e+21
1.04867927e+21
1.06046665e+21
1.066293748e+21
1.065837827e+21
1.018923772e+21
7.248083967e+20
1.497718644e+20
1649069254
1.358797008e-62
1.338161737e-62
1.317796834e-62
1.297625385e-62
1.277659798e-62
1.25770046e-62
1.237576229e-62
1.217145232e-62
1.200154629e-62
1.175347384e-62
1.159110849e-62
1.137710941e-62
1.120127864e-62
1.101813723e-62
1.081560149e-62
1.062152214e-62
1.044713946e-62
1.026038775e-62
1.007637523e-62
9.891715217e-63
9.714832334e-63
9.53453515e-63
9.355629128e-63
9.17365232e-63
8.990166461e-63
8.810376067e-63
8.640254218e-63
8.471267119e-63
8.280958718e-63
8.122525561e-63
1.166916654e+21
1.174728932e+21
1.175666879e+21
1.17607237e+21
1.176106826e+21
1.17564719e+21
1.174611051e+21
1.173031709e+21
1.170897592e+21
1.168263362e+21
1.165115447e+21
1.161502581e+21
1.157436572e+21
1.153002861e+21
1.148195455e+21
1.143012279e+21
1.137442591e+21
1.131391592e+21
1.124865977e+21
1.117702336e+21
1.10956698e+21
1.100252008e+21
1.08966336e+21
1.077151681e+21
1.062321407e+21
1.044822956e+21
1.024308402e+21
1.000496584e+21
9.732928989e+20
9.427535199e+20
9.093422455e+20
8.736502631e+20
8.364909622e+20
7.987983605e+20
7.615425154e+20
7.256464141e+20
6.919142934e+20
6.609811308e+20
6.332900725e+20
6.090994155e+20
5.885414904e+20
5.716172833e+20
5.582208559e+20
5.489737611e+20
5.430605479e+20
5.407002504e+20
5.423035849e+20
5.485659173e+20
5.601353817e+20
5.778518063e+20
6.025909086e+20
6.350873619e+20
6.756737761e+20
7.239562754e+20
7.784577643e+20
8.364062117e+20
8.938829915e+20
9.465054651e+20
9.905382994e+20
1.02391743e+21
1.046273576e+21
1.059348829e+21
1.065193352e+21
1.064094875e+21
1.01834463e+21
7.509321592e+20
1.806814888e+20
0
1.361310563e-62
1.340502148e-62
1.320112113e-62
1.299896644e-62
1.279915367e-62
1.25993607e-62
1.239188586e-62
1.219743831e-62
1.200825832e-62
1.17919681e-62
1.160538406e-62
1.140247715e-62
1.122435386e-62
1.103005404e-62
1.083590759e-62
1.064545137e-62
1.046710742e-62
1.027965157e-62
1.009859577e-62
9.907174783e-63
9.734222197e-63
9.55217776e-63
9.371103891e-63
9.200894472e-63
8.99352424e-63
8.837115324e-63
8.648120172e-63
8.497604005e-63
8.29604857e-63
8.1313914e-63
1.170108282e+21
1.177836725e+21
1.178609173e+21
1.179096608e+21
1.179020271e+21
1.178428019e+21
1.177279721e+21
1.175576104e+21
1.173301843e+21
1.170519637e+21
1.167217192e+21
1.163442746e+21
1.159214484e+21
1.154596152e+21
1.149628272e+21
1.144284669e+21
1.138559119e+21
1.132377626e+21
1.125685578e+21
1.118413776e+21
1.110215817e+21
1.100781659e+21
1.090133997e+21
1.077648999e+21
1.062843678e+21
1.045429451e+21
1.024975452e+21
1.001184293e+21
9.740503286e+20
9.436090754e+20
9.102656117e+20
8.746287755e+20
8.374898382e+20
7.997717543e+20
7.62442146e+20
7.264272531e+20
6.925382604e+20
6.614194449e+20
6.335251067e+20
6.091446812e+20
5.883189946e+20
5.711429817e+20
5.574459738e+20
5.479591586e+20
5.417384962e+20
5.390362895e+20
5.402023294e+20
5.45971129e+20
5.569539763e+20
5.739848519e+20
5.979394663e+20
6.29570167e+20
6.692551404e+20
7.166908479e+20
7.705428101e+20
8.282202058e+20
8.859723335e+20
9.39484041e+20
9.849066064e+20
1.019870767e+21
1.043776357e+21
1.05766437e+21
1.063090001e+21
1.061853443e+21
1.018203673e+21
7.814484412e+20
2.148208283e+20
8.582413419e+13
1.363882421e-62
1.342963511e-62
1.322600941e-62
1.302315712e-62
1.282172196e-62
1.262420601e-62
1.241199526e-62
1.222851098e-62
1.203835919e-62
1.179109888e-62
1.162892703e-62
1.143001791e-62
1.124235685e-62
1.104239067e-62
1.086692843e-62
1.067857885e-62
1.050233161e-62
1.025758651e-62
1.011601985e-62
9.930341231e-63
9.753274081e-63
9.574634067e-63
9.382437237e-63
9.210564004e-63
9.022607621e-63
8.850933527e-63
8.672368335e-63
8.498105347e-63
8.334426051e-63
8.174765663e-63
1.173261376e+21
1.180782748e+21
1.181662013e+21
1.181996777e+21
1.181860757e+21
1.181172417e+21
1.179914562e+21
1.178088613e+21
1.175676381e+21
1.172747928e+21
1.169294199e+21
1.165359941e+21
1.16097652e+21
1.156177058e+21
1.151045867e+21
1.145547976e+21
1.13966972e+21
1.133362693e+21
1.126503202e+21
1.119110548e+21
1.110851048e+21
1.101332837e+21
1.090589185e+21
1.0781039e+21
1.063293159e+21
1.045894186e+21
1.025511318e+21
1.001947685e+21
9.748288809e+20
9.444929394e+20
9.1121099e+20
8.756108635e+20
8.384804603e+20
8.007326313e+20
7.633294663e+20
7.27197868e+20
6.931541772e+20
6.618503729e+20
6.337484637e+20
6.091241489e+20
5.880911107e+20
5.706919744e+20
5.567407728e+20
5.470081018e+20
5.404064617e+20
5.373691911e+20
5.381041501e+20
5.433875205e+20
5.537841655e+20
5.701237592e+20
5.932794457e+20
6.240197391e+20
6.627693485e+20
7.093189217e+20
7.624827711e+20
8.198569825e+20
8.778587713e+20
9.322278537e+20
9.789724652e+20
1.015388255e+21
1.040641588e+21
1.055358055e+21
1.060684163e+21
1.058956275e+21
1.018319389e+21
8.08358847e+20
2.561427934e+20
1.66538973e+15
1.366575353e-62
1.345657781e-62
1.32516942e-62
1.304836439e-62
1.284392282e-62
1.263924897e-62
1.243714934e-62
1.224000615e-62
1.203839104e-62
1.183687663e-62
1.163907647e-62
1.145312496e-62
1.126194952e-62
1.107130892e-62
1.088880154e-62
1.070030203e-62
1.050104191e-62
1.031234839e-62
1.011858871e-62
9.94665925e-63
9.765278015e-63
9.588907182e-63
9.409217592e-63
9.230989219e-63
9.047431334e-63
8.860571511e-63
8.698675367e-63
8.50860512e-63
8.353162056e-63
8.186871659e-63
1.176385974e+21
1.183832632e+21
1.184575931e+21
1.184885177e+21
1.184662588e+21
1.183881247e+21
1.182515228e+21
1.180568706e+21
1.178020572e+21
1.174947704e+21
1.171345832e+21
1.167254818e+21
1.162715495e+21
1.157752976e+21
1.152446354e+21
1.146798796e+21
1.140770578e+21
1.134334699e+21
1.127329579e+21
1.119798046e+21
1.111460492e+21
1.101891334e+21
1.091029808e+21
1.078553266e+21
1.063772754e+21
1.046400056e+21
1.026073043e+21
1.002463263e+21
9.756216923e+20
9.45334489e+20
9.121334685e+20
8.76579363e+20
8.39458342e+20
8.016805984e+20
7.642051679e+20
7.27959291e+20
6.937635521e+20
6.622765082e+20
6.33966151e+20
6.091169863e+20
5.878392479e+20
5.701649149e+20
5.559479938e+20
5.459939956e+20
5.389632932e+20
5.356978378e+20
5.360187585e+20
5.408225763e+20
5.506353844e+20
5.662815837e+20
5.886298076e+20
6.184640419e+20
6.562572585e+20
7.018972735e+20
7.543513312e+20
8.114060321e+20
8.696493221e+20
9.248812743e+20
9.7298213e+20
1.010927862e+21
1.03752247e+21
1.052099978e+21
1.057728164e+21
1.05569639e+21
1.018814867e+21
8.343184343e+20
3.00117686e+20
3.202852022e+16
1.369168917e-62
1.348162078e-62
1.327795974e-62
1.307587362e-62
1.287343103e-62
1.266713858e-62
1.244888203e-62
1.226477682e-62
1.206450914e-62
1.185104435e-62
1.166156536e-62
1.147511487e-62
1.127037978e-62
1.109045633e-62
1.090007371e-62
1.071372511e-62
1.051887106e-62
1.033285871e-62
1.014787689e-62
9.966254773e-63
9.787434302e-63
9.612927888e-63
9.41277574e-63
9.249080481e-63
9.068525586e-63
8.884168101e-63
8.70766771e-63
8.539392896e-63
8.369841167e-63
8.199587652e-63
1.179473579e+21
1.186753602e+21
1.187489163e+21
1.187724358e+21
1.187427252e+21
1.186554312e+21
1.185081473e+21
1.183015691e+21
1.180334567e+21
1.177118631e+21
1.173371605e+21
1.169126871e+21
1.164429879e+21
1.159318891e+21
1.153834239e+21
1.148036911e+21
1.141863702e+21
1.135287692e+21
1.128164375e+21
1.120480631e+21
1.11206014e+21
1.102445426e+21
1.091465406e+21
1.078974728e+21
1.064192155e+21
1.046826171e+21
1.026540243e+21
1.003121366e+21
9.762518951e+20
9.461163331e+20
9.130027765e+20
8.775105959e+20
8.404120292e+20
8.026127064e+20
7.650705317e+20
7.287145959e+20
6.94370632e+20
6.627048948e+20
6.341943202e+20
6.091201023e+20
5.876295491e+20
5.696847522e+20
5.550843363e+20
5.448225339e+20
5.3753119e+20
5.340477389e+20
5.339801778e+20
5.382944735e+20
5.475289162e+20
5.624852459e+20
5.840261157e+20
6.129504153e+20
6.497804972e+20
6.945009367e+20
7.462290985e+20
8.029330415e+20
8.613524629e+20
9.17315344e+20
9.665300698e+20
1.005641679e+21
1.033294023e+21
1.049177386e+21
1.054317568e+21
1.052301394e+21
1.019782535e+21
8.600237634e+20
3.467479759e+20
2.369767967e+17
1.371571113e-62
1.350436465e-62
1.330059499e-62
1.309640583e-62
1.289231805e-62
1.269042058e-62
1.247948303e-62
1.228177089e-62
1.208451334e-62
1.188144215e-62
1.168341832e-62
1.149366461e-62
1.130157319e-62
1.111240753e-62
1.09038354e-62
1.07297669e-62
1.054129821e-62
1.035293793e-62
1.016633038e-62
9.984525389e-63
9.804150997e-63
9.624025523e-63
9.439709462e-63
9.263779995e-63
9.086246628e-63
8.907795103e-63
8.735662288e-63
8.552392664e-63
8.378679315e-63
8.210980943e-63
1.182524703e+21
1.189661429e+21
1.1903469e+21
1.190525073e+21
1.190154509e+21
1.189191307e+21
1.187613127e+21
1.185429166e+21
1.182618348e+21
1.179260785e+21
1.175371207e+21
1.170975722e+21
1.166123815e+21
1.160868051e+21
1.155211759e+21
1.149260053e+21
1.142949402e+21
1.136228817e+21
1.129001644e+21
1.121159622e+21
1.112653341e+21
1.102996017e+21
1.091897206e+21
1.079382687e+21
1.064642779e+21
1.047293108e+21
1.027088032e+21
1.003647898e+21
9.768759275e+20
9.468375459e+20
9.138212786e+20
8.78400774e+20
8.413371033e+20
8.035258591e+20
7.659234235e+20
7.294618649e+20
6.949728338e+20
6.631301154e+20
6.34418139e+20
6.091274519e+20
5.874143089e+20
5.692551194e+20
5.545621664e+20
5.437669174e+20
5.362940526e+20
5.323010454e+20
5.319510976e+20
5.358076164e+20
5.44483106e+20
5.58764481e+20
5.795112822e+20
6.075387911e+20
6.434204437e+20
6.872371916e+20
7.382540377e+20
7.946156659e+20
8.532106656e+20
9.099038495e+20
9.60261489e+20
1.00062129e+21
1.029258049e+21
1.045065771e+21
1.050912961e+21
1.049455184e+21
1.021396211e+21
8.836619526e+20
3.874863963e+20
1.060718933e+18
1.373988643e-62
1.352686866e-62
1.332104405e-62
1.311759939e-62
1.29144221e-62
1.271085542e-62
1.250781825e-62
1.230992876e-62
1.211719945e-62
1.188816054e-62
1.170726344e-62
1.152152195e-62
1.130948552e-62
1.113011713e-62
1.09443062e-62
1.073614975e-62
1.056185097e-62
1.037252285e-62
1.018743245e-62
1.000540787e-62
9.828091982e-63
9.647176025e-63
9.445688092e-63
9.27559548e-63
9.102547573e-63
8.923381724e-63
8.746441213e-63
8.574566915e-63
8.39866293e-63
8.224494022e-63
1.185537596e+21
1.192516076e+21
1.193162963e+21
1.193286103e+21
1.192843454e+21
1.191791592e+21
1.190109816e+21
1.187809592e+21
1.184871078e+21
1.181374314e+21
1.177344651e+21
1.172801157e+21
1.167797065e+21
1.162391755e+21
1.156587042e+21
1.150466617e+21
1.144020559e+21
1.137163972e+21
1.129835107e+21
1.121838581e+21
1.113234185e+21
1.103542969e+21
1.0923336e+21
1.079770782e+21
1.065048893e+21
1.047792635e+21
1.027651662e+21
1.00429972e+21
9.776157439e+20
9.476030097e+20
9.146588138e+20
8.792942532e+20
8.422554313e+20
8.04429132e+20
7.667670678e+20
7.30202044e+20
6.955706629e+20
6.635542838e+20
6.346463661e+20
6.091478953e+20
5.872009714e+20
5.687734789e+20
5.538951794e+20
5.427633332e+20
5.352117933e+20
5.305882393e+20
5.299943393e+20
5.33395644e+20
5.415254741e+20
5.551496211e+20
5.751233518e+20
6.022778433e+20
6.372365216e+20
6.801717759e+20
7.304851714e+20
7.864793609e+20
8.451682316e+20
9.024339028e+20
9.537027857e+20
9.950703767e+20
1.02475732e+21
1.041341452e+21
1.047149741e+21
1.046465702e+21
1.023430934e+21
9.043294618e+20
4.238575814e+20
3.995053036e+18
1.376467233e-62
1.355098893e-62
1.334655817e-62
1.314160224e-62
1.293786475e-62
1.273387357e-62
1.252898327e-62
1.233156383e-62
1.213435435e-62
1.194166527e-62
1.171839161e-62
1.153335824e-62
1.132272557e-62
1.114897496e-62
1.095909994e-62
1.076908798e-62
1.058213516e-62
1.039545525e-62
1.02022331e-62
1.00247965e-62
9.84373565e-63
9.660817316e-63
9.473571427e-63
9.293503512e-63
9.108275352e-63
8.942238145e-63
8.766638286e-63
8.592132745e-63
8.413346205e-63
8.242515362e-63
1.188509914e+21
1.195325958e+21
1.195935829e+21
1.196005467e+21
1.195492485e+21
1.19435393e+21
1.192570663e+21
1.190156375e+21
1.187092284e+21
1.183459168e+21
1.179292111e+21
1.174603376e+21
1.169449756e+21
1.163894966e+21
1.157952422e+21
1.151660668e+21
1.145075541e+21
1.138092579e+21
1.13064418e+21
1.122510103e+21
1.113791459e+21
1.104053453e+21
1.092798451e+21
1.080141011e+21
1.065459475e+21
1.048184448e+21
1.028042029e+21
1.004786514e+21
9.782422822e+20
9.483747741e+20
9.155083659e+20
8.801912537e+20
8.431681963e+20
8.053214881e+20
7.675984613e+20
7.309310368e+20
6.961590348e+20
6.639701002e+20
6.348647115e+20
6.09153869e+20
5.869902988e+20
5.683989523e+20
5.531923386e+20
5.417629194e+20
5.339939771e+20
5.291373259e+20
5.28114358e+20
5.310576135e+20
5.386597719e+20
5.516530209e+20
5.708853254e+20
5.972036677e+20
6.312807479e+20
6.733767715e+20
7.230217069e+20
7.786647132e+20
8.374357615e+20
8.952364743e+20
9.473709391e+20
9.896988257e+20
1.020192905e+21
1.0377422e+21
1.043979142e+21
1.043960496e+21
1.025689378e+21
9.228307428e+20
4.619208956e+20
8.976298387e+18
1.378903902e-62
1.357447937e-62
1.336871702e-62
1.31638426e-62
1.295972865e-62
1.275657598e-62
1.254827715e-62
1.235016723e-62
1.215258699e-62
1.195294464e-62
1.175254455e-62
1.15527493e-62
1.135464611e-62
1.117646533e-62
1.099799744e-62
1.077581298e-62
1.060326446e-62
1.04043657e-62
1.022409615e-62
1.004009756e-62
9.857930646e-63
9.675663103e-63
9.495565515e-63
9.311830156e-63
9.125944296e-63
8.951105061e-63
8.78054922e-63
8.605786142e-63
8.435220908e-63
8.242050011e-63
1.191438842e+21
1.19808859e+21
1.198662837e+21
1.198680646e+21
1.198099386e+21
1.196876507e+21
1.194994327e+21
1.192468626e+21
1.189281786e+21
1.185514982e+21
1.181213477e+21
1.176382722e+21
1.171082041e+21
1.165380224e+21
1.159302517e+21
1.152844465e+21
1.146117077e+21
1.139011205e+21
1.131435086e+21
1.123205717e+21
1.114339992e+21
1.104548942e+21
1.093259393e+21
1.080501726e+21
1.065845611e+21
1.048596825e+21
1.028513673e+21
1.005385862e+21
9.788460838e+20
9.490948721e+20
9.163134536e+20
8.810583943e+20
8.440614093e+20
8.06200191e+20
7.684198915e+20
7.316530073e+20
6.967433129e+20
6.643856743e+20
6.350910253e+20
6.091994335e+20
5.867810503e+20
5.679575346e+20
5.525138636e+20
5.408676985e+20
5.327344574e+20
5.278436654e+20
5.263070797e+20
5.287913986e+20
5.358882292e+20
5.482788767e+20
5.668029115e+20
5.923229486e+20
6.255583082e+20
6.668497893e+20
7.158420454e+20
7.711119154e+20
8.298881371e+20
8.880889906e+20
9.409242762e+20
9.840928935e+20
1.015366486e+21
1.033701095e+21
1.04053813e+21
1.041813715e+21
1.027819011e+21
9.372230442e+20
4.902307504e+20
1.559356183e+19
1.381299592e-62
1.35987901e-62
1.339246997e-62
1.318680282e-62
1.298265754e-62
1.277853226e-62
1.257348257e-62
1.236700745e-62
1.217402462e-62
1.197590172e-62
1.177563799e-62
1.157255053e-62
1.138610985e-62
1.119849623e-62
1.100810727e-62
1.080539676e-62
1.062140881e-62
1.042958551e-62
1.024336011e-62
1.005590619e-62
9.874536684e-63
9.689051816e-63
9.508743324e-63
9.320904974e-63
9.151158415e-63
8.985129068e-63
8.776678222e-63
8.614455201e-63
8.440465106e-63
8.275966722e-63
1.194321436e+21
1.200801048e+21
1.201341028e+21
1.201308757e+21
1.200661475e+21
1.199356992e+21
1.197378955e+21
1.194744984e+21
1.191438707e+21
1.187541729e+21
1.183108945e+21
1.178138937e+21
1.172693901e+21
1.166847568e+21
1.160632844e+21
1.154024208e+21
1.14714452e+21
1.139915778e+21
1.132219685e+21
1.12388573e+21
1.114881543e+21
1.105029367e+21
1.093713806e+21
1.080856962e+21
1.066223313e+21
1.048976137e+21
1.029024999e+21
1.005883955e+21
9.794530217e+20
9.497839665e+20
9.170881636e+20
8.818972875e+20
8.449320786e+20
8.070617061e+20
7.692281086e+20
7.323645291e+20
6.973189182e+20
6.647926175e+20
6.353028033e+20
6.091663147e+20
5.865633246e+20
5.674915674e+20
5.518223006e+20
5.396833111e+20
5.314902487e+20
5.264914274e+20
5.244435427e+20
5.265710346e+20
5.331974163e+20
5.450160403e+20
5.628649243e+20
5.876241112e+20
6.200575756e+20
6.605807386e+20
7.089426511e+20
7.638362636e+20
8.225834357e+20
8.81128503e+20
9.346136277e+20
9.786035277e+20
1.010912107e+21
1.030008515e+21
1.038474651e+21
1.040814552e+21
1.030145454e+21
9.524214986e+20
5.208012693e+20
2.457747597e+19
1.383705576e-62
1.362234037e-62
1.341582945e-62
1.321033036e-62
1.300501717e-62
1.280058272e-62
1.259596015e-62
1.239263409e-62
1.219503599e-62
1.1994693e-62
1.180025617e-62
1.160626065e-62
1.1395228e-62
1.122081614e-62
1.103022188e-62
1.083743804e-62
1.064494326e-62
1.044134358e-62
1.026966701e-62
1.00732271e-62
9.88054617e-63
9.717716338e-63
9.515788133e-63
9.329269338e-63
9.167198129e-63
8.989210451e-63
8.803395262e-63
8.635152904e-63
8.456401397e-63
8.286358725e-63
1.197154976e+21
1.203460647e+21
1.203967626e+21
1.203887008e+21
1.203176025e+21
1.201792856e+21
1.199722375e+21
1.196983773e+21
1.193562213e+21
1.189538708e+21
1.184977887e+21
1.17987143e+21
1.174285153e+21
1.168297118e+21
1.161940555e+21
1.155200831e+21
1.148158358e+21
1.140795063e+21
1.132993273e+21
1.12456375e+21
1.115414054e+21
1.105491374e+21
1.094165622e+21
1.081204152e+21
1.066571069e+21
1.04937059e+21
1.029396121e+21
1.006366409e+21
9.800976265e+20
9.504919036e+20
9.178659719e+20
8.827270799e+20
8.457879537e+20
8.079076886e+20
7.700225226e+20
7.330651412e+20
6.978869314e+20
6.651954184e+20
6.355150697e+20
6.091647402e+20
5.863535384e+20
5.670514347e+20
5.511672314e+20
5.388711443e+20
5.302984183e+20
5.248522769e+20
5.223879977e+20
5.243902831e+20
5.305790197e+20
5.41848494e+20
5.590464232e+20
5.83071948e+20
6.14729975e+20
6.545026445e+20
7.022316205e+20
7.567141849e+20
8.153616412e+20
8.741591394e+20
9.282193333e+20
9.730216206e+20
1.006146725e+21
1.026150456e+21
1.035700128e+21
1.039390062e+21
1.032177687e+21
9.615111767e+20
5.440678748e+20
3.317826517e+19
1.386018682e-62
1.36438114e-62
1.343669154e-62
1.323355515e-62
1.302857794e-62
1.282533073e-62
1.26246934e-62
1.241705405e-62
1.220878451e-62
1.202177678e-62
1.182685998e-62
1.161135444e-62
1.143159959e-62
1.124262252e-62
1.104706074e-62
1.085359598e-62
1.06614568e-62
1.047357324e-62
1.027263249e-62
1.009170478e-62
9.90558631e-63
9.72858888e-63
9.530560165e-63
9.360587519e-63
9.19510445e-63
8.983984561e-63
8.823876171e-63
8.648834018e-63
8.471795521e-63
8.301340706e-63
1.199937048e+21
1.206065154e+21
1.206540299e+21
1.206412949e+21
1.205640554e+21
1.204181665e+21
1.202022305e+21
1.199182969e+21
1.195650598e+21
1.191504541e+21
1.186819184e+21
1.181579338e+21
1.175855402e+21
1.16972854e+21
1.163232553e+21
1.156363532e+21
1.149162355e+21
1.14167726e+21
1.133750958e+21
1.125239492e+21
1.115946217e+21
1.105947247e+21
1.094618727e+21
1.08154518e+21
1.066902084e+21
1.049726887e+21
1.029790462e+21
1.006825105e+21
9.806216736e+20
9.511452674e+20
9.186219771e+20
8.835444522e+20
8.466298047e+20
8.087371691e+20
7.708004436e+20
7.337510285e+20
6.984428491e+20
6.655892933e+20
6.35722686e+20
6.091745698e+20
5.861378324e+20
5.666196205e+20
5.505263405e+20
5.38041777e+20
5.291424559e+20
5.234124241e+20
5.20969988e+20
5.223255012e+20
5.280430849e+20
5.38761437e+20
5.553196246e+20
5.786273811e+20
6.095243428e+20
6.485515141e+20
6.956337564e+20
7.496662196e+20
8.081539108e+20
8.671453078e+20
9.217633958e+20
9.674436273e+20
1.001628733e+21
1.023061853e+21
1.034162164e+21
1.038907627e+21
1.035047683e+21
9.708896113e+20
5.718796869e+20
4.195807834e+19
1.395060734e-62
1.367128585e-62
1.34658865e-62
1.325809811e-62
1.305317466e-62
1.285044326e-62
1.265319125e-62
1.24187638e-62
1.223794716e-62
1.204339122e-62
1.183632186e-62
1.164565722e-62
1.145782942e-62
1.126496921e-62
1.106643529e-62
1.087164348e-62
1.067179055e-62
1.048880253e-62
1.029617818e-62
1.011384738e-62
9.923601916e-63
9.745206705e-63
9.551161027e-63
9.378023158e-63
9.198391384e-63
9.020245085e-63
8.844992941e-63
8.663602875e-63
8.487540885e-63
8.313184254e-63
1.202665725e+21
1.208612881e+21
1.209057275e+21
1.208884719e+21
1.208053082e+21
1.206521362e+21
1.20427663e+21
1.201340465e+21
1.197701759e+21
1.193437372e+21
1.188631253e+21
1.183261517e+21
1.177403766e+21
1.17114118e+21
1.164508468e+21
1.157515357e+21
1.150157601e+21
1.142547352e+21
1.134505975e+21
1.125914006e+21
1.116480827e+21
1.106387861e+21
1.095053242e+21
1.08191012e+21
1.067220697e+21
1.050127495e+21
1.030239537e+21
1.007395027e+21
9.81225847e+20
9.517725259e+20
9.193209427e+20
8.843101356e+20
8.474332388e+20
8.095379715e+20
7.715546799e+20
7.344159244e+20
6.989797206e+20
6.659659641e+20
6.359158677e+20
6.091980675e+20
5.859178313e+20
5.661826625e+20
5.498792391e+20
5.37051919e+20
5.279916556e+20
5.220040237e+20
5.192337868e+20
5.202605547e+20
5.255339355e+20
5.357171964e+20
5.516483451e+20
5.742479251e+20
6.043865752e+20
6.426575207e+20
6.890608293e+20
7.425852958e+20
8.008361515e+20
8.599469883e+20
9.15079168e+20
9.616138698e+20
9.966774689e+20
1.019378876e+21
1.031983329e+21
1.037949148e+21
1.03675081e+21
9.784118839e+20
5.896923636e+20
5.385381449e+19
1.063477591e-63
1.369591397e-62
1.348964663e-62
1.328296759e-62
1.307718922e-62
1.287348725e-62
1.266905989e-62
1.246198505e-62
1.226452308e-62
1.204441792e-62
1.186041651e-62
1.167222877e-62
1.148082503e-62
1.128562644e-62
1.108651741e-62
1.089583034e-62
1.068574422e-62
1.050810959e-62
1.031264848e-62
1.013603923e-62
9.949605218e-63
9.764950667e-63
9.56876649e-63
9.389200613e-63
9.21543418e-63
9.037579895e-63
8.86624756e-63
8.676842191e-63
8.503485493e-63
8.32032298e-63
1.205339269e+21
1.21110243e+21
1.21151714e+21
1.211300849e+21
1.210412078e+21
1.208810274e+21
1.206483498e+21
1.203454266e+21
1.199713532e+21
1.195335003e+21
1.190412042e+21
1.184916418e+21
1.178928853e+21
1.17253397e+21
1.165767387e+21
1.158656467e+21
1.151145405e+21
1.143410044e+21
1.135251968e+21
1.126561553e+21
1.117029778e+21
1.106820507e+21
1.095443922e+21
1.082288718e+21
1.067527524e+21
1.050467679e+21
1.030590345e+21
1.007770977e+21
9.816822637e+20
9.523869532e+20
9.199984759e+20
8.850377082e+20
8.481924794e+20
8.102978995e+20
7.722745536e+20
7.350526078e+20
6.99493107e+20
6.663223282e+20
6.360886397e+20
6.091508883e+20
5.856951743e+20
5.657461108e+20
5.49239034e+20
5.361257761e+20
5.268582696e+20
5.206249874e+20
5.178021748e+20
5.182145847e+20
5.23052243e+20
5.327054865e+20
5.480150634e+20
5.69909355e+20
5.992852246e+20
6.367818659e+20
6.824685567e+20
7.354269649e+20
7.933733504e+20
8.525533435e+20
9.082099569e+20
9.557417689e+20
9.922121996e+20
1.017183018e+21
1.03102982e+21
1.037987807e+21
1.038689522e+21
9.863142106e+20
6.122573376e+20
6.438219306e+19
8.471299364e-25
1.371955238e-62
1.351300448e-62
1.330670103e-62
1.310100264e-62
1.289448471e-62
1.268836212e-62
1.248301647e-62
1.227841594e-62
1.207766192e-62
1.188745551e-62
1.169675697e-62
1.150751563e-62
1.129842972e-62
1.109909544e-62
1.090979004e-62
1.071595783e-62
1.053475281e-62
1.032991229e-62
1.015706816e-62
9.964938643e-63
9.781486173e-63
9.591479079e-63
9.400567286e-63
9.237628246e-63
9.049486465e-63
8.873923049e-63
8.696261911e-63
8.519547246e-63
8.345848294e-63
1.20795607e+21
1.213532556e+21
1.2139187e+21
1.213660127e+21
1.212716185e+21
1.211046839e+21
1.208641121e+21
1.20552235e+21
1.201683404e+21
1.197195338e+21
1.192159491e+21
1.186542131e+21
1.180429012e+21
1.173905699e+21
1.16700871e+21
1.159768573e+21
1.152133643e+21
1.144252429e+21
1.135993321e+21
1.12718961e+21
1.117577598e+21
1.107248057e+21
1.095830834e+21
1.082668196e+21
1.067836585e+21
1.050837738e+21
1.030988822e+21
1.008207394e+21
9.822756848e+20
9.529811159e+20
9.206609431e+20
8.857610486e+20
8.489463343e+20
8.110459137e+20
7.72977732e+20
7.356715422e+20
6.99990885e+20
6.666682873e+20
6.362621372e+20
6.091470853e+20
5.854684808e+20
5.653126433e+20
5.486046251e+20
5.352160747e+20
5.257399086e+20
5.19249185e+20
5.16028635e+20
5.162068903e+20
5.206059117e+20
5.297306839e+20
5.44418329e+20
5.656036334e+20
5.942050571e+20
6.309017936e+20
6.758272418e+20
7.281561123e+20
7.857255327e+20
8.449130999e+20
9.010641521e+20
9.495946645e+20
9.874528859e+20
1.014068105e+21
1.029404277e+21
1.03757175e+21
1.039503276e+21
9.920217338e+20
6.31734389e+20
8.101018009e+19
6.976778581e-09
1.374317633e-62
1.353720509e-62
1.333145751e-62
1.312541999e-62
1.291812258e-62
1.271094293e-62
1.250617524e-62
1.230545473e-62
1.210685185e-62
1.189794836e-62
1.171248117e-62
1.151902566e-62
1.132085177e-62
1.112691879e-62
1.092448221e-62
1.074025888e-62
1.054900944e-62
1.036071166e-62
1.016314571e-62
9.982749263e-63
9.795355236e-63
9.612033012e-63
9.425283709e-63
9.256774995e-63
9.062919716e-63
8.893732789e-63
8.720291253e-63
8.53174984e-63
8.361379043e-63
1.210514166e+21
1.215901626e+21
1.216260368e+21
1.215960998e+21
1.214963899e+21
1.213229523e+21
1.210747826e+21
1.20754291e+21
1.203609662e+21
1.199015987e+21
1.193871196e+21
1.188136546e+21
1.181902406e+21
1.175255016e+21
1.168233915e+21
1.160865402e+21
1.153114144e+21
1.145085833e+21
1.136724456e+21
1.127818515e+21
1.118129765e+21
1.107674071e+21
1.096214403e+21
1.083046782e+21
1.068141055e+21
1.051174738e+21
1.031417547e+21
1.008703208e+21
9.82743972e+20
9.535703105e+20
9.213177443e+20
8.864616395e+20
8.49671429e+20
8.117649762e+20
7.736543748e+20
7.362673597e+20
7.004694608e+20
6.669980024e+20
6.364172949e+20
6.090932525e+20
5.852362076e+20
5.648740543e+20
5.479653181e+20
5.34315937e+20
5.246281742e+20
5.178651396e+20
5.143467767e+20
5.142088587e+20
5.181721201e+20
5.267789433e+20
5.408519183e+20
5.613299651e+20
5.891496184e+20
6.250258319e+20
6.691530788e+20
7.208010016e+20
7.779375188e+20
8.370896557e+20
8.937224468e+20
9.432702488e+20
9.825310188e+20
1.010689214e+21
1.027882958e+21
1.037238415e+21
1.040025997e+21
9.959169944e+20
6.50949409e+20
9.612179545e+19
32.88644521
1.376781715e-62
1.356077376e-62
1.335668323e-62
1.315161026e-62
1.294691951e-62
1.273907569e-62
1.251788467e-62
1.232211668e-62
1.212404645e-62
1.192696875e-62
1.173321159e-62
1.153991071e-62
1.135200482e-62
1.113142549e-62
1.094732593e-62
1.075502659e-62
1.056874588e-62
1.037938378e-62
1.017805959e-62
9.993174619e-63
9.815194225e-63
9.631535151e-63
9.448164099e-63
9.265743445e-63
9.090041415e-63
8.913014731e-63
8.732243176e-63
8.563105085e-63
8.384675259e-63
1.213011416e+21
1.218207698e+21
1.218540306e+21
1.218201723e+21
1.217153453e+21
1.215356477e+21
1.21280168e+21
1.209513884e+21
1.205489834e+21
1.200795007e+21
1.195545222e+21
1.189697477e+21
1.183346884e+21
1.176579445e+21
1.169428504e+21
1.161947966e+21
1.154085013e+21
1.145910526e+21
1.137445617e+21
1.128442222e+21
1.11867954e+21
1.108099335e+21
1.096586461e+21
1.083424504e+21
1.06843879e+21
1.051498433e+21
1.031752929e+21
1.009056291e+21
9.832906016e+20
9.541393788e+20
9.21933903e+20
8.871237838e+20
8.503613812e+20
8.124545379e+20
7.743071971e+20
7.368443818e+20
7.009339862e+20
6.673192501e+20
6.365727091e+20
6.090843733e+20
5.850086678e+20
5.644418674e+20
5.473234755e+20
5.33433947e+20
5.23526495e+20
5.164987227e+20
5.126394818e+20
5.122284778e+20
5.157678128e+20
5.238625505e+20
5.373263766e+20
5.570996241e+20
5.84132581e+20
6.191721034e+20
6.624712784e+20
7.133975417e+20
7.700593327e+20
8.291488508e+20
8.862667689e+20
9.368734267e+20
9.776195487e+20
1.007418009e+21
1.026343932e+21
1.036712949e+21
1.039728314e+21
9.956555236e+20
6.748949011e+20
1.179599137e+20
0
1.379212206e-62
1.358465319e-62
1.337790018e-62
1.317404112e-62
1.296984302e-62
1.276512947e-62
1.254341407e-62
1.233514302e-62
1.214818936e-62
1.195225628e-62
1.175466295e-62
1.155012793e-62
1.135578107e-62
1.116138741e-62
1.096994825e-62
1.077664345e-62
1.058436986e-62
1.039117121e-62
1.020569982e-62
1.001349743e-62
9.831212291e-63
9.650669418e-63
9.473142755e-63
9.271531907e-63
9.107701742e-63
8.929283571e-63
8.749850016e-63
8.576846431e-63
8.388819764e-63
1.215445675e+21
1.220448685e+21
1.220756427e+21
1.22038021e+21
1.219282833e+21
1.217425784e+21
1.214800825e+21
1.211433472e+21
1.207322226e+21
1.202530461e+21
1.197179558e+21
1.191223113e+21
1.184760976e+21
1.177878127e+21
1.170610723e+21
1.162999784e+21
1.155043814e+21
1.146728277e+21
1.138155203e+21
1.129059366e+21
1.1192209e+21
1.108522362e+21
1.096954717e+21
1.083804665e+21
1.068728896e+21
1.051816269e+21
1.032128863e+21
1.009469415e+21
9.836690441e+20
9.546115702e+20
9.225107444e+20
8.877626325e+20
8.510291602e+20
8.131193779e+20
7.749341516e+20
7.373968354e+20
7.013768012e+20
6.67621396e+20
6.367064937e+20
6.090106913e+20
5.84770564e+20
5.640066974e+20
5.466846102e+20
5.32578335e+20
5.224335665e+20
5.151841501e+20
5.110921491e+20
5.10328909e+20
5.134083139e+20
5.209923559e+20
5.338550027e+20
5.52930978e+20
5.791791539e+20
6.133750659e+20
6.558285017e+20
7.060068668e+20
7.621653864e+20
8.211698814e+20
8.787624018e+20
9.30425665e+20
9.726480502e+20
1.004018807e+21
1.02445271e+21
1.03565058e+21
1.038797702e+21
9.950927129e+20
7.012491313e+20
1.405678415e+20
958556531.3
1.381463562e-62
1.360564475e-62
1.340167544e-62
1.31955974e-62
1.299137791e-62
1.278824049e-62
1.258229748e-62
1.235061399e-62
1.217003535e-62
1.19654892e-62
1.177410957e-62
1.157263961e-62
1.137441859e-62
1.117540109e-62
1.098787818e-62
1.079763437e-62
1.060338944e-62
1.042544882e-62
1.020966574e-62
1.002310497e-62
9.84547969e-63
9.670716195e-63
9.487472492e-63
9.297356721e-63
9.124258886e-63
8.944541806e-63
8.763955588e-63
8.586898521e-63
8.396994774e-63
1.217814987e+21
1.2226228e+21
1.222906846e+21
1.222494604e+21
1.221350197e+21
1.219435658e+21
1.21674357e+21
1.213300039e+21
1.209105112e+21
1.204220977e+21
1.198772808e+21
1.192711983e+21
1.186143297e+21
1.179149756e+21
1.171776328e+21
1.16404319e+21
1.155981104e+21
1.147540999e+21
1.138860012e+21
1.129671159e+21
1.119763082e+21
1.108940084e+21
1.09732211e+21
1.084181919e+21
1.069017e+21
1.052098236e+21
1.032445166e+21
1.009891958e+21
9.841206076e+20
9.551403242e+20
9.230715042e+20
8.883811331e+20
8.516786449e+20
8.137645404e+20
7.75540043e+20
7.37928673e+20
7.018012298e+20
6.679090372e+20
6.368635262e+20
6.089568129e+20
5.845330706e+20
5.635781472e+20
5.46058906e+20
5.317584379e+20
5.213541771e+20
5.139149037e+20
5.096532945e+20
5.083784413e+20
5.110767624e+20
5.181698955e+20
5.304480087e+20
5.488404957e+20
5.743123882e+20
6.076658009e+20
6.492664844e+20
6.986841427e+20
7.543259488e+20
8.132376007e+20
8.713070469e+20
9.240403427e+20
9.677623224e+20
1.000693028e+21
1.022401783e+21
1.033983079e+21
1.03679038e+21
9.941331921e+20
7.248098146e+20
1.660298392e+20
0
1.38381842e-62
1.362898331e-62
1.342167101e-62
1.321533158e-62
1.300993401e-62
1.280571923e-62
1.260718681e-62
1.238083907e-62
1.219718354e-62
1.19955857e-62
1.177540264e-62
1.158771964e-62
1.139061032e-62
1.119750414e-62
1.100650439e-62
1.081143946e-62
1.062111335e-62
1.043026304e-62
1.023911213e-62
1.005231122e-62
9.867511141e-63
9.687109666e-63
9.500258537e-63
9.319382634e-63
9.1437873e-63
8.952867056e-63
8.77983748e-63
8.601422013e-63
8.428733133e-63
1.220118137e+21
1.224728913e+21
1.224990384e+21
1.224543618e+21
1.223354268e+21
1.221384844e+21
1.218628706e+21
1.215112504e+21
1.210837495e+21
1.205865755e+21
1.200324147e+21
1.194163253e+21
1.187492744e+21
1.180390959e+21
1.172917892e+21
1.165075952e+21
1.156909319e+21
1.148344273e+21
1.139553431e+21
1.130276233e+21
1.120303293e+21
1.109372531e+21
1.097678675e+21
1.084521705e+21
1.069322851e+21
1.052366742e+21
1.032765146e+21
1.010189639e+21
9.845121707e+20
9.556083847e+20
9.236248009e+20
8.88980971e+20
8.523022842e+20
8.143819001e+20
7.761191713e+20
7.384366757e+20
7.02205252e+20
6.681785402e+20
6.369371506e+20
6.089177052e+20
5.84293159e+20
5.631481995e+20
5.454349902e+20
5.309482653e+20
5.202346686e+20
5.12618767e+20
5.081672553e+20
5.063894102e+20
5.087777388e+20
5.1540439e+20
5.271184187e+20
5.448460056e+20
5.695563342e+20
6.02076075e+20
6.428261148e+20
6.91479037e+20
7.46595041e+20
8.053988599e+20
8.639174412e+20
9.176595922e+20
9.62744586e+20
9.970091209e+20
1.019965349e+21
1.031616929e+21
1.034287355e+21
9.932624366e+20
7.475629249e+20
1.927008782e+20
1.801629709e+13
1.386027453e-62
1.364907397e-62
1.344194933e-62
1.323808245e-62
1.303590673e-62
1.283618426e-62
1.263181548e-62
1.238326764e-62
1.221802632e-62
1.200999656e-62
1.179726046e-62
1.160919579e-62
1.141254081e-62
1.121643544e-62
1.102779877e-62
1.081948236e-62
1.064275969e-62
1.045281522e-62
1.026210756e-62
1.006632849e-62
9.891558582e-63
9.704509169e-63
9.510943653e-63
9.335768968e-63
9.14965169e-63
8.974877272e-63
8.797524717e-63
8.621503491e-63
8.425572216e-63
1.222354695e+21
1.226766884e+21
1.227006707e+21
1.22652682e+21
1.225294574e+21
1.223272949e+21
1.220455955e+21
1.216870626e+21
1.212519182e+21
1.20746465e+21
1.201833445e+21
1.195576871e+21
1.188809157e+21
1.181607775e+21
1.174019054e+21
1.16608951e+21
1.157824228e+21
1.149145531e+21
1.140240128e+21
1.130875164e+21
1.120818233e+21
1.109811274e+21
1.098024233e+21
1.084835074e+21
1.069637032e+21
1.052617794e+21
1.033046996e+21
1.010519007e+21
9.849039652e+20
9.560831589e+20
9.241682308e+20
8.895577586e+20
8.528963386e+20
8.149732895e+20
7.766776456e+20
7.389284791e+20
7.025974772e+20
6.684451831e+20
6.370962261e+20
6.088729469e+20
5.840544577e+20
5.627216297e+20
5.448206076e+20
5.301520361e+20
5.192172333e+20
5.113175542e+20
5.064608095e+20
5.04454019e+20
5.065549073e+20
5.127126936e+20
5.238827566e+20
5.409650809e+20
5.649314885e+20
5.966315229e+20
6.365407287e+20
6.844350838e+20
7.390287854e+20
7.977265029e+20
8.566968023e+20
9.114618636e+20
9.579547219e+20
9.935716249e+20
1.017228884e+21
1.029028666e+21
1.031326458e+21
9.923941393e+20
7.72523547e+20
2.234623464e+20
1.191970654e+14
1.388302952e-62
1.367135388e-62
1.346496398e-62
1.325832275e-62
1.305475188e-62
1.285194765e-62
1.264429435e-62
1.242753759e-62
1.22342075e-62
1.203553464e-62
1.180700499e-62
1.163544548e-62
1.142557445e-62
1.124005686e-62
1.102893299e-62
1.085180458e-62
1.066730751e-62
1.047377083e-62
1.027635366e-62
1.008247268e-62
9.902860945e-63
9.72022847e-63
9.529846159e-63
9.349158677e-63
9.167006401e-63
8.981242965e-63
8.807228719e-63
8.630506566e-63
8.4444692e-63
1.224524913e+21
1.228737276e+21
1.228956362e+21
1.228444697e+21
1.227171475e+21
1.225100226e+21
1.222225582e+21
1.218574797e+21
1.214150756e+21
1.209018282e+21
1.203301308e+21
1.196953353e+21
1.190092701e+21
1.182802344e+21
1.175101041e+21
1.1670676e+21
1.158715135e+21
1.149944873e+21
1.14091412e+21
1.131464941e+21
1.121327257e+21
1.110248982e+21
1.098365573e+21
1.085144445e+21
1.069942453e+21
1.052860568e+21
1.033355967e+21
1.010903888e+21
9.85353571e+20
9.565308399e+20
9.246592191e+20
8.901002527e+20
8.53466144e+20
8.155437315e+20
7.77217672e+20
7.39403276e+20
7.029725144e+20
6.686874625e+20
6.371334502e+20
6.087791291e+20
5.838011872e+20
5.622850835e+20
5.441878612e+20
5.293261796e+20
5.17830078e+20
5.099588978e+20
5.048304585e+20
5.02672506e+20
5.042389294e+20
5.100654946e+20
5.207326902e+20
5.371976935e+20
5.604423441e+20
5.913400616e+20
6.304205846e+20
6.775617095e+20
7.31627885e+20
7.901951354e+20
8.495551934e+20
9.052053993e+20
9.528367096e+20
9.894953478e+20
1.014116536e+21
1.025790622e+21
1.027834184e+21
9.9184808e+20
7.928117947e+20
2.580679253e+20
3.989872115e+15
1.390309135e-62
1.36899352e-62
1.348410481e-62
1.327886046e-62
1.307413852e-62
1.286959898e-62
1.266461123e-62
1.245582708e-62
1.224469843e-62
1.204705231e-62
1.185256092e-62
1.163210742e-62
1.144518823e-62
1.126014044e-62
1.105588985e-62
1.087393042e-62
1.068637237e-62
1.048500109e-62
1.029729272e-62
1.011175942e-62
9.909904597e-63
9.730807248e-63
9.547007199e-63
9.360084986e-63
9.177969615e-63
8.99912119e-63
8.826776507e-63
8.625915246e-63
8.46281019e-63
1.22662941e+21
1.230641008e+21
1.230840198e+21
1.230298111e+21
1.228985916e+21
1.226867648e+21
1.223938582e+21
1.220226021e+21
1.215733151e+21
1.210527927e+21
1.204729096e+21
1.198294129e+21
1.191344919e+21
1.183961057e+21
1.176171328e+21
1.168043786e+21
1.159575854e+21
1.150736513e+21
1.141584688e+21
1.132049449e+21
1.121823516e+21
1.110675354e+21
1.098698347e+21
1.085444796e+21
1.070235357e+21
1.053085784e+21
1.033597285e+21
1.011156949e+21
9.856412146e+20
9.569334287e+20
9.251006166e+20
8.905862367e+20
8.539901725e+20
8.16080044e+20
7.77732024e+20
7.398590215e+20
7.03335457e+20
6.689303603e+20
6.372813718e+20
6.087222992e+20
5.835585132e+20
5.618610912e+20
5.435842698e+20
5.285346902e+20
5.170077566e+20
5.087206155e+20
5.033343716e+20
5.010672172e+20
5.018885622e+20
5.075220033e+20
5.176855241e+20
5.335491651e+20
5.560895159e+20
5.862015303e+20
6.244674565e+20
6.708652037e+20
7.2440689e+20
7.82836899e+20
8.425707167e+20
8.990943621e+20
9.478866261e+20
9.855861233e+20
1.010452817e+21
1.022825301e+21
1.024650284e+21
9.915908594e+20
8.136708969e+20
2.924506784e+20
3.621198777e+16
1.392623787e-62
1.371336138e-62
1.350588132e-62
1.329940398e-62
1.309413579e-62
1.288883389e-62
1.268265685e-62
1.247810867e-62
1.227907084e-62
1.204674955e-62
1.186021235e-62
1.166861608e-62
1.14559619e-62
1.127683657e-62
1.108696746e-62
1.089386412e-62
1.070374211e-62
1.049867303e-62
1.032316997e-62
1.011784271e-62
9.928841742e-63
9.767998428e-63
9.532988275e-63
9.382462348e-63
9.186752509e-63
9.010929412e-63
8.828853303e-63
8.653203391e-63
8.477691569e-63
1.22866843e+21
1.232478825e+21
1.232659112e+21
1.232088023e+21
1.23073894e+21
1.228576273e+21
1.225596058e+21
1.221825507e+21
1.217267763e+21
1.211994966e+21
1.206118142e+21
1.199600567e+21
1.192570803e+21
1.185091753e+21
1.177224936e+21
1.168998538e+21
1.160432336e+21
1.151512648e+21
1.142246612e+21
1.13262221e+21
1.122307323e+21
1.111095915e+21
1.099015615e+21
1.08573607e+21
1.070521169e+21
1.053287833e+21
1.033854132e+21
1.01144505e+21
9.859777547e+20
9.572621188e+20
9.254801668e+20
8.910238468e+20
8.544743081e+20
8.16584905e+20
7.782221097e+20
7.402957323e+20
7.036816707e+20
6.691508783e+20
6.372974174e+20
6.086192471e+20
5.833014242e+20
5.614282229e+20
5.429464447e+20
5.277370362e+20
5.160147277e+20
5.07467853e+20
5.01872773e+20
4.99504845e+20
4.998469581e+20
5.050232516e+20
5.147073741e+20
5.299936255e+20
5.518517573e+20
5.811957195e+20
6.186591739e+20
6.64317078e+20
7.173229865e+20
7.755799545e+20
8.356161906e+20
8.92900173e+20
9.42709981e+20
9.813707679e+20
1.007256493e+21
1.019245567e+21
1.021195584e+21
9.91665737e+20
8.340419001e+20
3.30677489e+20
1.869489521e+17
1.394580778e-62
1.373130912e-62
1.352479287e-62
1.331765377e-62
1.31120572e-62
1.290574093e-62
1.269892237e-62
1.249181445e-62
1.228620893e-62
1.208314595e-62
1.188766946e-62
1.168734587e-62
1.147923094e-62
1.129670648e-62
1.110809661e-62
1.091336135e-62
1.070767609e-62
1.052564023e-62
1.032994975e-62
1.013428063e-62
9.943247938e-63
9.772331053e-63
9.560948819e-63
9.395156703e-63
9.204361313e-63
9.0342162e-63
8.852062356e-63
8.667711336e-63
8.492653979e-63
1.230641979e+21
1.234250876e+21
1.234413458e+21
1.233814912e+21
1.232431118e+21
1.230226735e+21
1.227198743e+21
1.223374012e+21
1.218755273e+21
1.213420467e+21
1.207469561e+21
1.200873535e+21
1.193764516e+21
1.186197046e+21
1.178241353e+21
1.169938595e+21
1.161272457e+21
1.152272044e+21
1.142892509e+21
1.133174934e+21
1.122785201e+21
1.111505201e+21
1.099321023e+21
1.086000177e+21
1.070781299e+21
1.053475139e+21
1.034056071e+21
1.011661402e+21
9.862467231e+20
9.576064e+20
9.258805847e+20
8.914684901e+20
8.549516474e+20
8.170739537e+20
7.786938258e+20
7.407164934e+20
7.040180338e+20
6.693761905e+20
6.374368508e+20
6.085573463e+20
5.830413585e+20
5.609619766e+20
5.422501417e+20
5.269203608e+20
5.148908455e+20
5.062402285e+20
5.003886431e+20
4.976819749e+20
4.980363236e+20
5.025309179e+20
5.117851427e+20
5.265174104e+20
5.477130364e+20
5.763042975e+20
6.129763271e+20
6.578980637e+20
7.103575663e+20
7.684044727e+20
8.286612104e+20
8.865538663e+20
9.37148264e+20
9.765801469e+20
1.00344619e+21
1.015493688e+21
1.017802476e+21
9.919316417e+20
8.51868787e+20
3.619162251e+20
6.805423621e+17
1.396593651e-62
1.375149483e-62
1.354351295e-62
1.333781128e-62
1.313134273e-62
1.292705725e-62
1.272153604e-62
1.250884755e-62
1.230451506e-62
1.210807029e-62
1.189869545e-62
1.171203793e-62
1.15133055e-62
1.132337249e-62
1.112727986e-62
1.092290018e-62
1.070814777e-62
1.053162107e-62
1.034664202e-62
1.017417509e-62
9.940194439e-63
9.782538099e-63
9.593374957e-63
9.40509757e-63
9.206041967e-63
9.044190718e-63
8.868104067e-63
8.687215733e-63
8.495908954e-63
1.232549127e+21
1.235956583e+21
1.236102745e+21
1.235478484e+21
1.234062182e+21
1.231818992e+21
1.228746747e+21
1.224871726e+21
1.220196111e+21
1.214804963e+21
1.208784001e+21
1.202113847e+21
1.194925489e+21
1.187277116e+21
1.179235065e+21
1.170838949e+21
1.162098254e+21
1.153011251e+21
1.143518938e+21
1.133706866e+21
1.123243723e+21
1.111907042e+21
1.099614041e+21
1.086249166e+21
1.071037502e+21
1.053650535e+21
1.03424066e+21
1.011920661e+21
9.865520667e+20
9.579231072e+20
9.262565752e+20
8.919032647e+20
8.554240089e+20
8.175550328e+20
7.791533218e+20
7.411221249e+20
7.043363355e+20
6.695724803e+20
6.374439677e+20
6.084310441e+20
5.827745865e+20
5.605297066e+20
5.41737941e+20
5.261086542e+20
5.138086238e+20
5.04748634e+20
4.988962369e+20
4.959183562e+20
4.962226556e+20
5.000187336e+20
5.089104564e+20
5.231031898e+20
5.43650665e+20
5.715022087e+20
6.073934551e+20
6.515844848e+20
7.034936993e+20
7.613141579e+20
8.217676368e+20
8.802626805e+20
9.316939581e+20
9.718981458e+20
9.987674274e+20
1.011694001e+21
1.014732762e+21
9.928189744e+20
8.689152148e+20
3.926243021e+20
2.043279908e+18
1.398445363e-62
1.376887394e-62
1.356136905e-62
1.335454806e-62
1.31485817e-62
1.294392916e-62
1.274597904e-62
1.252682939e-62
1.233573594e-62
1.211865379e-62
1.192442606e-62
1.173510455e-62
1.153068011e-62
1.134475449e-62
1.113349744e-62
1.093805797e-62
1.073009694e-62
1.053956703e-62
1.035563963e-62
1.017568206e-62
9.989708621e-63
9.790376578e-63
9.609353446e-63
9.409568611e-63
9.231823331e-63
9.05314865e-63
8.866623958e-63
8.696950127e-63
8.514872756e-63
1.234388264e+21
1.237594524e+21
1.237725622e+21
1.237077459e+21
1.235631134e+21
1.233352053e+21
1.230239023e+21
1.226317571e+21
1.221588663e+21
1.216147975e+21
1.210061091e+21
1.203321074e+21
1.196060067e+21
1.188333645e+21
1.180213412e+21
1.171713558e+21
1.162900552e+21
1.153723022e+21
1.144127261e+21
1.134233448e+21
1.123689087e+21
1.112293521e+21
1.099892228e+21
1.086477695e+21
1.071262828e+21
1.053811663e+21
1.034394413e+21
1.012111475e+21
9.867415607e+20
9.582141994e+20
9.265941481e+20
8.922915623e+20
8.558538507e+20
8.180026703e+20
7.795868166e+20
7.415071177e+20
7.046402629e+20
6.697696051e+20
6.375433534e+20
6.083569586e+20
5.825064081e+20
5.600862138e+20
5.411057402e+20
5.25295556e+20
5.127303871e+20
5.037748786e+20
4.974151527e+20
4.941598796e+20
4.941617446e+20
4.975973643e+20
5.060800278e+20
5.197349539e+20
5.396397738e+20
5.667581149e+20
6.018720262e+20
6.453261039e+20
6.96659124e+20
7.541955513e+20
8.147491386e+20
8.737199275e+20
9.258673425e+20
9.668327966e+20
9.944759791e+20
1.007509869e+21
1.011160078e+21
9.936695322e+20
8.829945741e+20
4.185094214e+20
5.013124253e+18
1.400307387e-62
1.378651047e-62
1.357882891e-62
1.337201474e-62
1.316630864e-62
1.29621862e-62
1.275873426e-62
1.255475212e-62
1.235396802e-62
1.214103644e-62
1.195045879e-62
1.173311442e-62
1.155330838e-62
1.136146086e-62
1.115588454e-62
1.094577411e-62
1.075806609e-62
1.05488511e-62
1.036596483e-62
1.019675858e-62
9.993065198e-63
9.815233061e-63
9.627437598e-63
9.455254469e-63
9.212696596e-63
9.051947364e-63
8.886010676e-63
8.708036182e-63
8.532716871e-63
1.236157375e+21
1.239162759e+21
1.239280189e+21
1.238609987e+21
1.237135987e+21
1.234824139e+21
1.231673894e+21
1.227710253e+21
1.222933811e+21
1.217446415e+21
1.211297843e+21
1.204493597e+21
1.1971641e+21
1.189368882e+21
1.181165146e+21
1.172571768e+21
1.1636714e+21
1.154416761e+21
1.144716936e+21
1.134738029e+21
1.124122674e+21
1.112654389e+21
1.100142583e+21
1.086693311e+21
1.071449718e+21
1.053980217e+21
1.034521597e+21
1.012282189e+21
9.869454689e+20
9.584590038e+20
9.269298829e+20
8.926749191e+20
8.562679672e+20
8.18429778e+20
7.79998888e+20
7.418702936e+20
7.049195694e+20
6.699335836e+20
6.375352005e+20
6.082094248e+20
5.822163702e+20
5.59631056e+20
5.404522076e+20
5.244846345e+20
5.116776295e+20
5.024932742e+20
4.959545113e+20
4.924398614e+20
4.920539147e+20
4.952477096e+20
5.033004402e+20
5.164068553e+20
5.356672107e+20
5.620560819e+20
5.963981018e+20
6.391177477e+20
6.898691618e+20
7.471058295e+20
8.077409812e+20
8.671909431e+20
9.201176524e+20
9.619585201e+20
9.903848908e+20
1.004786449e+21
1.009324418e+21
9.947124979e+20
8.969973251e+20
4.483948955e+20
8.918469513e+18
1.402218972e-62
1.38048475e-62
1.35962687e-62
1.338984166e-62
1.318550823e-62
1.298167015e-62
1.277971122e-62
1.257419129e-62
1.235550052e-62
1.216597927e-62
1.196455256e-62
1.175463779e-62
1.156492383e-62
1.137032788e-62
1.116897983e-62
1.096951759e-62
1.077028214e-62
1.05763115e-62
1.038423356e-62
1.020224202e-62
1.001812694e-62
9.834479146e-63
9.633897189e-63
9.463065238e-63
9.23251547e-63
9.070525857e-63
8.904468474e-63
8.726021637e-63
8.531247967e-63
1.237853712e+21
1.240658546e+21
1.240763725e+21
1.240073438e+21
1.238574316e+21
1.236232769e+21
1.233048907e+21
1.229047225e+21
1.224229154e+21
1.218697132e+21
1.212491709e+21
1.205630831e+21
1.198235034e+21
1.190371542e+21
1.182090014e+21
1.17340957e+21
1.164423991e+21
1.155081693e+21
1.145282274e+21
1.135216483e+21
1.124514058e+21
1.112984261e+21
1.100407907e+21
1.086880749e+21
1.071622421e+21
1.054136146e+21
1.034631193e+21
1.012439056e+21
9.871822224e+20
9.587306184e+20
9.27240543e+20
8.930350712e+20
8.566604992e+20
8.188336538e+20
7.80386476e+20
7.422103322e+20
7.051803575e+20
6.7007594e+20
6.375819103e+20
6.080920481e+20
5.819158947e+20
5.591667171e+20
5.397929023e+20
5.236548124e+20
5.106122465e+20
5.01226928e+20
4.944772513e+20
4.907306449e+20
4.900795264e+20
4.930498744e+20
5.005567312e+20
5.131043951e+20
5.317172629e+20
5.573771113e+20
5.909466873e+20
6.329233933e+20
6.830662892e+20
7.399454527e+20
8.00564706e+20
8.603597175e+20
9.139216345e+20
9.565724015e+20
9.861277624e+20
1.001345914e+21
1.006411056e+21
9.953743718e+20
9.071870447e+20
4.691068038e+20
1.387908275e+19
1.404143258e-62
1.382361943e-62
1.361584312e-62
1.340902071e-62
1.320269538e-62
1.299759725e-62
1.279408182e-62
1.25899659e-62
1.239758134e-62
1.215544532e-62
1.198140381e-62
1.177838692e-62
1.158286595e-62
1.138553474e-62
1.118636656e-62
1.098948154e-62
1.079147892e-62
1.059437223e-62
1.039917995e-62
1.021775739e-62
1.002781687e-62
9.845270074e-63
9.63799087e-63
9.462158725e-63
9.276064563e-63
9.110674405e-63
8.888512217e-63
8.736087908e-63
8.55443884e-63
1.239474725e+21
1.242079494e+21
1.242173562e+21
1.241465008e+21
1.239942972e+21
1.237575035e+21
1.234360946e+21
1.230325169e+21
1.225470338e+21
1.219896894e+21
1.213639592e+21
1.206726604e+21
1.199270151e+21
1.19133151e+21
1.182971277e+21
1.174225508e+21
1.165155999e+21
1.155713545e+21
1.145836725e+21
1.135683693e+21
1.124891371e+21
1.113286455e+21
1.10066748e+21
1.087048307e+21
1.071773622e+21
1.05427189e+21
1.034721148e+21
1.012565023e+21
9.873217083e+20
9.589454848e+20
9.275027695e+20
8.933615663e+20
8.570297783e+20
8.192167317e+20
7.807537002e+20
7.425302065e+20
7.054234588e+20
6.702810347e+20
6.375602796e+20
6.079273097e+20
5.81596215e+20
5.586844962e+20
5.391234748e+20
5.228164799e+20
5.095517917e+20
4.999829201e+20
4.930232107e+20
4.890477052e+20
4.881480122e+20
4.908795099e+20
4.9782833e+20
5.098200663e+20
5.277877921e+20
5.52720949e+20
5.855196768e+20
6.267500199e+20
6.762694315e+20
7.327595282e+20
7.933185973e+20
8.534224264e+20
9.076274434e+20
9.51130634e+20
9.818812201e+20
9.98759056e+20
1.005121806e+21
9.966096888e+20
9.180390192e+20
4.925787681e+20
2.056405526e+19
1.406125811e-62
1.384306963e-62
1.363449219e-62
1.342738726e-62
1.322158277e-62
1.301703496e-62
1.281204862e-62
1.260749971e-62
1.240459148e-62
1.21972237e-62
1.199079332e-62
1.179854607e-62
1.159362694e-62
1.139531478e-62
1.120343061e-62
1.101523109e-62
1.080282622e-62
1.060935628e-62
1.041515937e-62
1.022761034e-62
1.004352808e-62
9.855311244e-63
9.647704843e-63
9.478004658e-63
9.298426938e-63
9.103513032e-63
8.914001031e-63
8.746873288e-63
8.568863816e-63
1.241017447e+21
1.243422562e+21
1.243506544e+21
1.242781295e+21
1.241238646e+21
1.238847247e+21
1.235606342e+21
1.231540256e+21
1.226653161e+21
1.221042127e+21
1.214740066e+21
1.207778548e+21
1.200265624e+21
1.192262144e+21
1.183835612e+21
1.175019042e+21
1.165852577e+21
1.15631593e+21
1.146365788e+21
1.136108045e+21
1.125251723e+21
1.113574873e+21
1.100895541e+21
1.087192632e+21
1.071899075e+21
1.054393411e+21
1.034791695e+21
1.012680424e+21
9.874974475e+20
9.591455304e+20
9.277590784e+20
8.936610054e+20
8.573665953e+20
8.195686678e+20
7.81090892e+20
7.428192851e+20
7.056255098e+20
6.70293913e+20
6.375053731e+20
6.077354302e+20
5.812610576e+20
5.581864997e+20
5.384449549e+20
5.219684214e+20
5.084920161e+20
4.987447069e+20
4.915239743e+20
4.873523472e+20
4.86205835e+20
4.886829871e+20
4.951039965e+20
5.06556464e+20
5.238871996e+20
5.480979306e+20
5.801268872e+20
6.20604192e+20
6.694773401e+20
7.255310867e+20
7.859567842e+20
8.462835681e+20
9.010606158e+20
9.453895511e+20
9.764225391e+20
9.945969686e+20
1.002120128e+21
9.971979703e+20
9.248402406e+20
5.10290789e+20
2.69865549e+19
1.408011098e-62
1.386111092e-62
1.365257507e-62
1.344611169e-62
1.323971721e-62
1.303513071e-62
1.282911372e-62
1.262266557e-62
1.241899635e-62
1.222112293e-62
1.201442569e-62
1.180647281e-62
1.160931558e-62
1.140793796e-62
1.121782881e-62
1.103009094e-62
1.082210552e-62
1.062973708e-62
1.042674071e-62
1.024001851e-62
1.006351917e-62
9.85819712e-63
9.663537812e-63
9.489231122e-63
9.313079258e-63
9.105078209e-63
8.934412452e-63
8.751940364e-63
8.57210125e-63
1.242479042e+21
1.24468464e+21
1.244759307e+21
1.244018736e+21
1.242457722e+21
1.240045441e+21
1.236781004e+21
1.232688408e+21
1.227772983e+21
1.22212884e+21
1.215786667e+21
1.208782086e+21
1.201224469e+21
1.193170612e+21
1.18465193e+21
1.175785267e+21
1.166521639e+21
1.156888694e+21
1.146865395e+21
1.13650813e+21
1.125581005e+21
1.113842259e+21
1.101094408e+21
1.087297546e+21
1.071986561e+21
1.054491829e+21
1.03483421e+21
1.012763417e+21
9.876052661e+20
9.593070396e+20
9.27975347e+20
8.93924013e+20
8.576673883e+20
8.198878238e+20
7.813998111e+20
7.430874303e+20
7.058627462e+20
6.704433771e+20
6.375050935e+20
6.075677621e+20
5.809141359e+20
5.576643598e+20
5.377584535e+20
5.211111962e+20
5.074511361e+20
4.975462449e+20
4.901379706e+20
4.856955849e+20
4.842717841e+20
4.864510422e+20
4.923786881e+20
5.033206764e+20
5.20027328e+20
5.435250945e+20
5.747912538e+20
6.145161326e+20
6.627312848e+20
7.183211452e+20
7.785766946e+20
8.391042171e+20
8.944913104e+20
9.398863967e+20
9.73601616e+20
9.925247499e+20
1.001112652e+21
9.98271351e+20
9.333057398e+20
5.318622742e+20
3.363027719e+19
1.410017409e-62
1.388159863e-62
1.367302764e-62
1.346544079e-62
1.325948634e-62
1.305291248e-62
1.28466417e-62
1.264040281e-62
1.243646017e-62
1.223695155e-62
1.203153483e-62
1.182944371e-62
1.162690956e-62
1.143487459e-62
1.12265562e-62
1.102513635e-62
1.084888573e-62
1.065062926e-62
1.043267159e-62
1.02523719e-62
1.007189502e-62
9.882581339e-63
9.687653237e-63
9.486544027e-63
9.317365767e-63
9.126782982e-63
8.947787679e-63
8.774321952e-63
8.585831148e-63
1.243856101e+21
1.24586233e+21
1.245928328e+21
1.24517359e+21
1.243596078e+21
1.241165537e+21
1.237880807e+21
1.233765483e+21
1.228827284e+21
1.223155351e+21
1.216772448e+21
1.209733669e+21
1.202137045e+21
1.194031733e+21
1.1854435e+21
1.176518471e+21
1.167165105e+21
1.157446619e+21
1.147345753e+21
1.136894295e+21
1.12588755e+21
1.114072232e+21
1.101272404e+21
1.087393774e+21
1.072061449e+21
1.054555338e+21
1.034861741e+21
1.012821973e+21
9.877229361e+20
9.594962568e+20
9.282069478e+20
8.941834375e+20
8.579503268e+20
8.20179174e+20
7.816747177e+20
7.433112056e+20
7.059653104e+20
6.704380622e+20
6.374051887e+20
6.073303504e+20
5.805433514e+20
5.571242199e+20
5.37056709e+20
5.202359689e+20
5.063851766e+20
4.96309604e+20
4.884674414e+20
4.839608827e+20
4.82315719e+20
4.84202035e+20
4.897444733e+20
5.001360998e+20
5.162273662e+20
5.390278684e+20
5.69545513e+20
6.085248699e+20
6.560743995e+20
7.11172896e+20
7.712125034e+20
8.318863511e+20
8.878171445e+20
9.3404603e+20
9.677114397e+20
9.884160997e+20
9.985462549e+20
9.989093668e+20
9.373389075e+20
5.46004444e+20
4.000440486e+19
1.422542238e-62
1.39013266e-62
1.369260969e-62
1.348509971e-62
1.327875993e-62
1.307291603e-62
1.286786457e-62
1.266103224e-62
1.24583678e-62
1.224477836e-62
1.205933802e-62
1.183869031e-62
1.165838565e-62
1.142335264e-62
1.124294044e-62
1.103768953e-62
1.085908203e-62
1.065334604e-62
1.045534526e-62
1.027265384e-62
1.008489948e-62
9.897277916e-63
9.700024427e-63
9.509759186e-63
9.335060572e-63
9.134917428e-63
8.953359682e-63
8.782647715e-63
8.61339384e-63
1.245145562e+21
1.246952381e+21
1.247010383e+21
1.246242594e+21
1.244650368e+21
1.242204625e+21
1.238903305e+21
1.23476932e+21
1.229809765e+21
1.224109294e+21
1.217699601e+21
1.210635612e+21
1.202996012e+21
1.19482035e+21
1.18620777e+21
1.177203377e+21
1.167773626e+21
1.157983365e+21
1.147809338e+21
1.137260965e+21
1.126174611e+21
1.114279724e+21
1.101430014e+21
1.087476331e+21
1.07212073e+21
1.054605245e+21
1.034861924e+21
1.012848971e+21
9.877932817e+20
9.596154288e+20
9.283953187e+20
8.94421138e+20
8.582109689e+20
8.204455392e+20
7.81928177e+20
7.435735552e+20
7.061650494e+20
6.705213439e+20
6.373404751e+20
6.071253243e+20
5.8016192e+20
5.56580515e+20
5.363499931e+20
5.193630353e+20
5.053377703e+20
4.950564833e+20
4.869368643e+20
4.823298874e+20
4.804073793e+20
4.818199742e+20
4.869342899e+20
4.9695973e+20
5.124905775e+20
5.346245738e+20
5.644165734e+20
6.026639002e+20
6.495472127e+20
7.041368711e+20
7.639313284e+20
8.247292696e+20
8.812304669e+20
9.285264264e+20
9.646471806e+20
9.864551151e+20
9.975115341e+20
1.000155834e+21
9.431199565e+20
5.643369826e+20
4.848876213e+19
0
1.392190003e-62
1.371300285e-62
1.350529899e-62
1.329871579e-62
1.309337822e-62
1.288713503e-62
1.268133161e-62
1.247648615e-62
1.226926439e-62
1.205888087e-62
1.187252376e-62
1.164172855e-62
1.145152881e-62
1.125332019e-62
1.106180412e-62
1.087340536e-62
1.068535348e-62
1.045794875e-62
1.027630281e-62
1.009672748e-62
9.908865986e-63
9.716004201e-63
9.52367965e-63
9.341292635e-63
9.157942535e-63
8.977878926e-63
8.818276026e-63
8.607001442e-63
1.246344657e+21
1.247953814e+21
1.248003813e+21
1.247224101e+21
1.24561901e+21
1.243158563e+21
1.239842337e+21
1.235691442e+21
1.230715823e+21
1.224998487e+21
1.218564726e+21
1.211469553e+21
1.203781193e+21
1.195572693e+21
1.186930316e+21
1.177836999e+21
1.168327033e+21
1.158486628e+21
1.148237422e+21
1.137603002e+21
1.126432187e+21
1.114463169e+21
1.101543347e+21
1.08753735e+21
1.072149476e+21
1.054638871e+21
1.034838934e+21
1.012848619e+21
9.878672873e+20
9.597428423e+20
9.285497693e+20
8.946089399e+20
8.584212616e+20
8.206544389e+20
7.821097395e+20
7.436707163e+20
7.061802929e+20
6.704717301e+20
6.371831235e+20
6.068423646e+20
5.797520242e+20
5.560153992e+20
5.356285876e+20
5.184779538e+20
5.04309476e+20
4.937696744e+20
4.85900601e+20
4.807300447e+20
4.785157523e+20
4.794870849e+20
4.841388564e+20
4.938928334e+20
5.088617322e+20
5.303548389e+20
5.594452181e+20
5.96979408e+20
6.432039257e+20
6.972770476e+20
7.568057283e+20
8.177013983e+20
8.747383317e+20
9.229706725e+20
9.59836792e+20
9.834237856e+20
9.957492919e+20
1.000158589e+21
9.474295461e+20
5.762842914e+20
5.634628665e+19
9.989438113e-14
1.394134006e-62
1.373202411e-62
1.35244788e-62
1.33184128e-62
1.31121011e-62
1.290545929e-62
1.269837104e-62
1.248945774e-62
1.228371263e-62
1.207348749e-62
1.187531868e-62
1.167306472e-62
1.147176736e-62
1.128447132e-62
1.107427235e-62
1.086945289e-62
1.069586918e-62
1.051695736e-62
1.026422754e-62
1.011302374e-62
9.902294475e-63
9.732157043e-63
9.545732451e-63
9.36025204e-63
9.167140964e-63
8.993763989e-63
8.816814329e-63
8.63601537e-63
1.247451059e+21
1.248861545e+21
1.248903802e+21
1.248112933e+21
1.246496054e+21
1.244024162e+21
1.240696987e+21
1.236534287e+21
1.231545864e+21
1.225808936e+21
1.219347269e+21
1.212217436e+21
1.204512565e+21
1.19628722e+21
1.187587376e+21
1.178403083e+21
1.168855488e+21
1.158951982e+21
1.148632641e+21
1.137911289e+21
1.126665316e+21
1.114620278e+21
1.101644539e+21
1.087563922e+21
1.072142772e+21
1.054618326e+21
1.034812115e+21
1.012815084e+21
9.878893629e+20
9.598080397e+20
9.286522453e+20
8.947536626e+20
8.586162869e+20
8.208949223e+20
7.823724751e+20
7.438611614e+20
7.063039344e+20
6.704702509e+20
6.370604365e+20
6.065744041e+20
5.793147845e+20
5.55436651e+20
5.348882617e+20
5.175853459e+20
5.032660531e+20
4.924987512e+20
4.844532077e+20
4.790739751e+20
4.766633153e+20
4.773012301e+20
4.815644399e+20
4.909350688e+20
5.053599007e+20
5.262255151e+20
5.546354439e+20
5.914704613e+20
6.370341746e+20
6.90567785e+20
7.497879107e+20
8.107278933e+20
8.682554047e+20
9.174206194e+20
9.553114548e+20
9.803798073e+20
9.943078946e+20
1.000496408e+21
9.521783148e+20
5.921976503e+20
6.495060584e+19
1.731221437e-06
1.396077724e-62
1.375148751e-62
1.354364808e-62
1.333595054e-62
1.312860141e-62
1.292093179e-62
1.27124794e-62
1.250423323e-62
1.229967017e-62
1.20937272e-62
1.189421458e-62
1.168218591e-62
1.148844805e-62
1.129614715e-62
1.108289063e-62
1.089384793e-62
1.070348637e-62
1.050945495e-62
1.031561709e-62
1.011410878e-62
9.92737463e-63
9.744127e-63
9.558316628e-63
9.370206546e-63
9.19458783e-63
9.002113842e-63
8.826038068e-63
8.649669195e-63
1.248462239e+21
1.24967581e+21
1.24971067e+21
1.24890871e+21
1.247280835e+21
1.244798336e+21
1.241459801e+21
1.237283726e+21
1.23228121e+21
1.226527515e+21
1.220051526e+21
1.212918452e+21
1.205190799e+21
1.196915783e+21
1.188134065e+21
1.178929001e+21
1.169352092e+21
1.159385709e+21
1.148997299e+21
1.138199679e+21
1.126872655e+21
1.114739957e+21
1.101731402e+21
1.087559081e+21
1.072120428e+21
1.054575015e+21
1.034760884e+21
1.01275031e+21
9.878746336e+20
9.59857252e+20
9.287568697e+20
8.948729308e+20
8.586850807e+20
8.209318542e+20
7.823741461e+20
7.438615792e+20
7.062513873e+20
6.703423574e+20
6.368419621e+20
6.062400062e+20
5.788518548e+20
5.548333048e+20
5.341577042e+20
5.166920722e+20
5.022409466e+20
4.91251915e+20
4.83073469e+20
4.77632059e+20
4.749123424e+20
4.75241408e+20
4.793253149e+20
4.87832319e+20
5.019231764e+20
5.222329185e+20
5.500058861e+20
5.861713476e+20
6.31091305e+20
6.840915772e+20
7.430058179e+20
8.040004378e+20
8.620385921e+20
9.121509999e+20
9.513083362e+20
9.781636523e+20
9.931576063e+20
1.000151856e+21
9.547270544e+20
6.05317715e+20
7.67981882e+19
0
1.397970729e-62
1.376953778e-62
1.355994912e-62
1.335216986e-62
1.314458336e-62
1.293828994e-62
1.273422405e-62
1.251445705e-62
1.232032447e-62
1.212189775e-62
1.192272659e-62
1.167195493e-62
1.150149771e-62
1.131657041e-62
1.109472167e-62
1.090714371e-62
1.071801962e-62
1.051274471e-62
1.032585227e-62
1.013612124e-62
9.94549459e-63
9.757915796e-63
9.572491623e-63
9.38734374e-63
9.205673605e-63
9.022215333e-63
8.839723641e-63
8.665151282e-63
1.249374668e+21
1.250386598e+21
1.250413838e+21
1.249600703e+21
1.247963083e+21
1.245472223e+21
1.242126953e+21
1.237945626e+21
1.232940589e+21
1.227177292e+21
1.220685681e+21
1.213523158e+21
1.205753242e+21
1.197441657e+21
1.188645435e+21
1.179421678e+21
1.169798537e+21
1.159779109e+21
1.149331197e+21
1.138468377e+21
1.127043233e+21
1.114842822e+21
1.101787631e+21
1.087538604e+21
1.07207162e+21
1.054486949e+21
1.034671433e+21
1.012650819e+21
9.878108261e+20
9.59829139e+20
9.287619248e+20
8.949326644e+20
8.588515923e+20
8.211097386e+20
7.825169922e+20
7.439392733e+20
7.062493375e+20
6.702500184e+20
6.366237839e+20
6.058901055e+20
5.783636366e+20
5.541916503e+20
5.332680904e+20
5.157577277e+20
5.011853635e+20
4.899620167e+20
4.815809598e+20
4.757524222e+20
4.730844923e+20
4.732545387e+20
4.773095846e+20
4.849205513e+20
4.986995062e+20
5.184156077e+20
5.455500193e+20
5.810423801e+20
6.252971993e+20
6.777171195e+20
7.362500917e+20
7.972019829e+20
8.55660872e+20
9.067051832e+20
9.470723923e+20
9.751485158e+20
9.915542863e+20
9.994537357e+20
9.571101068e+20
6.185932863e+20
8.692859758e+19
0.01146848139
1.399748629e-62
1.378679498e-62
1.357797932e-62
1.33691391e-62
1.316140902e-62
1.295427345e-62
1.274761313e-62
1.253946037e-62
1.233775153e-62
1.213358244e-62
1.191514548e-62
1.170949146e-62
1.151625238e-62
1.132915261e-62
1.11078717e-62
1.092612903e-62
1.072673174e-62
1.052700372e-62
1.034175662e-62
1.015062757e-62
9.960414023e-63
9.774786324e-63
9.590255889e-63
9.399824113e-63
9.222980487e-63
9.039739938e-63
8.854746044e-63
8.683488591e-63
1.250184607e+21
1.251000762e+21
1.251020644e+21
1.250200057e+21
1.248553529e+21
1.246054147e+21
1.242699712e+21
1.23850722e+21
1.233488464e+21
1.227707202e+21
1.221197648e+21
1.214025556e+21
1.206249676e+21
1.197929023e+21
1.189120357e+21
1.179862441e+21
1.170189637e+21
1.160112014e+21
1.149611375e+21
1.138676289e+21
1.127155792e+21
1.114919573e+21
1.101779329e+21
1.087503282e+21
1.07196878e+21
1.054369869e+21
1.034549258e+21
1.012498488e+21
9.876890482e+20
9.597408409e+20
9.287043763e+20
8.948672907e+20
8.587773899e+20
8.210405692e+20
7.824406386e+20
7.438374871e+20
7.061023766e+20
6.700292169e+20
6.36316164e+20
6.054942974e+20
5.778450829e+20
5.535458712e+20
5.326002255e+20
5.148565538e+20
5.001580555e+20
4.887129545e+20
4.802278553e+20
4.742151104e+20
4.713694327e+20
4.71321763e+20
4.750875197e+20
4.823124159e+20
4.955294181e+20
5.146898763e+20
5.412340211e+20
5.760845539e+20
6.196946444e+20
6.715499916e+20
7.297272357e+20
7.906860513e+20
8.49629738e+20
9.01626961e+20
9.433337344e+20
9.725025213e+20
9.899305542e+20
9.982742681e+20
9.579635159e+20
6.337637491e+20
9.991071015e+19
1631.928904
1.401460745e-62
1.380237393e-62
1.359364675e-62
1.338513249e-62
1.31772578e-62
1.297070619e-62
1.276629191e-62
1.256485489e-62
1.235469967e-62
1.213923101e-62
1.192348289e-62
1.172653524e-62
1.153877813e-62
1.133659182e-62
1.112469426e-62
1.093198837e-62
1.074242065e-62
1.05479072e-62
1.036056077e-62
1.015396223e-62
9.980121508e-63
9.796163715e-63
9.626821105e-63
9.393683383e-63
9.22560109e-63
9.054589503e-63
8.87692102e-63
8.704146397e-63
1.250886392e+21
1.251507014e+21
1.251519756e+21
1.250688398e+21
1.249033264e+21
1.246526824e+21
1.243167225e+21
1.238971563e+21
1.233952725e+21
1.228171235e+21
1.221660092e+21
1.214478744e+21
1.206688143e+21
1.198346931e+21
1.189508294e+21
1.18021538e+21
1.170499574e+21
1.160375061e+21
1.149831947e+21
1.138802311e+21
1.127247019e+21
1.114932715e+21
1.101748694e+21
1.087419348e+21
1.071831734e+21
1.054217601e+21
1.034367099e+21
1.012289454e+21
9.875031339e+20
9.595889045e+20
9.285827003e+20
8.948222156e+20
8.587479547e+20
8.210281409e+20
7.824287477e+20
7.437961924e+20
7.05996899e+20
6.698503265e+20
6.36033886e+20
6.050663917e+20
5.772935386e+20
5.528705497e+20
5.317959397e+20
5.138956512e+20
4.990944635e+20
4.874545772e+20
4.788845675e+20
4.730440831e+20
4.697555634e+20
4.693458334e+20
4.726306502e+20
4.798690764e+20
4.921756091e+20
5.110459517e+20
5.370243784e+20
5.712231821e+20
6.141450215e+20
6.653580533e+20
7.230596652e+20
7.838549425e+20
8.430537291e+20
8.957066186e+20
9.379812911e+20
9.689639322e+20
9.87818216e+20
9.966907778e+20
9.565478795e+20
6.48862444e+20
1.141053658e+20
0
1.403275037e-62
1.382100484e-62
1.360986041e-62
1.340052305e-62
1.319146597e-62
1.298363306e-62
1.277716402e-62
1.257018192e-62
1.236073639e-62
1.215915378e-62
1.194383387e-62
1.174296407e-62
1.1549275e-62
1.134767774e-62
1.114411251e-62
1.095157673e-62
1.076150496e-62
1.056731716e-62
1.03587494e-62
1.018494226e-62
9.988291289e-63
9.808067019e-63
9.620553899e-63
9.43344193e-63
9.236622879e-63
9.06866565e-63
8.890910239e-63
8.713236994e-63
1.251474718e+21
1.251899464e+21
1.251904289e+21
1.251064407e+21
1.249402872e+21
1.246891659e+21
1.243528891e+21
1.239331027e+21
1.234310594e+21
1.22852423e+21
1.222007329e+21
1.214818286e+21
1.207015853e+21
1.198657959e+21
1.189797423e+21
1.180478069e+21
1.170725564e+21
1.160547118e+21
1.149944869e+21
1.138894141e+21
1.127268657e+21
1.114904566e+21
1.101655988e+21
1.087269989e+21
1.071663555e+21
1.053995571e+21
1.034119627e+21
1.011990087e+21
9.872512906e+20
9.593549908e+20
9.283674239e+20
8.94612044e+20
8.585595471e+20
8.208365338e+20
7.82204643e+20
7.43556948e+20
7.057259498e+20
6.695150146e+20
6.35633876e+20
6.045644879e+20
5.766838649e+20
5.521519073e+20
5.309647028e+20
5.128929749e+20
4.980134212e+20
4.861674748e+20
4.774651735e+20
4.713374607e+20
4.675426825e+20
4.673050757e+20
4.70313902e+20
4.775021518e+20
4.889073796e+20
5.075550619e+20
5.329389598e+20
5.664902016e+20
6.087403486e+20
6.593465822e+20
7.166543374e+20
7.774603434e+20
8.372570848e+20
8.910283855e+20
9.348119955e+20
9.665025769e+20
9.859037212e+20
9.94505652e+20
9.547242677e+20
6.641978736e+20
1.284438897e+20
375507405.9
1.404866784e-62
1.38338688e-62
1.362602356e-62
1.341583527e-62
1.320621611e-62
1.299792247e-62
1.278959231e-62
1.257975234e-62
1.23701454e-62
1.217121398e-62
1.196378362e-62
1.176299435e-62
1.156354086e-62
1.137452937e-62
1.119662693e-62
1.092215952e-62
1.078218663e-62
1.055771402e-62
1.038527397e-62
1.020048041e-62
1.00106199e-62
9.817887078e-63
9.632077224e-63
9.444149061e-63
9.259391242e-63
9.083777613e-63
8.903667243e-63
8.714413066e-63
1.251942132e+21
1.25217106e+21
1.252169294e+21
1.251320937e+21
1.249651829e+21
1.247136018e+21
1.243770819e+21
1.239571129e+21
1.234549588e+21
1.228760116e+21
1.222239917e+21
1.215045087e+21
1.207232005e+21
1.198857608e+21
1.189974566e+21
1.180624333e+21
1.170837841e+21
1.160632799e+21
1.149987311e+21
1.138893081e+21
1.127221963e+21
1.114790719e+21
1.101494115e+21
1.087090828e+21
1.071413349e+21
1.053698131e+21
1.033788803e+21
1.011629006e+21
9.869020831e+20
9.590368481e+20
9.28075009e+20
8.943401307e+20
8.583176485e+20
8.206308196e+20
7.820411109e+20
7.433635242e+20
7.054782122e+20
6.692024454e+20
6.352024206e+20
6.040345486e+20
5.760390272e+20
5.513747439e+20
5.299309395e+20
5.118239238e+20
4.968959741e+20
4.848613639e+20
4.760699507e+20
4.697812653e+20
4.662239676e+20
4.654169866e+20
4.680915512e+20
4.75021075e+20
4.860562102e+20
5.040535855e+20
5.288611487e+20
5.617459339e+20
6.032714594e+20
6.531722843e+20
7.099098592e+20
7.703883507e+20
8.300688897e+20
8.842228809e+20
9.28802063e+20
9.626030976e+20
9.832747126e+20
9.918374644e+20
9.52503709e+20
6.797051996e+20
1.453628548e+20
0
1.406657539e-62
1.38541544e-62
1.364126589e-62
1.343087596e-62
1.322184149e-62
1.30137634e-62
1.280684842e-62
1.259679544e-62
1.237998335e-62
1.217350209e-62
1.198031703e-62
1.177765642e-62
1.157696627e-62
1.137985717e-62
1.118013467e-62
1.097482456e-62
1.078575407e-62
1.058977996e-62
1.040423171e-62
1.022510455e-62
1.001132807e-62
9.833229001e-63
9.646956332e-63
9.465257082e-63
9.269616186e-63
9.091727052e-63
8.911123054e-63
8.724882395e-63
1.252282308e+21
1.252317003e+21
1.252305466e+21
1.251449181e+21
1.249775999e+21
1.247256314e+21
1.243887472e+21
1.239687153e+21
1.234666088e+21
1.228874819e+21
1.222352332e+21
1.215153432e+21
1.207332913e+21
1.198946741e+21
1.190047119e+21
1.180675692e+21
1.170863015e+21
1.160620966e+21
1.149940641e+21
1.138803357e+21
1.127053527e+21
1.114616548e+21
1.101281658e+21
1.086808098e+21
1.071073453e+21
1.053312028e+21
1.033326244e+21
1.011187454e+21
9.864929929e+20
9.586254956e+20
9.276771607e+20
8.939695276e+20
8.579664518e+20
8.202895145e+20
7.816907934e+20
7.430028991e+20
7.050724928e+20
6.687545784e+20
6.347010745e+20
6.034490475e+20
5.753518712e+20
5.505797743e+20
5.291485681e+20
5.109256675e+20
4.957826512e+20
4.835315803e+20
4.746231196e+20
4.681158845e+20
4.644057827e+20
4.633751249e+20
4.65809723e+20
4.723029264e+20
4.834423391e+20
5.002531529e+20
5.247830675e+20
5.57038791e+20
5.978796981e+20
6.471464583e+20
7.034984327e+20
7.641922134e+20
8.251726034e+20
8.803578625e+20
9.259802383e+20
9.594675475e+20
9.803243191e+20
9.889116896e+20
9.502194314e+20
6.941024423e+20
1.609228673e+20
5.961748438e+11
1.408109637e-62
1.386536432e-62
1.365547994e-62
1.344434264e-62
1.323471899e-62
1.302578642e-62
1.281747124e-62
1.260778385e-62
1.239654586e-62
1.219514866e-62
1.199947774e-62
1.18008336e-62
1.157594361e-62
1.138714145e-62
1.119383409e-62
1.100432554e-62
1.079793771e-62
1.061651634e-62
1.043540206e-62
1.022933134e-62
1.003369792e-62
9.844124785e-63
9.682035546e-63
9.439030199e-63
9.297519029e-63
9.112181088e-63
8.906088433e-63
8.73494944e-63
1.252484912e+21
1.252326495e+21
1.252311117e+21
1.251446323e+21
1.249762734e+21
1.247240501e+21
1.24387401e+21
1.239675148e+21
1.23465264e+21
1.228860481e+21
1.222337595e+21
1.215136216e+21
1.207309766e+21
1.198912503e+21
1.189998303e+21
1.180607913e+21
1.170769683e+21
1.160495098e+21
1.149775265e+21
1.138633059e+21
1.126862387e+21
1.114347035e+21
1.100942281e+21
1.086412737e+21
1.070614305e+21
1.052743325e+21
1.032800308e+21
1.010654746e+21
9.859466813e+20
9.581109158e+20
9.271874048e+20
8.935037033e+20
8.575175462e+20
8.198609236e+20
7.812701984e+20
7.425767965e+20
7.046431968e+20
6.68252073e+20
6.341165672e+20
6.027730268e+20
5.746079158e+20
5.497243444e+20
5.281904799e+20
5.097743617e+20
4.945822909e+20
4.821637617e+20
4.731599782e+20
4.664713761e+20
4.625886176e+20
4.612060236e+20
4.635928675e+20
4.697243836e+20
4.80778557e+20
4.966163353e+20
5.20707366e+20
5.522749917e+20
5.923411036e+20
6.408054944e+20
6.963958542e+20
7.560998341e+20
8.151046969e+20
8.711476934e+20
9.187197404e+20
9.544974515e+20
9.766339885e+20
9.848424016e+20
9.477005612e+20
7.074750136e+20
1.77188067e+20
3.941165871e+11
1.409789922e-62
1.388250421e-62
1.366916507e-62
1.345819626e-62
1.324760227e-62
1.303787804e-62
1.283003882e-62
1.262337569e-62
1.241720341e-62
1.221107674e-62
1.201412113e-62
1.180440987e-62
1.160204657e-62
1.139576673e-62
1.120672099e-62
1.101384595e-62
1.081795133e-62
1.063140708e-62
1.044283702e-62
1.024676151e-62
1.005306621e-62
9.85762036e-63
9.67337486e-63
9.479774591e-63
9.306813283e-63
9.119301595e-63
8.933425726e-63
8.742542869e-63
1.252541705e+21
1.252196826e+21
1.252161677e+21
1.251288651e+21
1.249612663e+21
1.24709562e+21
1.243735597e+21
1.23953191e+21
1.234510372e+21
1.228718154e+21
1.222197749e+21
1.21499799e+21
1.207171355e+21
1.198772422e+21
1.189851938e+21
1.180452709e+21
1.170602066e+21
1.160311021e+21
1.149562989e+21
1.13836759e+21
1.126522339e+21
1.113954027e+21
1.100491743e+21
1.08581591e+21
1.069973473e+21
1.05213127e+21
1.032183622e+21
1.009916733e+21
9.852998236e+20
9.574866206e+20
9.265576479e+20
8.928945018e+20
8.569615408e+20
8.193221518e+20
7.807437957e+20
7.42045708e+20
7.040867038e+20
6.676628369e+20
6.334550931e+20
6.020373788e+20
5.737847289e+20
5.488098544e+20
5.271692575e+20
5.087435983e+20
4.933479869e+20
4.807701944e+20
4.71647878e+20
4.647334661e+20
4.60638423e+20
4.592539021e+20
4.610957222e+20
4.669809632e+20
4.776901966e+20
4.932538493e+20
5.165979633e+20
5.475408012e+20
5.868755837e+20
6.346824892e+20
6.89882226e+20
7.501149683e+20
8.114507284e+20
8.682392755e+20
9.163356662e+20
9.521772518e+20
9.740092349e+20
9.817073453e+20
9.454979371e+20
7.199786076e+20
1.956544677e+20
7.874541455e+13
1.41126659e-62
1.389640892e-62
1.368458797e-62
1.347332459e-62
1.326199205e-62
1.305232219e-62
1.284414557e-62
1.263850878e-62
1.243592145e-62
1.224062603e-62
1.201513368e-62
1.181661304e-62
1.161831688e-62
1.141245649e-62
1.122206454e-62
1.102562648e-62
1.083705886e-62
1.063849919e-62
1.045127949e-62
1.025878766e-62
1.006359187e-62
9.87628774e-63
9.691719683e-63
9.509077899e-63
9.311264766e-63
9.127738092e-63
8.949792343e-63
8.765970708e-63
1.252432292e+21
1.251832337e+21
1.251805876e+21
1.250917541e+21
1.249199427e+21
1.246672641e+21
1.243311858e+21
1.239124453e+21
1.234121017e+21
1.228368968e+21
1.221858757e+21
1.214655965e+21
1.20683696e+21
1.198444335e+21
1.189537912e+21
1.180146595e+21
1.170285697e+21
1.159970167e+21
1.149189272e+21
1.137962663e+21
1.126031709e+21
1.113303863e+21
1.09972069e+21
1.085139225e+21
1.069275052e+21
1.051427832e+21
1.03138432e+21
1.009216672e+21
9.844863783e+20
9.567329851e+20
9.258080885e+20
8.921841569e+20
8.562589426e+20
8.186774913e+20
7.801119452e+20
7.414157507e+20
7.034415616e+20
6.669572482e+20
6.327191172e+20
6.012210675e+20
5.728494437e+20
5.478040859e+20
5.260396252e+20
5.074325849e+20
4.920180604e+20
4.793164147e+20
4.700934948e+20
4.629912135e+20
4.587867999e+20
4.572201406e+20
4.590244721e+20
4.643951366e+20
4.744603262e+20
4.899663593e+20
5.120796988e+20
5.42658808e+20
5.812945425e+20
6.283667597e+20
6.829315972e+20
7.426025233e+20
8.035568523e+20
8.607423843e+20
9.114583366e+20
9.480079308e+20
9.706352696e+20
9.779032029e+20
9.4304277e+20
7.324870696e+20
2.130329663e+20
2.292766731e+14
1.412877143e-62
1.391192e-62
1.369969119e-62
1.348835962e-62
1.327766588e-62
1.306793518e-62
1.286029704e-62
1.265609906e-62
1.245420512e-62
1.22556325e-62
1.202148994e-62
1.184489073e-62
1.1624671e-62
1.144662357e-62
1.123096448e-62
1.102903359e-62
1.084926221e-62
1.064210981e-62
1.046336875e-62
1.027376762e-62
1.008184532e-62
9.888474578e-63
9.70338688e-63
9.518007794e-63
9.329644181e-63
9.143414776e-63
8.970954052e-63
8.777264207e-63
1.252164399e+21
1.251395711e+21
1.251301939e+21
1.250405978e+21
1.248763185e+21
1.246250822e+21
1.242891468e+21
1.238707777e+21
1.233675485e+21
1.227839667e+21
1.221291908e+21
1.214056688e+21
1.206195748e+21
1.197756248e+21
1.188782351e+21
1.179327864e+21
1.169419635e+21
1.159062546e+21
1.148237207e+21
1.136984147e+21
1.12504872e+21
1.112496481e+21
1.099024211e+21
1.084311507e+21
1.068509435e+21
1.050571771e+21
1.030485877e+21
1.008136222e+21
9.835517459e+20
9.558295508e+20
9.249133571e+20
8.91308545e+20
8.554371982e+20
8.178630237e+20
7.793375995e+20
7.406525533e+20
7.026514468e+20
6.661603534e+20
6.318522985e+20
6.003025384e+20
5.7184884e+20
5.467490396e+20
5.249220544e+20
5.063292007e+20
4.906622947e+20
4.778296548e+20
4.684794708e+20
4.611848402e+20
4.567981348e+20
4.551128922e+20
4.558998327e+20
4.614778242e+20
4.713022201e+20
4.86797303e+20
5.077918657e+20
5.378207979e+20
5.75773779e+20
6.221827151e+20
6.763418292e+20
7.362860943e+20
7.984361739e+20
8.56312186e+20
9.048429301e+20
9.422759451e+20
9.652970782e+20
9.735479389e+20
9.405887616e+20
7.44265823e+20
2.316120601e+20
1.742661637e+15
1.414384929e-62
1.392648812e-62
1.371473487e-62
1.350292335e-62
1.329429493e-62
1.308686869e-62
1.288462887e-62
1.268787567e-62
1.24507495e-62
1.2272487e-62
1.202809883e-62
1.18508933e-62
1.164505183e-62
1.145283692e-62
1.124558209e-62
1.103703548e-62
1.08577399e-62
1.066229643e-62
1.047771828e-62
1.028793229e-62
1.009761744e-62
9.913255136e-63
9.721401021e-63
9.529867532e-63
9.335132532e-63
9.15910685e-63
8.962268367e-63
8.797917684e-63
1.25169859e+21
1.250685189e+21
1.250713979e+21
1.249796422e+21
1.24795639e+21
1.245414297e+21
1.242054686e+21
1.237895824e+21
1.2329279e+21
1.227296399e+21
1.220799996e+21
1.213586608e+21
1.205712206e+21
1.197192297e+21
1.188200655e+21
1.178739665e+21
1.168781456e+21
1.158366222e+21
1.147497255e+21
1.136215567e+21
1.124218599e+21
1.111512333e+21
1.097894731e+21
1.083255869e+21
1.067484833e+21
1.049445622e+21
1.029329073e+21
1.007137286e+21
9.824775903e+20
9.547546428e+20
9.238674149e+20
8.902902591e+20
8.54465101e+20
8.169314816e+20
7.784206037e+20
7.397486611e+20
7.017561138e+20
6.652516441e+20
6.308976112e+20
5.992913585e+20
5.707620444e+20
5.45569932e+20
5.236235034e+20
5.04800585e+20
4.891347903e+20
4.762463275e+20
4.668351589e+20
4.59308106e+20
4.548177152e+20
4.529222872e+20
4.53891093e+20
4.590328079e+20
4.683512526e+20
4.833344043e+20
5.037745132e+20
5.325316489e+20
5.700444935e+20
6.156951576e+20
6.690714544e+20
7.275577486e+20
7.878049562e+20
8.468783576e+20
8.98365825e+20
9.370690696e+20
9.606012826e+20
9.68113357e+20
9.379115704e+20
7.545936316e+20
2.495981525e+20
6.569570836e+15
1.415843551e-62
1.394048232e-62
1.373014066e-62
1.352051753e-62
1.331043915e-62
1.310248092e-62
1.289649078e-62
1.268998843e-62
1.247159178e-62
1.2273491e-62
1.20622209e-62
1.186116268e-62
1.165620775e-62
1.145690433e-62
1.126157256e-62
1.106782074e-62
1.088902382e-62
1.066018834e-62
1.049429801e-62
1.030971356e-62
1.011773318e-62
9.908039091e-63
9.734379343e-63
9.538850622e-63
9.353036427e-63
9.165278846e-63
8.98359066e-63
8.813296354e-63
1.25107739e+21
1.249935815e+21
1.24965447e+21
1.248702698e+21
1.247144381e+21
1.244613294e+21
1.241244462e+21
1.237071499e+21
1.2320935e+21
1.226157118e+21
1.219661083e+21
1.212507096e+21
1.204733684e+21
1.196383409e+21
1.187461735e+21
1.17788315e+21
1.167918585e+21
1.157593646e+21
1.146594285e+21
1.135275421e+21
1.123323928e+21
1.110485094e+21
1.096938607e+21
1.082202403e+21
1.066063047e+21
1.048083978e+21
1.028105809e+21
1.005831263e+21
9.811933932e+20
9.535043959e+20
9.226633096e+20
8.890954571e+20
8.532957479e+20
8.158214351e+20
7.773689285e+20
7.387224509e+20
7.007277907e+20
6.641805905e+20
6.298165918e+20
5.981833416e+20
5.695826325e+20
5.443174753e+20
5.223127843e+20
5.035565357e+20
4.87547617e+20
4.746207988e+20
4.650098418e+20
4.574896652e+20
4.52785245e+20
4.507220202e+20
4.518162417e+20
4.559141807e+20
4.650291499e+20
4.795022747e+20
5.000209128e+20
5.275030821e+20
5.645945073e+20
6.095571401e+20
6.625709256e+20
7.221320895e+20
7.841388662e+20
8.43531784e+20
8.944599962e+20
9.337814739e+20
9.571323316e+20
9.643348323e+20
9.36136097e+20
7.646276969e+20
2.674157107e+20
2.182002103e+16
1.417404425e-62
1.395583031e-62
1.374418476e-62
1.353520983e-62
1.332628158e-62
1.311843014e-62
1.291181042e-62
1.270557234e-62
1.249621259e-62
1.230475456e-62
1.205389783e-62
1.185921795e-62
1.166640024e-62
1.14777275e-62
1.126557064e-62
1.109674059e-62
1.08682311e-62
1.069358439e-62
1.050832625e-62
1.03205496e-62
1.012728497e-62
9.928341427e-63
9.741869217e-63
9.552877712e-63
9.367600189e-63
9.178560779e-63
8.997874191e-63
8.818373525e-63
1.250260972e+21
1.248742619e+21
1.248755982e+21
1.247761391e+21
1.245838034e+21
1.243275683e+21
1.239897198e+21
1.235724136e+21
1.23074784e+21
1.225184588e+21
1.21874809e+21
1.211622553e+21
1.203833441e+21
1.195382552e+21
1.186288765e+21
1.176930897e+21
1.16702706e+21
1.156362052e+21
1.145587363e+21
1.1343153e+21
1.121994065e+21
1.109388535e+21
1.09547547e+21
1.080638288e+21
1.064895078e+21
1.046838782e+21
1.026653924e+21
1.004361946e+21
9.797641901e+20
9.520788374e+20
9.212803656e+20
8.877142328e+20
8.519566624e+20
8.145197612e+20
7.760856332e+20
7.374703395e+20
6.995076148e+20
6.629833971e+20
6.285926415e+20
5.969370872e+20
5.682880952e+20
5.429400068e+20
5.208494367e+20
5.01901816e+20
4.861336786e+20
4.729148989e+20
4.631118771e+20
4.555568657e+20
4.506765709e+20
4.48410784e+20
4.490492808e+20
4.52855249e+20
4.620859766e+20
4.758185251e+20
4.960743065e+20
5.227516412e+20
5.586636855e+20
6.031820386e+20
6.556582853e+20
7.143227227e+20
7.750423315e+20
8.354112208e+20
8.88310458e+20
9.286136639e+20
9.524797554e+20
9.601690797e+20
9.340100601e+20
7.731165686e+20
2.845817847e+20
5.97879185e+16
1.418895086e-62
1.397064921e-62
1.375958521e-62
1.35493479e-62
1.334046312e-62
1.313250925e-62
1.292481644e-62
1.271918506e-62
1.251030132e-62
1.229210373e-62
1.20756113e-62
1.18833444e-62
1.169001946e-62
1.148538868e-62
1.129426998e-62
1.109080024e-62
1.090044888e-62
1.070150151e-62
1.052364776e-62
1.034561934e-62
1.012261894e-62
9.946408139e-63
9.752168292e-63
9.570636945e-63
9.379328149e-63
9.195355714e-63
9.01453926e-63
8.816627692e-63
1.249292205e+21
1.247627851e+21
1.247490227e+21
1.246334256e+21
1.24465704e+21
1.24206803e+21
1.238682697e+21
1.234517376e+21
1.229536325e+21
1.223682984e+21
1.217333019e+21
1.210235379e+21
1.202414535e+21
1.193830375e+21
1.184981374e+21
1.175387034e+21
1.165670518e+21
1.155230789e+21
1.144314411e+21
1.132929651e+21
1.120777683e+21
1.107732271e+21
1.094182628e+21
1.079304711e+21
1.063339644e+21
1.045240306e+21
1.025004131e+21
1.002669517e+21
9.780804977e+20
9.503615897e+20
9.196507973e+20
8.861489501e+20
8.504109388e+20
8.130265897e+20
7.746548721e+20
7.360816404e+20
6.981406073e+20
6.616120622e+20
6.27236924e+20
5.955079322e+20
5.668791733e+20
5.414559582e+20
5.19316268e+20
5.004246511e+20
4.844277421e+20
4.710971661e+20
4.611548257e+20
4.535547563e+20
4.485271431e+20
4.46106034e+20
4.465255426e+20
4.506955609e+20
4.582257636e+20
4.721193453e+20
4.919924778e+20
5.183383762e+20
5.526476447e+20
5.972728497e+20
6.492080194e+20
7.080289263e+20
7.711185112e+20
8.317497827e+20
8.840564096e+20
9.245996964e+20
9.486399746e+20
9.563656962e+20
9.324495151e+20
7.81976859e+20
3.013120699e+20
1.406082509e+17
1.420313674e-62
1.398393479e-62
1.377274309e-62
1.356224112e-62
1.33528481e-62
1.314410217e-62
1.293594028e-62
1.272861953e-62
1.251322946e-62
1.23075867e-62
1.209856566e-62
1.190004895e-62
1.17007151e-62
1.150450561e-62
1.130579844e-62
1.110657392e-62
1.091829651e-62
1.07207371e-62
1.053553726e-62
1.034438285e-62
1.014257947e-62
9.955872563e-63
9.768110839e-63
9.579413719e-63
9.394853588e-63
9.200470332e-63
9.019401829e-63
8.83822952e-63
1.248106052e+21
1.246120617e+21
1.245822271e+21
1.244978497e+21
1.243088452e+21
1.240354036e+21
1.236896309e+21
1.232706743e+21
1.227669799e+21
1.222087959e+21
1.215631684e+21
1.208182725e+21
1.20039117e+21
1.192339027e+21
1.183397148e+21
1.173975951e+21
1.163708349e+21
1.153650071e+21
1.142627971e+21
1.131224216e+21
1.119104327e+21
1.10619717e+21
1.092452421e+21
1.077548985e+21
1.061503401e+21
1.043339945e+21
1.023104953e+21
1.000739024e+21
9.761473115e+20
9.484026507e+20
9.176950294e+20
8.843744006e+20
8.486771463e+20
8.113235811e+20
7.730052868e+20
7.344852441e+20
6.96575116e+20
6.600851101e+20
6.257257759e+20
5.939182562e+20
5.653305899e+20
5.398479588e+20
5.176743711e+20
4.987058825e+20
4.82571845e+20
4.690512615e+20
4.591301445e+20
4.514630934e+20
4.463164938e+20
4.437554259e+20
4.43974372e+20
4.47818702e+20
4.552386586e+20
4.68844581e+20
4.877870046e+20
5.13969221e+20
5.472499739e+20
5.909421744e+20
6.428478196e+20
7.015178048e+20
7.64271565e+20
8.243830789e+20
8.787852945e+20
9.20825026e+20
9.45106434e+20
9.530457961e+20
9.308957454e+20
7.893373791e+20
3.148050407e+20
2.950571625e+17
1.42164698e-62
1.399640442e-62
1.378396685e-62
1.357400125e-62
1.336443714e-62
1.315545323e-62
1.294716569e-62
1.273952364e-62
1.253180057e-62
1.232633191e-62
1.212453786e-62
1.190145849e-62
1.171801241e-62
1.152467359e-62
1.132709637e-62
1.111018334e-62
1.093623241e-62
1.07368743e-62
1.055474973e-62
1.033697706e-62
1.015819523e-62
9.969290479e-63
9.77895253e-63
9.593242204e-63
9.40304782e-63
9.21816239e-63
9.038218691e-63
8.838104289e-63
1.246732588e+21
1.244648443e+21
1.244331832e+21
1.243273307e+21
1.241347639e+21
1.23877727e+21
1.23532367e+21
1.231096088e+21
1.226032337e+21
1.219940171e+21
1.213337315e+21
1.206456976e+21
1.198649744e+21
1.190389241e+21
1.18139614e+21
1.17200009e+21
1.161991069e+21
1.151469981e+21
1.140656906e+21
1.129293317e+21
1.117100765e+21
1.104253665e+21
1.090377476e+21
1.075392307e+21
1.059404751e+21
1.041170542e+21
1.020897843e+21
9.984998166e+20
9.739582781e+20
9.461830323e+20
9.154770895e+20
8.823548912e+20
8.467387774e+20
8.094361483e+20
7.711657824e+20
7.326972477e+20
6.948408762e+20
6.583946885e+20
6.239921928e+20
5.921869646e+20
5.636066091e+20
5.380560592e+20
5.157842617e+20
4.964752678e+20
4.803580119e+20
4.673623496e+20
4.569355726e+20
4.493057818e+20
4.440441265e+20
4.413571777e+20
4.414149426e+20
4.449732857e+20
4.527927656e+20
4.642245831e+20
4.833895714e+20
5.092863964e+20
5.424440468e+20
5.843773811e+20
6.366827142e+20
6.950346696e+20
7.576723151e+20
8.196727187e+20
8.72892349e+20
9.151244158e+20
9.400377691e+20
9.482936151e+20
9.284010936e+20
7.957867578e+20
3.294353641e+20
5.553635678e+17
1.422827971e-62
1.400660148e-62
1.379398296e-62
1.358422142e-62
1.337624475e-62
1.316809591e-62
1.296078827e-62
1.275759647e-62
1.256446244e-62
1.232439584e-62
1.213752655e-62
1.192127537e-62
1.172802533e-62
1.154045851e-62
1.133194949e-62
1.11427651e-62
1.095042004e-62
1.073864833e-62
1.056608153e-62
1.035053056e-62
1.017035871e-62
9.984881846e-63
9.798515914e-63
9.586290324e-63
9.414628799e-63
9.231174355e-63
9.046387194e-63
8.864667528e-63
1.245097915e+21
1.24277974e+21
1.242468906e+21
1.241295095e+21
1.239436593e+21
1.236810064e+21
1.233332071e+21
1.22891276e+21
1.223935044e+21
1.218041745e+21
1.211459857e+21
1.204283756e+21
1.196238789e+21
1.187709012e+21
1.179076546e+21
1.169657438e+21
1.159731668e+21
1.14920907e+21
1.138268535e+21
1.126894343e+21
1.114718312e+21
1.101896879e+21
1.088002888e+21
1.072979914e+21
1.056999777e+21
1.038717562e+21
1.018408143e+21
9.959782454e+20
9.714756267e+20
9.438809083e+20
9.13232384e+20
8.800544522e+20
8.44548846e+20
8.07319465e+20
7.691129607e+20
7.30704706e+20
6.928970584e+20
6.564663532e+20
6.220003164e+20
5.902840867e+20
5.616910791e+20
5.361277706e+20
5.138473224e+20
4.947878237e+20
4.78694923e+20
4.653498827e+20
4.544385121e+20
4.469975723e+20
4.417066835e+20
4.389075453e+20
4.388164688e+20
4.421436566e+20
4.495572937e+20
4.615261482e+20
4.798420582e+20
5.047089315e+20
5.3786961e+20
5.784276014e+20
6.297224428e+20
6.886831425e+20
7.511254727e+20
8.129928203e+20
8.675293304e+20
9.095189733e+20
9.351085215e+20
9.440124446e+20
9.262747931e+20
8.0137177e+20
3.415076082e+20
9.506312206e+17
1.424327215e-62
1.402144138e-62
1.3811334e-62
1.360139001e-62
1.339127596e-62
1.31826709e-62
1.29753811e-62
1.27699154e-62
1.256648117e-62
1.235342883e-62
1.213899595e-62
1.194992704e-62
1.175109721e-62
1.154350346e-62
1.134938065e-62
1.115354306e-62
1.096047254e-62
1.076424336e-62
1.057801958e-62
1.03618963e-62
1.01809939e-62
9.995807303e-63
9.814447619e-63
9.587974587e-63
9.430459192e-63
9.24117852e-63
9.057528193e-63
8.875601189e-63
1.243177229e+21
1.240494579e+21
1.240167463e+21
1.238959781e+21
1.237095637e+21
1.234382142e+21
1.230895862e+21
1.226618622e+21
1.221463951e+21
1.215706509e+21
1.209122239e+21
1.201592714e+21
1.193970981e+21
1.185443367e+21
1.176047513e+21
1.166509742e+21
1.156608055e+21
1.146102329e+21
1.134988274e+21
1.124065511e+21
1.111628767e+21
1.098993506e+21
1.085149661e+21
1.070091483e+21
1.054132997e+21
1.035810124e+21
1.015472899e+21
9.93016598e+20
9.686243727e+20
9.410363671e+20
9.104503816e+20
8.773665526e+20
8.420165101e+20
8.048833963e+20
7.667558869e+20
7.284120343e+20
6.906241277e+20
6.541610753e+20
6.198087731e+20
5.881846462e+20
5.59549934e+20
5.34027306e+20
5.117606873e+20
4.927014435e+20
4.76582442e+20
4.631333715e+20
4.525083935e+20
4.443803936e+20
4.392506408e+20
4.363774566e+20
4.361523898e+20
4.392511392e+20
4.462901136e+20
4.582312502e+20
4.751581226e+20
5.005143799e+20
5.331570783e+20
5.738529831e+20
6.227518478e+20
6.818357883e+20
7.451462191e+20
8.066599569e+20
8.623583923e+20
9.044383871e+20
9.297725424e+20
9.397489783e+20
9.243009426e+20
8.056199551e+20
3.530850725e+20
1.500436241e+18
1.425909996e-62
1.403940119e-62
1.382686382e-62
1.361490374e-62
1.340475877e-62
1.319660916e-62
1.298877337e-62
1.278202363e-62
1.257675159e-62
1.237298843e-62
1.215742452e-62
1.196441014e-62
1.176262029e-62
1.156920157e-62
1.13541504e-62
1.117566541e-62
1.097269865e-62
1.077242487e-62
1.058614008e-62
1.037504488e-62
1.019037001e-62
1.000307707e-62
9.816165279e-63
9.619685148e-63
9.441890398e-63
9.257365524e-63
9.073098003e-63
8.871615999e-63
1.240971962e+21
1.237978641e+21
1.237564116e+21
1.236335125e+21
1.234374773e+21
1.231631142e+21
1.228099288e+21
1.223830625e+21
1.218651639e+21
1.212904125e+21
1.20634194e+21
1.199009648e+21
1.191223826e+21
1.182690043e+21
1.17349202e+21
1.163976519e+21
1.154040757e+21
1.143505744e+21
1.132297394e+21
1.120460965e+21
1.108617094e+21
1.095774934e+21
1.081493308e+21
1.066388538e+21
1.050496697e+21
1.032163764e+21
1.011845134e+21
9.893657911e+20
9.652428136e+20
9.378763408e+20
9.07320339e+20
8.743810923e+20
8.391090342e+20
8.020407289e+20
7.639627774e+20
7.256692484e+20
6.879731575e+20
6.5162542e+20
6.173952393e+20
5.858673089e+20
5.571931224e+20
5.316895466e+20
5.09407834e+20
4.902446666e+20
4.737953568e+20
4.603171841e+20
4.498633811e+20
4.422006195e+20
4.367195251e+20
4.337622447e+20
4.334212115e+20
4.363300935e+20
4.430955128e+20
4.545208983e+20
4.710480133e+20
4.949125097e+20
5.280519565e+20
5.694199331e+20
6.181318136e+20
6.748855893e+20
7.38208216e+20
8.014888651e+20
8.572040024e+20
8.998077924e+20
9.265572638e+20
9.35795136e+20
9.218091061e+20
8.09770787e+20
3.62743582e+20
2.209029333e+18
1.427336676e-62
1.405272106e-62
1.384025662e-62
1.362949647e-62
1.341991849e-62
1.321073163e-62
1.300269243e-62
1.279510703e-62
1.2588313e-62
1.238383183e-62
1.218362558e-62
1.197285096e-62
1.178065522e-62
1.157532917e-62
1.138132432e-62
1.119040425e-62
1.097984893e-62
1.077149646e-62
1.059525969e-62
1.039605521e-62
1.020155691e-62
1.001748672e-62
9.825362035e-63
9.635853949e-63
9.450592359e-63
9.264491586e-63
9.079961282e-63
8.893199119e-63
1.238460235e+21
1.235174068e+21
1.234676306e+21
1.233385235e+21
1.231358835e+21
1.228562616e+21
1.224987103e+21
1.220634186e+21
1.215506776e+21
1.209663999e+21
1.203110971e+21
1.195951004e+21
1.187965333e+21
1.179430472e+21
1.170372752e+21
1.160814394e+21
1.150759501e+21
1.140162992e+21
1.128787806e+21
1.117385879e+21
1.105004518e+21
1.091709366e+21
1.078092421e+21
1.063040464e+21
1.047203169e+21
1.028860075e+21
1.008486791e+21
9.860428919e+20
9.62009497e+20
9.346943481e+20
9.041360382e+20
8.70997976e+20
8.357993703e+20
7.987646494e+20
7.608011192e+20
7.226316191e+20
6.850463218e+20
6.488496376e+20
6.147395153e+20
5.833086637e+20
5.546273102e+20
5.291682174e+20
5.069216177e+20
4.877849998e+20
4.716563852e+20
4.582543529e+20
4.471612498e+20
4.39480659e+20
4.340575453e+20
4.310660629e+20
4.30617168e+20
4.333579464e+20
4.399202039e+20
4.511530062e+20
4.682330083e+20
4.917875105e+20
5.228395502e+20
5.641176732e+20
6.141335397e+20
6.706863759e+20
7.327795347e+20
7.963021125e+20
8.524461908e+20
8.95499204e+20
9.222148258e+20
9.322436185e+20
9.202365861e+20
8.146324937e+20
3.73110199e+20
3.127995078e+18
1.428862642e-62
1.406764678e-62
1.385547911e-62
1.364410487e-62
1.343435983e-62
1.322577863e-62
1.301896754e-62
1.28148811e-62
1.261152727e-62
1.238312908e-62
1.219737976e-62
1.200303299e-62
1.177615391e-62
1.160539221e-62
1.137845913e-62
1.119753859e-62
1.098106902e-62
1.079640082e-62
1.061601151e-62
1.039838211e-62
1.022287689e-62
1.00251196e-62
9.834992011e-63
9.644414122e-63
9.454228124e-63
9.276872778e-63
9.093903189e-63
8.906770284e-63
1.23559709e+21
1.231929072e+21
1.231433361e+21
1.230080543e+21
1.227994635e+21
1.225149251e+21
1.221522774e+21
1.217137564e+21
1.211977626e+21
1.206087491e+21
1.1995223e+21
1.192347627e+21
1.184305551e+21
1.175813044e+21
1.166692504e+21
1.15711931e+21
1.146998116e+21
1.136397454e+21
1.125314326e+21
1.113833839e+21
1.101490643e+21
1.088177349e+21
1.074117e+21
1.059029983e+21
1.043158389e+21
1.024807102e+21
1.004431723e+21
9.820126602e+20
9.57984131e+20
9.306937508e+20
9.001923666e+20
8.671405623e+20
8.320587169e+20
7.951677999e+20
7.573287494e+20
7.192933792e+20
6.818590107e+20
6.457945189e+20
6.118256688e+20
5.804522047e+20
5.517928689e+20
5.263804299e+20
5.041707455e+20
4.85064399e+20
4.689928611e+20
4.556675487e+20
4.44930262e+20
4.372773108e+20
4.312437888e+20
4.282099849e+20
4.277070265e+20
4.303014407e+20
4.366537039e+20
4.476020266e+20
4.64372746e+20
4.875227567e+20
5.182278899e+20
5.587522128e+20
6.084941721e+20
6.662943695e+20
7.287167345e+20
7.908179363e+20
8.465868609e+20
8.905474099e+20
9.174914657e+20
9.280595016e+20
9.177412089e+20
8.160714611e+20
3.798043391e+20
4.099587999e+18
1.43034761e-62
1.408179922e-62
1.387063729e-62
1.365968619e-62
1.344998041e-62
1.324117655e-62
1.303359285e-62
1.282656031e-62
1.261958253e-62
1.241233432e-62
1.220075488e-62
1.200947716e-62
1.180455177e-62
1.161643785e-62
1.138881794e-62
1.119946107e-62
1.099572911e-62
1.08067879e-62
1.061941401e-62
1.042237763e-62
1.023007198e-62
1.003397182e-62
9.840932325e-63
9.654822914e-63
9.469526704e-63
9.287958333e-63
9.106724989e-63
8.925194929e-63
1.232325507e+21
1.228084083e+21
1.227757226e+21
1.226364032e+21
1.224218101e+21
1.221291751e+21
1.21763279e+21
1.213080751e+21
1.207889774e+21
1.20204634e+21
1.195348495e+21
1.18809562e+21
1.17991144e+21
1.171532259e+21
1.162181005e+21
1.152684232e+21
1.142783728e+21
1.13217684e+21
1.121236093e+21
1.109630392e+21
1.096927678e+21
1.083901778e+21
1.070032481e+21
1.054452724e+21
1.038593729e+21
1.020238595e+21
1.000384147e+21
9.775228124e+20
9.535500998e+20
9.263282418e+20
8.959097603e+20
8.62970439e+20
8.280182532e+20
7.912435345e+20
7.535343088e+20
7.156515878e+20
6.783653108e+20
6.42453837e+20
6.086257352e+20
5.772512969e+20
5.486762108e+20
5.233353137e+20
5.01192504e+20
4.821476385e+20
4.660926199e+20
4.527695754e+20
4.421075007e+20
4.343911716e+20
4.279459231e+20
4.248308768e+20
4.246463369e+20
4.271252351e+20
4.333037863e+20
4.439753522e+20
4.601921311e+20
4.827248837e+20
5.133224763e+20
5.525680905e+20
6.025761689e+20
6.604606373e+20
7.231213769e+20
7.851214422e+20
8.407932863e+20
8.854522723e+20
9.129905311e+20
9.238596666e+20
9.150863298e+20
8.179954039e+20
3.871684367e+20
5.189335342e+18
1.431999279e-62
1.409885335e-62
1.388623417e-62
1.367599525e-62
1.346631648e-62
1.325766274e-62
1.304901981e-62
1.284053388e-62
1.263299721e-62
1.242810901e-62
1.221432972e-62
1.201353792e-62
1.181393168e-62
1.161935799e-62
1.141387055e-62
1.121266133e-62
1.10041691e-62
1.081938617e-62
1.062956815e-62
1.043278829e-62
1.023598795e-62
1.004649697e-62
9.847412482e-63
9.667271187e-63
9.481461669e-63
9.298245576e-63
9.11743523e-63
8.932659346e-63
1.228708477e+21
1.224258981e+21
1.223667413e+21
1.222168936e+21
1.219937199e+21
1.216872347e+21
1.213184609e+21
1.208225628e+21
1.203280901e+21
1.197351208e+21
1.190291274e+21
1.183372352e+21
1.1754118e+21
1.166885952e+21
1.157711028e+21
1.148264541e+21
1.138098824e+21
1.127496598e+21
1.116528359e+21
1.104861337e+21
1.09245138e+21
1.079237294e+21
1.065261504e+21
1.050034107e+21
1.034214738e+21
1.015871741e+21
9.957769522e+20
9.731642533e+20
9.492627348e+20
9.220700396e+20
8.916306799e+20
8.583771016e+20
8.235272862e+20
7.868873075e+20
7.493601076e+20
7.11640279e+20
6.745296722e+20
6.38789527e+20
6.050787058e+20
5.736701031e+20
5.452241617e+20
5.199666682e+20
4.979005073e+20
4.789280165e+20
4.629171174e+20
4.496631737e+20
4.384692856e+20
4.307859534e+20
4.252940834e+20
4.220877382e+20
4.213844751e+20
4.238386352e+20
4.298427535e+20
4.402817733e+20
4.562014579e+20
4.788823303e+20
5.096033721e+20
5.484057291e+20
5.97341924e+20
6.539620497e+20
7.165942877e+20
7.791150414e+20
8.347834486e+20
8.789295128e+20
9.068680292e+20
9.180770289e+20
9.114435442e+20
8.182203122e+20
3.914143338e+20
6.225515379e+18
1.433625224e-62
1.411494766e-62
1.390308141e-62
1.369180274e-62
1.348185603e-62
1.327232185e-62
1.306299451e-62
1.285425633e-62
1.264901244e-62
1.243315292e-62
1.223017562e-62
1.202401042e-62
1.182417034e-62
1.162811023e-62
1.142326518e-62
1.122256626e-62
1.102313295e-62
1.083115812e-62
1.063933144e-62
1.044725613e-62
1.025527111e-62
1.003602627e-62
9.866217093e-63
9.679348255e-63
9.493628022e-63
9.309023324e-63
9.12228748e-63
8.941170666e-63
1.224671477e+21
1.219923021e+21
1.219003138e+21
1.217380991e+21
1.215043795e+21
1.211688607e+21
1.208242959e+21
1.203458742e+21
1.198156077e+21
1.191760695e+21
1.185328959e+21
1.178281357e+21
1.170222603e+21
1.161666369e+21
1.152280548e+21
1.143079466e+21
1.132313419e+21
1.122153328e+21
1.111187635e+21
1.09953097e+21
1.087213732e+21
1.073964195e+21
1.059925593e+21
1.044832565e+21
1.029050405e+21
1.010683499e+21
9.903390889e+20
9.679778319e+20
9.442018699e+20
9.170101578e+20
8.863454746e+20
8.536350288e+20
8.185521496e+20
7.820914626e+20
7.447320713e+20
7.072161941e+20
6.7031027e+20
6.347513312e+20
6.011122584e+20
5.69764553e+20
5.41450358e+20
5.163037646e+20
4.943370421e+20
4.754409088e+20
4.594493511e+20
4.459896603e+20
4.356025421e+20
4.270891606e+20
4.21703406e+20
4.184954585e+20
4.176257123e+20
4.203337809e+20
4.262574329e+20
4.364633642e+20
4.520888544e+20
4.743560349e+20
5.045822059e+20
5.437287073e+20
5.907873201e+20
6.481152766e+20
7.098701557e+20
7.724581329e+20
8.283940852e+20
8.719304554e+20
9.011621442e+20
9.146185198e+20
9.086274109e+20
8.186872904e+20
3.971617318e+20
7.313095913e+18
1.435195914e-62
1.413062171e-62
1.391813534e-62
1.370689401e-62
1.349623626e-62
1.328581226e-62
1.307583308e-62
1.286665383e-62
1.265934694e-62
1.245682199e-62
1.225949113e-62
1.201740534e-62
1.18344458e-62
1.163815185e-62
1.144247133e-62
1.122904255e-62
1.104028263e-62
1.083942461e-62
1.06490522e-62
1.045229042e-62
1.02589146e-62
1.006686296e-62
9.877240387e-63
9.684350923e-63
9.502032479e-63
9.315975971e-63
9.131612043e-63
8.949750914e-63
1.220158982e+21
1.214999802e+21
1.213609961e+21
1.211807211e+21
1.209353755e+21
1.206486743e+21
1.202662724e+21
1.197938939e+21
1.192160461e+21
1.186402866e+21
1.179753567e+21
1.172419506e+21
1.164047061e+21
1.155900855e+21
1.146719038e+21
1.137221356e+21
1.126818841e+21
1.116328341e+21
1.105294516e+21
1.093608011e+21
1.081135377e+21
1.068049077e+21
1.054012256e+21
1.038858023e+21
1.02313603e+21
1.004732125e+21
9.843786643e+20
9.620130791e+20
9.383907774e+20
9.111200734e+20
8.803973566e+20
8.479784494e+20
8.129743271e+20
7.76740139e+20
7.396452182e+20
7.023638604e+20
6.656735936e+20
6.302747487e+20
5.966383645e+20
5.654846032e+20
5.373281253e+20
5.123200585e+20
4.904788767e+20
4.717001847e+20
4.558380754e+20
4.428064345e+20
4.323145044e+20
4.24240081e+20
4.188579242e+20
4.157050295e+20
4.148614817e+20
4.169247906e+20
4.222916917e+20
4.326127469e+20
4.479204295e+20
4.697467724e+20
4.992941462e+20
5.369561522e+20
5.840476983e+20
6.413450267e+20
7.034961355e+20
7.659254132e+20
8.218208922e+20
8.67261768e+20
8.970545391e+20
9.103271816e+20
9.056942614e+20
8.177823701e+20
3.994239781e+20
8.310691374e+18
1.436774847e-62
1.414600675e-62
1.393327836e-62
1.372163831e-62
1.351009241e-62
1.329891164e-62
1.308813058e-62
1.28780643e-62
1.266963903e-62
1.246902722e-62
1.227077478e-62
1.203281087e-62
1.185217142e-62
1.166081971e-62
1.145057501e-62
1.124152529e-62
1.104134926e-62
1.085375668e-62
1.065590065e-62
1.046620911e-62
1.026522462e-62
1.007805395e-62
9.889654613e-63
9.698624236e-63
9.504032717e-63
9.325042675e-63
9.142622622e-63
8.960196033e-63
1.215143708e+21
1.20944652e+21
1.208241934e+21
1.206307298e+21
1.203702047e+21
1.200547275e+21
1.196174334e+21
1.191732198e+21
1.186255573e+21
1.180368645e+21
1.173377032e+21
1.165527432e+21
1.157910338e+21
1.149501877e+21
1.14038032e+21
1.130595754e+21
1.120463251e+21
1.109834743e+21
1.098691726e+21
1.087088119e+21
1.074610958e+21
1.061531327e+21
1.047496698e+21
1.032095047e+21
1.016545515e+21
9.98106742e+20
9.778408732e+20
9.554191705e+20
9.315930347e+20
9.044255677e+20
8.744679939e+20
8.41719491e+20
8.069710271e+20
7.709758141e+20
7.341118225e+20
6.970752987e+20
6.605852486e+20
6.252970483e+20
5.917524546e+20
5.60830729e+20
5.328606236e+20
5.080210376e+20
4.863320832e+20
4.676903419e+20
4.519495659e+20
4.3897726e+20
4.28513648e+20
4.20499304e+20
4.148353962e+20
4.113969315e+20
4.104978362e+20
4.126968793e+20
4.185973824e+20
4.28424823e+20
4.434971919e+20
4.649972676e+20
4.942033702e+20
5.3232953e+20
5.790862262e+20
6.328435436e+20
6.941644999e+20
7.56389783e+20
8.1370027e+20
8.601776039e+20
8.914034374e+20
9.045745035e+20
9.012644942e+20
8.163722916e+20
4.024628473e+20
9.268513804e+18
1.438288653e-62
1.416114772e-62
1.394859348e-62
1.37361513e-62
1.352429404e-62
1.331283946e-62
1.310183583e-62
1.289258584e-62
1.268675722e-62
1.24837328e-62
1.226683758e-62
1.205368286e-62
1.186848035e-62
1.167286666e-62
1.145115848e-62
1.125955655e-62
1.105510813e-62
1.086305131e-62
1.066883826e-62
1.048029909e-62
1.026604471e-62
1.00891142e-62
9.900587458e-63
9.709961403e-63
9.512799523e-63
9.340005856e-63
9.154834012e-63
8.97295586e-63
1.209561755e+21
1.20336734e+21
1.202060904e+21
1.200034312e+21
1.197242623e+21
1.193860016e+21
1.189813779e+21
1.18517399e+21
1.179569093e+21
1.17358932e+21
1.166631862e+21
1.15884974e+21
1.150855521e+21
1.142208581e+21
1.133149869e+21
1.12275852e+21
1.113236027e+21
1.102417719e+21
1.091425012e+21
1.079843433e+21
1.067276334e+21
1.054069677e+21
1.040021407e+21
1.02399451e+21
1.009138383e+21
9.908013689e+20
9.706086224e+20
9.481109541e+20
9.24170269e+20
8.971887482e+20
8.673830145e+20
8.349136163e+20
8.003807714e+20
7.64678969e+20
7.280861146e+20
6.912865333e+20
6.549550871e+20
6.197053897e+20
5.86453627e+20
5.557810721e+20
5.280333928e+20
5.033957417e+20
4.818866942e+20
4.634026657e+20
4.477912038e+20
4.348838628e+20
4.244118624e+20
4.160588011e+20
4.10954675e+20
4.081064876e+20
4.072985474e+20
4.087102633e+20
4.146165709e+20
4.242703591e+20
4.390533899e+20
4.602244039e+20
4.890502375e+20
5.267308826e+20
5.73722631e+20
6.280348919e+20
6.890367812e+20
7.51011237e+20
8.080406438e+20
8.541469042e+20
8.851377246e+20
8.994720292e+20
8.972236329e+20
8.140158453e+20
4.035578995e+20
9.976441766e+18
1.439775901e-62
1.417535965e-62
1.396233164e-62
1.374974911e-62
1.353724036e-62
1.332571781e-62
1.31141064e-62
1.290332482e-62
1.269517091e-62
1.248982536e-62
1.228271679e-62
1.207760698e-62
1.187892907e-62
1.167854226e-62
1.14594881e-62
1.126859035e-62
1.10717676e-62
1.087619371e-62
1.06807136e-62
1.047723953e-62
1.028630886e-62
1.009961767e-62
9.908090764e-63
9.717801481e-63
9.529981227e-63
9.350245083e-63
9.166497156e-63
8.98262474e-63
1.203405356e+21
1.1968426e+21
1.195119981e+21
1.192923003e+21
1.190439245e+21
1.186978327e+21
1.18249416e+21
1.177695047e+21
1.172191604e+21
1.165817577e+21
1.158963034e+21
1.151124999e+21
1.142829919e+21
1.13368559e+21
1.125084873e+21
1.115021974e+21
1.105118163e+21
1.093690261e+21
1.08332036e+21
1.071757856e+21
1.059250066e+21
1.046043349e+21
1.032040829e+21
1.016426186e+21
1.001259572e+21
9.829404538e+20
9.627778632e+20
9.403846038e+20
9.171292781e+20
8.902396644e+20
8.598290067e+20
8.275077624e+20
7.933137202e+20
7.578650971e+20
7.215356655e+20
6.849228701e+20
6.486669968e+20
6.136599064e+20
5.807153587e+20
5.503216998e+20
5.228334897e+20
4.984341816e+20
4.771396798e+20
4.588469851e+20
4.433979905e+20
4.306150931e+20
4.202899944e+20
4.124658155e+20
4.070732789e+20
4.038932385e+20
4.027136955e+20
4.050426847e+20
4.10279484e+20
4.198099883e+20
4.344306027e+20
4.552715238e+20
4.836719682e+20
5.207646101e+20
5.670089052e+20
6.217080181e+20
6.819271832e+20
7.437036119e+20
8.010071727e+20
8.478108486e+20
8.793217944e+20
8.939992463e+20
8.925880679e+20
8.111948984e+20
4.030358778e+20
1.055190078e+19
1.441122888e-62
1.41884459e-62
1.397510769e-62
1.376223466e-62
1.354983425e-62
1.333715908e-62
1.312542182e-62
1.291472841e-62
1.270654034e-62
1.250189849e-62
1.229993924e-62
1.209766614e-62
1.189096353e-62
1.167630136e-62
1.147722013e-62
1.127971617e-62
1.108394164e-62
1.088483233e-62
1.068629545e-62
1.048652923e-62
1.030064102e-62
1.011154499e-62
9.92197419e-63
9.727460944e-63
9.539423081e-63
9.36192259e-63
9.171458465e-63
8.99285953e-63
1.196556312e+21
1.189364988e+21
1.187655847e+21
1.185441436e+21
1.182502186e+21
1.178816407e+21
1.174119893e+21
1.169180518e+21
1.163716924e+21
1.157009483e+21
1.150254631e+21
1.142479772e+21
1.134230734e+21
1.125112755e+21
1.115787498e+21
1.106095767e+21
1.095583297e+21
1.085023209e+21
1.074468662e+21
1.062560897e+21
1.050085431e+21
1.036913777e+21
1.022994492e+21
1.007924977e+21
9.926176032e+20
9.743153989e+20
9.542090959e+20
9.319674589e+20
9.091971537e+20
8.821868747e+20
8.520717728e+20
8.197063595e+20
7.855913595e+20
7.504518583e+20
7.143643576e+20
6.778651687e+20
6.417793211e+20
6.071316415e+20
5.745128087e+20
5.444276401e+20
5.172280097e+20
4.930919219e+20
4.720317346e+20
4.539474368e+20
4.386696299e+20
4.260260723e+20
4.158235731e+20
4.080224285e+20
4.02157252e+20
3.995475695e+20
3.98974523e+20
4.002555602e+20
4.054649208e+20
4.149652781e+20
4.295096193e+20
4.501549798e+20
4.78207544e+20
5.147872318e+20
5.603467638e+20
6.136620645e+20
6.728239351e+20
7.34501061e+20
7.913343243e+20
8.38382931e+20
8.709016821e+20
8.862545208e+20
8.864407453e+20
8.065987638e+20
4.013980137e+20
1.089506193e+19
1.442449358e-62
1.420059048e-62
1.398688597e-62
1.377378902e-62
1.356110621e-62
1.334913831e-62
1.313842021e-62
1.292953174e-62
1.272274456e-62
1.251632287e-62
1.230992156e-62
1.211684616e-62
1.188827874e-62
1.168841524e-62
1.148608871e-62
1.12891214e-62
1.109587173e-62
1.089998149e-62
1.069294536e-62
1.049486608e-62
1.03131041e-62
1.012342644e-62
9.933442534e-63
9.74218227e-63
9.56252286e-63
9.361046084e-63
9.172269052e-63
8.99758279e-63
1.188902969e+21
1.180857401e+21
1.17907245e+21
1.17666696e+21
1.173484527e+21
1.169705426e+21
1.165104897e+21
1.160110239e+21
1.154249512e+21
1.147386668e+21
1.140379822e+21
1.132489101e+21
1.124362842e+21
1.115199322e+21
1.106047613e+21
1.09608219e+21
1.085932038e+21
1.075153562e+21
1.064430441e+21
1.051496993e+21
1.039079304e+21
1.026016532e+21
1.012261394e+21
9.982865293e+20
9.830787921e+20
9.648427082e+20
9.448112613e+20
9.227613543e+20
9.002603446e+20
8.726343358e+20
8.428283758e+20
8.108775161e+20
7.771485342e+20
7.423394661e+20
7.064621725e+20
6.70060365e+20
6.343783222e+20
6.000940056e+20
5.678230765e+20
5.380682884e+20
5.111767028e+20
4.873232898e+20
4.665219047e+20
4.486755186e+20
4.33606976e+20
4.211518084e+20
4.111305257e+20
4.03467948e+20
3.981836087e+20
3.951996012e+20
3.946175325e+20
3.96571355e+20
4.016357874e+20
4.100597574e+20
4.247865517e+20
4.450510754e+20
4.726562518e+20
5.087880448e+20
5.53958358e+20
6.079188969e+20
6.67585252e+20
7.29199516e+20
7.861083873e+20
8.332793682e+20
8.658631441e+20
8.81617014e+20
8.819419614e+20
8.030806708e+20
3.986217105e+20
1.092306552e+19
1.443819097e-62
1.421228635e-62
1.39984315e-62
1.378528523e-62
1.357293393e-62
1.336160801e-62
1.315094065e-62
1.294201939e-62
1.273475172e-62
1.25330915e-62
1.232014913e-62
1.211941185e-62
1.190525372e-62
1.169864136e-62
1.149064151e-62
1.131020357e-62
1.109691257e-62
1.091001108e-62
1.071097923e-62
1.050614881e-62
1.032782602e-62
1.013411259e-62
9.939475398e-63
9.752704772e-63
9.577976618e-63
9.355999358e-63
9.189472701e-63
9.006203028e-63
1.180453005e+21
1.171959067e+21
1.169845925e+21
1.166749411e+21
1.163282249e+21
1.159213899e+21
1.154740329e+21
1.149638406e+21
1.143308323e+21
1.13697022e+21
1.129296145e+21
1.12177214e+21
1.113194072e+21
1.10452163e+21
1.094906944e+21
1.085348442e+21
1.074843117e+21
1.063920037e+21
1.0532272e+21
1.041152847e+21
1.02888055e+21
1.015914062e+21
1.00228389e+21
9.878571471e+20
9.728371389e+20
9.546012306e+20
9.345654382e+20
9.126693827e+20
8.902366813e+20
8.624027197e+20
8.329832975e+20
8.014075934e+20
7.68105195e+20
7.336279154e+20
6.977444829e+20
6.617126537e+20
6.264294508e+20
5.925344768e+20
5.606431792e+20
5.312507413e+20
5.046979742e+20
4.811569804e+20
4.606423917e+20
4.430583022e+20
4.282272193e+20
4.159804154e+20
4.061451753e+20
3.986267967e+20
3.933952304e+20
3.904409031e+20
3.898161917e+20
3.917534671e+20
3.963042006e+20
4.057487354e+20
4.194773203e+20
4.396814948e+20
4.671528138e+20
5.028644475e+20
5.475123152e+20
6.009819838e+20
6.605988235e+20
7.21362309e+20
7.784443996e+20
8.258628423e+20
8.591103526e+20
8.753043261e+20
8.761768663e+20
7.976898335e+20
3.952173008e+20
1.070847394e+19
1.445464268e-62
1.42241804e-62
1.401019747e-62
1.379732962e-62
1.358506638e-62
1.337336334e-62
1.316272078e-62
1.29533501e-62
1.274608933e-62
1.254206217e-62
1.234002594e-62
1.21124145e-62
1.191478675e-62
1.171828683e-62
1.150466156e-62
1.132254723e-62
1.11089945e-62
1.092595911e-62
1.071968763e-62
1.051285695e-62
1.033562861e-62
1.014306457e-62
9.951034819e-63
9.763909805e-63
9.568767243e-63
9.387031765e-63
9.190037109e-63
9.012033752e-63
1.170964597e+21
1.161421539e+21
1.159082215e+21
1.156524427e+21
1.152917055e+21
1.148667706e+21
1.143561241e+21
1.137775643e+21
1.131995147e+21
1.124997068e+21
1.117700045e+21
1.109443797e+21
1.1010509e+21
1.092440107e+21
1.082981273e+21
1.073056905e+21
1.062901408e+21
1.052076896e+21
1.040162746e+21
1.029248003e+21
1.017015148e+21
1.004146986e+21
9.907056886e+20
9.753946701e+20
9.613791168e+20
9.433170208e+20
9.233495041e+20
9.017937423e+20
8.794520933e+20
8.522359207e+20
8.227572536e+20
7.911000779e+20
7.583922017e+20
7.241006456e+20
6.883958172e+20
6.52806512e+20
6.179313681e+20
5.844471753e+20
5.529610231e+20
5.239575395e+20
4.977701247e+20
4.745685339e+20
4.543698827e+20
4.370786122e+20
4.225087743e+20
4.104865777e+20
4.008411405e+20
3.934771122e+20
3.88301331e+20
3.854336487e+20
3.848352719e+20
3.867014135e+20
3.918547085e+20
4.000726717e+20
4.136053546e+20
4.337776434e+20
4.609858409e+20
4.964760164e+20
5.410711427e+20
5.939971295e+20
6.530172584e+20
7.133876818e+20
7.687948244e+20
8.181869784e+20
8.51818684e+20
8.68637819e+20
8.692599894e+20
7.899186948e+20
3.880892939e+20
1.02084853e+19
1.447845594e-62
1.423575445e-62
1.40219188e-62
1.380863745e-62
1.359626146e-62
1.338438133e-62
1.317318311e-62
1.29638788e-62
1.275584375e-62
1.255085802e-62
1.235018668e-62
1.212410352e-62
1.192656297e-62
1.171704437e-62
1.152565566e-62
1.132914132e-62
1.113681968e-62
1.094491861e-62
1.071344426e-62
1.054252764e-62
1.034370549e-62
1.015178267e-62
9.941682173e-63
9.768666436e-63
9.583735989e-63
9.390784783e-63
9.202881182e-63
9.01426119e-63
1.160399565e+21
1.150278245e+21
1.147543175e+21
1.14402978e+21
1.140058301e+21
1.135542041e+21
1.130313681e+21
1.124816897e+21
1.118440031e+21
1.111212894e+21
1.103934449e+21
1.095886964e+21
1.087610614e+21
1.078647007e+21
1.069326837e+21
1.05908653e+21
1.049060908e+21
1.038436738e+21
1.027164561e+21
1.015955196e+21
1.00384552e+21
9.917726159e+20
9.779180236e+20
9.635620853e+20
9.492013616e+20
9.311477611e+20
9.111629319e+20
8.901640674e+20
8.676501159e+20
8.40166104e+20
8.111525853e+20
7.801593715e+20
7.47853681e+20
7.135670151e+20
6.783568842e+20
6.432259387e+20
6.088128599e+20
5.757952025e+20
5.44767911e+20
5.162042834e+20
4.904311292e+20
4.676171929e+20
4.477766425e+20
4.308051328e+20
4.16522299e+20
4.047496474e+20
3.953163195e+20
3.881248965e+20
3.830466775e+20
3.803169541e+20
3.798463196e+20
3.817253926e+20
3.870129676e+20
3.958568268e+20
4.093215627e+20
4.278238604e+20
4.542919483e+20
4.892583153e+20
5.340485107e+20
5.85505602e+20
6.453584616e+20
7.059125517e+20
7.622992984e+20
8.108011784e+20
8.439119492e+20
8.616906467e+20
8.626806285e+20
7.828987872e+20
3.828255145e+20
9.475051559e+18
1.452321803e-62
1.424702545e-62
1.40328425e-62
1.381950493e-62
1.360696517e-62
1.339525469e-62
1.318488506e-62
1.297558108e-62
1.276948354e-62
1.256797139e-62
1.234287408e-62
1.215515144e-62
1.191781572e-62
1.173355874e-62
1.15379947e-62
1.13379903e-62
1.113945571e-62
1.094430345e-62
1.07380951e-62
1.054786728e-62
1.035151219e-62
1.015782073e-62
9.966697944e-63
9.778342664e-63
9.587645418e-63
9.399015844e-63
9.215130627e-63
9.02602633e-63
1.14833871e+21
1.13669458e+21
1.133561136e+21
1.129671741e+21
1.125456619e+21
1.120713134e+21
1.116241755e+21
1.109619957e+21
1.102900606e+21
1.096176111e+21
1.088305982e+21
1.080391369e+21
1.072120796e+21
1.062768557e+21
1.053935439e+21
1.044448234e+21
1.033730645e+21
1.023281494e+21
1.012272948e+21
1.001855638e+21
9.900148885e+20
9.777891664e+20
9.644577685e+20
9.501195928e+20
9.357476368e+20
9.17825613e+20
8.979989269e+20
8.776777643e+20
8.549595741e+20
8.284191542e+20
7.995321296e+20
7.684482512e+20
7.364244179e+20
7.024291685e+20
6.67723059e+20
6.330591335e+20
5.991264454e+20
5.665971449e+20
5.360539919e+20
5.079569975e+20
4.826220633e+20
4.602101266e+20
4.407436936e+20
4.241170649e+20
4.101434558e+20
3.986366875e+20
3.894278898e+20
3.824122385e+20
3.774507759e+20
3.748376188e+20
3.744136186e+20
3.761904568e+20
3.807985705e+20
3.903094628e+20
4.038057526e+20
4.230927468e+20
4.496081148e+20
4.84354873e+20
5.266834204e+20
5.797496959e+20
6.383144485e+20
6.984389662e+20
7.544850917e+20
8.016762071e+20
8.367208264e+20
8.537493229e+20
8.541577109e+20
7.733940253e+20
3.743250357e+20
8.47318183e+18
1.462520621e-62
1.42582144e-62
1.404378777e-62
1.383020892e-62
1.361737911e-62
1.340561623e-62
1.31949988e-62
1.298563413e-62
1.277728826e-62
1.256840137e-62
1.235751406e-62
1.215695489e-62
1.194370814e-62
1.174736551e-62
1.155015779e-62
1.134826207e-62
1.115686919e-62
1.093715766e-62
1.075233551e-62
1.055508393e-62
1.035966407e-62
1.016606295e-62
9.985959807e-63
9.794645767e-63
9.595291331e-63
9.402334012e-63
9.223932838e-63
9.028098329e-63
1.134789921e+21
1.122413224e+21
1.11878496e+21
1.11453996e+21
1.1099509e+21
1.104775309e+21
1.099107335e+21
1.092981404e+21
1.086187417e+21
1.078633479e+21
1.071278049e+21
1.063176044e+21
1.054449033e+21
1.04576221e+21
1.036269346e+21
1.027613282e+21
1.01756077e+21
1.00726294e+21
9.969920658e+20
9.859745937e+20
9.742770512e+20
9.621860592e+20
9.492985779e+20
9.352756958e+20
9.208322266e+20
9.032871665e+20
8.836351835e+20
8.639600707e+20
8.402716179e+20
8.143291416e+20
7.860953206e+20
7.557039783e+20
7.240160306e+20
6.903225715e+20
6.561643023e+20
6.220624159e+20
5.887081485e+20
5.567615859e+20
5.267929387e+20
4.992517428e+20
4.7444898e+20
4.52549935e+20
4.335365781e+20
4.173021359e+20
4.036702018e+20
3.924359548e+20
3.834586548e+20
3.766277167e+20
3.718014301e+20
3.693089379e+20
3.689396803e+20
3.707059192e+20
3.757853583e+20
3.835568242e+20
3.966892344e+20
4.165716615e+20
4.42825775e+20
4.76964662e+20
5.202984822e+20
5.715441373e+20
6.288607757e+20
6.889412881e+20
7.467424869e+20
7.945873004e+20
8.28356503e+20
8.450796509e+20
8.450711261e+20
7.627844692e+20
3.631534523e+20
7.246812025e+18
1.487717717e-62
1.426928612e-62
1.40546309e-62
1.384082731e-62
1.362791052e-62
1.341583626e-62
1.320503246e-62
1.299559202e-62
1.278745327e-62
1.258001933e-62
1.236901629e-62
1.216790719e-62
1.196092762e-62
1.175387941e-62
1.155556035e-62
1.135334075e-62
1.115436004e-62
1.095500963e-62
1.076329906e-62
1.05649653e-62
1.037870168e-62
1.016359258e-62
9.99099009e-63
9.800581183e-63
9.603199402e-63
9.414054379e-63
9.228965759e-63
9.045282232e-63
1.118921899e+21
1.104133726e+21
1.099918375e+21
1.095123418e+21
1.090059968e+21
1.084624559e+21
1.078602662e+21
1.07253352e+21
1.065805936e+21
1.059637874e+21
1.051143266e+21
1.04328347e+21
1.035515674e+21
1.026453435e+21
1.017757468e+21
1.009010732e+21
9.992290632e+20
9.893586193e+20
9.794923616e+20
9.680863717e+20
9.568066045e+20
9.449755742e+20
9.326107639e+20
9.194149382e+20
9.043181312e+20
8.873231642e+20
8.682628722e+20
8.490357908e+20
8.248770403e+20
7.995725253e+20
7.719679882e+20
7.423383876e+20
7.109136181e+20
6.777453001e+20
6.441042306e+20
6.105281718e+20
5.777237625e+20
5.463440585e+20
5.169447278e+20
4.89957815e+20
4.656714708e+20
4.442046241e+20
4.256350555e+20
4.098116284e+20
3.965266246e+20
3.85598328e+20
3.769030452e+20
3.703088033e+20
3.65675469e+20
3.634085715e+20
3.631949335e+20
3.651448499e+20
3.702160233e+20
3.790159469e+20
3.922531999e+20
4.104626808e+20
4.366069071e+20
4.70596149e+20
5.137982177e+20
5.663474109e+20
6.238445597e+20
6.839664695e+20
7.399228647e+20
7.872796893e+20
8.21928397e+20
8.373558092e+20
8.353643221e+20
7.49932786e+20
3.497552182e+20
5.869602163e+18
1.55109708e-62
1.428023105e-62
1.406536169e-62
1.385135132e-62
1.363822198e-62
1.342611032e-62
1.321514676e-62
1.30053141e-62
1.279647972e-62
1.258858054e-62
1.238168808e-62
1.217923182e-62
1.197582041e-62
1.176757985e-62
1.155836695e-62
1.136682097e-62
1.11628558e-62
1.09576105e-62
1.076348048e-62
1.057123017e-62
1.038189655e-62
1.018543772e-62
9.995878972e-63
9.806455738e-63
9.612944961e-63
9.424886817e-63
9.23766239e-63
9.046266498e-63
1.100731065e+21
1.084850901e+21
1.08002992e+21
1.074770413e+21
1.069385261e+21
1.063657695e+21
1.057554252e+21
1.051357057e+21
1.04391024e+21
1.036430684e+21
1.029072656e+21
1.021399412e+21
1.013470771e+21
1.005537762e+21
9.966327519e+20
9.881390923e+20
9.788255419e+20
9.69410982e+20
9.60253248e+20
9.494580502e+20
9.389422767e+20
9.276077952e+20
9.141339138e+20
9.023330646e+20
8.868523743e+20
8.696758366e+20
8.521604661e+20
8.334276951e+20
8.105156735e+20
7.856092453e+20
7.567121125e+20
7.281457941e+20
6.966404729e+20
6.639200131e+20
6.308882096e+20
5.979724835e+20
5.658560976e+20
5.351726572e+20
5.064619451e+20
4.801465369e+20
4.565203096e+20
4.358194192e+20
4.177938651e+20
4.024343407e+20
3.895636318e+20
3.789820169e+20
3.705650535e+20
3.641932611e+20
3.597338336e+20
3.576180785e+20
3.574950742e+20
3.595502419e+20
3.644363003e+20
3.733668623e+20
3.86587941e+20
4.054226602e+20
4.315157612e+20
4.654653727e+20
5.08253048e+20
5.582483729e+20
6.153971295e+20
6.761798547e+20
7.331006032e+20
7.805623015e+20
8.125687523e+20
8.278949012e+20
8.253392913e+20
7.376456345e+20
3.344019655e+20
4.445109088e+18
1.709645387e-62
1.429106524e-62
1.407600916e-62
1.386180893e-62
1.36484285e-62
1.343638712e-62
1.322542023e-62
1.301551905e-62
1.280678412e-62
1.259847563e-62
1.239051919e-62
1.218724551e-62
1.198261344e-62
1.178131166e-62
1.157493837e-62
1.136681279e-62
1.116789954e-62
1.097039371e-62
1.076941413e-62
1.058056846e-62
1.039111408e-62
1.020283437e-62
9.995046559e-63
9.810443434e-63
9.62179759e-63
9.433585235e-63
9.244582964e-63
9.056931194e-63
1.078766208e+21
1.059365739e+21
1.053695919e+21
1.047927952e+21
1.042291561e+21
1.036342376e+21
1.030294916e+21
1.024079507e+21
1.01622144e+21
1.009322894e+21
1.002820535e+21
9.959402505e+20
9.882683525e+20
9.815682959e+20
9.729187178e+20
9.646142971e+20
9.560784637e+20
9.474730193e+20
9.393774657e+20
9.288679369e+20
9.193060035e+20
9.086702796e+20
8.959547354e+20
8.830929242e+20
8.669577914e+20
8.502678363e+20
8.338549194e+20
8.164623034e+20
7.943300546e+20
7.696803413e+20
7.416131978e+20
7.125917189e+20
6.795534907e+20
6.47349405e+20
6.148406987e+20
5.825461172e+20
5.511193728e+20
5.211730006e+20
4.932280022e+20
4.677019889e+20
4.449309948e+20
4.257669869e+20
4.084109829e+20
3.93544492e+20
3.811234839e+20
3.709534979e+20
3.629262859e+20
3.568773805e+20
3.527336791e+20
3.509327663e+20
3.510338526e+20
3.533165065e+20
3.580119229e+20
3.669186485e+20
3.789385995e+20
3.9807818e+20
4.244122603e+20
4.587321712e+20
5.019591254e+20
5.534856208e+20
6.10913696e+20
6.678466671e+20
7.244814846e+20
7.736193159e+20
8.033955951e+20
8.166166863e+20
8.100887382e+20
7.149350669e+20
3.15759576e+20
3.028445168e+18
2.077946507e-62
1.430167327e-62
1.40864214e-62
1.387193815e-62
1.365842597e-62
1.344576226e-62
1.323456078e-62
1.302491182e-62
1.281612337e-62
1.260776906e-62
1.239978831e-62
1.219358131e-62
1.199021605e-62
1.178930828e-62
1.15882461e-62
1.139567398e-62
1.115081801e-62
1.097876322e-62
1.078356282e-62
1.05924448e-62
1.040054963e-62
1.020688709e-62
1.001301294e-62
9.840772424e-63
9.60141953e-63
9.441413068e-63
9.259675353e-63
9.057877328e-63
1.042237963e+21
1.020042308e+21
1.014334804e+21
1.009075698e+21
1.004059924e+21
9.993326719e+20
9.945621845e+20
9.897043557e+20
9.853599608e+20
9.795805157e+20
9.7433458e+20
9.685744254e+20
9.622421142e+20
9.547624879e+20
9.482153072e+20
9.402973011e+20
9.325903043e+20
9.246081768e+20
9.158720166e+20
9.071743367e+20
8.972364057e+20
8.876973569e+20
8.761911739e+20
8.637290692e+20
8.490758038e+20
8.329905151e+20
8.172573259e+20
7.988462003e+20
7.777337122e+20
7.534363432e+20
7.265245123e+20
6.977510636e+20
6.663641894e+20
6.35187866e+20
6.035843973e+20
5.721349687e+20
5.414898591e+20
5.122551259e+20
4.849405574e+20
4.599372602e+20
4.374806506e+20
4.169336698e+20
4.006322316e+20
3.86152307e+20
3.740385244e+20
3.640878388e+20
3.562197565e+20
3.502811405e+20
3.462029516e+20
3.44357601e+20
3.444051254e+20
3.46588874e+20
3.511965808e+20
3.597684319e+20
3.727333769e+20
3.905302464e+20
4.147460787e+20
4.478333547e+20
4.896253793e+20
5.421265422e+20
5.987969579e+20
6.575730082e+20
7.143480843e+20
7.617655235e+20
7.922430751e+20
8.075895334e+20
8.025466376e+20
7.177223974e+20
3.290979558e+20
3.296071539e+18
3.61794871e-62
1.432769644e-62
1.411389842e-62
1.38999596e-62
1.368621762e-62
1.347353188e-62
1.326200796e-62
1.305151669e-62
1.284195927e-62
1.263364639e-62
1.242551354e-62
1.222230454e-62
1.202002194e-62
1.181332657e-62
1.160526992e-62
1.140662824e-62
1.12057648e-62
1.100272403e-62
1.081025404e-62
1.061723037e-62
1.042520332e-62
1.023680424e-62
1.00523668e-62
9.830328764e-63
9.646002403e-63
9.47064864e-63
9.283538207e-63
9.06485344e-63
1.002205702e+21
9.824214294e+20
9.793007829e+20
9.760680337e+20
9.729313821e+20
9.696654645e+20
9.66061364e+20
9.624829075e+20
9.587399061e+20
9.538401454e+20
9.493355864e+20
9.44251843e+20
9.384966722e+20
9.318242296e+20
9.260625638e+20
9.1868205e+20
9.118778179e+20
9.045068473e+20
8.959151819e+20
8.8817395e+20
8.783756587e+20
8.692534084e+20
8.583088141e+20
8.46181681e+20
8.327870123e+20
8.172072202e+20
8.010617144e+20
7.815387321e+20
7.620769893e+20
7.380940409e+20
7.124764537e+20
6.839469181e+20
6.538310813e+20
6.23361159e+20
5.923796941e+20
5.615511359e+20
5.315154105e+20
5.028612181e+20
4.760853028e+20
4.51568266e+20
4.294491321e+20
4.096833529e+20
3.922389414e+20
3.789217675e+20
3.670373431e+20
3.572847917e+20
3.495519541e+20
3.437060126e+20
3.396742636e+20
3.37791169e+20
3.37765523e+20
3.39827222e+20
3.442680693e+20
3.523442577e+20
3.64504866e+20
3.815635879e+20
4.059589912e+20
4.388188983e+20
4.804495962e+20
5.300810949e+20
5.859552233e+20
6.454760662e+20
7.014771093e+20
7.479176767e+20
7.796287862e+20
7.9564803e+20
7.964405183e+20
7.238286388e+20
3.425612466e+20
4.841754489e+18
9.934027119e-62
1.436019271e-62
1.414388972e-62
1.393010054e-62
1.371609048e-62
1.350282321e-62
1.329071335e-62
1.307964555e-62
1.287009026e-62
1.266226844e-62
1.24572292e-62
1.22567313e-62
1.205773585e-62
1.182608851e-62
1.164232165e-62
1.143684779e-62
1.124233345e-62
1.101904676e-62
1.084094469e-62
1.063586092e-62
1.045185178e-62
1.026221022e-62
1.007382815e-62
9.859049282e-63
9.684479182e-63
9.485492066e-63
9.296268632e-63
9.099481425e-63
9.640975833e+20
9.496087207e+20
9.482806994e+20
9.466003402e+20
9.446696303e+20
9.423338104e+20
9.397155427e+20
9.356925794e+20
9.327262179e+20
9.300632968e+20
9.249535308e+20
9.209132355e+20
9.160850486e+20
9.103964644e+20
9.049164047e+20
8.98560554e+20
8.919375553e+20
8.848192726e+20
8.760640278e+20
8.690632087e+20
8.604392803e+20
8.512390402e+20
8.408452421e+20
8.295270368e+20
8.167317107e+20
8.018130777e+20
7.858190497e+20
7.669477608e+20
7.456574849e+20
7.222705981e+20
6.984824468e+20
6.707323379e+20
6.415083108e+20
6.11576625e+20
5.811243084e+20
5.508443791e+20
5.213686254e+20
4.932437624e+20
4.669466088e+20
4.428566243e+20
4.211523642e+20
4.019518322e+20
3.851628356e+20
3.713369602e+20
3.598400075e+20
3.502960523e+20
3.427201587e+20
3.36989033e+20
3.330209168e+20
3.311223266e+20
3.310207702e+20
3.329641787e+20
3.372284247e+20
3.44557941e+20
3.556748992e+20
3.734584873e+20
3.964738437e+20
4.277737813e+20
4.694465777e+20
5.173174141e+20
5.725048959e+20
6.312234393e+20
6.868574743e+20
7.3385105e+20
7.681845481e+20
7.876052987e+20
7.907488338e+20
7.241771489e+20
3.541705388e+20
7.939680767e+18
2.894958906e-61
1.439078031e-62
1.41774142e-62
1.396213899e-62
1.374852508e-62
1.353521699e-62
1.33225265e-62
1.311079389e-62
1.290051168e-62
1.269360301e-62
1.24891375e-62
1.22849686e-62
1.207458095e-62
1.187058494e-62
1.167333776e-62
1.14717707e-62
1.12729491e-62
1.104260565e-62
1.085999916e-62
1.067527185e-62
1.049349365e-62
1.028500735e-62
1.009440886e-62
9.899641362e-63
9.703591675e-63
9.503500986e-63
9.321978998e-63
9.13211298e-63
9.28131162e+20
9.169144993e+20
9.16775493e+20
9.161226281e+20
9.153433398e+20
9.143123113e+20
9.126034161e+20
9.104746187e+20
9.088810646e+20
9.05767385e+20
9.023034196e+20
8.973321493e+20
8.933420319e+20
8.888521162e+20
8.834053946e+20
8.781557997e+20
8.718220637e+20
8.650055645e+20
8.577638341e+20
8.504190047e+20
8.423511957e+20
8.339534403e+20
8.236409711e+20
8.128738967e+20
8.004027271e+20
7.864247764e+20
7.704908596e+20
7.520625516e+20
7.315971144e+20
7.088593862e+20
6.845496342e+20
6.576283234e+20
6.292072535e+20
5.997367232e+20
5.697675957e+20
5.400153605e+20
5.111171147e+20
4.834945546e+20
4.576258453e+20
4.33914099e+20
4.126861303e+20
3.939292704e+20
3.776393064e+20
3.631209947e+20
3.524542821e+20
3.431254011e+20
3.357008167e+20
3.300772383e+20
3.261717711e+20
3.242548621e+20
3.241181238e+20
3.259756789e+20
3.301709595e+20
3.371795115e+20
3.489126722e+20
3.644302399e+20
3.876099575e+20
4.189212154e+20
4.577220107e+20
5.047416511e+20
5.591115578e+20
6.171119185e+20
6.72643435e+20
7.198139326e+20
7.558502552e+20
7.778079372e+20
7.846786728e+20
7.261119687e+20
3.673743993e+20
1.244034823e+19
8.043305792e-61
1.442975684e-62
1.421193489e-62
1.399687763e-62
1.378261289e-62
1.356924548e-62
1.335657701e-62
1.314457001e-62
1.293659788e-62
1.272821551e-62
1.25201387e-62
1.231102164e-62
1.210386269e-62
1.190639489e-62
1.170444364e-62
1.150366101e-62
1.1295895e-62
1.110253907e-62
1.088488722e-62
1.070239012e-62
1.05135663e-62
1.031826235e-62
1.013855179e-62
9.936592162e-63
9.743581366e-63
9.507131544e-63
9.347980482e-63
9.172082077e-63
8.943964149e+20
8.857231696e+20
8.86519358e+20
8.870792625e+20
8.872454387e+20
8.869995664e+20
8.862586109e+20
8.85350941e+20
8.845699147e+20
8.819758415e+20
8.793563483e+20
8.755533665e+20
8.711420946e+20
8.67943111e+20
8.623947106e+20
8.58313144e+20
8.519608291e+20
8.456064323e+20
8.39427253e+20
8.326445903e+20
8.244294382e+20
8.163436695e+20
8.064922333e+20
7.963196679e+20
7.844449561e+20
7.709854538e+20
7.553444444e+20
7.375266091e+20
7.174561193e+20
6.952057225e+20
6.700589614e+20
6.445578342e+20
6.169942742e+20
5.879380874e+20
5.583245136e+20
5.290755887e+20
5.008442846e+20
4.737005745e+20
4.484116361e+20
4.251611467e+20
4.042989065e+20
3.859751378e+20
3.700885837e+20
3.563000188e+20
3.451145104e+20
3.360451253e+20
3.287364032e+20
3.231876543e+20
3.193058135e+20
3.173499483e+20
3.171342218e+20
3.188388647e+20
3.22789445e+20
3.29303812e+20
3.396305929e+20
3.562008306e+20
3.774963255e+20
4.081093382e+20
4.454165236e+20
4.91444685e+20
5.448910948e+20
6.022239878e+20
6.577679948e+20
7.060333023e+20
7.450710738e+20
7.655046662e+20
7.767503776e+20
7.231271249e+20
3.76402538e+20
1.794047905e+19
2.599787931e-60
1.446478572e-62
1.424704999e-62
1.403292418e-62
1.381864549e-62
1.360542466e-62
1.339407294e-62
1.318470227e-62
1.297437843e-62
1.276690663e-62
1.256883742e-62
1.233947055e-62
1.212443456e-62
1.194140675e-62
1.173784103e-62
1.153377843e-62
1.132814445e-62
1.112225797e-62
1.092797913e-62
1.073636122e-62
1.054344308e-62
1.03480483e-62
1.015555778e-62
9.965547586e-63
9.776278056e-63
9.57468304e-63
9.370077898e-63
9.211099165e-63
8.628165173e+20
8.576773402e+20
8.59403981e+20
8.612721903e+20
8.62404113e+20
8.631280301e+20
8.630773537e+20
8.62499346e+20
8.607527426e+20
8.581979226e+20
8.565881197e+20
8.537427956e+20
8.5077073e+20
8.47485138e+20
8.424962204e+20
8.382223967e+20
8.323266163e+20
8.271775558e+20
8.214746309e+20
8.150474545e+20
8.073887664e+20
7.992008465e+20
7.903308351e+20
7.801065544e+20
7.686119786e+20
7.555937863e+20
7.403911324e+20
7.22909186e+20
7.034883626e+20
6.816359027e+20
6.575163022e+20
6.311043048e+20
6.046517675e+20
5.7592185e+20
5.462544937e+20
5.177010444e+20
4.90473e+20
4.636809569e+20
4.391849685e+20
4.164954175e+20
3.960295599e+20
3.780554496e+20
3.624978022e+20
3.490088375e+20
3.372059727e+20
3.288866229e+20
3.217571386e+20
3.163102042e+20
3.124447492e+20
3.104591728e+20
3.101708465e+20
3.117521282e+20
3.155307813e+20
3.220455899e+20
3.328362299e+20
3.469964802e+20
3.682620218e+20
3.972895729e+20
4.336068846e+20
4.783984607e+20
5.306663378e+20
5.871655197e+20
6.426758957e+20
6.91939485e+20
7.32216743e+20
7.55394794e+20
7.687930917e+20
7.206310489e+20
3.940808436e+20
2.472117116e+19
1.601122493e-55
1.450975245e-62
1.428351467e-62
1.406971288e-62
1.385782676e-62
1.364506584e-62
1.343286411e-62
1.322165646e-62
1.301134539e-62
1.280163991e-62
1.259227798e-62
1.238307452e-62
1.217764462e-62
1.197272973e-62
1.177269876e-62
1.157352387e-62
1.135488168e-62
1.116075881e-62
1.096157505e-62
1.077104462e-62
1.057347745e-62
1.037567755e-62
1.018752507e-62
9.991827666e-63
9.80260294e-63
9.610057053e-63
9.421782813e-63
9.24232615e-63
8.328411421e+20
8.300019823e+20
8.324647684e+20
8.349559866e+20
8.365306489e+20
8.380975531e+20
8.385536204e+20
8.386172784e+20
8.369034271e+20
8.365494396e+20
8.34061047e+20
8.32006754e+20
8.297909052e+20
8.268493412e+20
8.226818121e+20
8.184257238e+20
8.141042412e+20
8.090046542e+20
8.031535008e+20
7.971778752e+20
7.902860826e+20
7.823640866e+20
7.739920415e+20
7.638175042e+20
7.528442665e+20
7.402620619e+20
7.254843982e+20
7.086225417e+20
6.894815544e+20
6.683747783e+20
6.449945152e+20
6.192491871e+20
5.922793588e+20
5.638345123e+20
5.360096151e+20
5.077375925e+20
4.805549278e+20
4.539391282e+20
4.300107829e+20
4.080307818e+20
3.880144683e+20
3.70335949e+20
3.550659451e+20
3.418873199e+20
3.305483981e+20
3.219454674e+20
3.148658913e+20
3.094322306e+20
3.055907568e+20
3.035641934e+20
3.031946238e+20
3.046307951e+20
3.081750308e+20
3.144926835e+20
3.243801807e+20
3.385605799e+20
3.58166328e+20
3.84217649e+20
4.20996575e+20
4.647123392e+20
5.158514794e+20
5.715323221e+20
6.26974372e+20
6.769831827e+20
7.182654498e+20
7.431689578e+20
7.582508027e+20
7.143969108e+20
4.035641045e+20
3.254878949e+19
1.581049345e-20
1.456892285e-62
1.432895144e-62
1.411323346e-62
1.389784818e-62
1.368493721e-62
1.347271184e-62
1.326218496e-62
1.305356317e-62
1.284585783e-62
1.263432309e-62
1.241732158e-62
1.220600639e-62
1.20131549e-62
1.180937457e-62
1.16118511e-62
1.140273123e-62
1.119523103e-62
1.099389572e-62
1.080520565e-62
1.060795126e-62
1.041627178e-62
1.02248388e-62
1.002452402e-62
9.837123309e-63
9.645692963e-63
9.460625724e-63
9.275420124e-63
8.044576115e+20
8.046650663e+20
8.081595733e+20
8.093359092e+20
8.120880032e+20
8.136328795e+20
8.147366887e+20
8.152806217e+20
8.155583856e+20
8.149109195e+20
8.136021428e+20
8.118605984e+20
8.094752369e+20
8.059934741e+20
8.026470309e+20
7.991820553e+20
7.95396795e+20
7.906177317e+20
7.847245697e+20
7.791850471e+20
7.727988523e+20
7.65167044e+20
7.574380072e+20
7.478720538e+20
7.373049357e+20
7.251219734e+20
7.108743496e+20
6.943898919e+20
6.758327799e+20
6.550869806e+20
6.323580629e+20
6.071780313e+20
5.809473639e+20
5.532693892e+20
5.256006191e+20
4.979265166e+20
4.702749132e+20
4.452068498e+20
4.208407588e+20
3.994673379e+20
3.800205497e+20
3.626750314e+20
3.476158313e+20
3.347347812e+20
3.236564034e+20
3.148299599e+20
3.079305962e+20
3.025723333e+20
2.987675123e+20
2.967033743e+20
2.962551473e+20
2.975497388e+20
3.008699792e+20
3.068487954e+20
3.15888438e+20
3.29194647e+20
3.48867302e+20
3.750795656e+20
4.092491643e+20
4.516024162e+20
5.014380722e+20
5.561860865e+20
6.114404503e+20
6.620854115e+20
7.043867946e+20
7.317874045e+20
7.476748441e+20
7.081250661e+20
4.205905509e+20
4.208918879e+19
1.691486874e-05
1.464027231e-62
1.43658378e-62
1.415368285e-62
1.39385397e-62
1.372565442e-62
1.3514124e-62
1.330331885e-62
1.309506224e-62
1.288942476e-62
1.268345935e-62
1.245106616e-62
1.225830556e-62
1.205856833e-62
1.183464626e-62
1.163731955e-62
1.144625816e-62
1.123688192e-62
1.1035769e-62
1.084291134e-62
1.064927194e-62
1.04568946e-62
1.026148678e-62
1.005632605e-62
9.871217815e-63
9.684435261e-63
9.495769624e-63
9.31063809e-63
7.771963343e+20
7.788643238e+20
7.829311486e+20
7.859461684e+20
7.876175585e+20
7.895512459e+20
7.910674553e+20
7.921569537e+20
7.934558844e+20
7.93008238e+20
7.924378184e+20
7.91246183e+20
7.885607445e+20
7.857708112e+20
7.839745809e+20
7.798905747e+20
7.77149016e+20
7.721153991e+20
7.673844683e+20
7.614476924e+20
7.555931177e+20
7.485895853e+20
7.410647949e+20
7.318907733e+20
7.217847216e+20
7.101047325e+20
6.962686228e+20
6.802884473e+20
6.621520802e+20
6.419469834e+20
6.196603369e+20
5.951010769e+20
5.693442152e+20
5.424535291e+20
5.15289783e+20
4.880827933e+20
4.613569997e+20
4.364655056e+20
4.128239112e+20
3.911818584e+20
3.719265903e+20
3.550951584e+20
3.402480212e+20
3.275759534e+20
3.1676606e+20
3.072614826e+20
3.009836304e+20
2.957614709e+20
2.920098681e+20
2.899031549e+20
2.893687584e+20
2.905118422e+20
2.936293231e+20
2.992079754e+20
3.078113309e+20
3.210850929e+20
3.391093206e+20
3.649988889e+20
3.973071108e+20
4.382590125e+20
4.867699265e+20
5.405371406e+20
5.955054609e+20
6.467306376e+20
6.899283745e+20
7.189213748e+20
7.34923299e+20
6.997966155e+20
4.314870809e+20
5.251038291e+19
1672.77734
1.477135244e-62
1.441725684e-62
1.420023835e-62
1.398603867e-62
1.377141209e-62
1.355809132e-62
1.334672609e-62
1.313763123e-62
1.293019083e-62
1.272510551e-62
1.252415851e-62
1.228609224e-62
1.208029563e-62
1.189225661e-62
1.167710454e-62
1.148781972e-62
1.12827665e-62
1.106982627e-62
1.088287211e-62
1.068722553e-62
1.049391818e-62
1.029839295e-62
1.01005824e-62
9.910831842e-63
9.723153603e-63
9.531485034e-63
9.341928144e-63
7.509649121e+20
7.538535855e+20
7.586178413e+20
7.62097119e+20
7.655114249e+20
7.682837656e+20
7.695807592e+20
7.71748392e+20
7.721047558e+20
7.716319017e+20
7.718282482e+20
7.707808471e+20
7.689960978e+20
7.669962433e+20
7.651947515e+20
7.620750395e+20
7.587438633e+20
7.540834249e+20
7.501519517e+20
7.448293333e+20
7.39303566e+20
7.321449447e+20
7.251516968e+20
7.161548726e+20
7.065061093e+20
6.952225327e+20
6.818270591e+20
6.662865568e+20
6.487014144e+20
6.289216996e+20
6.071811733e+20
5.829981815e+20
5.578445384e+20
5.316348058e+20
5.048904846e+20
4.784058222e+20
4.52429037e+20
4.277003386e+20
4.044718375e+20
3.826625676e+20
3.636267844e+20
3.474103882e+20
3.328620787e+20
3.204634446e+20
3.098845816e+20
3.007513758e+20
2.942238865e+20
2.890463838e+20
2.853135977e+20
2.831559707e+20
2.825385938e+20
2.835441655e+20
2.8644806e+20
2.916947783e+20
2.998784628e+20
3.11927373e+20
3.298852204e+20
3.543911937e+20
3.854897952e+20
4.249583747e+20
4.720270252e+20
5.246821661e+20
5.792372048e+20
6.310382695e+20
6.752104591e+20
7.043320176e+20
7.217185063e+20
6.902729649e+20
4.503269921e+20
6.685690942e+19
0
1.527943044e-62
1.446156588e-62
1.424561496e-62
1.403193551e-62
1.381824179e-62
1.360484422e-62
1.339294291e-62
1.318223593e-62
1.297353021e-62
1.27667688e-62
1.25572581e-62
1.23520215e-62
1.212906304e-62
1.192999288e-62
1.173007848e-62
1.152872529e-62
1.132626034e-62
1.110761504e-62
1.092100469e-62
1.072756573e-62
1.05349756e-62
1.034002838e-62
1.014507377e-62
9.9523951e-63
9.761658744e-63
9.569845548e-63
9.379511904e-63
7.258107017e+20
7.312303071e+20
7.346173053e+20
7.388270066e+20
7.428201712e+20
7.458390743e+20
7.477662771e+20
7.500445935e+20
7.503831783e+20
7.515770401e+20
7.510077116e+20
7.5047838e+20
7.492592257e+20
7.481447964e+20
7.467439789e+20
7.439330803e+20
7.405525705e+20
7.370615251e+20
7.329026357e+20
7.282849151e+20
7.228487278e+20
7.162632093e+20
7.091469895e+20
7.010483528e+20
6.915125527e+20
6.805558999e+20
6.675269526e+20
6.52419592e+20
6.352827657e+20
6.160195807e+20
5.947239099e+20
5.711422145e+20
5.465025518e+20
5.208818708e+20
4.946898464e+20
4.687644908e+20
4.435225267e+20
4.191867434e+20
3.964529484e+20
3.753519382e+20
3.563549328e+20
3.398060014e+20
3.256973397e+20
3.134559078e+20
3.031578152e+20
2.942292594e+20
2.876185e+20
2.824366606e+20
2.787037763e+20
2.764824689e+20
2.757698677e+20
2.76623759e+20
2.792994123e+20
2.841728712e+20
2.921641396e+20
3.039944002e+20
3.201297395e+20
3.418871285e+20
3.733013314e+20
4.114233136e+20
4.570914095e+20
5.086433024e+20
5.627672871e+20
6.150722174e+20
6.601526035e+20
6.916304222e+20
7.065163523e+20
6.780632801e+20
4.596165081e+20
7.744632015e+19
1.411281881e+11
1.714248016e-62
1.45108175e-62
1.429573249e-62
1.40818514e-62
1.386753578e-62
1.365383019e-62
1.344213904e-62
1.323109972e-62
1.302157655e-62
1.281374574e-62
1.260662446e-62
1.238353247e-62
1.218262122e-62
1.197802676e-62
1.17774354e-62
1.157288096e-62
1.136511228e-62
1.116545322e-62
1.096355099e-62
1.077224245e-62
1.057752961e-62
1.037890242e-62
1.019139045e-62
9.996934437e-63
9.802189401e-63
9.613304258e-63
9.411480238e-63
7.014735431e+20
7.080341866e+20
7.13253016e+20
7.174475578e+20
7.20594412e+20
7.244743373e+20
7.276890376e+20
7.29449075e+20
7.311657826e+20
7.31605594e+20
7.324819693e+20
7.320901133e+20
7.311687912e+20
7.294165438e+20
7.279895893e+20
7.260896989e+20
7.222341966e+20
7.19827441e+20
7.154615509e+20
7.114248151e+20
7.06199788e+20
7.003531391e+20
6.935089146e+20
6.858827347e+20
6.766469152e+20
6.659851704e+20
6.533847384e+20
6.387591836e+20
6.220993269e+20
6.033096319e+20
5.824672722e+20
5.592974517e+20
5.35216605e+20
5.101566956e+20
4.845840433e+20
4.59294293e+20
4.345449255e+20
4.107387924e+20
3.884600168e+20
3.67813187e+20
3.490380296e+20
3.321992334e+20
3.186787383e+20
3.065589236e+20
2.964563549e+20
2.877577613e+20
2.810738779e+20
2.759297152e+20
2.721918842e+20
2.699127892e+20
2.691070382e+20
2.698114372e+20
2.72265654e+20
2.768284897e+20
2.843357477e+20
2.948971997e+20
3.108019112e+20
3.323573138e+20
3.615235758e+20
3.980901439e+20
4.422811687e+20
4.926624803e+20
5.462648726e+20
5.988934082e+20
6.44598927e+20
6.766738323e+20
6.904806846e+20
6.653856626e+20
4.742555309e+20
1.012683645e+20
0
2.308308003e-62
1.456409005e-62
1.434893743e-62
1.413342583e-62
1.391940053e-62
1.370652684e-62
1.349366927e-62
1.328220525e-62
1.30719872e-62
1.28650154e-62
1.266553419e-62
1.241945499e-62
1.223655573e-62
1.202939704e-62
1.181685099e-62
1.160955903e-62
1.141009115e-62
1.121350402e-62
1.101841576e-62
1.080426808e-62
1.062213257e-62
1.042984261e-62
1.023710972e-62
1.004536495e-62
9.846494905e-63
9.668112886e-63
9.435683471e-63
6.777830572e+20
6.853408922e+20
6.910394775e+20
6.956234803e+20
6.998361011e+20
7.024767637e+20
7.064383486e+20
7.079632397e+20
7.106933108e+20
7.115222009e+20
7.126827333e+20
7.128235863e+20
7.122118789e+20
7.116305682e+20
7.095877399e+20
7.082312038e+20
7.056098437e+20
7.0323367e+20
6.99221792e+20
6.948666845e+20
6.904574716e+20
6.843298715e+20
6.777696655e+20
6.705524067e+20
6.619304943e+20
6.516018641e+20
6.394312845e+20
6.252809817e+20
6.090919255e+20
5.907715257e+20
5.703011117e+20
5.476600961e+20
5.24130283e+20
4.996569958e+20
4.746576489e+20
4.498403746e+20
4.256891425e+20
4.024217013e+20
3.805675111e+20
3.604444414e+20
3.420372486e+20
3.256566819e+20
3.117079707e+20
2.998547052e+20
2.898748217e+20
2.813950689e+20
2.745361349e+20
2.694562265e+20
2.657293184e+20
2.633978949e+20
2.624970527e+20
2.630484211e+20
2.652750453e+20
2.695558097e+20
2.765903094e+20
2.873929657e+20
3.01516352e+20
3.216109452e+20
3.49792151e+20
3.850500913e+20
4.277462347e+20
4.769105204e+20
5.298067301e+20
5.822836944e+20
6.281547774e+20
6.604864251e+20
6.736925682e+20
6.521817985e+20
4.892316525e+20
1.209182526e+20
1.268785546e+15
4.182766125e-62
1.461729882e-62
1.440158375e-62
1.418704023e-62
1.39730388e-62
1.375906971e-62
1.354787488e-62
1.33368042e-62
1.312679811e-62
1.29169375e-62
1.270550321e-62
1.248570842e-62
1.228288691e-62
1.207611961e-62
1.187323943e-62
1.167122755e-62
1.144328369e-62
1.126173722e-62
1.106221719e-62
1.086245694e-62
1.067053189e-62
1.047693344e-62
1.027994518e-62
1.008362545e-62
9.892509116e-63
9.69425601e-63
9.498066265e-63
6.54699276e+20
6.62594627e+20
6.690423333e+20
6.737906354e+20
6.78771517e+20
6.83041788e+20
6.86342305e+20
6.887489832e+20
6.913166609e+20
6.930236933e+20
6.940521875e+20
6.942268975e+20
6.942207594e+20
6.938195394e+20
6.920223998e+20
6.904435167e+20
6.887377123e+20
6.862580705e+20
6.828497992e+20
6.790660196e+20
6.744634838e+20
6.687045533e+20
6.629854405e+20
6.557563672e+20
6.474751726e+20
6.375306018e+20
6.257549015e+20
6.120540973e+20
5.963238534e+20
5.784976699e+20
5.583660162e+20
5.369520149e+20
5.141865985e+20
4.901974545e+20
4.656251432e+20
4.407725439e+20
4.170871447e+20
3.942285209e+20
3.728459991e+20
3.529788985e+20
3.34919944e+20
3.188144534e+20
3.045651199e+20
2.931837933e+20
2.833343413e+20
2.751199118e+20
2.680952937e+20
2.631165058e+20
2.593988711e+20
2.570117642e+20
2.560065017e+20
2.56400143e+20
2.583958292e+20
2.623874993e+20
2.688423592e+20
2.784285606e+20
2.924728507e+20
3.121767201e+20
3.384421072e+20
3.717638754e+20
4.130716886e+20
4.610688474e+20
5.132045726e+20
5.652614442e+20
6.109478262e+20
6.429743884e+20
6.567004626e+20
6.393679936e+20
5.033170798e+20
1.435914527e+20
1.822647015e+16
7.944441238e-62
1.467196027e-62
1.445710585e-62
1.424299905e-62
1.402897798e-62
1.381656229e-62
1.360318103e-62
1.339162513e-62
1.318084507e-62
1.297048183e-62
1.276009736e-62
1.254363292e-62
1.233910113e-62
1.213684954e-62
1.191359175e-62
1.169664643e-62
1.151129902e-62
1.131404648e-62
1.111328682e-62
1.091574888e-62
1.072321825e-62
1.053004982e-62
1.033275631e-62
1.011701622e-62
9.932775347e-63
9.741180899e-63
9.546360481e-63
6.323425443e+20
6.414045285e+20
6.475678826e+20
6.54179247e+20
6.580791656e+20
6.629286939e+20
6.656055468e+20
6.691257571e+20
6.71122634e+20
6.736689398e+20
6.746722554e+20
6.75070939e+20
6.758237475e+20
6.758361088e+20
6.741607964e+20
6.726571534e+20
6.717451024e+20
6.691625745e+20
6.664868397e+20
6.631779204e+20
6.58575517e+20
6.538154076e+20
6.483221847e+20
6.415320495e+20
6.333464351e+20
6.236173003e+20
6.123374164e+20
5.990730704e+20
5.837954966e+20
5.663901324e+20
5.467703011e+20
5.262033097e+20
5.037915011e+20
4.804462437e+20
4.564664686e+20
4.323055148e+20
4.08259695e+20
3.860456217e+20
3.649916748e+20
3.457041404e+20
3.281356689e+20
3.122592756e+20
2.981018644e+20
2.867908158e+20
2.769826812e+20
2.688647956e+20
2.614145893e+20
2.569009669e+20
2.531901022e+20
2.507355972e+20
2.496151265e+20
2.498422601e+20
2.516020526e+20
2.552478985e+20
2.612141513e+20
2.709361458e+20
2.83126966e+20
3.019425087e+20
3.255666129e+20
3.58734184e+20
3.987459311e+20
4.455346784e+20
4.967869621e+20
5.482596633e+20
5.936921122e+20
6.247643858e+20
6.399799431e+20
6.255274787e+20
5.089144597e+20
1.67808416e+20
2.074738066e+17
1.647739048e-61
1.473203505e-62
1.451575029e-62
1.430021291e-62
1.408571694e-62
1.387186572e-62
1.365982279e-62
1.344871947e-62
1.323937792e-62
1.303021784e-62
1.281599007e-62
1.258701161e-62
1.238899258e-62
1.217704916e-62
1.197366788e-62
1.176478862e-62
1.156848102e-62
1.137299654e-62
1.116701767e-62
1.0971888e-62
1.079090589e-62
1.05514713e-62
1.037491917e-62
1.017419994e-62
9.977173339e-63
9.787215278e-63
9.593867302e-63
6.107488812e+20
6.216716644e+20
6.283653379e+20
6.342107967e+20
6.393394918e+20
6.43327931e+20
6.473423655e+20
6.498707485e+20
6.526621151e+20
6.552508732e+20
6.561056625e+20
6.578696503e+20
6.580978209e+20
6.585977535e+20
6.578230255e+20
6.567246522e+20
6.551215544e+20
6.528116347e+20
6.501213214e+20
6.475318723e+20
6.435766507e+20
6.390256384e+20
6.334425937e+20
6.27283591e+20
6.191554313e+20
6.097745874e+20
5.990509339e+20
5.862372891e+20
5.714046326e+20
5.544227911e+20
5.349860049e+20
5.155011826e+20
4.938896601e+20
4.709910937e+20
4.474887897e+20
4.238642655e+20
4.006603171e+20
3.780326274e+20
3.57485127e+20
3.385026356e+20
3.212364752e+20
3.057017703e+20
2.919265353e+20
2.802938387e+20
2.707096842e+20
2.627833336e+20
2.558098456e+20
2.508557497e+20
2.47069962e+20
2.445485045e+20
2.433210124e+20
2.433953049e+20
2.449385501e+20
2.48256048e+20
2.537680893e+20
2.62261286e+20
2.745815182e+20
2.917117272e+20
3.128634753e+20
3.436976524e+20
3.840661956e+20
4.297361848e+20
4.80045808e+20
5.308727995e+20
5.760995787e+20
6.07093292e+20
6.234942062e+20
6.130742505e+20
5.198985654e+20
1.935426177e+20
1.151030246e+18
6.246305167e-61
1.479387353e-62
1.457586844e-62
1.436053493e-62
1.414482055e-62
1.392966593e-62
1.371826278e-62
1.350733656e-62
1.329600151e-62
1.308543949e-62
1.287219503e-62
1.264974088e-62
1.244839989e-62
1.223531229e-62
1.2034241e-62
1.182578556e-62
1.161930941e-62
1.142548129e-62
1.123235792e-62
1.101100679e-62
1.082435529e-62
1.062490793e-62
1.042912507e-62
1.021515559e-62
1.003607807e-62
9.837201437e-63
9.652821293e-63
5.895474221e+20
6.01234575e+20
6.08341267e+20
6.141715532e+20
6.196611732e+20
6.23176618e+20
6.282480969e+20
6.316438937e+20
6.339595089e+20
6.363342601e+20
6.389412956e+20
6.404052141e+20
6.409264479e+20
6.408953922e+20
6.411686387e+20
6.40355116e+20
6.383179734e+20
6.36566063e+20
6.348733628e+20
6.319909845e+20
6.283923834e+20
6.245409238e+20
6.187592334e+20
6.131685148e+20
6.051584985e+20
5.962055221e+20
5.859724052e+20
5.736109596e+20
5.592440764e+20
5.427371221e+20
5.249106343e+20
5.053713917e+20
4.83966105e+20
4.616930576e+20
4.386204842e+20
4.155526868e+20
3.927314159e+20
3.708496935e+20
3.500034357e+20
3.314111269e+20
3.145487252e+20
2.993589075e+20
2.857825278e+20
2.73811984e+20
2.646424041e+20
2.567972152e+20
2.499926997e+20
2.448758707e+20
2.410963299e+20
2.385063234e+20
2.37166895e+20
2.370827978e+20
2.383980277e+20
2.413868414e+20
2.464748822e+20
2.547736257e+20
2.656557655e+20
2.807421074e+20
3.037440201e+20
3.331782942e+20
3.703713208e+20
4.144880115e+20
4.635489925e+20
5.134484163e+20
5.581670568e+20
5.892664816e+20
6.058344876e+20
6.002362645e+20
5.229671418e+20
2.140044136e+20
4.616452441e+18
2.443676546e-60
1.486336495e-62
1.463968588e-62
1.442343836e-62
1.420821783e-62
1.399449306e-62
1.37797291e-62
1.356640027e-62
1.335433482e-62
1.314288845e-62
1.293167153e-62
1.272070626e-62
1.25194608e-62
1.228750689e-62
1.209707793e-62
1.188920629e-62
1.167423761e-62
1.147683114e-62
1.127961728e-62
1.107661135e-62
1.088555091e-62
1.067058699e-62
1.049480243e-62
1.025871898e-62
1.008364017e-62
9.888771559e-63
9.69901348e-63
5.687918081e+20
5.810982285e+20
5.881670651e+20
5.937795952e+20
5.999874625e+20
6.052880044e+20
6.092793478e+20
6.13468504e+20
6.167282567e+20
6.192895425e+20
6.213232655e+20
6.23164313e+20
6.233597034e+20
6.236352397e+20
6.247368353e+20
6.243501232e+20
6.230973402e+20
6.216867027e+20
6.199657886e+20
6.165305976e+20
6.133153449e+20
6.099234967e+20
6.048832803e+20
5.990984279e+20
5.914574798e+20
5.827486721e+20
5.731148688e+20
5.612051601e+20
5.472405385e+20
5.309848684e+20
5.14001761e+20
4.948843386e+20
4.742899575e+20
4.524012321e+20
4.29975952e+20
4.072866236e+20
3.850062981e+20
3.635943524e+20
3.432115639e+20
3.245057846e+20
3.079883437e+20
2.93075145e+20
2.797937779e+20
2.680106765e+20
2.587239877e+20
2.508729414e+20
2.442535435e+20
2.387854452e+20
2.35146084e+20
2.325487707e+20
2.311280075e+20
2.309073828e+20
2.320174304e+20
2.347153007e+20
2.394480629e+20
2.467956954e+20
2.582028483e+20
2.72588217e+20
2.944291095e+20
3.223088157e+20
3.568901195e+20
3.993468142e+20
4.470613913e+20
4.96011607e+20
5.403542393e+20
5.716452334e+20
5.887239295e+20
5.871035281e+20
5.21428009e+20
2.340919844e+20
1.03103616e+19
1.286170187e-37
1.494142723e-62
1.470328764e-62
1.448324776e-62
1.427352275e-62
1.405888142e-62
1.384383208e-62
1.362974097e-62
1.341682246e-62
1.320468077e-62
1.299352179e-62
1.278437902e-62
1.257847961e-62
1.236408962e-62
1.21530943e-62
1.194245372e-62
1.173354501e-62
1.153289383e-62
1.134062812e-62
1.112315874e-62
1.093205695e-62
1.073141698e-62
1.053745291e-62
1.033186935e-62
1.013802241e-62
9.939394423e-63
9.759138402e-63
5.484761977e+20
5.607942204e+20
5.68340256e+20
5.751934394e+20
5.806917264e+20
5.865665211e+20
5.903499424e+20
5.948776933e+20
5.987541421e+20
6.016142052e+20
6.038955728e+20
6.054705202e+20
6.071194922e+20
6.076726863e+20
6.080734293e+20
6.081532789e+20
6.074014923e+20
6.061455499e+20
6.045618029e+20
6.020128911e+20
5.990723089e+20
5.953273879e+20
5.911505531e+20
5.853746423e+20
5.780095543e+20
5.700070032e+20
5.60549989e+20
5.490253526e+20
5.354582645e+20
5.194279694e+20
5.034035421e+20
4.848879938e+20
4.646116468e+20
4.432511018e+20
4.212581121e+20
3.991506952e+20
3.773416107e+20
3.562793861e+20
3.363812527e+20
3.176827512e+20
3.014683781e+20
2.868498964e+20
2.737785243e+20
2.623055513e+20
2.527058952e+20
2.450584034e+20
2.385874315e+20
2.33032333e+20
2.29385501e+20
2.267460654e+20
2.252259597e+20
2.248652931e+20
2.2577713e+20
2.281983646e+20
2.325510534e+20
2.394214316e+20
2.496636854e+20
2.635823717e+20
2.842067994e+20
3.10375183e+20
3.435409841e+20
3.842865452e+20
4.304538076e+20
4.781915522e+20
5.218995802e+20
5.536378284e+20
5.717977351e+20
5.731004074e+20
5.1751947e+20
2.54967848e+20
1.868923527e+19
2.922703955e-09
1.505183929e-62
1.477448857e-62
1.455850548e-62
1.433634954e-62
1.41246361e-62
1.390817419e-62
1.369439212e-62
1.348174183e-62
1.326865775e-62
1.305609957e-62
1.284536455e-62
1.263727558e-62
1.24294683e-62
1.222026425e-62
1.200660976e-62
1.179816641e-62
1.159718467e-62
1.138925343e-62
1.118823382e-62
1.098942806e-62
1.079071722e-62
1.059145884e-62
1.039091782e-62
1.019790473e-62
9.986837133e-63
9.803703917e-63
5.288077746e+20
5.42285684e+20
5.497158356e+20
5.569903427e+20
5.627455106e+20
5.686074333e+20
5.729102195e+20
5.76871628e+20
5.811855849e+20
5.840443156e+20
5.860932103e+20
5.881530223e+20
5.904719275e+20
5.913451584e+20
5.914174823e+20
5.917126554e+20
5.91901374e+20
5.910433114e+20
5.892066687e+20
5.873327115e+20
5.847873064e+20
5.813597402e+20
5.771712464e+20
5.714331863e+20
5.645211101e+20
5.572782426e+20
5.480853418e+20
5.370442188e+20
5.239892912e+20
5.094658971e+20
4.932108893e+20
4.750393732e+20
4.552690709e+20
4.343898645e+20
4.12895648e+20
3.912081658e+20
3.698934619e+20
3.493683699e+20
3.298499652e+20
3.116396948e+20
2.951478477e+20
2.808516602e+20
2.68003971e+20
2.566684224e+20
2.467675767e+20
2.393469533e+20
2.330479591e+20
2.271631286e+20
2.237816048e+20
2.210882068e+20
2.194689895e+20
2.189720686e+20
2.19689805e+20
2.218453839e+20
2.258214125e+20
2.321470221e+20
2.421488592e+20
2.548326795e+20
2.723496203e+20
2.98395587e+20
3.302630405e+20
3.693143405e+20
4.138495755e+20
4.602910358e+20
5.032972215e+20
5.354601931e+20
5.546629477e+20
5.571450776e+20
5.110518394e+20
2.762985176e+20
2.839420462e+19
0
1.514020568e-62
1.484271749e-62
1.462839764e-62
1.441277316e-62
1.419422259e-62
1.398050972e-62
1.376525467e-62
1.354994026e-62
1.33355908e-62
1.312243377e-62
1.291232552e-62
1.270657647e-62
1.249785806e-62
1.228119359e-62
1.20648422e-62
1.18688853e-62
1.164788605e-62
1.145420144e-62
1.124939795e-62
1.105147126e-62
1.085369918e-62
1.064869823e-62
1.044841902e-62
1.025162582e-62
1.005298239e-62
9.862977859e-63
5.095883056e+20
5.234699439e+20
5.322798325e+20
5.384899618e+20
5.446996312e+20
5.502851936e+20
5.554562319e+20
5.597993601e+20
5.636186369e+20
5.667296961e+20
5.696993223e+20
5.720199621e+20
5.743794322e+20
5.754203453e+20
5.759459784e+20
5.757309573e+20
5.762528702e+20
5.755104734e+20
5.737215105e+20
5.723637097e+20
5.703721484e+20
5.672180094e+20
5.629720883e+20
5.579321574e+20
5.516927435e+20
5.446725822e+20
5.35820859e+20
5.251511355e+20
5.125154011e+20
4.985752358e+20
4.82758504e+20
4.65161818e+20
4.458844044e+20
4.255181413e+20
4.045222342e+20
3.833822579e+20
3.625320042e+20
3.424454648e+20
3.232877868e+20
3.054343212e+20
2.889049913e+20
2.748942318e+20
2.623294028e+20
2.511657472e+20
2.413946921e+20
2.338740452e+20
2.275868385e+20
2.221094231e+20
2.183274737e+20
2.155346793e+20
2.138186843e+20
2.131871582e+20
2.137257878e+20
2.156302379e+20
2.192518912e+20
2.251090409e+20
2.340362752e+20
2.461086789e+20
2.629826209e+20
2.872658465e+20
3.175051977e+20
3.547355434e+20
3.975768837e+20
4.427903973e+20
4.853736904e+20
5.178188993e+20
5.374502644e+20
5.405716578e+20
5.022262205e+20
2.948443997e+20
3.791421196e+19
327420143
1.564421437e-62
1.491602666e-62
1.469819097e-62
1.448153706e-62
1.426716573e-62
1.4051536e-62
1.383573564e-62
1.36157484e-62
1.340550943e-62
1.31919889e-62
1.2982054e-62
1.277502828e-62
1.255461066e-62
1.23445405e-62
1.213708324e-62
1.193050175e-62
1.171932474e-62
1.152302825e-62
1.132086742e-62
1.111554952e-62
1.091270573e-62
1.070987786e-62
1.051635612e-62
1.028414388e-62
1.011330111e-62
9.92540437e-63
4.910258398e+20
5.064907033e+20
5.145995123e+20
5.220080947e+20
5.283508019e+20
5.328769349e+20
5.381497452e+20
5.430126463e+20
5.465158439e+20
5.504721198e+20
5.535803668e+20
5.561034194e+20
5.580390685e+20
5.593658664e+20
5.603940729e+20
5.605492609e+20
5.610526528e+20
5.605939455e+20
5.59561536e+20
5.579465272e+20
5.558340782e+20
5.529209555e+20
5.491590515e+20
5.443930703e+20
5.390503063e+20
5.319570355e+20
5.235751047e+20
5.132765255e+20
5.0108095e+20
4.876928533e+20
4.724059375e+20
4.551757849e+20
4.364894813e+20
4.167432872e+20
3.963340793e+20
3.757088086e+20
3.553228779e+20
3.356300996e+20
3.169430767e+20
2.994462533e+20
2.832850592e+20
2.690928516e+20
2.566998301e+20
2.457028951e+20
2.360800745e+20
2.284373481e+20
2.222184804e+20
2.168838692e+20
2.12977439e+20
2.101245463e+20
2.083182078e+20
2.075618145e+20
2.079319559e+20
2.095939795e+20
2.128725083e+20
2.182445025e+20
2.262143367e+20
2.379682037e+20
2.543997368e+20
2.763554911e+20
3.049558998e+20
3.403854064e+20
3.814962029e+20
4.253781398e+20
4.67296786e+20
5.000417301e+20
5.200865559e+20
5.238506134e+20
4.920877611e+20
3.123131627e+20
5.051305035e+19
0
1.719579354e-62
1.499109717e-62
1.477143781e-62
1.455824877e-62
1.434020545e-62
1.412509149e-62
1.39093589e-62
1.36980667e-62
1.347809726e-62
1.326504656e-62
1.305554988e-62
1.284696002e-62
1.261339148e-62
1.240924149e-62
1.220487735e-62
1.200030309e-62
1.178599851e-62
1.158726835e-62
1.13870539e-62
1.118100412e-62
1.097609636e-62
1.076949615e-62
1.05697123e-62
1.036955974e-62
1.018022007e-62
9.984705241e-63
4.72352161e+20
4.879142423e+20
4.965005545e+20
5.041051074e+20
5.10845962e+20
5.165658795e+20
5.220914994e+20
5.260384115e+20
5.308283132e+20
5.33883176e+20
5.369500864e+20
5.395490234e+20
5.416523909e+20
5.43371367e+20
5.447151818e+20
5.459246146e+20
5.454892085e+20
5.453654825e+20
5.45498763e+20
5.44115895e+20
5.416071548e+20
5.38999815e+20
5.360900366e+20
5.311063813e+20
5.262636344e+20
5.191098601e+20
5.112356785e+20
5.012994417e+20
4.89531266e+20
4.768723796e+20
4.620017154e+20
4.454405309e+20
4.274095069e+20
4.08263748e+20
3.883972633e+20
3.682563689e+20
3.483029871e+20
3.289597961e+20
3.10624366e+20
2.934513795e+20
2.776580838e+20
2.633768857e+20
2.511705955e+20
2.404697323e+20
2.309696175e+20
2.230350098e+20
2.169605451e+20
2.117789667e+20
2.075901564e+20
2.047680345e+20
2.029113422e+20
2.020529635e+20
2.022712724e+20
2.037063119e+20
2.066628977e+20
2.115979139e+20
2.195762254e+20
2.298462131e+20
2.454592286e+20
2.658240118e+20
2.928137878e+20
3.264179768e+20
3.656854664e+20
4.079981321e+20
4.488319679e+20
4.816439016e+20
5.024055538e+20
5.071945521e+20
4.812232692e+20
3.294398875e+20
6.669524037e+19
2.406419259e+14
2.122507583e-62
1.506921514e-62
1.485499671e-62
1.463316976e-62
1.441945738e-62
1.420196042e-62
1.398473246e-62
1.37652793e-62
1.355352326e-62
1.334219631e-62
1.31369411e-62
1.290016898e-62
1.268565185e-62
1.2482729e-62
1.227778745e-62
1.207015022e-62
1.185670287e-62
1.165512094e-62
1.145455004e-62
1.124931009e-62
1.10264469e-62
1.083452224e-62
1.063647012e-62
1.043800406e-62
1.024112856e-62
1.004594457e-62
4.539473405e+20
4.69493423e+20
4.772750147e+20
4.851943849e+20
4.917879716e+20
4.979882132e+20
5.03668376e+20
5.091279965e+20
5.135719263e+20
5.177877069e+20
5.214672926e+20
5.242249363e+20
5.268129638e+20
5.289056577e+20
5.301214395e+20
5.3142968e+20
5.315963032e+20
5.315945337e+20
5.314308732e+20
5.304860552e+20
5.280426631e+20
5.257723143e+20
5.230239017e+20
5.182571231e+20
5.134408563e+20
5.066176601e+20
4.987840456e+20
4.893411862e+20
4.780535454e+20
4.662994691e+20
4.52000455e+20
4.360351493e+20
4.185906698e+20
4.000028908e+20
3.806560746e+20
3.609955708e+20
3.414701763e+20
3.224938193e+20
3.044438411e+20
2.876380535e+20
2.720920528e+20
2.576830021e+20
2.457642038e+20
2.351709414e+20
2.258738272e+20
2.176929913e+20
2.117541968e+20
2.066727729e+20
2.019179182e+20
1.995363285e+20
1.976462773e+20
1.966858429e+20
1.967586904e+20
1.979760069e+20
2.006206447e+20
2.051039161e+20
2.11875602e+20
2.220587374e+20
2.35227033e+20
2.554209617e+20
2.807810855e+20
3.12631777e+20
3.500394962e+20
3.907140565e+20
4.304404947e+20
4.63182047e+20
4.84607441e+20
4.904594188e+20
4.696744923e+20
3.461237732e+20
8.544260128e+19
4.917158868e+15
3.240546101e-62
1.515391157e-62
1.49332552e-62
1.471254964e-62
1.449741044e-62
1.427945571e-62
1.406247369e-62
1.38478566e-62
1.362858835e-62
1.341573945e-62
1.320188275e-62
1.29772634e-62
1.276560497e-62
1.256472896e-62
1.235480312e-62
1.214366744e-62
1.194143899e-62
1.170160573e-62
1.152852104e-62
1.12978377e-62
1.110801443e-62
1.090341819e-62
1.070178497e-62
1.050262753e-62
1.030499229e-62
1.010925079e-62
4.36284333e+20
4.519063098e+20
4.608119403e+20
4.678702574e+20
4.745326368e+20
4.809862412e+20
4.86602931e+20
4.922197863e+20
4.961016546e+20
5.007106673e+20
5.039791596e+20
5.069984831e+20
5.098302623e+20
5.117027308e+20
5.135113532e+20
5.147512446e+20
5.153044143e+20
5.15809464e+20
5.15517596e+20
5.150286954e+20
5.134854134e+20
5.115746429e+20
5.089903159e+20
5.048845787e+20
5.005130986e+20
4.944144296e+20
4.866272141e+20
4.776140119e+20
4.677606712e+20
4.560823974e+20
4.423392889e+20
4.269312914e+20
4.100462721e+20
3.919961198e+20
3.731570483e+20
3.539659664e+20
3.348523347e+20
3.162347889e+20
2.984838643e+20
2.820118705e+20
2.667202202e+20
2.526894463e+20
2.405364388e+20
2.300992782e+20
2.209387426e+20
2.128930925e+20
2.067740074e+20
2.017586368e+20
1.972654858e+20
1.944941059e+20
1.925239963e+20
1.914564358e+20
1.913824526e+20
1.923876622e+20
1.947329108e+20
1.988049462e+20
2.056266483e+20
2.14339443e+20
2.273732989e+20
2.456053875e+20
2.693413036e+20
2.99294819e+20
3.348041706e+20
3.738214633e+20
4.124745197e+20
4.450102734e+20
4.666940566e+20
4.736204785e+20
4.578089219e+20
3.583662064e+20
1.062553008e+20
1.326493656e+17
7.012882738e-62
1.523766055e-62
1.501784895e-62
1.48023823e-62
1.457768979e-62
1.435893542e-62
1.414075049e-62
1.392404055e-62
1.370777511e-62
1.349142385e-62
1.327862442e-62
1.307222975e-62
1.282960524e-62
1.264538495e-62
1.244921461e-62
1.218460999e-62
1.20056514e-62
1.17886257e-62
1.159102358e-62
1.138628322e-62
1.117842087e-62
1.097896529e-62
1.077643068e-62
1.055789938e-62
1.038169675e-62
1.016016949e-62
4.192680844e+20
4.357892546e+20
4.446822357e+20
4.520382766e+20
4.591455571e+20
4.64571494e+20
4.703208592e+20
4.760337348e+20
4.79942758e+20
4.847464052e+20
4.886096465e+20
4.914145312e+20
4.942058964e+20
4.96557727e+20
4.981355481e+20
4.995097701e+20
5.004854457e+20
5.012136667e+20
5.008259836e+20
5.007129822e+20
4.997844586e+20
4.980799686e+20
4.956980997e+20
4.921607569e+20
4.881921334e+20
4.82308305e+20
4.749686481e+20
4.662236909e+20
4.572759799e+20
4.461579953e+20
4.32856088e+20
4.179982987e+20
4.016625461e+20
3.841439872e+20
3.658078711e+20
3.470705019e+20
3.283637612e+20
3.101106941e+20
2.926693242e+20
2.764142582e+20
2.614471473e+20
2.476413545e+20
2.353670585e+20
2.250776898e+20
2.161012439e+20
2.08103769e+20
2.01827658e+20
1.968611912e+20
1.925010268e+20
1.895989814e+20
1.875241894e+20
1.863413193e+20
1.861272808e+20
1.869362444e+20
1.89002293e+20
1.926780785e+20
1.983702891e+20
2.071312332e+20
2.192637512e+20
2.34190266e+20
2.578635138e+20
2.860026265e+20
3.197788405e+20
3.572184783e+20
3.948191555e+20
4.270414154e+20
4.490314343e+20
4.570807704e+20
4.456555405e+20
3.668680519e+20
1.250135146e+20
8.062453733e+17
0
1.532358734e-62
1.510077747e-62
1.488135007e-62
1.466046661e-62
1.444098923e-62
1.422151975e-62
1.400387631e-62
1.378618496e-62
1.356933007e-62
1.335643117e-62
1.314033955e-62
1.291426359e-62
1.271982467e-62
1.251009002e-62
1.227451265e-62
1.208238016e-62
1.186433579e-62
1.166065113e-62
1.146124773e-62
1.125304436e-62
1.104837549e-62
1.084458696e-62
1.063875434e-62
1.044047585e-62
1.02381478e-62
4.026549792e+20
4.198456579e+20
4.282906414e+20
4.357266259e+20
4.435417488e+20
4.497482746e+20
4.555586245e+20
4.607568179e+20
4.654173563e+20
4.695860946e+20
4.729795423e+20
4.760614926e+20
4.791676175e+20
4.814820539e+20
4.832504954e+20
4.84584972e+20
4.858778757e+20
4.867216106e+20
4.871736364e+20
4.864540151e+20
4.85977002e+20
4.84450589e+20
4.823505296e+20
4.791616666e+20
4.756450941e+20
4.706266673e+20
4.633049191e+20
4.555999275e+20
4.467415807e+20
4.361508425e+20
4.234574927e+20
4.091609748e+20
3.933800267e+20
3.763944628e+20
3.585582561e+20
3.402638663e+20
3.219582811e+20
3.040819457e+20
2.869606326e+20
2.709178219e+20
2.561891084e+20
2.426239384e+20
2.304508e+20
2.201745117e+20
2.112428959e+20
2.034734913e+20
1.969652357e+20
1.921229991e+20
1.878326288e+20
1.847904188e+20
1.826398114e+20
1.813504901e+20
1.809965208e+20
1.816209385e+20
1.834200553e+20
1.867119291e+20
1.921505896e+20
1.997551945e+20
2.111295433e+20
2.261598525e+20
2.471678321e+20
2.732785813e+20
3.052400205e+20
3.409523201e+20
3.773023514e+20
4.091413301e+20
4.315554447e+20
4.410047557e+20
4.337779398e+20
3.708934805e+20
1.406979463e+20
4.56894784e+18
2.108213461e-27
1.541586745e-62
1.518815806e-62
1.496073016e-62
1.474555601e-62
1.45251016e-62
1.430657067e-62
1.408765646e-62
1.386999486e-62
1.36529129e-62
1.343722853e-62
1.32303364e-62
1.300273179e-62
1.279473423e-62
1.257807515e-62
1.236021988e-62
1.215041605e-62
1.195035407e-62
1.172813542e-62
1.153832951e-62
1.133038998e-62
1.111925247e-62
1.091736744e-62
1.071308073e-62
1.050991322e-62
1.030475092e-62
3.864532971e+20
4.036815821e+20
4.121529632e+20
4.210335901e+20
4.280300699e+20
4.343133249e+20
4.40385382e+20
4.447268792e+20
4.503983834e+20
4.538321718e+20
4.577535325e+20
4.616566131e+20
4.640299645e+20
4.671816635e+20
4.694721993e+20
4.711480001e+20
4.725455934e+20
4.729578557e+20
4.739015434e+20
4.738276537e+20
4.734407861e+20
4.715937376e+20
4.699023677e+20
4.673621795e+20
4.636634919e+20
4.590255078e+20
4.51907736e+20
4.450303754e+20
4.366717873e+20
4.264150555e+20
4.142528025e+20
4.005000892e+20
3.852619101e+20
3.688015299e+20
3.514508451e+20
3.335756015e+20
3.156414728e+20
2.981372814e+20
2.813738361e+20
2.655821369e+20
2.510431311e+20
2.377858497e+20
2.256493658e+20
2.153891235e+20
2.065970929e+20
1.988707169e+20
1.921133481e+20
1.873739035e+20
1.831924226e+20
1.799371298e+20
1.778010609e+20
1.764485609e+20
1.759762722e+20
1.764414213e+20
1.779990705e+20
1.809509312e+20
1.857233691e+20
1.934075439e+20
2.024818824e+20
2.177103639e+20
2.366013691e+20
2.608206363e+20
2.90956585e+20
3.248758609e+20
3.599088512e+20
3.91266176e+20
4.140503002e+20
4.248591596e+20
4.211618824e+20
3.697807641e+20
1.57404466e+20
1.074851703e+19
0
1.551046548e-62
1.528035233e-62
1.50602375e-62
1.483320312e-62
1.46123542e-62
1.439162427e-62
1.417463533e-62
1.395590301e-62
1.373721052e-62
1.351926801e-62
1.33060119e-62
1.309806508e-62
1.286087909e-62
1.266859908e-62
1.243076779e-62
1.22373007e-62
1.202449721e-62
1.181225929e-62
1.161450065e-62
1.141936542e-62
1.118274308e-62
1.099069265e-62
1.078678602e-62
1.058233923e-62
1.038127305e-62
3.706568714e+20
3.878510618e+20
3.972299579e+20
4.056727773e+20
4.124933394e+20
4.194130955e+20
4.254783075e+20
4.306689815e+20
4.359249589e+20
4.402226013e+20
4.437154535e+20
4.479599495e+20
4.507312402e+20
4.531288937e+20
4.561186788e+20
4.57617491e+20
4.590433593e+20
4.602014126e+20
4.607933649e+20
4.612092516e+20
4.60749887e+20
4.597427356e+20
4.582379497e+20
4.55870953e+20
4.52272433e+20
4.479509738e+20
4.416904635e+20
4.348443076e+20
4.267102954e+20
4.169675609e+20
4.053076998e+20
3.920765721e+20
3.773606103e+20
3.614016638e+20
3.445151722e+20
3.269990372e+20
3.094501093e+20
2.923071547e+20
2.758753784e+20
2.603876559e+20
2.460184577e+20
2.330011787e+20
2.210206578e+20
2.106907368e+20
2.020071335e+20
1.944068809e+20
1.877031001e+20
1.827906917e+20
1.78716016e+20
1.752603928e+20
1.730934979e+20
1.716868925e+20
1.710973199e+20
1.714071724e+20
1.727350652e+20
1.753605441e+20
1.796745265e+20
1.863039737e+20
1.953408064e+20
2.089477308e+20
2.26407861e+20
2.491833943e+20
2.769636952e+20
3.092590167e+20
3.428681108e+20
3.73663298e+20
3.967601897e+20
4.088584145e+20
4.079424481e+20
3.671751195e+20
1.768607841e+20
1.960972219e+19
877358.7706
1.567230552e-62
1.536493527e-62
1.514916237e-62
1.492666465e-62
1.470502385e-62
1.448375243e-62
1.426052504e-62
1.403944698e-62
1.382131863e-62
1.36019901e-62
1.339459785e-62
1.315876181e-62
1.295917181e-62
1.275239214e-62
1.250594363e-62
1.231607121e-62
1.210669085e-62
1.189901658e-62
1.170101916e-62
1.148699091e-62
1.127271139e-62
1.106838022e-62
1.086109599e-62
1.065542158e-62
1.046499234e-62
3.552949965e+20
3.728637847e+20
3.824789728e+20
3.909687909e+20
3.973121043e+20
4.03935138e+20
4.104276107e+20
4.162362304e+20
4.212420463e+20
4.261641002e+20
4.301558029e+20
4.338505582e+20
4.371279806e+20
4.400384142e+20
4.427043218e+20
4.441187178e+20
4.457080178e+20
4.474272893e+20
4.476892853e+20
4.482222294e+20
4.483216271e+20
4.477823426e+20
4.461959802e+20
4.440545887e+20
4.408495084e+20
4.369577082e+20
4.312611872e+20
4.248310156e+20
4.171134298e+20
4.077166669e+20
3.965670352e+20
3.838502799e+20
3.696509426e+20
3.54188759e+20
3.377406629e+20
3.204965539e+20
3.035604328e+20
2.867854939e+20
2.705327307e+20
2.553582917e+20
2.411790983e+20
2.283053894e+20
2.166233157e+20
2.060966447e+20
1.974890191e+20
1.900371963e+20
1.83502375e+20
1.783803726e+20
1.743160244e+20
1.703854857e+20
1.685365622e+20
1.670526704e+20
1.663444233e+20
1.664993767e+20
1.676034661e+20
1.699105634e+20
1.737778499e+20
1.802219391e+20
1.879549336e+20
1.994506112e+20
2.160406632e+20
2.37588768e+20
2.632209715e+20
2.940927352e+20
3.261765648e+20
3.565054802e+20
3.79782265e+20
3.928935502e+20
3.935542303e+20
3.619596143e+20
1.960904825e+20
2.823352775e+19
0
1.572752765e-62
1.547360919e-62
1.52432348e-62
1.502059183e-62
1.479845332e-62
1.457483459e-62
1.435398914e-62
1.413195479e-62
1.391389854e-62
1.369158268e-62
1.347479247e-62
1.325450614e-62
1.304338846e-62
1.281832282e-62
1.260998666e-62
1.239644455e-62
1.219422436e-62
1.198934726e-62
1.17769818e-62
1.155731198e-62
1.135215208e-62
1.114710472e-62
1.093746259e-62
1.072950663e-62
1.052737671e-62
3.404175502e+20
3.589174443e+20
3.674751984e+20
3.759171593e+20
3.836860966e+20
3.901197243e+20
3.959358416e+20
4.021152168e+20
4.067806017e+20
4.122476989e+20
4.166581031e+20
4.198404048e+20
4.235771724e+20
4.266469402e+20
4.291078428e+20
4.315088134e+20
4.334146532e+20
4.346303569e+20
4.356783838e+20
4.359387954e+20
4.359338034e+20
4.356524417e+20
4.343648761e+20
4.325138591e+20
4.296315029e+20
4.258785954e+20
4.211327593e+20
4.150214056e+20
4.076643349e+20
3.987178087e+20
3.880429006e+20
3.758361286e+20
3.621501175e+20
3.471900595e+20
3.311322818e+20
3.14656382e+20
2.980730492e+20
2.815868856e+20
2.655449951e+20
2.50518572e+20
2.365222021e+20
2.237866857e+20
2.122639094e+20
2.01834146e+20
1.93185022e+20
1.857357236e+20
1.792364812e+20
1.739649098e+20
1.699664867e+20
1.663813568e+20
1.641340399e+20
1.625343659e+20
1.617098639e+20
1.617200704e+20
1.626216954e+20
1.646430992e+20
1.681174645e+20
1.735748904e+20
1.811674642e+20
1.914983347e+20
2.067020118e+20
2.266065751e+20
2.507272919e+20
2.792014422e+20
3.102312044e+20
3.397507787e+20
3.631316672e+20
3.769781508e+20
3.786519608e+20
3.543030062e+20
2.143287201e+20
3.84548972e+19
4.851566353e+13
6.315104297e-58
1.55637821e-62
1.533459099e-62
1.511770898e-62
1.489559244e-62
1.467662672e-62
1.445500985e-62
1.423456314e-62
1.400645877e-62
1.378351377e-62
1.356381546e-62
1.334098633e-62
1.31295919e-62
1.290839673e-62
1.270307579e-62
1.249673513e-62
1.228261155e-62
1.20735607e-62
1.185956535e-62
1.164391016e-62
1.142863385e-62
1.122363715e-62
1.100388871e-62
1.080887249e-62
1.060934842e-62
3.259579167e+20
3.448385156e+20
3.539339547e+20
3.615419027e+20
3.69745044e+20
3.759975947e+20
3.82639294e+20
3.879634396e+20
3.936904656e+20
3.985549902e+20
4.031461486e+20
4.070042557e+20
4.101454925e+20
4.135648211e+20
4.15937204e+20
4.186167035e+20
4.207848973e+20
4.220039635e+20
4.236940455e+20
4.243704415e+20
4.246533938e+20
4.241978038e+20
4.231122286e+20
4.218551965e+20
4.191707073e+20
4.154300125e+20
4.11285371e+20
4.054884832e+20
3.984247003e+20
3.899215253e+20
3.797464051e+20
3.680341095e+20
3.548451954e+20
3.403673723e+20
3.245609114e+20
3.088691416e+20
2.927159484e+20
2.765592987e+20
2.608425251e+20
2.457308211e+20
2.319769262e+20
2.19362069e+20
2.080520001e+20
1.977644549e+20
1.890063103e+20
1.816429118e+20
1.751771987e+20
1.696761378e+20
1.657562833e+20
1.622326273e+20
1.598224894e+20
1.581495462e+20
1.572157454e+20
1.570835499e+20
1.57791143e+20
1.595350274e+20
1.625998188e+20
1.671325123e+20
1.742573552e+20
1.828137985e+20
1.973699515e+20
2.157346929e+20
2.386541645e+20
2.647010205e+20
2.945000105e+20
3.234637306e+20
3.466049005e+20
3.610419443e+20
3.636797645e+20
3.447480684e+20
2.302019623e+20
5.068608674e+19
7.282870447e+14
1.320609959e-57
1.566877418e-62
1.544724509e-62
1.521714103e-62
1.49941483e-62
1.477222869e-62
1.45504917e-62
1.432773565e-62
1.410283635e-62
1.388056316e-62
1.36659055e-62
1.343070213e-62
1.322376951e-62
1.301051169e-62
1.279123743e-62
1.258271851e-62
1.236865775e-62
1.215575574e-62
1.194480997e-62
1.173054795e-62
1.151492074e-62
1.132023162e-62
1.109659251e-62
1.089004158e-62
1.068246313e-62
3.11925e+20
3.309023881e+20
3.403692926e+20
3.48485152e+20
3.56313755e+20
3.632795164e+20
3.695019918e+20
3.753801806e+20
3.807468066e+20
3.849919502e+20
3.899744304e+20
3.940928866e+20
3.9770714e+20
4.006332192e+20
4.037671836e+20
4.061492502e+20
4.084502709e+20
4.103242703e+20
4.115791647e+20
4.125714797e+20
4.133875833e+20
4.133140363e+20
4.125133298e+20
4.114106639e+20
4.089138261e+20
4.056413017e+20
4.016934031e+20
3.961840979e+20
3.896157696e+20
3.813608289e+20
3.716606263e+20
3.604350875e+20
3.477451855e+20
3.337484435e+20
3.186680412e+20
3.033849795e+20
2.874782242e+20
2.716358356e+20
2.562004454e+20
2.414720694e+20
2.276499273e+20
2.151682148e+20
2.039596114e+20
1.93850303e+20
1.84916487e+20
1.775823417e+20
1.712390226e+20
1.657506993e+20
1.616507303e+20
1.582161446e+20
1.554713712e+20
1.538033411e+20
1.528162485e+20
1.52580356e+20
1.531135017e+20
1.546063693e+20
1.573333953e+20
1.621471372e+20
1.682869146e+20
1.766078512e+20
1.89047757e+20
2.056726554e+20
2.26773119e+20
2.516842913e+20
2.792271911e+20
3.069412638e+20
3.300479553e+20
3.45015533e+20
3.48775391e+20
3.342568855e+20
2.433572729e+20
6.415906159e+19
7.544380292e+16
0
1.498511679e-62
1.554630922e-62
1.531956238e-62
1.509464147e-62
1.48709513e-62
1.464795552e-62
1.442397495e-62
1.419911267e-62
1.397855911e-62
1.375800097e-62
1.354585625e-62
1.330864142e-62
1.310397996e-62
1.288626052e-62
1.266884366e-62
1.245086838e-62
1.224389913e-62
1.204410404e-62
1.180166469e-62
1.159734457e-62
1.1403771e-62
1.117157635e-62
1.097410235e-62
1.077616934e-62
2.98269471e+20
3.170806203e+20
3.266268046e+20
3.352837933e+20
3.425998763e+20
3.497959314e+20
3.5629509e+20
3.625569661e+20
3.67686195e+20
3.728164648e+20
3.768902902e+20
3.81566808e+20
3.854974841e+20
3.887899579e+20
3.919414787e+20
3.945576542e+20
3.964145065e+20
3.987574339e+20
3.998669942e+20
4.010405334e+20
4.018746032e+20
4.023348735e+20
4.019055905e+20
4.006055089e+20
3.985671489e+20
3.957266532e+20
3.921753746e+20
3.869859839e+20
3.806406408e+20
3.729590589e+20
3.637260412e+20
3.529893228e+20
3.40798904e+20
3.272663235e+20
3.128183814e+20
2.978166457e+20
2.823217305e+20
2.668025134e+20
2.516992083e+20
2.372393346e+20
2.235406964e+20
2.11137034e+20
1.999710693e+20
1.900604778e+20
1.811234546e+20
1.736566292e+20
1.67441081e+20
1.618148906e+20
1.576932332e+20
1.542722529e+20
1.514036207e+20
1.496743098e+20
1.486058765e+20
1.482250159e+20
1.48586616e+20
1.498311847e+20
1.522041985e+20
1.559378792e+20
1.617996089e+20
1.696905419e+20
1.803412619e+20
1.956275756e+20
2.150993866e+20
2.384996992e+20
2.645607246e+20
2.910023548e+20
3.138144096e+20
3.291397469e+20
3.341431969e+20
3.236293585e+20
2.58297676e+20
8.213698888e+19
5.050713847e+17
1.418308839e-06
1.971399663e-56
1.565133925e-62
1.542251298e-62
1.519858069e-62
1.497344028e-62
1.474745078e-62
1.452618794e-62
1.430513547e-62
1.408145755e-62
1.385914601e-62
1.362859473e-62
1.341296005e-62
1.321072965e-62
1.296428104e-62
1.27626214e-62
1.25437051e-62
1.233288582e-62
1.212237247e-62
1.189544566e-62
1.169979994e-62
1.148481766e-62
1.126081175e-62
1.106838447e-62
1.086525004e-62
2.849403808e+20
3.031822307e+20
3.129846893e+20
3.217708146e+20
3.290748275e+20
3.368097197e+20
3.428385299e+20
3.494183205e+20
3.5452377e+20
3.604230271e+20
3.649276502e+20
3.688024796e+20
3.730268484e+20
3.76790543e+20
3.797081517e+20
3.827746719e+20
3.851501742e+20
3.872906569e+20
3.889171316e+20
3.902499581e+20
3.908297358e+20
3.91437522e+20
3.912469727e+20
3.900733846e+20
3.882842122e+20
3.858027989e+20
3.827716423e+20
3.779092903e+20
3.720512972e+20
3.647003063e+20
3.559334551e+20
3.456836783e+20
3.339924673e+20
3.209223244e+20
3.070854464e+20
2.924487062e+20
2.772849841e+20
2.621160394e+20
2.472611239e+20
2.330503013e+20
2.196663749e+20
2.072379249e+20
1.961310678e+20
1.862664111e+20
1.774087661e+20
1.699152981e+20
1.636545499e+20
1.582361039e+20
1.537843801e+20
1.50464148e+20
1.472424912e+20
1.456717304e+20
1.445115114e+20
1.440175297e+20
1.442007485e+20
1.452175051e+20
1.472586206e+20
1.509476458e+20
1.554205736e+20
1.629051493e+20
1.72484046e+20
1.862757317e+20
2.042438524e+20
2.2590521e+20
2.503181842e+20
2.756168196e+20
2.979927944e+20
3.135663857e+20
3.196746319e+20
3.128080812e+20
2.603952417e+20
9.667519406e+19
3.850687168e+18
1.451817966e-07
2.971191741e-56
1.576074426e-62
1.553482286e-62
1.53058817e-62
1.508016045e-62
1.485665478e-62
1.463182581e-62
1.440841458e-62
1.418484804e-62
1.396268733e-62
1.37412059e-62
1.350843401e-62
1.330613963e-62
1.305715851e-62
1.285947038e-62
1.264169591e-62
1.242458394e-62
1.219898309e-62
1.199493781e-62
1.178685276e-62
1.157449111e-62
1.135696835e-62
1.115673538e-62
1.094331294e-62
2.721478892e+20
2.913314098e+20
3.010491788e+20
3.089235466e+20
3.170912468e+20
3.238071675e+20
3.309160887e+20
3.368896005e+20
3.428285931e+20
3.48177334e+20
3.530728447e+20
3.5710883e+20
3.607253239e+20
3.64632629e+20
3.676910734e+20
3.71223894e+20
3.736997231e+20
3.758503648e+20
3.777018805e+20
3.791666314e+20
3.802887472e+20
3.80648108e+20
3.805144285e+20
3.801734002e+20
3.786757377e+20
3.765289374e+20
3.735878813e+20
3.689795294e+20
3.634026816e+20
3.565768655e+20
3.482721758e+20
3.385094516e+20
3.273166334e+20
3.147121828e+20
3.014536611e+20
2.871399691e+20
2.723980386e+20
2.575750668e+20
2.429994386e+20
2.290011337e+20
2.158138807e+20
2.034868082e+20
1.924640192e+20
1.826812164e+20
1.738719058e+20
1.663226866e+20
1.600861637e+20
1.546792012e+20
1.499980494e+20
1.467126255e+20
1.437920112e+20
1.418437507e+20
1.405700869e+20
1.399132719e+20
1.399687532e+20
1.407647028e+20
1.425102242e+20
1.45492857e+20
1.500943298e+20
1.558681491e+20
1.638111904e+20
1.770869515e+20
1.937221346e+20
2.137765672e+20
2.366466314e+20
2.607117845e+20
2.826177839e+20
2.985831267e+20
3.057143929e+20
3.019433201e+20
2.637524241e+20
1.089035584e+20
9.637891349e+18
39064.54228
2.908122941e-54
1.594499725e-62
1.564529455e-62
1.541663084e-62
1.518997474e-62
1.496443542e-62
1.473877317e-62
1.45131542e-62
1.42875675e-62
1.406590697e-62
1.38403447e-62
1.360861059e-62
1.339938934e-62
1.317217156e-62
1.29648832e-62
1.271591878e-62
1.251577488e-62
1.229477269e-62
1.209161404e-62
1.188362607e-62
1.165977893e-62
1.145712089e-62
1.12573839e-62
1.105879672e-62
2.597508314e+20
2.790060361e+20
2.887432498e+20
2.969756059e+20
3.052378169e+20
3.120332575e+20
3.189253406e+20
3.245678313e+20
3.308498592e+20
3.362781211e+20
3.411588126e+20
3.456718015e+20
3.495590104e+20
3.529648983e+20
3.565971536e+20
3.597886227e+20
3.623794448e+20
3.643341829e+20
3.664143067e+20
3.681514493e+20
3.693218777e+20
3.699562973e+20
3.702089638e+20
3.701892936e+20
3.692080108e+20
3.672848135e+20
3.646032899e+20
3.602408544e+20
3.550973217e+20
3.486045904e+20
3.407589727e+20
3.3147296e+20
3.207713715e+20
3.08630598e+20
2.958721417e+20
2.819832951e+20
2.676444997e+20
2.531653309e+20
2.38875068e+20
2.250980137e+20
2.120772316e+20
1.999663596e+20
1.888618448e+20
1.791207972e+20
1.70451115e+20
1.627199996e+20
1.565294064e+20
1.511833014e+20
1.465863462e+20
1.431307893e+20
1.401982734e+20
1.379845132e+20
1.366648354e+20
1.359601148e+20
1.358641564e+20
1.36484677e+20
1.379519598e+20
1.40496035e+20
1.443074384e+20
1.501725803e+20
1.576374041e+20
1.690256757e+20
1.840043727e+20
2.024224834e+20
2.2373642e+20
2.464249887e+20
2.676381287e+20
2.840232639e+20
2.919673252e+20
2.901304503e+20
2.609207022e+20
1.23385799e+20
1.781534439e+19
0
9.69203598e-54
1.537302581e-62
1.575911041e-62
1.552993053e-62
1.530188884e-62
1.507430569e-62
1.484653146e-62
1.462241998e-62
1.439878966e-62
1.417045848e-62
1.394097494e-62
1.372203021e-62
1.349204642e-62
1.327505171e-62
1.304338218e-62
1.282887442e-62
1.261456719e-62
1.23877073e-62
1.219023934e-62
1.197587355e-62
1.175633847e-62
1.156002639e-62
1.134172407e-62
1.114867771e-62
2.477291481e+20
2.669743679e+20
2.767615419e+20
2.85187084e+20
2.930820817e+20
2.999123476e+20
3.069960569e+20
3.130336462e+20
3.192872729e+20
3.241870317e+20
3.296677182e+20
3.33997314e+20
3.382154131e+20
3.420946049e+20
3.456909496e+20
3.481209363e+20
3.511227319e+20
3.538873447e+20
3.561617805e+20
3.579884714e+20
3.589507145e+20
3.601613632e+20
3.60610323e+20
3.603801905e+20
3.595840753e+20
3.582303982e+20
3.555973926e+20
3.516876307e+20
3.468577585e+20
3.408153263e+20
3.333925156e+20
3.245684663e+20
3.143481705e+20
3.026717425e+20
2.903921722e+20
2.769455361e+20
2.630073208e+20
2.488728003e+20
2.348683605e+20
2.213298684e+20
2.084587582e+20
1.965290504e+20
1.855194461e+20
1.757621225e+20
1.671546418e+20
1.595334003e+20
1.531579056e+20
1.477858315e+20
1.43190417e+20
1.39591165e+20
1.367343715e+20
1.343377999e+20
1.329385264e+20
1.321372918e+20
1.31933988e+20
1.323573688e+20
1.335821164e+20
1.358143077e+20
1.398638888e+20
1.443675201e+20
1.513700336e+20
1.613689043e+20
1.745323133e+20
1.914536213e+20
2.112158931e+20
2.326681788e+20
2.532146308e+20
2.696593541e+20
2.782903989e+20
2.776772379e+20
2.554243849e+20
1.422462126e+20
2.489853163e+19
4.835657379e+13
5.196886986e-49
2.171590162e-62
1.587626479e-62
1.564689628e-62
1.541992194e-62
1.518501764e-62
1.496033885e-62
1.473635761e-62
1.451024399e-62
1.428565216e-62
1.407604027e-62
1.379847866e-62
1.360111481e-62
1.337481771e-62
1.315234006e-62
1.29325276e-62
1.271917252e-62
1.251627133e-62
1.226917062e-62
1.207707886e-62
1.185737466e-62
1.164765962e-62
1.144468758e-62
1.123586585e-62
2.360313914e+20
2.547748863e+20
2.643920585e+20
2.730844168e+20
2.812226743e+20
2.888516125e+20
2.950234955e+20
3.013304596e+20
3.072639327e+20
3.124137717e+20
3.177509142e+20
3.224155608e+20
3.269459397e+20
3.310257483e+20
3.344859695e+20
3.378075772e+20
3.408191005e+20
3.433168709e+20
3.458683877e+20
3.476559111e+20
3.491595753e+20
3.503802598e+20
3.509617449e+20
3.50661598e+20
3.501729101e+20
3.492415632e+20
3.465050636e+20
3.432601258e+20
3.387558519e+20
3.331290625e+20
3.261476806e+20
3.177833782e+20
3.080399156e+20
2.968386448e+20
2.850042882e+20
2.720147307e+20
2.584770929e+20
2.446891147e+20
2.309770934e+20
2.176576741e+20
2.04988631e+20
1.931622016e+20
1.823017102e+20
1.725183018e+20
1.639427716e+20
1.563810183e+20
1.498228816e+20
1.445911225e+20
1.399548304e+20
1.363124834e+20
1.333673298e+20
1.305823911e+20
1.293943185e+20
1.285091187e+20
1.281093537e+20
1.283830488e+20
1.293837124e+20
1.313127109e+20
1.347878255e+20
1.392017455e+20
1.449421197e+20
1.539712553e+20
1.65633204e+20
1.812448739e+20
1.99442358e+20
2.194438984e+20
2.390966495e+20
2.555762673e+20
2.647091123e+20
2.652801536e+20
2.483866897e+20
1.584452465e+20
3.469979287e+19
1.124350727e+15
1.351879761e-48
1.522329515e-62
1.599726521e-62
1.576585854e-62
1.553618261e-62
1.530667591e-62
1.507997084e-62
1.48500794e-62
1.462195278e-62
1.439294307e-62
1.416211858e-62
1.393086187e-62
1.37028122e-62
1.348504474e-62
1.326522543e-62
1.304425249e-62
1.283596157e-62
1.258722666e-62
1.238612913e-62
1.217952709e-62
1.195151355e-62
1.175119551e-62
1.153808128e-62
1.132640296e-62
2.247600253e+20
2.435754731e+20
2.53468572e+20
2.623414442e+20
2.69610722e+20
2.773499039e+20
2.840205502e+20
2.904626202e+20
2.959549481e+20
3.01807891e+20
3.064385829e+20
3.116096693e+20
3.157159924e+20
3.204420941e+20
3.234567075e+20
3.27197091e+20
3.302064072e+20
3.327422609e+20
3.352447424e+20
3.371933757e+20
3.389699639e+20
3.402502348e+20
3.409500891e+20
3.413533867e+20
3.40621493e+20
3.399761987e+20
3.373747588e+20
3.349201968e+20
3.30806875e+20
3.255466691e+20
3.189878805e+20
3.110842833e+20
3.018203131e+20
2.911754743e+20
2.797035706e+20
2.671765054e+20
2.540413296e+20
2.406038303e+20
2.271830676e+20
2.141200763e+20
2.015956149e+20
1.898891367e+20
1.791981556e+20
1.69386521e+20
1.608367736e+20
1.533974524e+20
1.468057864e+20
1.413929513e+20
1.368644083e+20
1.329914657e+20
1.300601827e+20
1.275111327e+20
1.25877534e+20
1.249090427e+20
1.244146747e+20
1.245490066e+20
1.253423915e+20
1.269722254e+20
1.298540595e+20
1.336273765e+20
1.391675754e+20
1.470521141e+20
1.573213417e+20
1.712445154e+20
1.880264019e+20
2.068320808e+20
2.255911875e+20
2.417154652e+20
2.513709916e+20
2.531144159e+20
2.40391694e+20
1.731744495e+20
4.432144662e+19
7.555673536e+16
6.262204793e-47
5.218631638e-57
3.14646664e-63
1.589043214e-62
1.56578504e-62
1.542772916e-62
1.51986599e-62
1.496679186e-62
1.473597577e-62
1.450474521e-62
1.42692176e-62
1.404686796e-62
1.382744069e-62
1.361723979e-62
1.33522897e-62
1.31532955e-62
1.293165517e-62
1.269960609e-62
1.248888261e-62
1.227908049e-62
1.205912286e-62
1.185029942e-62
1.164240226e-62
1.142377853e-62
2.139315041e+20
2.334705414e+20
2.423595746e+20
2.516828778e+20
2.589520113e+20
2.666324555e+20
2.729494035e+20
2.797756587e+20
2.856512173e+20
2.91121139e+20
2.961614165e+20
3.007842322e+20
3.056598673e+20
3.095218123e+20
3.133985849e+20
3.166923056e+20
3.197061866e+20
3.228265907e+20
3.250208982e+20
3.275860039e+20
3.290500732e+20
3.304736649e+20
3.313525373e+20
3.321586872e+20
3.318496551e+20
3.309686561e+20
3.291884412e+20
3.267898188e+20
3.229042421e+20
3.180540418e+20
3.119423721e+20
3.044927015e+20
2.957014952e+20
2.855722423e+20
2.745059614e+20
2.624298344e+20
2.496979552e+20
2.366130586e+20
2.234942856e+20
2.10645878e+20
1.983544519e+20
1.867910732e+20
1.761439748e+20
1.664388607e+20
1.578574668e+20
1.504212581e+20
1.43725328e+20
1.383358419e+20
1.33750773e+20
1.297313157e+20
1.268473691e+20
1.243536628e+20
1.225527193e+20
1.214476914e+20
1.208478002e+20
1.208616901e+20
1.214554461e+20
1.228005768e+20
1.251745077e+20
1.290963969e+20
1.333326757e+20
1.39827196e+20
1.496096744e+20
1.618641459e+20
1.774652405e+20
1.946565425e+20
2.124261167e+20
2.282941208e+20
2.381327284e+20
2.408631283e+20
2.313054701e+20
1.753813041e+20
5.981505271e+19
6.270311334e+17
1.764095056e-16
1.541031263e-57
3.620167882e-57
1.603877143e-62
1.578043244e-62
1.553914113e-62
1.53021579e-62
1.508242134e-62
1.484897371e-62
1.462435078e-62
1.440233e-62
1.416561182e-62
1.394278063e-62
1.370661977e-62
1.34828101e-62
1.325423246e-62
1.30356079e-62
1.282096091e-62
1.261169374e-62
1.237462864e-62
1.216199083e-62
1.195812166e-62
1.173848483e-62
1.15187543e-62
2.034861884e+20
2.226704535e+20
2.325780115e+20
2.408614917e+20
2.482092064e+20
2.554877135e+20
2.628893674e+20
2.690991622e+20
2.753844888e+20
2.810645006e+20
2.858540521e+20
2.90768534e+20
2.95360998e+20
2.992014392e+20
3.031854734e+20
3.064625899e+20
3.100321808e+20
3.128937619e+20
3.15559467e+20
3.180043765e+20
3.198424989e+20
3.213451139e+20
3.224669805e+20
3.228339669e+20
3.231337524e+20
3.222103584e+20
3.209898986e+20
3.188208253e+20
3.152817871e+20
3.106982368e+20
3.050130073e+20
2.980049203e+20
2.896801579e+20
2.800444903e+20
2.694055885e+20
2.577708718e+20
2.454410851e+20
2.32711815e+20
2.198885874e+20
2.073197892e+20
1.951573144e+20
1.837204671e+20
1.731533997e+20
1.636038822e+20
1.549748915e+20
1.475217901e+20
1.409911113e+20
1.353184495e+20
1.308369193e+20
1.269155407e+20
1.237333238e+20
1.212498119e+20
1.191083613e+20
1.181620149e+20
1.174554149e+20
1.173139775e+20
1.177159048e+20
1.188107063e+20
1.207923834e+20
1.239159241e+20
1.281407935e+20
1.336651243e+20
1.425025109e+20
1.530404814e+20
1.671591964e+20
1.830925469e+20
1.997496638e+20
2.151176055e+20
2.25329965e+20
2.290001257e+20
2.220682094e+20
1.803899269e+20
7.214190024e+19
4.071637963e+18
144.0398497
2.967808023e-44
1.243595948e-58
1.648054738e-62
1.589112101e-62
1.567409375e-62
1.544771488e-62
1.520705835e-62
1.497655833e-62
1.474369117e-62
1.45156778e-62
1.429154596e-62
1.405854331e-62
1.381732719e-62
1.360888126e-62
1.339029553e-62
1.314398577e-62
1.293687213e-62
1.270597378e-62
1.249080194e-62
1.227202916e-62
1.205832614e-62
1.184315428e-62
1.161272307e-62
1.933902066e+20
2.126983926e+20
2.219952157e+20
2.306371577e+20
2.384940823e+20
2.455714741e+20
2.527765989e+20
2.585939728e+20
2.649652246e+20
2.705533345e+20
2.756275193e+20
2.808453287e+20
2.855163948e+20
2.894683534e+20
2.930482272e+20
2.968695613e+20
3.000660729e+20
3.029079089e+20
3.058408942e+20
3.08152183e+20
3.103167698e+20
3.119847232e+20
3.131646525e+20
3.137491242e+20
3.141249621e+20
3.134849237e+20
3.128538157e+20
3.109176958e+20
3.075794293e+20
3.034508347e+20
2.981744987e+20
2.916102038e+20
2.837417778e+20
2.745871063e+20
2.643853898e+20
2.531882673e+20
2.412629877e+20
2.288915219e+20
2.163829566e+20
2.040179262e+20
1.921281259e+20
1.808502621e+20
1.703810511e+20
1.608531216e+20
1.522624777e+20
1.447533245e+20
1.383027551e+20
1.326312994e+20
1.279622482e+20
1.240347941e+20
1.207513179e+20
1.182667555e+20
1.162652218e+20
1.149355989e+20
1.141326457e+20
1.13859421e+20
1.141243164e+20
1.149938093e+20
1.16621304e+20
1.189901637e+20
1.228594881e+20
1.27164463e+20
1.353523371e+20
1.452008687e+20
1.57493517e+20
1.723347242e+20
1.878189413e+20
2.02564319e+20
2.126623291e+20
2.171387391e+20
2.128159832e+20
1.819548447e+20
8.347291511e+19
9.6753073e+18
0
1.441898285e-44
1.514094307e-54
2.001971707e-62
1.604741331e-62
1.580233904e-62
1.556994835e-62
1.533273967e-62
1.510076713e-62
1.486804725e-62
1.463922276e-62
1.441199146e-62
1.418209327e-62
1.394666181e-62
1.371331777e-62
1.349563215e-62
1.32670957e-62
1.306124617e-62
1.281314349e-62
1.260863173e-62
1.238040344e-62
1.215665357e-62
1.192593072e-62
1.169461065e-62
1.836080136e+20
2.020432567e+20
2.121656959e+20
2.198827698e+20
2.284187687e+20
2.353518694e+20
2.426450895e+20
2.491753045e+20
2.550140768e+20
2.604957615e+20
2.658932486e+20
2.709406471e+20
2.751854525e+20
2.797699576e+20
2.835964172e+20
2.871883882e+20
2.904121449e+20
2.937339631e+20
2.96308067e+20
2.986600991e+20
3.008527679e+20
3.026242808e+20
3.040948045e+20
3.052179144e+20
3.054675775e+20
3.05385391e+20
3.048909579e+20
3.031513934e+20
3.00218715e+20
2.962800998e+20
2.914199261e+20
2.852854895e+20
2.778767274e+20
2.691957966e+20
2.594366825e+20
2.486780976e+20
2.371576873e+20
2.251491316e+20
2.129343914e+20
2.008748674e+20
1.890864766e+20
1.779392333e+20
1.675839791e+20
1.581161206e+20
1.496044819e+20
1.420897224e+20
1.356133607e+20
1.299388803e+20
1.251625785e+20
1.212131209e+20
1.177689748e+20
1.153280606e+20
1.133574733e+20
1.118595749e+20
1.109544354e+20
1.105607381e+20
1.1069145e+20
1.113521802e+20
1.127117938e+20
1.153385588e+20
1.188384111e+20
1.225479904e+20
1.289755312e+20
1.378132785e+20
1.482450789e+20
1.618458109e+20
1.762956014e+20
1.904101327e+20
2.00591018e+20
2.056408197e+20
2.031987792e+20
1.787817238e+20
9.483937878e+19
1.729726505e+19
1.662042672e+13
7.502983187e-41
1.032366563e-54
2.426825158e-63
1.61670742e-62
1.593265779e-62
1.569748529e-62
1.546141964e-62
1.522803174e-62
1.499534219e-62
1.476479645e-62
1.453524381e-62
1.430443823e-62
1.407069267e-62
1.383746467e-62
1.361603296e-62
1.338135535e-62
1.316276805e-62
1.29456156e-62
1.273713538e-62
1.248668075e-62
1.226623545e-62
1.199469294e-62
1.181509132e-62
1.741996907e+20
1.92835758e+20
2.019310147e+20
2.108221722e+20
2.186977264e+20
2.261805945e+20
2.328671267e+20
2.39244241e+20
2.446682848e+20
2.502842808e+20
2.563071646e+20
2.60936125e+20
2.658286133e+20
2.698061321e+20
2.742649788e+20
2.775775692e+20
2.813888479e+20
2.844026179e+20
2.874446387e+20
2.899427205e+20
2.922286603e+20
2.9377528e+20
2.956522604e+20
2.966803321e+20
2.973557534e+20
2.972718833e+20
2.970750597e+20
2.955584188e+20
2.927678767e+20
2.89215181e+20
2.847639472e+20
2.790517144e+20
2.720872892e+20
2.638732294e+20
2.545621889e+20
2.442363721e+20
2.331233998e+20
2.214784561e+20
2.096043794e+20
1.977387016e+20
1.862461505e+20
1.752579692e+20
1.649966444e+20
1.556029555e+20
1.471071569e+20
1.39467093e+20
1.330184132e+20
1.272527024e+20
1.224520836e+20
1.185393599e+20
1.150473028e+20
1.124834308e+20
1.105252089e+20
1.086442024e+20
1.079260655e+20
1.073819363e+20
1.073753097e+20
1.078528605e+20
1.089601576e+20
1.1106517e+20
1.140138048e+20
1.17365053e+20
1.218931849e+20
1.306970299e+20
1.40340373e+20
1.520358202e+20
1.653975376e+20
1.788039238e+20
1.887652689e+20
1.942029321e+20
1.931833018e+20
1.740445604e+20
1.090057491e+20
2.409741745e+19
1.315795521e+14
1.757978828e-40
4.098322898e-47
6.60307612e-57
1.630618475e-59
1.606493863e-62
1.582950272e-62
1.559353759e-62
1.535898345e-62
1.512539415e-62
1.489305963e-62
1.466154097e-62
1.443145642e-62
1.420281854e-62
1.397454215e-62
1.372578833e-62
1.34931581e-62
1.328656421e-62
1.304374002e-62
1.283558167e-62
1.260034254e-62
1.235599634e-62
1.214055275e-62
1.192450282e-62
1.651476559e+20
1.834497675e+20
1.933582637e+20
2.017135294e+20
2.089112245e+20
2.164999522e+20
2.229056076e+20
2.300258304e+20
2.356805745e+20
2.414141087e+20
2.468856621e+20
2.519298661e+20
2.565188291e+20
2.608527244e+20
2.647967165e+20
2.686564939e+20
2.722259273e+20
2.751641053e+20
2.78296009e+20
2.809925108e+20
2.833401572e+20
2.854106222e+20
2.869519655e+20
2.881700186e+20
2.890914991e+20
2.891677646e+20
2.889179894e+20
2.880032393e+20
2.85527562e+20
2.822659962e+20
2.782101648e+20
2.729097591e+20
2.663792185e+20
2.586197093e+20
2.49744367e+20
2.398569365e+20
2.291531473e+20
2.178810323e+20
2.062858389e+20
1.947638578e+20
1.834349702e+20
1.725988946e+20
1.6239966e+20
1.530520968e+20
1.446696403e+20
1.371213157e+20
1.305357465e+20
1.24935599e+20
1.200288054e+20
1.160505444e+20
1.125346552e+20
1.097010201e+20
1.07790784e+20
1.060645795e+20
1.049813641e+20
1.042929323e+20
1.041765269e+20
1.045065283e+20
1.053859653e+20
1.070012165e+20
1.094498706e+20
1.131426264e+20
1.169379811e+20
1.236971417e+20
1.327722436e+20
1.429183548e+20
1.55440087e+20
1.67773594e+20
1.772080284e+20
1.829207323e+20
1.825957373e+20
1.679645974e+20
1.126217797e+20
3.259965319e+19
5.182014223e+16
0
8.616396951e-46
1.070482858e-56
3.919633327e-57
1.620340706e-62
1.5965744e-62
1.572869268e-62
1.549318092e-62
1.526006597e-62
1.502791272e-62
1.478690319e-62
1.456541558e-62
1.433871827e-62
1.410430385e-62
1.384954679e-62
1.361696177e-62
1.339670054e-62
1.317702927e-62
1.294077048e-62
1.273715325e-62
1.244644245e-62
1.225861594e-62
1.203513328e-62
1.564886447e+20
1.752244286e+20
1.841992504e+20
1.923567942e+20
2.000381043e+20
2.075890042e+20
2.140575088e+20
2.20440007e+20
2.266115722e+20
2.322981334e+20
2.375192829e+20
2.42682171e+20
2.474782847e+20
2.520477495e+20
2.555240482e+20
2.598083881e+20
2.632040187e+20
2.665907264e+20
2.693641473e+20
2.71950413e+20
2.744522172e+20
2.769341845e+20
2.783730248e+20
2.798365286e+20
2.805483259e+20
2.810263584e+20
2.809893116e+20
2.805067857e+20
2.783866844e+20
2.754019958e+20
2.717321382e+20
2.668320968e+20
2.607314966e+20
2.534267878e+20
2.449931323e+20
2.355370006e+20
2.252429005e+20
2.143383448e+20
2.031045364e+20
1.918191914e+20
1.807454259e+20
1.70086616e+20
1.600321805e+20
1.507338958e+20
1.422681653e+20
1.348273042e+20
1.281573735e+20
1.224922188e+20
1.175824738e+20
1.13511855e+20
1.099709605e+20
1.072440562e+20
1.051244981e+20
1.034081063e+20
1.019134786e+20
1.013750954e+20
1.011507851e+20
1.013166951e+20
1.01977975e+20
1.032706814e+20
1.056229449e+20
1.083631228e+20
1.118185814e+20
1.175654708e+20
1.251278623e+20
1.347155442e+20
1.454199622e+20
1.56932254e+20
1.664230145e+20
1.724806928e+20
1.725028011e+20
1.611270752e+20
1.16948492e+20
4.182739877e+19
4.51420555e+17
7.84615203e-08
0
3.601956097e-53
3.255611399e-55
1.634496762e-62
1.610455054e-62
1.586431014e-62
1.563071163e-62
1.539578147e-62
1.516227996e-62
1.492633115e-62
1.47035274e-62
1.448002231e-62
1.424435336e-62
1.395911921e-62
1.373230159e-62
1.352163884e-62
1.329645063e-62
1.305788869e-62
1.283016056e-62
1.25954835e-62
1.236640906e-62
1.21335069e-62
1.481463452e+20
1.665670213e+20
1.756051722e+20
1.832931854e+20
1.910422111e+20
1.981245397e+20
2.049498296e+20
2.113493524e+20
2.175676771e+20
2.234923336e+20
2.284439096e+20
2.336379261e+20
2.383409427e+20
2.429572216e+20
2.471205055e+20
2.508980377e+20
2.5430496e+20
2.578080895e+20
2.610681926e+20
2.638357064e+20
2.664095451e+20
2.684085171e+20
2.704996293e+20
2.719441628e+20
2.72637137e+20
2.73456742e+20
2.733078419e+20
2.729775721e+20
2.713346112e+20
2.686178098e+20
2.653303637e+20
2.60828427e+20
2.551533128e+20
2.482937406e+20
2.402890521e+20
2.31265434e+20
2.213845876e+20
2.108623335e+20
1.999388209e+20
1.889698888e+20
1.781243067e+20
1.676421686e+20
1.577098661e+20
1.484296806e+20
1.400697462e+20
1.325785396e+20
1.259025443e+20
1.201828731e+20
1.15254723e+20
1.111234739e+20
1.075557134e+20
1.047795787e+20
1.025272583e+20
1.008247989e+20
9.929321808e+19
9.858879647e+19
9.816790181e+19
9.822693314e+19
9.871876045e+19
9.975804925e+19
1.015415338e+20
1.039008524e+20
1.071742034e+20
1.10894735e+20
1.184725797e+20
1.270010557e+20
1.368979938e+20
1.468386584e+20
1.55673562e+20
1.617053761e+20
1.625770101e+20
1.539898652e+20
1.22508442e+20
5.613171621e+19
3.383458542e+18
2.593710264e-09
2.234190188e-44
2.522850052e-54
1.353953004e-55
1.649045597e-62
1.625074582e-62
1.601379013e-62
1.57731557e-62
1.553007164e-62
1.529540175e-62
1.506212408e-62
1.483801082e-62
1.460989689e-62
1.438117765e-62
1.4098895e-62
1.382279652e-62
1.3642484e-62
1.341757746e-62
1.318622297e-62
1.296124615e-62
1.270914546e-62
1.247947862e-62
1.225808309e-62
1.401136905e+20
1.58129796e+20
1.666882633e+20
1.750642045e+20
1.829294717e+20
1.90051078e+20
1.970148691e+20
2.031696032e+20
2.087633309e+20
2.146056039e+20
2.199284087e+20
2.247181469e+20
2.295953066e+20
2.341641811e+20
2.38684141e+20
2.42135488e+20
2.460713216e+20
2.492337065e+20
2.524896725e+20
2.553662966e+20
2.579252424e+20
2.600883042e+20
2.623451777e+20
2.639468786e+20
2.651510551e+20
2.65749636e+20
2.656267416e+20
2.654919532e+20
2.64411538e+20
2.618677006e+20
2.590064041e+20
2.548892914e+20
2.496237217e+20
2.432204527e+20
2.356346455e+20
2.270451036e+20
2.175784163e+20
2.074321452e+20
1.968670103e+20
1.861530721e+20
1.755429388e+20
1.652297409e+20
1.554166982e+20
1.462910621e+20
1.378481324e+20
1.303556323e+20
1.237757431e+20
1.179764879e+20
1.130367312e+20
1.087419265e+20
1.0513749e+20
1.024069258e+20
1.001160572e+20
9.832521675e+19
9.677642825e+19
9.589506758e+19
9.535973717e+19
9.530582217e+19
9.562636184e+19
9.642387515e+19
9.786653494e+19
1.002009451e+20
1.026577315e+20
1.061783701e+20
1.110663336e+20
1.17868894e+20
1.271954129e+20
1.376256118e+20
1.462624937e+20
1.521997102e+20
1.533385717e+20
1.466352188e+20
1.211140558e+20
6.432754051e+19
8.993321679e+18
2.078083434e+11
2.086128201e-44
3.857828846e-46
5.745767962e-48
1.663935741e-62
1.639799234e-62
1.615871569e-62
1.591851597e-62
1.567758957e-62
1.544274302e-62
1.520623897e-62
1.497363627e-62
1.474131026e-62
1.4495462e-62
1.423408925e-62
1.397167857e-62
1.375291464e-62
1.354110181e-62
1.330700979e-62
1.307985463e-62
1.284566439e-62
1.259061873e-62
1.23720114e-62
1.323878625e+20
1.497474436e+20
1.589948158e+20
1.670221842e+20
1.745844106e+20
1.820077876e+20
1.884357577e+20
1.949069157e+20
2.007228612e+20
2.060146046e+20
2.11225763e+20
2.166346051e+20
2.210933993e+20
2.25483366e+20
2.299645299e+20
2.341237395e+20
2.378408554e+20
2.413046118e+20
2.442005659e+20
2.470748607e+20
2.497730389e+20
2.523669127e+20
2.544023636e+20
2.560880994e+20
2.57561198e+20
2.581329649e+20
2.585320777e+20
2.581309325e+20
2.575894964e+20
2.553463816e+20
2.527609724e+20
2.490074546e+20
2.441632588e+20
2.382074387e+20
2.310014395e+20
2.228704679e+20
2.138193356e+20
2.040561982e+20
1.938376139e+20
1.834229394e+20
1.730329501e+20
1.628585385e+20
1.531897032e+20
1.441619355e+20
1.358611607e+20
1.283614306e+20
1.216717983e+20
1.157983992e+20
1.108825734e+20
1.06423683e+20
1.029980178e+20
1.001260909e+20
9.782487515e+19
9.588357634e+19
9.43409759e+19
9.306054795e+19
9.262286453e+19
9.248513964e+19
9.265770675e+19
9.325854864e+19
9.439161857e+19
9.612452739e+19
9.905582088e+19
1.016485514e+20
1.061965338e+20
1.123440574e+20
1.196935921e+20
1.273153487e+20
1.358356067e+20
1.423467955e+20
1.441804025e+20
1.394583766e+20
1.197169825e+20
7.083695079e+19
1.604362445e+19
0
6.747325741e-43
1.410859626e-47
1.743703246e-47
1.680305561e-62
1.654828789e-62
1.630725236e-62
1.60664803e-62
1.582624662e-62
1.558823285e-62
1.534890477e-62
1.5109521e-62
1.487195048e-62
1.462883233e-62
1.437117255e-62
1.41293373e-62
1.389131293e-62
1.366516013e-62
1.343251242e-62
1.319841889e-62
1.296357759e-62
1.272404927e-62
1.249339124e-62
1.250089803e+20
1.425920811e+20
1.511574789e+20
1.589187159e+20
1.6653924e+20
1.736878834e+20
1.807686917e+20
1.869122526e+20
1.92665297e+20
1.980075019e+20
2.03632067e+20
2.083383213e+20
2.131823031e+20
2.176410795e+20
2.21764003e+20
2.259012668e+20
2.297042951e+20
2.332776997e+20
2.364949797e+20
2.395070599e+20
2.42244686e+20
2.445689288e+20
2.463877484e+20
2.482037204e+20
2.500066969e+20
2.510108634e+20
2.5148111e+20
2.510509933e+20
2.505199631e+20
2.489496643e+20
2.465634204e+20
2.432077545e+20
2.387781849e+20
2.332534813e+20
2.264153358e+20
2.187343284e+20
2.101004864e+20
2.007293551e+20
1.908043936e+20
1.807378795e+20
1.705778701e+20
1.605859583e+20
1.51086419e+20
1.421575312e+20
1.33885028e+20
1.263276095e+20
1.197280155e+20
1.139161347e+20
1.088401296e+20
1.044571107e+20
1.007972111e+20
9.802337381e+19
9.558894945e+19
9.351136158e+19
9.197448467e+19
9.066240923e+19
9.008522056e+19
8.976739948e+19
8.982036166e+19
9.024673064e+19
9.114615007e+19
9.29786833e+19
9.486770526e+19
9.71520858e+19
1.008568633e+20
1.061068635e+20
1.1299331e+20
1.199339208e+20
1.269204711e+20
1.329718108e+20
1.353010295e+20
1.324852674e+20
1.168792022e+20
7.490402788e+19
2.263138689e+19
1.586965093e+16
5.701488669e-41
4.369733273e-41
8.410379378e-43
1.707757938e-62
1.670256465e-62
1.645911427e-62
1.621630672e-62
1.597297804e-62
1.57264267e-62
1.549005968e-62
1.524761634e-62
1.500710145e-62
1.476594779e-62
1.452346246e-62
1.427249819e-62
1.40253764e-62
1.380308378e-62
1.355571435e-62
1.333267057e-62
1.309309261e-62
1.285888841e-62
1.262104364e-62
1.179356561e+20
1.349168746e+20
1.434691261e+20
1.51574495e+20
1.591834243e+20
1.657054593e+20
1.726784434e+20
1.789523773e+20
1.850921433e+20
1.903944963e+20
1.956867645e+20
2.006149422e+20
2.053241259e+20
2.098128189e+20
2.141847753e+20
2.178530926e+20
2.214888048e+20
2.253285859e+20
2.285270267e+20
2.317987147e+20
2.345174982e+20
2.36732881e+20
2.392311616e+20
2.41103682e+20
2.42657868e+20
2.438174776e+20
2.444298625e+20
2.443757116e+20
2.436733571e+20
2.425416335e+20
2.404562686e+20
2.375476014e+20
2.334570205e+20
2.283687625e+20
2.218611127e+20
2.146393126e+20
2.06419594e+20
1.974253533e+20
1.878921385e+20
1.780884768e+20
1.681500148e+20
1.584409189e+20
1.490591677e+20
1.401879642e+20
1.32001584e+20
1.24527009e+20
1.177760301e+20
1.119516884e+20
1.068241248e+20
1.024521619e+20
9.860558437e+19
9.578414767e+19
9.340359084e+19
9.117260979e+19
8.96946531e+19
8.839785723e+19
8.758372077e+19
8.7125995e+19
8.711539037e+19
8.737923254e+19
8.804384171e+19
8.920074393e+19
9.095304126e+19
9.324006449e+19
9.557745102e+19
9.958447404e+19
1.055673452e+20
1.122070062e+20
1.189809343e+20
1.249388568e+20
1.275966496e+20
1.255753627e+20
1.133323772e+20
7.943285187e+19
2.962203139e+19
1.664179233e+17
1.127984266e-41
2.931955832e-40
7.493981071e-41
2.044085183e-62
1.687510033e-62
1.661534186e-62
1.637178274e-62
1.612887209e-62
1.588937943e-62
1.563940346e-62
1.539297108e-62
1.514808541e-62
1.490359873e-62
1.465368991e-62
1.440216517e-62
1.416374784e-62
1.392786445e-62
1.369275127e-62
1.346233966e-62
1.323013256e-62
1.299195138e-62
1.275067516e-62
1.111615534e+20
1.277548122e+20
1.366356625e+20
1.443302559e+20
1.51696047e+20
1.58526306e+20
1.650587431e+20
1.712026638e+20
1.774276175e+20
1.828797156e+20
1.882090835e+20
1.929227896e+20
1.974100161e+20
2.017159189e+20
2.064514649e+20
2.10483069e+20
2.142098562e+20
2.173539441e+20
2.207219115e+20
2.238978034e+20
2.268572182e+20
2.295852181e+20
2.318425083e+20
2.337554429e+20
2.351810882e+20
2.366815856e+20
2.375438254e+20
2.377826039e+20
2.374012182e+20
2.364325571e+20
2.344961643e+20
2.319525951e+20
2.281537285e+20
2.235530541e+20
2.173317686e+20
2.105858175e+20
2.027786319e+20
1.94175084e+20
1.849991405e+20
1.754833155e+20
1.658083155e+20
1.56298926e+20
1.469931561e+20
1.382957766e+20
1.301528845e+20
1.227474818e+20
1.16046045e+20
1.101171639e+20
1.049512304e+20
1.005099391e+20
9.669883842e+19
9.369631799e+19
9.131050513e+19
8.917620848e+19
8.746818427e+19
8.617124866e+19
8.495114575e+19
8.466814945e+19
8.452920708e+19
8.466070047e+19
8.513254545e+19
8.619939637e+19
8.774305233e+19
8.925212988e+19
9.178198468e+19
9.518912568e+19
9.892889443e+19
1.047179992e+20
1.102536997e+20
1.158786425e+20
1.19045782e+20
1.184343014e+20
1.090688936e+20
8.17183705e+19
3.879252939e+19
2.059507987e+18
138110.6273
1.062032473e-39
1.603139843e-39
3.058081525e-57
1.951289786e-62
1.683752813e-62
1.653016328e-62
1.628546803e-62
1.603973674e-62
1.579218399e-62
1.554484685e-62
1.529819724e-62
1.504521012e-62
1.478855626e-62
1.454540479e-62
1.430498621e-62
1.406835723e-62
1.382983496e-62
1.359862213e-62
1.336473241e-62
1.312382759e-62
1.289649958e-62
1.047060387e+20
1.213790721e+20
1.296224304e+20
1.370197516e+20
1.443450389e+20
1.509855047e+20
1.571704814e+20
1.633955331e+20
1.70165219e+20
1.752939776e+20
1.804708857e+20
1.854724459e+20
1.900082545e+20
1.946665795e+20
1.989113861e+20
2.031293786e+20
2.068641481e+20
2.10402537e+20
2.136548241e+20
2.164278192e+20
2.192654727e+20
2.222226109e+20
2.245181569e+20
2.26451911e+20
2.283098678e+20
2.294538192e+20
2.306848533e+20
2.308747573e+20
2.311305667e+20
2.302754202e+20
2.285855872e+20
2.263786287e+20
2.229251736e+20
2.187949012e+20
2.129602082e+20
2.065656094e+20
1.991625674e+20
1.909474112e+20
1.82116059e+20
1.729145027e+20
1.635228114e+20
1.541995566e+20
1.451414102e+20
1.364235311e+20
1.284190831e+20
1.210157607e+20
1.143221283e+20
1.083866958e+20
1.03234601e+20
9.865371088e+19
9.4853929e+19
9.182921518e+19
8.924638047e+19
8.716279883e+19
8.530517185e+19
8.400821082e+19
8.29224253e+19
8.230977136e+19
8.201828531e+19
8.202997383e+19
8.235466565e+19
8.303813028e+19
8.421337109e+19
8.592254535e+19
8.777288332e+19
9.058297192e+19
9.429657244e+19
9.782026559e+19
1.025404211e+20
1.072782677e+20
1.102241637e+20
1.114954163e+20
1.044057097e+20
8.489649734e+19
4.65188889e+19
6.683836471e+18
0
1.208935071e-36
3.644269783e-38
1.074218628e-58
2.926828123e-62
1.654049568e-62
1.670291914e-62
1.644453187e-62
1.619527635e-62
1.59468995e-62
1.569567501e-62
1.544534161e-62
1.519237483e-62
1.492987367e-62
1.468331805e-62
1.443988383e-62
1.420565366e-62
1.396693385e-62
1.373942112e-62
1.349346208e-62
1.326193044e-62
1.302843803e-62
9.852547579e+19
1.146576118e+20
1.226908422e+20
1.303708646e+20
1.376998232e+20
1.439860752e+20
1.507504489e+20
1.566339984e+20
1.628633428e+20
1.678874464e+20
1.729554018e+20
1.778936645e+20
1.830182215e+20
1.875191104e+20
1.913807389e+20
1.955903449e+20
1.992620088e+20
2.032007128e+20
2.066380736e+20
2.095750357e+20
2.124760539e+20
2.149951197e+20
2.172022328e+20
2.196969368e+20
2.212872157e+20
2.2296209e+20
2.237796637e+20
2.246947726e+20
2.248612654e+20
2.242101721e+20
2.228181659e+20
2.207835578e+20
2.177673227e+20
2.140577044e+20
2.085033696e+20
2.025750366e+20
1.955756191e+20
1.877440689e+20
1.7927287e+20
1.703822704e+20
1.612616452e+20
1.521532975e+20
1.431953958e+20
1.347356266e+20
1.266973004e+20
1.193851432e+20
1.127185971e+20
1.066725769e+20
1.015239725e+20
9.689483943e+19
9.306468206e+19
8.991210323e+19
8.742869662e+19
8.517039857e+19
8.334718116e+19
8.191061388e+19
8.080467521e+19
7.979802983e+19
7.962965132e+19
7.958242569e+19
7.972806728e+19
8.021164758e+19
8.109825361e+19
8.224961632e+19
8.391682991e+19
8.582520395e+19
8.899931178e+19
9.283660696e+19
9.736711305e+19
1.0133762e+20
1.04266287e+20
1.042176241e+20
9.944253002e+19
8.449837089e+19
5.23335427e+19
1.307000655e+19
2.406422211e+14
8.026339798e-36
3.116491858e-37
2.020600054e-53
1.930700109e-54
2.067139798e-57
9.232581797e-63
1.660687607e-62
1.635763119e-62
1.610505078e-62
1.584964221e-62
1.559118329e-62
1.531604316e-62
1.508316875e-62
1.482562901e-62
1.458455482e-62
1.435549978e-62
1.411950401e-62
1.387962648e-62
1.363373347e-62
1.340035718e-62
1.31603717e-62
9.262073866e+19
1.081603934e+20
1.167914449e+20
1.237621336e+20
1.310403624e+20
1.376301738e+20
1.438912463e+20
1.496345555e+20
1.55735192e+20
1.610855508e+20
1.661860195e+20
1.712748072e+20
1.759809229e+20
1.804183969e+20
1.845519323e+20
1.883170461e+20
1.921183147e+20
1.960621989e+20
1.993339255e+20
2.026036577e+20
2.053297063e+20
2.079035052e+20
2.10645631e+20
2.127820306e+20
2.148020887e+20
2.162551266e+20
2.171976072e+20
2.184938136e+20
2.186826168e+20
2.182887216e+20
2.17119395e+20
2.152456303e+20
2.127074835e+20
2.091621903e+20
2.041863281e+20
1.986017061e+20
1.919991928e+20
1.845666644e+20
1.764249753e+20
1.678765713e+20
1.590370076e+20
1.500775225e+20
1.414240473e+20
1.330407277e+20
1.251396639e+20
1.177626917e+20
1.11163023e+20
1.051901293e+20
9.985652464e+19
9.520130877e+19
9.134648867e+19
8.819240132e+19
8.557823839e+19
8.330063603e+19
8.140133574e+19
7.988794254e+19
7.87799892e+19
7.782104925e+19
7.73816381e+19
7.720405511e+19
7.723969719e+19
7.753868341e+19
7.815386762e+19
7.945065535e+19
8.035046993e+19
8.21355901e+19
8.435664801e+19
8.747788059e+19
9.111134546e+19
9.442384405e+19
9.723802256e+19
9.772991709e+19
9.430117095e+19
8.28264322e+19
5.61174228e+19
1.916464773e+19
1.19567717e+16
0
5.619936832e-36
2.998738766e-53
6.204731585e-53
7.137918171e-57
9.724386106e-59
1.677191978e-62
1.652009692e-62
1.626757802e-62
1.601029041e-62
1.576103977e-62
1.550773248e-62
1.522781736e-62
1.497054002e-62
1.473446507e-62
1.450544482e-62
1.426484379e-62
1.402375381e-62
1.378238599e-62
1.354820934e-62
1.32950322e-62
8.699837161e+19
1.024524803e+20
1.103530822e+20
1.1758634e+20
1.244761079e+20
1.309971214e+20
1.373942117e+20
1.43417255e+20
1.486748767e+20
1.541035946e+20
1.591136578e+20
1.645285019e+20
1.69349901e+20
1.732498431e+20
1.778075107e+20
1.817501742e+20
1.855317051e+20
1.889841747e+20
1.922776325e+20
1.955584953e+20
1.983722843e+20
2.013760274e+20
2.039420236e+20
2.059773208e+20
2.081499745e+20
2.096265733e+20
2.110374468e+20
2.120967536e+20
2.124130494e+20
2.124813096e+20
2.113600961e+20
2.097658934e+20
2.076647395e+20
2.042606961e+20
1.99878867e+20
1.946428784e+20
1.884378031e+20
1.813904353e+20
1.736317326e+20
1.65359167e+20
1.568379832e+20
1.481820341e+20
1.396520674e+20
1.313893822e+20
1.235391793e+20
1.163125755e+20
1.096292021e+20
1.037025904e+20
9.838415728e+19
9.364285326e+19
8.958704481e+19
8.648736653e+19
8.367503008e+19
8.147243455e+19
7.956938301e+19
7.802205854e+19
7.679424137e+19
7.584223312e+19
7.509320124e+19
7.492417924e+19
7.485766122e+19
7.499423759e+19
7.545003034e+19
7.628602786e+19
7.746764005e+19
7.854532686e+19
8.054426484e+19
8.312083319e+19
8.589497764e+19
8.925901972e+19
9.107579429e+19
9.178396188e+19
8.939641379e+19
8.03596214e+19
5.999060387e+19
2.552526058e+19
3.018642663e+17
0.9075596482
3.607121082e-27
1.055846547e-36
3.210977067e-50
4.185080309e-51
3.440804564e-57
1.694070091e-62
1.66853213e-62
1.643023004e-62
1.617411663e-62
1.591762571e-62
1.566198292e-62
1.539509938e-62
1.514831308e-62
1.487752633e-62
1.466306787e-62
1.440495286e-62
1.41793307e-62
1.393490694e-62
1.368424609e-62
1.344661037e-62
8.163394272e+19
9.642771432e+19
1.042901478e+20
1.114850809e+20
1.182734299e+20
1.246761025e+20
1.308158763e+20
1.369035215e+20
1.420280007e+20
1.47720203e+20
1.528680407e+20
1.579499394e+20
1.625320496e+20
1.666908487e+20
1.710258528e+20
1.750410698e+20
1.788202166e+20
1.820196352e+20
1.858161346e+20
1.886049039e+20
1.919481708e+20
1.945980939e+20
1.971273528e+20
1.996775133e+20
2.016281938e+20
2.034959028e+20
2.049483723e+20
2.058577571e+20
2.066142254e+20
2.067149997e+20
2.059075203e+20
2.045903759e+20
2.02495614e+20
1.995349207e+20
1.95602014e+20
1.90701684e+20
1.848936334e+20
1.782389566e+20
1.708692663e+20
1.629079531e+20
1.546686577e+20
1.461924032e+20
1.379060393e+20
1.29736023e+20
1.220681299e+20
1.14863583e+20
1.082435943e+20
1.022816736e+20
9.690864119e+19
9.20704865e+19
8.815203562e+19
8.490022761e+19
8.214390165e+19
7.965722091e+19
7.774442576e+19
7.612314036e+19
7.488877807e+19
7.391150459e+19
7.298892763e+19
7.275047621e+19
7.265491179e+19
7.264212346e+19
7.287068284e+19
7.342525739e+19
7.419886085e+19
7.551334537e+19
7.662101977e+19
7.878418616e+19
8.140503366e+19
8.393683096e+19
8.599524853e+19
8.616852814e+19
8.46789321e+19
7.740215168e+19
6.022658018e+19
3.362876599e+19
3.038402498e+18
0
1.289012306e-28
3.394277366e-35
6.227086356e-50
1.085040995e-49
3.238041015e-56
1.711140658e-62
1.685501613e-62
1.659706547e-62
1.633822276e-62
1.607698752e-62
1.581609052e-62
1.555236183e-62
1.529887173e-62
1.503898678e-62
1.48137423e-62
1.456416152e-62
1.432751802e-62
1.408151268e-62
1.384526728e-62
1.360608863e-62
7.654401222e+19
9.134472016e+19
9.908736335e+19
1.060181168e+20
1.127090592e+20
1.19119515e+20
1.248581955e+20
1.30975875e+20
1.359711363e+20
1.411487878e+20
1.464304194e+20
1.514716084e+20
1.557457353e+20
1.604179355e+20
1.641447301e+20
1.683512698e+20
1.721272406e+20
1.758814593e+20
1.7918155e+20
1.824321038e+20
1.856091363e+20
1.880613408e+20
1.905784833e+20
1.931845533e+20
1.950113048e+20
1.972906698e+20
1.98547852e+20
1.994551699e+20
2.006480972e+20
2.008726639e+20
2.002491721e+20
1.992276064e+20
1.974550156e+20
1.94930951e+20
1.913611677e+20
1.867378666e+20
1.813645242e+20
1.750999901e+20
1.680721144e+20
1.605074303e+20
1.525168209e+20
1.44362929e+20
1.36203115e+20
1.282036251e+20
1.205462685e+20
1.134560668e+20
1.068781822e+20
1.008757602e+20
9.558411569e+19
9.063036508e+19
8.666478487e+19
8.334374112e+19
8.056708537e+19
7.810403527e+19
7.614403125e+19
7.44964027e+19
7.30220479e+19
7.204931591e+19
7.122570922e+19
7.072214656e+19
7.045188633e+19
7.037813703e+19
7.046062095e+19
7.082201671e+19
7.125777611e+19
7.219376532e+19
7.341157589e+19
7.479481404e+19
7.708599695e+19
7.932778677e+19
8.091182817e+19
8.134714193e+19
7.982214741e+19
7.416929078e+19
6.078005322e+19
3.832009888e+19
7.777853779e+18
8.184916135e+12
4.281339942e-21
8.393426008e-34
6.689201224e-47
7.718393339e-48
1.039882758e-52
1.727912188e-62
1.702693818e-62
1.676746904e-62
1.650651027e-62
1.62422669e-62
1.597640309e-62
1.571292472e-62
1.545850021e-62
1.520353992e-62
1.496915155e-62
1.472785574e-62
1.4477079e-62
1.423727019e-62
1.399331312e-62
1.375614976e-62
7.169576266e+19
8.571373871e+19
9.35614946e+19
1.003100842e+20
1.067153366e+20
1.131494008e+20
1.190292843e+20
1.24831739e+20
1.299092746e+20
1.354707077e+20
1.40252465e+20
1.449761935e+20
1.49425495e+20
1.541865937e+20
1.581923388e+20
1.618771698e+20
1.655951772e+20
1.694517925e+20
1.726718199e+20
1.7597709e+20
1.791792991e+20
1.818949086e+20
1.846131152e+20
1.869410187e+20
1.891578059e+20
1.91025956e+20
1.923978688e+20
1.937598339e+20
1.946566277e+20
1.950237934e+20
1.949834939e+20
1.940460325e+20
1.9240428e+20
1.90346804e+20
1.871496933e+20
1.828404255e+20
1.778377517e+20
1.719609451e+20
1.65305011e+20
1.580630124e+20
1.503798968e+20
1.424366533e+20
1.344478736e+20
1.265638188e+20
1.191856975e+20
1.120328677e+20
1.05574245e+20
9.960831344e+19
9.427399717e+19
8.926860295e+19
8.517235219e+19
8.196241376e+19
7.904338043e+19
7.643240787e+19
7.445027341e+19
7.27377144e+19
7.136794674e+19
7.02651708e+19
6.940708097e+19
6.871216673e+19
6.84015425e+19
6.825702457e+19
6.818641125e+19
6.839345914e+19
6.899304909e+19
6.939742849e+19
7.016157906e+19
7.135315784e+19
7.310325551e+19
7.511449271e+19
7.650835848e+19
7.683367761e+19
7.541717041e+19
7.091901567e+19
6.034645231e+19
4.171601769e+19
1.354690412e+19
6.662928448e+14
1.576941709e-21
1.198118347e-34
1.552542529e-36
1.780032843e-46
6.656948791e-52
1.747169157e-62
1.720366422e-62
1.694232125e-62
1.667749204e-62
1.64107631e-62
1.614436461e-62
1.588118134e-62
1.562809505e-62
1.537635259e-62
1.511892903e-62
1.488290433e-62
1.463254814e-62
1.437481799e-62
1.414681835e-62
1.391980124e-62
6.7103724e+19
8.129568365e+19
8.801625339e+19
9.471287518e+19
1.011493298e+20
1.075472745e+20
1.131800566e+20
1.191963845e+20
1.2432848e+20
1.296314142e+20
1.346643987e+20
1.392272045e+20
1.435916887e+20
1.479382189e+20
1.522323846e+20
1.559831133e+20
1.59702024e+20
1.632041106e+20
1.662336587e+20
1.695938541e+20
1.726648393e+20
1.755688389e+20
1.784096306e+20
1.805223719e+20
1.831034328e+20
1.848269311e+20
1.867353614e+20
1.880317808e+20
1.889172655e+20
1.896313985e+20
1.895702315e+20
1.88775722e+20
1.875122843e+20
1.857768785e+20
1.829900684e+20
1.788756848e+20
1.743374515e+20
1.688352242e+20
1.625558243e+20
1.556240978e+20
1.482525484e+20
1.406203156e+20
1.328822089e+20
1.250643987e+20
1.177093087e+20
1.106891986e+20
1.042649838e+20
9.835234053e+19
9.297774515e+19
8.796657999e+19
8.395026442e+19
8.054479834e+19
7.752043912e+19
7.503064717e+19
7.288958937e+19
7.109867781e+19
6.970168761e+19
6.850550413e+19
6.76554955e+19
6.686072186e+19
6.638792683e+19
6.597843703e+19
6.606108775e+19
6.606286089e+19
6.637575849e+19
6.654046871e+19
6.717411651e+19
6.805242007e+19
6.936472333e+19
7.084048759e+19
7.213735585e+19
7.266880875e+19
7.117133227e+19
6.73785654e+19
5.910562643e+19
4.387192832e+19
1.903486021e+19
1.43842196e+17
0.0007705650956
1.829455022e-24
3.023700752e-35
1.005608658e-45
1.397276962e-46
1.904041689e-62
1.771356919e-62
1.711962449e-62
1.685392796e-62
1.658614326e-62
1.631723331e-62
1.605230238e-62
1.57948989e-62
1.553874411e-62
1.528976603e-62
1.503005022e-62
1.478806082e-62
1.455288645e-62
1.430880895e-62
1.404766331e-62
6.273592514e+19
7.619191653e+19
8.342989937e+19
9.004519395e+19
9.639297392e+19
1.020847685e+20
1.078680725e+20
1.133266339e+20
1.185911576e+20
1.238797033e+20
1.287561444e+20
1.336514959e+20
1.378953441e+20
1.418662999e+20
1.460499328e+20
1.50004827e+20
1.538753534e+20
1.57004715e+20
1.605597582e+20
1.638593487e+20
1.666244123e+20
1.6981448e+20
1.724098068e+20
1.748879723e+20
1.769600683e+20
1.789705646e+20
1.809507975e+20
1.821861045e+20
1.831822556e+20
1.840327141e+20
1.84406704e+20
1.838251345e+20
1.825643829e+20
1.810203206e+20
1.788633949e+20
1.750805321e+20
1.708349867e+20
1.657035045e+20
1.597909168e+20
1.531792713e+20
1.461303495e+20
1.387827957e+20
1.311226104e+20
1.237971872e+20
1.165203825e+20
1.095221961e+20
1.030322824e+20
9.719398219e+19
9.18233679e+19
8.67443221e+19
8.266287884e+19
7.920141744e+19
7.62564007e+19
7.361623369e+19
7.129954671e+19
6.961359227e+19
6.810835659e+19
6.686959106e+19
6.59416904e+19
6.501199872e+19
6.434221557e+19
6.424561996e+19
6.383403815e+19
6.366900459e+19
6.391309674e+19
6.440164776e+19
6.46346645e+19
6.505019237e+19
6.540384943e+19
6.705096213e+19
6.81352793e+19
6.864047663e+19
6.736325566e+19
6.41108458e+19
5.728584255e+19
4.495122458e+19
2.516260837e+19
1.804760917e+18
312.0801018
0
6.946673213e-33
3.571422969e-38
2.176181146e-43
8.62153771e-62
2.48483016e-62
1.729923196e-62
1.703394906e-62
1.676450959e-62
1.649209095e-62
1.621957317e-62
1.595278109e-62
1.570068001e-62
1.544063284e-62
1.518682142e-62
1.494141706e-62
1.471325554e-62
1.447384777e-62
1.416608729e-62
5.858473304e+19
7.144795709e+19
7.840037645e+19
8.485780516e+19
9.10530511e+19
9.710889885e+19
1.02620774e+20
1.080254632e+20
1.130723026e+20
1.182878021e+20
1.233978309e+20
1.277582931e+20
1.323415689e+20
1.36179943e+20
1.402266856e+20
1.439655148e+20
1.478394947e+20
1.514388712e+20
1.548114933e+20
1.579158591e+20
1.610666443e+20
1.639863606e+20
1.662956758e+20
1.688898893e+20
1.710914171e+20
1.734690465e+20
1.751577552e+20
1.76820185e+20
1.779048468e+20
1.785452996e+20
1.792840392e+20
1.787530264e+20
1.781620744e+20
1.765236691e+20
1.747796362e+20
1.712424709e+20
1.67352111e+20
1.625808441e+20
1.570242093e+20
1.507528904e+20
1.440145583e+20
1.368931638e+20
1.294870166e+20
1.222577646e+20
1.15140591e+20
1.08437003e+20
1.018338391e+20
9.599553225e+19
9.068318402e+19
8.563681459e+19
8.140529069e+19
7.798753776e+19
7.494118834e+19
7.222797276e+19
6.997244636e+19
6.813679599e+19
6.66524078e+19
6.53361202e+19
6.429864387e+19
6.34828254e+19
6.280067131e+19
6.242673329e+19
6.213704491e+19
6.195865688e+19
6.169928965e+19
6.18613079e+19
6.201906959e+19
6.234958009e+19
6.262302568e+19
6.268608277e+19
6.409724538e+19
6.446509294e+19
6.376995967e+19
6.079663942e+19
5.514727224e+19
4.51323794e+19
2.847273634e+19
5.239311619e+18
1.275943504e+12
1.728756629e-22
1.159499855e-31
3.05477737e-38
6.255492841e-42
7.796633164e-61
2.173473466e-61
1.748618018e-62
1.721725563e-62
1.694706874e-62
1.667471272e-62
1.640467564e-62
1.613655188e-62
1.586568551e-62
1.561944959e-62
1.53469541e-62
1.512185888e-62
1.484505451e-62
1.459679159e-62
1.432713091e-62
5.467160659e+19
6.772391247e+19
7.443078565e+19
8.002087854e+19
8.612839085e+19
9.202046066e+19
9.739827006e+19
1.025315022e+20
1.079041512e+20
1.130268493e+20
1.179473025e+20
1.221441962e+20
1.265778407e+20
1.308291971e+20
1.345626489e+20
1.385882054e+20
1.42037652e+20
1.456806584e+20
1.488755855e+20
1.521123645e+20
1.553847451e+20
1.581499765e+20
1.609322526e+20
1.635156757e+20
1.657636359e+20
1.678339327e+20
1.694739757e+20
1.713704544e+20
1.725554502e+20
1.734708613e+20
1.740440544e+20
1.739609238e+20
1.733557826e+20
1.719325051e+20
1.705478751e+20
1.674306261e+20
1.638701784e+20
1.594458857e+20
1.542509653e+20
1.4831219e+20
1.418975125e+20
1.350968971e+20
1.281299367e+20
1.209991955e+20
1.13979976e+20
1.072057142e+20
1.007912147e+20
9.487322426e+19
8.957909379e+19
8.454945625e+19
8.027788936e+19
7.679787412e+19
7.368987965e+19
7.08977173e+19
6.861957552e+19
6.663599597e+19
6.513700646e+19
6.383719274e+19
6.268693775e+19
6.188008894e+19
6.118466836e+19
6.056973928e+19
6.031099394e+19
6.01081698e+19
5.994419919e+19
5.971879477e+19
5.962808747e+19
5.980777893e+19
5.990551619e+19
5.990166711e+19
5.978304951e+19
6.071054655e+19
6.029843534e+19
5.742084205e+19
5.280757826e+19
4.466818247e+19
3.15296272e+19
9.743220856e+18
0
6.268874201e-24
1.141200436e-31
2.654784847e-32
6.232494649e-38
1.985035645e-43
2.66299149e-60
1.768929343e-62
1.740328109e-62
1.712999182e-62
1.685241904e-62
1.657741964e-62
1.631348317e-62
1.605478334e-62
1.579854286e-62
1.556762748e-62
1.531326713e-62
1.508462459e-62
1.480986819e-62
1.454547671e-62
5.096056806e+19
6.312833203e+19
6.96452133e+19
7.610308183e+19
8.157177861e+19
8.71209249e+19
9.276406173e+19
9.787396527e+19
1.028789336e+20
1.077818923e+20
1.126246562e+20
1.166113321e+20
1.211992042e+20
1.25554157e+20
1.292829657e+20
1.333354669e+20
1.368026765e+20
1.400845658e+20
1.437108191e+20
1.468671975e+20
1.498101108e+20
1.524090839e+20
1.552299759e+20
1.578864926e+20
1.601918349e+20
1.622525819e+20
1.64367263e+20
1.658845897e+20
1.671595581e+20
1.683779817e+20
1.687755527e+20
1.690618174e+20
1.686146764e+20
1.678114574e+20
1.661622698e+20
1.637021992e+20
1.604212771e+20
1.563375936e+20
1.514883543e+20
1.458906076e+20
1.397741013e+20
1.332615922e+20
1.265387236e+20
1.194761145e+20
1.126744159e+20
1.061277379e+20
9.98516651e+19
9.395547138e+19
8.848212623e+19
8.349599041e+19
7.916464241e+19
7.564495125e+19
7.253450373e+19
6.976046938e+19
6.732050261e+19
6.535919005e+19
6.369098471e+19
6.244421602e+19
6.132573634e+19
6.036667142e+19
5.962844886e+19
5.891800048e+19
5.844134669e+19
5.821762253e+19
5.801751861e+19
5.755226324e+19
5.765334837e+19
5.75063202e+19
5.733680751e+19
5.72443258e+19
5.717196198e+19
5.666544403e+19
5.690500897e+19
5.436633883e+19
5.05231037e+19
4.367473651e+19
3.326655824e+19
1.495760341e+19
1.657883279e+17
6.102035494e-08
1.38137955e-25
3.789227931e-33
2.928516952e-37
1.121606745e-43
2.092696274e-50
1.972297909e-62
1.778872618e-62
1.732079484e-62
1.703737424e-62
1.676751713e-62
1.650142855e-62
1.623633673e-62
1.598056875e-62
1.573832988e-62
1.549347507e-62
1.52312717e-62
1.499043681e-62
1.47364841e-62
4.744302247e+19
5.909087709e+19
6.543168174e+19
7.143283594e+19
7.766350774e+19
8.298732716e+19
8.80531512e+19
9.313007038e+19
9.830387338e+19
1.025611379e+20
1.071796608e+20
1.118382642e+20
1.161037734e+20
1.201582513e+20
1.239639453e+20
1.278215187e+20
1.314600339e+20
1.350114609e+20
1.383808756e+20
1.415844937e+20
1.442011324e+20
1.473376579e+20
1.497821258e+20
1.524176561e+20
1.54732166e+20
1.567877759e+20
1.589704468e+20
1.604989479e+20
1.619224201e+20
1.632125788e+20
1.640531004e+20
1.644094268e+20
1.641123902e+20
1.633579534e+20
1.619567859e+20
1.599785814e+20
1.569585279e+20
1.532056195e+20
1.4870305e+20
1.434505135e+20
1.376510769e+20
1.314230894e+20
1.248506698e+20
1.182217164e+20
1.115110567e+20
1.050115374e+20
9.874034776e+19
9.287373441e+19
8.749983488e+19
8.248234942e+19
7.815543693e+19
7.453935762e+19
7.142353252e+19
6.857110604e+19
6.610873175e+19
6.404118134e+19
6.242742298e+19
6.099540703e+19
5.98657979e+19
5.884900895e+19
5.811655708e+19
5.745687121e+19
5.689457148e+19
5.635908702e+19
5.614157238e+19
5.59225319e+19
5.559067946e+19
5.52972761e+19
5.499938064e+19
5.476197975e+19
5.44037017e+19
5.411982578e+19
5.324447726e+19
5.158446655e+19
4.838310888e+19
4.243082108e+19
3.373300461e+19
1.991318422e+19
1.676764658e+18
2.052765784e-09
1.623846036e-18
6.507355508e-29
2.180679567e-31
3.210941323e-39
3.075868506e-49
6.023861631e-63
1.800393262e-62
1.750801847e-62
1.720050971e-62
1.696624606e-62
1.669244481e-62
1.6423574e-62
1.615889491e-62
1.591429057e-62
1.567300668e-62
1.54323971e-62
1.516734864e-62
1.491249307e-62
4.41354659e+19
5.591815118e+19
6.193886344e+19
6.737349175e+19
7.316049814e+19
7.824123342e+19
8.339271138e+19
8.831773915e+19
9.342213976e+19
9.832160863e+19
1.025419728e+20
1.068611848e+20
1.109172619e+20
1.148617839e+20
1.191170088e+20
1.22554293e+20
1.262144688e+20
1.298269211e+20
1.329557787e+20
1.363892583e+20
1.392568413e+20
1.420578233e+20
1.448625711e+20
1.470114169e+20
1.49732287e+20
1.518432864e+20
1.538083728e+20
1.556575993e+20
1.570931093e+20
1.580738224e+20
1.591850595e+20
1.597611711e+20
1.59606339e+20
1.590551281e+20
1.578418001e+20
1.563209957e+20
1.535554929e+20
1.500918577e+20
1.459241093e+20
1.410005137e+20
1.355012251e+20
1.2956612e+20
1.233396592e+20
1.1670757e+20
1.102568836e+20
1.038710637e+20
9.774408642e+19
9.19497157e+19
8.664794795e+19
8.151070496e+19
7.714668022e+19
7.349388593e+19
7.040263993e+19
6.747475e+19
6.496314251e+19
6.287047519e+19
6.110704225e+19
5.976026675e+19
5.848781754e+19
5.752874238e+19
5.665562908e+19
5.598562587e+19
5.528441941e+19
5.490507922e+19
5.45131315e+19
5.412014435e+19
5.36329905e+19
5.34465808e+19
5.295305868e+19
5.255270604e+19
5.185173415e+19
5.154203779e+19
5.066136605e+19
4.895267503e+19
4.59209413e+19
4.080017083e+19
3.417454061e+19
2.309197611e+19
4.711346376e+18
2.726263642e+12
8.348966764e-17
4.271221258e-29
1.695271281e-30
8.587368756e-38
1.817413485e-49
2.200699961e-51
2.02583653e-58
1.300056885e-62
1.745863781e-62
1.715900423e-62
1.687784218e-62
1.659607158e-62
1.635139187e-62
1.610534719e-62
1.585733874e-62
1.560889814e-62
1.534762837e-62
1.507502993e-62
4.100972572e+19
5.194470647e+19
5.776617574e+19
6.313972534e+19
6.87785493e+19
7.400740207e+19
7.931753985e+19
8.42574603e+19
8.916361863e+19
9.339727877e+19
9.792566362e+19
1.017549395e+20
1.064396739e+20
1.103978385e+20
1.143927953e+20
1.178534517e+20
1.214899452e+20
1.246091118e+20
1.277900665e+20
1.309582193e+20
1.340554111e+20
1.369518317e+20
1.39767909e+20
1.422229267e+20
1.445849351e+20
1.466804734e+20
1.485060717e+20
1.506180132e+20
1.521156102e+20
1.534565466e+20
1.543212017e+20
1.552755133e+20
1.552054562e+20
1.54659452e+20
1.536571622e+20
1.526398078e+20
1.500507267e+20
1.469125403e+20
1.430796845e+20
1.385322871e+20
1.333704618e+20
1.276992812e+20
1.216842862e+20
1.15457452e+20
1.090965168e+20
1.028588999e+20
9.68698735e+19
9.114205819e+19
8.57457071e+19
8.067468327e+19
7.630361376e+19
7.256915407e+19
6.937662725e+19
6.64748756e+19
6.384777438e+19
6.170741736e+19
5.985484412e+19
5.846036882e+19
5.727368714e+19
5.616004916e+19
5.533338271e+19
5.456775029e+19
5.394560056e+19
5.338501167e+19
5.274981036e+19
5.231192874e+19
5.209318568e+19
5.152554828e+19
5.100776559e+19
5.035898099e+19
4.983341667e+19
4.909817275e+19
4.819499027e+19
4.640445483e+19
4.369475653e+19
3.939034978e+19
3.387933751e+19
2.510228139e+19
8.687811855e+18
1.427660407e+15
9.083053434e-15
4.014810918e-25
4.282383558e-28
6.219684968e-37
9.442782887e-48
1.236109606e-51
3.201234713e-56
2.803549296e-62
1.763713091e-62
1.735742462e-62
1.708403601e-62
1.68232744e-62
1.65468567e-62
1.629766285e-62
1.604265746e-62
1.577931524e-62
1.552583347e-62
1.525790319e-62
3.806020936e+19
4.847294259e+19
5.473744535e+19
6.005097325e+19
6.492394554e+19
7.007328842e+19
7.491526759e+19
7.992591413e+19
8.481492301e+19
8.916662086e+19
9.306290371e+19
9.749265764e+19
1.020164401e+20
1.056006973e+20
1.095069808e+20
1.13069495e+20
1.166491097e+20
1.199584687e+20
1.232040669e+20
1.260299671e+20
1.289869033e+20
1.316971413e+20
1.34782594e+20
1.372764877e+20
1.39537557e+20
1.416742917e+20
1.439154162e+20
1.456159137e+20
1.471852103e+20
1.486743756e+20
1.497629945e+20
1.505997337e+20
1.508907707e+20
1.504763307e+20
1.499487549e+20
1.486481283e+20
1.466323787e+20
1.437945179e+20
1.403093899e+20
1.36089182e+20
1.312013359e+20
1.258208739e+20
1.200561909e+20
1.139483842e+20
1.078714851e+20
1.017382225e+20
9.585714091e+19
9.022121572e+19
8.496344981e+19
7.983445788e+19
7.535984006e+19
7.167062816e+19
6.841491632e+19
6.548578717e+19
6.282511862e+19
6.06030573e+19
5.878771357e+19
5.719952057e+19
5.597490092e+19
5.498516792e+19
5.400338552e+19
5.324924527e+19
5.257537243e+19
5.184731395e+19
5.137323886e+19
5.092994195e+19
5.03913783e+19
4.980029817e+19
4.934013192e+19
4.860307538e+19
4.789516054e+19
4.708146734e+19
4.587757871e+19
4.413257583e+19
4.171943961e+19
3.79699111e+19
3.319474966e+19
2.622796215e+19
1.339431463e+19
2.492622548e+17
1.94066611e-06
0
6.944322299e-25
6.342579119e-36
1.883836704e-41
2.673773213e-44
2.733675427e-53
6.857026057e-62
1.780374896e-62
1.750938702e-62
1.728356472e-62
1.701445511e-62
1.674867645e-62
1.649508472e-62
1.623692416e-62
1.597969589e-62
1.570677531e-62
1.544129519e-62
3.529260395e+19
4.563417772e+19
5.101398063e+19
5.627415008e+19
6.16965227e+19
6.665814541e+19
7.131361941e+19
7.585332344e+19
8.055882013e+19
8.468780368e+19
8.90808555e+19
9.32042672e+19
9.73313799e+19
1.011104279e+20
1.050635647e+20
1.086627456e+20
1.120244479e+20
1.152292931e+20
1.184240587e+20
1.215441669e+20
1.244544976e+20
1.272338833e+20
1.296724152e+20
1.323960917e+20
1.345256084e+20
1.370834015e+20
1.391549684e+20
1.407548345e+20
1.426628422e+20
1.438618203e+20
1.451459723e+20
1.458539446e+20
1.4636476e+20
1.463422021e+20
1.459896088e+20
1.448789432e+20
1.43298635e+20
1.407557901e+20
1.375305838e+20
1.33634538e+20
1.290168663e+20
1.239282746e+20
1.184243195e+20
1.12700776e+20
1.06704964e+20
1.008006445e+20
9.498679932e+19
8.941128111e+19
8.416580188e+19
7.9032844e+19
7.457274804e+19
7.078393237e+19
6.747878862e+19
6.455131474e+19
6.183636946e+19
5.956293237e+19
5.766194709e+19
5.601098737e+19
5.478817483e+19
5.369826485e+19
5.276696634e+19
5.189550023e+19
5.12207389e+19
5.060652106e+19
4.991548263e+19
4.947391047e+19
4.878724978e+19
4.837343982e+19
4.761001119e+19
4.681407412e+19
4.608331221e+19
4.508285563e+19
4.397397987e+19
4.188151522e+19
3.977232372e+19
3.643194836e+19
3.208507964e+19
2.663659052e+19
1.616256633e+19
1.984509376e+18
1442238677
1.925630022e-17
0
3.750561256e-34
2.684575599e-40
1.035812095e-44
2.867438621e-54
1.84304837e-58
1.804610381e-62
1.778666147e-62
1.749049774e-62
1.722380924e-62
1.69540274e-62
1.669502526e-62
1.643091531e-62
1.616249278e-62
1.58905298e-62
1.563078625e-62
3.269430307e+19
4.272370674e+19
4.760723715e+19
5.262258968e+19
5.772327047e+19
6.2664318e+19
6.745296238e+19
7.182096949e+19
7.662783132e+19
8.078141482e+19
8.471808536e+19
8.898874302e+19
9.294493525e+19
9.685672487e+19
1.002137012e+20
1.041728361e+20
1.070872768e+20
1.104220817e+20
1.137885497e+20
1.169619139e+20
1.197319091e+20
1.226060927e+20
1.249578999e+20
1.274481976e+20
1.30080862e+20
1.324195473e+20
1.342590895e+20
1.363696737e+20
1.379577794e+20
1.395789927e+20
1.405093075e+20
1.414135905e+20
1.422398081e+20
1.423541413e+20
1.419628126e+20
1.409870088e+20
1.399647775e+20
1.3773761e+20
1.347369325e+20
1.311177539e+20
1.267985582e+20
1.22020938e+20
1.167890318e+20
1.111830248e+20
1.054764046e+20
9.968309056e+19
9.405530435e+19
8.856695452e+19
8.337614986e+19
7.832100417e+19
7.3728232e+19
7.000911104e+19
6.664727091e+19
6.365272308e+19
6.094521629e+19
5.858523109e+19
5.658614431e+19
5.500911131e+19
5.363576383e+19
5.246862336e+19
5.156980116e+19
5.074114997e+19
4.991705674e+19
4.931287205e+19
4.86550715e+19
4.798442018e+19
4.748718867e+19
4.68185561e+19
4.604795728e+19
4.520215246e+19
4.4441508e+19
4.303351961e+19
4.206207853e+19
4.017269083e+19
3.788374021e+19
3.51331241e+19
3.100409294e+19
2.657921164e+19
1.860153619e+19
4.963711733e+18
0
2.205871418e-16
6.229107825e-18
9.591518763e-34
3.751185336e-38
3.113172359e-38
4.454231337e-49
1.291770928e-57
1.742890959e-62
1.796111864e-62
1.770359427e-62
1.74310026e-62
1.716132826e-62
1.689714081e-62
1.663059131e-62
1.636093871e-62
1.60765444e-62
1.581192389e-62
3.025136644e+19
3.961670297e+19
4.509570913e+19
4.934732646e+19
5.430137817e+19
5.898828047e+19
6.354660105e+19
6.844405639e+19
7.262610997e+19
7.674744506e+19
8.075494334e+19
8.484792504e+19
8.85671056e+19
9.269378156e+19
9.618612966e+19
9.967705194e+19
1.029544043e+20
1.062115888e+20
1.090856294e+20
1.12240397e+20
1.150314607e+20
1.179060557e+20
1.206654134e+20
1.231839933e+20
1.255839764e+20
1.275803642e+20
1.296795003e+20
1.318261585e+20
1.334216282e+20
1.35126981e+20
1.363619858e+20
1.37341554e+20
1.3818671e+20
1.383203963e+20
1.381182976e+20
1.375983497e+20
1.363514576e+20
1.345736526e+20
1.317602831e+20
1.285365009e+20
1.246008531e+20
1.200960199e+20
1.151221202e+20
1.099393653e+20
1.043187809e+20
9.872347964e+19
9.314995353e+19
8.774880097e+19
8.260698389e+19
7.76977777e+19
7.300919824e+19
6.922793255e+19
6.584209707e+19
6.279571522e+19
6.006714941e+19
5.760977446e+19
5.564598917e+19
5.392299164e+19
5.249067826e+19
5.140431833e+19
5.034984819e+19
4.958145245e+19
4.879479951e+19
4.804642301e+19
4.738985448e+19
4.667112855e+19
4.612745457e+19
4.534630675e+19
4.472474124e+19
4.381962972e+19
4.268254696e+19
4.159372125e+19
4.014774115e+19
3.852023771e+19
3.620456275e+19
3.383125444e+19
2.999851765e+19
2.621563964e+19
2.045090917e+19
8.412132442e+18
1.138561625e+17
8.336004754e-18
1.480369475e-17
1.469634424e-27
7.26989072e-35
1.681648745e-36
2.263548296e-48
2.305878008e-52
5.916681378e-58
1.820255283e-62
1.791555912e-62
1.764223008e-62
1.736923235e-62
1.709533077e-62
1.683379308e-62
1.654961324e-62
1.627298771e-62
1.600232045e-62
2.795508713e+19
3.660817351e+19
4.198206361e+19
4.674557598e+19
5.162324172e+19
5.562832714e+19
6.055703651e+19
6.455301687e+19
6.880281248e+19
7.289709415e+19
7.710759875e+19
8.104468957e+19
8.438090699e+19
8.83364546e+19
9.204545814e+19
9.511785493e+19
9.888630809e+19
1.020794837e+20
1.050355512e+20
1.078404772e+20
1.109001354e+20
1.133129908e+20
1.162587092e+20
1.186474491e+20
1.209382628e+20
1.231399652e+20
1.254924935e+20
1.273422131e+20
1.2925302e+20
1.306818545e+20
1.320983354e+20
1.332173501e+20
1.341098587e+20
1.344503846e+20
1.342566367e+20
1.339423196e+20
1.328412005e+20
1.314227282e+20
1.290614409e+20
1.260769155e+20
1.224240059e+20
1.181635469e+20
1.134603413e+20
1.085279202e+20
1.030450669e+20
9.761001019e+19
9.224090876e+19
8.691324383e+19
8.182716931e+19
7.695757443e+19
7.226589503e+19
6.838816091e+19
6.512324597e+19
6.200949076e+19
5.922695637e+19
5.677330828e+19
5.467719123e+19
5.294363008e+19
5.14675987e+19
5.02914369e+19
4.931423837e+19
4.838772141e+19
4.758917997e+19
4.690477903e+19
4.625464818e+19
4.556018668e+19
4.4753287e+19
4.405596651e+19
4.333996357e+19
4.237777278e+19
4.139752162e+19
4.016497652e+19
3.882360542e+19
3.710007678e+19
3.47235552e+19
3.257458273e+19
2.897969468e+19
2.568852116e+19
2.122796035e+19
1.226058193e+19
9.910655275e+17
4927475.238
5.305428334e-16
0
0
3.969069919e-35
2.036341614e-48
3.225225034e-53
1.469647218e-55
2.452099184e-62
1.813258229e-62
1.78538382e-62
1.757970082e-62
1.731967303e-62
1.702043536e-62
1.675123692e-62
1.647240401e-62
1.619561546e-62
2.580552517e+19
3.440137737e+19
3.885906499e+19
4.364286837e+19
4.836220718e+19
5.293148068e+19
5.68651289e+19
6.109365416e+19
6.496333201e+19
6.960213492e+19
7.327404602e+19
7.728424244e+19
8.070996954e+19
8.45817229e+19
8.772374998e+19
9.104241612e+19
9.452296839e+19
9.800496194e+19
1.009294356e+20
1.035997788e+20
1.066905809e+20
1.093306321e+20
1.117467706e+20
1.141722089e+20
1.16537072e+20
1.190502291e+20
1.211048039e+20
1.228611645e+20
1.248734234e+20
1.263203868e+20
1.277129616e+20
1.292794332e+20
1.30207104e+20
1.304801766e+20
1.305543547e+20
1.302730325e+20
1.295963807e+20
1.283938915e+20
1.263499167e+20
1.23580675e+20
1.201768096e+20
1.162080587e+20
1.117816242e+20
1.069875277e+20
1.018907799e+20
9.666441471e+19
9.134922649e+19
8.61808314e+19
8.114580852e+19
7.627129951e+19
7.158586524e+19
6.770939809e+19
6.435543319e+19
6.125269267e+19
5.843429993e+19
5.593941558e+19
5.377692404e+19
5.20026296e+19
5.048295901e+19
4.923877912e+19
4.819282902e+19
4.725844097e+19
4.657274032e+19
4.571837908e+19
4.514442679e+19
4.442470296e+19
4.372691255e+19
4.295555328e+19
4.197931696e+19
4.119738652e+19
3.998799923e+19
3.891781174e+19
3.744624412e+19
3.576227976e+19
3.35286367e+19
3.137658609e+19
2.832111553e+19
2.480482209e+19
2.139405108e+19
1.424043039e+19
2.920637892e+18
0
0.0001802325856
2.529296443e-25
5.348240285e-30
4.147327901e-31
4.839171149e-41
3.054375906e-43
4.092307022e-56
1.184290749e-62
1.793046358e-62
1.807132232e-62
1.779111219e-62
1.751719843e-62
1.723198973e-62
1.695274607e-62
1.666892943e-62
1.63993952e-62
2.379815932e+19
3.210120117e+19
3.673693104e+19
4.05487204e+19
4.521448969e+19
4.971714926e+19
5.365827387e+19
5.779127797e+19
6.200686653e+19
6.58564217e+19
6.990668336e+19
7.378747248e+19
7.700371472e+19
8.06603809e+19
8.401693761e+19
8.733639726e+19
9.037949346e+19
9.382090125e+19
9.667113384e+19
9.976806438e+19
1.023973879e+20
1.051971158e+20
1.075236493e+20
1.102628515e+20
1.125852306e+20
1.14872032e+20
1.168854097e+20
1.189577049e+20
1.206430431e+20
1.22417087e+20
1.238815783e+20
1.251513236e+20
1.260552293e+20
1.267808552e+20
1.269256017e+20
1.266621451e+20
1.26148979e+20
1.251330619e+20
1.235944845e+20
1.20954807e+20
1.178721463e+20
1.142205743e+20
1.100729635e+20
1.055975265e+20
1.005643598e+20
9.557698436e+19
9.044673744e+19
8.534573846e+19
8.039702015e+19
7.564729931e+19
7.094266891e+19
6.705733729e+19
6.371793912e+19
6.064433083e+19
5.769190484e+19
5.515843727e+19
5.295933872e+19
5.110104405e+19
4.956309898e+19
4.818053495e+19
4.715928521e+19
4.628816751e+19
4.546500341e+19
4.476227064e+19
4.403432283e+19
4.331690412e+19
4.260224166e+19
4.18166645e+19
4.102779866e+19
3.997143559e+19
3.892614432e+19
3.764097406e+19
3.621013636e+19
3.464421337e+19
3.232256944e+19
3.016613988e+19
2.755472706e+19
2.414240655e+19
2.115523362e+19
1.621602917e+19
5.951583663e+18
5.833596523e+16
0
0
7.600980507e-30
2.277104835e-29
6.072009131e-40
8.476671458e-42
3.210449487e-48
2.415542884e-59
5.725258712e-61
1.829737637e-62
1.801515078e-62
1.772874805e-62
1.744076307e-62
1.716472569e-62
1.689130201e-62
1.660856674e-62
2.192152181e+19
2.955001621e+19
3.418322762e+19
3.847228916e+19
4.233408211e+19
4.649050207e+19
5.084848058e+19
5.507667977e+19
5.871194842e+19
6.249634503e+19
6.638884434e+19
7.009955292e+19
7.330979942e+19
7.667900788e+19
8.013527092e+19
8.351408093e+19
8.682537106e+19
8.980253868e+19
9.269472888e+19
9.570246659e+19
9.824721388e+19
1.00991729e+20
1.03710188e+20
1.0625559e+20
1.085587747e+20
1.105951908e+20
1.125800567e+20
1.148229976e+20
1.165769684e+20
1.184508476e+20
1.198445462e+20
1.209863001e+20
1.219883532e+20
1.230960196e+20
1.233021161e+20
1.232279285e+20
1.228742936e+20
1.219665563e+20
1.206506347e+20
1.183657672e+20
1.156572294e+20
1.12230305e+20
1.083429869e+20
1.040837422e+20
9.941464974e+19
9.456545367e+19
8.954482607e+19
8.460357667e+19
7.970088465e+19
7.514434655e+19
7.036675165e+19
6.646809942e+19
6.305248469e+19
5.992798989e+19
5.69891124e+19
5.440214857e+19
5.220640678e+19
5.022784529e+19
4.863509651e+19
4.730887587e+19
4.61835314e+19
4.523016616e+19
4.439062543e+19
4.368506384e+19
4.296260337e+19
4.22839387e+19
4.155390072e+19
4.082384112e+19
3.995360262e+19
3.902851436e+19
3.78756984e+19
3.666042151e+19
3.521314627e+19
3.341554022e+19
3.143198982e+19
2.931626878e+19
2.686768651e+19
2.349803433e+19
2.089605223e+19
1.708409371e+19
9.082192438e+18
5.789422143e+17
3269603.062
2.941640668e-08
3.191510577e-16
1.469624835e-28
5.543998474e-39
2.428199024e-40
2.395383447e-46
9.267294773e-59
3.679248086e-59
1.851900126e-62
1.822859046e-62
1.79447089e-62
1.765534363e-62
1.737618603e-62
1.709986221e-62
1.681778311e-62
2.017317263e+19
2.769190262e+19
3.194668348e+19
3.570768747e+19
4.00085039e+19
4.362907247e+19
4.770691668e+19
5.181222811e+19
5.546059485e+19
5.953700239e+19
6.312131933e+19
6.623520365e+19
6.99800681e+19
7.336944497e+19
7.684009737e+19
7.982211945e+19
8.293752294e+19
8.589514082e+19
8.913239905e+19
9.197939711e+19
9.467497022e+19
9.70644372e+19
9.982434444e+19
1.020110123e+20
1.043816194e+20
1.065608613e+20
1.088942312e+20
1.107930847e+20
1.126507074e+20
1.142699666e+20
1.1583419e+20
1.171037028e+20
1.181376509e+20
1.192761184e+20
1.196698769e+20
1.199676915e+20
1.196124471e+20
1.187708466e+20
1.178137766e+20
1.159912975e+20
1.134301688e+20
1.101901268e+20
1.065837108e+20
1.025616329e+20
9.803836347e+19
9.344840685e+19
8.861678914e+19
8.381694174e+19
7.909878159e+19
7.446129586e+19
6.975301015e+19
6.573590056e+19
6.240973113e+19
5.934011992e+19
5.641515656e+19
5.370872404e+19
5.146042563e+19
4.948563555e+19
4.781384111e+19
4.641473051e+19
4.521682286e+19
4.424326747e+19
4.337527575e+19
4.264873583e+19
4.192915364e+19
4.12448786e+19
4.053684244e+19
3.976358626e+19
3.893863596e+19
3.801142387e+19
3.692879331e+19
3.564832699e+19
3.422723981e+19
3.256511241e+19
3.051814447e+19
2.840003336e+19
2.612848481e+19
2.289181852e+19
2.050199765e+19
1.743898047e+19
1.114149828e+19
1.924444076e+18
0
1.800266867e-07
0
4.589782934e-27
4.33573267e-33
7.778057671e-41
6.156200341e-45
2.626696707e-51
7.886945326e-58
1.853263755e-62
1.846239252e-62
1.816647698e-62
1.787766417e-62
1.759967468e-62
1.731301132e-62
1.702807741e-62
1.854370692e+19
2.553182201e+19
2.954025836e+19
3.320806678e+19
3.76081555e+19
4.146702992e+19
4.531579621e+19
4.875979533e+19
5.290121075e+19
5.629427365e+19
6.015294441e+19
6.330242581e+19
6.66949609e+19
7.000064241e+19
7.335725646e+19
7.653041421e+19
7.953784549e+19
8.253804476e+19
8.555467057e+19
8.808886016e+19
9.087202267e+19
9.346299518e+19
9.581663669e+19
9.817182271e+19
1.00472632e+20
1.029124081e+20
1.050301118e+20
1.067473257e+20
1.086835833e+20
1.103455702e+20
1.119341527e+20
1.131630542e+20
1.145517621e+20
1.155233493e+20
1.16230333e+20
1.164363516e+20
1.163298383e+20
1.158116768e+20
1.147814964e+20
1.135135678e+20
1.110693739e+20
1.081708498e+20
1.048142347e+20
1.010186886e+20
9.689906186e+19
9.232096595e+19
8.771241698e+19
8.303969042e+19
7.83168165e+19
7.377100222e+19
6.918130859e+19
6.512035966e+19
6.176781263e+19
5.873214326e+19
5.575385524e+19
5.304458246e+19
5.072912603e+19
4.87418189e+19
4.698106939e+19
4.552958282e+19
4.429282413e+19
4.331295431e+19
4.245147167e+19
4.16645483e+19
4.0932845e+19
4.024397554e+19
3.953366077e+19
3.879296574e+19
3.796487547e+19
3.703434394e+19
3.595767338e+19
3.471483375e+19
3.33026354e+19
3.165259899e+19
2.962805347e+19
2.755248428e+19
2.546470999e+19
2.254708775e+19
1.983478243e+19
1.733567719e+19
1.30903525e+19
4.334033076e+18
4.237949143e+16
0
8.081000626e-10
9.330703893e-27
1.318498136e-31
3.484874196e-38
1.208408061e-43
2.846559907e-51
5.579897689e-56
2.194015368e-62
1.869059701e-62
1.839085939e-62
1.810278587e-62
1.781945995e-62
1.753524738e-62
1.72481636e-62
1.702880184e+19
2.377257589e+19
2.771526475e+19
3.135102124e+19
3.489500793e+19
3.870679009e+19
4.233476804e+19
4.60025596e+19
4.972782538e+19
5.331705493e+19
5.685699788e+19
6.015897159e+19
6.343491592e+19
6.681356977e+19
7.019699717e+19
7.309850617e+19
7.619114277e+19
7.908960609e+19
8.18624428e+19
8.431461359e+19
8.714942473e+19
8.974693751e+19
9.205554138e+19
9.471433697e+19
9.696973887e+19
9.915594415e+19
1.011604368e+20
1.03305167e+20
1.051810901e+20
1.068323837e+20
1.084210956e+20
1.097475483e+20
1.109529521e+20
1.121124866e+20
1.128882436e+20
1.129862669e+20
1.131921575e+20
1.12899432e+20
1.120537498e+20
1.108177091e+20
1.087312706e+20
1.061726587e+20
1.030104093e+20
9.945957927e+19
9.55613505e+19
9.125619514e+19
8.675399155e+19
8.225217324e+19
7.761705544e+19
7.321222696e+19
6.859020084e+19
6.458473664e+19
6.118189954e+19
5.819637001e+19
5.519563162e+19
5.24869597e+19
5.006635732e+19
4.804059346e+19
4.623303553e+19
4.475805602e+19
4.350099909e+19
4.240096152e+19
4.149983704e+19
4.071018918e+19
3.99718637e+19
3.927295492e+19
3.857433607e+19
3.783633551e+19
3.702312e+19
3.610706079e+19
3.506372723e+19
3.38415336e+19
3.243451073e+19
3.083401263e+19
2.883519914e+19
2.680568883e+19
2.485120638e+19
2.215704295e+19
1.924830259e+19
1.722742941e+19
1.374258987e+19
7.022298634e+18
2.579288507e+17
119053.4815
0
4.022839305e-25
1.417337185e-30
1.66003908e-37
1.727200019e-42
3.911009215e-49
7.733028493e-57
1.361131196e-62
1.892519981e-62
1.862793409e-62
1.832627704e-62
1.798969546e-62
1.776168153e-62
1.747435089e-62
1.562062208e+19
2.183808927e+19
2.568102271e+19
2.910600324e+19
3.26306188e+19
3.617432261e+19
4.011974199e+19
4.37918141e+19
4.699089096e+19
5.058015638e+19
5.355927019e+19
5.700418452e+19
6.053926244e+19
6.370249322e+19
6.70602019e+19
6.97703972e+19
7.293931308e+19
7.554979962e+19
7.830413604e+19
8.111201863e+19
8.350785603e+19
8.604746901e+19
8.872438463e+19
9.109718573e+19
9.339188347e+19
9.526550126e+19
9.732409068e+19
9.962348936e+19
1.014115297e+20
1.031037801e+20
1.04711197e+20
1.062544207e+20
1.07387027e+20
1.085081881e+20
1.094133586e+20
1.0978412e+20
1.099811304e+20
1.097794197e+20
1.090606393e+20
1.081946846e+20
1.065939373e+20
1.041490916e+20
1.01204485e+20
9.787994382e+19
9.429273355e+19
9.005458746e+19
8.586920611e+19
8.145789456e+19
7.713300039e+19
7.266677418e+19
6.816594419e+19
6.412444948e+19
6.06878874e+19
5.752384382e+19
5.46412009e+19
5.189891244e+19
4.943213948e+19
4.735039862e+19
4.555918159e+19
4.395115763e+19
4.264335255e+19
4.151709646e+19
4.061723547e+19
3.978951921e+19
3.90492361e+19
3.833896284e+19
3.764289253e+19
3.690906021e+19
3.611258468e+19
3.521110482e+19
3.416876957e+19
3.298063363e+19
3.160997941e+19
3.001859815e+19
2.811088362e+19
2.613073819e+19
2.425965876e+19
2.181782725e+19
1.884617726e+19
1.698271964e+19
1.444502657e+19
8.783274346e+18
1.539406607e+18
0
0.8973219463
4.408101509e-24
2.239893559e-29
2.378652108e-37
4.429720438e-42
8.438447936e-48
6.548548746e-53
1.749285448e-59
1.934756979e-62
1.886951664e-62
1.858386234e-62
1.83311828e-62
1.79963437e-62
1.770286164e-62
1.431516842e+19
2.035944439e+19
2.392760571e+19
2.72181375e+19
3.082124782e+19
3.428970238e+19
3.744633433e+19
4.108606895e+19
4.43086906e+19
4.760258703e+19
5.101016303e+19
5.443151501e+19
5.759480444e+19
6.079951595e+19
6.394937583e+19
6.681626701e+19
6.928258197e+19
7.217046035e+19
7.490207578e+19
7.784500413e+19
8.034233415e+19
8.287259332e+19
8.537107585e+19
8.746451426e+19
8.970517875e+19
9.200602097e+19
9.406492468e+19
9.594589112e+19
9.784304774e+19
9.949099177e+19
1.010376108e+20
1.027218278e+20
1.039891017e+20
1.049159067e+20
1.061030893e+20
1.066215984e+20
1.06839668e+20
1.067926378e+20
1.062777443e+20
1.054687314e+20
1.042578816e+20
1.019986099e+20
9.939423427e+19
9.62868541e+19
9.289428339e+19
8.90003221e+19
8.487333113e+19
8.065519421e+19
7.64299478e+19
7.209328634e+19
6.770426699e+19
6.364747503e+19
6.015641598e+19
5.702967942e+19
5.415008678e+19
5.137201059e+19
4.880563122e+19
4.670331976e+19
4.487917365e+19
4.326656035e+19
4.191394547e+19
4.076467194e+19
3.975381421e+19
3.891327244e+19
3.815672611e+19
3.744024604e+19
3.674300746e+19
3.601899252e+19
3.523673229e+19
3.435454244e+19
3.334325711e+19
3.21816401e+19
3.084525202e+19
2.929661735e+19
2.747540358e+19
2.550911357e+19
2.371794453e+19
2.145714675e+19
1.853836896e+19
1.663218262e+19
1.456079722e+19
1.032207449e+19
3.471270577e+18
4.355624159e+16
11115.402
1.577910967e-25
7.970954371e-31
7.487496309e-34
4.611238653e-43
2.687216698e-46
5.191649375e-52
2.790862946e-58
0
1.911719069e-62
1.882199099e-62
1.852958675e-62
1.823598836e-62
1.793802806e-62
1.310570097e+19
1.871529627e+19
2.209111281e+19
2.516466771e+19
2.861222916e+19
3.191891739e+19
3.556047673e+19
3.852903104e+19
4.218364299e+19
4.528039558e+19
4.819854804e+19
5.149622945e+19
5.465735617e+19
5.792922923e+19
6.090003781e+19
6.367360438e+19
6.648851037e+19
6.927594721e+19
7.199520859e+19
7.454971356e+19
7.709246175e+19
7.96116137e+19
8.202081186e+19
8.396841738e+19
8.614965674e+19
8.847698328e+19
9.054674312e+19
9.24438923e+19
9.421961219e+19
9.627589805e+19
9.784172772e+19
9.91794579e+19
1.006114782e+20
1.015331829e+20
1.027919751e+20
1.035191408e+20
1.036797552e+20
1.040406713e+20
1.036564282e+20
1.02657138e+20
1.018803972e+20
1.000481813e+20
9.755053503e+19
9.467282262e+19
9.149201078e+19
8.773409579e+19
8.398612172e+19
7.984363154e+19
7.571348672e+19
7.159348533e+19
6.727458355e+19
6.314712959e+19
5.967278141e+19
5.654091176e+19
5.359818381e+19
5.08549734e+19
4.828417275e+19
4.608960056e+19
4.422880134e+19
4.258142951e+19
4.114843194e+19
3.995338342e+19
3.891236232e+19
3.807821372e+19
3.729392848e+19
3.657676783e+19
3.587520707e+19
3.516049485e+19
3.439334661e+19
3.353442636e+19
3.255655373e+19
3.143043056e+19
3.013355064e+19
2.863398623e+19
2.68643283e+19
2.50115675e+19
2.317691302e+19
2.112844064e+19
1.840489859e+19
1.611376487e+19
1.443691039e+19
1.171932365e+19
5.774391702e+18
2.491108562e+17
105753.3383
0
3.062690659e-11
1.095666969e-32
1.333926527e-38
4.744878621e-45
6.428016565e-52
7.451871253e-57
4.513690081e-61
1.936023303e-62
1.907395234e-62
1.878155643e-62
1.847295589e-62
1.817886002e-62
1.198732547e+19
1.735842748e+19
2.060770557e+19
2.359140838e+19
2.685925987e+19
3.009422865e+19
3.317710242e+19
3.625862135e+19
3.961759258e+19
4.261313941e+19
4.598881056e+19
4.891351691e+19
5.208893511e+19
5.506189401e+19
5.78326443e+19
6.087848749e+19
6.345140709e+19
6.616999518e+19
6.883634477e+19
7.148887694e+19
7.400627008e+19
7.63367955e+19
7.859527492e+19
8.093202797e+19
8.317318346e+19
8.506227074e+19
8.700691598e+19
8.895562879e+19
9.110410048e+19
9.284229548e+19
9.455142843e+19
9.576600414e+19
9.719137194e+19
9.844751424e+19
9.94077267e+19
1.00469221e+20
1.007986695e+20
1.010161336e+20
1.008895779e+20
1.001532342e+20
9.93190161e+19
9.806363185e+19
9.567352618e+19
9.301912514e+19
9.005540341e+19
8.66905835e+19
8.29269898e+19
7.898114862e+19
7.500168935e+19
7.091353424e+19
6.671393018e+19
6.261886994e+19
5.912287823e+19
5.605765995e+19
5.312871828e+19
5.041127551e+19
4.779370277e+19
4.551482786e+19
4.361109739e+19
4.195681186e+19
4.045646892e+19
3.925321091e+19
3.819463025e+19
3.726424055e+19
3.647067843e+19
3.574088259e+19
3.503945083e+19
3.433077952e+19
3.357921074e+19
3.274546945e+19
3.180167194e+19
3.071808794e+19
2.946533136e+19
2.802199089e+19
2.633062238e+19
2.44973411e+19
2.277037443e+19
2.079470485e+19
1.825792649e+19
1.572058677e+19
1.42186521e+19
1.219091911e+19
7.359819642e+18
1.399937549e+18
0
3.29128144
4.852068139e-10
5.040300957e-32
2.018284192e-37
2.338092082e-43
7.221700533e-49
1.501837829e-55
4.142054256e-60
1.968700664e-62
1.93205987e-62
1.903323596e-62
1.872636521e-62
1.842553648e-62
1.09540841e+19
1.59448529e+19
1.904796608e+19
2.182338566e+19
2.485066868e+19
2.795968698e+19
3.09836288e+19
3.445335033e+19
3.717084372e+19
4.05790315e+19
4.339842028e+19
4.629024384e+19
4.939805325e+19
5.214174391e+19
5.523334393e+19
5.790772132e+19
6.071510729e+19
6.32814586e+19
6.598522189e+19
6.845741143e+19
7.094520803e+19
7.29698958e+19
7.536909014e+19
7.768603038e+19
8.000406388e+19
8.205210323e+19
8.404666573e+19
8.600535629e+19
8.790776211e+19
8.953765214e+19
9.114143726e+19
9.267172106e+19
9.384990039e+19
9.530073946e+19
9.613042283e+19
9.729216736e+19
9.780261478e+19
9.80593616e+19
9.812525344e+19
9.771512368e+19
9.679797012e+19
9.584953092e+19
9.382231309e+19
9.137592753e+19
8.860183403e+19
8.549358379e+19
8.194764761e+19
7.815985796e+19
7.429509969e+19
7.037231199e+19
6.63506793e+19
6.216945063e+19
5.868465215e+19
5.560235183e+19
5.27499534e+19
4.992954626e+19
4.733656878e+19
4.500725981e+19
4.303170247e+19
4.133658474e+19
3.98524122e+19
3.852764541e+19
3.743155658e+19
3.646483189e+19
3.568107308e+19
3.493386572e+19
3.423282815e+19
3.352842345e+19
3.27912412e+19
3.198233271e+19
3.107464298e+19
3.00334799e+19
2.88305496e+19
2.7437078e+19
2.583205453e+19
2.406716619e+19
2.231662371e+19
2.046971811e+19
1.809476828e+19
1.546428246e+19
1.397102611e+19
1.230054593e+19
9.089805537e+18
3.092431428e+18
5.906535293e+16
134.018106
1.733526541e-09
3.651987455e-31
2.786374746e-36
3.404499838e-42
1.888792394e-47
3.011527915e-54
1.499710183e-59
1.873311068e-62
1.958870272e-62
1.928254745e-62
1.897376672e-62
1.86716571e-62
1.000144189e+19
1.472017392e+19
1.766580755e+19
2.037370899e+19
2.335441259e+19
2.633614436e+19
2.935734846e+19
3.220622475e+19
3.50529489e+19
3.803655735e+19
4.089556877e+19
4.404096271e+19
4.696380634e+19
4.964075443e+19
5.251507284e+19
5.529746157e+19
5.794685986e+19
6.055038776e+19
6.288651928e+19
6.548601483e+19
6.791157529e+19
7.02076808e+19
7.220655498e+19
7.444334261e+19
7.689285654e+19
7.892963922e+19
8.083738811e+19
8.281337334e+19
8.471466907e+19
8.620916288e+19
8.782201999e+19
8.936802281e+19
9.094195524e+19
9.216555011e+19
9.32662436e+19
9.430444074e+19
9.50007036e+19
9.519902159e+19
9.545776416e+19
9.527821157e+19
9.439270432e+19
9.363132762e+19
9.205828847e+19
8.971216269e+19
8.712749562e+19
8.425122213e+19
8.080963773e+19
7.724527985e+19
7.357512822e+19
6.968799092e+19
6.588616999e+19
6.171518329e+19
5.817802321e+19
5.513650264e+19
5.227709162e+19
4.945475479e+19
4.693533018e+19
4.454184933e+19
4.247821878e+19
4.074779052e+19
3.924014099e+19
3.789256982e+19
3.676873019e+19
3.578716115e+19
3.491131945e+19
3.41621467e+19
3.344971267e+19
3.275270438e+19
3.20278707e+19
3.12426552e+19
3.036982274e+19
2.937168001e+19
2.82196291e+19
2.690259129e+19
2.533212061e+19
2.360111692e+19
2.197174222e+19
2.018492e+19
1.794319759e+19
1.536304489e+19
1.360207567e+19
1.220808571e+19
9.6731082e+18
5.020227571e+18
3.860143843e+17
1010.619812
0
4.219204633e-30
3.112543409e-35
3.393208879e-41
2.848640981e-46
4.004368771e-53
9.079853423e-57
1.35131138e-61
1.983952005e-62
1.953358816e-62
1.922428905e-62
1.892014506e-62
9.124367615e+18
1.352869643e+19
1.626647733e+19
1.881602137e+19
2.161286556e+19
2.443585185e+19
2.734763254e+19
3.005033755e+19
3.335849123e+19
3.587964974e+19
3.86526791e+19
4.15360844e+19
4.453909139e+19
4.712409637e+19
4.984467082e+19
5.247165809e+19
5.532189161e+19
5.781733636e+19
6.018770198e+19
6.251409257e+19
6.489346255e+19
6.73648919e+19
6.949923971e+19
7.171801085e+19
7.36921758e+19
7.581076681e+19
7.765791703e+19
7.9605107e+19
8.136724273e+19
8.335284449e+19
8.501694197e+19
8.656492549e+19
8.795715339e+19
8.92315186e+19
9.035379893e+19
9.13475226e+19
9.208933766e+19
9.256714169e+19
9.274563061e+19
9.267027191e+19
9.219119091e+19
9.131527398e+19
9.025291329e+19
8.80701673e+19
8.564100313e+19
8.296207239e+19
7.984642918e+19
7.642728474e+19
7.284647138e+19
6.901861415e+19
6.544631831e+19
6.130829712e+19
5.780763477e+19
5.458165301e+19
5.181944233e+19
4.905791041e+19
4.649092573e+19
4.41073743e+19
4.199712974e+19
4.020123179e+19
3.865429766e+19
3.728148971e+19
3.6075052e+19
3.506321064e+19
3.415670755e+19
3.341855128e+19
3.269633008e+19
3.200009114e+19
3.128754927e+19
3.052493826e+19
2.968296498e+19
2.873009511e+19
2.762744202e+19
2.636540495e+19
2.488233336e+19
2.323965817e+19
2.15651483e+19
1.99052515e+19
1.7812305e+19
1.529910594e+19
1.328949675e+19
1.201339735e+19
9.979117833e+18
6.345969674e+18
1.394377984e+18
4.930194023e+14
0.4778370626
2.187943829e-29
2.458948683e-34
2.590665556e-40
2.870810134e-45
3.300594969e-52
1.885026879e-55
7.601577799e-61
2.009693371e-62
1.978823973e-62
1.947910711e-62
1.917043984e-62
8.318133383e+18
1.244522635e+19
1.511013673e+19
1.753899555e+19
2.023569617e+19
2.297857978e+19
2.574804053e+19
2.854292366e+19
3.116577069e+19
3.412292751e+19
3.688800111e+19
3.941268639e+19
4.230380807e+19
4.475647142e+19
4.736530546e+19
4.976210041e+19
5.261952008e+19
5.5207981e+19
5.758524028e+19
5.962731245e+19
6.187151724e+19
6.455294273e+19
6.669478145e+19
6.896922616e+19
7.067003245e+19
7.26667205e+19
7.495443771e+19
7.659756878e+19
7.833556548e+19
8.03679509e+19
8.202446771e+19
8.356529569e+19
8.482743574e+19
8.62411787e+19
8.745663297e+19
8.84166087e+19
8.930156179e+19
8.973129725e+19
9.002221291e+19
9.013107691e+19
8.980100248e+19
8.906077586e+19
8.820421034e+19
8.63954612e+19
8.415956931e+19
8.164009566e+19
7.875374054e+19
7.548982422e+19
7.208047147e+19
6.85248306e+19
6.495898417e+19
6.102196629e+19
5.742115855e+19
5.42779054e+19
5.136891989e+19
4.869653657e+19
4.609891531e+19
4.370525542e+19
4.155993364e+19
3.968106905e+19
3.810131972e+19
3.671832536e+19
3.547428055e+19
3.443822632e+19
3.351928442e+19
3.268964502e+19
3.197173979e+19
3.126947415e+19
3.056931374e+19
2.982655245e+19
2.901585561e+19
2.810332251e+19
2.704980728e+19
2.584462905e+19
2.443196754e+19
2.283023628e+19
2.122773015e+19
1.962269183e+19
1.765019621e+19
1.528509524e+19
1.307813281e+19
1.184131248e+19
1.044694052e+19
7.562126764e+18
2.863290714e+18
8.177868012e+16
7.060073371
3.126421222e-29
1.500168053e-33
1.694169319e-39
1.192673473e-44
2.447961761e-51
3.008667962e-54
3.6722982e-59
2.03617187e-62
2.004907372e-62
1.973749331e-62
1.942523399e-62
7.578022783e+18
1.141932431e+19
1.393148751e+19
1.619267696e+19
1.869589372e+19
2.129793362e+19
2.387997202e+19
2.658620333e+19
2.921086465e+19
3.189444927e+19
3.464587313e+19
3.727477809e+19
3.99884432e+19
4.246850404e+19
4.493959415e+19
4.753700634e+19
4.993015319e+19
5.264720212e+19
5.494529363e+19
5.724189738e+19
5.951360997e+19
6.1724494e+19
6.392419032e+19
6.602836686e+19
6.810434072e+19
7.015959867e+19
7.208222531e+19
7.392615144e+19
7.567662127e+19
7.724246343e+19
7.901384157e+19
8.043508561e+19
8.18723115e+19
8.324431583e+19
8.459464197e+19
8.552870567e+19
8.653680347e+19
8.722026262e+19
8.739827319e+19
8.77438024e+19
8.760656767e+19
8.676892661e+19
8.612235532e+19
8.480709813e+19
8.265955381e+19
8.031434206e+19
7.765650231e+19
7.461610709e+19
7.126067764e+19
6.800411424e+19
6.443331635e+19
6.050565703e+19
5.695062968e+19
5.399862664e+19
5.113128773e+19
4.827940852e+19
4.567706122e+19
4.330623874e+19
4.115152898e+19
3.921526712e+19
3.758513204e+19
3.61658283e+19
3.489503795e+19
3.378039437e+19
3.283017737e+19
3.19933808e+19
3.127357103e+19
3.056768033e+19
2.9870282e+19
2.914721347e+19
2.836539791e+19
2.748864429e+19
2.64845889e+19
2.533785259e+19
2.399167636e+19
2.246329209e+19
2.088954755e+19
1.934914539e+19
1.75419561e+19
1.527230289e+19
1.30064443e+19
1.158722039e+19
1.049095295e+19
8.36543861e+18
4.535263287e+18
5.369520873e+17
0
9.478239727e-06
7.107954996e-33
1.167601462e-38
1.325391331e-43
9.082227712e-51
3.491576791e-53
1.278731966e-57
2.076589371e-62
2.033265212e-62
1.999941914e-62
1.967593293e-62
6.899744328e+18
1.051206334e+19
1.285604577e+19
1.505541655e+19
1.74710616e+19
1.998432464e+19
2.25284634e+19
2.508585209e+19
2.76163853e+19
3.002066628e+19
3.265688929e+19
3.545163207e+19
3.794858434e+19
4.031220474e+19
4.241042647e+19
4.51954787e+19
4.739923668e+19
5.009286313e+19
5.236245139e+19
5.471402612e+19
5.70373675e+19
5.889536416e+19
6.118140129e+19
6.318682903e+19
6.549127628e+19
6.740143527e+19
6.921240598e+19
7.101878381e+19
7.278427678e+19
7.441740342e+19
7.616552489e+19
7.758903046e+19
7.923324283e+19
8.033293119e+19
8.175952148e+19
8.261417509e+19
8.371187389e+19
8.449953579e+19
8.493506181e+19
8.523040409e+19
8.519583175e+19
8.480470838e+19
8.394749859e+19
8.312027569e+19
8.115257843e+19
7.896655931e+19
7.649842735e+19
7.357447188e+19
7.049988279e+19
6.734694204e+19
6.389605328e+19
6.023780999e+19
5.66291141e+19
5.360666757e+19
5.065519647e+19
4.793396547e+19
4.528134632e+19
4.293259101e+19
4.079208559e+19
3.880486462e+19
3.709284136e+19
3.564039232e+19
3.436769588e+19
3.319460737e+19
3.223732825e+19
3.137689114e+19
3.055914025e+19
2.988886797e+19
2.919390681e+19
2.848624915e+19
2.772821895e+19
2.689074996e+19
2.593062645e+19
2.483735958e+19
2.356507211e+19
2.210436469e+19
2.058452392e+19
1.909221077e+19
1.739705025e+19
1.526477602e+19
1.298473701e+19
1.137256813e+19
1.036718625e+19
8.629708476e+18
5.63933243e+18
1.481971443e+18
1.959342952e+16
0.0009604685961
2.061958845e-32
7.524458083e-38
1.32022357e-42
1.322979192e-49
1.211828368e-54
1.409925566e-57
4.793701986e-59
8.487382273e-59
1.783770603e-62
1.995384454e-62
6.279026973e+18
9.641172175e+18
1.182585812e+19
1.389545452e+19
1.612245556e+19
1.850180347e+19
2.09107382e+19
2.327243562e+19
2.60418372e+19
2.858445588e+19
3.0677363e+19
3.328482741e+19
3.565970351e+19
3.806443242e+19
4.046591898e+19
4.259412889e+19
4.531649556e+19
4.758633543e+19
4.975538595e+19
5.219588516e+19
5.457601636e+19
5.658984548e+19
5.848626842e+19
6.057249633e+19
6.280020133e+19
6.461709723e+19
6.633950802e+19
6.820985407e+19
6.993350876e+19
7.191545791e+19
7.327533684e+19
7.50059396e+19
7.651188908e+19
7.780331307e+19
7.886657543e+19
8.016929297e+19
8.113313352e+19
8.190228378e+19
8.246627728e+19
8.270071238e+19
8.284649316e+19
8.259435809e+19
8.189200429e+19
8.117687772e+19
7.964675961e+19
7.760044522e+19
7.532118756e+19
7.268871641e+19
6.964691832e+19
6.667605985e+19
6.325698839e+19
5.994668723e+19
5.634333949e+19
5.320241609e+19
5.031241943e+19
4.762839575e+19
4.506209357e+19
4.260806207e+19
4.038190078e+19
3.841914678e+19
3.663844269e+19
3.515215806e+19
3.384302368e+19
3.267814678e+19
3.161709979e+19
3.073431281e+19
2.995979549e+19
2.923238301e+19
2.854199677e+19
2.784263772e+19
2.710683617e+19
2.630156386e+19
2.538646914e+19
2.434684242e+19
2.313426931e+19
2.173216945e+19
2.028623776e+19
1.882421772e+19
1.722447397e+19
1.521546076e+19
1.300656876e+19
1.120297251e+19
1.021821641e+19
9.025670881e+18
6.612621607e+18
2.831848338e+18
1.23673035e+17
0.1715401269
0
3.658953788e-37
9.645703731e-42
5.640830077e-48
1.500653139e-48
2.634840068e-49
3.039416624e-50
3.83245726e-52
7.962894329e-59
2.022113678e-62
5.711896866e+18
8.849464959e+18
1.091470879e+19
1.287116962e+19
1.50399278e+19
1.732623999e+19
1.964763292e+19
2.202231824e+19
2.422253772e+19
2.669027379e+19
2.92719298e+19
3.137025294e+19
3.399586023e+19
3.64167247e+19
3.838004388e+19
4.083900801e+19
4.30797006e+19
4.515723108e+19
4.772012385e+19
4.968147691e+19
5.212279941e+19
5.421704956e+19
5.625210897e+19
5.83046659e+19
6.023934101e+19
6.191662891e+19
6.402995002e+19
6.578133734e+19
6.753661985e+19
6.919357385e+19
7.082448595e+19
7.233688192e+19
7.36432349e+19
7.51203758e+19
7.622325611e+19
7.755045254e+19
7.851697941e+19
7.936984921e+19
8.002738663e+19
8.038297287e+19
8.067468618e+19
8.051465448e+19
7.990263327e+19
7.929577223e+19
7.816524123e+19
7.624740754e+19
7.408560909e+19
7.169194788e+19
6.888571398e+19
6.595158281e+19
6.266520747e+19
5.952641835e+19
5.590993583e+19
5.286365801e+19
5.004463307e+19
4.741126142e+19
4.471204977e+19
4.226948707e+19
4.002424585e+19
3.807550264e+19
3.625448963e+19
3.469197702e+19
3.334887186e+19
3.216384182e+19
3.109505174e+19
3.017130142e+19
2.93582253e+19
2.856577281e+19
2.790981209e+19
2.721984921e+19
2.650192152e+19
2.572162252e+19
2.485024182e+19
2.386379248e+19
2.271921767e+19
2.135606513e+19
1.99660215e+19
1.859738954e+19
1.708579071e+19
1.521709023e+19
1.301494022e+19
1.11726142e+19
9.995360403e+18
9.043702749e+18
7.314235793e+18
4.242817605e+18
7.381452648e+17
3.246902222e+14
2.506243525e-06
1.305701733e-36
6.540052286e-41
3.911442944e-47
7.191747569e-47
1.218464665e-47
1.700887044e-48
1.210693793e-50
2.548918498e-56
2.049547577e-62
5.194466632e+18
8.108994887e+18
9.996009604e+18
1.18560885e+19
1.387104937e+19
1.602164161e+19
1.820656249e+19
2.048543204e+19
2.264054823e+19
2.494725803e+19
2.74588353e+19
2.996370327e+19
3.198084995e+19
3.418700991e+19
3.670635148e+19
3.86403593e+19
4.087142533e+19
4.321315235e+19
4.553973239e+19
4.764284578e+19
4.972963217e+19
5.196471282e+19
5.38607915e+19
5.592070216e+19
5.766293653e+19
5.969949921e+19
6.151882738e+19
6.327611671e+19
6.492341512e+19
6.648692586e+19
6.814778822e+19
6.968952859e+19
7.103392255e+19
7.237692689e+19
7.38286516e+19
7.492792755e+19
7.592860471e+19
7.706645378e+19
7.761736702e+19
7.803506871e+19
7.83409754e+19
7.83238247e+19
7.799027615e+19
7.727567644e+19
7.657091024e+19
7.487438298e+19
7.282373295e+19
7.063810553e+19
6.797397662e+19
6.523341758e+19
6.219575626e+19
5.915213844e+19
5.562271237e+19
5.249868729e+19
4.974236944e+19
4.709208512e+19
4.448948677e+19
4.195566153e+19
3.972640265e+19
3.771553366e+19
3.589161697e+19
3.429264897e+19
3.289020103e+19
3.167056429e+19
3.057586834e+19
2.958555596e+19
2.875058705e+19
2.801182612e+19
2.728926137e+19
2.661477214e+19
2.591204993e+19
2.515521041e+19
2.432091907e+19
2.338117807e+19
2.228484043e+19
2.095251491e+19
1.971423493e+19
1.835187816e+19
1.692016713e+19
1.515648501e+19
1.308538405e+19
1.118504567e+19
9.815059291e+18
8.945025943e+18
7.524495453e+18
5.140711424e+18
1.725250184e+18
5.242229767e+16
0.0006729861839
1.559668691e-36
3.501247914e-40
1.336284666e-44
5.431181309e-45
9.843172698e-46
1.278251242e-46
3.39100733e-49
3.868848264e-55
2.077564335e-62
4.723082012e+18
7.435943451e+18
9.225402455e+18
1.097619346e+19
1.290656679e+19
1.497602575e+19
1.708570184e+19
1.925187768e+19
2.146537446e+19
2.372079055e+19
2.563342112e+19
2.809627346e+19
3.008503034e+19
3.235483421e+19
3.457880916e+19
3.69064002e+19
3.920303802e+19
4.116690239e+19
4.326291042e+19
4.544161365e+19
4.746560601e+19
4.964152308e+19
5.16299662e+19
5.360519117e+19
5.515991525e+19
5.730270982e+19
5.899430524e+19
6.064468116e+19
6.228291224e+19
6.392125476e+19
6.551959839e+19
6.700175535e+19
6.86916619e+19
7.007118942e+19
7.125715407e+19
7.226633712e+19
7.332288182e+19
7.450417788e+19
7.530389608e+19
7.574053077e+19
7.600491248e+19
7.626290914e+19
7.604997027e+19
7.537884322e+19
7.47769701e+19
7.350993469e+19
7.167406533e+19
6.958186855e+19
6.715147567e+19
6.444091222e+19
6.172569843e+19
5.861238306e+19
5.523833124e+19
5.209759502e+19
4.941290129e+19
4.681190591e+19
4.427344623e+19
4.174597224e+19
3.948010168e+19
3.73916413e+19
3.556142952e+19
3.393410805e+19
3.24571633e+19
3.120891122e+19
3.009988478e+19
2.910400064e+19
2.821999277e+19
2.744786759e+19
2.669966769e+19
2.602907276e+19
2.533767897e+19
2.460438819e+19
2.38033822e+19
2.290944233e+19
2.187580224e+19
2.062622968e+19
1.939698472e+19
1.808921144e+19
1.67432055e+19
1.51170949e+19
1.312830895e+19
1.119343968e+19
9.685764212e+18
8.854798135e+18
7.864053415e+18
5.759862187e+18
2.940350736e+18
2.517751332e+17
0
1.735143516e-08
1.555642698e-39
1.291570326e-45
4.982585166e-44
9.308886809e-45
1.480301047e-45
7.85067513e-47
3.67351997e-54
1.319018058e-62
4.294187777e+18
6.80197955e+18
8.460235508e+18
1.011419592e+19
1.18984137e+19
1.382743346e+19
1.581721419e+19
1.785469541e+19
1.996045711e+19
2.209720261e+19
2.445850837e+19
2.647355131e+19
2.847427236e+19
3.059562473e+19
3.275081709e+19
3.498900584e+19
3.699964377e+19
3.910501266e+19
4.104793726e+19
4.337893007e+19
4.512309279e+19
4.7388555e+19
4.930750759e+19
5.13184145e+19
5.306779896e+19
5.486170831e+19
5.652086761e+19
5.82414182e+19
6.01397794e+19
6.168780596e+19
6.329234341e+19
6.479182635e+19
6.620459945e+19
6.761240453e+19
6.87021144e+19
7.006031508e+19
7.107831783e+19
7.191605266e+19
7.2921994e+19
7.350117463e+19
7.384161876e+19
7.420382647e+19
7.410302353e+19
7.369763717e+19
7.303577311e+19
7.211129543e+19
7.046856056e+19
6.84848135e+19
6.619738161e+19
6.373422989e+19
6.109812679e+19
5.809424241e+19
5.494862715e+19
5.184651292e+19
4.910264704e+19
4.661325021e+19
4.409239818e+19
4.156975158e+19
3.916143283e+19
3.706338356e+19
3.526193599e+19
3.359010585e+19
3.207867805e+19
3.077604717e+19
2.963786625e+19
2.861523012e+19
2.768726604e+19
2.688976243e+19
2.616316738e+19
2.542920328e+19
2.478033881e+19
2.406488755e+19
2.329370798e+19
2.244287454e+19
2.144430234e+19
2.023001706e+19
1.911708531e+19
1.786045393e+19
1.655182324e+19
1.50073354e+19
1.31863894e+19
1.13305669e+19
9.687988944e+18
8.687739466e+18
7.893640057e+18
6.524047964e+18
4.052690497e+18
1.033047506e+18
1.689813019e+16
2.736246179e-06
3.709684431e-39
1.434325104e-41
3.03206851e-42
7.59184977e-43
8.250213508e-44
1.233843556e-45
8.232828023e-54
1.620512782e-63
3.904466451e+18
6.23551218e+18
7.789367728e+18
9.355769788e+18
1.102475023e+19
1.290356227e+19
1.481526866e+19
1.678753275e+19
1.880913205e+19
2.087989344e+19
2.287886298e+19
2.482379353e+19
2.71063265e+19
2.922534372e+19
3.1028884e+19
3.307534515e+19
3.520672418e+19
3.708328615e+19
3.92880482e+19
4.12617349e+19
4.33511288e+19
4.527252413e+19
4.698044941e+19
4.908950112e+19
5.089524914e+19
5.242926501e+19
5.418175241e+19
5.616223905e+19
5.76729795e+19
5.935194662e+19
6.082343066e+19
6.246393648e+19
6.366005093e+19
6.497120887e+19
6.650872115e+19
6.757939706e+19
6.874117038e+19
6.954918054e+19
7.047336714e+19
7.1398942e+19
7.17721319e+19
7.197904009e+19
7.206351208e+19
7.180964259e+19
7.113741614e+19
7.055109754e+19
6.921232221e+19
6.733499671e+19
6.534999032e+19
6.289438241e+19
6.040286138e+19
5.77378062e+19
5.449150203e+19
5.150237388e+19
4.875846391e+19
4.622417805e+19
4.374190813e+19
4.133458298e+19
3.896577359e+19
3.687846579e+19
3.492948241e+19
3.32476517e+19
3.17415975e+19
3.036733642e+19
2.920215496e+19
2.816806855e+19
2.72109696e+19
2.637301784e+19
2.561749627e+19
2.493440036e+19
2.421857309e+19
2.354099631e+19
2.281092463e+19
2.197728258e+19
2.102198591e+19
1.984158251e+19
1.883810582e+19
1.762297598e+19
1.637406987e+19
1.495093011e+19
1.317743763e+19
1.140672326e+19
9.727028343e+18
8.541582193e+18
7.828404194e+18
6.728142902e+18
4.696370218e+18
1.95140965e+18
1.010229263e+17
2.04192319e-05
0
1.849476222e-40
3.873065664e-41
1.611880223e-41
1.639943212e-42
1.375552024e-44
5.176977534e-54
2.583594076e-56
3.550732596e+18
5.692231608e+18
7.137849202e+18
8.608151223e+18
1.013097605e+19
1.190417525e+19
1.370475068e+19
1.556040008e+19
1.745072752e+19
1.939470446e+19
2.137131063e+19
2.367154495e+19
2.544650697e+19
2.738771984e+19
2.965479533e+19
3.143583193e+19
3.364890206e+19
3.550698708e+19
3.738074222e+19
3.913116829e+19
4.126732197e+19
4.330680142e+19
4.512767165e+19
4.689582911e+19
4.8798972e+19
5.047136527e+19
5.222459451e+19
5.396449338e+19
5.533954378e+19
5.685988003e+19
5.844971573e+19
6.002518832e+19
6.157307678e+19
6.294321107e+19
6.411594952e+19
6.520624193e+19
6.629031576e+19
6.745744396e+19
6.840171305e+19
6.912887585e+19
6.95755767e+19
6.995100755e+19
7.025422445e+19
7.006883669e+19
6.952664585e+19
6.89535734e+19
6.793931503e+19
6.626531789e+19
6.436302195e+19
6.213292653e+19
5.974896884e+19
5.720405453e+19
5.420512861e+19
5.11637991e+19
4.850865219e+19
4.596257405e+19
4.352048867e+19
4.116582261e+19
3.879985969e+19
3.657869543e+19
3.461881676e+19
3.291241877e+19
3.141998632e+19
2.999898411e+19
2.87961543e+19
2.773263783e+19
2.678469055e+19
2.590021158e+19
2.513952871e+19
2.442160738e+19
2.371947388e+19
2.299420793e+19
2.227414851e+19
2.152004291e+19
2.06372764e+19
1.947097048e+19
1.852981404e+19
1.735884556e+19
1.618164836e+19
1.485076194e+19
1.321940838e+19
1.145281487e+19
9.786622551e+18
8.447302748e+18
7.729373393e+18
6.941553399e+18
5.417909426e+18
3.039350724e+18
5.482475887e+17
2.095775382e+15
8.939091781e-09
3.152662827e-39
1.545569719e-39
3.419492788e-40
3.605846427e-41
1.274363927e-42
1.593117236e-45
2.904872298e-56
3.230061527e+18
5.223103431e+18
6.560841656e+18
7.958687866e+18
9.413998381e+18
1.10674188e+19
1.280777514e+19
1.460007896e+19
1.644292231e+19
1.833861721e+19
2.029231853e+19
2.212881942e+19
2.387843451e+19
2.586397972e+19
2.784133271e+19
3.007789272e+19
3.173471948e+19
3.372752281e+19
3.558094345e+19
3.756074927e+19
3.919807166e+19
4.125733314e+19
4.321187362e+19
4.469643684e+19
4.66876159e+19
4.843765489e+19
5.017746314e+19
5.178318999e+19
5.338610321e+19
5.493304024e+19
5.649320518e+19
5.766417083e+19
5.93347344e+19
6.061152371e+19
6.171487595e+19
6.316173753e+19
6.422057098e+19
6.530009676e+19
6.622790176e+19
6.699982019e+19
6.756136531e+19
6.795073918e+19
6.824736548e+19
6.826273705e+19
6.797102357e+19
6.725800054e+19
6.658596336e+19
6.518327497e+19
6.336635547e+19
6.122984052e+19
5.903007197e+19
5.662994364e+19
5.381388523e+19
5.074864883e+19
4.813318343e+19
4.572995153e+19
4.328164334e+19
4.087815277e+19
3.851259108e+19
3.640613186e+19
3.440232852e+19
3.262962303e+19
3.109608672e+19
2.968122723e+19
2.841483266e+19
2.733023844e+19
2.636129017e+19
2.545609003e+19
2.463986884e+19
2.3912835e+19
2.323511108e+19
2.255415058e+19
2.184143043e+19
2.104836658e+19
2.021764281e+19
1.918418891e+19
1.818928953e+19
1.70850696e+19
1.595913315e+19
1.472337113e+19
1.318812703e+19
1.145553908e+19
9.923685675e+18
8.480055176e+18
7.578650745e+18
6.924147054e+18
5.753779194e+18
3.82143521e+18
1.276081099e+18
5.422968563e+16
2.240548589e-07
0
0
0
0
0
0
1.114027067e-56
2.939623842e+18
4.751976983e+18
5.997060302e+18
7.277917406e+18
8.664221978e+18
1.017704059e+19
1.183370144e+19
1.351879308e+19
1.52505347e+19
1.703433591e+19
1.889688006e+19
2.073113393e+19
2.277200172e+19
2.470282122e+19
2.636358042e+19
2.819472423e+19
3.020990648e+19
3.201503537e+19
3.390443415e+19
3.568434181e+19
3.753879157e+19
3.939283096e+19
4.128259521e+19
4.29841391e+19
4.469023457e+19
4.634548427e+19
4.80665971e+19
4.96518398e+19
5.126741718e+19
5.278905672e+19
5.42848613e+19
5.573069351e+19
5.708603296e+19
5.827949851e+19
5.971235404e+19
6.093774457e+19
6.209888792e+19
6.306493664e+19
6.404021548e+19
6.482797812e+19
6.55916242e+19
6.595384574e+19
6.618416873e+19
6.640250451e+19
6.619315826e+19
6.559404492e+19
6.507192076e+19
6.401507178e+19
6.235115061e+19
6.046314965e+19
5.831666793e+19
5.602934973e+19
5.348521607e+19
5.047333865e+19
4.791605846e+19
4.537116709e+19
4.306661995e+19
4.06978153e+19
3.834242608e+19
3.615631498e+19
3.424556632e+19
3.234575868e+19
3.078904276e+19
2.938214218e+19
2.808517572e+19
2.695262637e+19
2.595121171e+19
2.505170647e+19
2.419720137e+19
2.345619725e+19
2.274187719e+19
2.20581643e+19
2.136233601e+19
2.064170789e+19
1.979768904e+19
1.885725031e+19
1.782977596e+19
1.685321515e+19
1.57487916e+19
1.459228091e+19
1.318669258e+19
1.15551162e+19
1.000343064e+19
8.512346055e+18
7.471708894e+18
6.850884584e+18
6.105224969e+18
4.360121508e+18
2.192148937e+18
2.209278596e+17
7.275342786e+13
4.994845023e-09
2.790725705e-09
1.615431382e-13
1.772443449e-14
0
1.284433457e-36
9.771075611e-37
2.676826577e+18
4.373008919e+18
5.528447206e+18
6.705056075e+18
8.07403757e+18
9.45199786e+18
1.103897341e+19
1.265793118e+19
1.433285166e+19
1.606470089e+19
1.784994599e+19
1.971800941e+19
2.133291786e+19
2.306316961e+19
2.492921699e+19
2.675497907e+19
2.871115872e+19
3.056629401e+19
3.227147501e+19
3.403359292e+19
3.578407298e+19
3.751793946e+19
3.933430075e+19
4.101138434e+19
4.265357859e+19
4.434087807e+19
4.592698705e+19
4.749189448e+19
4.914458097e+19
5.064207128e+19
5.206898012e+19
5.36125489e+19
5.490811612e+19
5.630995274e+19
5.752372024e+19
5.870192848e+19
5.982509052e+19
6.09143926e+19
6.178312666e+19
6.267144327e+19
6.353112515e+19
6.403731429e+19
6.438222789e+19
6.461665775e+19
6.454826215e+19
6.420032817e+19
6.355539282e+19
6.281617227e+19
6.134374957e+19
5.962294136e+19
5.753739412e+19
5.537609203e+19
5.300287111e+19
5.008965178e+19
4.752366768e+19
4.515928203e+19
4.293123324e+19
4.056439716e+19
3.820983818e+19
3.600139787e+19
3.406167037e+19
3.218307044e+19
3.05232624e+19
2.911355255e+19
2.778830305e+19
2.660000796e+19
2.558097392e+19
2.465813565e+19
2.38108043e+19
2.299882092e+19
2.229247676e+19
2.159655798e+19
2.091934935e+19
2.019807418e+19
1.942326579e+19
1.852555035e+19
1.749744909e+19
1.659041244e+19
1.553637804e+19
1.443271395e+19
1.310510181e+19
1.15565099e+19
1.004144104e+19
8.650086299e+18
7.421433446e+18
6.789563764e+18
6.158036992e+18
4.87365401e+18
3.073413507e+18
8.6228901e+17
2.574305891e+16
0
0
0
2.668030677e-13
1.943007818e-19
7.607085129e-35
1.713528748e-34
2.439184188e+18
3.888955399e+18
4.9406599e+18
6.006879267e+18
7.315590544e+18
8.572607534e+18
1.00434037e+19
1.158116108e+19
1.316570686e+19
1.480963195e+19
1.650948751e+19
1.827604302e+19
1.99369789e+19
2.174945662e+19
2.352455238e+19
2.531951673e+19
2.70926352e+19
2.882414717e+19
3.062330149e+19
3.236993372e+19
3.409405053e+19
3.564590343e+19
3.738375559e+19
3.904221953e+19
4.062246312e+19
4.229990707e+19
4.386152556e+19
4.54398648e+19
4.698481272e+19
4.845366936e+19
4.997392929e+19
5.135183466e+19
5.271152647e+19
5.409121659e+19
5.537953099e+19
5.652790121e+19
5.769434559e+19
5.866871091e+19
5.968264701e+19
6.056484195e+19
6.136920194e+19
6.203503359e+19
6.246830331e+19
6.265169117e+19
6.274880163e+19
6.257338201e+19
6.200000189e+19
6.147052705e+19
6.031014806e+19
5.872295531e+19
5.683968091e+19
5.477193146e+19
5.266637324e+19
4.987582528e+19
4.726311136e+19
4.497077362e+19
4.272773113e+19
4.049684049e+19
3.821075012e+19
3.594298986e+19
3.393113159e+19
3.207062897e+19
3.033252659e+19
2.886016869e+19
2.751736083e+19
2.631239381e+19
2.523842766e+19
2.42869347e+19
2.343017937e+19
2.26190576e+19
2.187780019e+19
2.11793715e+19
2.048314419e+19
1.976957207e+19
1.903213962e+19
1.815108334e+19
1.724104176e+19
1.631082394e+19
1.530971689e+19
1.426981839e+19
1.305819191e+19
1.161880336e+19
1.012134016e+19
8.744929986e+18
7.484672079e+18
6.678457291e+18
6.132663367e+18
5.376622559e+18
3.813400118e+18
1.593697815e+18
1.737072415e+17
1.406507432e+14
47365189.7
3.705989859
4.033483054e-07
4.669245461e-14
5.352112677e-21
5.356404516e-28
)
;

boundaryField
{
    inlet
    {
        type            calculated;
        value           nonuniform 0();
    }
    object
    {
        type            calculated;
        value           nonuniform List<scalar> 
204
(
2.179162917e+22
2.185040788e+22
2.191202646e+22
2.197578068e+22
2.20581151e+22
2.215132101e+22
2.224190715e+22
2.233293518e+22
2.242037925e+22
2.249652695e+22
2.257478119e+22
2.265318708e+22
2.273615774e+22
2.280931496e+22
2.288452555e+22
2.296173073e+22
2.303825244e+22
2.311420522e+22
2.319010284e+22
2.326533397e+22
2.333988983e+22
2.341379085e+22
2.348787003e+22
2.356153141e+22
2.363497534e+22
2.370785262e+22
2.378039533e+22
2.385222417e+22
2.392367737e+22
2.39943191e+22
2.4064524e+22
2.413387131e+22
2.420261331e+22
2.427054177e+22
2.433767475e+22
2.440397323e+22
2.446938451e+22
2.453384463e+22
2.459728643e+22
2.465964795e+22
2.472087449e+22
2.478092271e+22
2.483975384e+22
2.489733198e+22
2.495361298e+22
2.50085483e+22
2.506208908e+22
2.511419087e+22
2.516482658e+22
2.521398747e+22
2.526168086e+22
2.530792269e+22
2.535272026e+22
2.539607504e+22
2.54379668e+22
2.547835935e+22
2.551720682e+22
2.555444638e+22
2.559001964e+22
2.562385872e+22
2.56558989e+22
2.568606253e+22
2.57142803e+22
2.574049015e+22
2.576464077e+22
2.578667662e+22
2.580651981e+22
2.582408882e+22
2.583925639e+22
2.585190511e+22
2.586186841e+22
2.586900629e+22
2.587308522e+22
2.58739181e+22
2.587102824e+22
2.586462047e+22
2.585377113e+22
2.583951214e+22
2.58209049e+22
2.579901058e+22
2.577230029e+22
2.574151177e+22
2.570491561e+22
2.566195317e+22
2.561270597e+22
2.555669211e+22
2.549287642e+22
2.541995285e+22
2.53394843e+22
2.524974949e+22
2.514948281e+22
2.503809441e+22
2.491420267e+22
2.477772484e+22
2.462597583e+22
2.445647975e+22
2.426961045e+22
2.405985667e+22
2.382666126e+22
2.356050665e+22
2.326212871e+22
2.291276415e+22
2.251355832e+22
2.20325605e+22
2.122538328e+22
2.034616823e+22
1.951361367e+22
1.873015937e+22
1.7997335e+22
1.731340996e+22
1.66658218e+22
1.605449917e+22
1.546870412e+22
1.490637909e+22
1.436879346e+22
1.38499592e+22
1.334608906e+22
1.285628048e+22
1.238325932e+22
1.192785206e+22
1.148174471e+22
1.104612081e+22
1.062079419e+22
1.021035362e+22
9.810339685e+21
9.425356763e+21
9.038793655e+21
8.65897312e+21
8.295805134e+21
7.94714303e+21
7.607672473e+21
7.277554191e+21
6.956648111e+21
6.645613157e+21
6.345492166e+21
6.054751716e+21
5.773528673e+21
5.500713376e+21
5.235224573e+21
4.981564239e+21
4.736596016e+21
4.499865494e+21
4.270264226e+21
4.049940922e+21
3.839188291e+21
3.636667494e+21
3.44164353e+21
3.253359057e+21
3.073058736e+21
2.900308855e+21
2.735846837e+21
2.578027821e+21
2.426698183e+21
2.281765928e+21
2.144034289e+21
2.0125994e+21
1.88730703e+21
1.768529891e+21
1.65533601e+21
1.547725883e+21
1.445803705e+21
1.349047125e+21
1.25775975e+21
1.171253409e+21
1.089803877e+21
1.01273726e+21
9.398991273e+20
8.716840171e+20
8.073480199e+20
7.467224471e+20
6.901060138e+20
6.369177705e+20
5.870437118e+20
5.405639945e+20
4.972277983e+20
4.567504098e+20
4.189583145e+20
3.838407916e+20
3.512898994e+20
3.210739204e+20
2.931405063e+20
2.67299077e+20
2.434621847e+20
2.21473713e+20
2.012542253e+20
1.826701488e+20
1.656268489e+20
1.500092221e+20
1.357306601e+20
1.226954868e+20
1.108153517e+20
1.000030192e+20
9.01801492e+19
8.126928702e+19
7.31994173e+19
6.590181216e+19
5.931280658e+19
5.337110625e+19
4.802038788e+19
4.320708377e+19
3.888276372e+19
3.500107178e+19
3.152031423e+19
2.840131399e+19
)
;
    }
    outlet
    {
        type            calculated;
        value           nonuniform List<scalar> 
98
(
2.439184188e+18
3.888955399e+18
4.9406599e+18
6.006879267e+18
7.315590544e+18
8.572607534e+18
1.00434037e+19
1.158116108e+19
1.316570686e+19
1.480963195e+19
1.650948751e+19
1.827604302e+19
1.99369789e+19
2.174945662e+19
2.352455238e+19
2.531951673e+19
2.70926352e+19
2.882414717e+19
3.062330149e+19
3.236993372e+19
3.409405053e+19
3.564590343e+19
3.738375559e+19
3.904221953e+19
4.062246312e+19
4.229990707e+19
4.386152556e+19
4.54398648e+19
4.698481272e+19
4.845366936e+19
4.997392929e+19
5.135183466e+19
5.271152647e+19
5.409121659e+19
5.537953099e+19
5.652790121e+19
5.769434559e+19
5.866871091e+19
5.968264701e+19
6.056484195e+19
6.136920194e+19
6.203503359e+19
6.246830331e+19
6.265169117e+19
6.274880163e+19
6.257338201e+19
6.200000189e+19
6.147052705e+19
6.031014806e+19
5.872295531e+19
5.683968091e+19
5.477193146e+19
5.266637324e+19
4.987582528e+19
4.726311136e+19
4.497077362e+19
4.272773113e+19
4.049684049e+19
3.821075012e+19
3.594298986e+19
3.393113159e+19
3.207062897e+19
3.033252659e+19
2.886016869e+19
2.751736083e+19
2.631239381e+19
2.523842766e+19
2.42869347e+19
2.343017937e+19
2.26190576e+19
2.187780019e+19
2.11793715e+19
2.048314419e+19
1.976957207e+19
1.903213962e+19
1.815108334e+19
1.724104176e+19
1.631082394e+19
1.530971689e+19
1.426981839e+19
1.305819191e+19
1.161880336e+19
1.012134016e+19
8.744929986e+18
7.484672079e+18
6.678457291e+18
6.132663367e+18
5.376622559e+18
3.813400118e+18
1.593697815e+18
1.737072415e+17
1.406507432e+14
47365189.7
3.705989859
4.033483054e-07
4.669245461e-14
5.352112677e-21
5.356404516e-28
)
;
    }
    front
    {
        type            wedge;
    }
    back
    {
        type            wedge;
    }
    procBoundary3to1
    {
        type            processor;
        value           nonuniform List<scalar> 
105
(
7.4259548e+20
7.945770351e+20
8.523883603e+20
9.129043919e+20
9.719180579e+20
1.024894049e+21
1.068115774e+21
1.099757001e+21
1.119127397e+21
1.128782163e+21
1.132043164e+21
1.130869846e+21
1.123123773e+21
1.069352382e+21
8.112465667e+20
2.193345186e+20
8.29639949e+12
1.317115724e-62
1.297494504e-62
1.278431798e-62
1.259183937e-62
1.240074387e-62
1.22008166e-62
1.201577209e-62
1.182234016e-62
1.164191802e-62
1.146675011e-62
1.123225819e-62
1.108361477e-62
1.090388737e-62
1.071492684e-62
1.054204316e-62
1.036802632e-62
1.015796779e-62
1.000342792e-62
9.836045113e-63
9.654040375e-63
9.463599321e-63
9.306740692e-63
9.141606445e-63
8.985844326e-63
8.7821526e-63
8.655454585e-63
8.453973309e-63
8.319701638e-63
8.154462894e-63
8.012853907e-63
7.841617146e-63
7.617167863e-63
1.06398075e+21
1.074084591e+21
1.076743834e+21
1.079299245e+21
1.081842614e+21
1.084349013e+21
1.086788847e+21
1.089155595e+21
1.091387536e+21
1.093447179e+21
1.095290339e+21
1.096877551e+21
1.098161821e+21
1.099086389e+21
1.099579294e+21
1.099549112e+21
1.098852308e+21
1.097380728e+21
1.094817052e+21
1.090934679e+21
1.085431256e+21
1.077904198e+21
1.067946533e+21
1.055098494e+21
1.03897434e+21
1.019171101e+21
9.956903658e+20
9.684197798e+20
9.378473222e+20
9.045024468e+20
8.692003734e+20
8.329136421e+20
7.966813471e+20
7.61516012e+20
7.283230332e+20
6.97844609e+20
6.706342082e+20
6.470520459e+20
6.273852377e+20
6.11643675e+20
6.929703352e+20
5.993092746e+20
6.876489335e+20
5.985972543e+20
6.822842452e+20
5.980068369e+20
5.980068369e+20
5.898910281e+20
5.859147261e+20
5.861034933e+20
5.913712978e+20
6.023441769e+20
6.197506731e+20
6.443741734e+20
6.768827049e+20
6.768827049e+20
)
;
    }
    procBoundary3to2
    {
        type            processor;
        value           nonuniform List<scalar> 
205
(
7.504868941e-63
7.491246624e-63
7.517985175e-63
7.53601668e-63
7.548425002e-63
7.563329949e-63
7.582358199e-63
7.603767556e-63
7.61567936e-63
7.627816706e-63
7.640203584e-63
7.667293232e-63
7.680057548e-63
7.698852915e-63
7.717227041e-63
7.73907779e-63
7.74744178e-63
7.766729389e-63
7.779503e-63
7.797119597e-63
7.8103391e-63
7.828758723e-63
7.847831025e-63
7.861352062e-63
7.877879456e-63
7.878984401e-63
7.902162199e-63
7.9252799e-63
7.928758071e-63
7.954234944e-63
7.972034162e-63
7.992934192e-63
8.009924379e-63
8.028850914e-63
8.03969963e-63
8.054802647e-63
8.064522078e-63
8.079574072e-63
8.098914662e-63
8.116157719e-63
8.132672594e-63
8.142252921e-63
8.161839005e-63
8.175576412e-63
8.189128786e-63
8.203576318e-63
8.203093661e-63
8.217053949e-63
8.240980415e-63
8.260116727e-63
8.280886397e-63
8.285539789e-63
8.299760307e-63
8.317658462e-63
8.327547927e-63
8.335073419e-63
8.36085813e-63
8.369776097e-63
8.383438932e-63
8.402480252e-63
8.395901046e-63
8.418424178e-63
8.444376126e-63
8.450823829e-63
8.459305297e-63
8.471443094e-63
8.487949305e-63
8.507531936e-63
8.521914149e-63
8.531399326e-63
8.539681469e-63
8.549022434e-63
8.563350248e-63
8.571350446e-63
8.588394455e-63
8.603642942e-63
8.622168965e-63
8.645699116e-63
8.639725127e-63
8.641373809e-63
8.657604459e-63
8.668781161e-63
8.68116215e-63
8.69744249e-63
8.709661e-63
8.72000063e-63
8.729913661e-63
8.742437778e-63
8.74932505e-63
8.761077969e-63
8.772556012e-63
8.781559892e-63
8.796184098e-63
8.800410952e-63
8.803231221e-63
8.815163573e-63
8.827931317e-63
8.829308113e-63
8.835505952e-63
8.839436895e-63
8.843424929e-63
8.84606065e-63
8.864111142e-63
8.873593989e-63
8.879128892e-63
8.907152971e-63
8.929998188e-63
8.957784949e-63
8.992640944e-63
9.041440371e-63
9.059755148e-63
9.083039393e-63
9.125770461e-63
9.148550105e-63
9.189373723e-63
9.237172876e-63
9.275919038e-63
9.316541955e-63
9.360211189e-63
9.409217544e-63
9.456719647e-63
9.511778552e-63
9.558330473e-63
9.616811462e-63
9.675946344e-63
9.736308421e-63
9.794001147e-63
9.853161349e-63
9.912057108e-63
9.989507646e-63
1.005258203e-62
1.011611097e-62
1.018008577e-62
1.024770749e-62
1.033262126e-62
1.041001622e-62
1.049331703e-62
1.05748601e-62
1.066477737e-62
1.075377312e-62
1.084347866e-62
1.094930311e-62
1.102672442e-62
1.111909927e-62
1.121166126e-62
1.130543426e-62
1.138819763e-62
1.148653757e-62
1.159723656e-62
1.169431624e-62
1.181368004e-62
1.192022491e-62
1.20320999e-62
1.214957223e-62
1.226330692e-62
1.239701957e-62
1.252739906e-62
1.267012501e-62
1.279553939e-62
1.292482741e-62
1.307320929e-62
1.321915703e-62
1.336462122e-62
1.351195823e-62
1.363976685e-62
1.381187494e-62
1.396302659e-62
1.412818694e-62
1.430509988e-62
1.446764764e-62
1.464804581e-62
1.482322518e-62
1.500086349e-62
1.517787676e-62
1.536579631e-62
1.55494458e-62
1.573781191e-62
1.592532199e-62
1.612989215e-62
1.633742938e-62
1.653191856e-62
1.673900912e-62
1.696251427e-62
1.718417229e-62
1.740934272e-62
1.764089973e-62
1.787904669e-62
1.812329243e-62
1.836598692e-62
1.861148648e-62
1.885101558e-62
1.911112854e-62
1.936784486e-62
1.963182534e-62
1.989948508e-62
2.017069059e-62
2.044845543e-62
2.072840181e-62
2.292122655e-62
5.210184719e-62
1.698323541e-61
6.554887279e-61
6.447940582e-61
1.942121845e-34
1.319712035e-33
)
;
    }
}


// ************************************************************************* //
