/*--------------------------------*- C++ -*----------------------------------*\
| =========                 |                                                 |
| \\      /  F ield         | OpenFOAM: The Open Source CFD Toolbox           |
|  \\    /   O peration     | Version:  v1706                                 |
|   \\  /    A nd           | Web:      www.OpenFOAM.com                      |
|    \\/     M anipulation  |                                                 |
\*---------------------------------------------------------------------------*/
FoamFile
{
    version     2.0;
    format      ascii;
    class       volScalarField;
    location    "0.00157";
    object      nD_N+;
}
// * * * * * * * * * * * * * * * * * * * * * * * * * * * * * * * * * * * * * //

dimensions      [0 -3 0 0 0 0 0];


internalField   nonuniform List<scalar> 
20014
(
5.506320364e+17
7.349677522e+17
9.951662777e+17
1.343100319e+18
1.773141637e+18
2.251727552e+18
2.719606258e+18
3.112853209e+18
3.379802008e+18
3.518057076e+18
3.566098177e+18
3.559805345e+18
3.483436623e+18
2.894467663e+18
1.220235992e+18
3.828130981e+16
0
7.278043145e-132
7.107049589e-132
6.966271243e-132
6.825659713e-132
6.686965016e-132
6.549722982e-132
6.414349891e-132
6.275438122e-132
6.154280993e-132
6.024352662e-132
5.873572944e-132
5.773568589e-132
5.633391955e-132
5.508915843e-132
5.387186133e-132
5.262592918e-132
5.13806109e-132
5.032123405e-132
4.900224162e-132
4.793502262e-132
4.673808762e-132
4.564226706e-132
4.455754136e-132
4.35048801e-132
4.244631336e-132
4.132358566e-132
4.037625929e-132
3.912324976e-132
3.824468562e-132
3.729805336e-132
3.630031994e-132
3.522305524e-132
2.911356791e+18
2.995883513e+18
3.018661264e+18
3.038670678e+18
3.057382853e+18
3.074360207e+18
3.089166313e+18
3.101496569e+18
3.11176885e+18
3.119072243e+18
3.123107214e+18
3.123606341e+18
3.120223065e+18
3.112505593e+18
3.099844651e+18
3.081391283e+18
3.055757226e+18
3.021985584e+18
2.976691381e+18
2.918170157e+18
2.843458167e+18
2.749683136e+18
2.632754049e+18
2.491629703e+18
2.326823094e+18
2.137729009e+18
1.932859343e+18
1.714337497e+18
1.493329624e+18
1.278735319e+18
1.078796436e+18
8.99666216e+17
7.448383812e+17
6.152098214e+17
5.096146964e+17
4.255688922e+17
3.599905823e+17
3.097572981e+17
2.721154559e+17
2.446040695e+17
5.317741396e+17
7.082637016e+17
9.583411729e+17
1.29482696e+18
1.714527801e+18
2.187325791e+18
2.656418185e+18
3.056652198e+18
3.337254768e+18
3.483843166e+18
3.532806924e+18
3.532544005e+18
3.452857167e+18
2.899729521e+18
1.359396497e+18
5.996695702e+16
3.818696469e+10
7.303638454e-132
7.128477686e-132
6.988670024e-132
6.84859474e-132
6.705891437e-132
6.548793328e-132
6.429383848e-132
6.294625376e-132
6.167709634e-132
6.036147057e-132
5.911681911e-132
5.779489259e-132
5.642963876e-132
5.530606876e-132
5.402894054e-132
5.277012781e-132
5.158270928e-132
5.041857506e-132
4.921979527e-132
4.804565772e-132
4.694126189e-132
4.579491872e-132
4.469762835e-132
4.36309401e-132
4.251057967e-132
4.144836946e-132
4.042852193e-132
3.937631171e-132
3.822790821e-132
3.733479035e-132
3.634120226e-132
3.538735007e-132
2.924937242e+18
3.010608426e+18
3.033307225e+18
3.053294479e+18
3.07190405e+18
3.088531988e+18
3.103033841e+18
3.115083175e+18
3.123897844e+18
3.130355168e+18
3.133492558e+18
3.133052584e+18
3.128707165e+18
3.120018995e+18
3.10641886e+18
3.087010238e+18
3.060698477e+18
3.026094658e+18
2.980275984e+18
2.921540222e+18
2.846868838e+18
2.752861503e+18
2.637391816e+18
2.496741394e+18
2.332045635e+18
2.147217098e+18
1.940483705e+18
1.72295852e+18
1.501788552e+18
1.286798036e+18
1.086151386e+18
9.060659675e+17
7.501456278e+17
6.193995495e+17
5.127486533e+17
4.277593685e+17
3.613673466e+17
3.104494644e+17
2.721987207e+17
2.442165095e+17
5.132259437e+17
6.819365601e+17
9.219156757e+17
1.246849391e+18
1.655885828e+18
2.122321556e+18
2.591923725e+18
2.998990359e+18
3.292531311e+18
3.446726367e+18
3.502158194e+18
3.498707815e+18
3.422181717e+18
2.914189337e+18
1.542641378e+18
9.083712943e+16
2.073012032e+12
7.327733408e-132
7.148481712e-132
7.006133541e-132
6.863856683e-132
6.721166141e-132
6.588289533e-132
6.437422154e-132
6.321359542e-132
6.176661365e-132
6.045835269e-132
5.933521234e-132
5.788184062e-132
5.66336926e-132
5.544107291e-132
5.41643211e-132
5.299084375e-132
5.172363211e-132
5.057395629e-132
4.936367198e-132
4.820654497e-132
4.705423001e-132
4.594868657e-132
4.481352782e-132
4.374409521e-132
4.266047803e-132
4.161082988e-132
4.044123818e-132
3.947066498e-132
3.833749069e-132
3.739279301e-132
3.643522554e-132
3.525834518e-132
2.939191639e+18
3.026240357e+18
3.048880687e+18
3.068655589e+18
3.086952712e+18
3.103461818e+18
3.11759179e+18
3.12925141e+18
3.137009094e+18
3.14249533e+18
3.144699629e+18
3.143281341e+18
3.137937148e+18
3.128262168e+18
3.113699803e+18
3.093261093e+18
3.066364326e+18
3.030809316e+18
2.98456212e+18
2.925641954e+18
2.851251575e+18
2.757475774e+18
2.641472993e+18
2.50178888e+18
2.337958354e+18
2.152255862e+18
1.947546671e+18
1.730199367e+18
1.510182988e+18
1.295159346e+18
1.093921199e+18
9.128883981e+17
7.55837394e+17
6.239196311e+17
5.161570803e+17
4.301732271e+17
3.629227338e+17
3.112732888e+17
2.723640939e+17
2.439157924e+17
4.950073606e+17
6.560253959e+17
8.859583655e+17
1.199262607e+18
1.597299324e+18
2.056703418e+18
2.525928587e+18
2.939288982e+18
3.244266421e+18
3.40221317e+18
3.468254272e+18
3.463766367e+18
3.386502861e+18
2.93720558e+18
1.7079829e+18
1.265348151e+17
2.669118639e+13
7.35032438e-132
7.168742824e-132
7.02721997e-132
6.885680508e-132
6.742669198e-132
6.601869796e-132
6.459323105e-132
6.335800936e-132
6.203020866e-132
6.056084787e-132
5.942972585e-132
5.809299177e-132
5.685701663e-132
5.559372774e-132
5.435536472e-132
5.306690562e-132
5.192434324e-132
5.073353027e-132
4.952135161e-132
4.832194395e-132
4.719799321e-132
4.611698243e-132
4.494030655e-132
4.384138165e-132
4.277487203e-132
4.168725704e-132
4.056534383e-132
3.954864698e-132
3.853044964e-132
3.7421185e-132
3.640449484e-132
3.53893725e-132
2.953763827e+18
3.042858826e+18
3.065427114e+18
3.084954996e+18
3.103023718e+18
3.118892478e+18
3.131757424e+18
3.142388277e+18
3.149875905e+18
3.154582035e+18
3.155800464e+18
3.15335327e+18
3.14696964e+18
3.136260686e+18
3.120688214e+18
3.099307672e+18
3.071630707e+18
3.03519669e+18
2.988571134e+18
2.929390313e+18
2.854765075e+18
2.761134535e+18
2.646984567e+18
2.509115454e+18
2.347041817e+18
2.161620275e+18
1.956198283e+18
1.742157915e+18
1.519208653e+18
1.303732006e+18
1.101828556e+18
9.198446287e+17
7.616610457e+17
6.285594978e+17
5.196660796e+17
4.32666944e+17
3.645410331e+17
3.121531269e+17
2.72664828e+17
2.435957017e+17
2.228735725e+17
2.105332734e+17
2.043508109e+17
2.046670756e+17
2.12659686e+17
2.294502401e+17
2.581579515e+17
3.035411045e+17
3.729337928e+17
4.770669098e+17
6.305212139e+17
8.505219548e+17
1.152189386e+18
1.538931071e+18
1.990585367e+18
2.458376822e+18
2.877111309e+18
3.192564815e+18
3.362712399e+18
3.42711412e+18
3.427673164e+18
3.35337103e+18
2.969589231e+18
1.887344915e+18
1.625681114e+17
1.696668167e+14
7.371553719e-132
7.188652761e-132
7.047755914e-132
6.906010711e-132
6.764994315e-132
6.619158234e-132
6.481536362e-132
6.355288666e-132
6.21280933e-132
6.084022198e-132
5.965425392e-132
5.849996162e-132
5.666091642e-132
5.577567646e-132
5.44768436e-132
5.327673636e-132
5.20387198e-132
5.085978062e-132
4.966719001e-132
4.848480463e-132
4.737062351e-132
4.62462881e-132
4.497076109e-132
4.397298964e-132
4.284588415e-132
4.179227014e-132
4.071132894e-132
3.965309472e-132
3.860980899e-132
3.746031432e-132
3.650223007e-132
3.547759473e-132
2.972679003e+18
3.06194185e+18
3.084346184e+18
3.103251748e+18
3.120527535e+18
3.135912606e+18
3.148090827e+18
3.158180937e+18
3.164464463e+18
3.168080915e+18
3.168267393e+18
3.164771208e+18
3.157331204e+18
3.145578334e+18
3.128942749e+18
3.106740542e+18
3.078095288e+18
3.040926803e+18
2.993900616e+18
2.934460598e+18
2.859866441e+18
2.766326961e+18
2.65217703e+18
2.514645196e+18
2.352800828e+18
2.167870128e+18
1.964514838e+18
1.749159524e+18
1.529356928e+18
1.313539642e+18
1.110836229e+18
9.277608864e+17
7.683127967e+17
6.33900032e+17
5.237555025e+17
4.356332363e+17
3.665390041e+17
3.13329681e+17
2.730909585e+17
2.43457286e+17
2.223116102e+17
2.095210636e+17
2.031084456e+17
2.026337842e+17
2.094114503e+17
2.249436677e+17
2.518921101e+17
2.947278132e+17
3.603922856e+17
4.59119551e+17
6.049761857e+17
8.14955862e+17
1.10476142e+18
1.47974339e+18
1.922900529e+18
2.388352433e+18
2.811670288e+18
3.135883502e+18
3.313621702e+18
3.388591511e+18
3.388532918e+18
3.325895106e+18
3.007174317e+18
2.05868206e+18
2.187695772e+17
3.868414537e+14
7.393466521e-132
7.209374683e-132
7.067832557e-132
6.927221745e-132
6.785344759e-132
6.642954808e-132
6.496558632e-132
6.374903969e-132
6.234837835e-132
6.102304021e-132
5.980119171e-132
5.848178443e-132
5.708709307e-132
5.589683875e-132
5.464066967e-132
5.342285254e-132
5.21913841e-132
5.098664541e-132
4.987003041e-132
4.865000996e-132
4.739049224e-132
4.633068259e-132
4.519449964e-132
4.407787333e-132
4.297196562e-132
4.192565609e-132
4.081653507e-132
3.968769181e-132
3.869619237e-132
3.762427227e-132
3.65470665e-132
3.552114608e-132
2.994371025e+18
3.082539912e+18
3.104015959e+18
3.122489318e+18
3.13869321e+18
3.153585953e+18
3.165160629e+18
3.174174453e+18
3.179775223e+18
3.182116599e+18
3.181179114e+18
3.17654239e+18
3.167950479e+18
3.155073448e+18
3.137229077e+18
3.114224945e+18
3.084394186e+18
3.046534115e+18
2.998941835e+18
2.939090434e+18
2.863908317e+18
2.771143026e+18
2.657362731e+18
2.520576972e+18
2.360715682e+18
2.175585708e+18
1.97400949e+18
1.759313611e+18
1.539262647e+18
1.323090065e+18
1.119610086e+18
9.354607535e+17
7.747706629e+17
6.390724643e+17
5.277014555e+17
4.384777447e+17
3.684346669e+17
3.144253778e+17
2.735325722e+17
2.433161759e+17
2.217957828e+17
2.080985797e+17
2.009003875e+17
2.001196835e+17
2.060665513e+17
2.2040484e+17
2.456541478e+17
2.8602038e+17
3.480661788e+17
4.415387285e+17
5.79983589e+17
7.801101274e+17
1.058072189e+18
1.420962448e+18
1.854787334e+18
2.316645901e+18
2.74280621e+18
3.076663648e+18
3.267237753e+18
3.345041499e+18
3.355033304e+18
3.2963942e+18
3.038118118e+18
2.201856755e+18
2.589140849e+17
6.223127804e+14
7.41445313e-132
7.22896694e-132
7.088345275e-132
6.950075165e-132
6.815479563e-132
6.681674943e-132
6.490789727e-132
6.393405084e-132
6.258457018e-132
6.122436151e-132
5.994627716e-132
5.854532925e-132
5.731106122e-132
5.607342822e-132
5.486198385e-132
5.354524934e-132
5.235104859e-132
5.109826234e-132
4.999264139e-132
4.870872748e-132
4.763533401e-132
4.652326487e-132
4.532835941e-132
4.416446861e-132
4.311658955e-132
4.190913476e-132
4.089296927e-132
3.976242115e-132
3.878338133e-132
3.77351953e-132
3.663680639e-132
3.564784925e-132
3.017317582e+18
3.103663425e+18
3.123427306e+18
3.141709527e+18
3.158042702e+18
3.172481104e+18
3.183392102e+18
3.190410673e+18
3.195310462e+18
3.196274816e+18
3.194181386e+18
3.188379561e+18
3.178627801e+18
3.164550443e+18
3.145667368e+18
3.121539901e+18
3.090676506e+18
3.052121306e+18
3.003945484e+18
2.943768967e+18
2.869039254e+18
2.776773781e+18
2.663252796e+18
2.527624093e+18
2.36579603e+18
2.183718925e+18
1.982284112e+18
1.767885082e+18
1.548378084e+18
1.332186996e+18
1.128095077e+18
9.429495122e+17
7.810619827e+17
6.44112237e+17
5.315441064e+17
4.412446221e+17
3.702750895e+17
3.154861871e+17
2.739454557e+17
2.431669095e+17
2.210958059e+17
2.071234469e+17
1.995612707e+17
1.977945212e+17
2.028518763e+17
2.160286608e+17
2.396540671e+17
2.776765058e+17
3.362989464e+17
4.248043568e+17
5.562278404e+17
7.469571979e+17
1.013465845e+18
1.364353259e+18
1.788408156e+18
2.245744009e+18
2.673849999e+18
3.016970758e+18
3.220478232e+18
3.302836477e+18
3.318567622e+18
3.276546172e+18
3.078721915e+18
2.338997109e+18
3.190640837e+17
8.747066686e+14
7.437225053e-132
7.25256827e-132
7.111368039e-132
6.970476798e-132
6.828445801e-132
6.687067668e-132
6.533669531e-132
6.410191097e-132
6.280887178e-132
6.137584973e-132
6.010207108e-132
5.877995536e-132
5.747801053e-132
5.624322594e-132
5.495846351e-132
5.378872567e-132
5.261090252e-132
5.11111822e-132
5.011356223e-132
4.88268953e-132
4.778967867e-132
4.657926994e-132
4.54494095e-132
4.431575398e-132
4.319119455e-132
4.206923364e-132
4.090234919e-132
3.992022734e-132
3.888938643e-132
3.780477181e-132
3.679314753e-132
3.572557225e-132
3.042439725e+18
3.12508298e+18
3.144313937e+18
3.161850068e+18
3.177081388e+18
3.189361752e+18
3.19947668e+18
3.20612718e+18
3.209490768e+18
3.210333763e+18
3.207152104e+18
3.200200247e+18
3.189279996e+18
3.173946819e+18
3.154122974e+18
3.128715375e+18
3.09695656e+18
3.057620691e+18
3.00880005e+18
2.948190404e+18
2.872731865e+18
2.780814236e+18
2.66779598e+18
2.532574836e+18
2.372821698e+18
2.191647655e+18
1.991003761e+18
1.776198629e+18
1.557223685e+18
1.340978964e+18
1.136338222e+18
9.50268362e+17
7.872378302e+17
6.490741922e+17
5.353353529e+17
4.439793272e+17
3.720978225e+17
3.165401756e+17
2.7435508e+17
2.430253239e+17
2.204268869e+17
2.057277213e+17
1.974914278e+17
1.954181912e+17
1.997037726e+17
2.118031449e+17
2.339003939e+17
2.697142582e+17
3.251139279e+17
4.089429704e+17
5.337376149e+17
7.155287493e+17
9.709834623e+17
1.309981927e+18
1.72387864e+18
2.175832564e+18
2.605047927e+18
2.952847552e+18
3.153848083e+18
3.25413179e+18
3.287406734e+18
3.259782608e+18
3.093128867e+18
2.412847589e+18
3.617449849e+17
1.11325597e+15
7.469515247e-132
7.273419548e-132
7.130489529e-132
6.988308612e-132
6.845350358e-132
6.703701049e-132
6.568708104e-132
6.419898817e-132
6.289682184e-132
6.161350729e-132
6.03143631e-132
5.899624834e-132
5.765052649e-132
5.635714643e-132
5.510414927e-132
5.396115259e-132
5.265338921e-132
5.133138682e-132
5.022774716e-132
4.909537901e-132
4.780906393e-132
4.671192159e-132
4.557932133e-132
4.435385567e-132
4.330030138e-132
4.219429619e-132
4.105148451e-132
4.004635339e-132
3.897293255e-132
3.79708893e-132
3.690682653e-132
3.574794185e-132
3.066660961e+18
3.146116947e+18
3.164323639e+18
3.180751745e+18
3.195057184e+18
3.206752783e+18
3.216371304e+18
3.222327831e+18
3.225184318e+18
3.224388876e+18
3.22007744e+18
3.2119617e+18
3.199817787e+18
3.183403873e+18
3.162342489e+18
3.135826074e+18
3.103178998e+18
3.063034791e+18
3.013600689e+18
2.952617408e+18
2.877420413e+18
2.785164041e+18
2.672777677e+18
2.538027321e+18
2.379284242e+18
2.198693689e+18
1.99878382e+18
1.785079321e+18
1.566056223e+18
1.349580837e+18
1.144371242e+18
9.574176877e+17
7.932943995e+17
6.539586609e+17
5.390797194e+17
4.466889099e+17
3.739115033e+17
3.175987614e+17
2.747816423e+17
2.429097826e+17
2.198941381e+17
2.048818738e+17
1.962189496e+17
1.932629267e+17
1.96727599e+17
2.077836881e+17
2.284319283e+17
2.621676511e+17
3.145454318e+17
3.939919903e+17
5.12557059e+17
6.858851961e+17
9.307261759e+17
1.258037724e+18
1.661542603e+18
2.107493754e+18
2.537481922e+18
2.895044628e+18
3.126016246e+18
3.225079361e+18
3.26442232e+18
3.248257696e+18
3.113557194e+18
2.513714678e+18
4.195459105e+17
1.61501923e+15
0
7.296847302e-132
7.1542348e-132
7.012103723e-132
6.869910728e-132
6.725335918e-132
6.564732926e-132
6.443268775e-132
6.30759112e-132
6.191548823e-132
6.03224633e-132
5.918258989e-132
5.784610394e-132
5.653973105e-132
5.533441627e-132
5.403960797e-132
5.264460891e-132
5.157352207e-132
5.036413542e-132
4.918786152e-132
4.793003693e-132
4.683699832e-132
4.567240942e-132
4.456303982e-132
4.338591393e-132
4.232447034e-132
4.122557904e-132
4.01052604e-132
3.90984554e-132
3.807543478e-132
3.698593985e-132
3.592720655e-132
3.084460406e+18
3.165881942e+18
3.186328286e+18
3.199674998e+18
3.213225238e+18
3.224103012e+18
3.23273299e+18
3.237764025e+18
3.239570903e+18
3.238296862e+18
3.232892873e+18
3.223619871e+18
3.210257219e+18
3.192735623e+18
3.170393521e+18
3.142861975e+18
3.109271106e+18
3.068301507e+18
3.018219488e+18
2.956794029e+18
2.881336042e+18
2.789021421e+18
2.677068321e+18
2.54292583e+18
2.387246286e+18
2.207063092e+18
2.009409196e+18
1.794338055e+18
1.574947599e+18
1.358111489e+18
1.152280926e+18
9.644425352e+17
7.992513282e+17
6.58774267e+17
5.427817888e+17
4.493759215e+17
3.757163254e+17
3.186574487e+17
2.752105404e+17
2.427931081e+17
2.192491774e+17
2.033666375e+17
1.944038536e+17
1.910832779e+17
1.938441669e+17
2.039429684e+17
2.232412356e+17
2.550374105e+17
3.045959969e+17
3.799504617e+17
4.926772394e+17
6.580103171e+17
8.926862144e+17
1.208562372e+18
1.601549485e+18
2.040986738e+18
2.471046538e+18
2.834655096e+18
3.076453823e+18
3.193173137e+18
3.23825996e+18
3.231754613e+18
3.124928325e+18
2.567793214e+18
4.729646422e+17
2.426970649e+15
1.870700687e-47
7.319287534e-132
7.175029743e-132
7.034089336e-132
6.88981892e-132
6.740696236e-132
6.589682524e-132
6.461956073e-132
6.325336624e-132
6.195682239e-132
6.061680535e-132
5.937149337e-132
5.793074181e-132
5.674850995e-132
5.542935582e-132
5.422003718e-132
5.295895086e-132
5.158755838e-132
5.053121056e-132
4.929757551e-132
4.803967603e-132
4.688759743e-132
4.580797295e-132
4.466550262e-132
4.35208909e-132
4.240560851e-132
4.132382958e-132
4.022200718e-132
3.920692952e-132
3.819622826e-132
3.698562931e-132
3.599455815e-132
3.103913342e+18
3.188245395e+18
3.203588696e+18
3.220310589e+18
3.232235977e+18
3.242514167e+18
3.249428004e+18
3.253924252e+18
3.254826611e+18
3.252150688e+18
3.245624494e+18
3.235138175e+18
3.220674969e+18
3.20183751e+18
3.178364696e+18
3.149791774e+18
3.11523236e+18
3.073440601e+18
3.022720034e+18
2.960901958e+18
2.88536418e+18
2.793267246e+18
2.681692615e+18
2.548419081e+18
2.391618766e+18
2.213533067e+18
2.015186324e+18
1.8026995e+18
1.583595736e+18
1.366508147e+18
1.160063462e+18
9.713455843e+17
8.051052793e+17
6.635134082e+17
5.464338642e+17
4.520351481e+17
3.77510917e+17
3.197207848e+17
2.756602984e+17
2.427210383e+17
2.187368528e+17
2.026088165e+17
1.93023436e+17
1.891025628e+17
1.911387835e+17
2.003190573e+17
2.183440689e+17
2.48325438e+17
2.952542787e+17
3.667899648e+17
4.740473062e+17
6.318306344e+17
8.567841848e+17
1.16151615e+18
1.543967596e+18
1.976525519e+18
2.405978093e+18
2.773712649e+18
3.026332952e+18
3.160101647e+18
3.214569585e+18
3.220327392e+18
3.13153124e+18
2.625197981e+18
5.373909301e+17
3.504677653e+15
0
7.344054052e-132
7.194641746e-132
7.05289098e-132
6.910872018e-132
6.766193896e-132
6.612481947e-132
6.476560242e-132
6.335274029e-132
6.209787628e-132
6.079835219e-132
5.948742574e-132
5.818250609e-132
5.685217677e-132
5.562483606e-132
5.438689357e-132
5.320411538e-132
5.164133792e-132
5.062621094e-132
4.942361592e-132
4.82328901e-132
4.703617567e-132
4.58936558e-132
4.483971878e-132
4.367597401e-132
4.244544946e-132
4.146119756e-132
4.036194855e-132
3.932203116e-132
3.808194842e-132
3.713901146e-132
3.607995506e-132
3.124107411e+18
3.205765159e+18
3.221488266e+18
3.236414379e+18
3.248685861e+18
3.258830538e+18
3.265611594e+18
3.269049266e+18
3.269454985e+18
3.265853322e+18
3.2582306e+18
3.24659982e+18
3.230885992e+18
3.21084131e+18
3.186259378e+18
3.156596717e+18
3.121044778e+18
3.078415952e+18
3.027036299e+18
2.964763868e+18
2.889000695e+18
2.796617025e+18
2.685499248e+18
2.552750503e+18
2.397412884e+18
2.22181142e+18
2.023611316e+18
1.810986029e+18
1.592094458e+18
1.374779094e+18
1.167749976e+18
9.781716343e+17
8.10899011e+17
6.682103068e+17
5.500611185e+17
4.546841085e+17
3.793060194e+17
3.207920206e+17
2.761221737e+17
2.42659059e+17
2.182141138e+17
2.01530005e+17
1.91522028e+17
1.871524832e+17
1.885341584e+17
1.968670142e+17
2.137052934e+17
2.419950048e+17
2.864717657e+17
3.544387433e+17
4.565603663e+17
6.071974037e+17
8.228412962e+17
1.116740303e+18
1.488764392e+18
1.91437805e+18
2.343194767e+18
2.716078081e+18
2.983447725e+18
3.132480102e+18
3.194441301e+18
3.208911669e+18
3.14362754e+18
2.631481566e+18
6.377601973e+17
6.301523277e+15
0.000799183317
7.367478998e-132
7.211877231e-132
7.070066844e-132
6.929960327e-132
6.79008022e-132
6.636118332e-132
6.494923447e-132
6.365570359e-132
6.21975196e-132
6.094344392e-132
5.960202936e-132
5.839486777e-132
5.692635593e-132
5.577992444e-132
5.451402518e-132
5.324813408e-132
5.196384359e-132
5.076634316e-132
4.953988264e-132
4.840763561e-132
4.716175939e-132
4.604668767e-132
4.487842492e-132
4.373805015e-132
4.258765326e-132
4.154263698e-132
4.046797246e-132
3.941691669e-132
3.832082276e-132
3.711664204e-132
3.62188183e-132
3.147435075e+18
3.223577712e+18
3.2395862e+18
3.254380038e+18
3.266305798e+18
3.276020427e+18
3.282234671e+18
3.285181305e+18
3.284221107e+18
3.279507779e+18
3.270756351e+18
3.257957602e+18
3.240985093e+18
3.219785052e+18
3.194052248e+18
3.163291511e+18
3.126764641e+18
3.083279103e+18
3.031247211e+18
2.968547648e+18
2.892660444e+18
2.800922641e+18
2.690157777e+18
2.558257106e+18
2.403428645e+18
2.226672875e+18
2.028642569e+18
1.818742072e+18
1.600319797e+18
1.382890517e+18
1.175356041e+18
9.849598824e+17
8.166759248e+17
6.729020165e+17
5.536912235e+17
4.573419751e+17
3.81114494e+17
3.218799299e+17
2.766037916e+17
2.426241591e+17
2.17709263e+17
2.003910401e+17
1.901299901e+17
1.853063493e+17
1.860752597e+17
1.935941765e+17
2.09312822e+17
2.360144511e+17
2.781917508e+17
3.428047747e+17
4.400767189e+17
5.839118356e+17
7.905971656e+17
1.073922362e+18
1.43557964e+18
1.854088591e+18
2.282039562e+18
2.660751229e+18
2.942141989e+18
3.104527329e+18
3.178725346e+18
3.19795748e+18
3.143506136e+18
2.629796701e+18
7.795244978e+17
1.043462727e+16
0
7.392649464e-132
7.231538492e-132
7.088431834e-132
6.947676476e-132
6.811175855e-132
6.678459786e-132
6.496316418e-132
6.384548428e-132
6.248471936e-132
6.126717364e-132
5.952428886e-132
5.841173043e-132
5.717438807e-132
5.593901241e-132
5.467415708e-132
5.337417531e-132
5.211479195e-132
5.089704384e-132
4.972367209e-132
4.851699726e-132
4.728478313e-132
4.611365736e-132
4.501176693e-132
4.38623311e-132
4.276117473e-132
4.165783089e-132
4.060199566e-132
3.943363798e-132
3.843001753e-132
3.726717179e-132
3.634200983e-132
3.164652727e+18
3.241912325e+18
3.258029137e+18
3.272116348e+18
3.283742857e+18
3.29285389e+18
3.298241163e+18
3.3000664e+18
3.298672524e+18
3.293037637e+18
3.283189771e+18
3.269164722e+18
3.251040802e+18
3.228650705e+18
3.201757802e+18
3.16990541e+18
3.132363051e+18
3.088033822e+18
3.035311027e+18
2.972150771e+18
2.896018311e+18
2.803879311e+18
2.693581929e+18
2.562218419e+18
2.408420185e+18
2.232484013e+18
2.035831234e+18
1.826125473e+18
1.608206887e+18
1.390814379e+18
1.182889816e+18
9.917389577e+17
8.224724293e+17
6.776236307e+17
5.573527854e+17
4.600292999e+17
3.82949461e+17
3.229917539e+17
2.771083005e+17
2.426112305e+17
2.172843615e+17
1.995832616e+17
1.888352236e+17
1.835272453e+17
1.837263877e+17
1.904588094e+17
2.051199532e+17
2.303247797e+17
2.703330257e+17
3.317717774e+17
4.244309607e+17
5.617481911e+17
7.597658214e+17
1.032736243e+18
1.384085244e+18
1.795357438e+18
2.222201811e+18
2.606777642e+18
2.901020694e+18
3.075440357e+18
3.156162565e+18
3.178181398e+18
3.133436082e+18
2.625634528e+18
8.882921368e+17
1.690530395e+16
7038.391488
7.418056018e-132
7.250795742e-132
7.109346674e-132
6.970686418e-132
6.829571431e-132
6.670442973e-132
6.535854194e-132
6.40555709e-132
6.261406976e-132
6.130956843e-132
5.988324306e-132
5.85645048e-132
5.736365486e-132
5.610927583e-132
5.481868122e-132
5.347841492e-132
5.223799841e-132
5.100787861e-132
4.9860031e-132
4.865776305e-132
4.742913934e-132
4.630975515e-132
4.508198483e-132
4.405523846e-132
4.286199659e-132
4.17509524e-132
4.064612045e-132
3.9491313e-132
3.851423706e-132
3.745090626e-132
3.646836266e-132
3.183127243e+18
3.261357749e+18
3.277240544e+18
3.29144838e+18
3.302478414e+18
3.309908947e+18
3.314841016e+18
3.316110823e+18
3.31329104e+18
3.306532867e+18
3.295512652e+18
3.28032867e+18
3.261022378e+18
3.237443173e+18
3.209380806e+18
3.176442044e+18
3.137899476e+18
3.092698101e+18
3.039288601e+18
2.975660845e+18
2.899345293e+18
2.80756909e+18
2.697761026e+18
2.566527653e+18
2.414281423e+18
2.23880264e+18
2.04403729e+18
1.833915446e+18
1.615962106e+18
1.398636662e+18
1.190347555e+18
9.984820391e+17
8.282648545e+17
6.82358527e+17
5.610339387e+17
4.627365316e+17
3.848023487e+17
3.241193654e+17
2.776274309e+17
2.426117492e+17
2.16851573e+17
1.984983729e+17
1.87536418e+17
1.817896568e+17
1.814529323e+17
1.874365206e+17
2.010925046e+17
2.248746843e+17
2.628184361e+17
3.212263494e+17
4.094606319e+17
5.40484759e+17
7.300627426e+17
9.928404409e+17
1.333889652e+18
1.737724113e+18
2.163050041e+18
2.552870174e+18
2.857361767e+18
3.044842808e+18
3.13288547e+18
3.157450344e+18
3.11378099e+18
2.624810376e+18
1.053932198e+18
2.755156481e+16
0
7.44368095e-132
7.270142001e-132
7.126581704e-132
6.984250105e-132
6.842402765e-132
6.697522908e-132
6.552655766e-132
6.422892153e-132
6.284891936e-132
6.13815079e-132
6.007840034e-132
5.877917191e-132
5.758276482e-132
5.640320662e-132
5.473871373e-132
5.360615658e-132
5.246806984e-132
5.111469448e-132
4.997532407e-132
4.879908878e-132
4.754071527e-132
4.640140749e-132
4.527893313e-132
4.413036577e-132
4.290824513e-132
4.182427329e-132
4.078269014e-132
3.969275484e-132
3.866237351e-132
3.757806223e-132
3.653661285e-132
3.203065979e+18
3.280763305e+18
3.295449445e+18
3.308466709e+18
3.319178985e+18
3.326696926e+18
3.33061132e+18
3.330804656e+18
3.3276018e+18
3.319904229e+18
3.307738247e+18
3.291415243e+18
3.270924593e+18
3.246149913e+18
3.216936177e+18
3.182863325e+18
3.143334441e+18
3.097253812e+18
3.043147253e+18
2.978995852e+18
2.902398661e+18
2.810644524e+18
2.700991308e+18
2.571317454e+18
2.418834311e+18
2.244067287e+18
2.049722757e+18
1.841124183e+18
1.623859814e+18
1.40645369e+18
1.197760331e+18
1.005178518e+18
8.340266131e+17
6.870802368e+17
5.6471364e+17
4.654483579e+17
3.866625307e+17
3.252558395e+17
2.781572344e+17
2.426327752e+17
2.163662772e+17
1.977732285e+17
1.862747968e+17
1.800909393e+17
1.792377362e+17
1.845032583e+17
1.971962798e+17
2.196147612e+17
2.555763671e+17
3.110665345e+17
3.950248065e+17
5.199366743e+17
7.012617362e+17
9.53980015e+17
1.284727408e+18
1.680933672e+18
2.104398385e+18
2.499091258e+18
2.813153807e+18
3.011718084e+18
3.104298805e+18
3.129792903e+18
3.089900062e+18
2.629160339e+18
1.185593277e+18
4.448262144e+16
1.035844782e+10
7.468707801e-132
7.291224147e-132
7.148483353e-132
7.006261888e-132
6.861179263e-132
6.713545964e-132
6.580161122e-132
6.428136997e-132
6.298151712e-132
6.15878747e-132
6.027288896e-132
5.900126089e-132
5.768548037e-132
5.628733054e-132
5.504450804e-132
5.378243953e-132
5.256750348e-132
5.134710144e-132
5.007859461e-132
4.896405043e-132
4.772009405e-132
4.653193219e-132
4.536310966e-132
4.413832989e-132
4.3119084e-132
4.193858058e-132
4.082898637e-132
3.97791031e-132
3.876882657e-132
3.769272315e-132
3.668853269e-132
3.22267363e+18
3.299250385e+18
3.313978041e+18
3.326227069e+18
3.33669141e+18
3.343680371e+18
3.347242264e+18
3.346762458e+18
3.342071916e+18
3.333181677e+18
3.319905223e+18
3.302409578e+18
3.280736991e+18
3.254758858e+18
3.224380907e+18
3.189205828e+18
3.14866835e+18
3.101720308e+18
3.0469038e+18
2.982253408e+18
2.905422765e+18
2.813744026e+18
2.704386721e+18
2.574819231e+18
2.423948723e+18
2.249857832e+18
2.05696025e+18
1.848776861e+18
1.631629086e+18
1.41417998e+18
1.205076718e+18
1.011789806e+18
8.397224412e+17
6.917549102e+17
5.683620167e+17
4.681408001e+17
3.885126022e+17
3.263908605e+17
2.786972435e+17
2.426867933e+17
2.160789252e+17
1.968892748e+17
1.850440134e+17
1.784224682e+17
1.770692243e+17
1.816421669e+17
1.934064993e+17
2.14508239e+17
2.485530198e+17
3.012160304e+17
3.810197195e+17
4.999701948e+17
6.731996845e+17
9.159609161e+17
1.23634975e+18
1.624592695e+18
2.045485243e+18
2.443919373e+18
2.766331743e+18
2.974419042e+18
3.067020381e+18
3.101135031e+18
3.06313817e+18
2.637579198e+18
1.343232275e+18
7.254650308e+16
8.573375101e+11
7.491936211e-132
7.309438395e-132
7.165510175e-132
7.023364471e-132
6.879142027e-132
6.733417345e-132
6.598941429e-132
6.452527978e-132
6.323666347e-132
6.166596753e-132
6.037975453e-132
5.909920715e-132
5.78195026e-132
5.653482662e-132
5.520023305e-132
5.394230935e-132
5.275952489e-132
5.134810271e-132
5.022773765e-132
4.903440013e-132
4.786019254e-132
4.669352668e-132
4.553534183e-132
4.430402434e-132
4.322443028e-132
4.199869365e-132
4.093679228e-132
3.991801188e-132
3.887615759e-132
3.779491383e-132
3.675065818e-132
3.241952218e+18
3.31799947e+18
3.33358247e+18
3.344031302e+18
3.353922616e+18
3.360268408e+18
3.362774508e+18
3.361135056e+18
3.356193032e+18
3.346347758e+18
3.33194902e+18
3.313293339e+18
3.290414329e+18
3.263253329e+18
3.231698286e+18
3.195440474e+18
3.153875651e+18
3.106054472e+18
3.050515882e+18
2.985349985e+18
2.908227496e+18
2.816488233e+18
2.707093157e+18
2.578365029e+18
2.42766566e+18
2.254636246e+18
2.06315157e+18
1.855559865e+18
1.639606768e+18
1.421727685e+18
1.212271696e+18
1.018309059e+18
8.453453113e+17
6.963733991e+17
5.719686095e+17
4.708034954e+17
3.903426762e+17
3.275132465e+17
2.792280828e+17
2.42713224e+17
2.156779432e+17
1.961516447e+17
1.838289941e+17
1.767810929e+17
1.749421453e+17
1.78843284e+17
1.897082318e+17
2.095328685e+17
2.417164352e+17
2.916313575e+17
3.673902985e+17
4.805215845e+17
6.458104631e+17
8.78721516e+17
1.188706232e+18
1.568701561e+18
1.986565441e+18
2.388431341e+18
2.719345039e+18
2.936771846e+18
3.040029848e+18
3.072763043e+18
3.034058613e+18
2.65288955e+18
1.508382264e+18
1.039473628e+17
1.470702351e+13
7.514269636e-132
7.328575154e-132
7.185392671e-132
7.041566478e-132
6.897277923e-132
6.754454998e-132
6.616363202e-132
6.480753038e-132
6.320604826e-132
6.195780722e-132
6.056099092e-132
5.93027371e-132
5.785329214e-132
5.667011908e-132
5.535984584e-132
5.414785908e-132
5.275217264e-132
5.159918131e-132
5.036825267e-132
4.925336708e-132
4.784266529e-132
4.683652395e-132
4.567253688e-132
4.443427057e-132
4.339739823e-132
4.205415871e-132
4.109161622e-132
4.002274171e-132
3.897738184e-132
3.789388213e-132
3.685285374e-132
3.261223385e+18
3.338158906e+18
3.350688661e+18
3.363314819e+18
3.371596814e+18
3.377256883e+18
3.379247487e+18
3.377112459e+18
3.37042505e+18
3.35940334e+18
3.343886247e+18
3.324058155e+18
3.299981521e+18
3.271590434e+18
3.238854368e+18
3.201512221e+18
3.158943962e+18
3.110238474e+18
3.053995318e+18
2.9883413e+18
2.910948276e+18
2.819245638e+18
2.71057442e+18
2.581842165e+18
2.431811467e+18
2.260329231e+18
2.068973798e+18
1.862314834e+18
1.646680256e+18
1.428950544e+18
1.219259666e+18
1.024688388e+18
8.508676437e+17
7.009162935e+17
5.755182516e+17
4.734241277e+17
3.921422319e+17
3.286126819e+17
2.797376874e+17
2.427156324e+17
2.152286348e+17
1.953691364e+17
1.82298195e+17
1.75123298e+17
1.728445882e+17
1.761030793e+17
1.860992599e+17
2.046848252e+17
2.350607964e+17
2.823060552e+17
3.541329924e+17
4.615956896e+17
6.191105274e+17
8.422761094e+17
1.141743613e+18
1.512964276e+18
1.9267564e+18
2.330661071e+18
2.668664823e+18
2.895528306e+18
3.005880844e+18
3.042257454e+18
3.00641293e+18
2.674559419e+18
1.661302365e+18
1.384427357e+17
1.064291555e+14
7.537317355e-132
7.350080916e-132
7.204109124e-132
7.058377621e-132
6.913833315e-132
6.771015517e-132
6.630085659e-132
6.491314754e-132
6.356459533e-132
6.20167855e-132
6.0682672e-132
5.941171321e-132
5.808688206e-132
5.686537688e-132
5.556928083e-132
5.41263966e-132
5.301861825e-132
5.171144263e-132
5.049417184e-132
4.93285257e-132
4.806939906e-132
4.696292437e-132
4.585817542e-132
4.461776467e-132
4.330947157e-132
4.229899177e-132
4.121356965e-132
4.025496201e-132
3.934528909e-132
3.772309789e-132
3.681356654e-132
3.280348887e+18
3.355121974e+18
3.368421861e+18
3.380180164e+18
3.388531679e+18
3.39344079e+18
3.394421622e+18
3.390965467e+18
3.384332183e+18
3.372322649e+18
3.355640048e+18
3.334653961e+18
3.309378223e+18
3.279821249e+18
3.245938364e+18
3.207410069e+18
3.163758892e+18
3.114255117e+18
3.057314166e+18
2.991157043e+18
2.913463951e+18
2.821715963e+18
2.712859723e+18
2.584612696e+18
2.435468103e+18
2.264102179e+18
2.074752703e+18
1.868544807e+18
1.652884268e+18
1.435879522e+18
1.226017126e+18
1.030907627e+18
8.562846688e+17
7.053890947e+17
5.790192442e+17
4.760099239e+17
3.939172059e+17
3.296972753e+17
2.802454326e+17
2.427481766e+17
2.148377375e+17
1.945237043e+17
1.812876774e+17
1.735291236e+17
1.708109112e+17
1.734384073e+17
1.825918083e+17
1.99975944e+17
2.286016793e+17
2.732649493e+17
3.412904492e+17
4.432662697e+17
5.932225987e+17
8.068161519e+17
1.095738135e+18
1.457755959e+18
1.866580726e+18
2.271448991e+18
2.615945427e+18
2.851038339e+18
2.968388703e+18
3.008898877e+18
2.976264401e+18
2.706093356e+18
1.812214075e+18
1.743234008e+17
2.884630344e+14
7.557571457e-132
7.367941111e-132
7.221429748e-132
7.077839223e-132
6.934237383e-132
6.790976282e-132
6.644560314e-132
6.50724998e-132
6.354697445e-132
6.225225267e-132
6.092892832e-132
5.965544839e-132
5.824457289e-132
5.692848684e-132
5.559133789e-132
5.434475222e-132
5.311607071e-132
5.191461214e-132
5.069770665e-132
4.950423049e-132
4.815718315e-132
4.704428467e-132
4.591119522e-132
4.476817e-132
4.349407949e-132
4.242675625e-132
4.140391281e-132
4.019331236e-132
3.931834728e-132
3.807514502e-132
3.690333879e-132
3.299115354e+18
3.373026465e+18
3.386429472e+18
3.397739131e+18
3.405804257e+18
3.410439256e+18
3.410892995e+18
3.406957812e+18
3.398264847e+18
3.385118098e+18
3.367293742e+18
3.345050344e+18
3.31860015e+18
3.287857124e+18
3.252790747e+18
3.213240364e+18
3.168583015e+18
3.117931018e+18
3.060338412e+18
2.99369897e+18
2.915770603e+18
2.824024198e+18
2.715692793e+18
2.587909403e+18
2.439562866e+18
2.269381203e+18
2.080326632e+18
1.874722698e+18
1.65886729e+18
1.442561464e+18
1.232566628e+18
1.036964364e+18
8.615810753e+17
7.09775481e+17
5.824591646e+17
4.78551909e+17
3.956596858e+17
3.307564073e+17
2.807297305e+17
2.427446702e+17
2.143704781e+17
1.937313554e+17
1.801211449e+17
1.720823022e+17
1.688487851e+17
1.708527565e+17
1.791945834e+17
1.954219731e+17
2.223654476e+17
2.645507671e+17
3.289304906e+17
4.256384348e+17
5.683024125e+17
7.72556211e+17
1.050953421e+18
1.403349239e+18
1.806266031e+18
2.210964847e+18
2.561174962e+18
2.807888781e+18
2.931362939e+18
2.976052531e+18
2.956189466e+18
2.741457811e+18
1.960207812e+18
2.238178717e+17
4.781814458e+14
7.577980285e-132
7.387750615e-132
7.241398054e-132
7.095384934e-132
6.95145406e-132
6.809931332e-132
6.671961336e-132
6.526084848e-132
6.35958809e-132
6.233007974e-132
6.107150874e-132
5.974619618e-132
5.841811136e-132
5.71007551e-132
5.581567554e-132
5.45356316e-132
5.325858953e-132
5.205791323e-132
5.093597732e-132
4.953618972e-132
4.839563728e-132
4.710192879e-132
4.604564731e-132
4.482277621e-132
4.369941168e-132
4.257708498e-132
4.135586499e-132
4.036249078e-132
3.936462474e-132
3.823309906e-132
3.709838022e-132
3.317556881e+18
3.391013941e+18
3.405104013e+18
3.415059309e+18
3.42253116e+18
3.426183469e+18
3.425523752e+18
3.42080455e+18
3.411946234e+18
3.397712546e+18
3.378799014e+18
3.355401552e+18
3.327620325e+18
3.295667565e+18
3.259480227e+18
3.218808436e+18
3.173248973e+18
3.121699393e+18
3.063094808e+18
2.996086233e+18
2.917864317e+18
2.826144164e+18
2.718050301e+18
2.59141197e+18
2.442921402e+18
2.274925922e+18
2.085702036e+18
1.880380776e+18
1.665466539e+18
1.449319782e+18
1.239095683e+18
1.042968341e+18
8.66823814e+17
7.141198412e+17
5.858690386e+17
4.810731828e+17
3.97388915e+17
3.318098876e+17
2.812193297e+17
2.427592397e+17
2.139974511e+17
1.92912477e+17
1.790126044e+17
1.702017988e+17
1.668870906e+17
1.683403819e+17
1.75919201e+17
1.910436831e+17
2.163840862e+17
2.562127073e+17
3.171290423e+17
4.088288207e+17
5.445274982e+17
7.397633587e+17
1.00778366e+18
1.35030403e+18
1.746543795e+18
2.149992723e+18
2.504699452e+18
2.764519936e+18
2.896464698e+18
2.948481247e+18
2.938111221e+18
2.767146225e+18
2.065922588e+18
2.587366207e+17
6.925811839e+14
7.598280414e-132
7.407723779e-132
7.260974497e-132
7.115302661e-132
6.97222812e-132
6.834156013e-132
6.673010488e-132
6.527116289e-132
6.392141302e-132
6.265061738e-132
6.104353302e-132
5.987530793e-132
5.854189216e-132
5.728411305e-132
5.597054968e-132
5.462557053e-132
5.339966185e-132
5.214360476e-132
5.096667204e-132
4.974170615e-132
4.849815003e-132
4.730446122e-132
4.615184951e-132
4.495509396e-132
4.380652418e-132
4.271065199e-132
4.145309049e-132
4.050158233e-132
3.947668802e-132
3.829520189e-132
3.726770191e-132
3.336199887e+18
3.410167004e+18
3.422182977e+18
3.4325954e+18
3.439726135e+18
3.443034433e+18
3.442042398e+18
3.436061653e+18
3.425563751e+18
3.410176678e+18
3.390118694e+18
3.365560483e+18
3.336646641e+18
3.303313255e+18
3.265941999e+18
3.224211443e+18
3.177643187e+18
3.125499541e+18
3.065843953e+18
2.998142777e+18
2.919831695e+18
2.828002813e+18
2.720264935e+18
2.593700425e+18
2.447040125e+18
2.278458304e+18
2.090680167e+18
1.887544008e+18
1.672924501e+18
1.456313096e+18
1.245721984e+18
1.048989195e+18
8.720481083e+17
7.184365085e+17
5.892549073e+17
4.835776981e+17
3.991083409e+17
3.328596659e+17
2.817113661e+17
2.427841025e+17
2.13668593e+17
1.922963219e+17
1.779818307e+17
1.691584524e+17
1.650800465e+17
1.659567331e+17
1.727896422e+17
1.868630712e+17
2.106865042e+17
2.482931898e+17
3.059496158e+17
3.929321746e+17
5.220393421e+17
7.086517808e+17
9.665604571e+17
1.299141491e+18
1.688223271e+18
2.089708379e+18
2.44797598e+18
2.71613512e+18
2.854403156e+18
2.922888711e+18
2.930284895e+18
2.800058454e+18
2.165991669e+18
3.116468442e+17
9.035902518e+14
7.618850995e-132
7.427540388e-132
7.28117624e-132
7.136256119e-132
6.992288114e-132
6.84508877e-132
6.680874862e-132
6.557057482e-132
6.406937546e-132
6.265389021e-132
6.135983227e-132
6.002510557e-132
5.861144827e-132
5.74088053e-132
5.60969878e-132
5.475773101e-132
5.355426855e-132
5.228512939e-132
5.106343853e-132
4.987550306e-132
4.865805875e-132
4.748405614e-132
4.627771316e-132
4.500568941e-132
4.395327509e-132
4.284034477e-132
4.160986266e-132
4.063220021e-132
3.962008355e-132
3.829372282e-132
3.739743948e-132
3.354793897e+18
3.427243357e+18
3.439815904e+18
3.44953921e+18
3.45590487e+18
3.458279198e+18
3.456070519e+18
3.450458022e+18
3.438993087e+18
3.422523457e+18
3.401272275e+18
3.37556726e+18
3.345426298e+18
3.311031242e+18
3.272223567e+18
3.229407303e+18
3.18188255e+18
3.128797271e+18
3.068726739e+18
2.999976318e+18
2.92154196e+18
2.829757259e+18
2.722198922e+18
2.596376049e+18
2.4499966e+18
2.282627889e+18
2.096624136e+18
1.892869279e+18
1.679725845e+18
1.463203295e+18
1.252378895e+18
1.055050609e+18
8.773004228e+17
7.227710749e+17
5.926533187e+17
4.86092827e+17
4.008382459e+17
3.339210184e+17
2.82217867e+17
2.428361468e+17
2.133196572e+17
1.91640934e+17
1.769143916e+17
1.674404885e+17
1.632724358e+17
1.636727937e+17
1.697951211e+17
1.82881341e+17
2.052823057e+17
2.408102415e+17
2.954198733e+17
3.779879353e+17
5.00893667e+17
6.793052229e+17
9.274224387e+17
1.250105615e+18
1.631733908e+18
2.030848916e+18
2.39239736e+18
2.668046166e+18
2.825820268e+18
2.898972834e+18
2.911055316e+18
2.817123513e+18
2.229543911e+18
3.477261532e+17
1.149927497e+15
0
7.445044257e-132
7.297395035e-132
7.151100661e-132
7.006555515e-132
6.860831364e-132
6.698378076e-132
6.564660087e-132
6.425062736e-132
6.287261652e-132
6.157424046e-132
6.021555588e-132
5.880466422e-132
5.74814524e-132
5.618499722e-132
5.49280451e-132
5.36701471e-132
5.242977131e-132
5.121098678e-132
4.991543876e-132
4.877721486e-132
4.760249757e-132
4.641458587e-132
4.517544526e-132
4.408084979e-132
4.294867996e-132
4.179763612e-132
4.071715651e-132
3.961933087e-132
3.853420527e-132
3.750208951e-132
3.373360404e+18
3.444964363e+18
3.45701841e+18
3.466947513e+18
3.473154044e+18
3.475159519e+18
3.472502337e+18
3.464804737e+18
3.452274361e+18
3.434800043e+18
3.412285212e+18
3.3854206e+18
3.354083524e+18
3.318476891e+18
3.278657242e+18
3.234427404e+18
3.185935638e+18
3.132013013e+18
3.071517041e+18
3.001921893e+18
2.923007911e+18
2.83140147e+18
2.724043355e+18
2.598386502e+18
2.453307222e+18
2.287417802e+18
2.101075945e+18
1.899032132e+18
1.685158506e+18
1.469455222e+18
1.258641248e+18
1.060914426e+18
8.824617023e+17
7.270666668e+17
5.960383892e+17
4.886078199e+17
4.025751881e+17
3.34993759e+17
2.82739353e+17
2.429199921e+17
2.130440927e+17
1.909936251e+17
1.75806418e+17
1.664938723e+17
1.61600394e+17
1.615058675e+17
1.669436676e+17
1.790996117e+17
2.001699149e+17
2.337604829e+17
2.855337249e+17
3.63986039e+17
4.810785722e+17
6.517241652e+17
8.90421055e+17
1.203366372e+18
1.577432424e+18
1.97393809e+18
2.338395899e+18
2.624596278e+18
2.79761067e+18
2.880222398e+18
2.904996079e+18
2.838727377e+18
2.313614353e+18
3.955296431e+17
1.583301881e+15
2.402180939e-42
7.463577213e-132
7.314101112e-132
7.166913662e-132
7.020706527e-132
6.875758273e-132
6.724059277e-132
6.58273329e-132
6.447370034e-132
6.296655455e-132
6.175637126e-132
6.029517409e-132
5.893984623e-132
5.768900219e-132
5.634119673e-132
5.508964784e-132
5.377563849e-132
5.255013188e-132
5.129197009e-132
5.0060473e-132
4.890373612e-132
4.772652052e-132
4.653326908e-132
4.533465273e-132
4.420249707e-132
4.311735182e-132
4.191662696e-132
4.076903007e-132
3.973984253e-132
3.862798886e-132
3.762731262e-132
3.39176261e+18
3.46227011e+18
3.474588993e+18
3.483325863e+18
3.48869169e+18
3.489743548e+18
3.486865132e+18
3.47893006e+18
3.465395799e+18
3.446939967e+18
3.423203585e+18
3.395120578e+18
3.362623831e+18
3.325809529e+18
3.284892931e+18
3.239581355e+18
3.189804726e+18
3.135164709e+18
3.073992288e+18
3.004166501e+18
2.924259949e+18
2.832871105e+18
2.725757314e+18
2.600701381e+18
2.455890472e+18
2.290540477e+18
2.105840162e+18
1.903702983e+18
1.69120202e+18
1.475575489e+18
1.264711816e+18
1.066632896e+18
8.875408478e+17
7.313259683e+17
5.994139747e+17
4.911275646e+17
4.043244415e+17
3.360843061e+17
2.832867592e+17
2.430259236e+17
2.127566498e+17
1.904271602e+17
1.747889473e+17
1.649018067e+17
1.599373787e+17
1.594123179e+17
1.642127669e+17
1.754981117e+17
1.953253938e+17
2.271098599e+17
2.762394082e+17
3.508459536e+17
4.624726575e+17
6.257374556e+17
8.553352649e+17
1.158653937e+18
1.524960285e+18
1.918399069e+18
2.285663384e+18
2.579408416e+18
2.763965071e+18
2.858172582e+18
2.895517549e+18
2.849143447e+18
2.367292548e+18
4.460539457e+17
2.424155354e+15
1.834920731e-39
7.482338009e-132
7.331180599e-132
7.184069021e-132
7.038743112e-132
6.89464318e-132
6.742657371e-132
6.608005652e-132
6.447061498e-132
6.319636184e-132
6.184824155e-132
6.043607282e-132
5.912021099e-132
5.776798595e-132
5.652661253e-132
5.522182607e-132
5.391765653e-132
5.268421552e-132
5.14471943e-132
5.023352167e-132
4.903304457e-132
4.782230787e-132
4.666032034e-132
4.552904358e-132
4.426248663e-132
4.320479966e-132
4.199293348e-132
4.090018368e-132
3.97802411e-132
3.8734506e-132
3.76401107e-132
3.410087963e+18
3.479888505e+18
3.4912312e+18
3.50069532e+18
3.505852035e+18
3.50660802e+18
3.502212201e+18
3.492925743e+18
3.478371692e+18
3.458877468e+18
3.434100519e+18
3.404684104e+18
3.371031896e+18
3.333048632e+18
3.290971238e+18
3.244749613e+18
3.193687887e+18
3.138120402e+18
3.07637673e+18
3.006285524e+18
2.925582701e+18
2.834155434e+18
2.727438637e+18
2.602821566e+18
2.458602386e+18
2.294276462e+18
2.109543457e+18
1.909271376e+18
1.697335413e+18
1.481807526e+18
1.27081817e+18
1.072311877e+18
8.925611656e+17
7.355385311e+17
6.027623247e+17
4.936361978e+17
4.060727749e+17
3.371782353e+17
2.838345924e+17
2.431158002e+17
2.124596694e+17
1.8978404e+17
1.738478121e+17
1.639518067e+17
1.583761987e+17
1.574060003e+17
1.615939309e+17
1.720564781e+17
1.907157633e+17
2.208073502e+17
2.674586746e+17
3.384495257e+17
4.449055661e+17
6.011193082e+17
8.219045513e+17
1.115731249e+18
1.474204487e+18
1.864426247e+18
2.234895157e+18
2.537619302e+18
2.736842934e+18
2.841924072e+18
2.888712944e+18
2.859350422e+18
2.419664268e+18
5.011674469e+17
3.305224734e+15
4.850284714e-08
7.5035523e-132
7.347505668e-132
7.200008665e-132
7.053342591e-132
6.907448533e-132
6.761666303e-132
6.621418541e-132
6.476991314e-132
6.34101799e-132
6.192896464e-132
6.056061639e-132
5.92590059e-132
5.791200407e-132
5.668171879e-132
5.535629959e-132
5.40947606e-132
5.280239834e-132
5.163533472e-132
5.030109495e-132
4.917264899e-132
4.794562821e-132
4.676454861e-132
4.559235097e-132
4.440084539e-132
4.328779299e-132
4.207825899e-132
4.09920336e-132
3.988602705e-132
3.880716294e-132
3.773095289e-132
3.428202389e+18
3.496543015e+18
3.508669094e+18
3.516355819e+18
3.520798841e+18
3.521071249e+18
3.516879546e+18
3.506734626e+18
3.491180517e+18
3.470658548e+18
3.444865205e+18
3.414167818e+18
3.379282761e+18
3.34019948e+18
3.296986345e+18
3.249724255e+18
3.197778421e+18
3.14096536e+18
3.078628927e+18
3.008345501e+18
2.92708765e+18
2.83518751e+18
2.728966292e+18
2.60474671e+18
2.460991783e+18
2.297089779e+18
2.113623511e+18
1.91362641e+18
1.70307106e+18
1.487880103e+18
1.276814597e+18
1.077900428e+18
8.975131929e+17
7.39706447e+17
6.060860172e+17
4.961342466e+17
4.078194784e+17
3.382756491e+17
2.843874339e+17
2.43201896e+17
2.121918795e+17
1.892959704e+17
1.729012484e+17
1.625133954e+17
1.568133281e+17
1.554485941e+17
1.590606252e+17
1.68744404e+17
1.862982977e+17
2.147885129e+17
2.590927139e+17
3.266465634e+17
4.281558339e+17
5.775594677e+17
7.897228927e+17
1.074102778e+18
1.424580542e+18
1.811272938e+18
2.184674945e+18
2.49567234e+18
2.707630658e+18
2.825874353e+18
2.880474331e+18
2.865919107e+18
2.425485285e+18
5.85353097e+17
5.643325368e+15
0
7.526704128e-132
7.363698779e-132
7.215569294e-132
7.068904296e-132
6.922874371e-132
6.778375457e-132
6.635807824e-132
6.496635536e-132
6.35922258e-132
6.211827897e-132
6.090159663e-132
5.922689694e-132
5.80492956e-132
5.679992548e-132
5.54994446e-132
5.429566411e-132
5.289836891e-132
5.177254641e-132
5.052185697e-132
4.915227843e-132
4.807435529e-132
4.687164665e-132
4.571804113e-132
4.452653239e-132
4.336100053e-132
4.221709504e-132
4.110891228e-132
4.000674194e-132
3.888911672e-132
3.784008853e-132
3.446223003e+18
3.514134301e+18
3.524625903e+18
3.533666845e+18
3.537688023e+18
3.537032094e+18
3.531363637e+18
3.520358627e+18
3.503812071e+18
3.482273672e+18
3.455401953e+18
3.423663856e+18
3.387406083e+18
3.347238495e+18
3.30293578e+18
3.254607959e+18
3.201905889e+18
3.143849108e+18
3.080803456e+18
3.010166541e+18
2.928838301e+18
2.836174042e+18
2.730423105e+18
2.606821459e+18
2.463634733e+18
2.299983809e+18
2.117547428e+18
1.919055903e+18
1.708431833e+18
1.493618045e+18
1.282604776e+18
1.083367548e+18
9.023859309e+17
7.438202218e+17
6.093738793e+17
4.98610528e+17
4.095549116e+17
3.393699227e+17
2.849450589e+17
2.433012059e+17
2.119461005e+17
1.886937674e+17
1.719987114e+17
1.615262357e+17
1.553187784e+17
1.53549156e+17
1.566014875e+17
1.655376229e+17
1.820336003e+17
2.089921696e+17
2.51047948e+17
3.15297076e+17
4.120222877e+17
5.547870397e+17
7.584593122e+17
1.033418051e+18
1.375793633e+18
1.758787875e+18
2.135014869e+18
2.454317627e+18
2.679311871e+18
2.808618626e+18
2.870823534e+18
2.867435341e+18
2.423547138e+18
7.049825713e+17
8.950047893e+15
0.0407578874
7.550298744e-132
7.382796996e-132
7.233528873e-132
7.086433908e-132
6.941585353e-132
6.797530627e-132
6.653062433e-132
6.507151783e-132
6.386413972e-132
6.21122185e-132
6.097193858e-132
5.94770914e-132
5.825584118e-132
5.699046734e-132
5.559959008e-132
5.427488319e-132
5.309077632e-132
5.183041952e-132
5.059591793e-132
4.936455962e-132
4.81921076e-132
4.700440051e-132
4.583321493e-132
4.46496828e-132
4.346431891e-132
4.231063062e-132
4.122595323e-132
4.015553956e-132
3.895875929e-132
3.796902917e-132
3.46401339e+18
3.530057652e+18
3.541944835e+18
3.548519091e+18
3.552580733e+18
3.552063454e+18
3.545619555e+18
3.533779923e+18
3.516250809e+18
3.493707453e+18
3.465780846e+18
3.433042496e+18
3.39545763e+18
3.354140773e+18
3.308816239e+18
3.259447191e+18
3.20589741e+18
3.146936206e+18
3.082893169e+18
3.011934462e+18
2.930619905e+18
2.83718658e+18
2.731742649e+18
2.608569352e+18
2.465825112e+18
2.303189776e+18
2.121489329e+18
1.923258466e+18
1.713577562e+18
1.498890417e+18
1.288018954e+18
1.088602961e+18
9.071288343e+17
7.478617458e+17
6.126204961e+17
5.0106299e+17
4.112771957e+17
3.404576732e+17
2.854999062e+17
2.434273115e+17
2.116841904e+17
1.881423698e+17
1.711055518e+17
1.602604722e+17
1.538255031e+17
1.516826839e+17
1.541966275e+17
1.624130299e+17
1.778883712e+17
2.033677986e+17
2.432473488e+17
3.042855476e+17
3.963370784e+17
5.325682719e+17
7.278022728e+17
9.932722507e+17
1.32730804e+18
1.706220363e+18
2.084826732e+18
2.41211602e+18
2.649620322e+18
2.793577254e+18
2.861129068e+18
2.860608028e+18
2.422867968e+18
7.990578032e+17
1.40362302e+16
0
7.573633178e-132
7.39997779e-132
7.250438707e-132
7.102938753e-132
6.957890815e-132
6.813601832e-132
6.664567844e-132
6.525627324e-132
6.391149295e-132
6.238302019e-132
6.107161975e-132
5.965364679e-132
5.841538475e-132
5.707234843e-132
5.573839498e-132
5.443736947e-132
5.322570728e-132
5.195987086e-132
5.074448868e-132
4.946722541e-132
4.832011562e-132
4.712020125e-132
4.593433413e-132
4.482641922e-132
4.348606649e-132
4.248166211e-132
4.12758627e-132
4.032179924e-132
3.905316717e-132
3.802419667e-132
3.481678964e+18
3.547395737e+18
3.556973348e+18
3.565649542e+18
3.568618924e+18
3.566842022e+18
3.559652858e+18
3.546987157e+18
3.528489626e+18
3.504948843e+18
3.475994154e+18
3.442175692e+18
3.403560108e+18
3.36090955e+18
3.314611732e+18
3.264244333e+18
3.209747712e+18
3.150168996e+18
3.084986787e+18
3.013618205e+18
2.932410725e+18
2.838261681e+18
2.7328565e+18
2.610537257e+18
2.468504695e+18
2.30705225e+18
2.126040068e+18
1.92791851e+18
1.718650001e+18
1.504354253e+18
1.293443743e+18
1.093785448e+18
9.118151236e+17
7.518598315e+17
6.15838051e+17
5.034985662e+17
4.129927216e+17
3.415489758e+17
2.860746203e+17
2.436246597e+17
2.114607103e+17
1.875965811e+17
1.702176285e+17
1.591337465e+17
1.523765187e+17
1.498582573e+17
1.518395801e+17
1.593592583e+17
1.738441096e+17
1.97887023e+17
2.356487599e+17
2.935521934e+17
3.810209491e+17
5.108078329e+17
6.976510329e+17
9.535737749e+17
1.279050249e+18
1.653524812e+18
2.034193844e+18
2.369658595e+18
2.620280791e+18
2.774320632e+18
2.842538106e+18
2.84837531e+18
2.424531246e+18
9.286327971e+17
2.160386604e+16
6408756.001
7.597156911e-132
7.418059552e-132
7.268627254e-132
7.120523168e-132
6.974203643e-132
6.831459717e-132
6.678932928e-132
6.547737672e-132
6.41248302e-132
6.237680765e-132
6.123636394e-132
5.984514406e-132
5.853993644e-132
5.715724189e-132
5.595071491e-132
5.466290705e-132
5.34644875e-132
5.181154751e-132
5.086081198e-132
4.962110817e-132
4.844605534e-132
4.726784938e-132
4.600827643e-132
4.48889365e-132
4.367317537e-132
4.256993267e-132
4.142991592e-132
4.032486041e-132
3.929374242e-132
3.829437622e-132
3.499119507e+18
3.562506187e+18
3.574351004e+18
3.581008518e+18
3.583806893e+18
3.581380195e+18
3.573457731e+18
3.559976123e+18
3.540522644e+18
3.515989717e+18
3.486033503e+18
3.451141936e+18
3.411568033e+18
3.367604544e+18
3.320284271e+18
3.268990339e+18
3.21356109e+18
3.153429202e+18
3.087096157e+18
3.015174592e+18
2.9340095e+18
2.839643022e+18
2.733787717e+18
2.612087914e+18
2.470451362e+18
2.309500286e+18
2.129376541e+18
1.933378667e+18
1.723897148e+18
1.510063833e+18
1.299063045e+18
1.099036869e+18
9.165046441e+17
7.558422165e+17
6.190406736e+17
5.059248733e+17
4.147034268e+17
3.426362471e+17
2.866378481e+17
2.437178436e+17
2.112388168e+17
1.870930814e+17
1.694305428e+17
1.580975912e+17
1.509349226e+17
1.480559524e+17
1.495228176e+17
1.563722344e+17
1.698961141e+17
1.925435614e+17
2.282442082e+17
2.830888948e+17
3.660699648e+17
4.895124472e+17
6.680251298e+17
9.143330237e+17
1.230937156e+18
1.600321166e+18
1.982015965e+18
2.324252802e+18
2.586298442e+18
2.751823907e+18
2.824510513e+18
2.830099937e+18
2.427440398e+18
1.047285865e+18
3.419251621e+16
592926420.6
7.621083334e-132
7.437866987e-132
7.287408545e-132
7.138853376e-132
6.9902611e-132
6.842285478e-132
6.696938879e-132
6.555888352e-132
6.412454936e-132
6.269886241e-132
6.130716883e-132
6.000584375e-132
5.867543427e-132
5.735625818e-132
5.610041823e-132
5.481057986e-132
5.345531995e-132
5.217985725e-132
5.087784359e-132
4.972962737e-132
4.852545302e-132
4.736154416e-132
4.618302803e-132
4.502143032e-132
4.383310241e-132
4.26317956e-132
4.15974795e-132
4.039112967e-132
3.941116144e-132
3.836968039e-132
3.516382135e+18
3.57975021e+18
3.58970226e+18
3.596603236e+18
3.598731229e+18
3.595687545e+18
3.587035865e+18
3.57274731e+18
3.55234688e+18
3.526827887e+18
3.495893967e+18
3.459951568e+18
3.419382632e+18
3.374341589e+18
3.325801542e+18
3.273637414e+18
3.217399245e+18
3.15654558e+18
3.089336305e+18
3.016623285e+18
2.935345018e+18
2.841171548e+18
2.734624922e+18
2.613623415e+18
2.472765921e+18
2.312401717e+18
2.133029764e+18
1.936611063e+18
1.72944833e+18
1.515552888e+18
1.304605769e+18
1.104269095e+18
9.211772872e+17
7.598061204e+17
6.222291388e+17
5.083435398e+17
4.164118241e+17
3.437233472e+17
2.871974839e+17
2.438423561e+17
2.109870475e+17
1.864948549e+17
1.685482187e+17
1.570062767e+17
1.493829424e+17
1.462766546e+17
1.472558704e+17
1.534590656e+17
1.660544881e+17
1.873533931e+17
2.21060486e+17
2.729424537e+17
3.515680822e+17
4.688302275e+17
6.391750023e+17
8.759516689e+17
1.183600232e+18
1.54769207e+18
1.930500419e+18
2.280548363e+18
2.554764996e+18
2.72046657e+18
2.801658472e+18
2.806151956e+18
2.432798852e+18
1.173071897e+18
5.241799812e+16
1.299712026e+11
7.64357253e-132
7.45628796e-132
7.306629918e-132
7.158882443e-132
7.011633727e-132
6.862380325e-132
6.705361663e-132
6.573549509e-132
6.430974541e-132
6.279864894e-132
6.146497485e-132
6.015922235e-132
5.873377679e-132
5.748808945e-132
5.617752283e-132
5.490193101e-132
5.357591e-132
5.231764138e-132
5.107383515e-132
4.986000803e-132
4.867199194e-132
4.751954237e-132
4.620637591e-132
4.513889512e-132
4.396912126e-132
4.278283732e-132
4.165471002e-132
4.058566924e-132
3.951595374e-132
3.844911668e-132
3.533436356e+18
3.595239499e+18
3.605511011e+18
3.611777396e+18
3.613425749e+18
3.609769826e+18
3.600392498e+18
3.5852973e+18
3.563973799e+18
3.537464363e+18
3.50557377e+18
3.468600837e+18
3.426982358e+18
3.381056676e+18
3.33123072e+18
3.278185552e+18
3.221058621e+18
3.159460787e+18
3.091764181e+18
3.018031111e+18
2.936577086e+18
2.842631848e+18
2.735398808e+18
2.614831184e+18
2.474457705e+18
2.314556485e+18
2.135799442e+18
1.941234713e+18
1.733619956e+18
1.520640674e+18
1.309837673e+18
1.109327482e+18
9.257667822e+17
7.637337393e+17
6.254048394e+17
5.107618064e+17
4.181271842e+17
3.448242284e+17
2.877839453e+17
2.43987888e+17
2.108063131e+17
1.859663706e+17
1.675719486e+17
1.557243048e+17
1.478594811e+17
1.445403399e+17
1.450731586e+17
1.506361665e+17
1.62340704e+17
1.823468127e+17
2.141433217e+17
2.63184678e+17
3.376300592e+17
4.489396761e+17
6.113559495e+17
8.387253386e+17
1.137176837e+18
1.494995905e+18
1.87672446e+18
2.230880677e+18
2.513876525e+18
2.696774446e+18
2.775117306e+18
2.779969782e+18
2.44212772e+18
1.308401801e+18
7.802705857e+16
3.169464467e+12
7.663782609e-132
7.473016673e-132
7.323185625e-132
7.17381554e-132
7.025292635e-132
6.879129754e-132
6.727256012e-132
6.585645552e-132
6.445134929e-132
6.301291432e-132
6.161801527e-132
6.028854873e-132
5.895014979e-132
5.76394839e-132
5.620336138e-132
5.501105491e-132
5.372767185e-132
5.245274805e-132
5.11973325e-132
4.99815066e-132
4.878247655e-132
4.759233262e-132
4.638222547e-132
4.523437997e-132
4.408345649e-132
4.293422079e-132
4.183300417e-132
4.066791195e-132
3.957144263e-132
3.852034792e-132
3.550281394e+18
3.610955252e+18
3.620815125e+18
3.626724731e+18
3.627895912e+18
3.623632806e+18
3.613534677e+18
3.597628243e+18
3.575410996e+18
3.547907705e+18
3.515074228e+18
3.477089493e+18
3.43443771e+18
3.387663137e+18
3.336597106e+18
3.282602941e+18
3.224638898e+18
3.16232401e+18
3.094207136e+18
3.019401511e+18
2.937734371e+18
2.844107985e+18
2.736158636e+18
2.615951463e+18
2.476561423e+18
2.317128904e+18
2.139409717e+18
1.94464158e+18
1.737783692e+18
1.525315171e+18
1.314780791e+18
1.114190185e+18
9.302498059e+17
7.67611147e+17
6.285603337e+17
5.131751821e+17
4.198453759e+17
3.459306584e+17
2.883724704e+17
2.441510808e+17
2.106260461e+17
1.855162073e+17
1.670571118e+17
1.545943762e+17
1.465755563e+17
1.427142008e+17
1.429321725e+17
1.479068929e+17
1.587719535e+17
1.775541681e+17
2.07541912e+17
2.538958662e+17
3.243888343e+17
4.30063768e+17
5.849460723e+17
8.033082498e+17
1.092854853e+18
1.44457268e+18
1.825601401e+18
2.184936119e+18
2.476129653e+18
2.659168381e+18
2.747848508e+18
2.756765712e+18
2.456053261e+18
1.443632489e+18
1.05222853e+17
2.758688297e+13
7.683227689e-132
7.489575708e-132
7.338151293e-132
7.189242041e-132
7.04129852e-132
6.893848809e-132
6.747564522e-132
6.60573707e-132
6.46834203e-132
6.306026281e-132
6.178529223e-132
6.048294771e-132
5.900501966e-132
5.77616519e-132
5.648096125e-132
5.505429005e-132
5.386696358e-132
5.258475851e-132
5.133879454e-132
5.012065213e-132
4.894113826e-132
4.774483457e-132
4.642144302e-132
4.531126173e-132
4.418874977e-132
4.303418405e-132
4.190152425e-132
4.080836435e-132
3.969729757e-132
3.860485043e-132
3.566905474e+18
3.6262334e+18
3.635866365e+18
3.641438293e+18
3.642140456e+18
3.637278535e+18
3.626467234e+18
3.609757225e+18
3.586653084e+18
3.558167111e+18
3.52440158e+18
3.485419467e+18
3.441750066e+18
3.394022078e+18
3.342046404e+18
3.286866493e+18
3.228152303e+18
3.165050889e+18
3.09660697e+18
3.020772066e+18
2.938771892e+18
2.845525462e+18
2.73696451e+18
2.616839748e+18
2.478083515e+18
2.320086231e+18
2.143146245e+18
1.949203519e+18
1.742947715e+18
1.53031795e+18
1.31986081e+18
1.11909404e+18
9.347258624e+17
7.714731296e+17
6.317059013e+17
5.15585884e+17
4.215667574e+17
3.470454816e+17
2.889775971e+17
2.443432888e+17
2.104541721e+17
1.850000793e+17
1.663599895e+17
1.535440153e+17
1.454932817e+17
1.409392299e+17
1.4089571e+17
1.453013511e+17
1.553717376e+17
1.730019128e+17
2.012920958e+17
2.451283019e+17
3.119202248e+17
4.123070279e+17
5.600676928e+17
7.697736177e+17
1.050436964e+18
1.395385437e+18
1.774108922e+18
2.136406469e+18
2.436211944e+18
2.62819419e+18
2.716008519e+18
2.729830887e+18
2.476332274e+18
1.571994139e+18
1.338063649e+17
1.341026312e+14
7.702405459e-132
7.50733793e-132
7.356842669e-132
7.206734905e-132
7.05829264e-132
6.91044483e-132
6.762745439e-132
6.621185164e-132
6.480515313e-132
6.343819739e-132
6.186322881e-132
6.056551251e-132
5.909707809e-132
5.789178506e-132
5.658226094e-132
5.527917213e-132
5.400458979e-132
5.273953186e-132
5.143801384e-132
5.024989186e-132
4.904475717e-132
4.78346461e-132
4.660381189e-132
4.542780937e-132
4.422589237e-132
4.315522704e-132
4.203034387e-132
4.091988324e-132
3.978989522e-132
3.871758323e-132
3.583288956e+18
3.641232823e+18
3.65065602e+18
3.655903194e+18
3.656149202e+18
3.650701118e+18
3.639188329e+18
3.621685319e+18
3.597701233e+18
3.568249136e+18
3.533564446e+18
3.493598529e+18
3.448924222e+18
3.400219301e+18
3.347457994e+18
3.291036983e+18
3.231583631e+18
3.167731305e+18
3.098819349e+18
3.022152058e+18
2.939580146e+18
2.846503497e+18
2.738142767e+18
2.617552309e+18
2.479811765e+18
2.321960516e+18
2.145292498e+18
1.952370991e+18
1.747231322e+18
1.535459459e+18
1.325081634e+18
1.124065146e+18
9.392129537e+17
7.753207832e+17
6.348332734e+17
5.179829122e+17
4.232795077e+17
3.481542689e+17
2.895737702e+17
2.445188628e+17
2.102959195e+17
1.846472035e+17
1.656231467e+17
1.525085285e+17
1.442638053e+17
1.394819241e+17
1.38968184e+17
1.428169211e+17
1.521394172e+17
1.686946153e+17
1.954055783e+17
2.369048307e+17
3.002664334e+17
3.957504982e+17
5.368865598e+17
7.384775899e+17
1.010696e+18
1.349052832e+18
1.725358081e+18
2.090159195e+18
2.395364311e+18
2.597694538e+18
2.688703872e+18
2.70490836e+18
2.497257676e+18
1.694800988e+18
1.696641829e+17
2.890169901e+14
7.720800918e-132
7.524649477e-132
7.373088126e-132
7.222953399e-132
7.074150798e-132
6.926827703e-132
6.776586049e-132
6.634457759e-132
6.493453846e-132
6.351759998e-132
6.210316922e-132
6.070096047e-132
5.931867979e-132
5.80817655e-132
5.684973065e-132
5.532508913e-132
5.41481818e-132
5.279976172e-132
5.158471622e-132
5.035196863e-132
4.913890423e-132
4.793241454e-132
4.674773923e-132
4.554706998e-132
4.434023976e-132
4.321220568e-132
4.211914778e-132
4.100652239e-132
3.992773263e-132
3.871476135e-132
3.599407181e+18
3.655932657e+18
3.665160084e+18
3.670097157e+18
3.669903439e+18
3.663886649e+18
3.651689662e+18
3.633409332e+18
3.608561739e+18
3.578155309e+18
3.542567101e+18
3.501637042e+18
3.455966991e+18
3.406295983e+18
3.35276507e+18
3.295143279e+18
3.234854175e+18
3.170352835e+18
3.100758702e+18
3.023777105e+18
2.940280241e+18
2.847343002e+18
2.739300308e+18
2.618175324e+18
2.481224681e+18
2.324036599e+18
2.148162228e+18
1.956527501e+18
1.75127426e+18
1.540192336e+18
1.330020667e+18
1.128888852e+18
9.436296898e+17
7.791354385e+17
6.379462715e+17
5.203760084e+17
4.249951061e+17
3.492722314e+17
2.901921103e+17
2.447688025e+17
2.101407593e+17
1.842017712e+17
1.649237013e+17
1.516075611e+17
1.429852698e+17
1.382157274e+17
1.371414751e+17
1.404455711e+17
1.490691609e+17
1.64624028e+17
1.89868395e+17
2.292011601e+17
2.893840199e+17
3.803142949e+17
5.152522049e+17
7.091303295e+17
9.730641415e+17
1.304475383e+18
1.677389756e+18
2.043534246e+18
2.353187151e+18
2.562267015e+18
2.657606968e+18
2.684588315e+18
2.518321163e+18
1.795514772e+18
1.99183211e+17
4.471117657e+14
7.738685389e-132
7.542581094e-132
7.390518159e-132
7.239713725e-132
7.090800021e-132
6.942684236e-132
6.794695399e-132
6.646493532e-132
6.508691664e-132
6.367986766e-132
6.226545818e-132
6.083945258e-132
5.953729784e-132
5.823402945e-132
5.69189936e-132
5.552732545e-132
5.427149321e-132
5.297008455e-132
5.171407991e-132
5.045758135e-132
4.924911415e-132
4.802085222e-132
4.683411739e-132
4.560602746e-132
4.450327488e-132
4.343130553e-132
4.209457479e-132
4.10615024e-132
3.996092667e-132
3.89269726e-132
3.615233886e+18
3.670305481e+18
3.67935047e+18
3.683992708e+18
3.683377904e+18
3.676814041e+18
3.663956046e+18
3.644919929e+18
3.619230537e+18
3.587893102e+18
3.551418896e+18
3.509536374e+18
3.462882429e+18
3.412257384e+18
3.357907651e+18
3.299278002e+18
3.237983364e+18
3.172863235e+18
3.102639201e+18
3.025306511e+18
2.940908888e+18
2.848026379e+18
2.740398765e+18
2.618741546e+18
2.482612748e+18
2.325752496e+18
2.151528744e+18
1.959793385e+18
1.755437928e+18
1.544749935e+18
1.334795483e+18
1.133579422e+18
9.479622494e+17
7.829032436e+17
6.410350619e+17
5.227572533e+17
4.267050139e+17
3.503855962e+17
2.907962456e+17
2.448947488e+17
2.09988125e+17
1.837333705e+17
1.642238575e+17
1.503738956e+17
1.41748892e+17
1.36902983e+17
1.352772776e+17
1.381596593e+17
1.461408391e+17
1.607654826e+17
1.846454236e+17
2.219655293e+17
2.791969942e+17
3.658918489e+17
4.950332077e+17
6.816195027e+17
9.375752757e+17
1.262085309e+18
1.631358257e+18
1.99838803e+18
2.31460708e+18
2.528854925e+18
2.638971549e+18
2.673300547e+18
2.53725929e+18
1.907038044e+18
2.370505018e+17
6.322908882e+14
7.756666353e-132
7.559963579e-132
7.407672344e-132
7.256901571e-132
7.107050058e-132
6.958624404e-132
6.810856395e-132
6.664816437e-132
6.523637367e-132
6.381288226e-132
6.243880341e-132
6.10753352e-132
5.960074892e-132
5.838844701e-132
5.707118328e-132
5.574657234e-132
5.44316827e-132
5.304994452e-132
5.18909946e-132
5.057348991e-132
4.928932839e-132
4.821018701e-132
4.688076215e-132
4.566054935e-132
4.460699761e-132
4.345741967e-132
4.22651899e-132
4.119279807e-132
4.00612469e-132
3.899199207e-132
3.630745395e+18
3.684327e+18
3.693201403e+18
3.697563479e+18
3.696546618e+18
3.689459408e+18
3.675967773e+18
3.656203417e+18
3.629705311e+18
3.597460701e+18
3.560118108e+18
3.517294251e+18
3.469672783e+18
3.418107365e+18
3.362839339e+18
3.303453664e+18
3.24102811e+18
3.175194131e+18
3.104436914e+18
3.026803453e+18
2.941450346e+18
2.84850064e+18
2.741439687e+18
2.619221354e+18
2.483610063e+18
2.327714835e+18
2.153471561e+18
1.962934201e+18
1.759915037e+18
1.5494427e+18
1.339602838e+18
1.138240668e+18
9.522493445e+17
7.866332223e+17
6.440990954e+17
5.251256668e+17
4.284109612e+17
3.515010113e+17
2.914082948e+17
2.450797981e+17
2.098493369e+17
1.83298795e+17
1.635598232e+17
1.495667689e+17
1.405655004e+17
1.352711345e+17
1.332186914e+17
1.359439085e+17
1.433354198e+17
1.570877706e+17
1.796865251e+17
2.151187924e+17
2.695801694e+17
3.522848152e+17
4.759183492e+17
6.554688124e+17
9.035286755e+17
1.220909117e+18
1.586040769e+18
1.953516856e+18
2.272928889e+18
2.492880418e+18
2.610719857e+18
2.655741961e+18
2.556831582e+18
1.970739648e+18
2.680321193e+17
7.94096902e+14
7.773998821e-132
7.575823379e-132
7.423003903e-132
7.273879111e-132
7.124186498e-132
6.976535305e-132
6.83154495e-132
6.682305139e-132
6.533433303e-132
6.400470105e-132
6.262618397e-132
6.111104657e-132
5.985379255e-132
5.853940503e-132
5.718715702e-132
5.585720855e-132
5.454409117e-132
5.326786576e-132
5.191094409e-132
5.06968367e-132
4.945541651e-132
4.828188953e-132
4.697751885e-132
4.586468952e-132
4.478797871e-132
4.342370399e-132
4.239595187e-132
4.127961707e-132
4.015828344e-132
3.908582192e-132
3.64592257e+18
3.697979247e+18
3.706693166e+18
3.710787676e+18
3.709386876e+18
3.701800183e+18
3.687703796e+18
3.667241654e+18
3.639971661e+18
3.60684755e+18
3.568656878e+18
3.524905394e+18
3.476338687e+18
3.423846307e+18
3.367666976e+18
3.307612705e+18
3.243949042e+18
3.17747225e+18
3.106107122e+18
3.028267048e+18
2.941984297e+18
2.848891398e+18
2.7424927e+18
2.619642571e+18
2.484473042e+18
2.329223106e+18
2.155677409e+18
1.965875598e+18
1.763403236e+18
1.553790746e+18
1.344318196e+18
1.142869693e+18
9.564982527e+17
7.903202247e+17
6.471272203e+17
5.274687788e+17
4.301011133e+17
3.526082718e+17
2.920196358e+17
2.452897557e+17
2.09701601e+17
1.828814834e+17
1.629225938e+17
1.487718797e+17
1.394320403e+17
1.33859612e+17
1.318605497e+17
1.33859477e+17
1.406522007e+17
1.535626494e+17
1.749416519e+17
2.085824593e+17
2.60413385e+17
3.393130071e+17
4.576486881e+17
6.303350988e+17
8.705304761e+17
1.18060497e+18
1.54132803e+18
1.909280651e+18
2.233666491e+18
2.46467028e+18
2.594678717e+18
2.645887266e+18
2.581950908e+18
2.033931231e+18
3.119875027e+17
9.677347422e+14
8.138528524e-132
7.596163965e-132
7.444469131e-132
7.291834532e-132
7.142088908e-132
6.994722828e-132
6.852081021e-132
6.683529349e-132
6.554198146e-132
6.415784098e-132
6.269277841e-132
6.135113667e-132
6.003650843e-132
5.869426439e-132
5.732060685e-132
5.598074785e-132
5.461447643e-132
5.337064546e-132
5.206928525e-132
5.084470361e-132
4.957496183e-132
4.839144521e-132
4.711250762e-132
4.597834743e-132
4.480920916e-132
4.365706043e-132
4.253087326e-132
4.137338432e-132
4.025752602e-132
3.915991552e-132
3.660752026e+18
3.711251367e+18
3.719813558e+18
3.723651535e+18
3.721882812e+18
3.713818975e+18
3.699145387e+18
3.678015493e+18
3.650009699e+18
3.616036709e+18
3.577021358e+18
3.532361307e+18
3.48287426e+18
3.429470468e+18
3.372391767e+18
3.311634325e+18
3.246842096e+18
3.179661874e+18
3.107722016e+18
3.02973626e+18
2.942528525e+18
2.849098693e+18
2.743314634e+18
2.620282539e+18
2.48514225e+18
2.331212848e+18
2.158385148e+18
1.969828697e+18
1.767563329e+18
1.557924691e+18
1.348671903e+18
1.147234203e+18
9.605930472e+17
7.939185018e+17
6.500970416e+17
5.297688746e+17
4.31757557e+17
3.536883673e+17
2.926102946e+17
2.455303566e+17
2.09554815e+17
1.824617634e+17
1.622833373e+17
1.477735288e+17
1.383159548e+17
1.325063322e+17
1.301743947e+17
1.318160759e+17
1.380435186e+17
1.501490864e+17
1.703600317e+17
2.022837307e+17
2.515865538e+17
3.268080512e+17
4.399699361e+17
6.058454135e+17
8.380527971e+17
1.140441103e+18
1.496159825e+18
1.86371443e+18
2.190192974e+18
2.42897697e+18
2.570455377e+18
2.631097764e+18
2.594941614e+18
2.089594099e+18
3.378562549e+17
1.287153144e+15
6.009470626e-133
7.614814463e-132
7.46195296e-132
7.310036976e-132
7.159568525e-132
7.011401581e-132
6.863498736e-132
6.714483491e-132
6.573140014e-132
6.416510812e-132
6.286256666e-132
6.153741158e-132
6.019692283e-132
5.883758616e-132
5.745910372e-132
5.614655738e-132
5.470953707e-132
5.350135028e-132
5.217994592e-132
5.09931169e-132
4.974772804e-132
4.852198082e-132
4.722800954e-132
4.60514327e-132
4.491957507e-132
4.376862912e-132
4.266690813e-132
4.145749869e-132
4.035827284e-132
3.920471048e-132
3.675223359e+18
3.724136628e+18
3.732555322e+18
3.736146659e+18
3.734024798e+18
3.725503707e+18
3.710277453e+18
3.688507291e+18
3.659799022e+18
3.625006417e+18
3.585190989e+18
3.539647844e+18
3.489265991e+18
3.434969298e+18
3.377005373e+18
3.315519604e+18
3.24972212e+18
3.181760006e+18
3.109257464e+18
3.030878685e+18
2.94328215e+18
2.849203396e+18
2.743665044e+18
2.621109358e+18
2.485720327e+18
2.332570892e+18
2.160187693e+18
1.972074571e+18
1.770553542e+18
1.562056303e+18
1.352928017e+18
1.151407188e+18
9.644944757e+17
7.97369409e+17
6.52966838e+17
5.320024461e+17
4.333679984e+17
3.547342879e+17
2.931701066e+17
2.456527095e+17
2.094098327e+17
1.820438539e+17
1.616527358e+17
1.468578201e+17
1.372199061e+17
1.311841109e+17
1.288259572e+17
1.298040168e+17
1.354967243e+17
1.468267405e+17
1.659115415e+17
1.961782813e+17
2.430347304e+17
3.146768727e+17
4.227557354e+17
5.818438897e+17
8.05930558e+17
1.100286502e+18
1.450569312e+18
1.817865789e+18
2.150303768e+18
2.406446629e+18
2.556364798e+18
2.623964564e+18
2.607725708e+18
2.145394509e+18
3.803822816e+17
1.647760922e+15
6.193873516e-60
7.633636183e-132
7.47914951e-132
7.327418738e-132
7.176911609e-132
7.026604848e-132
6.877393982e-132
6.729548666e-132
6.583041401e-132
6.440077083e-132
6.305330235e-132
6.170957954e-132
6.038334457e-132
5.892646443e-132
5.754584628e-132
5.624218781e-132
5.491525642e-132
5.368190373e-132
5.229622252e-132
5.113386628e-132
4.984968288e-132
4.863122242e-132
4.737720084e-132
4.612564777e-132
4.506344687e-132
4.384522884e-132
4.271588089e-132
4.158075637e-132
4.04593626e-132
3.936464604e-132
3.689326947e+18
3.736630033e+18
3.744913961e+18
3.748268006e+18
3.745805293e+18
3.736843457e+18
3.721085432e+18
3.698698793e+18
3.669313068e+18
3.633736192e+18
3.593144575e+18
3.546744908e+18
3.49549614e+18
3.440329905e+18
3.381499883e+18
3.31917694e+18
3.252670039e+18
3.183715099e+18
3.110739878e+18
3.031819819e+18
2.944022906e+18
2.849233021e+18
2.743923308e+18
2.621907204e+18
2.486254574e+18
2.334208313e+18
2.162372507e+18
1.974759644e+18
1.774646234e+18
1.565961634e+18
1.357080358e+18
1.155577902e+18
9.68396568e+17
8.007958226e+17
6.557991629e+17
5.342003233e+17
4.349520391e+17
3.557671652e+17
2.937383885e+17
2.458564482e+17
2.092567835e+17
1.816322594e+17
1.610313577e+17
1.459647684e+17
1.361461207e+17
1.298786165e+17
1.271210516e+17
1.278584878e+17
1.330189171e+17
1.435954263e+17
1.61588248e+17
1.902485992e+17
2.347277982e+17
3.028732157e+17
4.0594153e+17
5.582486226e+17
7.74064296e+17
1.059997415e+18
1.404227492e+18
1.770578157e+18
2.108258326e+18
2.375150965e+18
2.536033866e+18
2.614041485e+18
2.612967406e+18
2.19601862e+18
4.22900549e+17
2.417652561e+15
3.660934467e-32
7.653475504e-132
7.496975004e-132
7.345559894e-132
7.194709553e-132
7.043739545e-132
6.893673504e-132
6.746162479e-132
6.602342054e-132
6.460798315e-132
6.312738162e-132
6.181992387e-132
6.0463556e-132
5.908197826e-132
5.773780152e-132
5.63429728e-132
5.508100304e-132
5.377853553e-132
5.250379388e-132
5.117455318e-132
4.996827951e-132
4.872273803e-132
4.75121966e-132
4.628671776e-132
4.518762861e-132
4.393170099e-132
4.284272674e-132
4.17335477e-132
4.053633078e-132
3.946195396e-132
3.703049168e+18
3.74872118e+18
3.756879277e+18
3.760005288e+18
3.757214264e+18
3.747827217e+18
3.73155566e+18
3.708573695e+18
3.678536956e+18
3.642199799e+18
3.600855278e+18
3.553628875e+18
3.501543717e+18
3.445535873e+18
3.385903234e+18
3.322775539e+18
3.255556586e+18
3.185582954e+18
3.112122362e+18
3.032748148e+18
2.944798598e+18
2.849228013e+18
2.744111312e+18
2.62266155e+18
2.486741275e+18
2.335444054e+18
2.164898073e+18
1.978079475e+18
1.777704531e+18
1.569914065e+18
1.361244574e+18
1.159655927e+18
9.72193482e+17
8.041339988e+17
6.585649358e+17
5.363504469e+17
4.365036081e+17
3.567770664e+17
2.942812309e+17
2.459812479e+17
2.091041539e+17
1.812176266e+17
1.604074664e+17
1.450879281e+17
1.350878657e+17
1.28577067e+17
1.255443097e+17
1.259493931e+17
1.305925254e+17
1.404447508e+17
1.573850699e+17
1.844943225e+17
2.266720173e+17
2.914167901e+17
3.895766212e+17
5.351691781e+17
7.426685514e+17
1.019934058e+18
1.357635513e+18
1.722377707e+18
2.064297232e+18
2.339607976e+18
2.515290698e+18
2.604221379e+18
2.616255703e+18
2.229168222e+18
4.680819023e+17
3.310885045e+15
1.179073946e-15
7.674981235e-132
7.514345861e-132
7.36406256e-132
7.213827013e-132
7.064652349e-132
6.913990836e-132
6.754579643e-132
6.614241347e-132
6.473005381e-132
6.333224663e-132
6.196548259e-132
6.060944505e-132
5.929850437e-132
5.776881975e-132
5.649974713e-132
5.51816697e-132
5.391219555e-132
5.262951099e-132
5.127415015e-132
5.003744322e-132
4.885387346e-132
4.764011478e-132
4.643592721e-132
4.524556277e-132
4.410642497e-132
4.296611891e-132
4.180944877e-132
4.073444371e-132
3.960809323e-132
3.716372768e+18
3.760394153e+18
3.768436622e+18
3.771344874e+18
3.768237083e+18
3.75843865e+18
3.741670099e+18
3.718111634e+18
3.687443188e+18
3.650377473e+18
3.608302434e+18
3.560274704e+18
3.50738455e+18
3.450559928e+18
3.390104799e+18
3.326251611e+18
3.258393751e+18
3.187372887e+18
3.113409326e+18
3.033613156e+18
2.945532452e+18
2.849198417e+18
2.744161427e+18
2.623392117e+18
2.487142552e+18
2.336633739e+18
2.166515895e+18
1.980103777e+18
1.781524096e+18
1.573750385e+18
1.365185083e+18
1.163557756e+18
9.758535975e+17
8.073778505e+17
6.612695611e+17
5.384621055e+17
4.380322418e+17
3.577766183e+17
2.948281448e+17
2.461839756e+17
2.089569251e+17
1.808126967e+17
1.597825608e+17
1.442363918e+17
1.340472308e+17
1.273032241e+17
1.239525452e+17
1.240782187e+17
1.282300694e+17
1.373848966e+17
1.533127467e+17
1.789301242e+17
2.188903829e+17
2.803478518e+17
3.737351627e+17
5.127438357e+17
7.119917405e+17
9.80511659e+17
1.311441156e+18
1.674302106e+18
2.020563588e+18
2.305118714e+18
2.495099936e+18
2.595233348e+18
2.617774383e+18
2.231409266e+18
5.404730365e+17
5.061523904e+15
0
7.69683154e-132
7.531951441e-132
7.379628993e-132
7.230203198e-132
7.081305742e-132
6.932824165e-132
6.772915084e-132
6.623555821e-132
6.490151617e-132
6.351090798e-132
6.211617627e-132
6.068076805e-132
5.932463933e-132
5.79758186e-132
5.665496444e-132
5.532914408e-132
5.401808479e-132
5.270889134e-132
5.145938311e-132
5.017265988e-132
4.895987634e-132
4.776575075e-132
4.659907796e-132
4.528298273e-132
4.422014707e-132
4.307015668e-132
4.19213554e-132
4.08212274e-132
3.963392089e-132
3.72927948e+18
3.771630219e+18
3.779567025e+18
3.78226728e+18
3.778854943e+18
3.768659722e+18
3.751410916e+18
3.727294907e+18
3.696015162e+18
3.658247956e+18
3.615463042e+18
3.566661267e+18
3.513000251e+18
3.455391634e+18
3.394087805e+18
3.329457218e+18
3.261130303e+18
3.189111907e+18
3.114580312e+18
3.034400704e+18
2.946162825e+18
2.849132295e+18
2.744147e+18
2.62412989e+18
2.487469073e+18
2.337751113e+18
2.168549872e+18
1.982680945e+18
1.783905077e+18
1.576887109e+18
1.368903706e+18
1.167357624e+18
9.794336678e+17
8.105447099e+17
6.639054571e+17
5.405189153e+17
4.395203843e+17
3.587460733e+17
2.95342829e+17
2.462837203e+17
2.088011875e+17
1.804085301e+17
1.59165713e+17
1.434202973e+17
1.330231138e+17
1.260925371e+17
1.225313447e+17
1.223095756e+17
1.259468116e+17
1.344271257e+17
1.493861236e+17
1.735790677e+17
2.114202076e+17
2.697289745e+17
3.585247754e+17
4.9115621e+17
6.823293582e+17
9.421503042e+17
1.2661225e+18
1.626670058e+18
1.976717236e+18
2.269696434e+18
2.471920117e+18
2.582346498e+18
2.614311566e+18
2.230207859e+18
6.261071048e+17
7.501579657e+15
0.01522537943
7.717673944e-132
7.547435739e-132
7.397078638e-132
7.245946027e-132
7.096955022e-132
6.949530252e-132
6.800866089e-132
6.634609694e-132
6.505683649e-132
6.360435362e-132
6.225282477e-132
6.083811109e-132
5.945426141e-132
5.807258928e-132
5.677813555e-132
5.547243223e-132
5.414723318e-132
5.294032925e-132
5.148577995e-132
5.023661015e-132
4.905414573e-132
4.78975773e-132
4.669257938e-132
4.545057654e-132
4.43268771e-132
4.316786194e-132
4.201110341e-132
4.088459724e-132
3.968498171e-132
3.741753931e+18
3.782414501e+18
3.790253706e+18
3.792755729e+18
3.7890507e+18
3.778473649e+18
3.760762209e+18
3.736107878e+18
3.704235081e+18
3.665798252e+18
3.622322925e+18
3.572772612e+18
3.518375561e+18
3.460005049e+18
3.397976716e+18
3.332531629e+18
3.263698714e+18
3.190789506e+18
3.115706534e+18
3.035126056e+18
2.946796668e+18
2.848993129e+18
2.7440925e+18
2.624825248e+18
2.487733836e+18
2.338442234e+18
2.169967601e+18
1.985385796e+18
1.786910826e+18
1.580468332e+18
1.372524402e+18
1.171070415e+18
9.829570511e+17
8.136578036e+17
6.664889744e+17
5.425303093e+17
4.409730601e+17
3.596904648e+17
2.959133803e+17
2.464192102e+17
2.086473891e+17
1.800155047e+17
1.58568575e+17
1.426504811e+17
1.320217997e+17
1.24940254e+17
1.21239421e+17
1.205138851e+17
1.237306942e+17
1.315753037e+17
1.456170449e+17
1.684605458e+17
2.042921366e+17
2.596093202e+17
3.440281713e+17
4.705488228e+17
6.539237373e+17
9.052427188e+17
1.222279449e+18
1.580385644e+18
1.934234864e+18
2.235895132e+18
2.449057898e+18
2.566797859e+18
2.603628365e+18
2.226954144e+18
7.061306683e+17
1.11241756e+16
0
7.739335743e-132
7.564658282e-132
7.411761752e-132
7.260364319e-132
7.110441208e-132
6.96216431e-132
6.818764534e-132
6.656200158e-132
6.524996434e-132
6.381727563e-132
6.226208643e-132
6.094355486e-132
5.956668014e-132
5.822529843e-132
5.690605768e-132
5.556663668e-132
5.426743176e-132
5.297245464e-132
5.168334384e-132
5.043115872e-132
4.919996162e-132
4.800539184e-132
4.677618845e-132
4.559385306e-132
4.445306973e-132
4.3221273e-132
4.21123978e-132
4.097675294e-132
3.988466538e-132
3.753789469e+18
3.792740101e+18
3.80048902e+18
3.802800686e+18
3.798814657e+18
3.78787053e+18
3.769714167e+18
3.744542123e+18
3.712095135e+18
3.673022861e+18
3.628875772e+18
3.578602246e+18
3.523500197e+18
3.464433944e+18
3.401754562e+18
3.335547984e+18
3.266166355e+18
3.192413467e+18
3.1167082e+18
3.035778949e+18
2.947413661e+18
2.848974649e+18
2.743905562e+18
2.625117239e+18
2.488224991e+18
2.339043551e+18
2.171506575e+18
1.986968434e+18
1.789518782e+18
1.583662796e+18
1.376167411e+18
1.174721078e+18
9.863877961e+17
8.166819153e+17
6.68998728e+17
5.444859058e+17
4.423850994e+17
3.606044552e+17
2.963165292e+17
2.465855787e+17
2.084928122e+17
1.79624466e+17
1.579792433e+17
1.419002543e+17
1.309880658e+17
1.237753478e+17
1.199221256e+17
1.187078412e+17
1.215825126e+17
1.288350413e+17
1.420153483e+17
1.635899583e+17
1.975297921e+17
2.500255144e+17
3.303035857e+17
4.510135483e+17
6.269098514e+17
8.699521341e+17
1.180006408e+18
1.535142805e+18
1.891496103e+18
2.199742891e+18
2.424310108e+18
2.546206584e+18
2.588435686e+18
2.223143283e+18
7.904882751e+17
1.600797238e+16
427543.1863
7.759767408e-132
7.579498017e-132
7.426670132e-132
7.277013134e-132
7.129357552e-132
6.984235937e-132
6.836513551e-132
6.657976298e-132
6.53982066e-132
6.391904804e-132
6.241564354e-132
6.109381812e-132
5.971926387e-132
5.835634102e-132
5.705261253e-132
5.562167593e-132
5.441451906e-132
5.312479168e-132
5.183771447e-132
5.052470257e-132
4.935944381e-132
4.812014948e-132
4.684619195e-132
4.57005972e-132
4.449097034e-132
4.336269133e-132
4.22253446e-132
4.110408011e-132
3.98646219e-132
3.765389781e+18
3.802613635e+18
3.810276422e+18
3.812403935e+18
3.808147682e+18
3.796852067e+18
3.778269785e+18
3.752600609e+18
3.71959846e+18
3.679925095e+18
3.635124613e+18
3.584153653e+18
3.528376645e+18
3.468658785e+18
3.405184011e+18
3.338466127e+18
3.268468716e+18
3.194087901e+18
3.117643266e+18
3.036366276e+18
2.947704077e+18
2.849091596e+18
2.743599711e+18
2.625122742e+18
2.488792288e+18
2.339462745e+18
2.172648214e+18
1.988872137e+18
1.792102538e+18
1.586918737e+18
1.379766449e+18
1.178264476e+18
9.896950793e+17
8.196174651e+17
6.714520347e+17
5.464054802e+17
4.437751182e+17
3.615154392e+17
2.968955925e+17
2.467447654e+17
2.083440332e+17
1.792414655e+17
1.574055504e+17
1.411700998e+17
1.300747815e+17
1.226175526e+17
1.183976542e+17
1.169779326e+17
1.195405283e+17
1.262170629e+17
1.385914596e+17
1.58977873e+17
1.911451664e+17
2.409935871e+17
3.173770257e+17
4.325992073e+17
6.013860924e+17
8.364838946e+17
1.139761378e+18
1.492097497e+18
1.851569936e+18
2.167421365e+18
2.398564734e+18
2.526499463e+18
2.570478068e+18
2.219587595e+18
8.949406296e+17
2.340852193e+16
0
7.780368993e-132
7.595965404e-132
7.443595912e-132
7.291823786e-132
7.14307495e-132
6.995644582e-132
6.845486956e-132
6.689640685e-132
6.551368201e-132
6.410053045e-132
6.248441514e-132
6.127760828e-132
5.980993481e-132
5.852000942e-132
5.706039682e-132
5.584276494e-132
5.458149601e-132
5.326639768e-132
5.193354723e-132
5.063239404e-132
4.943439122e-132
4.822379272e-132
4.697001137e-132
4.578763836e-132
4.460320776e-132
4.340365127e-132
4.228716517e-132
4.116080937e-132
3.998324258e-132
3.776567053e+18
3.812050749e+18
3.81963132e+18
3.821579932e+18
3.817062127e+18
3.805428757e+18
3.786439357e+18
3.760295065e+18
3.726759173e+18
3.686518936e+18
3.641082984e+18
3.589439293e+18
3.533019365e+18
3.47260514e+18
3.408437825e+18
3.341090483e+18
3.27059346e+18
3.195739381e+18
3.118446538e+18
3.036855871e+18
2.947930236e+18
2.849183145e+18
2.743241441e+18
2.62506661e+18
2.489278869e+18
2.339804765e+18
2.174099947e+18
1.991311497e+18
1.795222459e+18
1.589994185e+18
1.383049263e+18
1.181648713e+18
9.929139453e+17
8.224886734e+17
6.73858399e+17
5.482888511e+17
4.451341958e+17
3.62386327e+17
2.972449009e+17
2.468300835e+17
2.081812818e+17
1.788528374e+17
1.568192677e+17
1.40422266e+17
1.287782793e+17
1.214220588e+17
1.169675121e+17
1.15421785e+17
1.174385107e+17
1.236921947e+17
1.353323695e+17
1.546146912e+17
1.8512702e+17
2.324970978e+17
3.052223876e+17
4.152618196e+17
5.772705311e+17
8.046569137e+17
1.101055626e+18
1.449760553e+18
1.810180388e+18
2.130753047e+18
2.371461855e+18
2.501453739e+18
2.54638974e+18
2.217195708e+18
9.797118213e+17
3.412327177e+16
3640454616
7.798515449e-132
7.609710954e-132
7.457683729e-132
7.306860582e-132
7.157193131e-132
7.008433099e-132
6.860130694e-132
6.709906206e-132
6.558848627e-132
6.418191043e-132
6.280527474e-132
6.125421956e-132
5.994666903e-132
5.865900392e-132
5.72459478e-132
5.5994171e-132
5.471128629e-132
5.334240173e-132
5.207418032e-132
5.082817564e-132
4.948132185e-132
4.829357287e-132
4.708247705e-132
4.585877955e-132
4.467417182e-132
4.351849959e-132
4.241193571e-132
4.113146464e-132
4.009880501e-132
3.787337606e+18
3.821071835e+18
3.828573052e+18
3.830348169e+18
3.825578628e+18
3.813621352e+18
3.794243597e+18
3.76764596e+18
3.733596048e+18
3.692827805e+18
3.646774618e+18
3.5944839e+18
3.537479073e+18
3.476375528e+18
3.411626419e+18
3.343689385e+18
3.272501262e+18
3.197326191e+18
3.119237153e+18
3.037298773e+18
2.948025719e+18
2.849164071e+18
2.742794405e+18
2.624912959e+18
2.489662558e+18
2.340010007e+18
2.174910829e+18
1.992604318e+18
1.797049715e+18
1.592832522e+18
1.38605438e+18
1.184735456e+18
9.959300939e+17
8.25235963e+17
6.761883775e+17
5.501255749e+17
4.464688897e+17
3.632603671e+17
2.978202792e+17
2.469770252e+17
2.080341e+17
1.784810801e+17
1.562670886e+17
1.397039897e+17
1.28083109e+17
1.203379081e+17
1.156748538e+17
1.140466258e+17
1.153209801e+17
1.213095358e+17
1.322443739e+17
1.504914856e+17
1.794541345e+17
2.245014386e+17
2.937892784e+17
3.989356181e+17
5.544947073e+17
7.744535306e+17
1.064114203e+18
1.409248536e+18
1.771036118e+18
2.096858117e+18
2.340029535e+18
2.480893725e+18
2.525478166e+18
2.217792565e+18
1.076949778e+18
4.773548764e+16
1.571342967e+11
7.818417222e-132
7.627045676e-132
7.473718913e-132
7.321909824e-132
7.171763492e-132
7.022373146e-132
6.873144192e-132
6.725894565e-132
6.583375948e-132
6.417985948e-132
6.285910699e-132
6.151027226e-132
6.002157535e-132
5.877449578e-132
5.74598631e-132
5.613061096e-132
5.482970729e-132
5.343500365e-132
5.224832658e-132
5.086881661e-132
4.960730887e-132
4.853952171e-132
4.699057311e-132
4.600461197e-132
4.473088428e-132
4.359438619e-132
4.242515338e-132
4.130456316e-132
4.019252214e-132
3.797714209e+18
3.829695641e+18
3.837122359e+18
3.838730115e+18
3.833719843e+18
3.821452489e+18
3.801705668e+18
3.774677643e+18
3.740136029e+18
3.698877912e+18
3.652224844e+18
3.59931201e+18
3.54173398e+18
3.479985517e+18
3.414732154e+18
3.346144513e+18
3.274303934e+18
3.198807191e+18
3.119969372e+18
3.03763536e+18
2.948006571e+18
2.849093513e+18
2.742196248e+18
2.624664428e+18
2.489984494e+18
2.340009202e+18
2.175957385e+18
1.994227703e+18
1.799294537e+18
1.595085494e+18
1.388654667e+18
1.187552452e+18
9.987557658e+17
8.278583226e+17
6.78440212e+17
5.519136969e+17
4.477702087e+17
3.640965776e+17
2.981377423e+17
2.470567227e+17
2.078750295e+17
1.781077976e+17
1.556850092e+17
1.38998168e+17
1.272283866e+17
1.19268022e+17
1.144399489e+17
1.1273745e+17
1.135374098e+17
1.190102914e+17
1.292902935e+17
1.465708353e+17
1.740817706e+17
2.169452748e+17
2.829882255e+17
3.83486266e+17
5.328520057e+17
7.455407727e+17
1.028347458e+18
1.369377091e+18
1.731629302e+18
2.06219592e+18
2.315699017e+18
2.45450959e+18
2.500521479e+18
2.219585617e+18
1.177619118e+18
6.71100819e+16
2.162695038e+12
7.835025056e-132
7.640334213e-132
7.487648767e-132
7.33527967e-132
7.184821613e-132
7.034624807e-132
6.884863408e-132
6.735703645e-132
6.588435263e-132
6.443772425e-132
6.305276624e-132
6.164153805e-132
6.018384415e-132
5.89123434e-132
5.760564899e-132
5.62643629e-132
5.48565955e-132
5.36177023e-132
5.229403623e-132
5.097879336e-132
4.970300115e-132
4.856811798e-132
4.717401064e-132
4.608753885e-132
4.484527898e-132
4.374447603e-132
4.257365347e-132
4.139670018e-132
4.028699335e-132
3.807704438e+18
3.83793217e+18
3.845292725e+18
3.846741186e+18
3.841502569e+18
3.828939767e+18
3.808844605e+18
3.781409384e+18
3.746397173e+18
3.704692882e+18
3.657458498e+18
3.603947721e+18
3.54569562e+18
3.483411182e+18
3.417554861e+18
3.348518881e+18
3.276000822e+18
3.200170898e+18
3.120567525e+18
3.037794995e+18
2.947931566e+18
2.848909821e+18
2.741504621e+18
2.624171627e+18
2.490098307e+18
2.339887691e+18
2.176467079e+18
1.995235966e+18
1.801025747e+18
1.597515496e+18
1.39142314e+18
1.190428817e+18
1.001562427e+18
8.30425968e+17
6.80636645e+17
5.536620795e+17
4.490518802e+17
3.649449003e+17
2.987058507e+17
2.472064203e+17
2.077143925e+17
1.776953362e+17
1.550378589e+17
1.382811819e+17
1.26240893e+17
1.18237911e+17
1.132015087e+17
1.11196001e+17
1.120117918e+17
1.167560972e+17
1.264498113e+17
1.428247596e+17
1.68968546e+17
2.097675562e+17
2.72731619e+17
3.68792302e+17
5.121803405e+17
7.177015604e+17
9.934101416e+17
1.329378293e+18
1.690050394e+18
2.023115172e+18
2.28591492e+18
2.426341645e+18
2.474985107e+18
2.223046791e+18
1.27152941e+18
8.542740758e+16
1.456194803e+13
7.851421903e-132
7.65528459e-132
7.5014446e-132
7.350058962e-132
7.19889073e-132
7.050098459e-132
6.901192381e-132
6.74794009e-132
6.601510022e-132
6.461466002e-132
6.313087633e-132
6.181484709e-132
6.042170133e-132
5.909753504e-132
5.773823668e-132
5.633027401e-132
5.486007027e-132
5.365824562e-132
5.240652776e-132
5.124612131e-132
4.968241042e-132
4.86354869e-132
4.738695141e-132
4.615245325e-132
4.485630261e-132
4.380851606e-132
4.267609132e-132
4.152047738e-132
4.030738185e-132
3.817306107e+18
3.845783455e+18
3.853087138e+18
3.854387245e+18
3.848932785e+18
3.836092761e+18
3.815672039e+18
3.78785387e+18
3.752395667e+18
3.7102902e+18
3.662493884e+18
3.608410122e+18
3.549613204e+18
3.486712371e+18
3.420243025e+18
3.350567305e+18
3.277622813e+18
3.201371788e+18
3.121010665e+18
3.037779826e+18
2.947684647e+18
2.84868556e+18
2.740700147e+18
2.623546377e+18
2.490155e+18
2.339662849e+18
2.176830229e+18
1.99668533e+18
1.803086012e+18
1.599738858e+18
1.394057853e+18
1.193284444e+18
1.004375869e+18
8.329833624e+17
6.82806378e+17
5.553779993e+17
4.502993798e+17
3.657421331e+17
2.990217436e+17
2.472587206e+17
2.075513642e+17
1.773311468e+17
1.546243778e+17
1.375713698e+17
1.25312085e+17
1.169550888e+17
1.119713428e+17
1.097282167e+17
1.104986291e+17
1.145192873e+17
1.237106169e+17
1.392255851e+17
1.640708979e+17
2.02906158e+17
2.62934636e+17
3.547455169e+17
4.923656089e+17
6.908948337e+17
9.595986656e+17
1.290636906e+18
1.650329794e+18
1.986007634e+18
2.247333334e+18
2.396861333e+18
2.449682518e+18
2.231332646e+18
1.367124987e+18
1.064940941e+17
6.129995326e+13
7.866076584e-132
7.668161554e-132
7.51460749e-132
7.362332378e-132
7.211464935e-132
7.062338705e-132
6.918835797e-132
6.760830835e-132
6.623796236e-132
6.468976101e-132
6.331252863e-132
6.19769709e-132
6.054285562e-132
5.924594689e-132
5.778116695e-132
5.643429192e-132
5.500971337e-132
5.371233794e-132
5.246730513e-132
5.125607456e-132
5.001212036e-132
4.868737862e-132
4.749194788e-132
4.618167869e-132
4.502342018e-132
4.386639422e-132
4.266648713e-132
4.158236637e-132
4.04268889e-132
3.826508491e+18
3.853240486e+18
3.860497636e+18
3.861661302e+18
3.856007773e+18
3.842908813e+18
3.822184853e+18
3.79400813e+18
3.758118978e+18
3.715677652e+18
3.66734104e+18
3.612706217e+18
3.553376391e+18
3.489910124e+18
3.422866761e+18
3.352413073e+18
3.279105792e+18
3.202359163e+18
3.12131082e+18
3.03773299e+18
2.947337198e+18
2.848335785e+18
2.739771889e+18
2.622739829e+18
2.489955536e+18
2.339347062e+18
2.176945972e+18
1.997551861e+18
1.804208236e+18
1.60183675e+18
1.396455175e+18
1.195879026e+18
1.006987285e+18
8.354106872e+17
6.84894055e+17
5.570404017e+17
4.515159116e+17
3.665444047e+17
2.995245333e+17
2.473995438e+17
2.073910151e+17
1.769631544e+17
1.540711512e+17
1.368737854e+17
1.2439012e+17
1.161969208e+17
1.107550759e+17
1.08284722e+17
1.087747214e+17
1.124069193e+17
1.210646069e+17
1.357489555e+17
1.59347253e+17
1.962986688e+17
2.53504888e+17
3.412054552e+17
4.731812814e+17
6.647208984e+17
9.261377057e+17
1.251563517e+18
1.60930554e+18
1.947160675e+18
2.21411643e+18
2.362989786e+18
2.418421118e+18
2.240212613e+18
1.450844247e+18
1.262045054e+17
1.632549112e+14
7.880401909e-132
7.681233458e-132
7.527484798e-132
7.37515048e-132
7.224407999e-132
7.075597884e-132
6.928050979e-132
6.780903512e-132
6.63684072e-132
6.484897041e-132
6.349639439e-132
6.196286898e-132
6.070096807e-132
5.936201642e-132
5.793580872e-132
5.648712512e-132
5.520063104e-132
5.377524045e-132
5.253690158e-132
5.139722062e-132
5.003413668e-132
4.885180964e-132
4.761097488e-132
4.64804951e-132
4.48996439e-132
4.385829553e-132
4.279048621e-132
4.165281367e-132
4.053955856e-132
3.83529486e+18
3.860287335e+18
3.867509145e+18
3.868549072e+18
3.862711297e+18
3.849375027e+18
3.828371387e+18
3.799866114e+18
3.763596578e+18
3.720823588e+18
3.671972506e+18
3.616841187e+18
3.556975769e+18
3.492984897e+18
3.425355521e+18
3.354197775e+18
3.280372434e+18
3.203224455e+18
3.12151994e+18
3.037494984e+18
2.946902737e+18
2.847768844e+18
2.738593082e+18
2.621827492e+18
2.489373499e+18
2.339152293e+18
2.176837662e+18
1.998251308e+18
1.805464784e+18
1.603560539e+18
1.398857241e+18
1.198454338e+18
1.009525064e+18
8.377566785e+17
6.86912885e+17
5.586463953e+17
4.52680187e+17
3.672860021e+17
2.998281413e+17
2.474318876e+17
2.072098354e+17
1.765866504e+17
1.534977359e+17
1.361827999e+17
1.235059809e+17
1.15136302e+17
1.095733819e+17
1.068880436e+17
1.070169414e+17
1.103895268e+17
1.185096074e+17
1.323801007e+17
1.547713054e+17
1.899073795e+17
2.443950376e+17
3.281247957e+17
4.54612381e+17
6.392825996e+17
8.934347245e+17
1.213203088e+18
1.569124822e+18
1.909487178e+18
2.181140999e+18
2.342046131e+18
2.403462006e+18
2.247265825e+18
1.538980767e+18
1.529306786e+17
2.757919517e+14
7.894840466e-132
7.694829107e-132
7.540352918e-132
7.388239485e-132
7.238430401e-132
7.089753803e-132
6.943211221e-132
6.794879543e-132
6.637928209e-132
6.502620587e-132
6.359599997e-132
6.211414858e-132
6.078206632e-132
5.942350872e-132
5.802609966e-132
5.664998917e-132
5.528375164e-132
5.396133755e-132
5.265996418e-132
5.143404196e-132
5.020124962e-132
4.897919129e-132
4.765340322e-132
4.65313688e-132
4.502765906e-132
4.397812705e-132
4.290875719e-132
4.176742368e-132
4.053037381e-132
3.8436415e+18
3.866898507e+18
3.874096303e+18
3.875026545e+18
3.869022245e+18
3.855469716e+18
3.834211153e+18
3.805406551e+18
3.768811019e+18
3.725700006e+18
3.676373e+18
3.620778145e+18
3.560416381e+18
3.4958555e+18
3.427663576e+18
3.355912947e+18
3.281548642e+18
3.20385924e+18
3.121517018e+18
3.037053082e+18
2.946091031e+18
2.846879133e+18
2.737636455e+18
2.62064682e+18
2.488666548e+18
2.338852706e+18
2.176578306e+18
1.998837714e+18
1.807037056e+18
1.60551118e+18
1.401094462e+18
1.200911406e+18
1.011973626e+18
8.400200779e+17
6.888569963e+17
5.601930094e+17
4.538052929e+17
3.679818682e+17
3.00245576e+17
2.475159088e+17
2.070130762e+17
1.762033255e+17
1.529258772e+17
1.354807492e+17
1.226210689e+17
1.141079111e+17
1.083922018e+17
1.055198604e+17
1.054090678e+17
1.085364986e+17
1.160299409e+17
1.291019441e+17
1.503210807e+17
1.837011623e+17
2.355588719e+17
3.15431445e+17
4.365353803e+17
6.143363369e+17
8.609449143e+17
1.17429416e+18
1.527098279e+18
1.868818112e+18
2.147812836e+18
2.313956959e+18
2.376645785e+18
2.252924448e+18
1.604102724e+18
1.723591611e+17
3.908316727e+14
7.909259513e-132
7.708752068e-132
7.554798031e-132
7.402319619e-132
7.250983548e-132
7.10132128e-132
6.953584626e-132
6.806202025e-132
6.668030366e-132
6.495097818e-132
6.371497419e-132
6.228089813e-132
6.090745962e-132
5.952923758e-132
5.814631172e-132
5.678715923e-132
5.542840689e-132
5.408397167e-132
5.276102108e-132
5.153821193e-132
5.026583604e-132
4.905080552e-132
4.768018678e-132
4.652513711e-132
4.53103656e-132
4.423748666e-132
4.280641662e-132
4.183128246e-132
4.06768883e-132
3.851525291e+18
3.873053173e+18
3.880234356e+18
3.881067576e+18
3.874910001e+18
3.861167355e+18
3.839676168e+18
3.810600235e+18
3.773718576e+18
3.73028232e+18
3.680526553e+18
3.624474025e+18
3.563681375e+18
3.498554406e+18
3.429751054e+18
3.357548294e+18
3.282630919e+18
3.204207285e+18
3.121467185e+18
3.036550626e+18
2.945188044e+18
2.845745339e+18
2.736660761e+18
2.619305707e+18
2.487780446e+18
2.338389199e+18
2.176170685e+18
1.999203866e+18
1.80781213e+18
1.60709364e+18
1.403046662e+18
1.203198323e+18
1.014325289e+18
8.422099168e+17
6.907406331e+17
5.616895642e+17
4.548939963e+17
3.688492519e+17
3.005392079e+17
2.475345612e+17
2.06803924e+17
1.758048972e+17
1.523490845e+17
1.347751928e+17
1.217460716e+17
1.131069232e+17
1.072387001e+17
1.041849005e+17
1.038548901e+17
1.067349721e+17
1.136034033e+17
1.259032999e+17
1.459893907e+17
1.776732373e+17
2.269910705e+17
3.031295305e+17
4.18987756e+17
5.900140581e+17
8.290349884e+17
1.135725231e+18
1.485091044e+18
1.827660659e+18
2.113367432e+18
2.29222926e+18
2.363677764e+18
2.261804849e+18
1.674405883e+18
1.979980205e+17
5.254891107e+14
7.924120962e-132
7.723183243e-132
7.568566341e-132
7.415812821e-132
7.264789326e-132
7.11545654e-132
6.966585393e-132
6.81882354e-132
6.673034936e-132
6.524833502e-132
6.378163616e-132
6.242294354e-132
6.098274642e-132
5.959740753e-132
5.826439834e-132
5.696442292e-132
5.550593104e-132
5.418570572e-132
5.286875611e-132
5.160429145e-132
5.03706768e-132
4.911734212e-132
4.774399589e-132
4.662864651e-132
4.545567101e-132
4.419097962e-132
4.29697819e-132
4.189988557e-132
4.076816478e-132
3.858921234e+18
3.878723991e+18
3.885895381e+18
3.886640972e+18
3.880345673e+18
3.86643389e+18
3.844734213e+18
3.815414135e+18
3.778281195e+18
3.734548744e+18
3.684404784e+18
3.628000095e+18
3.566756721e+18
3.501144791e+18
3.431803744e+18
3.359109368e+18
3.283434909e+18
3.20435679e+18
3.121258887e+18
3.035683473e+18
2.944174196e+18
2.844543903e+18
2.735422431e+18
2.617777918e+18
2.486682635e+18
2.337814842e+18
2.175598756e+18
1.99948543e+18
1.808912078e+18
1.608546156e+18
1.404967925e+18
1.205336559e+18
1.016528776e+18
8.442840245e+17
6.925325957e+17
5.631084335e+17
4.558922492e+17
3.692667419e+17
3.007789028e+17
2.475126063e+17
2.065750636e+17
1.753917202e+17
1.517679523e+17
1.340663144e+17
1.208799267e+17
1.121209139e+17
1.060554106e+17
1.028535255e+17
1.023086074e+17
1.049323774e+17
1.112186846e+17
1.227846711e+17
1.417822203e+17
1.718329265e+17
2.187039399e+17
2.912348307e+17
4.019873555e+17
5.663238727e+17
7.976577635e+17
1.09727139e+18
1.442478377e+18
1.785245394e+18
2.067922599e+18
2.254821792e+18
2.333581465e+18
2.266761642e+18
1.718036898e+18
2.182997958e+17
6.394903282e+14
7.938275862e-132
7.736577098e-132
7.581923873e-132
7.42957415e-132
7.278049452e-132
7.128620229e-132
6.978933827e-132
6.829739853e-132
6.683346143e-132
6.541847564e-132
6.394886307e-132
6.247882269e-132
6.109268349e-132
5.968518488e-132
5.836398018e-132
5.706653242e-132
5.563767762e-132
5.432413377e-132
5.294691191e-132
5.168748479e-132
5.050413436e-132
4.913638724e-132
4.784813259e-132
4.670203187e-132
4.555103618e-132
4.42008673e-132
4.310052192e-132
4.193205562e-132
4.078849946e-132
3.865804864e+18
3.883884531e+18
3.89104939e+18
3.891715734e+18
3.885299745e+18
3.871235253e+18
3.849352323e+18
3.819818832e+18
3.78246757e+18
3.738480255e+18
3.687893729e+18
3.631238911e+18
3.56963698e+18
3.503625138e+18
3.433520827e+18
3.360569336e+18
3.284100841e+18
3.204346078e+18
3.12088286e+18
3.034681743e+18
2.942919105e+18
2.843191027e+18
2.733961536e+18
2.615910303e+18
2.485256934e+18
2.337068123e+18
2.17481989e+18
1.999529247e+18
1.8094847e+18
1.609762063e+18
1.40665804e+18
1.207292548e+18
1.018573867e+18
8.462367228e+17
6.942377623e+17
5.644738155e+17
4.570060559e+17
3.700216835e+17
3.011354772e+17
2.475364595e+17
2.063351822e+17
1.749531751e+17
1.511838584e+17
1.333531205e+17
1.200387626e+17
1.111785591e+17
1.049832376e+17
1.015668878e+17
1.007851443e+17
1.031190667e+17
1.088703622e+17
1.197518254e+17
1.377098917e+17
1.661973606e+17
2.107258697e+17
2.797960623e+17
3.856238155e+17
5.434426977e+17
7.67173991e+17
1.059654283e+18
1.400632448e+18
1.744675999e+18
2.046769183e+18
2.23679622e+18
2.322048586e+18
2.273271711e+18
1.775293495e+18
2.469452608e+17
7.595173946e+14
7.953419547e-132
7.751793638e-132
7.597035304e-132
7.443783754e-132
7.292508216e-132
7.141559416e-132
6.991621242e-132
6.842507443e-132
6.695843296e-132
6.553116606e-132
6.406996389e-132
6.26405923e-132
6.121607829e-132
5.987288394e-132
5.842450713e-132
5.703243016e-132
5.582092647e-132
5.446620987e-132
5.298696692e-132
5.177013347e-132
5.055985769e-132
4.929804166e-132
4.800714532e-132
4.668460501e-132
4.557876344e-132
4.434100616e-132
4.318645034e-132
4.20748757e-132
4.087536446e-132
3.872147385e+18
3.888508804e+18
3.89567068e+18
3.896262622e+18
3.889739117e+18
3.875541249e+18
3.853501722e+18
3.823784976e+18
3.786241143e+18
3.741938657e+18
3.691106381e+18
3.634190782e+18
3.572236448e+18
3.505814463e+18
3.435188731e+18
3.361868933e+18
3.284679893e+18
3.204325682e+18
3.120446559e+18
3.033657648e+18
2.941558266e+18
2.841559165e+18
2.732375403e+18
2.614034954e+18
2.483774661e+18
2.336050495e+18
2.173940357e+18
1.999380841e+18
1.810181596e+18
1.611210468e+18
1.408468975e+18
1.209245667e+18
1.020550466e+18
8.480927557e+17
6.958429077e+17
5.65726634e+17
4.577627574e+17
3.704403953e+17
3.013183279e+17
2.474649685e+17
2.060753579e+17
1.745011006e+17
1.505909102e+17
1.326296598e+17
1.191836834e+17
1.102148129e+17
1.036755238e+17
1.002350956e+17
9.926676555e+16
1.013183088e+17
1.066463247e+17
1.16826269e+17
1.337899509e+17
1.607927129e+17
2.030974167e+17
2.688752067e+17
3.699908929e+17
5.215077396e+17
7.377609201e+17
1.023017924e+18
1.359324956e+18
1.702668152e+18
1.997652049e+18
2.19930623e+18
2.296153296e+18
2.279330743e+18
1.798678311e+18
2.657085868e+17
8.73345906e+14
8.585537542e-132
7.766490982e-132
7.611516094e-132
7.458248785e-132
7.306620791e-132
7.156133124e-132
7.007003418e-132
6.857377495e-132
6.711546541e-132
6.558703987e-132
6.42671877e-132
6.270581184e-132
6.14368737e-132
5.979270935e-132
5.853775484e-132
5.711864804e-132
5.589055041e-132
5.448455586e-132
5.313986772e-132
5.19064348e-132
5.064663773e-132
4.939553205e-132
4.808872385e-132
4.683667399e-132
4.5693971e-132
4.439367421e-132
4.322238668e-132
4.21278615e-132
4.104992413e-132
3.877922985e+18
3.892574246e+18
3.899735486e+18
3.900261087e+18
3.893639406e+18
3.879329314e+18
3.857139843e+18
3.827230547e+18
3.789499457e+18
3.745031444e+18
3.693959729e+18
3.636797373e+18
3.57452082e+18
3.507513951e+18
3.436806466e+18
3.36282736e+18
3.285099997e+18
3.20425689e+18
3.119996299e+18
3.032580081e+18
2.940112964e+18
2.839803363e+18
2.730683852e+18
2.612116536e+18
2.482208047e+18
2.33496444e+18
2.17287444e+18
1.999024162e+18
1.810535814e+18
1.612188206e+18
1.410058424e+18
1.211134483e+18
1.022461782e+18
8.498761538e+17
6.97392936e+17
5.671345217e+17
4.588028678e+17
3.710681965e+17
3.015684935e+17
2.474459255e+17
2.058020644e+17
1.740502102e+17
1.499972343e+17
1.319130941e+17
1.183492868e+17
1.092388985e+17
1.024808123e+17
9.899357464e+16
9.780126504e+16
9.942718092e+16
1.043031011e+17
1.139694467e+17
1.300245516e+17
1.556351494e+17
1.958459589e+17
2.585134838e+17
3.551523218e+17
5.006239898e+17
7.09599003e+17
9.87680919e+17
1.319256166e+18
1.662896926e+18
1.973267013e+18
2.180502484e+18
2.282391242e+18
2.2866511e+18
1.833275966e+18
2.932370314e+17
1.076853001e+15
0
7.782089835e-132
7.626607826e-132
7.473123677e-132
7.321242877e-132
7.171051657e-132
7.020985655e-132
6.872035253e-132
6.724567708e-132
6.576194614e-132
6.426431812e-132
6.294470867e-132
6.131997289e-132
5.998881407e-132
5.860970167e-132
5.728472399e-132
5.598868797e-132
5.470269479e-132
5.315766712e-132
5.193111213e-132
5.072562832e-132
4.947240881e-132
4.819408814e-132
4.692771305e-132
4.573436999e-132
4.45425114e-132
4.337982191e-132
4.235549903e-132
4.100904488e-132
3.883114222e+18
3.896049512e+18
3.903209414e+18
3.903666595e+18
3.896944739e+18
3.882503828e+18
3.860204493e+18
3.830178901e+18
3.792342492e+18
3.747693152e+18
3.696381192e+18
3.638981596e+18
3.576306161e+18
3.509090574e+18
3.438231054e+18
3.363470168e+18
3.285102498e+18
3.204053962e+18
3.119359402e+18
3.031419096e+18
2.938507595e+18
2.837929447e+18
2.728630619e+18
2.610081977e+18
2.480424327e+18
2.333803579e+18
2.17165546e+18
1.998481131e+18
1.810988379e+18
1.613283308e+18
1.411455649e+18
1.212768405e+18
1.024159367e+18
8.514472424e+17
6.98713043e+17
5.680326704e+17
4.593815935e+17
3.714283667e+17
3.016704931e+17
2.473230535e+17
2.055033964e+17
1.735829103e+17
1.493958996e+17
1.311920552e+17
1.175435521e+17
1.082359303e+17
1.01760176e+17
9.779684898e+16
9.637371839e+16
9.760365574e+16
1.020070246e+17
1.11264547e+17
1.264467748e+17
1.507569522e+17
1.890101213e+17
2.487656109e+17
3.411944847e+17
4.809370641e+17
6.829330937e+17
9.540105744e+17
1.280761661e+18
1.623748549e+18
1.933676845e+18
2.152640229e+18
2.263668532e+18
2.284223904e+18
1.863526469e+18
3.100634117e+17
1.304803899e+15
1.678834597e-38
7.797321278e-132
7.640693097e-132
7.487255686e-132
7.335681972e-132
7.184706005e-132
7.034278631e-132
6.88432918e-132
6.733878365e-132
6.586509227e-132
6.436785415e-132
6.296423802e-132
6.153966817e-132
6.012995581e-132
5.882559695e-132
5.737043776e-132
5.596152789e-132
5.477435629e-132
5.355753863e-132
5.185016938e-132
5.083470112e-132
4.942899163e-132
4.830057532e-132
4.707217266e-132
4.585778537e-132
4.460191778e-132
4.348175583e-132
4.234573925e-132
4.119296365e-132
3.887710669e+18
3.898917999e+18
3.906070861e+18
3.906471182e+18
3.899676721e+18
3.885157819e+18
3.862762231e+18
3.832612968e+18
3.794656643e+18
3.749829953e+18
3.698269899e+18
3.640598643e+18
3.577825848e+18
3.510533517e+18
3.439195036e+18
3.363608851e+18
3.285093247e+18
3.203684739e+18
3.118586187e+18
3.030089432e+18
2.936827646e+18
2.835941877e+18
2.726613959e+18
2.607817561e+18
2.478413549e+18
2.332216859e+18
2.17052431e+18
1.997742288e+18
1.81111086e+18
1.614004283e+18
1.412585665e+18
1.214214824e+18
1.025838854e+18
8.532128045e+17
7.003889954e+17
5.692543319e+17
4.602697821e+17
3.719066564e+17
3.018421522e+17
2.472234551e+17
2.051672938e+17
1.73105835e+17
1.487798587e+17
1.304712076e+17
1.16731459e+17
1.072637001e+17
1.006794154e+17
9.65705526e+16
9.499647902e+16
9.5933583e+16
9.994609842e+16
1.087096454e+17
1.230733651e+17
1.461586913e+17
1.825815891e+17
2.396073425e+17
3.280610239e+17
4.623278249e+17
6.575254592e+17
9.215633529e+17
1.243151922e+18
1.585042295e+18
1.896433372e+18
2.12334617e+18
2.246264667e+18
2.283376349e+18
1.895224339e+18
3.383532128e+17
1.600076181e+15
4.977887087e-25
7.813155232e-132
7.655106852e-132
7.501377408e-132
7.348534545e-132
7.196733623e-132
7.045494499e-132
6.894498418e-132
6.744472732e-132
6.597893118e-132
6.451136095e-132
6.309749047e-132
6.160354225e-132
6.024626119e-132
5.890648948e-132
5.742979745e-132
5.612862518e-132
5.482605464e-132
5.350628251e-132
5.219590551e-132
5.084186998e-132
4.959544838e-132
4.837958017e-132
4.715456277e-132
4.59225597e-132
4.477958021e-132
4.353512076e-132
4.240453705e-132
4.12796203e-132
3.891701972e+18
3.901211203e+18
3.90836182e+18
3.908700546e+18
3.901823603e+18
3.887215074e+18
3.864716492e+18
3.834443027e+18
3.796358109e+18
3.751370494e+18
3.699680445e+18
3.641998926e+18
3.579057222e+18
3.511325109e+18
3.439218863e+18
3.363616556e+18
3.285037613e+18
3.203230103e+18
3.117735602e+18
3.02879069e+18
2.93508716e+18
2.833748507e+18
2.724616966e+18
2.605395693e+18
2.476394854e+18
2.330536483e+18
2.169285395e+18
1.996838643e+18
1.811025786e+18
1.614699571e+18
1.413834091e+18
1.215597326e+18
1.026917911e+18
8.541244666e+17
7.011237234e+17
5.699445901e+17
4.607343457e+17
3.721378623e+17
3.018654013e+17
2.47045465e+17
2.048194286e+17
1.726111925e+17
1.481884499e+17
1.29760152e+17
1.159472539e+17
1.063230956e+17
9.966136046e+16
9.553630989e+16
9.371863547e+16
9.439100612e+16
9.820438139e+16
1.060631496e+17
1.198367069e+17
1.418239991e+17
1.765636433e+17
2.310599893e+17
3.158091683e+17
4.449404997e+17
6.337220918e+17
8.910901206e+17
1.207779802e+18
1.548589404e+18
1.863591998e+18
2.101981547e+18
2.232594434e+18
2.278887606e+18
1.915871847e+18
3.645665267e+17
2.115915894e+15
0
7.829190148e-132
7.668476508e-132
7.513389106e-132
7.360423151e-132
7.208388214e-132
7.058090527e-132
6.910202202e-132
6.751812722e-132
6.61264445e-132
6.471151162e-132
6.329895964e-132
6.153197546e-132
6.033736301e-132
5.904834296e-132
5.751125994e-132
5.621969679e-132
5.492507865e-132
5.352838252e-132
5.22644346e-132
5.098901445e-132
4.971566457e-132
4.847053645e-132
4.724743747e-132
4.603413219e-132
4.485123338e-132
4.366457399e-132
4.249210993e-132
4.137796733e-132
3.895069391e+18
3.902855622e+18
3.909997039e+18
3.910265616e+18
3.903311466e+18
3.888625418e+18
3.866056571e+18
3.835719078e+18
3.797604051e+18
3.752517396e+18
3.700672785e+18
3.642720835e+18
3.579370317e+18
3.511333915e+18
3.439211598e+18
3.363601682e+18
3.284752719e+18
3.202633566e+18
3.11681247e+18
3.027532974e+18
2.93319415e+18
2.831602659e+18
2.722499691e+18
2.603004792e+18
2.474276582e+18
2.328579057e+18
2.167849989e+18
1.995782446e+18
1.810686243e+18
1.61494455e+18
1.414508957e+18
1.216710504e+18
1.028620429e+18
8.557456482e+17
7.02439839e+17
5.708973426e+17
4.613532044e+17
3.724625051e+17
3.018948811e+17
2.468479648e+17
2.044428737e+17
1.720794017e+17
1.474184451e+17
1.290202684e+17
1.151475889e+17
1.053615786e+17
9.857318385e+16
9.41644969e+16
9.240723486e+16
9.293754875e+16
9.668691073e+16
1.036367262e+17
1.168672728e+17
1.3777825e+17
1.709287544e+17
2.230387854e+17
3.042584682e+17
4.284140067e+17
6.108091802e+17
8.612313582e+17
1.17239627e+18
1.511694499e+18
1.829462446e+18
2.073640385e+18
2.215409931e+18
2.272234974e+18
1.935423062e+18
3.923086974e+17
2.635902104e+15
3.296549005e-21
7.84484757e-132
7.681265273e-132
7.526682002e-132
7.372870502e-132
7.220667691e-132
7.069694245e-132
6.919864174e-132
6.769765638e-132
6.625091339e-132
6.479440059e-132
6.324521439e-132
6.179515631e-132
6.044026282e-132
5.913541119e-132
5.760184811e-132
5.634983752e-132
5.498424018e-132
5.362490714e-132
5.237136678e-132
5.108605479e-132
4.981470934e-132
4.85818267e-132
4.736400958e-132
4.611547878e-132
4.496336808e-132
4.377744097e-132
4.258826203e-132
4.149454696e-132
3.897791892e+18
3.903906787e+18
3.911040909e+18
3.911276273e+18
3.904258766e+18
3.88949134e+18
3.866822179e+18
3.836355765e+18
3.79808584e+18
3.75278647e+18
3.70074425e+18
3.642720064e+18
3.5793707e+18
3.511327955e+18
3.439203533e+18
3.363385132e+18
3.284201909e+18
3.201702217e+18
3.115627702e+18
3.025928918e+18
2.93096268e+18
2.829451563e+18
2.719939872e+18
2.600701496e+18
2.471818645e+18
2.326549261e+18
2.166295398e+18
1.994433384e+18
1.810035213e+18
1.614892835e+18
1.414921379e+18
1.217228035e+18
1.029178025e+18
8.563696183e+17
7.030295518e+17
5.713627337e+17
4.616414173e+17
3.725438016e+17
3.017924157e+17
2.466036197e+17
2.040400197e+17
1.715507755e+17
1.46923694e+17
1.283153138e+17
1.143769377e+17
1.044370676e+17
9.760145544e+16
9.305682156e+16
9.118181052e+16
9.153711174e+16
9.500725853e+16
1.015261278e+17
1.14015407e+17
1.339325051e+17
1.656264262e+17
2.155210837e+17
2.934439456e+17
4.129328723e+17
5.893471834e+17
8.333513914e+17
1.139587379e+18
1.477656984e+18
1.799668697e+18
2.048730635e+18
2.198975436e+18
2.263920551e+18
1.946420626e+18
4.288412032e+17
3.451466248e+15
1.56223839e-12
7.860353275e-132
7.692813541e-132
7.538236635e-132
7.384604361e-132
7.232236502e-132
7.081629793e-132
6.933362313e-132
6.788018427e-132
6.6372068e-132
6.483446016e-132
6.330403811e-132
6.191482426e-132
6.059761037e-132
5.918712142e-132
5.771822754e-132
5.639007783e-132
5.509113914e-132
5.376640458e-132
5.249817837e-132
5.110830618e-132
4.994573407e-132
4.872311729e-132
4.760453763e-132
4.607520225e-132
4.498039681e-132
4.387309511e-132
4.273020293e-132
4.162593856e-132
3.899836039e+18
3.904301906e+18
3.911430206e+18
3.911590393e+18
3.904492044e+18
3.889644384e+18
3.866904193e+18
3.836382606e+18
3.798100888e+18
3.752789574e+18
3.700742408e+18
3.64263938e+18
3.579171042e+18
3.510982132e+18
3.438643444e+18
3.362595654e+18
3.283136371e+18
3.200372349e+18
3.114164644e+18
3.023755562e+18
2.928812805e+18
2.826907509e+18
2.717430082e+18
2.59815792e+18
2.469283621e+18
2.32440849e+18
2.164405367e+18
1.992805963e+18
1.809059403e+18
1.614544041e+18
1.41504286e+18
1.217988904e+18
1.030059968e+18
8.573109761e+17
7.039026382e+17
5.720440077e+17
4.620610917e+17
3.727319844e+17
3.017427203e+17
2.46309693e+17
2.036009361e+17
1.710014785e+17
1.462804614e+17
1.275672434e+17
1.135884022e+17
1.035220775e+17
9.66566468e+16
9.229703534e+16
9.006906662e+16
9.013084278e+16
9.316053351e+16
9.960877788e+16
1.110425406e+17
1.302638848e+17
1.605965383e+17
2.083759058e+17
2.83090997e+17
3.979361261e+17
5.681747343e+17
8.050708139e+17
1.104814393e+18
1.438857545e+18
1.757361709e+18
2.017327594e+18
2.179791092e+18
2.254365855e+18
1.939717866e+18
4.719976555e+17
4.538711367e+15
0
7.876801165e-132
7.706628353e-132
7.550195989e-132
7.395896036e-132
7.242605033e-132
7.091012319e-132
6.941205969e-132
6.791823506e-132
6.641500776e-132
6.49758419e-132
6.344750614e-132
6.202979587e-132
6.067052822e-132
5.92638158e-132
5.78519861e-132
5.652436231e-132
5.522125519e-132
5.389800077e-132
5.248563721e-132
5.131570986e-132
4.999988508e-132
4.88015964e-132
4.756284028e-132
4.633484281e-132
4.505167272e-132
4.39636558e-132
4.281961635e-132
4.168366508e-132
3.90117127e+18
3.903989436e+18
3.911099272e+18
3.911208098e+18
3.904057542e+18
3.889155615e+18
3.866364339e+18
3.835794116e+18
3.797470593e+18
3.752076698e+18
3.699951817e+18
3.641773969e+18
3.578209691e+18
3.509905014e+18
3.437432596e+18
3.361246823e+18
3.281576322e+18
3.19844953e+18
3.111874992e+18
3.021608594e+18
2.926275241e+18
2.824286505e+18
2.714600458e+18
2.595261923e+18
2.466731454e+18
2.321874056e+18
2.162191833e+18
1.990640887e+18
1.807801143e+18
1.613816632e+18
1.414757531e+18
1.217961275e+18
1.030304486e+18
8.576104964e+17
7.04096608e+17
5.721962847e+17
4.621149294e+17
3.726289981e+17
3.015188009e+17
2.45929615e+17
2.03103246e+17
1.70416313e+17
1.456238281e+17
1.267894742e+17
1.12797308e+17
1.025979472e+17
9.566785333e+16
9.111357687e+16
8.849764161e+16
8.870297697e+16
9.146535784e+16
9.778397728e+16
1.082117244e+17
1.268336484e+17
1.558402529e+17
2.016127984e+17
2.732992353e+17
3.837836495e+17
5.48335117e+17
7.790889867e+17
1.074512041e+18
1.408298421e+18
1.732382695e+18
1.994722678e+18
2.162969291e+18
2.240759958e+18
1.931237114e+18
5.160868392e+17
5.886787178e+15
0.003011009451
7.891680273e-132
7.71616958e-132
7.562120022e-132
7.407131515e-132
7.253367466e-132
7.101376628e-132
6.950163957e-132
6.798677658e-132
6.648194371e-132
6.506122416e-132
6.358824984e-132
6.217050656e-132
6.077014377e-132
5.945052211e-132
5.821528415e-132
5.632247323e-132
5.536265752e-132
5.38323471e-132
5.266412276e-132
5.141941789e-132
5.014836349e-132
4.886640773e-132
4.763836621e-132
4.640442407e-132
4.519917505e-132
4.40608241e-132
4.290106532e-132
4.169093149e-132
3.901747297e+18
3.902924031e+18
3.910035267e+18
3.910089816e+18
3.90286374e+18
3.88790332e+18
3.865064269e+18
3.834440639e+18
3.796071367e+18
3.750608342e+18
3.698429809e+18
3.64019029e+18
3.576533305e+18
3.508101965e+18
3.435475181e+18
3.359081353e+18
3.27922064e+18
3.19604492e+18
3.109266709e+18
3.018860411e+18
2.923423525e+18
2.821143076e+18
2.711427987e+18
2.592429537e+18
2.463708126e+18
2.318956314e+18
2.15953814e+18
1.988261625e+18
1.806020092e+18
1.612702809e+18
1.414156242e+18
1.21771809e+18
1.030372224e+18
8.579163252e+17
7.045717782e+17
5.725252105e+17
4.622525685e+17
3.725905019e+17
3.01247801e+17
2.455239558e+17
2.025740062e+17
1.697747676e+17
1.447448471e+17
1.259603071e+17
1.119866208e+17
1.016710323e+17
9.470967847e+16
9.005058214e+16
8.765343071e+16
8.739994395e+16
8.987157477e+16
9.589466194e+16
1.05826987e+17
1.234778117e+17
1.512296695e+17
1.950482163e+17
2.637283335e+17
3.697682272e+17
5.282130703e+17
7.514031811e+17
1.038132826e+18
1.365384315e+18
1.687373153e+18
1.963187168e+18
2.142949574e+18
2.224529549e+18
1.919017427e+18
5.632532917e+17
7.831814704e+15
0
7.908003219e-132
7.731208682e-132
7.573362935e-132
7.418169355e-132
7.264775052e-132
7.112882539e-132
6.962632266e-132
6.810919013e-132
6.655218204e-132
6.507732755e-132
6.370486875e-132
6.227343871e-132
6.086371442e-132
5.948720624e-132
5.810060773e-132
5.66836548e-132
5.538639037e-132
5.404978491e-132
5.27917794e-132
5.158456688e-132
5.015291428e-132
4.896787908e-132
4.773612207e-132
4.654226346e-132
4.526520245e-132
4.411179699e-132
4.294855929e-132
4.175720313e-132
3.901532898e+18
3.901097109e+18
3.90815932e+18
3.908165909e+18
3.900914768e+18
3.885900072e+18
3.862986601e+18
3.832320815e+18
3.793921896e+18
3.748399614e+18
3.69617093e+18
3.637881218e+18
3.574160966e+18
3.505648532e+18
3.432924094e+18
3.356424501e+18
3.276451641e+18
3.193088095e+18
3.106213645e+18
3.01566816e+18
2.91971471e+18
2.817830972e+18
2.708181747e+18
2.588968291e+18
2.46022304e+18
2.31562881e+18
2.156049595e+18
1.985545598e+18
1.804098054e+18
1.611192659e+18
1.413106525e+18
1.217128848e+18
1.030082784e+18
8.577936301e+17
7.044810423e+17
5.7243783e+17
4.62056975e+17
3.723159186e+17
3.008951863e+17
2.450611656e+17
2.020070319e+17
1.69122978e+17
1.441771772e+17
1.253191121e+17
1.111881631e+17
1.007388509e+17
9.372979207e+16
8.893584465e+16
8.644870838e+16
8.602443533e+16
8.827248937e+16
9.384175243e+16
1.037202142e+17
1.198924255e+17
1.467395942e+17
1.887108685e+17
2.545479038e+17
3.564342975e+17
5.094750271e+17
7.27513675e+17
1.013884944e+18
1.340997539e+18
1.665690324e+18
1.935978165e+18
2.119458588e+18
2.20711597e+18
1.907128853e+18
6.093344552e+17
9.951572684e+15
1125.48716
7.92168604e-132
7.739519546e-132
7.583844151e-132
7.42804664e-132
7.274167601e-132
7.121601349e-132
6.970289123e-132
6.818797742e-132
6.667030973e-132
6.523111038e-132
6.384040425e-132
6.243629353e-132
6.085626632e-132
5.953774332e-132
5.81951535e-132
5.688628304e-132
5.546948728e-132
5.42314917e-132
5.300248569e-132
5.161301039e-132
5.030237451e-132
4.90406607e-132
4.796767046e-132
4.637115382e-132
4.544665022e-132
4.42439355e-132
4.291608886e-132
4.182130017e-132
3.900443403e+18
3.898410566e+18
3.90552362e+18
3.905475015e+18
3.898096119e+18
3.883043217e+18
3.860136644e+18
3.829451538e+18
3.790985725e+18
3.745413348e+18
3.693156802e+18
3.634832314e+18
3.571061638e+18
3.50246758e+18
3.429661744e+18
3.353074601e+18
3.272983811e+18
3.189471932e+18
3.102415074e+18
3.012171577e+18
2.916372165e+18
2.814047736e+18
2.704135649e+18
2.584900463e+18
2.456095387e+18
2.310975632e+18
2.152462065e+18
1.982467784e+18
1.801427714e+18
1.609260523e+18
1.411743209e+18
1.21621929e+18
1.029469143e+18
8.574191494e+17
7.042217101e+17
5.722064924e+17
4.618428943e+17
3.719534834e+17
3.004000439e+17
2.444689902e+17
2.013870317e+17
1.684250078e+17
1.434326603e+17
1.244385241e+17
1.103369448e+17
9.979530902e+16
9.275308926e+16
8.785110118e+16
8.524665795e+16
8.454774306e+16
8.674423972e+16
9.194339642e+16
1.016062057e+17
1.165715607e+17
1.423740427e+17
1.824967638e+17
2.454482628e+17
3.429555377e+17
4.896469721e+17
6.976544048e+17
9.651677079e+17
1.286317575e+18
1.615677211e+18
1.900318044e+18
2.094814886e+18
2.181168344e+18
1.893189262e+18
6.537457259e+17
1.257153736e+16
0
7.936914734e-132
7.752223286e-132
7.593935973e-132
7.4382059e-132
7.283563628e-132
7.130372621e-132
6.979361161e-132
6.830002118e-132
6.681795921e-132
6.534433583e-132
6.394389817e-132
6.24612876e-132
6.103886006e-132
5.959760621e-132
5.828415228e-132
5.695174278e-132
5.560621516e-132
5.433241397e-132
5.305238182e-132
5.172973903e-132
5.043139647e-132
4.912981373e-132
4.791018785e-132
4.663717868e-132
4.550691827e-132
4.428983155e-132
4.309168254e-132
4.186979535e-132
3.898426067e+18
3.894930705e+18
3.90185693e+18
3.901769905e+18
3.894550124e+18
3.879558129e+18
3.856711077e+18
3.825891682e+18
3.78738586e+18
3.741749149e+18
3.68948961e+18
3.631177424e+18
3.567420247e+18
3.498856972e+18
3.42605635e+18
3.349484756e+18
3.269414332e+18
3.185929224e+18
3.098819266e+18
3.00830025e+18
2.912050288e+18
2.809644207e+18
2.699676409e+18
2.579389115e+18
2.450761693e+18
2.306562712e+18
2.148603719e+18
1.978042711e+18
1.798425969e+18
1.606909927e+18
1.409760894e+18
1.214707204e+18
1.028546368e+18
8.56738254e+17
7.037102449e+17
5.717578019e+17
4.613828476e+17
3.714728723e+17
2.99823418e+17
2.438284571e+17
2.006850004e+17
1.676805251e+17
1.426371502e+17
1.237123232e+17
1.094699926e+17
9.885127885e+16
9.176237044e+16
8.672478768e+16
8.398486072e+16
8.332059801e+16
8.504428664e+16
8.996764801e+16
9.917448212e+16
1.136067544e+17
1.380716976e+17
1.764789455e+17
2.366750855e+17
3.301587352e+17
4.715181153e+17
6.75415057e+17
9.470949225e+17
1.266456495e+18
1.594928488e+18
1.878411477e+18
2.072746841e+18
2.159444049e+18
1.879225671e+18
6.97069025e+17
1.615956447e+16
5329807.054
7.950427103e-132
7.762536774e-132
7.605313788e-132
7.449308704e-132
7.294067753e-132
7.140860264e-132
6.989551913e-132
6.840880657e-132
6.695187869e-132
6.555468168e-132
6.395090506e-132
6.25470485e-132
6.115268673e-132
5.971365705e-132
5.83902389e-132
5.703268166e-132
5.573689736e-132
5.438051751e-132
5.310934999e-132
5.181035154e-132
5.050143224e-132
4.925332942e-132
4.803093576e-132
4.68289449e-132
4.553586462e-132
4.434442643e-132
4.319661624e-132
4.201910633e-132
3.895261473e+18
3.889288392e+18
3.896511481e+18
3.896301144e+18
3.888479903e+18
3.873382172e+18
3.850522689e+18
3.819920301e+18
3.781625861e+18
3.736551736e+18
3.684389449e+18
3.626011104e+18
3.562381956e+18
3.493947881e+18
3.421434067e+18
3.345116214e+18
3.265110898e+18
3.181573932e+18
3.094379429e+18
3.003881549e+18
2.907054816e+18
2.803266082e+18
2.692446939e+18
2.573843754e+18
2.44551083e+18
2.301855547e+18
2.143534929e+18
1.974585972e+18
1.794491212e+18
1.604033847e+18
1.407351652e+18
1.212930139e+18
1.027061705e+18
8.557853402e+17
7.029435927e+17
5.711009576e+17
4.607668389e+17
3.707641072e+17
2.991523962e+17
2.430926157e+17
1.998546161e+17
1.668531561e+17
1.417525526e+17
1.227173966e+17
1.085451995e+17
9.788122904e+16
9.075889085e+16
8.561214261e+16
8.281088537e+16
8.198820361e+16
8.368089708e+16
8.813683697e+16
9.665041048e+16
1.107840747e+17
1.33453146e+17
1.704617575e+17
2.280169625e+17
3.174539127e+17
4.530583929e+17
6.489416031e+17
9.108676067e+17
1.223524712e+18
1.563583733e+18
1.848743682e+18
2.050643853e+18
2.134923278e+18
1.863545956e+18
7.427796796e+17
2.006347062e+16
18387764.8
7.964739072e-132
7.77404747e-132
7.616467187e-132
7.460355637e-132
7.305523881e-132
7.152212793e-132
7.001238721e-132
6.853549677e-132
6.708288167e-132
6.566177371e-132
6.399593174e-132
6.274640588e-132
6.119723898e-132
5.995168871e-132
5.845176702e-132
5.705604571e-132
5.582039626e-132
5.440519287e-132
5.319105395e-132
5.191090544e-132
5.06231978e-132
4.93340484e-132
4.810776176e-132
4.688738135e-132
4.56555306e-132
4.444576886e-132
4.33325752e-132
4.209095926e-132
3.891015554e+18
3.883921873e+18
3.890246896e+18
3.890007974e+18
3.883387634e+18
3.868452008e+18
3.845559715e+18
3.814974848e+18
3.776233615e+18
3.729894762e+18
3.67724698e+18
3.618470546e+18
3.554345791e+18
3.485445152e+18
3.412235655e+18
3.335356112e+18
3.25508075e+18
3.171406371e+18
3.084085455e+18
2.993728982e+18
2.897331643e+18
2.796101907e+18
2.687012369e+18
2.567360225e+18
2.440288799e+18
2.296321808e+18
2.138322845e+18
1.968287829e+18
1.790182445e+18
1.600499032e+18
1.404358194e+18
1.210468438e+18
1.025260913e+18
8.542410187e+17
7.017793607e+17
5.701261955e+17
4.598298349e+17
3.699445084e+17
2.982760324e+17
2.422361611e+17
1.989707293e+17
1.659949082e+17
1.409066033e+17
1.219696723e+17
1.076131312e+17
9.690543441e+16
8.973283119e+16
8.448266275e+16
8.157639445e+16
8.069462821e+16
8.158532743e+16
8.612601394e+16
9.427976514e+16
1.081387091e+17
1.292088746e+17
1.646405648e+17
2.196960924e+17
3.053616678e+17
4.359799253e+17
6.271956669e+17
8.879281656e+17
1.198488368e+18
1.516919671e+18
1.807026647e+18
2.011621189e+18
2.106423525e+18
1.848460504e+18
7.880744787e+17
2.4989943e+16
984040478.8
7.97809773e-132
7.784868335e-132
7.627587084e-132
7.471067849e-132
7.317695584e-132
7.166005157e-132
7.018881059e-132
6.876483118e-132
6.705846513e-132
6.57820143e-132
6.404271358e-132
6.278867164e-132
6.134013189e-132
5.999521228e-132
5.855327368e-132
5.711112115e-132
5.587829656e-132
5.454242287e-132
5.328803393e-132
5.200600647e-132
5.072845205e-132
4.949850627e-132
4.822658597e-132
4.696533859e-132
4.569146015e-132
4.454733795e-132
4.327702804e-132
4.222291821e-132
3.885397021e+18
3.875981935e+18
3.884397612e+18
3.883985901e+18
3.874476992e+18
3.859277639e+18
3.836427808e+18
3.806156598e+18
3.768207314e+18
3.724744745e+18
3.672615453e+18
3.614040137e+18
3.549710433e+18
3.479700774e+18
3.406347792e+18
3.329532372e+18
3.248767254e+18
3.16456764e+18
3.077016181e+18
2.986679535e+18
2.889959025e+18
2.787452777e+18
2.677319724e+18
2.559245128e+18
2.433248426e+18
2.288887262e+18
2.131269385e+18
1.963447622e+18
1.785249922e+18
1.59617389e+18
1.400794126e+18
1.207540783e+18
1.022970033e+18
8.52450468e+17
7.0027403e+17
5.688567789e+17
4.587433287e+17
3.689532268e+17
2.973083617e+17
2.412846272e+17
1.980172864e+17
1.650272471e+17
1.399056979e+17
1.208203083e+17
1.06568763e+17
9.588424511e+16
8.871404053e+16
8.332436023e+16
8.036824019e+16
7.932546547e+16
8.033950361e+16
8.447495044e+16
9.210408246e+16
1.052680239e+17
1.25388222e+17
1.584814489e+17
2.113823209e+17
2.932009922e+17
4.180271657e+17
5.983156606e+17
8.416204163e+17
1.147538566e+18
1.477816691e+18
1.772446743e+18
1.981271514e+18
2.069294588e+18
1.833238143e+18
8.290942416e+17
3.044631178e+16
9075615772
7.990937923e-132
7.795272964e-132
7.638985963e-132
7.48402205e-132
7.329521516e-132
7.177377457e-132
7.027463338e-132
6.87796964e-132
6.720748764e-132
6.57888851e-132
6.428462684e-132
6.286105941e-132
6.141827269e-132
6.002330411e-132
5.866381355e-132
5.732308501e-132
5.609278464e-132
5.452803436e-132
5.340022948e-132
5.215252876e-132
5.086282932e-132
4.946366676e-132
4.831213406e-132
4.702398927e-132
4.580775075e-132
4.458720523e-132
4.341383115e-132
4.232106606e-132
3.878917301e+18
3.86919688e+18
3.873021946e+18
3.87227848e+18
3.867158292e+18
3.851968687e+18
3.828950046e+18
3.798501606e+18
3.760545209e+18
3.712637277e+18
3.660735917e+18
3.603077226e+18
3.540153884e+18
3.472485097e+18
3.400107213e+18
3.321745683e+18
3.241087715e+18
3.158391372e+18
3.069386487e+18
2.978942775e+18
2.883281881e+18
2.779584414e+18
2.670886697e+18
2.552369583e+18
2.422953667e+18
2.280133632e+18
2.124630562e+18
1.95666577e+18
1.779348621e+18
1.59117528e+18
1.396692955e+18
1.203981235e+18
1.019978186e+18
8.501093151e+17
6.984640259e+17
5.673537896e+17
4.574135029e+17
3.67675518e+17
2.961700752e+17
2.40234467e+17
1.969788438e+17
1.640057559e+17
1.389189484e+17
1.19999523e+17
1.054869395e+17
9.485241692e+16
8.757834589e+16
8.224499622e+16
7.915599242e+16
7.800301986e+16
7.910738056e+16
8.239709586e+16
8.972530209e+16
1.021731423e+17
1.219434462e+17
1.527950252e+17
2.036839282e+17
2.819136059e+17
4.020589019e+17
5.805985146e+17
8.254038961e+17
1.127431014e+18
1.44928566e+18
1.74723419e+18
1.955298744e+18
2.041407435e+18
1.820793098e+18
8.701208282e+17
3.63593588e+16
6.74044744e+10
8.004575578e-132
7.806691164e-132
7.649386338e-132
7.494848982e-132
7.341136366e-132
7.189006812e-132
7.038569436e-132
6.889208335e-132
6.738414293e-132
6.601245998e-132
6.422600536e-132
6.284745318e-132
6.148969507e-132
6.016833567e-132
5.869126723e-132
5.752247016e-132
5.594966695e-132
5.475509708e-132
5.349497348e-132
5.222522552e-132
5.092655287e-132
4.959852439e-132
4.836148104e-132
4.711579324e-132
4.590245789e-132
4.467300924e-132
4.35054782e-132
4.235324161e-132
3.871373703e+18
3.857389096e+18
3.86602366e+18
3.864826273e+18
3.85432366e+18
3.839038474e+18
3.815992862e+18
3.785520149e+18
3.747420435e+18
3.704910461e+18
3.653506311e+18
3.596085413e+18
3.532935567e+18
3.464067434e+18
3.389428306e+18
3.314315168e+18
3.234598489e+18
3.147580513e+18
3.061938334e+18
2.972464998e+18
2.872595868e+18
2.772498656e+18
2.659973449e+18
2.540946096e+18
2.41660851e+18
2.273433372e+18
2.116540395e+18
1.949203508e+18
1.772958019e+18
1.585486293e+18
1.391932634e+18
1.199767534e+18
1.016492354e+18
8.47218886e+17
6.959888947e+17
5.652880497e+17
4.557026494e+17
3.66234764e+17
2.948448235e+17
2.390295731e+17
1.958437931e+17
1.628886865e+17
1.378207637e+17
1.188039497e+17
1.046260919e+17
9.379047693e+16
8.642277233e+16
8.111172033e+16
7.792153985e+16
7.663207921e+16
7.73838148e+16
8.039165742e+16
8.76778049e+16
9.92626275e+16
1.18362385e+17
1.476377731e+17
1.955273131e+17
2.706629806e+17
3.859714796e+17
5.562771806e+17
7.881050553e+17
1.086431759e+18
1.413806466e+18
1.714935649e+18
1.925605186e+18
2.014544879e+18
1.807497761e+18
9.050768266e+17
4.297608653e+16
3.462234815e+11
8.018167812e-132
7.817722284e-132
7.660793643e-132
7.505269413e-132
7.351534102e-132
7.199273146e-132
7.047999233e-132
6.899018252e-132
6.748493583e-132
6.5921517e-132
6.437966491e-132
6.301741517e-132
6.165527248e-132
6.022167536e-132
5.889028582e-132
5.748125026e-132
5.617047494e-132
5.480870882e-132
5.359849249e-132
5.239397382e-132
5.089500495e-132
4.971841728e-132
4.842933406e-132
4.723221127e-132
4.59788716e-132
4.478166712e-132
4.361280798e-132
4.23420548e-132
3.863171502e+18
3.848659295e+18
3.855324209e+18
3.851793962e+18
3.845238393e+18
3.829464387e+18
3.806333062e+18
3.776009198e+18
3.737963511e+18
3.691174779e+18
3.641303877e+18
3.584522547e+18
3.521027956e+18
3.450126166e+18
3.379101646e+18
3.300793671e+18
3.224002329e+18
3.139985833e+18
3.052730738e+18
2.96222865e+18
2.86497642e+18
2.759905928e+18
2.652389076e+18
2.533380503e+18
2.40724578e+18
2.264465761e+18
2.107835827e+18
1.940863396e+18
1.765416659e+18
1.578383416e+18
1.386170975e+18
1.195003171e+18
1.012344393e+18
8.437922371e+17
6.932204128e+17
5.62995127e+17
4.537481593e+17
3.645051257e+17
2.933674395e+17
2.375929177e+17
1.946122793e+17
1.616902045e+17
1.366848852e+17
1.178290653e+17
1.035085209e+17
9.266649639e+16
8.525243491e+16
7.995843334e+16
7.668889712e+16
7.52971654e+16
7.586990843e+16
7.91166514e+16
8.497626099e+16
9.644775607e+16
1.147593839e+17
1.430152306e+17
1.874620122e+17
2.60521067e+17
3.711475939e+17
5.367084012e+17
7.720578605e+17
1.066133e+18
1.385137176e+18
1.685718747e+18
1.897627676e+18
1.986157404e+18
1.796918062e+18
9.43640566e+17
5.016770433e+16
1.330339719e+12
8.032574024e-132
7.827609486e-132
7.670535849e-132
7.514766391e-132
7.360607097e-132
7.207717646e-132
7.05605449e-132
6.905808274e-132
6.750571166e-132
6.603182031e-132
6.45421867e-132
6.313507147e-132
6.173012406e-132
6.035487815e-132
5.897006812e-132
5.75896742e-132
5.62925561e-132
5.493969018e-132
5.367888374e-132
5.238538131e-132
5.102862294e-132
4.978114841e-132
4.853443538e-132
4.728962636e-132
4.608004146e-132
4.481456423e-132
4.36438007e-132
4.248011388e-132
3.853788173e+18
3.836097805e+18
3.840482189e+18
3.842146737e+18
3.832471362e+18
3.814755565e+18
3.790752116e+18
3.760216141e+18
3.72133147e+18
3.67876601e+18
3.627423541e+18
3.56543588e+18
3.502462037e+18
3.439200947e+18
3.366700197e+18
3.290958419e+18
3.206788233e+18
3.12863712e+18
3.040206584e+18
2.94988643e+18
2.853539963e+18
2.750611959e+18
2.641331988e+18
2.522804698e+18
2.396433511e+18
2.253736978e+18
2.097933049e+18
1.931447448e+18
1.756766718e+18
1.570269144e+18
1.37885102e+18
1.189563634e+18
1.007680862e+18
8.397817837e+17
6.898910271e+17
5.602485799e+17
4.514246967e+17
3.625647483e+17
2.916979723e+17
2.359882169e+17
1.932567175e+17
1.604059794e+17
1.354952928e+17
1.166730741e+17
1.02328931e+17
9.140768911e+16
8.40783446e+16
7.877855424e+16
7.545240716e+16
7.397272061e+16
7.439127001e+16
7.734295397e+16
8.299493384e+16
9.404194854e+16
1.111371174e+17
1.385634901e+17
1.805526228e+17
2.499846698e+17
3.572420445e+17
5.177514622e+17
7.456753883e+17
1.029954034e+18
1.355944655e+18
1.663849406e+18
1.875945589e+18
1.964332149e+18
1.786974536e+18
9.762425273e+17
5.619722214e+16
4.099039626e+12
8.050296653e-132
7.836884618e-132
7.678842081e-132
7.523422725e-132
7.369091267e-132
7.215981786e-132
7.06418147e-132
6.913655816e-132
6.763883942e-132
6.616549381e-132
6.472664625e-132
6.31448454e-132
6.185139378e-132
6.049550822e-132
5.911773093e-132
5.761457521e-132
5.641555271e-132
5.50497409e-132
5.380918423e-132
5.233543868e-132
5.11330039e-132
4.987026803e-132
4.860598206e-132
4.738037906e-132
4.613338152e-132
4.492912579e-132
4.37649085e-132
4.247906516e-132
3.843381456e+18
3.826007347e+18
3.830404104e+18
3.829029169e+18
3.819085415e+18
3.804015184e+18
3.780060727e+18
3.749078183e+18
3.710035482e+18
3.660028397e+18
3.606704694e+18
3.553200046e+18
3.489878092e+18
3.423927822e+18
3.350943606e+18
3.275851645e+18
3.195423474e+18
3.111212392e+18
3.026163323e+18
2.93673072e+18
2.839912521e+18
2.738377502e+18
2.628152798e+18
2.509419128e+18
2.384465452e+18
2.24176936e+18
2.086404121e+18
1.920455758e+18
1.747009674e+18
1.561115415e+18
1.370471603e+18
1.18326324e+18
1.002451895e+18
8.353502269e+17
6.861526842e+17
5.571284895e+17
4.488407966e+17
3.604093435e+17
2.897090932e+17
2.342535719e+17
1.917390289e+17
1.589721196e+17
1.341032233e+17
1.150682185e+17
1.008688679e+17
9.049553993e+16
8.280655985e+16
7.758974888e+16
7.421048144e+16
7.265222191e+16
7.294404235e+16
7.563875842e+16
8.152482068e+16
9.059845098e+16
1.074681417e+17
1.338901384e+17
1.74704287e+17
2.393285086e+17
3.442088372e+17
4.993286717e+17
7.206788563e+17
1.008364874e+18
1.321325979e+18
1.627062595e+18
1.842231157e+18
1.931236686e+18
1.770199229e+18
1.005699941e+18
6.353729899e+16
1.025484879e+13
8.079887541e-132
7.844469417e-132
7.686254143e-132
7.530947148e-132
7.377738191e-132
7.225190788e-132
7.074054691e-132
6.926696722e-132
6.78736116e-132
6.615144316e-132
6.481865027e-132
6.328471003e-132
6.192163211e-132
6.060563174e-132
5.915117629e-132
5.783929208e-132
5.65130072e-132
5.506182991e-132
5.38860668e-132
5.242668541e-132
5.121450776e-132
4.997401068e-132
4.873529513e-132
4.733467997e-132
4.620890395e-132
4.501339266e-132
4.381722856e-132
4.264891182e-132
3.83143885e+18
3.812424563e+18
3.817312537e+18
3.814409035e+18
3.805729976e+18
3.789987487e+18
3.765944796e+18
3.732162623e+18
3.69460303e+18
3.64749996e+18
3.594455856e+18
3.536974601e+18
3.470634256e+18
3.401094926e+18
3.333704283e+18
3.258361405e+18
3.1793718e+18
3.095428486e+18
3.009131134e+18
2.919971268e+18
2.824017544e+18
2.723303447e+18
2.613491044e+18
2.49501673e+18
2.370864468e+18
2.22846708e+18
2.073580513e+18
1.908206707e+18
1.735933877e+18
1.552320447e+18
1.362809197e+18
1.175908691e+18
9.964697714e+17
8.303514597e+17
6.819708093e+17
5.536419614e+17
4.459168865e+17
3.578828846e+17
2.873697174e+17
2.323567046e+17
1.900351057e+17
1.574348991e+17
1.327010337e+17
1.140402373e+17
9.993700771e+16
8.932756379e+16
8.134219465e+16
7.632765889e+16
7.295995696e+16
7.133435208e+16
7.151137069e+16
7.399739758e+16
7.947326411e+16
8.881370751e+16
1.046350644e+17
1.29444394e+17
1.693034923e+17
2.300532368e+17
3.296908578e+17
4.818587582e+17
6.965973188e+17
9.764901486e+17
1.291825458e+18
1.59104678e+18
1.809223023e+18
1.901435311e+18
1.755529207e+18
1.03198187e+18
6.983144927e+16
2.143129134e+13
8.142726446e-132
7.855506201e-132
7.699092825e-132
7.543583932e-132
7.388744424e-132
7.23580762e-132
7.08462687e-132
6.935569135e-132
6.788769113e-132
6.635877119e-132
6.482879548e-132
6.348701548e-132
6.208361017e-132
6.062674592e-132
5.927209878e-132
5.791342042e-132
5.658182414e-132
5.523650111e-132
5.396724162e-132
5.250329172e-132
5.128580688e-132
5.00468643e-132
4.884098715e-132
4.734594399e-132
4.631235949e-132
4.507822945e-132
4.388893678e-132
4.271877201e-132
3.817791278e+18
3.795157945e+18
3.80028674e+18
3.797227147e+18
3.788780383e+18
3.771924281e+18
3.747956208e+18
3.716520863e+18
3.676300613e+18
3.631496099e+18
3.578612884e+18
3.515902091e+18
3.455986788e+18
3.386685961e+18
3.30896713e+18
3.232846173e+18
3.154804149e+18
3.071660309e+18
2.983494555e+18
2.900909504e+18
2.801920305e+18
2.704156831e+18
2.595662729e+18
2.477506593e+18
2.354391549e+18
2.212466996e+18
2.058258238e+18
1.893633678e+18
1.723261537e+18
1.540599274e+18
1.352560386e+18
1.167149433e+18
9.894159248e+17
8.244849161e+17
6.770770931e+17
5.49544174e+17
4.42377352e+17
3.546993605e+17
2.848184662e+17
2.302723706e+17
1.881220556e+17
1.557842608e+17
1.312306948e+17
1.126994931e+17
9.867936591e+16
8.806616723e+16
8.037393701e+16
7.488312863e+16
7.167050226e+16
7.000482618e+16
7.0079394e+16
7.236482599e+16
7.747848274e+16
8.664851616e+16
1.009358461e+17
1.256356741e+17
1.639165496e+17
2.234799842e+17
3.155773497e+17
4.63377852e+17
6.754933825e+17
9.472549583e+17
1.263916056e+18
1.55973265e+18
1.772747054e+18
1.872032055e+18
1.743109328e+18
1.052026682e+18
7.630758912e+16
3.855818159e+13
8.249603577e-132
7.868864294e-132
7.710580759e-132
7.553530076e-132
7.39861642e-132
7.245957762e-132
7.094325679e-132
6.944286391e-132
6.796114643e-132
6.649820082e-132
6.495939117e-132
6.358914687e-132
6.216436672e-132
6.08062301e-132
5.930519333e-132
5.806632606e-132
5.666583798e-132
5.529246856e-132
5.402224666e-132
5.259216009e-132
5.134867131e-132
5.009520451e-132
4.885216342e-132
4.755430882e-132
4.638718619e-132
4.518339872e-132
4.398949515e-132
4.269350025e-132
3.802502268e+18
3.777207326e+18
3.78144973e+18
3.778532116e+18
3.76896191e+18
3.752006227e+18
3.727593956e+18
3.696570218e+18
3.65614731e+18
3.611628917e+18
3.559194085e+18
3.49949007e+18
3.437294198e+18
3.368167429e+18
3.293260167e+18
3.217404775e+18
3.139072351e+18
3.05595026e+18
2.967228445e+18
2.873614715e+18
2.783153689e+18
2.683667952e+18
2.570899377e+18
2.453394369e+18
2.332042765e+18
2.191089888e+18
2.038212603e+18
1.874529854e+18
1.707644915e+18
1.527752978e+18
1.340884473e+18
1.157465527e+18
9.81105697e+17
8.173751332e+17
6.709984909e+17
5.443703653e+17
4.380933845e+17
3.512403794e+17
2.820342895e+17
2.279815545e+17
1.860335428e+17
1.539502492e+17
1.295685132e+17
1.110913723e+17
9.69124944e+16
8.640357712e+16
7.892915036e+16
7.382335434e+16
7.03762656e+16
6.866376855e+16
6.864783499e+16
7.075892298e+16
7.558572896e+16
8.417151183e+16
9.781986483e+16
1.2040272e+17
1.581884306e+17
2.17336289e+17
3.070834607e+17
4.450545618e+17
6.512909371e+17
9.253797836e+17
1.236609296e+18
1.531953329e+18
1.753994503e+18
1.843986096e+18
1.725718081e+18
1.0726785e+18
8.183866363e+16
6.129862366e+13
8.431746965e-132
7.878772808e-132
7.720491169e-132
7.564270133e-132
7.409715153e-132
7.256244247e-132
7.104410055e-132
6.953711356e-132
6.804397162e-132
6.657555794e-132
6.514557422e-132
6.364855345e-132
6.229103492e-132
6.084879941e-132
5.949398268e-132
5.816819223e-132
5.671506432e-132
5.528611017e-132
5.408410272e-132
5.273381026e-132
5.142364262e-132
5.01912062e-132
4.891314719e-132
4.766070012e-132
4.644406873e-132
4.522966264e-132
4.403366781e-132
4.283168448e-132
3.785451524e+18
3.757925481e+18
3.76139836e+18
3.758021575e+18
3.747876828e+18
3.730499397e+18
3.705763025e+18
3.673704368e+18
3.634388274e+18
3.588641757e+18
3.536580872e+18
3.479719215e+18
3.414816982e+18
3.345989783e+18
3.273444766e+18
3.197338454e+18
3.117857464e+18
3.03445662e+18
2.94403442e+18
2.856374555e+18
2.759656909e+18
2.655527206e+18
2.551404835e+18
2.434861122e+18
2.314635536e+18
2.174327175e+18
2.021734087e+18
1.859348097e+18
1.69414772e+18
1.515678865e+18
1.329886468e+18
1.146224867e+18
9.714615008e+17
8.089739002e+17
6.64003864e+17
5.386430868e+17
4.334120523e+17
3.474854421e+17
2.78975891e+17
2.254509717e+17
1.837785843e+17
1.519907652e+17
1.278347448e+17
1.09526185e+17
9.574649998e+16
8.536561524e+16
7.745924586e+16
7.240903574e+16
6.904281495e+16
6.731775434e+16
6.721815918e+16
6.917350268e+16
7.376843261e+16
8.20445083e+16
9.591374963e+16
1.178517173e+17
1.523831951e+17
2.098805823e+17
3.002132581e+17
4.351928427e+17
6.333469688e+17
9.034227338e+17
1.21271867e+18
1.508389646e+18
1.72720044e+18
1.821129168e+18
1.717043686e+18
1.098515395e+18
8.834191801e+16
9.029297965e+13
9.100677687e-132
7.889879416e-132
7.731756809e-132
7.575024264e-132
7.420291849e-132
7.267210917e-132
7.116218421e-132
6.967995425e-132
6.821083934e-132
6.657035875e-132
6.524320602e-132
6.386207998e-132
6.225919004e-132
6.105918058e-132
5.94738839e-132
5.82173426e-132
5.672326286e-132
5.545608826e-132
5.422522932e-132
5.274953122e-132
5.156668463e-132
5.024220293e-132
4.897696502e-132
4.771709992e-132
4.646773587e-132
4.531007454e-132
4.412361281e-132
4.291858193e-132
3.766288295e+18
3.735294457e+18
3.739355762e+18
3.735530666e+18
3.724942795e+18
3.70724858e+18
3.682098176e+18
3.649927425e+18
3.610454639e+18
3.5642838e+18
3.512372691e+18
3.45561996e+18
3.390304992e+18
3.322355034e+18
3.249340387e+18
3.173478202e+18
3.093479765e+18
3.010414288e+18
2.92412994e+18
2.835849646e+18
2.740225418e+18
2.636447358e+18
2.527842439e+18
2.411956147e+18
2.292409445e+18
2.152985284e+18
2.001489128e+18
1.840456037e+18
1.676444635e+18
1.499422474e+18
1.315309428e+18
1.133515582e+18
9.605759772e+17
7.998606792e+17
6.564179302e+17
5.323922656e+17
4.283394024e+17
3.433637188e+17
2.756443722e+17
2.226120057e+17
1.813001393e+17
1.498377031e+17
1.259337579e+17
1.0782191e+17
9.421655541e+16
8.39888234e+16
7.641699901e+16
7.140588751e+16
6.764898724e+16
6.591553254e+16
6.577338265e+16
6.759155363e+16
7.195835133e+16
7.987373263e+16
9.322300177e+16
1.143565715e+17
1.477628148e+17
2.027262732e+17
2.902318406e+17
4.254479735e+17
6.21347625e+17
8.806319443e+17
1.182558939e+18
1.479919062e+18
1.697204855e+18
1.792815755e+18
1.701988119e+18
1.106061161e+18
9.233937737e+16
1.190002304e+14
1.150716983e-131
7.900418025e-132
7.742982849e-132
7.586504081e-132
7.431742019e-132
7.278439595e-132
7.126825062e-132
6.976411745e-132
6.826849006e-132
6.677920842e-132
6.526701293e-132
6.390736347e-132
6.245886144e-132
6.113639536e-132
5.954578925e-132
5.823052394e-132
5.682398266e-132
5.552686929e-132
5.424808254e-132
5.291136788e-132
5.161482091e-132
5.03012206e-132
4.901623613e-132
4.778537519e-132
4.656768307e-132
4.538213106e-132
4.420647835e-132
4.30367648e-132
3.744538781e+18
3.707108333e+18
3.714508329e+18
3.710547205e+18
3.699554477e+18
3.681141276e+18
3.65598259e+18
3.621852915e+18
3.582277605e+18
3.537227531e+18
3.48386435e+18
3.426364493e+18
3.359444077e+18
3.293684807e+18
3.217793054e+18
3.143398548e+18
3.066818101e+18
2.98398833e+18
2.900081208e+18
2.810857767e+18
2.711507947e+18
2.612020716e+18
2.506268936e+18
2.385636354e+18
2.267108492e+18
2.128771885e+18
1.983366871e+18
1.819240013e+18
1.657016694e+18
1.481812543e+18
1.299647455e+18
1.119899401e+18
9.489189497e+17
7.899826637e+17
6.481822583e+17
5.256439929e+17
4.228300125e+17
3.388941139e+17
2.720040013e+17
2.194031566e+17
1.785890392e+17
1.475062316e+17
1.239027554e+17
1.060275378e+17
9.257205864e+16
8.245428944e+16
7.501835069e+16
7.001701512e+16
6.603125508e+16
6.425761935e+16
6.43046631e+16
6.599909732e+16
7.015935722e+16
7.77217314e+16
9.033255983e+16
1.10350033e+17
1.428056614e+17
1.944810958e+17
2.799259136e+17
4.119183508e+17
6.042773867e+17
8.57865794e+17
1.153647394e+18
1.451220227e+18
1.669583086e+18
1.764796715e+18
1.685638384e+18
1.116849371e+18
9.717669882e+16
1.49236347e+14
1.927240307e-131
7.913140729e-132
7.754542225e-132
7.598529854e-132
7.443727129e-132
7.290472765e-132
7.138026741e-132
6.98650623e-132
6.836492343e-132
6.689197577e-132
6.536354462e-132
6.393607702e-132
6.252470526e-132
6.115655832e-132
5.972000898e-132
5.832181802e-132
5.688196461e-132
5.561299629e-132
5.431694705e-132
5.298167912e-132
5.165445643e-132
5.038475705e-132
4.905908071e-132
4.786724655e-132
4.664571996e-132
4.544901501e-132
4.427567102e-132
4.308458488e-132
3.720878801e+18
3.682945331e+18
3.686973662e+18
3.682246419e+18
3.670672295e+18
3.650898381e+18
3.625968266e+18
3.586178867e+18
3.550937005e+18
3.505175492e+18
3.446749226e+18
3.394505015e+18
3.330980782e+18
3.263254584e+18
3.190260653e+18
3.116835781e+18
3.03733211e+18
2.955191232e+18
2.871516784e+18
2.782125804e+18
2.68701609e+18
2.585749488e+18
2.479555374e+18
2.363595471e+18
2.246089977e+18
2.108631128e+18
1.961884009e+18
1.801165518e+18
1.640416261e+18
1.466493807e+18
1.28539266e+18
1.104909666e+18
9.360651425e+17
7.790976503e+17
6.391892045e+17
5.182481429e+17
4.168255952e+17
3.340335147e+17
2.679732921e+17
2.157999024e+17
1.755972264e+17
1.449422602e+17
1.216763485e+17
1.040685384e+17
9.080416275e+16
8.086002921e+16
7.312585656e+16
6.822156389e+16
6.4901883e+16
6.306051118e+16
6.275720725e+16
6.440108228e+16
6.836160602e+16
7.560702421e+16
8.771758837e+16
1.074503048e+17
1.393853287e+17
1.894343122e+17
2.711784065e+17
3.969314303e+17
5.844467847e+17
8.349010983e+17
1.125212668e+18
1.413573276e+18
1.630421237e+18
1.725426801e+18
1.662886829e+18
1.119463263e+18
9.966934953e+16
1.75142151e+14
4.190911219e-131
7.925165637e-132
7.767034186e-132
7.610190789e-132
7.455130364e-132
7.301174186e-132
7.148176377e-132
6.996424071e-132
6.848017516e-132
6.692786759e-132
6.547625851e-132
6.40100483e-132
6.25966859e-132
6.121769123e-132
5.978532359e-132
5.839026741e-132
5.701220723e-132
5.569333873e-132
5.438320227e-132
5.307939493e-132
5.178420338e-132
5.031479849e-132
4.918370388e-132
4.794682826e-132
4.672543397e-132
4.551920788e-132
4.430712861e-132
4.313930031e-132
3.694926069e+18
3.655409321e+18
3.655374863e+18
3.649711969e+18
3.637404192e+18
3.613711577e+18
3.593051555e+18
3.556369027e+18
3.516399688e+18
3.464187173e+18
3.415560243e+18
3.361648097e+18
3.297410579e+18
3.229874998e+18
3.154558362e+18
3.085320105e+18
2.998207282e+18
2.922663232e+18
2.839407135e+18
2.750750831e+18
2.657555609e+18
2.556599143e+18
2.450483514e+18
2.336989452e+18
2.220744248e+18
2.084085028e+18
1.935969622e+18
1.77890207e+18
1.620334483e+18
1.447700799e+18
1.266431063e+18
1.090905687e+18
9.218766693e+17
7.672061697e+17
6.292979257e+17
5.101682716e+17
4.102784337e+17
3.287087489e+17
2.63438481e+17
2.119189041e+17
1.723523499e+17
1.421823534e+17
1.192931705e+17
1.019658863e+17
8.887807478e+16
7.889471247e+16
7.184491605e+16
6.641399e+16
6.321534949e+16
6.139575016e+16
6.098218277e+16
6.273539106e+16
6.655602857e+16
7.348611955e+16
8.511478799e+16
1.040411633e+17
1.346649866e+17
1.840949838e+17
2.604866462e+17
3.844407389e+17
5.645577583e+17
8.094502343e+17
1.095177426e+18
1.373387186e+18
1.594944847e+18
1.704324221e+18
1.644931588e+18
1.122443787e+18
1.036293515e+17
2.006213752e+14
9.436129562e-131
7.936980307e-132
7.77820047e-132
7.621325803e-132
7.465684336e-132
7.311023261e-132
7.157502222e-132
7.005383582e-132
6.855439074e-132
6.709746401e-132
6.568529579e-132
6.396304288e-132
6.266882838e-132
6.128795392e-132
5.991914055e-132
5.84350871e-132
5.713014342e-132
5.574982317e-132
5.444923474e-132
5.311329675e-132
5.180847159e-132
5.052069438e-132
4.925692736e-132
4.797995307e-132
4.678057577e-132
4.556457858e-132
4.436748292e-132
4.319454277e-132
3.666233031e+18
3.623728275e+18
3.617645934e+18
3.610272923e+18
3.596868577e+18
3.581224189e+18
3.555387823e+18
3.520425424e+18
3.473916881e+18
3.431793736e+18
3.380393965e+18
3.323301592e+18
3.255149944e+18
3.194004309e+18
3.121815889e+18
3.048907557e+18
2.967321791e+18
2.887891307e+18
2.804674751e+18
2.716481786e+18
2.622156412e+18
2.524119973e+18
2.418905159e+18
2.30572185e+18
2.191132122e+18
2.055252806e+18
1.908318723e+18
1.752514138e+18
1.596689298e+18
1.424949215e+18
1.24496429e+18
1.073019563e+18
9.061543992e+17
7.540648973e+17
6.18534321e+17
5.013929133e+17
4.031350104e+17
3.228068447e+17
2.582639391e+17
2.077023291e+17
1.68841129e+17
1.392142883e+17
1.167456755e+17
9.974539641e+16
8.692521128e+16
7.738542557e+16
7.030939249e+16
6.523244279e+16
6.203419536e+16
6.02504544e+16
5.98441746e+16
6.116132281e+16
6.453992633e+16
7.141413716e+16
8.255374218e+16
1.006675279e+17
1.298311714e+17
1.758659368e+17
2.499004857e+17
3.702417707e+17
5.469163683e+17
7.856777016e+17
1.065184057e+18
1.350813346e+18
1.572733213e+18
1.678376952e+18
1.629112653e+18
1.119757216e+18
1.04795837e+17
2.216461899e+14
2.276099662e-130
7.948886447e-132
7.789437416e-132
7.632209849e-132
7.475859504e-132
7.320592201e-132
7.166438447e-132
7.013631032e-132
6.862835429e-132
6.718462364e-132
6.576540754e-132
6.407196804e-132
6.27939175e-132
6.144701584e-132
5.997566851e-132
5.852165055e-132
5.713763435e-132
5.584783381e-132
5.449590967e-132
5.320751198e-132
5.185087423e-132
5.059538432e-132
4.933941906e-132
4.807429912e-132
4.679384187e-132
4.562370052e-132
4.443877869e-132
4.326174846e-132
3.634591366e+18
3.587159064e+18
3.584861753e+18
3.57630966e+18
3.561597624e+18
3.542814197e+18
3.509677215e+18
3.479820195e+18
3.438320838e+18
3.394902785e+18
3.339502605e+18
3.275776556e+18
3.219123256e+18
3.154579947e+18
3.083966916e+18
3.008060859e+18
2.930869543e+18
2.850193005e+18
2.766268809e+18
2.679824517e+18
2.586168775e+18
2.489029568e+18
2.38475515e+18
2.269929115e+18
2.158231101e+18
2.023176138e+18
1.878440857e+18
1.72357396e+18
1.567642312e+18
1.398565262e+18
1.225653715e+18
1.053167488e+18
8.894341063e+17
7.400827477e+17
6.069497526e+17
4.91918565e+17
3.953349032e+17
3.162135338e+17
2.526659103e+17
2.031636894e+17
1.65081638e+17
1.360581253e+17
1.140559651e+17
9.741655869e+16
8.487562308e+16
7.551095763e+16
6.85615862e+16
6.359448728e+16
6.027520714e+16
5.834209535e+16
5.789509003e+16
5.924332256e+16
6.287108543e+16
6.923958776e+16
7.994072276e+16
9.733282858e+16
1.254028652e+17
1.708981695e+17
2.427948697e+17
3.519999649e+17
5.202191737e+17
7.500078009e+17
1.028527494e+18
1.31350625e+18
1.540767781e+18
1.641424444e+18
1.602016144e+18
1.114328513e+18
1.068253133e+17
2.405364403e+14
5.675824114e-130
7.961129143e-132
7.800810045e-132
7.642933389e-132
7.486300387e-132
7.330780271e-132
7.176415122e-132
7.02415521e-132
6.875190134e-132
6.729029088e-132
6.573743834e-132
6.422014076e-132
6.290878218e-132
6.153142387e-132
5.997982321e-132
5.864672962e-132
5.723240573e-132
5.591152099e-132
5.458403832e-132
5.330292258e-132
5.18565242e-132
5.066928868e-132
4.941212407e-132
4.814911765e-132
4.685151319e-132
4.572127114e-132
4.451790869e-132
4.334388441e-132
3.599686496e+18
3.548325541e+18
3.54581611e+18
3.537039873e+18
3.520545752e+18
3.49911829e+18
3.471898192e+18
3.439597799e+18
3.397192361e+18
3.353315884e+18
3.299239873e+18
3.23714374e+18
3.175937429e+18
3.109320537e+18
3.040584575e+18
2.957269008e+18
2.888785066e+18
2.80658619e+18
2.725183814e+18
2.639711634e+18
2.545821392e+18
2.448188881e+18
2.344941501e+18
2.224458629e+18
2.12122788e+18
1.988238665e+18
1.845524037e+18
1.691552354e+18
1.536224023e+18
1.370475771e+18
1.200694036e+18
1.031839185e+18
8.712265468e+17
7.249771153e+17
5.944799003e+17
4.816271575e+17
3.867099588e+17
3.087355967e+17
2.466872613e+17
1.983008365e+17
1.610780228e+17
1.327177788e+17
1.112236135e+17
9.497147359e+16
8.271870175e+16
7.353716621e+16
6.668311599e+16
6.156652563e+16
5.862286027e+16
5.704506103e+16
5.66300913e+16
5.747165478e+16
6.101876169e+16
6.713885714e+16
7.738911404e+16
9.409833765e+16
1.211074102e+17
1.64900793e+17
2.354868469e+17
3.436975106e+17
5.079841392e+17
7.330803018e+17
1.005892071e+18
1.283885247e+18
1.505150103e+18
1.61249077e+18
1.580022263e+18
1.105045542e+18
1.073678946e+17
2.525225759e+14
1.734692531e-129
7.97474458e-132
7.811015387e-132
7.652983477e-132
7.495820388e-132
7.340200857e-132
7.185343131e-132
7.031925017e-132
6.881239515e-132
6.733380572e-132
6.585050151e-132
6.438957997e-132
6.298227972e-132
6.157094792e-132
6.003762737e-132
5.870913734e-132
5.734699674e-132
5.600168466e-132
5.466488028e-132
5.32820626e-132
5.199263659e-132
5.073939516e-132
4.946190683e-132
4.820079968e-132
4.696399794e-132
4.578789163e-132
4.459338873e-132
4.340609638e-132
3.561784066e+18
3.508994031e+18
3.501457587e+18
3.491373548e+18
3.480690461e+18
3.459081042e+18
3.426508813e+18
3.393256633e+18
3.353198751e+18
3.304802366e+18
3.253019374e+18
3.191446428e+18
3.126931079e+18
3.054373034e+18
2.992613917e+18
2.91434133e+18
2.841740689e+18
2.752521191e+18
2.6797736e+18
2.595090396e+18
2.502617216e+18
2.405703743e+18
2.303692175e+18
2.188512695e+18
2.082686065e+18
1.951275293e+18
1.810253515e+18
1.658648115e+18
1.510325073e+18
1.346617724e+18
1.17440269e+18
1.008825133e+18
8.520627828e+17
7.088272691e+17
5.810690777e+17
4.703576868e+17
3.770023092e+17
3.007893359e+17
2.402986518e+17
1.931161543e+17
1.568306529e+17
1.291931844e+17
1.082514925e+17
9.242043528e+16
8.048216702e+16
7.152455692e+16
6.486259947e+16
6.014820376e+16
5.705376165e+16
5.530562756e+16
5.467311897e+16
5.602197513e+16
5.907546254e+16
6.495654991e+16
7.484349313e+16
9.086819092e+16
1.167737133e+17
1.586851081e+17
2.260822188e+17
3.322172829e+17
4.901917787e+17
7.08757415e+17
9.762220786e+17
1.252500289e+18
1.472883994e+18
1.580134205e+18
1.553706144e+18
1.094046984e+18
1.066418744e+17
2.607527598e+14
5.043401949e-129
7.991179007e-132
7.820504218e-132
7.662209262e-132
7.505077895e-132
7.348568092e-132
7.193575624e-132
7.04017749e-132
6.88942158e-132
6.742023014e-132
6.597321194e-132
6.453174137e-132
6.306709292e-132
6.155531389e-132
6.0161251e-132
5.878618549e-132
5.743085821e-132
5.60608337e-132
5.470282574e-132
5.334497884e-132
5.208896597e-132
5.081915025e-132
4.955418517e-132
4.826460939e-132
4.702585387e-132
4.586390996e-132
4.462553029e-132
4.347192876e-132
3.520196285e+18
3.462447114e+18
3.456587207e+18
3.447670958e+18
3.431550254e+18
3.408556157e+18
3.374198912e+18
3.339982518e+18
3.302019795e+18
3.249389932e+18
3.200548315e+18
3.140289655e+18
3.077349108e+18
3.006043164e+18
2.935332301e+18
2.863275274e+18
2.783305021e+18
2.706062217e+18
2.631249563e+18
2.543575871e+18
2.452576918e+18
2.357018678e+18
2.256811749e+18
2.14831836e+18
2.041702063e+18
1.911638946e+18
1.772489851e+18
1.623695574e+18
1.480751426e+18
1.317836354e+18
1.149568419e+18
9.856587881e+17
8.313491727e+17
6.914671967e+17
5.665027672e+17
4.578356835e+17
3.664484076e+17
2.923460884e+17
2.334916006e+17
1.876016365e+17
1.523235835e+17
1.254603521e+17
1.051080837e+17
8.972661994e+16
7.812146502e+16
6.941039502e+16
6.293790677e+16
5.831018547e+16
5.498917223e+16
5.357815766e+16
5.328035634e+16
5.397288121e+16
5.693862214e+16
6.263438816e+16
7.220238477e+16
8.764302159e+16
1.125238569e+17
1.526732319e+17
2.170820421e+17
3.17052894e+17
4.666332332e+17
6.774174349e+17
9.340691349e+17
1.203304585e+18
1.423894643e+18
1.531970308e+18
1.517141313e+18
1.073456993e+18
1.050862063e+17
2.638952488e+14
1.510274163e-128
8.018348873e-132
7.829252113e-132
7.670747685e-132
7.513366368e-132
7.357333851e-132
7.203042394e-132
7.050905424e-132
6.901099772e-132
6.752356949e-132
6.604440645e-132
6.466790623e-132
6.30480729e-132
6.164011384e-132
6.022303695e-132
5.885129302e-132
5.751303806e-132
5.616462483e-132
5.474807627e-132
5.340143551e-132
5.217280783e-132
5.089861655e-132
4.963034834e-132
4.836174952e-132
4.717742677e-132
4.585831953e-132
4.463066526e-132
4.350224936e-132
3.474206084e+18
3.408587154e+18
3.403476853e+18
3.393342393e+18
3.375407425e+18
3.352211846e+18
3.320884976e+18
3.286996274e+18
3.244418503e+18
3.191420012e+18
3.139674414e+18
3.079520567e+18
3.019525481e+18
2.948323175e+18
2.880776677e+18
2.805618024e+18
2.731313334e+18
2.652137496e+18
2.576511416e+18
2.47789771e+18
2.389092433e+18
2.295818867e+18
2.198175394e+18
2.102100974e+18
1.997012943e+18
1.868733744e+18
1.731677463e+18
1.586151016e+18
1.44698897e+18
1.281765607e+18
1.118303315e+18
9.591938421e+17
8.090775286e+17
6.727569628e+17
5.505092606e+17
4.439773775e+17
3.553407738e+17
2.833869578e+17
2.262606488e+17
1.817395201e+17
1.475284633e+17
1.214879864e+17
1.017688241e+17
8.687552657e+16
7.564026334e+16
6.721102568e+16
6.095947556e+16
5.647728671e+16
5.353297835e+16
5.19054955e+16
5.158232871e+16
5.262117242e+16
5.541445567e+16
6.032000124e+16
6.976620902e+16
8.452746299e+16
1.083444039e+17
1.468880631e+17
2.08945139e+17
3.077104738e+17
4.556323876e+17
6.625581676e+17
9.154836974e+17
1.181135633e+18
1.398482569e+18
1.507449094e+18
1.492982783e+18
1.059831686e+18
1.027255697e+17
2.607547566e+14
4.153287145e-128
8.078560577e-132
7.837830073e-132
7.679246753e-132
7.522067402e-132
7.366459805e-132
7.212156362e-132
7.05994388e-132
6.90973938e-132
6.76436749e-132
6.611712972e-132
6.468590726e-132
6.316788266e-132
6.171176851e-132
6.025470395e-132
5.899755598e-132
5.752008536e-132
5.623322428e-132
5.487093379e-132
5.347790865e-132
5.227195593e-132
5.097015406e-132
4.967047044e-132
4.843113558e-132
4.727882769e-132
4.582511458e-132
4.474197409e-132
4.35576829e-132
3.424219283e+18
3.357419132e+18
3.349677705e+18
3.331593017e+18
3.311522706e+18
3.286018318e+18
3.257861867e+18
3.224225677e+18
3.176498017e+18
3.132067978e+18
3.072540745e+18
3.01836429e+18
2.952801288e+18
2.889646023e+18
2.816750886e+18
2.747907728e+18
2.669740825e+18
2.589633037e+18
2.515081897e+18
2.426953178e+18
2.33966699e+18
2.247784624e+18
2.152023155e+18
2.052138824e+18
1.950118682e+18
1.823216093e+18
1.687726197e+18
1.545290527e+18
1.408422962e+18
1.244067613e+18
1.085688782e+18
9.311782765e+17
7.8564597e+17
6.530186842e+17
5.3282909e+17
4.294987614e+17
3.436172927e+17
2.739270585e+17
2.186333863e+17
1.755648717e+17
1.424862628e+17
1.173199291e+17
9.827367661e+16
8.389807079e+16
7.305738276e+16
6.493203722e+16
5.891032729e+16
5.458977193e+16
5.17156361e+16
5.012834823e+16
4.977153075e+16
5.075892717e+16
5.317144148e+16
5.854898196e+16
6.707702723e+16
8.138428014e+16
1.044327616e+17
1.414816668e+17
2.011358108e+17
2.963415501e+17
4.405413549e+17
6.395751483e+17
8.871928146e+17
1.148180418e+18
1.364984069e+18
1.473884495e+18
1.462686235e+18
1.037511135e+18
1.001450761e+17
2.528666966e+14
1.111726028e-127
8.247999088e-132
7.846575732e-132
7.688153934e-132
7.530992981e-132
7.375062156e-132
7.220728071e-132
7.068141893e-132
6.917901631e-132
6.77079477e-132
6.625899555e-132
6.463605353e-132
6.323491716e-132
6.184942973e-132
6.0352188e-132
5.908314437e-132
5.760329984e-132
5.634258095e-132
5.493027995e-132
5.352338634e-132
5.232443506e-132
5.102993065e-132
4.974719412e-132
4.850510045e-132
4.721823736e-132
4.602743244e-132
4.474545132e-132
4.359486392e-132
3.368835515e+18
3.293212916e+18
3.283965218e+18
3.275606836e+18
3.255165504e+18
3.228933913e+18
3.193865703e+18
3.152393553e+18
3.114354514e+18
3.062359027e+18
3.009138596e+18
2.946374161e+18
2.884703998e+18
2.822822336e+18
2.752823554e+18
2.680201571e+18
2.6073642e+18
2.529050685e+18
2.440552793e+18
2.367014863e+18
2.280425599e+18
2.190111514e+18
2.097407299e+18
1.988972674e+18
1.898121897e+18
1.773829923e+18
1.640354413e+18
1.502325865e+18
1.367685448e+18
1.210044865e+18
1.053281857e+18
9.00937032e+17
7.609644294e+17
6.314209014e+17
5.142312704e+17
4.143831297e+17
3.313302217e+17
2.640008695e+17
2.106275509e+17
1.690847058e+17
1.371976068e+17
1.129534567e+17
9.462053705e+16
8.079621184e+16
7.037523234e+16
6.256524584e+16
5.67774138e+16
5.262404746e+16
4.98254611e+16
4.830001717e+16
4.794093885e+16
4.884007233e+16
5.151072774e+16
5.601973031e+16
6.417675559e+16
7.800932006e+16
1.001343408e+17
1.3585733e+17
1.937834304e+17
2.854441314e+17
4.243724158e+17
6.169539433e+17
8.502336187e+17
1.115369167e+18
1.329235148e+18
1.439630807e+18
1.426100651e+18
1.004521816e+18
9.471800957e+16
2.388244195e+14
2.988913933e-127
8.715446385e-132
7.855292258e-132
7.696518065e-132
7.539230393e-132
7.383125357e-132
7.228341715e-132
7.075759323e-132
6.924916892e-132
6.77708454e-132
6.63314554e-132
6.471880899e-132
6.331796432e-132
6.18405723e-132
6.049869556e-132
5.912871504e-132
5.779552024e-132
5.647285055e-132
5.488792714e-132
5.372431925e-132
5.237883284e-132
5.108851961e-132
4.968489087e-132
4.853633915e-132
4.731636509e-132
4.605164207e-132
4.482839009e-132
4.3608964e-132
3.308272529e+18
3.231261889e+18
3.219534279e+18
3.200490457e+18
3.177774804e+18
3.150363237e+18
3.115530033e+18
3.080058558e+18
3.03501681e+18
2.981643763e+18
2.930574607e+18
2.871417787e+18
2.812225261e+18
2.746878314e+18
2.679736065e+18
2.603366088e+18
2.532750695e+18
2.457225237e+18
2.376631397e+18
2.299156873e+18
2.2146188e+18
2.133386817e+18
2.036312751e+18
1.938440246e+18
1.844357674e+18
1.721562567e+18
1.589595101e+18
1.45780676e+18
1.323774383e+18
1.166990668e+18
1.016182285e+18
8.70106019e+17
7.345842526e+17
6.075588415e+17
4.947054525e+17
3.984212249e+17
3.184002188e+17
2.535970634e+17
2.022708457e+17
1.623491709e+17
1.317261718e+17
1.084607206e+17
9.088058862e+16
7.762785457e+16
6.764316536e+16
6.016196228e+16
5.461807907e+16
5.063861439e+16
4.793682518e+16
4.649680635e+16
4.618864144e+16
4.704705005e+16
4.968944914e+16
5.443298373e+16
6.235739636e+16
7.466720412e+16
9.550457676e+16
1.295184142e+17
1.858812929e+17
2.720325739e+17
4.087497237e+17
5.969363259e+17
8.29424501e+17
1.084088258e+18
1.289759855e+18
1.404108623e+18
1.392382802e+18
9.755322242e+17
9.121914588e+16
2.208691932e+14
8.130595061e-127
9.992121505e-132
7.863420473e-132
7.70455779e-132
7.547107437e-132
7.391085452e-132
7.236865321e-132
7.084243195e-132
6.934757846e-132
6.789378997e-132
6.627900689e-132
6.493937027e-132
6.325608829e-132
6.195649173e-132
6.058475532e-132
5.918998139e-132
5.781351671e-132
5.64683046e-132
5.505568695e-132
5.376023321e-132
5.243133351e-132
5.112865158e-132
4.985108423e-132
4.860011266e-132
4.734182101e-132
4.610507049e-132
4.490748259e-132
4.368428461e-132
3.240111307e+18
3.150292111e+18
3.135967137e+18
3.114623295e+18
3.091326283e+18
3.062907381e+18
3.041122989e+18
2.991851824e+18
2.944621199e+18
2.899672271e+18
2.84157524e+18
2.785708175e+18
2.72730589e+18
2.657620108e+18
2.597043654e+18
2.530532529e+18
2.451474867e+18
2.37844067e+18
2.300948487e+18
2.232345131e+18
2.150468714e+18
2.067749564e+18
1.976531142e+18
1.879136092e+18
1.78561814e+18
1.665257964e+18
1.536157754e+18
1.411205688e+18
1.277427733e+18
1.129443427e+18
9.815382716e+17
8.376187474e+17
7.061466055e+17
5.831046759e+17
4.745767228e+17
3.819100226e+17
3.049993003e+17
2.427983488e+17
1.935896719e+17
1.553496388e+17
1.260369318e+17
1.037783506e+17
8.697604078e+16
7.432243346e+16
6.479479824e+16
5.765663748e+16
5.236740667e+16
4.856721338e+16
4.597748971e+16
4.461619493e+16
4.432433037e+16
4.509744899e+16
4.730026038e+16
5.223839493e+16
5.992713603e+16
7.243666753e+16
9.281121837e+16
1.258785983e+17
1.775466761e+17
2.643464465e+17
3.949308096e+17
5.775406573e+17
8.035202647e+17
1.044992949e+18
1.258276506e+18
1.364076586e+18
1.348399652e+18
9.370345374e+17
8.56017096e+16
1.970534638e+14
2.210493431e-126
1.346364131e-131
7.871574203e-132
7.712480072e-132
7.554775543e-132
7.398676394e-132
7.244236945e-132
7.091529621e-132
6.940376011e-132
6.789652785e-132
6.63833237e-132
6.495185734e-132
6.343873291e-132
6.205336621e-132
6.066967277e-132
5.926128019e-132
5.793371584e-132
5.64190343e-132
5.515264632e-132
5.380902975e-132
5.248610351e-132
5.118362107e-132
4.997915754e-132
4.870778786e-132
4.739186215e-132
4.612682114e-132
4.496429974e-132
4.369747455e-132
3.165166142e+18
3.07492161e+18
3.057593105e+18
3.034951894e+18
3.009516497e+18
2.978554382e+18
2.942866523e+18
2.90334075e+18
2.856494981e+18
2.801608895e+18
2.75200662e+18
2.694082391e+18
2.630584479e+18
2.569753146e+18
2.500967232e+18
2.444132969e+18
2.372759469e+18
2.300727058e+18
2.231165137e+18
2.155512673e+18
2.075606721e+18
1.994311361e+18
1.908464457e+18
1.814272798e+18
1.720733519e+18
1.60498532e+18
1.478882274e+18
1.36069345e+18
1.222271214e+18
1.081603147e+18
9.405429319e+17
8.032335452e+17
6.759623246e+17
5.570622151e+17
4.531055814e+17
3.644233184e+17
2.90916278e+17
2.315382615e+17
1.846104516e+17
1.481749751e+17
1.202711304e+17
9.91108735e+16
8.31298526e+16
7.108841813e+16
6.201995837e+16
5.521405295e+16
5.017224154e+16
4.654761856e+16
4.407276457e+16
4.278542361e+16
4.250706727e+16
4.323428688e+16
4.561135355e+16
4.947491713e+16
5.668656752e+16
6.916105025e+16
8.868615942e+16
1.200919373e+17
1.716192503e+17
2.528664248e+17
3.765262709e+17
5.53139078e+17
7.802909569e+17
1.019938435e+18
1.220078419e+18
1.320705073e+18
1.302051093e+18
8.94835043e+17
7.847770636e+16
1.682528948e+14
5.920844623e-126
2.263719492e-131
7.879670514e-132
7.720344071e-132
7.562535686e-132
7.406168928e-132
7.251554865e-132
7.09875373e-132
6.947712726e-132
6.797997376e-132
6.646547209e-132
6.502975567e-132
6.356041942e-132
6.209907613e-132
6.070723888e-132
5.929636383e-132
5.791620229e-132
5.654155747e-132
5.522730763e-132
5.387594554e-132
5.261439714e-132
5.116688578e-132
5.001234606e-132
4.874668641e-132
4.744343395e-132
4.620276678e-132
4.499659798e-132
4.380790406e-132
3.079073219e+18
2.96888037e+18
2.948667592e+18
2.923048069e+18
2.895363364e+18
2.863610504e+18
2.825391546e+18
2.787961725e+18
2.743211615e+18
2.707563036e+18
2.642248697e+18
2.588108955e+18
2.536159074e+18
2.469802905e+18
2.410070595e+18
2.351217696e+18
2.282276668e+18
2.214798064e+18
2.149381054e+18
2.069415899e+18
1.993660727e+18
1.914439677e+18
1.833267864e+18
1.74728457e+18
1.648510537e+18
1.538931671e+18
1.419103294e+18
1.305832694e+18
1.166354118e+18
1.032676997e+18
8.983411826e+17
7.68055216e+17
6.448560634e+17
5.31027828e+17
4.314861439e+17
3.466758952e+17
2.765164665e+17
2.199522864e+17
1.753225165e+17
1.407153845e+17
1.142279912e+17
9.411376411e+16
7.897760761e+16
6.758138799e+16
5.899908692e+16
5.255802701e+16
4.779847233e+16
4.437884082e+16
4.204671704e+16
4.087757772e+16
4.065166831e+16
4.141192703e+16
4.36736837e+16
4.793476657e+16
5.500862217e+16
6.604041833e+16
8.484486473e+16
1.151559502e+17
1.649797175e+17
2.465232471e+17
3.683774227e+17
5.424840156e+17
7.58258579e+17
9.910250874e+17
1.193464207e+18
1.283595375e+18
1.25285723e+18
8.441274247e+17
7.050161734e+16
1.357396103e+14
1.552671869e-125
4.584175148e-131
7.887719639e-132
7.728144049e-132
7.570139965e-132
7.413707234e-132
7.258936949e-132
7.105810288e-132
6.954226368e-132
6.804138947e-132
6.655596461e-132
6.511027657e-132
6.366571847e-132
6.219543997e-132
6.072671875e-132
5.939001575e-132
5.797489972e-132
5.655926694e-132
5.522829575e-132
5.391815808e-132
5.263547339e-132
5.131284279e-132
5.004458789e-132
4.878522248e-132
4.750711451e-132
4.62730335e-132
4.5052694e-132
4.381377937e-132
2.983637545e+18
2.876309484e+18
2.85319136e+18
2.825785244e+18
2.796952404e+18
2.763816955e+18
2.726055046e+18
2.687835058e+18
2.634631571e+18
2.581360404e+18
2.531661513e+18
2.478202547e+18
2.423062464e+18
2.368920288e+18
2.305049892e+18
2.247710126e+18
2.183378603e+18
2.11898027e+18
2.059115264e+18
1.984715071e+18
1.915508958e+18
1.84053361e+18
1.748373758e+18
1.675764964e+18
1.573829246e+18
1.46414702e+18
1.358107537e+18
1.249538964e+18
1.120923161e+18
9.915633193e+17
8.526836928e+17
7.31376146e+17
6.111969916e+17
5.025147463e+17
4.080440768e+17
3.276934711e+17
2.61318945e+17
2.078704778e+17
1.65741843e+17
1.331060943e+17
1.081647687e+17
8.936895407e+16
7.508824045e+16
6.432229555e+16
5.622113421e+16
5.013410013e+16
4.562853393e+16
4.238871228e+16
4.0179184e+16
3.908764466e+16
3.888697662e+16
3.96534897e+16
4.174984155e+16
4.59377297e+16
5.277797706e+16
6.391714409e+16
8.22655656e+16
1.119084588e+17
1.603047269e+17
2.357040609e+17
3.533806569e+17
5.250802614e+17
7.404192371e+17
9.697448354e+17
1.15169134e+18
1.238957754e+18
1.204876652e+18
7.99331795e+17
6.215816053e+16
1.015178171e+14
3.986950184e-125
1.018031428e-130
7.895779745e-132
7.735900229e-132
7.577672094e-132
7.421253036e-132
7.266441455e-132
7.11322512e-132
6.96167229e-132
6.811246469e-132
6.661901083e-132
6.516714563e-132
6.371367246e-132
6.229178656e-132
6.084246822e-132
5.938973859e-132
5.800951797e-132
5.664683969e-132
5.526859499e-132
5.398126396e-132
5.269734237e-132
5.142904881e-132
5.003852798e-132
4.881124603e-132
4.756488053e-132
4.632945714e-132
4.509720393e-132
4.388218073e-132
2.873320626e+18
2.74774773e+18
2.72055836e+18
2.690729602e+18
2.660577564e+18
2.624710379e+18
2.587761952e+18
2.547162381e+18
2.487048469e+18
2.439234775e+18
2.396056997e+18
2.348777181e+18
2.293083191e+18
2.250530207e+18
2.186940752e+18
2.129421823e+18
2.070858503e+18
2.013410461e+18
1.963170177e+18
1.889810996e+18
1.828928556e+18
1.759714166e+18
1.674172178e+18
1.592187553e+18
1.485907381e+18
1.382226135e+18
1.286264771e+18
1.189302678e+18
1.068031081e+18
9.42784216e+17
8.117806205e+17
6.913788604e+17
5.692565034e+17
4.672518461e+17
3.78584435e+17
3.035247031e+17
2.417590301e+17
1.921860789e+17
1.532244109e+17
1.231306581e+17
1.002469331e+17
8.364285407e+16
7.041589335e+16
6.038068158e+16
5.284277537e+16
4.719135656e+16
4.302810475e+16
4.003514259e+16
3.802320534e+16
3.708237554e+16
3.696214507e+16
3.778578502e+16
3.971040132e+16
4.373537533e+16
4.968525451e+16
6.056306459e+16
7.840597145e+16
1.073897665e+17
1.548988838e+17
2.312404501e+17
3.479286158e+17
5.049191537e+17
7.141015113e+17
9.474141538e+17
1.113478003e+18
1.186271601e+18
1.131338071e+18
7.156148924e+17
5.309455484e+16
6.623713672e+13
9.678522651e-125
2.061794429e-130
7.903808522e-132
7.743415361e-132
7.585051895e-132
7.428138338e-132
7.273120153e-132
7.120051177e-132
6.968422032e-132
6.817923826e-132
6.668519387e-132
6.521206219e-132
6.376723916e-132
6.234780682e-132
6.093542857e-132
5.95904239e-132
5.789115488e-132
5.670406611e-132
5.536491427e-132
5.406156335e-132
5.276069642e-132
5.145596295e-132
5.01581284e-132
4.901206767e-132
4.743047886e-132
4.638027381e-132
4.519486955e-132
4.38876309e-132
2.702259597e+18
2.55184877e+18
2.520710064e+18
2.489971254e+18
2.460858736e+18
2.433016103e+18
2.40172804e+18
2.37086669e+18
2.344465965e+18
2.301003686e+18
2.265640064e+18
2.225375901e+18
2.179547402e+18
2.123377195e+18
2.079494552e+18
2.021597461e+18
1.968555258e+18
1.914518212e+18
1.854901509e+18
1.798386294e+18
1.731756426e+18
1.671825156e+18
1.596376458e+18
1.516535929e+18
1.422623748e+18
1.323139542e+18
1.232195622e+18
1.128851899e+18
1.016663557e+18
8.957148877e+17
7.735642115e+17
6.565131186e+17
5.435917561e+17
4.46771571e+17
3.622812959e+17
2.906712789e+17
2.31685991e+17
1.843015481e+17
1.470230589e+17
1.181844339e+17
9.613855305e+16
7.87652544e+16
6.684001952e+16
5.737052986e+16
5.023593248e+16
4.486474961e+16
4.089866357e+16
3.804115039e+16
3.611285841e+16
3.517424248e+16
3.502578872e+16
3.576745056e+16
3.75626391e+16
4.125417139e+16
4.746838724e+16
5.717593797e+16
7.280957933e+16
9.93196888e+16
1.42712289e+17
2.166706768e+17
3.264172219e+17
4.824035364e+17
6.849771501e+17
9.024379074e+17
1.067745873e+18
1.152631533e+18
1.1061159e+18
7.298016675e+17
5.882505208e+16
7.970872054e+13
3.363438228e-124
2.249443241e-130
7.924727808e-132
7.764253251e-132
7.605612318e-132
7.448574876e-132
7.293212614e-132
7.139425265e-132
6.987135987e-132
6.836566539e-132
6.686949027e-132
6.541663827e-132
6.397827207e-132
6.251688904e-132
6.105461481e-132
5.966651027e-132
5.827104149e-132
5.686876777e-132
5.554732914e-132
5.422986979e-132
5.292707332e-132
5.165668521e-132
5.042066863e-132
4.894257118e-132
4.772381726e-132
4.657136744e-132
4.534981121e-132
4.393295135e-132
2.503881626e+18
2.355698122e+18
2.338806924e+18
2.321224678e+18
2.302281649e+18
2.282021636e+18
2.258062994e+18
2.234428448e+18
2.210405876e+18
2.173697946e+18
2.142588119e+18
2.106444085e+18
2.065003374e+18
2.014447731e+18
1.97621216e+18
1.922214654e+18
1.87655552e+18
1.82683989e+18
1.767268321e+18
1.71849323e+18
1.651953837e+18
1.594676657e+18
1.524479275e+18
1.447519779e+18
1.36471015e+18
1.269547407e+18
1.176807863e+18
1.067544383e+18
9.685751096e+17
8.515170643e+17
7.38715402e+17
6.250345462e+17
5.197334849e+17
4.272650492e+17
3.463458681e+17
2.778169028e+17
2.214051517e+17
1.761014385e+17
1.404624589e+17
1.128872108e+17
9.171265192e+16
7.544899016e+16
6.295215314e+16
5.456379571e+16
4.775858594e+16
4.264456111e+16
3.885741056e+16
3.612296447e+16
3.426756166e+16
3.333520847e+16
3.315347196e+16
3.381033448e+16
3.546159616e+16
3.878775261e+16
4.433061836e+16
5.31732876e+16
6.817699652e+16
9.330425099e+16
1.347699608e+17
2.012801025e+17
3.041943312e+17
4.554502708e+17
6.47132614e+17
8.510971381e+17
1.016387962e+18
1.100589789e+18
1.086209639e+18
7.587234405e+17
6.49511786e+16
1.202724345e+14
1.327182968e-123
2.172381968e-129
7.949139842e-132
7.786687875e-132
7.627731912e-132
7.470150266e-132
7.314245006e-132
7.159926295e-132
7.007530383e-132
6.857207198e-132
6.709695488e-132
6.566219084e-132
6.424584318e-132
6.260707442e-132
6.131426566e-132
5.987705599e-132
5.852434843e-132
5.698124408e-132
5.575723255e-132
5.435645163e-132
5.31070108e-132
5.182712967e-132
5.056363101e-132
4.913275291e-132
4.797702086e-132
4.66681566e-132
4.543221161e-132
4.415603262e-132
2.311676663e+18
2.203378034e+18
2.195365615e+18
2.183733433e+18
2.170477121e+18
2.154055151e+18
2.135372944e+18
2.101279226e+18
2.080953161e+18
2.065783381e+18
2.02328336e+18
1.995569272e+18
1.960755928e+18
1.91862661e+18
1.880642902e+18
1.835786235e+18
1.789950093e+18
1.741563517e+18
1.678740293e+18
1.636324067e+18
1.580096538e+18
1.521216133e+18
1.455460693e+18
1.385509895e+18
1.307764874e+18
1.218208676e+18
1.127513342e+18
1.024403063e+18
9.154002247e+17
8.052716668e+17
7.043864645e+17
5.965299576e+17
4.96904317e+17
4.082192725e+17
3.306608964e+17
2.650829309e+17
2.111771618e+17
1.678918907e+17
1.338319769e+17
1.074776948e+17
8.726610453e+16
7.1918787e+16
6.021844118e+16
5.169472341e+16
4.532098395e+16
4.045878567e+16
3.685146292e+16
3.424242035e+16
3.246193979e+16
3.154281584e+16
3.132767062e+16
3.190188826e+16
3.340917075e+16
3.6275665e+16
4.106611378e+16
4.987795654e+16
6.331842856e+16
8.595058674e+16
1.253107848e+17
1.860101368e+17
2.822044211e+17
4.235688944e+17
6.042417476e+17
8.005895551e+17
9.721784536e+17
1.072548584e+18
1.069774834e+18
7.651726046e+17
7.015120975e+16
1.839493516e+14
4.327412946e-123
4.553729623e-129
7.984703621e-132
7.810556842e-132
7.651770914e-132
7.494032456e-132
7.337574781e-132
7.182647639e-132
7.029604858e-132
6.879823292e-132
6.732597626e-132
6.586371313e-132
6.436540071e-132
6.292081911e-132
6.153183725e-132
6.012054816e-132
5.873673787e-132
5.714321191e-132
5.588765052e-132
5.462459082e-132
5.338890306e-132
5.198040913e-132
5.070111837e-132
4.940193279e-132
4.810302204e-132
4.678618787e-132
4.559927597e-132
4.43665303e-132
2.132708215e+18
2.044023947e+18
2.041235814e+18
2.035315653e+18
2.028134869e+18
2.01879879e+18
2.003444288e+18
1.985695316e+18
1.975158416e+18
1.949176824e+18
1.923092947e+18
1.881967151e+18
1.853766941e+18
1.821750417e+18
1.781700463e+18
1.745878706e+18
1.701302159e+18
1.654579394e+18
1.606153978e+18
1.558452805e+18
1.506959952e+18
1.454861415e+18
1.389517745e+18
1.323966738e+18
1.248930954e+18
1.167594259e+18
1.077915708e+18
9.794232451e+17
8.772023986e+17
7.722673069e+17
6.706774073e+17
5.690495911e+17
4.74688487e+17
3.895298389e+17
3.151894368e+17
2.524944788e+17
2.011087296e+17
1.597768193e+17
1.27222436e+17
1.020388627e+17
8.287402501e+16
6.830836936e+16
5.729433207e+16
4.861235806e+16
4.29087045e+16
3.829565989e+16
3.486397943e+16
3.237692259e+16
3.067146698e+16
2.976770961e+16
2.953290597e+16
3.003823262e+16
3.14468867e+16
3.40445391e+16
3.892476646e+16
4.619576558e+16
5.909897628e+16
8.077174361e+16
1.154417997e+17
1.718089608e+17
2.61396764e+17
3.935451609e+17
5.647373628e+17
7.521975875e+17
9.245749577e+17
1.034871989e+18
1.052134021e+18
7.800788261e+17
7.66946615e+16
2.548237141e+14
1.24864091e-122
1.484364787e-128
8.032538096e-132
7.836459223e-132
7.677059029e-132
7.519145869e-132
7.362572618e-132
7.20731186e-132
7.0558131e-132
6.904822338e-132
6.754865723e-132
6.604990764e-132
6.457344499e-132
6.317362487e-132
6.175022162e-132
6.034293914e-132
5.889564015e-132
5.75564882e-132
5.605819229e-132
5.480924109e-132
5.352459538e-132
5.220418009e-132
5.099628952e-132
4.96476507e-132
4.836735677e-132
4.68101305e-132
4.576868112e-132
4.462497813e-132
1.968832715e+18
1.893420551e+18
1.894910785e+18
1.895111173e+18
1.892599239e+18
1.887351769e+18
1.87856225e+18
1.869438175e+18
1.864037758e+18
1.840841407e+18
1.819285313e+18
1.788160913e+18
1.752218018e+18
1.731494079e+18
1.688208033e+18
1.662760442e+18
1.616113216e+18
1.572706038e+18
1.53263524e+18
1.489249747e+18
1.435415672e+18
1.386012631e+18
1.324469732e+18
1.263893974e+18
1.19343616e+18
1.117068056e+18
1.031130945e+18
9.375238296e+17
8.393573397e+17
7.387247305e+17
6.34896571e+17
5.422412621e+17
4.531986925e+17
3.713628083e+17
2.998825018e+17
2.400241153e+17
1.91291856e+17
1.518282612e+17
1.209370032e+17
9.695182152e+16
7.865897643e+16
6.485204929e+16
5.440785004e+16
4.640772963e+16
4.056405406e+16
3.623228735e+16
3.296086853e+16
3.058372832e+16
2.894169887e+16
2.804927943e+16
2.778637565e+16
2.820907459e+16
2.946412415e+16
3.175534146e+16
3.578557345e+16
4.320947599e+16
5.44141921e+16
7.440800884e+16
1.057902703e+17
1.576490066e+17
2.404850428e+17
3.635861147e+17
5.254879271e+17
7.07918918e+17
8.878294036e+17
9.845692551e+17
1.026850716e+18
7.758579577e+17
8.064726576e+16
3.194995962e+14
4.282292088e-122
4.13067932e-128
8.105835338e-132
7.863362307e-132
7.703814636e-132
7.545872609e-132
7.390126481e-132
7.236644652e-132
7.083277975e-132
6.932797286e-132
6.789897233e-132
6.625353106e-132
6.471982514e-132
6.342111764e-132
6.198490226e-132
6.055332368e-132
5.911931545e-132
5.769228899e-132
5.635348287e-132
5.504069402e-132
5.372697475e-132
5.240460582e-132
5.110980195e-132
4.983987841e-132
4.858290562e-132
4.725301987e-132
4.591264001e-132
4.487777911e-132
1.82015098e+18
1.771164139e+18
1.776091363e+18
1.785046703e+18
1.78786199e+18
1.788057992e+18
1.782460515e+18
1.773596333e+18
1.754344079e+18
1.729523294e+18
1.717392918e+18
1.692725915e+18
1.669677108e+18
1.645195141e+18
1.605977117e+18
1.576226521e+18
1.533791328e+18
1.499948669e+18
1.463199117e+18
1.421839306e+18
1.372348932e+18
1.321284723e+18
1.268071506e+18
1.20693908e+18
1.140436897e+18
1.067596073e+18
9.85244836e+17
8.959338984e+17
8.029050072e+17
7.065725477e+17
6.09465274e+17
5.147120357e+17
4.320451326e+17
3.532339506e+17
2.83602194e+17
2.271351523e+17
1.816400759e+17
1.438158502e+17
1.148200198e+17
9.209974362e+16
7.467300396e+16
6.152511863e+16
5.160793153e+16
4.402045687e+16
3.805536679e+16
3.422058355e+16
3.112532781e+16
2.886232866e+16
2.727948411e+16
2.640065163e+16
2.611346001e+16
2.646562114e+16
2.759455684e+16
2.977160756e+16
3.383474995e+16
3.98068691e+16
5.042055537e+16
6.82699663e+16
9.703902134e+16
1.444516848e+17
2.205547534e+17
3.346649657e+17
4.873885047e+17
6.641547327e+17
8.411064822e+17
9.480989485e+17
9.996737274e+17
7.715707968e+17
9.20302353e+16
3.980670572e+14
5.857229992e-114
1.142969074e-127
8.30532888e-132
7.890843476e-132
7.732932913e-132
7.575178636e-132
7.418653549e-132
7.263676667e-132
7.11017194e-132
6.957925835e-132
6.806755918e-132
6.656531837e-132
6.509813522e-132
6.364275998e-132
6.223005246e-132
6.083141859e-132
5.930506363e-132
5.79581481e-132
5.658412473e-132
5.527740456e-132
5.393072241e-132
5.259081842e-132
5.132395955e-132
5.001472274e-132
4.875686084e-132
4.748533467e-132
4.625022646e-132
4.508056425e-132
1.684274674e+18
1.649815593e+18
1.658077788e+18
1.66903334e+18
1.672492239e+18
1.678185867e+18
1.67438881e+18
1.669343161e+18
1.647896842e+18
1.642785738e+18
1.617421692e+18
1.599509949e+18
1.581099911e+18
1.558108353e+18
1.525872615e+18
1.494402342e+18
1.464731703e+18
1.430283755e+18
1.390660849e+18
1.352983108e+18
1.309993989e+18
1.260783973e+18
1.211044561e+18
1.150618332e+18
1.088247955e+18
1.01923426e+18
9.411680673e+17
8.563313908e+17
7.666165074e+17
6.756355709e+17
5.840971025e+17
4.936965867e+17
4.108005459e+17
3.349310753e+17
2.717880087e+17
2.169009897e+17
1.726650271e+17
1.362052264e+17
1.088171963e+17
8.749770902e+16
7.095477112e+16
5.840460656e+16
4.896135922e+16
4.176365505e+16
3.621364842e+16
3.235261815e+16
2.938413025e+16
2.720622244e+16
2.568298821e+16
2.481639866e+16
2.45058602e+16
2.478762519e+16
2.578182675e+16
2.779229369e+16
3.13008954e+16
3.700432308e+16
4.622814988e+16
6.109578721e+16
8.824808802e+16
1.314660793e+17
2.010702387e+17
3.064006268e+17
4.49818551e+17
6.193798007e+17
7.913185786e+17
9.0160251e+17
9.610131658e+17
7.54940324e+17
9.805855796e+16
4.930563384e+14
1.52840539e-52
4.200695037e-127
8.931571865e-132
7.923384291e-132
7.762700634e-132
7.604681903e-132
7.447986652e-132
7.293355878e-132
7.14092546e-132
6.989958948e-132
6.837037915e-132
6.681065903e-132
6.530013064e-132
6.392894988e-132
6.248824454e-132
6.109967615e-132
5.963804865e-132
5.819666338e-132
5.680629319e-132
5.551092633e-132
5.416502116e-132
5.286492376e-132
5.157433201e-132
5.023281347e-132
4.898569175e-132
4.771987825e-132
4.650423529e-132
4.529560915e-132
1.560455811e+18
1.548140193e+18
1.5636204e+18
1.557358903e+18
1.570326488e+18
1.572439815e+18
1.572614099e+18
1.568921026e+18
1.564729755e+18
1.553143801e+18
1.537866807e+18
1.520298846e+18
1.499108235e+18
1.469504093e+18
1.443710442e+18
1.418610878e+18
1.392864373e+18
1.359369475e+18
1.319681213e+18
1.28523958e+18
1.245593156e+18
1.198357049e+18
1.153524914e+18
1.097655691e+18
1.038841523e+18
9.72960904e+17
8.98969172e+17
8.181274125e+17
7.330769358e+17
6.453914127e+17
5.583795425e+17
4.721473887e+17
3.932931568e+17
3.211870686e+17
2.596201309e+17
2.074707518e+17
1.634037525e+17
1.302637931e+17
1.029789895e+17
8.294709031e+16
6.735937417e+16
5.540675928e+16
4.63849277e+16
3.957341157e+16
3.431740617e+16
3.048405152e+16
2.76943821e+16
2.56157638e+16
2.415522697e+16
2.330308492e+16
2.297275649e+16
2.319025812e+16
2.406031185e+16
2.585691629e+16
2.886892052e+16
3.388998207e+16
4.260183e+16
5.680483025e+16
8.04619913e+16
1.196719074e+17
1.831376463e+17
2.80145615e+17
4.14451699e+17
5.765091764e+17
7.432771515e+17
8.605298873e+17
9.216709076e+17
7.376234967e+17
1.117037998e+17
6.319144693e+14
2.153517566e-26
7.99825921e-127
9.400030287e-132
7.953665735e-132
7.792992582e-132
7.63483766e-132
7.478495535e-132
7.323500288e-132
7.171176532e-132
7.021549583e-132
6.87247484e-132
6.705253388e-132
6.567293109e-132
6.425102717e-132
6.266659679e-132
6.127804158e-132
5.994122014e-132
5.848492731e-132
5.70945538e-132
5.576907638e-132
5.44461825e-132
5.313969374e-132
5.182074912e-132
5.044523465e-132
4.921196316e-132
4.797533948e-132
4.673453787e-132
4.552499881e-132
1.446393831e+18
1.442028994e+18
1.457631568e+18
1.467501282e+18
1.46602671e+18
1.469884118e+18
1.47139669e+18
1.470618707e+18
1.473485973e+18
1.46249634e+18
1.451867683e+18
1.438078094e+18
1.412521155e+18
1.388381164e+18
1.374831465e+18
1.342676291e+18
1.324554707e+18
1.288925392e+18
1.257996151e+18
1.219220535e+18
1.183692527e+18
1.141395128e+18
1.098026237e+18
1.045778949e+18
9.900259468e+17
9.282554386e+17
8.579557693e+17
7.810798117e+17
6.996343017e+17
6.163603073e+17
5.332250615e+17
4.508965575e+17
3.755825381e+17
3.071797701e+17
2.482009119e+17
1.980034312e+17
1.566173911e+17
1.243569897e+17
9.861971498e+16
7.876184718e+16
6.37930628e+16
5.256411249e+16
4.393824199e+16
3.744751766e+16
3.248059291e+16
2.850848939e+16
2.605942144e+16
2.409691119e+16
2.270256588e+16
2.18646237e+16
2.15154273e+16
2.167093155e+16
2.243263767e+16
2.40064064e+16
2.670642079e+16
3.14522102e+16
3.895002925e+16
5.214772195e+16
7.310733241e+16
1.084891556e+17
1.661093227e+17
2.55075208e+17
3.802533751e+17
5.346156296e+17
6.957888158e+17
8.151202809e+17
8.760325994e+17
7.157269921e+17
1.207028183e+17
8.081764324e+14
1.26454167e-12
2.139672058e-126
1.683261778e-131
7.98858497e-132
7.828388575e-132
7.668756509e-132
7.510917389e-132
7.355338424e-132
7.202232056e-132
7.051132366e-132
6.902538472e-132
6.757729058e-132
6.587135346e-132
6.440545445e-132
6.30729567e-132
6.155721071e-132
6.023123319e-132
5.880319377e-132
5.732961423e-132
5.604302093e-132
5.470474252e-132
5.339035206e-132
5.206911927e-132
5.074106062e-132
4.947523203e-132
4.823106961e-132
4.696890416e-132
4.572889588e-132
1.340824788e+18
1.340988572e+18
1.361563715e+18
1.372326822e+18
1.384275863e+18
1.391955061e+18
1.38867753e+18
1.395671525e+18
1.388851555e+18
1.375463314e+18
1.371368855e+18
1.357085219e+18
1.338066774e+18
1.31933235e+18
1.304551159e+18
1.279708549e+18
1.255582594e+18
1.222202762e+18
1.197502911e+18
1.162880058e+18
1.129315857e+18
1.085982015e+18
1.046594595e+18
9.953524996e+17
9.435553502e+17
8.84994801e+17
8.183011719e+17
7.451597897e+17
6.681736799e+17
5.883400829e+17
5.08975323e+17
4.301652066e+17
3.58140734e+17
2.933339393e+17
2.365993931e+17
1.891898293e+17
1.499152683e+17
1.186382281e+17
9.398092002e+16
7.450074411e+16
6.022562185e+16
4.97603168e+16
4.156875034e+16
3.541449554e+16
3.071052891e+16
2.700801109e+16
2.453560222e+16
2.265972379e+16
2.132166491e+16
2.049717885e+16
2.013247938e+16
2.023440148e+16
2.089056721e+16
2.227938077e+16
2.469842342e+16
2.872975193e+16
3.575861858e+16
4.743715101e+16
6.629903632e+16
9.806486569e+16
1.500852796e+17
2.311984533e+17
3.471804329e+17
4.937245296e+17
6.495271828e+17
7.630956524e+17
8.299962914e+17
6.892847578e+17
1.416522289e+17
1.127784962e+15
0
9.104593753e-126
2.628484033e-131
8.022752518e-132
7.862630438e-132
7.703512199e-132
7.545432565e-132
7.389276102e-132
7.234812101e-132
7.082619298e-132
6.932641923e-132
6.781497127e-132
6.634239064e-132
6.475191195e-132
6.333965781e-132
6.192935145e-132
6.051713078e-132
5.910543863e-132
5.75905366e-132
5.630485956e-132
5.497999234e-132
5.366878065e-132
5.234974619e-132
5.103900044e-132
4.97518392e-132
4.848579935e-132
4.722101958e-132
4.59742855e-132
1.243445138e+18
1.261316297e+18
1.26529846e+18
1.280916271e+18
1.295913471e+18
1.304840193e+18
1.305083554e+18
1.311400342e+18
1.301202926e+18
1.301812976e+18
1.288392358e+18
1.277816968e+18
1.262817076e+18
1.250555223e+18
1.237262081e+18
1.214125058e+18
1.188631569e+18
1.164633215e+18
1.136872332e+18
1.107865253e+18
1.07422057e+18
1.035074766e+18
9.945028646e+17
9.500752088e+17
8.992864362e+17
8.435251684e+17
7.799721691e+17
7.104594352e+17
6.370929001e+17
5.612960207e+17
4.854530169e+17
4.102851635e+17
3.418739251e+17
2.799833719e+17
2.258489748e+17
1.804746434e+17
1.433279783e+17
1.132153388e+17
8.971221682e+16
7.138396069e+16
5.742003668e+16
4.70346198e+16
3.935529645e+16
3.347052789e+16
2.903607871e+16
2.553745708e+16
2.311502692e+16
2.130349635e+16
2.001390237e+16
1.92006536e+16
1.882054428e+16
1.88711133e+16
1.942752856e+16
2.063367005e+16
2.286827815e+16
2.661889192e+16
3.253601393e+16
4.210567389e+16
5.977058899e+16
8.823098603e+16
1.350131234e+17
2.086767583e+17
3.157485861e+17
4.54348257e+17
6.046529464e+17
7.243810089e+17
7.785748818e+17
6.558402779e+17
1.527122944e+17
1.372925436e+15
71.60486267
3.650484015e-125
7.483611838e-131
8.060786989e-132
7.899915331e-132
7.740142981e-132
7.581643261e-132
7.425450231e-132
7.270550217e-132
7.117572206e-132
6.966635321e-132
6.817024194e-132
6.656793757e-132
6.513284965e-132
6.367957148e-132
6.226262884e-132
6.082612164e-132
5.937571173e-132
5.799027034e-132
5.659739348e-132
5.528540672e-132
5.395810423e-132
5.261229602e-132
5.134976492e-132
5.0048816e-132
4.87545116e-132
4.750718667e-132
4.618365398e-132
1.153063867e+18
1.174629453e+18
1.19332191e+18
1.20562516e+18
1.211259019e+18
1.22504469e+18
1.235333418e+18
1.234227738e+18
1.235416423e+18
1.227722635e+18
1.225063072e+18
1.214113277e+18
1.200214809e+18
1.18173402e+18
1.168091498e+18
1.152531156e+18
1.122316735e+18
1.106335487e+18
1.076163595e+18
1.051112842e+18
1.019235246e+18
9.849340246e+17
9.464281765e+17
9.052905139e+17
8.566874009e+17
8.03363742e+17
7.432190858e+17
6.77417652e+17
6.076956392e+17
5.354694062e+17
4.629750896e+17
3.910946589e+17
3.25631312e+17
2.666863982e+17
2.152399501e+17
1.721894057e+17
1.366644642e+17
1.080248104e+17
8.556986162e+16
6.80974595e+16
5.466993158e+16
4.438526618e+16
3.727835177e+16
3.16370247e+16
2.742745736e+16
2.412618327e+16
2.175949967e+16
2.002367295e+16
1.877902284e+16
1.797904905e+16
1.758636049e+16
1.759109543e+16
1.805824402e+16
1.911535329e+16
2.108927345e+16
2.420299352e+16
2.966600475e+16
3.857847621e+16
5.383201404e+16
7.915697457e+16
1.210596641e+17
1.877121643e+17
2.861977181e+17
4.166066838e+17
5.605230321e+17
6.774718605e+17
7.261983455e+17
6.204086496e+17
1.720900914e+17
2.324040838e+15
0
1.257921436e-124
2.38037301e-130
8.102437459e-132
7.93848788e-132
7.778733902e-132
7.620649944e-132
7.463393616e-132
7.307982648e-132
7.15430131e-132
7.003795935e-132
6.859503568e-132
6.68255021e-132
6.551734183e-132
6.404374626e-132
6.254058179e-132
6.108326471e-132
5.968901504e-132
5.832288965e-132
5.697505755e-132
5.550455624e-132
5.426144261e-132
5.295668633e-132
5.165703645e-132
5.037234092e-132
4.904858461e-132
4.786866601e-132
4.634239905e-132
1.068655907e+18
1.094274041e+18
1.113783901e+18
1.128112223e+18
1.140321268e+18
1.141977349e+18
1.157080545e+18
1.152651748e+18
1.16119412e+18
1.154639741e+18
1.153454302e+18
1.14511784e+18
1.133222294e+18
1.122936659e+18
1.102599202e+18
1.089791783e+18
1.069243525e+18
1.052129974e+18
1.024625974e+18
9.966685656e+17
9.705934164e+17
9.344895597e+17
8.978309896e+17
8.597898087e+17
8.155851584e+17
7.648253271e+17
7.079617221e+17
6.457220564e+17
5.795079697e+17
5.107261508e+17
4.411660051e+17
3.726166273e+17
3.103991426e+17
2.542892605e+17
2.052489501e+17
1.640292309e+17
1.303086209e+17
1.030203493e+17
8.155044562e+16
6.498422856e+16
5.216286709e+16
4.241824141e+16
3.527004078e+16
2.992666499e+16
2.58974801e+16
2.278506864e+16
2.044675193e+16
1.87950538e+16
1.760142477e+16
1.681829625e+16
1.641555726e+16
1.637850181e+16
1.676241994e+16
1.76887158e+16
1.942267076e+16
2.244882637e+16
2.698149439e+16
3.470445361e+16
4.837447084e+16
7.097561356e+16
1.083907065e+17
1.685138856e+17
2.586301978e+17
3.799299752e+17
5.1593535e+17
6.284988742e+17
6.737990859e+17
5.847689102e+17
1.944102802e+17
3.329632727e+15
269837816.5
4.101873837e-124
9.443412495e-130
8.144401859e-132
7.978638153e-132
7.818698705e-132
7.659596912e-132
7.50336522e-132
7.348033099e-132
7.194292777e-132
7.041474161e-132
6.888346384e-132
6.730066359e-132
6.584803717e-132
6.437540512e-132
6.293850594e-132
6.151602504e-132
5.992053477e-132
5.865725635e-132
5.727693945e-132
5.590319647e-132
5.459109816e-132
5.32755987e-132
5.194544599e-132
5.062827011e-132
4.935425639e-132
4.80412604e-132
4.675075231e-132
9.895738348e+17
1.012772529e+18
1.037518955e+18
1.049881647e+18
1.067430973e+18
1.079978022e+18
1.08712605e+18
1.088763969e+18
1.093631138e+18
1.093558799e+18
1.08987205e+18
1.081476969e+18
1.072961489e+18
1.063597249e+18
1.04455003e+18
1.02973955e+18
1.015196975e+18
9.962893266e+17
9.727526557e+17
9.485718875e+17
9.206985921e+17
8.869596015e+17
8.560194745e+17
8.177341723e+17
7.761181049e+17
7.282201222e+17
6.743476233e+17
6.154367793e+17
5.525651347e+17
4.871927796e+17
4.203038341e+17
3.572563796e+17
2.981976052e+17
2.442779415e+17
1.970122219e+17
1.565136049e+17
1.24316725e+17
9.824220681e+16
7.780764291e+16
6.184637177e+16
4.96171913e+16
4.033324471e+16
3.32431184e+16
2.828221209e+16
2.443104634e+16
2.150972477e+16
1.919907686e+16
1.763925616e+16
1.649419326e+16
1.572839527e+16
1.531639976e+16
1.52413274e+16
1.554856481e+16
1.63543177e+16
1.783894512e+16
2.032373984e+16
2.454173364e+16
3.163597327e+16
4.347350826e+16
6.320450225e+16
9.65296618e+16
1.506083405e+17
2.327338273e+17
3.446404722e+17
4.716827635e+17
5.774075061e+17
6.231258931e+17
5.515775597e+17
2.181426006e+17
4.882492161e+15
2.980073896e+10
9.833421648e-124
1.71216884e-129
8.19724578e-132
8.020598032e-132
7.860432763e-132
7.702272107e-132
7.544205031e-132
7.388303155e-132
7.233784637e-132
7.080388308e-132
6.927807743e-132
6.77169124e-132
6.62498928e-132
6.48073906e-132
6.322387636e-132
6.169467626e-132
6.039545092e-132
5.902050629e-132
5.762950045e-132
5.626893856e-132
5.49506345e-132
5.363595419e-132
5.230152777e-132
5.085243467e-132
4.962230527e-132
4.835156315e-132
4.706784014e-132
9.158327578e+17
9.43783119e+17
9.630440122e+17
9.888870394e+17
9.954869498e+17
1.011711417e+18
1.012618956e+18
1.022644461e+18
1.021765344e+18
1.027558829e+18
1.022236749e+18
1.014287864e+18
1.011189676e+18
1.003462633e+18
9.85126786e+17
9.695838287e+17
9.60192573e+17
9.404918737e+17
9.217113437e+17
9.003976605e+17
8.720425585e+17
8.448279737e+17
8.152223546e+17
7.797484215e+17
7.388661856e+17
6.929279533e+17
6.423859342e+17
5.866038887e+17
5.269385541e+17
4.645815205e+17
4.009105456e+17
3.418869771e+17
2.850649199e+17
2.33722595e+17
1.887738616e+17
1.50317324e+17
1.182240341e+17
9.362058252e+16
7.400217485e+16
5.89541161e+16
4.734478665e+16
3.840655529e+16
3.155217548e+16
2.677093588e+16
2.306218388e+16
2.027794881e+16
1.792149782e+16
1.655666312e+16
1.54561675e+16
1.470434926e+16
1.428246512e+16
1.417165483e+16
1.440853943e+16
1.509010129e+16
1.637020678e+16
1.876503456e+16
2.215841887e+16
2.846873241e+16
3.822854755e+16
5.620357945e+16
8.586704526e+16
1.343459656e+17
2.088776691e+17
3.116317136e+17
4.299425189e+17
5.260438559e+17
5.757273906e+17
5.154273972e+17
2.284641955e+17
7.071983326e+15
1.693938125e+12
2.285267482e-123
8.789097259e-129
8.265374962e-132
8.06355586e-132
7.902820243e-132
7.743378675e-132
7.586090681e-132
7.430303951e-132
7.276618883e-132
7.123869049e-132
6.96825896e-132
6.802923975e-132
6.660688994e-132
6.509329051e-132
6.364877788e-132
6.217378032e-132
6.079544678e-132
5.943068788e-132
5.800114822e-132
5.665503607e-132
5.541355989e-132
5.378190874e-132
5.25862499e-132
5.123569692e-132
4.991816836e-132
4.865634398e-132
4.738039407e-132
8.47407582e+17
8.846749871e+17
9.061601405e+17
9.245232375e+17
9.38992633e+17
9.473477744e+17
9.573771878e+17
9.58034892e+17
9.624966818e+17
9.672652034e+17
9.599634526e+17
9.617859134e+17
9.530547965e+17
9.483985527e+17
9.360629443e+17
9.227614189e+17
9.079478445e+17
8.894208632e+17
8.705707289e+17
8.538832393e+17
8.29575521e+17
8.037750284e+17
7.733959369e+17
7.42124769e+17
7.019628795e+17
6.582063852e+17
6.116480794e+17
5.58910023e+17
5.022783073e+17
4.428388882e+17
3.811835789e+17
3.269182057e+17
2.732664227e+17
2.240527519e+17
1.807799295e+17
1.44100436e+17
1.138269849e+17
8.911071931e+16
7.054816715e+16
5.612714769e+16
4.502470418e+16
3.653996239e+16
3.004852444e+16
2.526366252e+16
2.176194915e+16
1.91267862e+16
1.699418823e+16
1.55490792e+16
1.44740823e+16
1.373769159e+16
1.330955076e+16
1.316923739e+16
1.334586251e+16
1.391705812e+16
1.501875489e+16
1.694368876e+16
2.016016793e+16
2.54538501e+16
3.339561066e+16
4.854148141e+16
7.576307124e+16
1.190632584e+17
1.862858836e+17
2.800707768e+17
3.897919511e+17
4.795234884e+17
5.300115998e+17
4.840072527e+17
2.500121527e+17
1.011042086e+16
1.739757065e+13
9.286019274e-123
2.636733848e-128
8.465252353e-132
8.1089084e-132
7.947033559e-132
7.786398188e-132
7.629363311e-132
7.473481995e-132
7.318110251e-132
7.164119009e-132
7.009001132e-132
6.848111887e-132
6.703281067e-132
6.550848162e-132
6.407809211e-132
6.260369538e-132
6.115184968e-132
5.979662901e-132
5.845395039e-132
5.692458261e-132
5.564268346e-132
5.428109763e-132
5.295284628e-132
5.151107747e-132
5.031142076e-132
4.898792191e-132
4.776870222e-132
7.832655618e+17
8.229689556e+17
8.45307041e+17
8.611240608e+17
8.776230544e+17
8.806579453e+17
8.977386162e+17
9.032975413e+17
9.025659764e+17
9.040178932e+17
9.08896986e+17
9.067088379e+17
8.999296979e+17
8.905000318e+17
8.848366424e+17
8.731109499e+17
8.547998201e+17
8.40191732e+17
8.274282567e+17
8.07825624e+17
7.863876596e+17
7.647075236e+17
7.331369261e+17
7.05634859e+17
6.664890673e+17
6.259251737e+17
5.821931208e+17
5.323933825e+17
4.787200951e+17
4.221258441e+17
3.672445775e+17
3.132837431e+17
2.613282947e+17
2.145658789e+17
1.730953416e+17
1.380436192e+17
1.089224169e+17
8.566590344e+16
6.718618952e+16
5.343467069e+16
4.288935879e+16
3.477978922e+16
2.857080682e+16
2.379844365e+16
2.055648946e+16
1.803339095e+16
1.60213947e+16
1.458654728e+16
1.355590783e+16
1.283432553e+16
1.240078183e+16
1.223369245e+16
1.235399665e+16
1.282573176e+16
1.377261496e+16
1.555898751e+16
1.817910452e+16
2.242052366e+16
3.052931079e+16
4.396378965e+16
6.702700757e+16
1.053615002e+17
1.655370662e+17
2.504310776e+17
3.510480325e+17
4.350035669e+17
4.815987263e+17
4.529698554e+17
2.579494885e+17
1.291414347e+16
7.157050157e+13
3.945397654e-122
7.765948751e-128
8.865033005e-132
8.156271895e-132
7.994526417e-132
7.834712805e-132
7.674937747e-132
7.517051373e-132
7.360915804e-132
7.206055354e-132
7.052187197e-132
6.899342588e-132
6.754317353e-132
6.588125622e-132
6.452433361e-132
6.305159079e-132
6.153753894e-132
6.015515241e-132
5.878195651e-132
5.737694792e-132
5.606237775e-132
5.459268605e-132
5.339792265e-132
5.180418366e-132
5.062957002e-132
4.933047762e-132
4.807370732e-132
7.230891036e+17
7.629766178e+17
7.835913702e+17
7.970491247e+17
8.164785302e+17
8.30630008e+17
8.377815942e+17
8.484076178e+17
8.53441334e+17
8.549585681e+17
8.548126216e+17
8.549013157e+17
8.447509176e+17
8.368966866e+17
8.366322514e+17
8.269993649e+17
8.125847227e+17
7.99452027e+17
7.859546396e+17
7.633336399e+17
7.43722277e+17
7.249813763e+17
6.979724373e+17
6.693123402e+17
6.327102057e+17
5.940213905e+17
5.539416389e+17
5.070609248e+17
4.560875319e+17
4.016506932e+17
3.508651322e+17
2.992019335e+17
2.503307635e+17
2.053315067e+17
1.659079174e+17
1.321596774e+17
1.044146152e+17
8.211991835e+16
6.442964925e+16
5.088099857e+16
4.08243095e+16
3.310283273e+16
2.717498013e+16
2.261197547e+16
1.942567715e+16
1.698796184e+16
1.509538869e+16
1.363392159e+16
1.26756935e+16
1.198220884e+16
1.154995875e+16
1.136235546e+16
1.143507857e+16
1.182254665e+16
1.264159783e+16
1.408868348e+16
1.668840773e+16
2.049620155e+16
2.767379275e+16
3.950080462e+16
5.919867715e+16
9.29092019e+16
1.464514704e+17
2.229659425e+17
3.151702841e+17
3.935773299e+17
4.377551228e+17
4.223216246e+17
2.578696048e+17
1.618662323e+16
1.319525541e+14
1.545916918e-82
2.722374744e-127
1.064364122e-131
8.201375687e-132
8.043522997e-132
7.882776825e-132
7.722543641e-132
7.563847359e-132
7.406841641e-132
7.251232871e-132
7.097170988e-132
6.94540017e-132
6.796780248e-132
6.642888452e-132
6.492303039e-132
6.34283665e-132
6.195455223e-132
6.054719435e-132
5.920603328e-132
5.769859899e-132
5.63818575e-132
5.500764847e-132
5.368722023e-132
5.229664406e-132
5.09937832e-132
4.966741282e-132
4.847119846e-132
6.665892997e+17
7.024648725e+17
7.249709767e+17
7.452627733e+17
7.580729582e+17
7.7623806e+17
7.802330207e+17
7.917428662e+17
7.998576875e+17
8.027728021e+17
8.033348012e+17
8.005899783e+17
7.997275431e+17
7.930528262e+17
7.863258375e+17
7.794242461e+17
7.691379995e+17
7.562276724e+17
7.427262895e+17
7.252695275e+17
7.069455084e+17
6.854397501e+17
6.639928154e+17
6.351041866e+17
6.0099537e+17
5.660399762e+17
5.272100115e+17
4.828615575e+17
4.345034078e+17
3.81884373e+17
3.352682385e+17
2.86467169e+17
2.394107875e+17
1.964455576e+17
1.58639251e+17
1.265323272e+17
9.99453086e+16
7.852513555e+16
6.168819899e+16
4.843596691e+16
3.884159341e+16
3.146628522e+16
2.5803386e+16
2.14892574e+16
1.829643527e+16
1.600308729e+16
1.421536033e+16
1.278345696e+16
1.186094056e+16
1.118832767e+16
1.075589719e+16
1.055030619e+16
1.058186654e+16
1.089629267e+16
1.159564735e+16
1.286022803e+16
1.501712425e+16
1.844631065e+16
2.469642298e+16
3.487432218e+16
5.213451277e+16
8.160507051e+16
1.288123901e+17
1.969930165e+17
2.803413296e+17
3.536130171e+17
3.970421901e+17
3.90496655e+17
2.537817498e+17
2.065722133e+16
1.981918481e+14
4.43722511e-33
8.447546535e-127
1.528655378e-131
8.258232613e-132
8.090735109e-132
7.931940738e-132
7.770406119e-132
7.611692626e-132
7.454635195e-132
7.298085437e-132
7.142757727e-132
6.989589452e-132
6.839151073e-132
6.689724252e-132
6.540150202e-132
6.388278932e-132
6.240958501e-132
6.099736034e-132
5.954469945e-132
5.814886614e-132
5.677655589e-132
5.541304232e-132
5.405420786e-132
5.269533698e-132
5.139571738e-132
4.998372684e-132
4.876654478e-132
6.139986303e+17
6.538701343e+17
6.736041689e+17
6.952545764e+17
7.085035138e+17
7.24307119e+17
7.318761483e+17
7.385168861e+17
7.495465488e+17
7.517303165e+17
7.499638929e+17
7.497567812e+17
7.531550793e+17
7.471390734e+17
7.384880705e+17
7.324846456e+17
7.266487531e+17
7.160730237e+17
7.011333009e+17
6.872886778e+17
6.709985141e+17
6.511432083e+17
6.291670154e+17
6.011117477e+17
5.692424065e+17
5.386114574e+17
5.013930003e+17
4.597455755e+17
4.140891732e+17
3.679073777e+17
3.209054855e+17
2.739795337e+17
2.291248598e+17
1.880900351e+17
1.520215187e+17
1.211880324e+17
9.578883515e+16
7.534871034e+16
5.913915002e+16
4.653596257e+16
3.695986088e+16
2.996453322e+16
2.455640039e+16
2.040514182e+16
1.721936222e+16
1.506755941e+16
1.338657568e+16
1.192800756e+16
1.110664787e+16
1.045048081e+16
1.001815153e+16
9.797233492e+15
9.79245825e+15
1.004290915e+16
1.063432763e+16
1.171646384e+16
1.370563034e+16
1.660131236e+16
2.142364405e+16
3.063005096e+16
4.571626537e+16
7.136665943e+16
1.127036803e+17
1.730140031e+17
2.477796789e+17
3.158513178e+17
3.584991757e+17
3.556031275e+17
2.4588728e+17
2.656807509e+16
2.679321884e+14
0
1.158835124e-126
2.380188392e-131
8.31118577e-132
8.148256189e-132
7.984057746e-132
7.824305595e-132
7.664219725e-132
7.504926164e-132
7.347187096e-132
7.191164696e-132
7.038193084e-132
6.889180346e-132
6.738829406e-132
6.583665942e-132
6.429617327e-132
6.290863377e-132
6.135324854e-132
5.999771446e-132
5.857292886e-132
5.72041519e-132
5.584450725e-132
5.444391947e-132
5.308433362e-132
5.17567673e-132
5.042536818e-132
4.915989093e-132
5.648740213e+17
6.036158375e+17
6.304477447e+17
6.43856173e+17
6.593151546e+17
6.723902463e+17
6.845296839e+17
6.926347328e+17
6.988008704e+17
7.020211058e+17
7.055856995e+17
7.061911192e+17
7.082208671e+17
7.041012933e+17
6.97365739e+17
6.876232013e+17
6.841886929e+17
6.737960047e+17
6.587192854e+17
6.478869638e+17
6.345026877e+17
6.163149931e+17
5.942060119e+17
5.696834255e+17
5.415501937e+17
5.119936983e+17
4.768159189e+17
4.374095274e+17
3.942271055e+17
3.509118413e+17
3.062148842e+17
2.619042673e+17
2.190821441e+17
1.799630665e+17
1.45457882e+17
1.160486893e+17
9.1709236e+16
7.214889247e+16
5.660332415e+16
4.454627458e+16
3.517612671e+16
2.849829936e+16
2.33456774e+16
1.937964579e+16
1.632420498e+16
1.421666613e+16
1.259735849e+16
1.128639618e+16
1.040551636e+16
9.757917429e+15
9.327279812e+15
9.093330864e+15
9.058399714e+15
9.253146953e+15
9.750085849e+15
1.068241159e+16
1.230922705e+16
1.486310891e+16
1.914408469e+16
2.701852369e+16
4.007637974e+16
6.228413574e+16
9.83315309e+16
1.516359205e+17
2.191490382e+17
2.821993182e+17
3.22694908e+17
3.222333359e+17
2.345493595e+17
3.292910024e+16
3.341691404e+14
0.001436539863
7.16132453e-126
5.167098115e-131
8.364370026e-132
8.200104906e-132
8.03877817e-132
7.877320195e-132
7.716557987e-132
7.553537608e-132
7.39856811e-132
7.242009053e-132
7.088893002e-132
6.938683051e-132
6.779647502e-132
6.628958882e-132
6.480964739e-132
6.334434187e-132
6.185517129e-132
6.047874767e-132
5.90694789e-132
5.764691354e-132
5.624979079e-132
5.486148535e-132
5.354497492e-132
5.197632023e-132
5.082896166e-132
4.957497628e-132
5.193869176e+17
5.638400125e+17
5.852925975e+17
6.045102147e+17
6.195501353e+17
6.24986781e+17
6.37178417e+17
6.477832902e+17
6.511670673e+17
6.591019383e+17
6.629283592e+17
6.642366481e+17
6.635613218e+17
6.601304276e+17
6.565592839e+17
6.485177436e+17
6.438091249e+17
6.352827986e+17
6.244531161e+17
6.116269169e+17
5.97675775e+17
5.809555745e+17
5.612597696e+17
5.381628488e+17
5.148128343e+17
4.854089744e+17
4.528906561e+17
4.156975188e+17
3.750074935e+17
3.345210522e+17
2.923131801e+17
2.498149112e+17
2.093028591e+17
1.721501812e+17
1.39280374e+17
1.111722978e+17
8.78686596e+16
6.909757608e+16
5.427101883e+16
4.268182049e+16
3.374155061e+16
2.712486582e+16
2.219021216e+16
1.838903227e+16
1.547382139e+16
1.339897341e+16
1.185171578e+16
1.061790469e+16
9.746134632e+15
9.113645754e+15
8.685905701e+15
8.442017841e+15
8.381678787e+15
8.5275052e+15
8.940956093e+15
9.734737074e+15
1.1077404e+16
1.338600397e+16
1.727145962e+16
2.378901576e+16
3.502451551e+16
5.41638073e+16
8.54176197e+16
1.321963126e+17
1.925270547e+17
2.508028718e+17
2.892343029e+17
2.910078427e+17
2.2134676e+17
4.023078745e+16
4.511015815e+14
0
2.797058619e-125
1.696408499e-130
8.419848458e-132
8.258031792e-132
8.093666132e-132
7.932317714e-132
7.771326577e-132
7.61445733e-132
7.452005373e-132
7.295510273e-132
7.142433288e-132
6.99080937e-132
6.822014892e-132
6.675316565e-132
6.529261361e-132
6.383876245e-132
6.232468845e-132
6.092867477e-132
5.953023752e-132
5.809974609e-132
5.668571573e-132
5.526908542e-132
5.390735352e-132
5.255188961e-132
5.127751211e-132
4.99699767e-132
4.762535041e+17
5.190326636e+17
5.407505332e+17
5.598665405e+17
5.757569723e+17
5.874183776e+17
5.993160798e+17
6.031744642e+17
6.13800072e+17
6.152159957e+17
6.182173029e+17
6.196739918e+17
6.191507705e+17
6.176313016e+17
6.151912872e+17
6.132527566e+17
6.02785636e+17
5.954838058e+17
5.909330152e+17
5.792594966e+17
5.629234686e+17
5.478669276e+17
5.328280399e+17
5.090457945e+17
4.884504703e+17
4.588254992e+17
4.293458302e+17
3.943755207e+17
3.560909455e+17
3.186139317e+17
2.784696523e+17
2.384633225e+17
2.001301611e+17
1.648294201e+17
1.334795135e+17
1.065875951e+17
8.424605071e+16
6.61891093e+16
5.196058958e+16
4.086283356e+16
3.230777631e+16
2.581742297e+16
2.108328254e+16
1.749007023e+16
1.469052832e+16
1.260660389e+16
1.114890308e+16
9.990326478e+15
9.100675223e+15
8.501166181e+15
8.084027061e+15
7.835141259e+15
7.754306545e+15
7.857923793e+15
8.198540986e+15
8.873882053e+15
1.01418178e+16
1.200016896e+16
1.541266919e+16
2.094682569e+16
3.058211423e+16
4.698996669e+16
7.388721035e+16
1.144768994e+17
1.674500777e+17
2.205576907e+17
2.575565053e+17
2.620625728e+17
2.072676776e+17
4.885485423e+16
6.73969891e+14
22312537.04
8.382502712e-125
4.301392536e-130
8.485817526e-132
8.314711246e-132
8.153324682e-132
7.989894798e-132
7.827497896e-132
7.664293864e-132
7.50763764e-132
7.352114572e-132
7.201841077e-132
7.029452981e-132
6.874164445e-132
6.728038421e-132
6.581292439e-132
6.433441516e-132
6.282341927e-132
6.140467205e-132
6.00011877e-132
5.857335052e-132
5.703270983e-132
5.571404944e-132
5.436141451e-132
5.301442753e-132
5.168669181e-132
5.03787836e-132
4.356894061e+17
4.759056087e+17
4.934739463e+17
5.139993504e+17
5.283489699e+17
5.414101133e+17
5.531167071e+17
5.646615607e+17
5.70984528e+17
5.78043171e+17
5.825795779e+17
5.837137062e+17
5.848867417e+17
5.844563482e+17
5.806464661e+17
5.782618957e+17
5.711589882e+17
5.641344312e+17
5.576853385e+17
5.483592035e+17
5.324796307e+17
5.19293276e+17
5.050810298e+17
4.827469355e+17
4.622579889e+17
4.351085132e+17
4.061088619e+17
3.736313131e+17
3.374865585e+17
3.035887777e+17
2.655709396e+17
2.277945921e+17
1.914721747e+17
1.578967692e+17
1.279795485e+17
1.022528606e+17
8.08285027e+16
6.347485953e+16
4.975713447e+16
3.91186645e+16
3.091355957e+16
2.450595735e+16
2.003485789e+16
1.658082804e+16
1.392575174e+16
1.185072378e+16
1.04764376e+16
9.382681287e+15
8.425189148e+15
7.9290109e+15
7.52476207e+15
7.272262135e+15
7.174446878e+15
7.241486425e+15
7.517982875e+15
8.085173484e+15
9.065882462e+15
1.078165446e+16
1.337809381e+16
1.838335331e+16
2.658322396e+16
4.059565611e+16
6.359441287e+16
9.856365156e+16
1.448465475e+17
1.928889392e+17
2.282601412e+17
2.34996028e+17
1.925436923e+17
5.897811476e+16
1.049273956e+15
786536807.9
2.409567783e-124
1.784022447e-129
8.55085729e-132
8.374868039e-132
8.212113271e-132
8.048047597e-132
7.885542056e-132
7.725630021e-132
7.563100608e-132
7.406164661e-132
7.249318055e-132
7.085490042e-132
6.931960413e-132
6.787013503e-132
6.636386377e-132
6.485738906e-132
6.342296292e-132
6.173143862e-132
6.051815755e-132
5.891027655e-132
5.759538884e-132
5.618660095e-132
5.48068118e-132
5.345233601e-132
5.211674304e-132
5.080221993e-132
3.982191867e+17
4.359940468e+17
4.58242919e+17
4.726706843e+17
4.869303666e+17
5.016344163e+17
5.124364663e+17
5.247743298e+17
5.286940408e+17
5.375572262e+17
5.403562316e+17
5.422524588e+17
5.446586928e+17
5.43062694e+17
5.419480199e+17
5.390271694e+17
5.331245401e+17
5.285168651e+17
5.206557183e+17
5.130079594e+17
5.013492395e+17
4.891089986e+17
4.751716162e+17
4.558189845e+17
4.370245792e+17
4.125990547e+17
3.839221585e+17
3.534153736e+17
3.227453094e+17
2.892890533e+17
2.534912401e+17
2.17785976e+17
1.833400418e+17
1.513821495e+17
1.228185841e+17
9.819219057e+16
7.762625714e+16
6.093706924e+16
4.772108408e+16
3.75365825e+16
2.96204265e+16
2.353164357e+16
1.906158713e+16
1.575815515e+16
1.321410841e+16
1.12316371e+16
9.864333085e+15
8.821904986e+15
7.948432731e+15
7.404954749e+15
7.007050975e+15
6.751189359e+15
6.638067906e+15
6.672881118e+15
6.893029899e+15
7.367729163e+15
8.308202962e+15
9.648581368e+15
1.204187175e+16
1.616745085e+16
2.31399496e+16
3.501218124e+16
5.457833779e+16
8.458978569e+16
1.249975881e+17
1.682491569e+17
2.011614466e+17
2.094922173e+17
1.77704646e+17
6.727072646e+16
1.660011944e+15
6.607574602e+11
7.742297172e-124
3.483109717e-129
8.63988577e-132
8.443076134e-132
8.272767493e-132
8.107799289e-132
7.944092463e-132
7.78232279e-132
7.621717942e-132
7.461894146e-132
7.305531037e-132
7.154674894e-132
6.978335805e-132
6.845146847e-132
6.704050859e-132
6.514938968e-132
6.387774706e-132
6.234415323e-132
6.095585038e-132
5.952571189e-132
5.808251125e-132
5.670608682e-132
5.531708588e-132
5.382806542e-132
5.26345794e-132
5.114407112e-132
3.637213777e+17
4.030553037e+17
4.235328985e+17
4.388268388e+17
4.545536385e+17
4.626720943e+17
4.741309697e+17
4.864913081e+17
4.899207505e+17
4.996424869e+17
5.049270788e+17
5.061122242e+17
5.079663995e+17
5.086007056e+17
5.059552764e+17
5.03181942e+17
4.997930925e+17
4.95671274e+17
4.872023796e+17
4.813502822e+17
4.725409528e+17
4.609485e+17
4.479513407e+17
4.309773881e+17
4.136364933e+17
3.905091371e+17
3.636221143e+17
3.341125868e+17
3.072887168e+17
2.758969905e+17
2.420138947e+17
2.082718877e+17
1.75604142e+17
1.451870008e+17
1.179137675e+17
9.432190151e+16
7.457498358e+16
5.852784181e+16
4.57998568e+16
3.594634393e+16
2.837844088e+16
2.252193287e+16
1.812674066e+16
1.495617928e+16
1.253936899e+16
1.063324653e+16
9.2777001e+15
8.283310566e+15
7.464134026e+15
6.92214173e+15
6.526196675e+15
6.266426562e+15
6.140475309e+15
6.148141308e+15
6.319912869e+15
6.713700762e+15
7.416438069e+15
8.682043592e+15
1.073662215e+16
1.376225076e+16
2.001726478e+16
3.00093626e+16
4.661477386e+16
7.229406241e+16
1.074711446e+17
1.46134206e+17
1.76620775e+17
1.860896469e+17
1.63001738e+17
7.384428906e+16
2.356484662e+15
7.877160019e+12
0
1.142189941e-128
8.756755553e-132
8.50314855e-132
8.335425311e-132
8.169601963e-132
8.004619747e-132
7.8418462e-132
7.679876159e-132
7.519376166e-132
7.362634119e-132
7.204389697e-132
7.039765058e-132
6.898904887e-132
6.747783007e-132
6.579069168e-132
6.44222152e-132
6.287825883e-132
6.14443851e-132
6.004848973e-132
5.859974258e-132
5.718429076e-132
5.578361262e-132
5.437771179e-132
5.303199925e-132
5.166765361e-132
3.31766752e+17
3.716403617e+17
3.890835175e+17
4.034216937e+17
4.212372829e+17
4.325436818e+17
4.434826614e+17
4.521019814e+17
4.595475648e+17
4.651260019e+17
4.682471929e+17
4.704310995e+17
4.736064931e+17
4.738119074e+17
4.721485566e+17
4.693263446e+17
4.670490705e+17
4.635777009e+17
4.589045803e+17
4.496147143e+17
4.429705921e+17
4.324479555e+17
4.202147332e+17
4.048990084e+17
3.896493743e+17
3.700675458e+17
3.435310738e+17
3.184566452e+17
2.918140207e+17
2.626722434e+17
2.309413124e+17
1.991077432e+17
1.681598087e+17
1.392286514e+17
1.131954699e+17
9.05899079e+16
7.162882175e+16
5.621567324e+16
4.396603544e+16
3.443566612e+16
2.716290484e+16
2.154524475e+16
1.728456907e+16
1.420403204e+16
1.187116698e+16
1.00752147e+16
8.718956238e+15
7.783515776e+15
7.007454063e+15
6.466987669e+15
6.078188993e+15
5.816567478e+15
5.679327532e+15
5.664047478e+15
5.793681622e+15
6.115919356e+15
6.748311172e+15
7.748626062e+15
9.512230682e+15
1.234104715e+16
1.736945942e+16
2.569052713e+16
3.969991254e+16
6.14969191e+16
9.181552122e+16
1.26127543e+17
1.543260504e+17
1.649776261e+17
1.495308827e+17
7.78083723e+16
3.054515064e+15
4.444118347e+13
1.077174073e-64
4.362026888e-128
9.087066187e-132
8.563648231e-132
8.399955792e-132
8.23307627e-132
8.068482049e-132
7.904433729e-132
7.742161574e-132
7.581165845e-132
7.422053235e-132
7.270219013e-132
7.10408975e-132
6.953114832e-132
6.79671552e-132
6.640355956e-132
6.490618106e-132
6.348653572e-132
6.191876832e-132
6.058721172e-132
5.913701582e-132
5.767364287e-132
5.628288624e-132
5.488436535e-132
5.350241824e-132
5.211608813e-132
3.021512162e+17
3.39406479e+17
3.555931636e+17
3.758512723e+17
3.89129403e+17
4.003233547e+17
4.112561596e+17
4.153757762e+17
4.27225653e+17
4.289335594e+17
4.34084173e+17
4.400825097e+17
4.390587015e+17
4.429062484e+17
4.433332895e+17
4.415537726e+17
4.395106519e+17
4.335457117e+17
4.311183001e+17
4.249886472e+17
4.183174737e+17
4.061123314e+17
3.960128337e+17
3.835398117e+17
3.674362471e+17
3.497568596e+17
3.245576446e+17
3.0263592e+17
2.778632451e+17
2.501198975e+17
2.203386208e+17
1.903288637e+17
1.610304167e+17
1.335291534e+17
1.086781622e+17
8.699998505e+16
6.876743294e+16
5.397210177e+16
4.222217452e+16
3.302738897e+16
2.600027016e+16
2.063053347e+16
1.648775498e+16
1.349794648e+16
1.126972018e+16
9.536305448e+15
8.181277968e+15
7.299001617e+15
6.570776972e+15
6.022210663e+15
5.652456439e+15
5.3952792e+15
5.250638553e+15
5.217572278e+15
5.31190065e+15
5.574489252e+15
6.078117513e+15
7.026347196e+15
8.292524236e+15
1.091951972e+16
1.500866297e+16
2.190846208e+16
3.364410377e+16
5.198322898e+16
7.789663499e+16
1.080563727e+17
1.338814153e+17
1.453677788e+17
1.36002901e+17
7.819551867e+16
4.060315035e+15
8.252898084e+13
0
1.408896924e-127
1.023331862e-131
8.639641212e-132
8.466557875e-132
8.29904835e-132
8.132472036e-132
7.96953788e-132
7.806134266e-132
7.643613752e-132
7.48251261e-132
7.325710421e-132
7.173604449e-132
7.001078585e-132
6.861982079e-132
6.690921445e-132
6.552543498e-132
6.401187044e-132
6.251126405e-132
6.112076669e-132
5.975668611e-132
5.811297563e-132
5.678713313e-132
5.538805095e-132
5.399427147e-132
5.263236436e-132
2.747067128e+17
3.091381069e+17
3.284837749e+17
3.459732167e+17
3.570129623e+17
3.702736246e+17
3.811951047e+17
3.885045575e+17
3.976041751e+17
4.026931833e+17
4.049679812e+17
4.120448719e+17
4.126896298e+17
4.125835444e+17
4.162288523e+17
4.134771235e+17
4.110870204e+17
4.086506317e+17
4.043882788e+17
3.998989156e+17
3.928290016e+17
3.843443669e+17
3.748633705e+17
3.629651649e+17
3.475245608e+17
3.312254511e+17
3.093931588e+17
2.877306067e+17
2.641950277e+17
2.382684471e+17
2.103055552e+17
1.820104612e+17
1.542675893e+17
1.281107831e+17
1.043782467e+17
8.35231053e+16
6.605347572e+16
5.184021112e+16
4.053213002e+16
3.169976646e+16
2.48975329e+16
1.975232613e+16
1.574945299e+16
1.28203235e+16
1.06819161e+16
9.032684593e+15
7.730275229e+15
6.851056995e+15
6.166616662e+15
5.613354595e+15
5.25684701e+15
5.005766537e+15
4.855281718e+15
4.807039004e+15
4.871152496e+15
5.082135668e+15
5.500812299e+15
6.24639309e+15
7.417183783e+15
9.544809636e+15
1.296013482e+16
1.877830436e+16
2.837090403e+16
4.378940036e+16
6.576276277e+16
9.206927207e+16
1.155297488e+17
1.275262551e+17
1.225745927e+17
7.760615806e+16
5.716495112e+15
1.220938239e+14
3.727731268e-08
4.931966148e-127
1.150616361e-131
8.70772117e-132
8.537720771e-132
8.369259623e-132
8.201918446e-132
8.03396046e-132
7.868480382e-132
7.706046751e-132
7.543598484e-132
7.390796617e-132
7.217948466e-132
7.072455109e-132
6.922525515e-132
6.744879728e-132
6.608795781e-132
6.459545693e-132
6.312357593e-132
6.172814703e-132
6.02285997e-132
5.873661604e-132
5.732257047e-132
5.589705468e-132
5.449174476e-132
5.319869027e-132
2.493422524e+17
2.830185726e+17
3.023143183e+17
3.186992682e+17
3.274916796e+17
3.389914804e+17
3.507070242e+17
3.602244544e+17
3.669667666e+17
3.746604792e+17
3.7906908e+17
3.825031026e+17
3.854113308e+17
3.872320811e+17
3.887697075e+17
3.85636172e+17
3.84213351e+17
3.837546977e+17
3.777907678e+17
3.740734283e+17
3.691351486e+17
3.625083827e+17
3.5253073e+17
3.416154618e+17
3.278025316e+17
3.129544345e+17
2.934983193e+17
2.734817626e+17
2.513489204e+17
2.269571743e+17
2.007603815e+17
1.740941569e+17
1.478347097e+17
1.229620672e+17
1.002670655e+17
8.006594553e+16
6.354717219e+16
4.989463235e+16
3.89326576e+16
3.04525654e+16
2.387826181e+16
1.88989654e+16
1.509357664e+16
1.218231046e+16
1.012479841e+16
8.552824233e+15
7.323591217e+15
6.441185054e+15
5.784534047e+15
5.193379205e+15
4.894125911e+15
4.645913968e+15
4.490226243e+15
4.428586635e+15
4.46634817e+15
4.631996931e+15
4.975869154e+15
5.657868653e+15
6.56845886e+15
8.182841383e+15
1.108353873e+16
1.599005582e+16
2.380242568e+16
3.677607377e+16
5.524130724e+16
7.817256404e+16
9.93050925e+16
1.113575912e+17
1.088768609e+17
7.52063116e+16
7.924699568e+15
1.545474529e+14
0
7.953061638e-127
2.954521684e-131
8.779907988e-132
8.609390888e-132
8.440199078e-132
8.270730467e-132
8.104208324e-132
7.937641311e-132
7.774909169e-132
7.60988545e-132
7.449816993e-132
7.288017824e-132
7.133760012e-132
6.970264846e-132
6.819734163e-132
6.66631775e-132
6.521844401e-132
6.376286581e-132
6.226280322e-132
6.0720598e-132
5.928893211e-132
5.786650857e-132
5.642143097e-132
5.499724742e-132
5.362164784e-132
2.260134269e+17
2.612375938e+17
2.750780583e+17
2.905115161e+17
3.044731357e+17
3.143328258e+17
3.224135102e+17
3.334008215e+17
3.384988928e+17
3.481886919e+17
3.536427524e+17
3.547128885e+17
3.591069078e+17
3.611151119e+17
3.614268656e+17
3.622516024e+17
3.616407693e+17
3.589077909e+17
3.561621846e+17
3.5098685e+17
3.455897553e+17
3.399425229e+17
3.312130038e+17
3.214482565e+17
3.090707698e+17
2.947005602e+17
2.787427981e+17
2.598772347e+17
2.392724544e+17
2.163050249e+17
1.916895497e+17
1.66578919e+17
1.417389927e+17
1.181077702e+17
9.631302707e+16
7.740923542e+16
6.14203897e+16
4.819444185e+16
3.752909758e+16
2.929710167e+16
2.293286007e+16
1.811401348e+16
1.444641596e+16
1.16245145e+16
9.617262486e+15
8.098338241e+15
6.914961683e+15
6.041122974e+15
5.420547301e+15
4.896890163e+15
4.560846782e+15
4.312016567e+15
4.15238489e+15
4.079855292e+15
4.095961002e+15
4.223855308e+15
4.505975707e+15
5.022690838e+15
5.85362331e+15
7.169822848e+15
9.567403707e+15
1.361972497e+16
2.014921094e+16
3.067013847e+16
4.636780577e+16
6.607610496e+16
8.50198916e+16
9.673812257e+16
9.580874267e+16
7.098224638e+16
1.074648815e+16
1.969899588e+14
1178577.991
4.294682923e-122
5.26017662e-131
8.850155886e-132
8.683650321e-132
8.514111039e-132
8.347798041e-132
8.180301299e-132
8.014531373e-132
7.843905096e-132
7.678039886e-132
7.51546038e-132
7.35143958e-132
7.196647963e-132
7.035591658e-132
6.886895551e-132
6.738275877e-132
6.584911914e-132
6.436037003e-132
6.28452848e-132
6.132764661e-132
5.982222435e-132
5.839670198e-132
5.687873427e-132
5.554004852e-132
5.417866215e-132
2.045552199e+17
2.386044501e+17
2.541499379e+17
2.652288476e+17
2.808106476e+17
2.889503029e+17
3.000415776e+17
3.065879702e+17
3.156940457e+17
3.2167656e+17
3.280815968e+17
3.318058132e+17
3.331863133e+17
3.365695196e+17
3.362449651e+17
3.380122648e+17
3.382154591e+17
3.350592803e+17
3.347298602e+17
3.309942425e+17
3.265572514e+17
3.199914502e+17
3.120409446e+17
3.044592834e+17
2.926807013e+17
2.785875865e+17
2.646512256e+17
2.469778977e+17
2.273983843e+17
2.060921766e+17
1.83091205e+17
1.594491588e+17
1.359507733e+17
1.134920446e+17
9.235060269e+16
7.475951423e+16
5.94026878e+16
4.661025303e+16
3.632662611e+16
2.813867871e+16
2.203296148e+16
1.735501761e+16
1.383353781e+16
1.112544009e+16
9.141623998e+15
7.682165287e+15
6.54384697e+15
5.66861627e+15
5.082679813e+15
4.588038405e+15
4.24844217e+15
4.003853733e+15
3.841539809e+15
3.759660057e+15
3.757316276e+15
3.852396746e+15
4.078079643e+15
4.463889806e+15
5.178104322e+15
6.144786204e+15
8.206640531e+15
1.152667017e+16
1.702897044e+16
2.545730367e+16
3.863258921e+16
5.566386262e+16
7.232853203e+16
8.349438283e+16
8.378079961e+16
6.541136912e+16
1.387803399e+16
2.69967702e+14
0
9.00458543e-122
1.186366653e-129
8.938016494e-132
8.75983858e-132
8.589257218e-132
8.420333068e-132
8.25238287e-132
8.084511708e-132
7.915907147e-132
7.750153822e-132
7.59091079e-132
7.417372938e-132
7.265515377e-132
7.109851626e-132
6.950676192e-132
6.800132539e-132
6.64647858e-132
6.49451282e-132
6.344804277e-132
6.193648998e-132
6.042479012e-132
5.906740725e-132
5.751846597e-132
5.609670999e-132
5.467671186e-132
1.848472594e+17
2.174623244e+17
2.327728601e+17
2.454279892e+17
2.579810065e+17
2.688078958e+17
2.775155697e+17
2.860752399e+17
2.930759807e+17
2.967822349e+17
3.039770802e+17
3.085246654e+17
3.116811035e+17
3.1274424e+17
3.152300006e+17
3.153726262e+17
3.158357808e+17
3.152607001e+17
3.129436041e+17
3.102122885e+17
3.074822003e+17
3.022740599e+17
2.951770815e+17
2.879959965e+17
2.769011445e+17
2.645044957e+17
2.512858011e+17
2.347227727e+17
2.168138269e+17
1.964555846e+17
1.749370808e+17
1.526879107e+17
1.304738915e+17
1.091125402e+17
8.934246233e+16
7.234684235e+16
5.74220649e+16
4.506318787e+16
3.511633191e+16
2.727560909e+16
2.121011566e+16
1.667366236e+16
1.326251507e+16
1.065930342e+16
8.688980865e+15
7.281139093e+15
6.197908754e+15
5.353374006e+15
4.766024507e+15
4.30119158e+15
3.942922058e+15
3.710797243e+15
3.552009771e+15
3.465375533e+15
3.448165659e+15
3.51596375e+15
3.697120979e+15
4.090567406e+15
4.652512147e+15
5.533026055e+15
7.123244202e+15
9.810476899e+15
1.428589145e+16
2.139686401e+16
3.204868393e+16
4.62808001e+16
6.098725917e+16
7.14601633e+16
7.280039592e+16
5.933010644e+16
1.70274337e+16
3.785011979e+14
2.140540025e+11
0
1.538378807e-129
8.977237722e-132
8.838485948e-132
8.666047628e-132
8.495397835e-132
8.326120126e-132
8.156952343e-132
7.987999034e-132
7.82314341e-132
7.659151934e-132
7.502238787e-132
7.327724567e-132
7.177994655e-132
7.019574696e-132
6.862245517e-132
6.705435147e-132
6.557344744e-132
6.415190357e-132
6.243733989e-132
6.100157896e-132
5.96488745e-132
5.80367912e-132
5.667421594e-132
5.531657158e-132
1.667288105e+17
1.962344335e+17
2.11874939e+17
2.253627927e+17
2.356797853e+17
2.467138683e+17
2.55895483e+17
2.649065355e+17
2.709735238e+17
2.77434036e+17
2.806018802e+17
2.86875831e+17
2.909729568e+17
2.931912008e+17
2.954191678e+17
2.962511054e+17
2.947256653e+17
2.958982016e+17
2.927913408e+17
2.907329295e+17
2.879182488e+17
2.846433766e+17
2.78765955e+17
2.707331944e+17
2.612845378e+17
2.504423253e+17
2.384136156e+17
2.22956213e+17
2.059599481e+17
1.872832995e+17
1.67149229e+17
1.462346495e+17
1.252543808e+17
1.049280841e+17
8.628621722e+16
6.981413637e+16
5.550131652e+16
4.356784445e+16
3.397676858e+16
2.638906283e+16
2.047159702e+16
1.604371771e+16
1.271533936e+16
1.021943527e+16
8.297337758e+15
6.904413579e+15
5.874902782e+15
5.040266697e+15
4.47374013e+15
4.030446225e+15
3.674269844e+15
3.447375573e+15
3.289808447e+15
3.195935018e+15
3.166035743e+15
3.209961562e+15
3.350682953e+15
3.617585111e+15
4.110277594e+15
4.873562278e+15
6.093765799e+15
8.285425433e+15
1.191342984e+16
1.774889932e+16
2.653587827e+16
3.835762418e+16
5.114246149e+16
6.074194586e+16
6.29276055e+16
5.337792929e+16
2.144968682e+16
6.235193079e+14
3.329846303e+12
3.570157002e-37
2.539995313e-119
1.018234123e-131
8.916314873e-132
8.745647617e-132
8.573498786e-132
8.401560841e-132
8.234067605e-132
8.067569883e-132
7.899967965e-132
7.734265531e-132
7.56335992e-132
7.404383145e-132
7.256026389e-132
7.076279039e-132
6.930013145e-132
6.772137879e-132
6.620939419e-132
6.470836449e-132
6.309950875e-132
6.172058828e-132
6.021443723e-132
5.865545864e-132
5.732367783e-132
5.592649129e-132
1.500449883e+17
1.76294925e+17
1.913208184e+17
2.048553651e+17
2.142356865e+17
2.264224125e+17
2.335018114e+17
2.436672759e+17
2.48637101e+17
2.577696309e+17
2.62170836e+17
2.64996365e+17
2.695853252e+17
2.732441101e+17
2.743919441e+17
2.765994718e+17
2.767859392e+17
2.768780868e+17
2.75605789e+17
2.738916082e+17
2.701353e+17
2.671011041e+17
2.620610334e+17
2.546337394e+17
2.461430714e+17
2.362900258e+17
2.260428087e+17
2.116473449e+17
1.960294123e+17
1.785065906e+17
1.596966926e+17
1.400597758e+17
1.20265336e+17
1.009339067e+17
8.33779372e+16
6.749952732e+16
5.366626192e+16
4.216402711e+16
3.285515855e+16
2.551782139e+16
1.981696024e+16
1.545362232e+16
1.220653405e+16
9.779469043e+15
7.922183667e+15
6.561918533e+15
5.561192078e+15
4.781367214e+15
4.194693723e+15
3.779899381e+15
3.404187521e+15
3.204960835e+15
3.047645138e+15
2.949945965e+15
2.908158418e+15
2.93235805e+15
3.038635088e+15
3.288936246e+15
3.619093927e+15
4.278337342e+15
5.264086556e+15
7.02408684e+15
9.975902952e+15
1.469830027e+16
2.184938774e+16
3.168958372e+16
4.268291453e+16
5.134435192e+16
5.405432156e+16
4.776651656e+16
2.230541764e+16
8.82355263e+14
2.498769152e+13
1.972498872e-31
8.021610971e-119
2.611773934e-131
9.023840351e-132
8.827990615e-132
8.655011848e-132
8.484555625e-132
8.31394725e-132
8.145273263e-132
7.977349091e-132
7.811350987e-132
7.646739248e-132
7.474702865e-132
7.325935387e-132
7.143917474e-132
7.000170454e-132
6.842707485e-132
6.68661173e-132
6.525402537e-132
6.380352658e-132
6.233321268e-132
6.084173627e-132
5.932352593e-132
5.793407708e-132
5.646261415e-132
1.348542424e+17
1.621914161e+17
1.761512016e+17
1.860780168e+17
1.981481655e+17
2.063295366e+17
2.167213894e+17
2.238378102e+17
2.316268885e+17
2.380926296e+17
2.436955254e+17
2.470264561e+17
2.493226967e+17
2.53324092e+17
2.545530545e+17
2.5838479e+17
2.587725684e+17
2.584336482e+17
2.578675752e+17
2.563593863e+17
2.543167176e+17
2.503692832e+17
2.454976601e+17
2.407166913e+17
2.330851229e+17
2.242665927e+17
2.1433934e+17
2.007953511e+17
1.862359093e+17
1.700908565e+17
1.525460885e+17
1.341391003e+17
1.154857363e+17
9.712012274e+16
8.052761203e+16
6.520244409e+16
5.194475676e+16
4.084764938e+16
3.182896013e+16
2.469149752e+16
1.916757142e+16
1.489863365e+16
1.174294701e+16
9.386333633e+15
7.579773578e+15
6.246859703e+15
5.277367954e+15
4.525238373e+15
3.93538646e+15
3.541856734e+15
3.210627645e+15
2.98520262e+15
2.826644867e+15
2.721801325e+15
2.673343069e+15
2.680426072e+15
2.75873517e+15
2.935332982e+15
3.25635287e+15
3.70586996e+15
4.426228789e+15
5.924616276e+15
8.326118774e+15
1.213800859e+16
1.794885276e+16
2.606230519e+16
3.544253813e+16
4.330710341e+16
4.633859601e+16
4.251892141e+16
2.383832303e+16
1.167537151e+15
4.735847984e+13
1.380035562e-10
1.282774258e-117
1.602531113e-130
8.021060336e-132
8.913221511e-132
8.739089744e-132
8.566667799e-132
8.395012862e-132
8.224260508e-132
8.054412858e-132
7.888380189e-132
7.720325606e-132
7.548635943e-132
7.394413495e-132
7.227862642e-132
7.076741298e-132
6.896297184e-132
6.752071229e-132
6.593732607e-132
6.448953776e-132
6.301604785e-132
6.143986573e-132
6.002140917e-132
5.863148249e-132
5.725775185e-132
1.210008104e+17
1.467651545e+17
1.60455192e+17
1.706067767e+17
1.822888359e+17
1.902275162e+17
1.993292369e+17
2.050878106e+17
2.14085322e+17
2.203095935e+17
2.255976012e+17
2.300433224e+17
2.330631207e+17
2.348729558e+17
2.381460508e+17
2.401284341e+17
2.409469557e+17
2.400120082e+17
2.400554543e+17
2.394444785e+17
2.375027566e+17
2.343128508e+17
2.306176319e+17
2.267475392e+17
2.205426149e+17
2.124171515e+17
2.03291109e+17
1.904699202e+17
1.770474234e+17
1.620226419e+17
1.457025947e+17
1.284680157e+17
1.109074541e+17
9.347379482e+16
7.775214497e+16
6.305502488e+16
5.031927049e+16
3.960773277e+16
3.08701935e+16
2.393214428e+16
1.855061554e+16
1.44307073e+16
1.129444877e+16
8.996649149e+15
7.261256368e+15
5.933120566e+15
5.001496836e+15
4.28210345e+15
3.721145909e+15
3.324671984e+15
3.007317059e+15
2.770602409e+15
2.616678556e+15
2.514264591e+15
2.458070821e+15
2.453029295e+15
2.507684488e+15
2.641407529e+15
2.878211173e+15
3.302640521e+15
3.923160321e+15
5.0731111e+15
6.985611701e+15
1.004768254e+16
1.475141101e+16
2.137552734e+16
2.926103813e+16
3.638212013e+16
3.954517519e+16
3.724748125e+16
2.341940053e+16
1.650931877e+15
6.864749514e+13
0
4.10896701e-117
3.158335337e-119
4.504528261e-127
9.00062904e-132
8.824982363e-132
8.650574192e-132
8.476893195e-132
8.306863012e-132
8.138052582e-132
7.966598731e-132
7.795208462e-132
7.632565923e-132
7.46262154e-132
7.303177746e-132
7.133885098e-132
6.978025401e-132
6.823167063e-132
6.660219054e-132
6.519132345e-132
6.36686214e-132
6.211885993e-132
6.074076742e-132
5.92176033e-132
5.787868437e-132
1.083716203e+17
1.327446684e+17
1.45275338e+17
1.559327322e+17
1.657560758e+17
1.735020588e+17
1.828676306e+17
1.894030832e+17
1.974023296e+17
2.01707858e+17
2.085993416e+17
2.124653633e+17
2.16331306e+17
2.195150338e+17
2.224219613e+17
2.218480874e+17
2.237938194e+17
2.25289731e+17
2.257048723e+17
2.251587413e+17
2.224022095e+17
2.210452308e+17
2.178057743e+17
2.130606577e+17
2.075651489e+17
2.01116265e+17
1.920980276e+17
1.806579919e+17
1.683116927e+17
1.543695729e+17
1.391555627e+17
1.230302478e+17
1.065132738e+17
8.998646157e+16
7.504958991e+16
6.101109375e+16
4.877528504e+16
3.843498019e+16
2.99669504e+16
2.322696893e+16
1.797330578e+16
1.396913358e+16
1.090761991e+16
8.649997219e+15
6.963946754e+15
5.684465435e+15
4.751787121e+15
4.053468604e+15
3.510971042e+15
3.117633363e+15
2.819674748e+15
2.579007004e+15
2.427159539e+15
2.323760791e+15
2.263924807e+15
2.246674971e+15
2.282533518e+15
2.387033706e+15
2.627556154e+15
2.916691906e+15
3.448616217e+15
4.354412157e+15
5.836226957e+15
8.289341651e+15
1.206324275e+16
1.746764577e+16
2.408312964e+16
3.035299892e+16
3.352810007e+16
3.214490993e+16
2.21244148e+16
2.600179465e+15
8.167156147e+13
1004078.072
1.475157961e-112
8.000315188e-119
6.128714392e-127
9.093884083e-132
8.915800544e-132
8.73533245e-132
8.563579217e-132
8.393208333e-132
8.222088058e-132
8.052998931e-132
7.895991374e-132
7.689285695e-132
7.543084927e-132
7.376365227e-132
7.21336582e-132
7.053227166e-132
6.898647686e-132
6.752447136e-132
6.575444984e-132
6.43864956e-132
6.28311249e-132
6.135496835e-132
5.993487756e-132
5.848258688e-132
9.683989165e+16
1.183771519e+17
1.30184267e+17
1.406800454e+17
1.507403311e+17
1.602252064e+17
1.662637837e+17
1.735743462e+17
1.803294824e+17
1.850897333e+17
1.913106158e+17
1.956620934e+17
2.002684225e+17
2.038868729e+17
2.057596272e+17
2.080792921e+17
2.096995629e+17
2.101474103e+17
2.113301256e+17
2.104901578e+17
2.093480252e+17
2.078029266e+17
2.049283097e+17
2.00047724e+17
1.952265688e+17
1.902614602e+17
1.807140754e+17
1.712879941e+17
1.59686549e+17
1.469944427e+17
1.328800582e+17
1.178160547e+17
1.022973813e+17
8.66628418e+16
7.244734353e+16
5.905809286e+16
4.730507857e+16
3.73236294e+16
2.911753494e+16
2.255739482e+16
1.744555583e+16
1.352598036e+16
1.055650234e+16
8.327819768e+15
6.682337529e+15
5.444340326e+15
4.51046253e+15
3.849827306e+15
3.322840961e+15
2.938141449e+15
2.644552487e+15
2.385376133e+15
2.25716421e+15
2.15357646e+15
2.084721561e+15
2.059635779e+15
2.080016464e+15
2.159461516e+15
2.344703683e+15
2.608490229e+15
2.997625427e+15
3.730672228e+15
4.886886924e+15
6.864626922e+15
9.875772788e+15
1.421746253e+16
1.967458165e+16
2.516247106e+16
2.821515791e+16
2.756978116e+16
2.036394566e+16
3.747498272e+15
1.060427789e+14
0
3.851588668e-112
1.060933474e-115
7.563686876e-124
9.520336079e-132
9.005477893e-132
8.828694909e-132
8.654931764e-132
8.479612904e-132
8.306527354e-132
8.133675158e-132
7.960384676e-132
7.787704374e-132
7.618325463e-132
7.457453508e-132
7.2959605e-132
7.134521021e-132
6.983166232e-132
6.803516893e-132
6.65908486e-132
6.511526812e-132
6.349657922e-132
6.208270789e-132
6.05874737e-132
5.911141246e-132
8.637406159e+16
1.068183648e+17
1.18557501e+17
1.291503057e+17
1.362031547e+17
1.459172276e+17
1.528582951e+17
1.602111065e+17
1.651358331e+17
1.719608151e+17
1.754479906e+17
1.813724297e+17
1.842202265e+17
1.897244969e+17
1.903061535e+17
1.935106407e+17
1.949086188e+17
1.954466772e+17
1.962175303e+17
1.958477413e+17
1.954625562e+17
1.939638648e+17
1.913213195e+17
1.885253524e+17
1.830392232e+17
1.786567031e+17
1.696175709e+17
1.622921852e+17
1.518114558e+17
1.399256915e+17
1.268222766e+17
1.127804316e+17
9.822688967e+16
8.358273714e+16
6.993723903e+16
5.718318527e+16
4.589941827e+16
3.626725106e+16
2.831240255e+16
2.194082899e+16
1.69412426e+16
1.310909548e+16
1.022599522e+16
8.024940417e+15
6.419176342e+15
5.225677496e+15
4.311561797e+15
3.648618252e+15
3.14879391e+15
2.758602662e+15
2.479015662e+15
2.248238407e+15
2.094814492e+15
1.991734061e+15
1.921256795e+15
1.889786794e+15
1.897381999e+15
1.954775665e+15
2.091140711e+15
2.293292279e+15
2.636360702e+15
3.20869641e+15
4.10882068e+15
5.645186016e+15
8.041109179e+15
1.154932414e+16
1.603275418e+16
2.069507759e+16
2.359594312e+16
2.352019895e+16
1.838169339e+16
5.151756954e+15
1.360426436e+14
1.789053918e+11
8.862341454e-104
3.284770895e-116
2.052571916e-122
2.072543539e-131
9.099564103e-132
8.921844407e-132
8.745806967e-132
8.568516943e-132
8.39293703e-132
8.217959385e-132
8.040687786e-132
7.874214099e-132
7.71077951e-132
7.555015786e-132
7.359843833e-132
7.214087163e-132
7.052620366e-132
6.884546066e-132
6.732791651e-132
6.582538605e-132
6.425944699e-132
6.278137486e-132
6.131859444e-132
5.978965523e-132
7.691891704e+16
9.775076047e+16
1.066384456e+17
1.176863677e+17
1.246016433e+17
1.334515649e+17
1.393294282e+17
1.472097259e+17
1.531371656e+17
1.584331059e+17
1.629034005e+17
1.66776951e+17
1.718600789e+17
1.745197531e+17
1.776129029e+17
1.793803761e+17
1.807786776e+17
1.828219973e+17
1.825050621e+17
1.838762646e+17
1.823564576e+17
1.813217801e+17
1.791620869e+17
1.772711178e+17
1.729460774e+17
1.677383746e+17
1.610665231e+17
1.537596984e+17
1.438367892e+17
1.330673846e+17
1.209981969e+17
1.079339005e+17
9.430592646e+16
8.055770309e+16
6.753886138e+16
5.538249609e+16
4.455476358e+16
3.526199336e+16
2.755479315e+16
2.134496075e+16
1.648519428e+16
1.27391803e+16
9.903008799e+15
7.759637654e+15
6.176987919e+15
5.010603287e+15
4.104648316e+15
3.465153076e+15
2.977999834e+15
2.58887742e+15
2.324750316e+15
2.107524631e+15
1.950038685e+15
1.844080768e+15
1.771711516e+15
1.735873335e+15
1.732624581e+15
1.771258418e+15
1.869690985e+15
2.068581258e+15
2.299175095e+15
2.715972838e+15
3.475342366e+15
4.653297988e+15
6.580209082e+15
9.332547328e+15
1.297191527e+16
1.694046136e+16
1.95560199e+16
1.986024187e+16
1.623082887e+16
5.395906449e+15
2.293319657e+14
3.037300023e+12
9.157104086e-46
2.924667696e-111
5.933458211e-121
1.186322736e-130
9.194604561e-132
9.007794234e-132
8.825265435e-132
8.656829724e-132
8.478800916e-132
8.308367279e-132
8.140769394e-132
7.963014209e-132
7.796585115e-132
7.62116851e-132
7.455831606e-132
7.2879509e-132
7.128256519e-132
6.97232952e-132
6.821147696e-132
6.650890463e-132
6.499096972e-132
6.35437331e-132
6.199392404e-132
6.045305126e-132
6.837869195e+16
8.745628313e+16
9.783559064e+16
1.061192835e+17
1.128597739e+17
1.201980127e+17
1.28683585e+17
1.345637565e+17
1.410382106e+17
1.466916199e+17
1.504332804e+17
1.548433106e+17
1.590886214e+17
1.612125876e+17
1.646252433e+17
1.66113049e+17
1.689643019e+17
1.700065584e+17
1.710542615e+17
1.718584309e+17
1.71323075e+17
1.703342006e+17
1.687887981e+17
1.657349165e+17
1.63033887e+17
1.576625908e+17
1.524615877e+17
1.456491671e+17
1.366912593e+17
1.264904745e+17
1.153988392e+17
1.032641627e+17
9.052684001e+16
7.761471271e+16
6.523945713e+16
5.365197674e+16
4.32662197e+16
3.430439279e+16
2.683278467e+16
2.08062989e+16
1.604062294e+16
1.237508505e+16
9.595034083e+15
7.520836704e+15
5.950582383e+15
4.805297115e+15
3.943271901e+15
3.288535191e+15
2.825921285e+15
2.458815657e+15
2.180978403e+15
1.974432933e+15
1.802959909e+15
1.712264437e+15
1.637987313e+15
1.596274082e+15
1.58377224e+15
1.607521165e+15
1.678935974e+15
1.81634873e+15
2.029305287e+15
2.344724902e+15
2.956860037e+15
3.84182337e+15
5.346397265e+15
7.530379161e+15
1.044403534e+16
1.374584616e+16
1.613281841e+16
1.669574408e+16
1.419153856e+16
6.059871491e+15
3.368931553e+14
1.702210513e+13
6.909904165e-15
1.689745183e-109
2.038245441e-122
8.241466632e-128
9.280644081e-132
9.112166551e-132
8.937262268e-132
8.752268264e-132
8.57598842e-132
8.398816092e-132
8.22623331e-132
8.057454617e-132
7.882926143e-132
7.703271471e-132
7.548843447e-132
7.38776834e-132
7.207329774e-132
7.056440925e-132
6.889177589e-132
6.734191061e-132
6.577543925e-132
6.425421178e-132
6.27317085e-132
6.111124207e-132
6.066411741e+16
7.863550006e+16
8.769022976e+16
9.586328577e+16
1.037398698e+17
1.101730677e+17
1.176281618e+17
1.223193452e+17
1.290804623e+17
1.340526778e+17
1.382612683e+17
1.433846555e+17
1.474443327e+17
1.499333383e+17
1.518588686e+17
1.548468576e+17
1.564808779e+17
1.57531561e+17
1.591198141e+17
1.593502056e+17
1.59729392e+17
1.589749822e+17
1.576062649e+17
1.550397885e+17
1.525596072e+17
1.478974463e+17
1.44108921e+17
1.378120326e+17
1.293103855e+17
1.202234957e+17
1.100076635e+17
9.876876214e+16
8.687565927e+16
7.475605511e+16
6.302050298e+16
5.1982301e+16
4.202836107e+16
3.338915429e+16
2.615519924e+16
2.027279609e+16
1.564796901e+16
1.206216224e+16
9.334188271e+15
7.28715903e+15
5.750781844e+15
4.618485692e+15
3.78481157e+15
3.146791503e+15
2.679466393e+15
2.323609948e+15
2.049701501e+15
1.851653651e+15
1.696474066e+15
1.588275417e+15
1.513245008e+15
1.467663062e+15
1.449449491e+15
1.461267799e+15
1.511102987e+15
1.600338983e+15
1.776418147e+15
1.988362694e+15
2.490191709e+15
3.217359648e+15
4.348594721e+15
6.094380917e+15
8.409616998e+15
1.112557922e+16
1.317265622e+16
1.388733537e+16
1.233559671e+16
6.372633212e+15
4.737621744e+14
2.97970946e+13
0
8.212521969e-110
1.028083543e-118
1.218007592e-126
9.402432456e-132
9.211627378e-132
9.031600118e-132
8.848766253e-132
8.67087475e-132
8.493323352e-132
8.319641138e-132
8.14805464e-132
7.975367854e-132
7.799489352e-132
7.626138249e-132
7.465294703e-132
7.297395719e-132
7.146968484e-132
6.966696268e-132
6.818958097e-132
6.655060905e-132
6.495381078e-132
6.331710349e-132
6.168659713e-132
5.369045002e+16
6.912793434e+16
7.897149605e+16
8.516652315e+16
9.379135063e+16
9.968195695e+16
1.071215537e+17
1.13053592e+17
1.180040171e+17
1.227444052e+17
1.276589284e+17
1.320240488e+17
1.347610544e+17
1.387988009e+17
1.412948034e+17
1.434997527e+17
1.450127751e+17
1.472285373e+17
1.477614634e+17
1.481004487e+17
1.484102952e+17
1.480393652e+17
1.471968906e+17
1.459817582e+17
1.429732703e+17
1.397279781e+17
1.361616978e+17
1.303396861e+17
1.227397204e+17
1.141486431e+17
1.048046761e+17
9.441059663e+16
8.334007634e+16
7.197912203e+16
6.087208347e+16
5.036931379e+16
4.083597213e+16
3.251371854e+16
2.549939608e+16
1.979500542e+16
1.524940944e+16
1.173716486e+16
9.067182105e+15
7.058639528e+15
5.558460196e+15
4.446455853e+15
3.627527704e+15
3.005019693e+15
2.541655585e+15
2.197452988e+15
1.92218668e+15
1.73542618e+15
1.588660733e+15
1.476461899e+15
1.400398573e+15
1.351739604e+15
1.328948668e+15
1.330905503e+15
1.365325987e+15
1.462115858e+15
1.60834902e+15
1.774607728e+15
2.122041267e+15
2.699204506e+15
3.526255655e+15
4.892306006e+15
6.729763949e+15
8.946617715e+15
1.073220322e+16
1.149744909e+16
1.056612088e+16
6.092133104e+15
6.677700653e+14
4.187354997e+13
140448.9791
2.905516048e-106
7.026253148e-119
8.804324853e-126
9.496888056e-132
9.312972974e-132
9.130291962e-132
8.947837747e-132
8.768362638e-132
8.590334014e-132
8.414848378e-132
8.241020081e-132
8.067157297e-132
7.892027246e-132
7.718242386e-132
7.554164563e-132
7.381259131e-132
7.22108438e-132
7.06283338e-132
6.911731446e-132
6.731321881e-132
6.573579757e-132
6.380442404e-132
6.253384432e-132
4.74179039e+16
6.230059503e+16
6.981718976e+16
7.793215723e+16
8.488141674e+16
9.161424111e+16
9.710917886e+16
1.029710979e+17
1.066852565e+17
1.11338875e+17
1.175705826e+17
1.207627892e+17
1.248033123e+17
1.272380126e+17
1.311111401e+17
1.323845838e+17
1.35303841e+17
1.364795872e+17
1.381663053e+17
1.387633956e+17
1.392196989e+17
1.38144552e+17
1.383298027e+17
1.367484445e+17
1.347766133e+17
1.315227479e+17
1.285604165e+17
1.232598763e+17
1.160607416e+17
1.082939295e+17
9.97919158e+16
9.020652587e+16
7.991414555e+16
6.928318723e+16
5.879477685e+16
4.880804791e+16
3.968668802e+16
3.16732968e+16
2.489495317e+16
1.932394788e+16
1.490428273e+16
1.146561396e+16
8.842354843e+15
6.868533215e+15
5.390985348e+15
4.27710411e+15
3.480603814e+15
2.863996626e+15
2.413942278e+15
2.082789458e+15
1.814354351e+15
1.627247993e+15
1.488068135e+15
1.361812995e+15
1.299068135e+15
1.246453099e+15
1.219290855e+15
1.213615155e+15
1.235338718e+15
1.302403613e+15
1.411328702e+15
1.54668376e+15
1.754740383e+15
2.259336536e+15
2.927047387e+15
3.93244625e+15
5.376422645e+15
7.167437788e+15
8.667513865e+15
9.418660551e+15
8.892155749e+15
5.625183818e+15
1.032975413e+15
4.965367651e+13
0
6.844717581e-106
5.014661975e-112
2.491122693e-122
3.149133016e-125
9.415656378e-132
9.23274541e-132
9.049841013e-132
8.868957231e-132
8.689729461e-132
8.512374713e-132
8.33655573e-132
8.162734986e-132
7.990908999e-132
7.820261368e-132
7.635418161e-132
7.463574828e-132
7.311728048e-132
7.134264556e-132
6.983002124e-132
6.813052186e-132
6.637680902e-132
6.483914943e-132
6.330611991e-132
4.178870731e+16
5.528714534e+16
6.371962813e+16
7.051945962e+16
7.582081852e+16
8.263027136e+16
8.736685532e+16
9.420813329e+16
9.84152856e+16
1.03172859e+17
1.077400321e+17
1.117705779e+17
1.150907321e+17
1.18198563e+17
1.205813857e+17
1.231670931e+17
1.254127395e+17
1.26318448e+17
1.280646849e+17
1.289807012e+17
1.294561356e+17
1.2968831e+17
1.288686605e+17
1.277515004e+17
1.262999386e+17
1.234480875e+17
1.203235333e+17
1.163908807e+17
1.098953447e+17
1.026903683e+17
9.497216401e+16
8.615331083e+16
7.660222854e+16
6.666659542e+16
5.676924027e+16
4.72928168e+16
3.857544209e+16
3.086914409e+16
2.429272588e+16
1.889328149e+16
1.457910856e+16
1.120510827e+16
8.615450486e+15
6.67120305e+15
5.23017983e+15
4.1463786e+15
3.346445575e+15
2.760266881e+15
2.309946768e+15
1.982850163e+15
1.721567582e+15
1.525558948e+15
1.394934923e+15
1.281754145e+15
1.205034453e+15
1.149383342e+15
1.119552555e+15
1.108582448e+15
1.120093792e+15
1.16234047e+15
1.241725226e+15
1.382520937e+15
1.538398726e+15
1.875710191e+15
2.426102388e+15
3.173501736e+15
4.328986655e+15
5.729517029e+15
6.938947889e+15
7.641645053e+15
7.320278501e+15
5.029375996e+15
1.128418152e+15
6.228043283e+13
8.449036129e+10
0
6.909495249e-111
3.855170204e-122
1.26655196e-122
9.535868748e-132
9.339149773e-132
9.154488389e-132
8.97234675e-132
8.792965918e-132
8.615223445e-132
8.431680416e-132
8.263848661e-132
8.09295536e-132
7.917190976e-132
7.727287066e-132
7.554991414e-132
7.392592918e-132
7.23156526e-132
7.059377119e-132
6.911786967e-132
6.7025234e-132
6.568016417e-132
6.408966473e-132
3.676383888e+16
5.015094023e+16
5.685872458e+16
6.284703737e+16
6.876425486e+16
7.507938138e+16
7.983595228e+16
8.492342415e+16
8.995385518e+16
9.438499366e+16
9.826983692e+16
1.024312541e+17
1.059181596e+17
1.094099067e+17
1.106742403e+17
1.141909484e+17
1.158011036e+17
1.177773546e+17
1.185532095e+17
1.193147259e+17
1.200794742e+17
1.210226793e+17
1.200558679e+17
1.194194489e+17
1.174981475e+17
1.154646518e+17
1.127633617e+17
1.096753307e+17
1.039044554e+17
9.730346363e+16
9.032139129e+16
8.222201216e+16
7.338282943e+16
6.412305204e+16
5.48074749e+16
4.582197795e+16
3.74995923e+16
3.009036811e+16
2.373777239e+16
1.849487417e+16
1.427209785e+16
1.096860586e+16
8.429392699e+15
6.512428808e+15
5.074032506e+15
4.021874008e+15
3.223551788e+15
2.643351713e+15
2.204889236e+15
1.880805177e+15
1.626660723e+15
1.443977949e+15
1.307576377e+15
1.20001471e+15
1.109313575e+15
1.063241891e+15
1.031053326e+15
1.014737899e+15
1.017629068e+15
1.044994337e+15
1.115872354e+15
1.205560096e+15
1.332237359e+15
1.583853202e+15
1.979666067e+15
2.590230898e+15
3.426386451e+15
4.525154265e+15
5.565445882e+15
6.228902175e+15
6.017006493e+15
4.394449018e+15
1.279124058e+15
8.265722092e+13
1.596344038e+12
6.117731648e-31
0
1.338754565e-118
1.14923297e-120
1.331158273e-130
1.098025976e-131
9.257491186e-132
9.078609763e-132
8.897301432e-132
8.718003064e-132
8.537761137e-132
8.36841645e-132
8.199382565e-132
8.022100815e-132
7.808860796e-132
7.640369998e-132
7.484585348e-132
7.318980912e-132
7.144589481e-132
6.979089347e-132
6.809559392e-132
6.645052669e-132
6.478829459e-132
3.227382188e+16
4.457115113e+16
5.078333855e+16
5.586693682e+16
6.164733101e+16
6.679870977e+16
7.200817374e+16
7.678094306e+16
8.177761003e+16
8.65545267e+16
8.963490296e+16
9.354722208e+16
9.680227191e+16
1.001457885e+17
1.029262838e+17
1.0498017e+17
1.066655794e+17
1.08849273e+17
1.106228084e+17
1.116218216e+17
1.124799301e+17
1.123727115e+17
1.127218265e+17
1.119919329e+17
1.099854185e+17
1.087243331e+17
1.057953899e+17
1.030035428e+17
9.822992294e+16
9.209854223e+16
8.583258617e+16
7.842235404e+16
7.026533697e+16
6.165015602e+16
5.288914193e+16
4.438590912e+16
3.645339841e+16
2.934309936e+16
2.320703772e+16
1.810436828e+16
1.399820214e+16
1.075932482e+16
8.261175859e+15
6.356626223e+15
4.946229329e+15
3.8981387e+15
3.11329861e+15
2.539269329e+15
2.109424798e+15
1.790402175e+15
1.542769038e+15
1.363631309e+15
1.226021069e+15
1.123856293e+15
1.03560139e+15
9.854185079e+14
9.479223643e+14
9.29057716e+14
9.260781529e+14
9.429241141e+14
9.876764437e+14
1.056111059e+15
1.164875077e+15
1.300445115e+15
1.646386888e+15
2.114089792e+15
2.777149362e+15
3.57959446e+15
4.396760559e+15
4.96609696e+15
4.899329571e+15
3.782668669e+15
1.523125307e+15
1.49548115e+14
9.974658334e+12
2.022344622e-32
3.062842644e-105
9.399976418e-120
4.805781107e-121
2.294597063e-128
1.376678455e-130
9.401266873e-132
9.188977296e-132
9.000848617e-132
8.820131301e-132
8.641407157e-132
8.4705492e-132
8.297526135e-132
8.124932227e-132
7.913243513e-132
7.707590576e-132
7.573832987e-132
7.407933157e-132
7.238262316e-132
7.074190977e-132
6.891504863e-132
6.726066911e-132
6.567545444e-132
2.826599173e+16
3.92132114e+16
4.456678652e+16
5.037711872e+16
5.599862628e+16
6.105107744e+16
6.621868641e+16
7.05028687e+16
7.404555906e+16
7.840420537e+16
8.220309436e+16
8.515847324e+16
8.856833125e+16
9.177942239e+16
9.510467462e+16
9.65104174e+16
9.916598926e+16
1.004297066e+17
1.022088493e+17
1.033843551e+17
1.041179118e+17
1.042372224e+17
1.049556691e+17
1.045084047e+17
1.034840769e+17
1.017580029e+17
9.886954698e+16
9.648973954e+16
9.279971713e+16
8.699682482e+16
8.14882738e+16
7.473410493e+16
6.72198815e+16
5.924599555e+16
5.101822233e+16
4.298572628e+16
3.543612782e+16
2.861628555e+16
2.269077682e+16
1.77469405e+16
1.37277998e+16
1.054897843e+16
8.090984668e+15
6.223415237e+15
4.815199587e+15
3.778743591e+15
3.016021898e+15
2.444712045e+15
2.023464161e+15
1.701674984e+15
1.459811878e+15
1.289557735e+15
1.155026638e+15
1.053277496e+15
9.684133464e+14
9.139918367e+14
8.745650106e+14
8.531753704e+14
8.449331686e+14
8.529117451e+14
8.831516613e+14
9.462200465e+14
1.016041719e+15
1.131963376e+15
1.319118745e+15
1.628522845e+15
2.14642218e+15
2.854876073e+15
3.536516334e+15
4.020569881e+15
4.00101277e+15
3.212647669e+15
1.477394909e+15
1.987162016e+14
1.886708739e+13
63.04174407
9.478456412e-106
1.563698908e-110
2.305818823e-112
1.022274251e-127
1.551737029e-128
9.462888731e-132
9.307665273e-132
9.114926561e-132
8.9334972e-132
8.751719862e-132
8.573853936e-132
8.39710501e-132
8.211074892e-132
8.014476794e-132
7.818349956e-132
7.655621424e-132
7.498920383e-132
7.326708037e-132
7.160537974e-132
6.99025191e-132
6.805956633e-132
6.648961705e-132
2.469470472e+16
3.423764311e+16
4.018439634e+16
4.521384046e+16
5.021550553e+16
5.530139064e+16
5.955046264e+16
6.399748132e+16
6.788974698e+16
7.110258232e+16
7.450528968e+16
7.850408346e+16
8.10284165e+16
8.369925427e+16
8.68966354e+16
8.959314714e+16
9.169019634e+16
9.352767608e+16
9.443074221e+16
9.55508303e+16
9.654786481e+16
9.754785008e+16
9.760182039e+16
9.729727685e+16
9.696504621e+16
9.503032378e+16
9.324057653e+16
9.029586272e+16
8.765165477e+16
8.240309585e+16
7.731497867e+16
7.115086597e+16
6.427288476e+16
5.691119526e+16
4.915661671e+16
4.16176802e+16
3.444443379e+16
2.791262336e+16
2.221071545e+16
1.73945284e+16
1.347627233e+16
1.035065193e+16
7.932172269e+15
6.097191104e+15
4.712890477e+15
3.685671211e+15
2.920390472e+15
2.351468767e+15
1.942029605e+15
1.617458726e+15
1.393689207e+15
1.221074699e+15
1.091015202e+15
9.870698688e+14
9.063913707e+14
8.403667389e+14
8.068346734e+14
7.841448282e+14
7.719213377e+14
7.734573642e+14
7.920194403e+14
8.307285768e+14
9.116197187e+14
9.845404837e+14
1.14025352e+15
1.388265208e+15
1.737690934e+15
2.165099368e+15
2.72337332e+15
3.182100574e+15
3.233842788e+15
2.720038871e+15
1.438744742e+15
2.482192359e+14
2.612024563e+13
0
7.473656117e-103
5.717162267e-112
7.02069124e-112
6.187704068e-125
8.326567955e-126
6.291247503e-129
9.447600131e-132
9.230252741e-132
9.045799945e-132
8.861275805e-132
8.677669143e-132
8.496396493e-132
8.311874734e-132
8.117441211e-132
7.936012255e-132
7.758416162e-132
7.590571119e-132
7.418889251e-132
7.247111718e-132
7.075813474e-132
6.902163274e-132
6.73597229e-132
2.152956351e+16
3.076789514e+16
3.560195901e+16
4.005302996e+16
4.483262261e+16
4.941540297e+16
5.426229291e+16
5.822196162e+16
6.17488708e+16
6.489245907e+16
6.890949344e+16
7.155851074e+16
7.468233418e+16
7.737731527e+16
7.975582102e+16
8.238758968e+16
8.443024829e+16
8.649429185e+16
8.793120068e+16
8.924630204e+16
9.022794745e+16
9.065470893e+16
9.035403302e+16
9.030496248e+16
9.045033248e+16
8.936286065e+16
8.765975229e+16
8.464229068e+16
8.200060997e+16
7.798186042e+16
7.320812837e+16
6.769737957e+16
6.143035891e+16
5.464484875e+16
4.734370427e+16
4.027602782e+16
3.347410405e+16
2.723120005e+16
2.171710728e+16
1.706896683e+16
1.323772038e+16
1.017001124e+16
7.797339059e+15
5.984088089e+15
4.615591075e+15
3.587113311e+15
2.839714887e+15
2.284713896e+15
1.868839945e+15
1.556254166e+15
1.324550895e+15
1.162384783e+15
1.030700223e+15
9.254394076e+14
8.485752507e+14
7.845412437e+14
7.48081971e+14
7.212649056e+14
7.064202796e+14
7.029502958e+14
7.135702469e+14
7.529846187e+14
7.950467558e+14
8.516790187e+14
9.614928737e+14
1.143421071e+15
1.426923056e+15
1.759317098e+15
2.141290624e+15
2.501113505e+15
2.590675467e+15
2.291042484e+15
1.34289741e+15
2.824282375e+14
3.057111851e+13
1.175559898e+10
5.857105654e-99
1.497518041e-104
8.988489065e-106
1.329968312e-120
1.198169136e-122
1.117773259e-128
3.891691734e-131
9.344445031e-132
9.152799613e-132
8.970009871e-132
8.783491487e-132
8.599424406e-132
8.415836842e-132
8.232232622e-132
8.043290332e-132
7.858319722e-132
7.692814019e-132
7.509671746e-132
7.345472254e-132
7.170135398e-132
6.99976476e-132
6.827802951e-132
1.872719385e+16
2.686621978e+16
3.137384623e+16
3.602081703e+16
4.057875504e+16
4.400589717e+16
4.86373437e+16
5.241406463e+16
5.652549594e+16
5.949546573e+16
6.280273885e+16
6.572895341e+16
6.851380664e+16
7.124940565e+16
7.387483087e+16
7.550819383e+16
7.732978461e+16
7.96092274e+16
8.107538373e+16
8.272148987e+16
8.364217746e+16
8.382817102e+16
8.474266591e+16
8.472769802e+16
8.436327567e+16
8.36168264e+16
8.207117364e+16
7.982074865e+16
7.674355458e+16
7.357983443e+16
6.927158866e+16
6.444564724e+16
5.867284185e+16
5.245601245e+16
4.554863739e+16
3.896199346e+16
3.252292464e+16
2.655764453e+16
2.124887095e+16
1.675004135e+16
1.300630352e+16
1.001644121e+16
7.675256183e+15
5.879105497e+15
4.526026832e+15
3.513180452e+15
2.75790847e+15
2.209724623e+15
1.797520884e+15
1.493316517e+15
1.257154298e+15
1.098406904e+15
9.738760476e+14
8.666186412e+14
7.953509999e+14
7.347419868e+14
6.92829711e+14
6.634661037e+14
6.479097121e+14
6.403347017e+14
6.439976815e+14
6.616991118e+14
6.967348976e+14
7.488733021e+14
8.046346473e+14
9.213452345e+14
1.128135516e+15
1.395387511e+15
1.709340466e+15
2.01254437e+15
2.115906971e+15
1.911338811e+15
1.22330922e+15
3.3468385e+14
3.677993031e+13
3.789975136e+11
2.066961603e-100
0
0
4.078619275e-117
4.846438127e-119
4.433133095e-124
8.622233197e-130
9.466192192e-132
9.279357513e-132
9.085399369e-132
8.895210501e-132
8.707215987e-132
8.520523213e-132
8.330731022e-132
8.140802611e-132
7.961755705e-132
7.785588558e-132
7.610966155e-132
7.44079671e-132
7.270273423e-132
7.096412593e-132
6.92138033e-132
1.625123779e+16
2.35209067e+16
2.819876337e+16
3.211802418e+16
3.613893751e+16
3.982062577e+16
4.354056863e+16
4.710887558e+16
5.115401418e+16
5.42144919e+16
5.745690364e+16
5.996397584e+16
6.231555107e+16
6.448577493e+16
6.775682957e+16
6.992008563e+16
7.183294302e+16
7.292492199e+16
7.4543737e+16
7.608713826e+16
7.733588618e+16
7.837860323e+16
7.88041809e+16
7.882594877e+16
7.815513186e+16
7.791462625e+16
7.691000562e+16
7.513590543e+16
7.258804783e+16
6.964953748e+16
6.563937565e+16
6.129642927e+16
5.594793294e+16
5.034493789e+16
4.379518006e+16
3.767625626e+16
3.159226384e+16
2.590526113e+16
2.082547545e+16
1.644212675e+16
1.279325968e+16
9.866614262e+15
7.546998686e+15
5.783270282e+15
4.442312732e+15
3.443604904e+15
2.69623834e+15
2.144591189e+15
1.73600115e+15
1.433239157e+15
1.2049932e+15
1.041929892e+15
9.216605409e+14
8.220086337e+14
7.454373673e+14
6.875335778e+14
6.357525799e+14
6.13205049e+14
5.952675283e+14
5.848940381e+14
5.835472391e+14
5.978942369e+14
6.252490966e+14
6.521410703e+14
7.085968035e+14
7.96248222e+14
9.025332704e+14
1.09709728e+15
1.306690628e+15
1.543906156e+15
1.66144413e+15
1.565731032e+15
1.084632588e+15
3.655558067e+14
5.335223456e+13
4.755416535e+12
7.299751767e-10
4.406615177e-98
9.168084432e-99
1.725007926e-118
9.760808843e-118
1.839578002e-122
3.604421608e-130
9.590492135e-132
9.396515534e-132
9.203828965e-132
9.012319049e-132
8.822348707e-132
8.628555472e-132
8.433083579e-132
8.248868613e-132
8.067695051e-132
7.890379492e-132
7.712630523e-132
7.541294286e-132
7.368958834e-132
7.192526482e-132
7.027015756e-132
1.407330236e+16
2.104665813e+16
2.479811237e+16
2.824496399e+16
3.204860515e+16
3.540403293e+16
3.844930148e+16
4.18978159e+16
4.65610572e+16
4.906623367e+16
5.190180729e+16
5.472883329e+16
5.701748703e+16
5.974688678e+16
6.202052917e+16
6.448237817e+16
6.627839241e+16
6.797941101e+16
6.940895882e+16
7.01122651e+16
7.114534727e+16
7.257384841e+16
7.298279958e+16
7.305598367e+16
7.320830092e+16
7.234673528e+16
7.183315459e+16
6.989030726e+16
6.847501467e+16
6.565016288e+16
6.202975811e+16
5.819772306e+16
5.332463172e+16
4.830625768e+16
4.217316396e+16
3.641367083e+16
3.06729144e+16
2.526123216e+16
2.037448311e+16
1.614357605e+16
1.259524929e+16
9.723629011e+15
7.454980722e+15
5.691529058e+15
4.371629874e+15
3.376084792e+15
2.635478825e+15
2.087575484e+15
1.68579486e+15
1.379099475e+15
1.156499462e+15
9.961529682e+14
8.715755253e+14
7.773064555e+14
6.989002653e+14
6.436359789e+14
5.978981868e+14
5.676232741e+14
5.469246554e+14
5.344083521e+14
5.297835062e+14
5.339530566e+14
5.502469325e+14
5.802039599e+14
6.143945619e+14
6.765872587e+14
7.709639933e+14
8.670026262e+14
1.015008304e+15
1.176533489e+15
1.266699781e+15
1.273949635e+15
9.427210611e+14
4.203671542e+14
7.435785952e+13
1.088566142e+13
0
3.483050201e-97
1.113850279e-97
1.74185461e-104
4.65882282e-116
5.811663198e-121
1.569527529e-126
1.195127542e-131
9.51810675e-132
9.324148233e-132
9.129002115e-132
8.935583746e-132
8.741177348e-132
8.540618073e-132
8.353252636e-132
8.169227396e-132
7.993129977e-132
7.814652691e-132
7.645485852e-132
7.463665695e-132
7.293509617e-132
7.122937803e-132
1.215797168e+16
1.825340384e+16
2.166403077e+16
2.518692335e+16
2.879945953e+16
3.159788474e+16
3.529664621e+16
3.817631945e+16
4.179369351e+16
4.416599803e+16
4.67357723e+16
4.936062493e+16
5.247771968e+16
5.485752129e+16
5.641602033e+16
5.875742599e+16
6.0441237e+16
6.271537423e+16
6.432679516e+16
6.531473757e+16
6.642447539e+16
6.707935227e+16
6.736737914e+16
6.830922897e+16
6.79526308e+16
6.794976823e+16
6.677547767e+16
6.601754226e+16
6.437748805e+16
6.187121545e+16
5.873928004e+16
5.509415019e+16
5.0804617e+16
4.632166669e+16
4.048883111e+16
3.517391527e+16
2.976880402e+16
2.462483011e+16
1.994505207e+16
1.585435418e+16
1.240413834e+16
9.591063467e+15
7.346664549e+15
5.625115046e+15
4.303027072e+15
3.319535276e+15
2.583430361e+15
2.031493118e+15
1.634619282e+15
1.330071163e+15
1.110359218e+15
9.486934716e+14
8.317945345e+14
7.343754314e+14
6.598485875e+14
6.028418551e+14
5.587347802e+14
5.200430381e+14
5.03683908e+14
4.906772291e+14
4.823947326e+14
4.819278284e+14
4.906537761e+14
5.057062481e+14
5.327771736e+14
5.665447085e+14
6.352292675e+14
7.284930032e+14
8.524644807e+14
9.674901323e+14
1.048016221e+15
1.007846803e+15
8.040883082e+14
4.179659308e+14
9.424760775e+13
1.583754812e+13
10612081.97
1.209024969e-85
1.030612067e-97
4.035105028e-104
8.270178522e-115
1.08029506e-121
6.541776358e-127
1.199717722e-131
9.6452214e-132
9.447540452e-132
9.248487167e-132
9.048152652e-132
8.836148853e-132
8.657630252e-132
8.461299295e-132
8.278451025e-132
8.105637788e-132
7.928558589e-132
7.749575368e-132
7.567190044e-132
7.395080778e-132
7.219166698e-132
1.047758594e+16
1.579700697e+16
1.948682541e+16
2.221906277e+16
2.557655723e+16
2.860134385e+16
3.155034068e+16
3.414598427e+16
3.745967612e+16
4.016726224e+16
4.269905366e+16
4.545379903e+16
4.788209742e+16
5.004657468e+16
5.207421347e+16
5.365227763e+16
5.543150663e+16
5.766346852e+16
5.887856956e+16
6.037840509e+16
6.118408422e+16
6.185798741e+16
6.298709912e+16
6.331086899e+16
6.361965285e+16
6.325065733e+16
6.223491626e+16
6.210511446e+16
6.047367254e+16
5.832810434e+16
5.548307016e+16
5.210197257e+16
4.84211542e+16
4.412712705e+16
3.894641482e+16
3.394760233e+16
2.886834162e+16
2.399813885e+16
1.951596659e+16
1.557161669e+16
1.222066537e+16
9.450103028e+15
7.268971401e+15
5.559478471e+15
4.252898171e+15
3.263824926e+15
2.536722491e+15
1.99224499e+15
1.586280561e+15
1.285329523e+15
1.068589169e+15
9.102848581e+14
7.912056234e+14
6.962556462e+14
6.222022611e+14
5.652519316e+14
5.230956911e+14
4.872633513e+14
4.655356801e+14
4.505229805e+14
4.405294556e+14
4.363334149e+14
4.388549621e+14
4.55931349e+14
4.646035269e+14
4.926324063e+14
5.321246824e+14
5.962747847e+14
6.788912975e+14
7.57467403e+14
8.225336167e+14
8.087298806e+14
6.747468664e+14
3.94909601e+14
1.089215838e+14
1.89346389e+13
5985061442
0
8.699287917e-93
1.403909332e-97
1.281743942e-108
2.241069395e-112
7.952289114e-120
1.669878291e-129
9.828919298e-132
9.574762167e-132
9.373577586e-132
9.179695934e-132
8.983710594e-132
8.768405706e-132
8.57166711e-132
8.392009993e-132
8.218612348e-132
8.037446761e-132
7.856951436e-132
7.677291825e-132
7.503962635e-132
7.317752048e-132
9.008500707e+15
1.395569483e+16
1.694402556e+16
1.972107677e+16
2.25874997e+16
2.536489698e+16
2.832362377e+16
3.116559135e+16
3.333103564e+16
3.601497205e+16
3.834110567e+16
4.136728785e+16
4.390517554e+16
4.534364498e+16
4.779440973e+16
4.959831051e+16
5.130337823e+16
5.262896551e+16
5.402538439e+16
5.545113031e+16
5.633793946e+16
5.764587907e+16
5.840004484e+16
5.853914581e+16
5.911157585e+16
5.87097063e+16
5.845298619e+16
5.787168767e+16
5.645042851e+16
5.498923348e+16
5.224637163e+16
4.925775021e+16
4.606280964e+16
4.194042041e+16
3.740570249e+16
3.273022592e+16
2.797383148e+16
2.336904315e+16
1.908042832e+16
1.528585117e+16
1.204197337e+16
9.348165158e+15
7.191436264e+15
5.499288298e+15
4.198656089e+15
3.225059054e+15
2.491155533e+15
1.953298275e+15
1.550249271e+15
1.247259106e+15
1.024327559e+15
8.723617983e+14
7.49405284e+14
6.602237841e+14
5.885223253e+14
5.328192935e+14
4.89488892e+14
4.554822664e+14
4.280835534e+14
4.142624597e+14
4.029143142e+14
3.95867102e+14
3.951948521e+14
4.019937977e+14
4.156355723e+14
4.273091816e+14
4.582002095e+14
5.036367092e+14
5.562610694e+14
6.264909838e+14
6.565897921e+14
6.52684858e+14
5.653210423e+14
3.602978136e+14
1.304640317e+14
2.263131726e+13
5.560483846e+11
8.3569068e-19
4.450645113e-88
5.093814755e-96
9.232371766e-109
2.685438291e-110
2.821003479e-118
3.311468051e-129
1.749359465e-131
9.702496997e-132
9.50155359e-132
9.301384547e-132
9.102940238e-132
8.896934257e-132
8.707488765e-132
8.500764442e-132
8.33779962e-132
8.142799586e-132
7.973269431e-132
7.790670751e-132
7.604499319e-132
7.42906606e-132
7.725935036e+15
1.199131452e+16
1.470358696e+16
1.735079604e+16
1.996757297e+16
2.251720289e+16
2.507309473e+16
2.790837352e+16
2.976035019e+16
3.266151844e+16
3.505750303e+16
3.764119628e+16
3.970561039e+16
4.143296438e+16
4.3508946e+16
4.537063103e+16
4.708874608e+16
4.807175623e+16
5.00652712e+16
5.077530394e+16
5.236235406e+16
5.309359751e+16
5.38087261e+16
5.465037502e+16
5.474712957e+16
5.500225097e+16
5.476495975e+16
5.392646114e+16
5.314629915e+16
5.16881204e+16
4.930719872e+16
4.675165319e+16
4.356502574e+16
3.99655861e+16
3.58890882e+16
3.152676755e+16
2.708661551e+16
2.274649292e+16
1.868868772e+16
1.5015217e+16
1.186926679e+16
9.225071254e+15
7.117827302e+15
5.437547894e+15
4.159787683e+15
3.186689679e+15
2.457786034e+15
1.91778755e+15
1.513910374e+15
1.208525441e+15
9.957199339e+14
8.396521899e+14
7.212362241e+14
6.252747634e+14
5.559250004e+14
5.004108948e+14
4.58763427e+14
4.257831961e+14
3.960699047e+14
3.816713082e+14
3.705755785e+14
3.612641187e+14
3.565813699e+14
3.578788189e+14
3.63227874e+14
3.782262041e+14
3.896765597e+14
4.218987913e+14
4.652767421e+14
5.084737865e+14
5.406058511e+14
5.263555183e+14
4.721811519e+14
3.205592201e+14
1.294676503e+14
3.297549293e+13
4.721507776e+12
0
1.590447767e-89
1.354801137e-94
9.069009244e-106
9.302169122e-109
2.677300954e-117
1.700895176e-120
2.237911654e-131
9.830984299e-132
9.630172154e-132
9.425618894e-132
9.222443925e-132
9.018199949e-132
8.822944606e-132
8.623867845e-132
8.452125183e-132
8.26288995e-132
8.084454722e-132
7.900037734e-132
7.72392898e-132
7.54664929e-132
6.611264164e+15
1.062004112e+16
1.319073877e+16
1.550530179e+16
1.789628176e+16
2.039774929e+16
2.250659999e+16
2.521224755e+16
2.696714383e+16
2.918391089e+16
3.165830649e+16
3.400590202e+16
3.566967649e+16
3.800370054e+16
3.927036292e+16
4.131244697e+16
4.290510245e+16
4.458699559e+16
4.583792253e+16
4.714811646e+16
4.849808226e+16
4.892612589e+16
4.959525123e+16
5.054357983e+16
5.049738637e+16
5.120654147e+16
5.070397413e+16
4.986418413e+16
4.969116583e+16
4.834481339e+16
4.627762931e+16
4.408575889e+16
4.127179971e+16
3.811658429e+16
3.440317736e+16
3.029090463e+16
2.620578232e+16
2.212698979e+16
1.826543007e+16
1.474882835e+16
1.169925518e+16
9.137226491e+15
7.050889175e+15
5.393895448e+15
4.113593202e+15
3.152061272e+15
2.426315426e+15
1.88372036e+15
1.486259455e+15
1.176840647e+15
9.643869881e+14
8.082224658e+14
6.917408859e+14
5.987603808e+14
5.298894243e+14
4.75436441e+14
4.298281323e+14
3.984553484e+14
3.720217744e+14
3.533088607e+14
3.397067573e+14
3.300202745e+14
3.232313746e+14
3.212710559e+14
3.206452402e+14
3.282500905e+14
3.404789128e+14
3.559354937e+14
3.882800448e+14
4.209024416e+14
4.399731177e+14
4.339101593e+14
3.876844483e+14
2.802358577e+14
1.329721117e+14
3.933779958e+13
8.412835902e+12
30386.28221
5.407672634e-82
2.744814342e-93
1.210493284e-104
3.50282141e-107
9.868708395e-115
2.970745074e-121
5.096934848e-123
1.180347594e-131
9.762511331e-132
9.554891825e-132
9.347156622e-132
9.142420802e-132
8.945756568e-132
8.749756618e-132
8.570451145e-132
8.386837839e-132
8.197077891e-132
8.016657194e-132
7.834143037e-132
7.65773008e-132
5.643274258e+15
9.041687247e+15
1.142329903e+16
1.353244133e+16
1.563986047e+16
1.798991626e+16
2.011656648e+16
2.246818726e+16
2.419231104e+16
2.670106438e+16
2.854236006e+16
3.050968395e+16
3.226476949e+16
3.464185643e+16
3.623113285e+16
3.751898164e+16
3.900110881e+16
4.085053759e+16
4.184971552e+16
4.323581129e+16
4.450121365e+16
4.533873075e+16
4.624702838e+16
4.669390225e+16
4.72286494e+16
4.737294167e+16
4.701710735e+16
4.681505938e+16
4.619163986e+16
4.508059244e+16
4.372264906e+16
4.158225334e+16
3.896828987e+16
3.628861747e+16
3.295150413e+16
2.913104671e+16
2.532605632e+16
2.15052879e+16
1.783447073e+16
1.447956541e+16
1.153147904e+16
9.026180138e+15
6.97299221e+15
5.333042029e+15
4.0882155e+15
3.115152206e+15
2.399543236e+15
1.85912715e+15
1.459703886e+15
1.148997715e+15
9.327188485e+14
7.836719047e+14
6.642232155e+14
5.691663717e+14
5.019214342e+14
4.478812879e+14
4.062629714e+14
3.734641374e+14
3.47647931e+14
3.263818472e+14
3.129208487e+14
3.027315092e+14
2.939297357e+14
2.897553192e+14
2.916431446e+14
2.90573817e+14
2.949600291e+14
3.059207936e+14
3.260533574e+14
3.510548892e+14
3.649901428e+14
3.586353948e+14
3.211734233e+14
2.431874864e+14
1.303562414e+14
4.467505809e+13
1.118880624e+13
0
3.451995339e-77
3.924301104e-94
3.497924211e-96
1.031740396e-101
6.318658349e-114
2.636876839e-117
8.239786921e-122
1.301753452e-131
9.897432233e-132
9.687135183e-132
9.478254959e-132
9.273032121e-132
9.076707496e-132
8.882470901e-132
8.684888731e-132
8.504671412e-132
8.314562456e-132
8.119995917e-132
7.948842518e-132
7.779356515e-132
4.806339989e+15
8.116599062e+15
9.777283112e+15
1.168369288e+16
1.367618954e+16
1.594384592e+16
1.77595378e+16
2.016201553e+16
2.190908739e+16
2.409192102e+16
2.609008676e+16
2.786409724e+16
2.95028428e+16
3.129284721e+16
3.311345528e+16
3.450788985e+16
3.598227611e+16
3.725624285e+16
3.812689501e+16
3.948294533e+16
4.061357863e+16
4.159343782e+16
4.265316466e+16
4.285959587e+16
4.374524712e+16
4.373174313e+16
4.403132552e+16
4.373025438e+16
4.304106379e+16
4.238419055e+16
4.098651516e+16
3.903460712e+16
3.688853193e+16
3.450337942e+16
3.155368086e+16
2.79135463e+16
2.446311426e+16
2.088772307e+16
1.742849168e+16
1.420643414e+16
1.136384884e+16
8.938140339e+15
6.931146876e+15
5.292781589e+15
4.046670982e+15
3.085912918e+15
2.371765559e+15
1.835098927e+15
1.433546489e+15
1.123715359e+15
9.13030737e+14
7.576529362e+14
6.369321596e+14
5.477182645e+14
4.778643762e+14
4.236714733e+14
3.830360909e+14
3.497508812e+14
3.252443142e+14
3.032291423e+14
2.878631398e+14
2.743240853e+14
2.685493582e+14
2.616857029e+14
2.594778589e+14
2.551106839e+14
2.573189465e+14
2.628901694e+14
2.745650018e+14
2.889196805e+14
2.999322568e+14
2.980755009e+14
2.651785876e+14
2.062531457e+14
1.224092792e+14
4.823294014e+13
1.310595071e+13
1.512588457e+11
9.656924736e-26
2.582407626e-88
6.835623537e-95
3.112503451e-101
1.000000885e-110
3.671096962e-116
2.326355193e-119
2.596875508e-129
1.003699899e-131
9.825254161e-132
9.613653515e-132
9.406333529e-132
9.205971917e-132
9.007644274e-132
8.815872534e-132
8.616900113e-132
8.432534515e-132
8.254340932e-132
8.070372609e-132
7.874722158e-132
4.083142643e+15
6.839513215e+15
8.691897959e+15
1.047450775e+16
1.236431825e+16
1.399524598e+16
1.590854827e+16
1.771748479e+16
1.959070504e+16
2.156207125e+16
2.344546672e+16
2.539291538e+16
2.692139924e+16
2.821016375e+16
2.994553401e+16
3.145336618e+16
3.303879175e+16
3.388560183e+16
3.532089933e+16
3.657247213e+16
3.72568357e+16
3.860300277e+16
3.925985081e+16
3.996858833e+16
4.02540998e+16
4.053384546e+16
4.094639584e+16
4.054184169e+16
4.001658493e+16
3.950303004e+16
3.859110155e+16
3.683350931e+16
3.47420473e+16
3.25741946e+16
3.018573351e+16
2.681426235e+16
2.359865692e+16
2.026529254e+16
1.700212337e+16
1.392769748e+16
1.11954047e+16
8.844918236e+15
6.850568039e+15
5.292197538e+15
4.043325767e+15
3.075362903e+15
2.350369668e+15
1.81758577e+15
1.415319001e+15
1.102590394e+15
8.902151261e+14
7.343733699e+14
6.181886062e+14
5.259907947e+14
4.534841873e+14
4.034314705e+14
3.618841494e+14
3.290377071e+14
3.042154436e+14
2.811081505e+14
2.635440057e+14
2.552792994e+14
2.430100134e+14
2.345004456e+14
2.316430293e+14
2.317531085e+14
2.286423658e+14
2.278538734e+14
2.262303188e+14
2.408711019e+14
2.481576134e+14
2.465867953e+14
2.212976559e+14
1.757248498e+14
1.112650103e+14
4.972616074e+13
1.66806893e+13
2.330790199e+12
1.041265094e-13
0
8.633003885e-91
2.69769832e-96
3.582729506e-106
1.285836977e-117
3.99525536e-119
1.088124602e-129
1.017350523e-131
9.966228859e-132
9.751098569e-132
9.537102299e-132
9.328766621e-132
9.132910448e-132
8.931959729e-132
8.736873936e-132
8.549294083e-132
8.375752426e-132
8.194636085e-132
7.963405251e-132
3.459412731e+15
5.817262353e+15
7.41279976e+15
9.026087868e+15
1.070270381e+16
1.248702137e+16
1.411454512e+16
1.582276482e+16
1.741337123e+16
1.928207552e+16
2.122849048e+16
2.268480701e+16
2.444301291e+16
2.560704639e+16
2.708475518e+16
2.837154275e+16
2.992332564e+16
3.124116198e+16
3.241961915e+16
3.343293973e+16
3.455179365e+16
3.555813147e+16
3.590041959e+16
3.669080157e+16
3.708911501e+16
3.781898406e+16
3.779943489e+16
3.794314112e+16
3.751102876e+16
3.674118962e+16
3.625431976e+16
3.456978952e+16
3.315553854e+16
3.087297183e+16
2.886428114e+16
2.570893094e+16
2.274468408e+16
1.964380407e+16
1.657362465e+16
1.365216965e+16
1.102632544e+16
8.737429808e+15
6.790872327e+15
5.245779826e+15
4.014560547e+15
3.075315216e+15
2.331803316e+15
1.797269368e+15
1.398218713e+15
1.087053514e+15
8.685792398e+14
7.160172822e+14
5.978605219e+14
5.052911979e+14
4.35869134e+14
3.83731139e+14
3.438518347e+14
3.107163668e+14
2.850315225e+14
2.646610317e+14
2.475981692e+14
2.359169349e+14
2.258111941e+14
2.175447383e+14
2.086735982e+14
2.050706044e+14
2.013439579e+14
1.996266235e+14
1.970676528e+14
1.923881697e+14
2.023998515e+14
2.001003197e+14
1.848524659e+14
1.480546249e+14
9.882125407e+13
4.91015606e+13
1.778600238e+13
4.719779969e+12
1158.22407
2.281563197e-77
1.714298387e-89
2.31486408e-96
1.048033226e-104
9.931856137e-114
3.410095543e-114
2.793528642e-125
1.366498961e-125
1.011104864e-131
9.895174129e-132
9.682329165e-132
9.472157853e-132
9.261011673e-132
9.070038175e-132
8.85983681e-132
8.687083427e-132
8.475880075e-132
8.287539501e-132
8.084230086e-132
2.924456783e+15
5.230112042e+15
6.674428304e+15
7.764650118e+15
9.30917782e+15
1.0919568e+16
1.239073764e+16
1.382750667e+16
1.560163136e+16
1.732630564e+16
1.90891052e+16
2.026586365e+16
2.184530996e+16
2.338012529e+16
2.449224403e+16
2.606623306e+16
2.708165356e+16
2.846451117e+16
2.942365893e+16
3.051038083e+16
3.177463968e+16
3.247836222e+16
3.338241442e+16
3.413401668e+16
3.458211602e+16
3.49194751e+16
3.49115341e+16
3.527452754e+16
3.495526422e+16
3.447401402e+16
3.377130063e+16
3.261614953e+16
3.112583994e+16
2.914008489e+16
2.741256032e+16
2.461036293e+16
2.189054478e+16
1.901345316e+16
1.613820336e+16
1.33751903e+16
1.085401849e+16
8.648986069e+15
6.790668768e+15
5.24537755e+15
4.015019189e+15
3.05795501e+15
2.327318015e+15
1.782104602e+15
1.382992538e+15
1.072301217e+15
8.523414434e+14
6.984475418e+14
5.795845794e+14
4.863394991e+14
4.178865326e+14
3.639206156e+14
3.251526301e+14
2.93464051e+14
2.669723462e+14
2.476518267e+14
2.312163667e+14
2.168757428e+14
2.078540801e+14
1.997780309e+14
1.924306599e+14
1.847269224e+14
1.786621873e+14
1.755250401e+14
1.71406246e+14
1.662337221e+14
1.602833859e+14
1.637204299e+14
1.537854748e+14
1.23026523e+14
8.626070608e+13
4.6933386e+13
1.972078601e+13
6.40406891e+12
0
8.273479571e-79
6.204421783e-89
1.850429234e-90
6.160735174e-98
2.6165815e-103
5.699623801e-113
1.062294594e-120
2.508889945e-125
1.025652854e-131
1.003534514e-131
9.818528519e-132
9.610757424e-132
9.408320037e-132
9.208843986e-132
9.029953396e-132
8.83386987e-132
8.658530967e-132
8.449005927e-132
8.248634028e-132
2.465781025e+15
4.335121834e+15
5.592466478e+15
7.028737164e+15
8.176013709e+15
9.546964101e+15
1.109279026e+16
1.247311433e+16
1.391059032e+16
1.542199874e+16
1.700508663e+16
1.802493402e+16
1.964892567e+16
2.128422818e+16
2.233331182e+16
2.381956179e+16
2.485673336e+16
2.582658779e+16
2.721344027e+16
2.819144562e+16
2.90407341e+16
2.965864522e+16
3.055203786e+16
3.134035586e+16
3.184794672e+16
3.217996441e+16
3.264321185e+16
3.255376067e+16
3.237369444e+16
3.222820527e+16
3.136654192e+16
3.055793962e+16
2.922882264e+16
2.782488298e+16
2.585474622e+16
2.358567974e+16
2.106036367e+16
1.83952723e+16
1.570674943e+16
1.307953972e+16
1.067734647e+16
8.5509365e+15
6.742031158e+15
5.200241498e+15
3.995685758e+15
3.058146812e+15
2.332686397e+15
1.782104787e+15
1.367835573e+15
1.059261504e+15
8.366207758e+14
6.821690931e+14
5.642798285e+14
4.72598024e+14
4.013412292e+14
3.490001661e+14
3.081075216e+14
2.783868401e+14
2.532199577e+14
2.324427423e+14
2.1616718e+14
2.012968037e+14
1.901581515e+14
1.824797809e+14
1.752210875e+14
1.655160488e+14
1.618016028e+14
1.557435118e+14
1.495291755e+14
1.44026851e+14
1.38669496e+14
1.302081007e+14
1.270888077e+14
1.030532841e+14
7.509943903e+13
4.346041469e+13
2.057412462e+13
7.805093388e+12
1.263396973e+11
1.262489477e-31
8.059464049e-84
2.648044506e-91
2.90574912e-97
1.483487288e-103
1.81478114e-108
2.718504244e-119
2.353978889e-122
2.067250611e-131
1.476784252e-131
9.968153078e-132
9.758514232e-132
9.550291619e-132
9.350433537e-132
9.162070185e-132
8.972611764e-132
8.770844342e-132
8.586487357e-132
8.393184512e-132
2.073249852e+15
3.665807939e+15
4.773901841e+15
5.956505816e+15
7.413552931e+15
8.579870628e+15
9.770970339e+15
1.104871468e+16
1.257074732e+16
1.355630933e+16
1.493425321e+16
1.640234231e+16
1.772913787e+16
1.901160363e+16
2.013942034e+16
2.141741185e+16
2.260483946e+16
2.376221982e+16
2.48693195e+16
2.591637281e+16
2.641102022e+16
2.751309006e+16
2.801031789e+16
2.87693345e+16
2.927837356e+16
2.95859685e+16
3.014410329e+16
3.007391589e+16
3.000855094e+16
2.990030613e+16
2.949936234e+16
2.875051757e+16
2.753338379e+16
2.62059929e+16
2.445518597e+16
2.2559563e+16
2.021905083e+16
1.776471682e+16
1.526110072e+16
1.279980984e+16
1.049868404e+16
8.44960573e+15
6.671474721e+15
5.200149403e+15
3.995538421e+15
3.053603069e+15
2.321976327e+15
1.770003303e+15
1.359685189e+15
1.047806337e+15
8.253388902e+14
6.674080552e+14
5.50359664e+14
4.576202753e+14
3.869517674e+14
3.335676952e+14
2.946428222e+14
2.627783804e+14
2.384214657e+14
2.176929694e+14
2.022035082e+14
1.885895379e+14
1.769183924e+14
1.663527517e+14
1.594499975e+14
1.526916967e+14
1.45251627e+14
1.383103188e+14
1.315390922e+14
1.253877099e+14
1.184275102e+14
1.122719341e+14
1.020682024e+14
8.692529543e+13
6.550126524e+13
3.943638207e+13
1.988454242e+13
9.322514406e+12
1.600905855e+12
4.247099516e-33
1.530085336e-83
2.145061301e-87
1.712931323e-91
4.314359476e-99
2.691301103e-107
6.528074647e-117
5.706601899e-122
1.786166506e-125
4.213426181e-133
1.012394219e-131
9.909254512e-132
9.697260822e-132
9.489686151e-132
9.29877976e-132
9.111372847e-132
8.925422423e-132
8.72171062e-132
8.526948347e-132
1.739132562e+15
3.28599473e+15
4.255159556e+15
5.135502255e+15
6.345490728e+15
7.37918851e+15
8.50674717e+15
9.659651842e+15
1.106250932e+16
1.241105874e+16
1.34974234e+16
1.473125236e+16
1.582221499e+16
1.69086615e+16
1.841742101e+16
1.928398152e+16
2.043324115e+16
2.165871428e+16
2.24605129e+16
2.36651629e+16
2.442482338e+16
2.520698893e+16
2.60180608e+16
2.627961373e+16
2.71881444e+16
2.755461069e+16
2.782085718e+16
2.810976192e+16
2.805567283e+16
2.767718563e+16
2.749474434e+16
2.695389941e+16
2.590637098e+16
2.469007125e+16
2.316030335e+16
2.157809663e+16
1.942234975e+16
1.714112829e+16
1.481670699e+16
1.249496114e+16
1.031065518e+16
8.341893696e+15
6.633957303e+15
5.15488985e+15
3.983135837e+15
3.046468639e+15
2.322032895e+15
1.769663864e+15
1.359642656e+15
1.038255682e+15
8.13758712e+14
6.547187346e+14
5.391313065e+14
4.449920145e+14
3.74131476e+14
3.211429267e+14
2.804488343e+14
2.508399944e+14
2.251710255e+14
2.059396532e+14
1.893283041e+14
1.762281987e+14
1.636621578e+14
1.550918691e+14
1.46924165e+14
1.390405469e+14
1.30683267e+14
1.251297188e+14
1.172999997e+14
1.105017729e+14
1.018488227e+14
9.611039813e+13
8.688462756e+13
7.348071685e+13
5.570636368e+13
3.507083029e+13
1.985356381e+13
9.924532595e+12
3.17399751e+12
4153.945369
3.718536428e-64
2.227535065e-87
5.52939529e-90
1.157849561e-97
1.587374835e-107
9.391807495e-116
1.800196638e-116
0
5.149760333e-130
1.027511858e-131
1.005612205e-131
9.833186637e-132
9.640535245e-132
9.447748694e-132
9.254368765e-132
9.061638717e-132
8.860057973e-132
8.650972291e-132
1.454995691e+15
2.70608968e+15
3.534569774e+15
4.343436677e+15
5.40943264e+15
6.414958976e+15
7.578675321e+15
8.72994178e+15
9.954397399e+15
1.090319958e+16
1.209344263e+16
1.290450391e+16
1.445024585e+16
1.552380408e+16
1.674124495e+16
1.762438045e+16
1.874181632e+16
1.950869041e+16
2.038807047e+16
2.131585791e+16
2.225941145e+16
2.30459864e+16
2.390333319e+16
2.443911026e+16
2.497680715e+16
2.533271768e+16
2.549619247e+16
2.597316406e+16
2.599654953e+16
2.592922194e+16
2.5530149e+16
2.534033793e+16
2.435926535e+16
2.31413131e+16
2.18046669e+16
2.060887184e+16
1.853393934e+16
1.648646025e+16
1.43405332e+16
1.21966183e+16
1.012019045e+16
8.229669126e+15
6.567091061e+15
5.154976778e+15
3.983334934e+15
3.054023703e+15
2.333695152e+15
1.778451288e+15
1.356471508e+15
1.035907935e+15
8.09037806e+14
6.46195791e+14
5.275501552e+14
4.348830583e+14
3.620978776e+14
3.090637477e+14
2.677315011e+14
2.382036991e+14
2.144841841e+14
1.939211412e+14
1.784768338e+14
1.648724352e+14
1.536509927e+14
1.437525508e+14
1.338142653e+14
1.260940776e+14
1.204072794e+14
1.123105922e+14
1.048837811e+14
9.692447582e+13
9.016026871e+13
8.245127655e+13
7.417346374e+13
6.198170915e+13
4.762402332e+13
3.148777632e+13
1.882684612e+13
1.007772679e+13
4.261241451e+12
116328820.7
4.935980345e-46
7.027541652e-79
2.174397216e-88
8.382729655e-97
6.148115136e-101
1.256500495e-109
4.581618506e-114
4.798883232e-120
8.970470262e-130
1.043202558e-131
1.022007991e-131
1.001284442e-131
9.794311628e-132
9.598274815e-132
9.398672192e-132
9.19364824e-132
8.997336637e-132
8.791008835e-132
1.213974002e+15
2.255860938e+15
3.175313136e+15
3.948782035e+15
4.684090622e+15
5.629957694e+15
6.565665503e+15
7.651337823e+15
8.818447554e+15
9.782979045e+15
1.055430194e+16
1.173111082e+16
1.308512443e+16
1.39169638e+16
1.505762698e+16
1.598778227e+16
1.70358224e+16
1.788753709e+16
1.879396743e+16
1.94292687e+16
2.023027736e+16
2.08803703e+16
2.188223667e+16
2.246396067e+16
2.290902645e+16
2.327991987e+16
2.380922205e+16
2.39299013e+16
2.398620803e+16
2.405353718e+16
2.386151731e+16
2.352177194e+16
2.290624794e+16
2.179023528e+16
2.083004308e+16
1.940957003e+16
1.775349338e+16
1.585840444e+16
1.389594129e+16
1.188130536e+16
9.919876199e+15
8.112253839e+15
6.504785075e+15
5.109338859e+15
3.974900636e+15
3.049278702e+15
2.332484655e+15
1.778756106e+15
1.361098047e+15
1.033126398e+15
8.000448437e+14
6.387075071e+14
5.18049207e+14
4.250941327e+14
3.521441048e+14
2.982326951e+14
2.581979797e+14
2.263993822e+14
2.029459279e+14
1.845611375e+14
1.678887625e+14
1.549359934e+14
1.436878955e+14
1.32764054e+14
1.246391082e+14
1.172354446e+14
1.095305366e+14
1.017502215e+14
9.520330923e+13
8.721005301e+13
7.993457757e+13
7.240010435e+13
6.350500158e+13
5.290736037e+13
4.118118824e+13
2.802474319e+13
1.741948805e+13
9.925422757e+12
5.26348836e+12
1.664141e+11
5.798092017e-28
0
4.375739063e-85
4.16871039e-95
1.793145342e-100
5.921271877e-109
1.219933084e-112
1.741752323e-119
9.896344276e-124
9.697471019e-132
1.037938427e-131
1.016468223e-131
9.95370621e-132
9.753405573e-132
9.550533555e-132
9.34944849e-132
9.137263579e-132
8.932025789e-132
1.010362992e+15
1.97689669e+15
2.635935704e+15
3.341656732e+15
4.221677217e+15
5.076174057e+15
5.898615007e+15
6.731765087e+15
7.748378823e+15
8.576773994e+15
9.578306833e+15
1.058688248e+16
1.160835815e+16
1.253609695e+16
1.364057177e+16
1.459308662e+16
1.543152128e+16
1.62381747e+16
1.709209166e+16
1.792331322e+16
1.866430879e+16
1.935811057e+16
1.983825865e+16
2.056616251e+16
2.088983103e+16
2.162001922e+16
2.198137649e+16
2.201087549e+16
2.236741103e+16
2.220266903e+16
2.215097602e+16
2.173924513e+16
2.125703258e+16
2.049787014e+16
1.963676414e+16
1.837796471e+16
1.698240713e+16
1.52758797e+16
1.344442214e+16
1.158145683e+16
9.711950253e+15
7.989226388e+15
6.43993388e+15
5.109235333e+15
3.974121328e+15
3.066481199e+15
2.345146075e+15
1.787858058e+15
1.364828156e+15
1.032560958e+15
7.978736037e+14
6.314320417e+14
5.091231804e+14
4.166284149e+14
3.429935167e+14
2.886762676e+14
2.479227315e+14
2.159250866e+14
1.931403514e+14
1.7418547e+14
1.586280498e+14
1.450181348e+14
1.34280227e+14
1.247683956e+14
1.152919405e+14
1.083044967e+14
9.992525366e+13
9.379287967e+13
8.582705037e+13
7.807345233e+13
7.120793689e+13
6.333381099e+13
5.568359563e+13
4.492544984e+13
3.554949781e+13
2.494427054e+13
1.546610082e+13
9.465694729e+12
5.15335333e+12
1.325106078e+12
0.01147054292
5.355076585e-61
0
1.216786896e-90
8.524561812e-97
1.442481588e-103
1.281452212e-113
6.074399432e-116
4.274949367e-123
3.255216432e-131
1.054522546e-131
1.033157261e-131
1.011654806e-131
9.911154543e-132
9.702788934e-132
9.492159794e-132
9.279930771e-132
9.078314175e-132
8.388642266e+14
1.711699198e+15
2.195529362e+15
2.797068255e+15
3.53022136e+15
4.311480436e+15
5.117632979e+15
5.854769076e+15
6.892829262e+15
7.684494693e+15
8.457096605e+15
9.466501284e+15
1.035242587e+16
1.134694031e+16
1.204054057e+16
1.319225781e+16
1.370075169e+16
1.455894755e+16
1.549702249e+16
1.635784772e+16
1.698557538e+16
1.773850902e+16
1.811392408e+16
1.868364832e+16
1.938897742e+16
1.990054196e+16
2.00960915e+16
2.053178206e+16
2.061348342e+16
2.077399554e+16
2.047196976e+16
2.019870922e+16
1.997998711e+16
1.931322982e+16
1.842094342e+16
1.728375601e+16
1.625290701e+16
1.470214023e+16
1.2992783e+16
1.124591135e+16
9.497719575e+15
7.860073455e+15
6.372880289e+15
5.060599077e+15
3.964709056e+15
3.062038656e+15
2.352341476e+15
1.794617053e+15
1.369296883e+15
1.0367821e+15
7.926371552e+14
6.281871295e+14
5.033928556e+14
4.090656808e+14
3.359540211e+14
2.803590778e+14
2.386191762e+14
2.081849184e+14
1.839735145e+14
1.646950685e+14
1.500482337e+14
1.3728922e+14
1.256558402e+14
1.166663819e+14
1.078524453e+14
9.953497007e+13
9.287001544e+13
8.553415632e+13
7.798026506e+13
7.049352173e+13
6.395112531e+13
5.502326048e+13
4.862325168e+13
3.955478547e+13
3.064105246e+13
2.235377656e+13
1.402086552e+13
8.871949389e+12
5.192942935e+12
2.309652484e+12
0
1.300719799e-50
9.192029496e-73
3.290638662e-90
3.002621281e-94
2.412136551e-102
9.520650086e-109
4.27701371e-115
5.36017171e-119
4.595817674e-126
1.071667129e-131
1.049741014e-131
1.028160529e-131
1.007126578e-131
9.860140131e-132
9.647693221e-132
9.424922656e-132
9.218728125e-132
6.946857436e+14
1.394281117e+15
1.977049373e+15
2.369983339e+15
3.02213831e+15
3.682089387e+15
4.385989664e+15
5.276357546e+15
6.004598701e+15
6.776554438e+15
7.519635671e+15
8.418852888e+15
9.155379018e+15
1.023385585e+16
1.099065508e+16
1.179404887e+16
1.254695261e+16
1.333891719e+16
1.39129795e+16
1.474576015e+16
1.533763563e+16
1.605772237e+16
1.675752533e+16
1.73169722e+16
1.784840821e+16
1.810637573e+16
1.846809659e+16
1.892106217e+16
1.9012853e+16
1.924997175e+16
1.91643977e+16
1.895295813e+16
1.873308033e+16
1.811503126e+16
1.731233996e+16
1.652199377e+16
1.534216923e+16
1.403878486e+16
1.244011253e+16
1.088536878e+16
9.268306947e+15
7.723950228e+15
6.297225719e+15
5.060001644e+15
3.965097168e+15
3.077109838e+15
2.362060773e+15
1.803572688e+15
1.375225878e+15
1.046025414e+15
7.932209974e+14
6.248189865e+14
4.98481133e+14
4.025462363e+14
3.291484193e+14
2.721747689e+14
2.314536783e+14
1.995214153e+14
1.751150576e+14
1.572425624e+14
1.414792364e+14
1.297889449e+14
1.188488164e+14
1.090757664e+14
1.006863139e+14
9.242661391e+13
8.582517016e+13
7.822323167e+13
7.191050255e+13
6.456158986e+13
5.673167038e+13
4.977013595e+13
4.221048565e+13
3.484312492e+13
2.675937179e+13
1.998456017e+13
1.258487585e+13
8.212526146e+12
5.327834696e+12
2.887312539e+12
2.936396646e+10
4.709633118e-52
3.303136676e-74
3.714849496e-87
5.052616762e-94
1.06937706e-101
1.472907473e-108
3.067582247e-111
5.193272411e-117
7.952353227e-127
1.07339593e-131
1.066359373e-131
1.044780578e-131
1.022888633e-131
1.002091278e-131
9.796146712e-132
9.578587608e-132
9.366883145e-132
5.737278216e+14
1.123160339e+15
1.647589853e+15
2.126690869e+15
2.742800548e+15
3.180196071e+15
3.975574609e+15
4.537930303e+15
5.223546027e+15
5.940870768e+15
6.778035994e+15
7.570573523e+15
8.073206043e+15
9.023623958e+15
9.866981222e+15
1.041246259e+16
1.141552909e+16
1.215586573e+16
1.278785373e+16
1.333522531e+16
1.413679724e+16
1.453599939e+16
1.533797544e+16
1.57860902e+16
1.620430489e+16
1.661639459e+16
1.716910109e+16
1.738957121e+16
1.771264844e+16
1.773307753e+16
1.777954491e+16
1.77003221e+16
1.749833958e+16
1.700551632e+16
1.626342372e+16
1.556565776e+16
1.45092693e+16
1.340437366e+16
1.203302098e+16
1.056550884e+16
9.061730227e+15
7.584543973e+15
6.22080387e+15
5.028938571e+15
3.94805151e+15
3.07313267e+15
2.372041974e+15
1.811401613e+15
1.380676468e+15
1.048971188e+15
7.928803384e+14
6.190185564e+14
4.961187501e+14
3.977987886e+14
3.232110717e+14
2.665330087e+14
2.239989605e+14
1.924039254e+14
1.679044564e+14
1.495057446e+14
1.349120793e+14
1.222039301e+14
1.115940584e+14
1.026887522e+14
9.469691288e+13
8.692252954e+13
7.905233791e+13
7.230036046e+13
6.587446534e+13
5.875608498e+13
5.202203261e+13
4.499538625e+13
3.825434738e+13
3.120192966e+13
2.362377576e+13
1.789615066e+13
1.147183402e+13
7.571781157e+12
5.100213862e+12
3.359315789e+12
5.347530821e+11
4.227736151e-07
1.23905001e-60
0
8.830283573e-87
3.154330663e-95
6.286218624e-104
4.302060458e-112
5.003168368e-115
1.516785547e-120
2.514287078e-131
1.691210799e-131
1.06167404e-131
1.040803704e-131
1.016914517e-131
9.955402918e-132
9.735219521e-132
9.51788586e-132
4.726183874e+14
9.807432484e+14
1.328365813e+15
1.779637087e+15
2.326837435e+15
2.885538039e+15
3.356925334e+15
3.950953606e+15
4.492463808e+15
5.370937704e+15
5.956264349e+15
6.751833512e+15
7.301923243e+15
8.166167721e+15
8.693574248e+15
9.335079622e+15
1.014967434e+16
1.102973119e+16
1.161283789e+16
1.208560831e+16
1.288931333e+16
1.341480423e+16
1.385791289e+16
1.432452996e+16
1.479333588e+16
1.54049325e+16
1.575182093e+16
1.590666548e+16
1.629327815e+16
1.630512309e+16
1.636045614e+16
1.65718207e+16
1.639101799e+16
1.586478097e+16
1.530190418e+16
1.459963987e+16
1.383520579e+16
1.283478056e+16
1.160952521e+16
1.023508973e+16
8.826411279e+15
7.433410747e+15
6.138809054e+15
4.972879863e+15
3.948524076e+15
3.09060011e+15
2.383815773e+15
1.828492009e+15
1.393081787e+15
1.0551029e+15
7.953896809e+14
6.1926881e+14
4.92276058e+14
3.938161071e+14
3.182416454e+14
2.609250133e+14
2.176475187e+14
1.858765997e+14
1.612769086e+14
1.425450124e+14
1.27739851e+14
1.153691266e+14
1.060481231e+14
9.625472283e+13
8.911138342e+13
8.152149392e+13
7.455779026e+13
6.767774956e+13
6.036098805e+13
5.439544746e+13
4.721219168e+13
4.117469363e+13
3.451321368e+13
2.805366135e+13
2.133070578e+13
1.60647473e+13
1.074790269e+13
6.683240087e+12
4.723693677e+12
3.12200216e+12
1.218560174e+12
0
6.920103619e-49
5.610619055e-79
1.736425062e-85
2.205901652e-93
4.147397472e-103
3.909777741e-104
1.396957086e-115
6.327029357e-121
1.081688849e-126
2.89358994e-131
1.078711113e-131
1.056638775e-131
1.033780702e-131
1.011520702e-131
9.890210778e-132
9.677709306e-132
3.883910873e+14
8.38416368e+14
1.187308411e+15
1.456362435e+15
1.93927102e+15
2.460410762e+15
2.893865918e+15
3.442173803e+15
4.078546962e+15
4.656101927e+15
5.352277841e+15
6.070839323e+15
6.515178936e+15
7.247816989e+15
7.862547334e+15
8.488253219e+15
9.060552653e+15
9.881227407e+15
1.041189566e+16
1.110437805e+16
1.159051884e+16
1.223524398e+16
1.258603594e+16
1.325985281e+16
1.369009454e+16
1.413091133e+16
1.441790272e+16
1.481055724e+16
1.495694441e+16
1.521409534e+16
1.530268902e+16
1.530024083e+16
1.513375067e+16
1.4905658e+16
1.439363294e+16
1.371484458e+16
1.302892731e+16
1.215793156e+16
1.116029648e+16
9.852524707e+15
8.563704206e+15
7.274572587e+15
6.048156458e+15
4.940751707e+15
3.9217652e+15
3.089623754e+15
2.394926125e+15
1.836867834e+15
1.401102235e+15
1.064720573e+15
8.000682185e+14
6.207436655e+14
4.923774461e+14
3.935738998e+14
3.143486521e+14
2.562907345e+14
2.12622856e+14
1.799739385e+14
1.555005369e+14
1.357481104e+14
1.21556556e+14
1.100409187e+14
9.999045347e+13
9.158305223e+13
8.369942534e+13
7.644831402e+13
6.972506673e+13
6.313719718e+13
5.693858764e+13
5.014977041e+13
4.393882478e+13
3.754109456e+13
3.140328796e+13
2.563603197e+13
1.926390882e+13
1.442450156e+13
9.962329177e+12
6.218666951e+12
4.282900329e+12
3.12305749e+12
1.797278498e+12
5354748086
0
0
3.947821866e-86
5.81191094e-88
1.35486293e-94
2.64318078e-102
1.23306557e-107
1.869301196e-117
7.013157133e-125
1.32575781e-128
1.096848753e-131
1.073666191e-131
1.050495092e-131
1.028399607e-131
1.006630456e-131
9.842439749e-132
3.183753876e+14
6.684820102e+14
9.924068388e+14
1.318927075e+15
1.630576883e+15
2.043093809e+15
2.560931583e+15
3.127171868e+15
3.55611805e+15
4.08230003e+15
4.709621354e+15
5.314401656e+15
5.76607939e+15
6.320747694e+15
6.9666495e+15
7.624209518e+15
8.294408565e+15
8.831096404e+15
9.366971649e+15
1.004118498e+16
1.044381449e+16
1.102090583e+16
1.160425955e+16
1.212959981e+16
1.254500555e+16
1.284076224e+16
1.311953809e+16
1.359678288e+16
1.377303611e+16
1.408630179e+16
1.414012055e+16
1.405217329e+16
1.393752986e+16
1.394930617e+16
1.348278902e+16
1.293200439e+16
1.231112115e+16
1.153261945e+16
1.061697928e+16
9.48110962e+15
8.323201834e+15
7.111990401e+15
5.950300559e+15
4.885811353e+15
3.921511558e+15
3.098780406e+15
2.406007708e+15
1.85372862e+15
1.412942328e+15
1.082131402e+15
8.069659751e+14
6.243083269e+14
4.915205061e+14
3.905144546e+14
3.112674685e+14
2.521022046e+14
2.086277689e+14
1.745200329e+14
1.497827185e+14
1.308569702e+14
1.160372127e+14
1.041768896e+14
9.434985253e+13
8.62715508e+13
7.872695364e+13
7.201487449e+13
6.550108591e+13
5.943183335e+13
5.319415285e+13
4.718344691e+13
4.090045805e+13
3.500555325e+13
2.913105617e+13
2.323944149e+13
1.785735171e+13
1.33269015e+13
9.367609043e+12
5.715932973e+12
3.996092869e+12
2.928980437e+12
2.086247834e+12
2.169232792e+11
4.070220477e-09
4.663514104e-54
1.41216211e-71
2.075398869e-88
1.707157472e-93
1.015057267e-100
8.518437333e-106
3.736506217e-117
1.196841979e-123
1.521612647e-127
1.107661711e-131
1.091119289e-131
1.067742886e-131
1.045307238e-131
1.023218004e-131
1.000790918e-131
2.603760628e+14
5.79770699e+14
8.469428487e+14
1.08367425e+15
1.441257867e+15
1.735944648e+15
2.166372616e+15
2.657738064e+15
3.076187546e+15
3.661936539e+15
4.18095391e+15
4.528813531e+15
5.17023483e+15
5.710626554e+15
6.342391099e+15
6.803765731e+15
7.357128539e+15
7.868830939e+15
8.579539974e+15
9.12780662e+15
9.611417729e+15
9.984232916e+15
1.059831005e+16
1.090121554e+16
1.134879447e+16
1.17059246e+16
1.219208284e+16
1.242762229e+16
1.270987577e+16
1.284724927e+16
1.299638456e+16
1.299912066e+16
1.291892447e+16
1.295771306e+16
1.258124973e+16
1.22509532e+16
1.161080678e+16
1.088099109e+16
1.015017939e+16
9.18872976e+15
8.085131632e+15
6.936114106e+15
5.84388787e+15
4.827564662e+15
3.885339091e+15
3.093231026e+15
2.414485424e+15
1.867083523e+15
1.43254717e+15
1.089253848e+15
8.128439809e+14
6.224134319e+14
4.915710825e+14
3.908538841e+14
3.109700756e+14
2.490243332e+14
2.046925755e+14
1.708124377e+14
1.452654027e+14
1.259014465e+14
1.107257575e+14
9.902966e+13
8.929438319e+13
8.136843106e+13
7.413697667e+13
6.76641068e+13
6.155193837e+13
5.558622116e+13
4.982899403e+13
4.411737531e+13
3.834164014e+13
3.254523747e+13
2.704007619e+13
2.171782193e+13
1.650976323e+13
1.225635341e+13
8.724787429e+12
5.341352146e+12
3.694840089e+12
2.694171682e+12
1.966585202e+12
6.723551343e+11
0
1.309783637e-42
0
5.169953343e-83
3.056496651e-89
2.876813284e-101
2.119256179e-104
2.689293854e-111
3.829083562e-118
1.636532279e-127
1.178036338e-131
1.109113162e-131
1.085684802e-131
1.063250248e-131
1.040239375e-131
1.017492766e-131
2.12438983e+14
4.694838493e+14
6.852921788e+14
8.896879476e+14
1.256743788e+15
1.570637736e+15
1.942966359e+15
2.264601664e+15
2.79274294e+15
3.167287423e+15
3.74186714e+15
4.100366101e+15
4.594671153e+15
5.091658271e+15
5.667569662e+15
6.178471856e+15
6.671512028e+15
7.202437294e+15
7.778764135e+15
8.145822705e+15
8.698421581e+15
9.152977386e+15
9.528863472e+15
9.918752758e+15
1.031699416e+16
1.082253903e+16
1.116673185e+16
1.132399932e+16
1.162174836e+16
1.179465449e+16
1.195799287e+16
1.194674159e+16
1.206807635e+16
1.197560821e+16
1.180467236e+16
1.141372302e+16
1.094460625e+16
1.033668354e+16
9.601831644e+15
8.85701795e+15
7.803139517e+15
6.75826375e+15
5.732210444e+15
4.763230771e+15
3.885037911e+15
3.085682755e+15
2.425457731e+15
1.881473357e+15
1.438705068e+15
1.096008273e+15
8.209840322e+14
6.250306156e+14
4.915882478e+14
3.906864178e+14
3.088037338e+14
2.465102549e+14
2.010055854e+14
1.67080386e+14
1.407357365e+14
1.211716708e+14
1.059320484e+14
9.444674417e+13
8.497851068e+13
7.69436102e+13
6.99083751e+13
6.367812853e+13
5.7823456e+13
5.2255479e+13
4.675439214e+13
4.129734567e+13
3.58082651e+13
3.040826527e+13
2.519528906e+13
2.016950606e+13
1.529303518e+13
1.132814929e+13
8.204318512e+12
5.162113188e+12
3.283065853e+12
2.40757264e+12
1.963697709e+12
1.112437516e+12
1843476312
0
1.21216572e-58
3.067852843e-84
8.654147213e-88
1.805189445e-98
4.147811528e-103
2.926006946e-111
1.785238634e-116
3.752561563e-125
4.647459928e-131
1.127393844e-131
1.103928739e-131
1.08096895e-131
1.058058405e-131
1.035043032e-131
1.729409058e+14
3.974248965e+14
5.946564754e+14
7.873131324e+14
1.020723322e+15
1.308016028e+15
1.614703184e+15
1.950932838e+15
2.359541911e+15
2.775651517e+15
3.211506826e+15
3.607182811e+15
4.053955928e+15
4.556801908e+15
5.122397447e+15
5.527118127e+15
6.055257138e+15
6.505237173e+15
6.960632333e+15
7.28093594e+15
7.83017287e+15
8.285808252e+15
8.612360384e+15
9.159304208e+15
9.521247503e+15
9.87189261e+15
1.01593119e+16
1.053740908e+16
1.080647866e+16
1.096602531e+16
1.113585817e+16
1.117439328e+16
1.118794181e+16
1.120043352e+16
1.107032779e+16
1.063495653e+16
1.032227968e+16
9.826972743e+15
9.183012048e+15
8.434630804e+15
7.523612114e+15
6.576784616e+15
5.611250083e+15
4.693705582e+15
3.853038548e+15
3.086420308e+15
2.430271857e+15
1.895082285e+15
1.451111795e+15
1.110751247e+15
8.280909358e+14
6.312182226e+14
4.933444589e+14
3.92455843e+14
3.088891144e+14
2.458947964e+14
1.983857759e+14
1.639614284e+14
1.371897159e+14
1.175025618e+14
1.022697656e+14
9.011252879e+13
8.064955761e+13
7.283539735e+13
6.601166807e+13
5.997477362e+13
5.44212155e+13
4.910815886e+13
4.391241358e+13
3.87563278e+13
3.3635333e+13
2.852884231e+13
2.356930331e+13
1.887269681e+13
1.428180325e+13
1.057307515e+13
7.723026684e+12
4.963638488e+12
3.020009825e+12
2.243582132e+12
1.705899876e+12
1.338349724e+12
6.840701051e+10
1.549186999e-11
0
1.299971969e-70
1.071426722e-86
8.692218278e-98
5.839086752e-102
5.158538204e-109
4.47600654e-116
1.064283933e-123
1.877084863e-129
1.146787769e-131
1.122114691e-131
1.094750513e-131
1.076291486e-131
1.053156186e-131
1.404710773e+14
3.165335981e+14
4.90114232e+14
6.517409206e+14
8.554730073e+14
1.092702256e+15
1.434747847e+15
1.767190021e+15
2.042081546e+15
2.443986642e+15
2.705741649e+15
3.141557607e+15
3.643854643e+15
4.054563852e+15
4.585348358e+15
4.899398412e+15
5.436972878e+15
5.792545039e+15
6.2075087e+15
6.677783564e+15
7.008333251e+15
7.426832173e+15
7.936455337e+15
8.325825863e+15
8.704925055e+15
8.901310545e+15
9.205538382e+15
9.650561168e+15
9.866219636e+15
1.004506926e+16
1.021530539e+16
1.037617126e+16
1.034728214e+16
1.034102691e+16
1.026882155e+16
9.980780949e+15
9.671825076e+15
9.220973914e+15
8.646282026e+15
8.060112882e+15
7.303437375e+15
6.402065202e+15
5.485945072e+15
4.618396936e+15
3.829186539e+15
3.067573782e+15
2.443478984e+15
1.908218798e+15
1.481126342e+15
1.127102748e+15
8.437525102e+14
6.402934489e+14
4.98069927e+14
3.903964719e+14
3.090272087e+14
2.447551971e+14
1.961932173e+14
1.609549535e+14
1.345223511e+14
1.136478306e+14
9.82638478e+13
8.612702488e+13
7.688198163e+13
6.904642577e+13
6.244838775e+13
5.657513288e+13
5.125655967e+13
4.619220226e+13
4.128562184e+13
3.64103748e+13
3.153093579e+13
2.675615956e+13
2.21104136e+13
1.765697391e+13
1.341986421e+13
9.936383817e+12
7.301219957e+12
4.825509501e+12
2.864398007e+12
2.0794217e+12
1.632738789e+12
1.253705423e+12
4.26257702e+11
0
3.984318178e-40
4.332607e-68
1.66566156e-85
1.447250232e-91
1.500746926e-101
1.180619144e-107
2.617313491e-114
1.006193623e-118
3.847561328e-126
1.166637227e-131
1.143167008e-131
1.12250335e-131
1.095267722e-131
1.071535147e-131
1.138606092e+14
2.69759931e+14
4.147173309e+14
5.560371555e+14
7.567585472e+14
9.776988401e+14
1.187395728e+15
1.495845483e+15
1.759913266e+15
2.06707972e+15
2.424447096e+15
2.841628033e+15
3.217263653e+15
3.638191331e+15
4.068565876e+15
4.432764644e+15
4.702289345e+15
5.131719454e+15
5.534400405e+15
6.060575523e+15
6.416311489e+15
6.827018466e+15
7.246873126e+15
7.490982925e+15
7.833341625e+15
8.234812422e+15
8.536134655e+15
8.772834717e+15
9.030998874e+15
9.19509877e+15
9.333854683e+15
9.558597634e+15
9.607727039e+15
9.508993255e+15
9.582484211e+15
9.359768021e+15
9.05169738e+15
8.685438572e+15
8.178191799e+15
7.651178367e+15
7.01770411e+15
6.183361184e+15
5.361581793e+15
4.538129028e+15
3.7833084e+15
3.067915084e+15
2.443441047e+15
1.92066825e+15
1.494253294e+15
1.142078498e+15
8.583327343e+14
6.489766001e+14
5.017129256e+14
3.93297287e+14
3.106299867e+14
2.447480066e+14
1.941192377e+14
1.585391384e+14
1.317336005e+14
1.109479614e+14
9.524215579e+13
8.309144196e+13
7.33300117e+13
6.563529089e+13
5.915270516e+13
5.345464155e+13
4.833525321e+13
4.352073569e+13
3.887534483e+13
3.427666138e+13
2.970533443e+13
2.520582703e+13
2.08378274e+13
1.66556269e+13
1.272582584e+13
9.409376713e+12
6.936447112e+12
4.672530977e+12
2.761569821e+12
1.917730385e+12
1.481699251e+12
1.153384514e+12
7.177569655e+11
1383879179
1.46081004e-25
2.991881085e-56
5.927433653e-87
3.529930428e-90
1.566265873e-102
4.656311015e-107
1.309080035e-110
2.817246393e-117
0
1.27911411e-131
1.16271751e-131
1.138716141e-131
1.114733168e-131
1.090531561e-131
9.21042231e+13
2.171271998e+14
3.362618433e+14
4.493129168e+14
6.228575663e+14
8.075882965e+14
1.069491836e+15
1.259940948e+15
1.59046916e+15
1.849365014e+15
2.095819388e+15
2.459135391e+15
2.811488091e+15
3.230486251e+15
3.606825207e+15
3.937767178e+15
4.295583688e+15
4.685838107e+15
5.066134913e+15
5.432360014e+15
5.814114894e+15
6.197858468e+15
6.570012536e+15
6.756028704e+15
7.065586446e+15
7.468329147e+15
7.753227776e+15
7.987167997e+15
8.201031075e+15
8.552453947e+15
8.696638772e+15
8.75284115e+15
8.874713687e+15
8.780470531e+15
8.87783427e+15
8.770158766e+15
8.437346642e+15
8.257581156e+15
7.799702337e+15
7.195672772e+15
6.72991237e+15
6.009364403e+15
5.221712571e+15
4.451650365e+15
3.734922548e+15
3.038358195e+15
2.45606132e+15
1.932311486e+15
1.50642621e+15
1.162405087e+15
8.74991471e+14
6.570280352e+14
5.07362657e+14
3.965615526e+14
3.109268576e+14
2.449593507e+14
1.936827119e+14
1.565446188e+14
1.293284875e+14
1.083086462e+14
9.20698694e+13
7.982077913e+13
7.004078145e+13
6.255048592e+13
5.610358149e+13
5.059846634e+13
4.564598707e+13
4.105937891e+13
3.666034499e+13
3.233180954e+13
2.805192351e+13
2.382956068e+13
1.972510233e+13
1.579913584e+13
1.210867303e+13
9.014456414e+12
6.605223215e+12
4.554739974e+12
2.739989073e+12
1.727059042e+12
1.339448247e+12
1.147337839e+12
8.915152447e+11
4.813883637e+10
3.599782628e-12
0
6.744988044e-66
2.216804996e-89
4.977047614e-98
1.794418595e-103
1.569801533e-110
1.054115111e-112
4.217618297e-122
3.000447136e-123
1.183498681e-131
1.159381654e-131
1.13406808e-131
1.110073064e-131
7.436483893e+13
1.816463239e+14
2.860144537e+14
3.87275372e+14
5.382972875e+14
7.079969367e+14
8.895843283e+14
1.078029904e+15
1.345208601e+15
1.575654947e+15
1.902537519e+15
2.1681595e+15
2.511930154e+15
2.847646037e+15
3.138781228e+15
3.542705554e+15
3.821543147e+15
4.171579239e+15
4.540348641e+15
4.912907181e+15
5.260033155e+15
5.565193307e+15
5.868492006e+15
6.216003741e+15
6.541797499e+15
6.750445078e+15
6.998428569e+15
7.24817761e+15
7.613014802e+15
7.814216938e+15
8.020095295e+15
8.017159949e+15
8.141141341e+15
8.206475095e+15
8.162151778e+15
8.193800032e+15
7.945005792e+15
7.708725769e+15
7.365570134e+15
6.859895563e+15
6.37923516e+15
5.837703744e+15
5.078060961e+15
4.357042006e+15
3.678973899e+15
3.038003773e+15
2.447598554e+15
1.938847308e+15
1.519258401e+15
1.170977125e+15
8.852891688e+14
6.642268531e+14
5.108252082e+14
4.000660046e+14
3.131625283e+14
2.465945328e+14
1.937399344e+14
1.550773825e+14
1.272749269e+14
1.062415265e+14
8.951824657e+13
7.727088913e+13
6.751247437e+13
5.96576287e+13
5.334696638e+13
4.795259746e+13
4.317444926e+13
3.878514275e+13
3.461692633e+13
3.054615029e+13
2.653882553e+13
2.259215002e+13
1.873972693e+13
1.506039179e+13
1.159826546e+13
8.630358755e+12
6.383377398e+12
4.434531701e+12
2.724346958e+12
1.624261233e+12
1.224472064e+12
1.037018938e+12
8.378139329e+11
2.962430388e+11
0
4.925446362e-40
8.871927534e-64
2.352296582e-90
3.355970444e-97
1.057238414e-102
0
7.66865454e-111
3.010921451e-121
4.303064084e-123
1.13662363e-131
1.180120792e-131
1.154834603e-131
1.13017974e-131
5.99340099e+13
1.457558885e+14
2.344251014e+14
3.158418722e+14
4.35202486e+14
5.802963834e+14
7.373255258e+14
9.724564305e+14
1.134660854e+15
1.423153731e+15
1.634169258e+15
1.879264386e+15
2.200542116e+15
2.452750257e+15
2.821212841e+15
3.102776789e+15
3.448398352e+15
3.743423433e+15
4.093755782e+15
4.406238836e+15
4.747399581e+15
4.934225718e+15
5.264423878e+15
5.608092075e+15
5.962274949e+15
6.218485118e+15
6.476214359e+15
6.730057119e+15
6.988988472e+15
7.13267974e+15
7.297945259e+15
7.443193736e+15
7.456262651e+15
7.608560519e+15
7.508264578e+15
7.580204639e+15
7.417948758e+15
7.176994845e+15
6.93022791e+15
6.535740254e+15
6.044703932e+15
5.589433985e+15
4.930120153e+15
4.257990748e+15
3.617982993e+15
3.015505745e+15
2.447924328e+15
1.949103804e+15
1.532442625e+15
1.189153469e+15
9.063997041e+14
6.747352768e+14
5.180186055e+14
4.04346763e+14
3.176444085e+14
2.475406877e+14
1.943408237e+14
1.544826332e+14
1.256568098e+14
1.041964179e+14
8.772096976e+13
7.46675234e+13
6.486074845e+13
5.695233861e+13
5.082493246e+13
4.550906894e+13
4.089572963e+13
3.668141654e+13
3.272383243e+13
2.889254249e+13
2.514572645e+13
2.145592956e+13
1.785095208e+13
1.439612048e+13
1.115705659e+13
8.343239791e+12
6.134748647e+12
4.320844464e+12
2.70819192e+12
1.564659178e+12
1.134717193e+12
9.247000679e+11
8.322626484e+11
5.053480721e+11
2000554744
1.360650331e-24
2.373065459e-53
5.467780049e-83
1.224e-90
5.108943202e-95
1.405950185e-103
2.006389206e-109
3.88597964e-115
1.232196115e-117
2.031659424e-127
1.164686939e-131
1.175203296e-131
1.150332156e-131
4.822514083e+13
1.197146527e+14
1.954158631e+14
2.68316933e+14
3.776990753e+14
5.066799583e+14
6.574997503e+14
8.122355741e+14
9.771659859e+14
1.19276272e+15
1.39727261e+15
1.672247235e+15
1.949247037e+15
2.176025724e+15
2.478776708e+15
2.778325919e+15
3.06544787e+15
3.373063192e+15
3.60716991e+15
3.935021883e+15
4.241005089e+15
4.523650355e+15
4.720069018e+15
5.014166521e+15
5.401791736e+15
5.650779003e+15
5.872773001e+15
6.132826561e+15
6.372150802e+15
6.474448064e+15
6.638263883e+15
6.790640394e+15
6.966371668e+15
7.014155561e+15
7.038836304e+15
7.053018601e+15
6.962365522e+15
6.713444776e+15
6.530478365e+15
6.221684134e+15
5.743173767e+15
5.348946808e+15
4.797943119e+15
4.158707695e+15
3.551683894e+15
2.984886848e+15
2.428354176e+15
1.949753272e+15
1.544762656e+15
1.197667924e+15
9.226511735e+14
6.855209772e+14
5.231987699e+14
4.084977632e+14
3.199211012e+14
2.486069173e+14
1.958652117e+14
1.544534827e+14
1.243041435e+14
1.024538188e+14
8.580661041e+13
7.269279025e+13
6.27636765e+13
5.487975015e+13
4.846275626e+13
4.329177652e+13
3.877349053e+13
3.473554726e+13
3.096689545e+13
2.735580847e+13
2.384953808e+13
2.040231467e+13
1.703263315e+13
1.381019093e+13
1.072668201e+13
8.031106653e+12
5.980115632e+12
4.248371588e+12
2.704394769e+12
1.555083588e+12
1.032293727e+12
8.263210207e+11
7.022615113e+11
6.050673557e+11
5.888408862e+10
6.141841306e-12
0
4.743156314e-82
2.71495999e-89
1.26279742e-95
2.58417452e-102
2.82498038e-108
1.626897497e-114
3.383943547e-117
4.099586528e-126
3.506039336e-130
1.191929731e-131
1.170767887e-131
3.874692211e+13
9.672608486e+13
1.57734655e+14
2.177925664e+14
3.072857495e+14
4.13840467e+14
5.454864835e+14
6.718230091e+14
8.852761606e+14
1.025526366e+15
1.208445334e+15
1.435694193e+15
1.705482305e+15
1.904903623e+15
2.161763006e+15
2.415212224e+15
2.74171286e+15
3.001202863e+15
3.244106292e+15
3.48865664e+15
3.755171338e+15
4.099445435e+15
4.330663312e+15
4.61576498e+15
4.821863937e+15
5.09424914e+15
5.290926835e+15
5.538150983e+15
5.723164699e+15
6.00657927e+15
6.185900381e+15
6.335496964e+15
6.436123568e+15
6.509797497e+15
6.533596385e+15
6.537485943e+15
6.465834776e+15
6.322240086e+15
6.115786198e+15
5.854218383e+15
5.503864363e+15
5.082767322e+15
4.668864484e+15
4.054749073e+15
3.48213999e+15
2.945718779e+15
2.428628493e+15
1.959806239e+15
1.55618599e+15
1.207156384e+15
9.408421876e+14
6.985509826e+14
5.334870812e+14
4.097748003e+14
3.225649078e+14
2.512583963e+14
1.967145349e+14
1.548483882e+14
1.237744757e+14
1.011268251e+14
8.416570576e+13
7.093947055e+13
6.059156115e+13
5.270256293e+13
4.625944706e+13
4.124413148e+13
3.682473799e+13
3.292559042e+13
2.933319927e+13
2.592489994e+13
2.263320425e+13
1.942033896e+13
1.626847315e+13
1.325086098e+13
1.035955526e+13
7.822951034e+12
5.782049767e+12
4.175291174e+12
2.713187365e+12
1.564704186e+12
9.708553335e+11
7.452254744e+11
6.019197953e+11
5.599769692e+11
2.252089563e+11
0
1.972619597e-37
5.285021663e-80
1.513421881e-88
1.182884869e-91
1.493667193e-101
6.403674218e-104
4.129245274e-111
1.242168364e-112
2.155585498e-124
6.967188962e-131
1.314304204e-131
1.191442439e-131
3.109178947e+13
7.851618695e+13
1.323356524e+14
1.840544349e+14
2.631181231e+14
3.591780569e+14
4.743275325e+14
6.032957146e+14
7.388869314e+14
9.212397296e+14
1.098636676e+15
1.264215417e+15
1.504807954e+15
1.674945601e+15
1.898528468e+15
2.092674718e+15
2.409801815e+15
2.685550231e+15
2.918916372e+15
3.078134162e+15
3.310442478e+15
3.689587133e+15
3.913467022e+15
4.208958311e+15
4.324603985e+15
4.554571549e+15
4.897253284e+15
5.025305061e+15
5.202151482e+15
5.493496393e+15
5.663346528e+15
5.815845482e+15
5.867080999e+15
5.98956251e+15
6.052759434e+15
6.040947524e+15
6.039125681e+15
5.881634396e+15
5.697762867e+15
5.509683363e+15
5.202795206e+15
4.839618832e+15
4.468541426e+15
3.951021012e+15
3.409964145e+15
2.900094262e+15
2.412343015e+15
1.95705579e+15
1.564259609e+15
1.22955399e+15
9.565396111e+14
7.177140098e+14
5.429601438e+14
4.190293989e+14
3.253794725e+14
2.547059054e+14
1.984612849e+14
1.557151866e+14
1.237559468e+14
1.000524652e+14
8.275824125e+13
6.952583376e+13
5.896708928e+13
5.098386467e+13
4.457173186e+13
3.932006891e+13
3.503983424e+13
3.123914092e+13
2.781295597e+13
2.458620404e+13
2.149741245e+13
1.849351548e+13
1.554790671e+13
1.272343164e+13
1.001760991e+13
7.583763621e+12
5.640890865e+12
4.098842157e+12
2.708169669e+12
1.597945117e+12
9.362237466e+11
6.950409656e+11
5.869884401e+11
5.17393673e+11
3.557726841e+11
3519593839
6.635183984e-21
7.388822646e-58
2.242933635e-88
2.017074922e-90
1.199129422e-101
1.612353443e-102
3.180427272e-110
5.590300391e-113
1.883361735e-117
8.491316556e-124
2.334140351e-131
1.212652765e-131
2.492181787e+13
6.308664935e+13
1.080196721e+14
1.497054141e+14
2.130019527e+14
2.930471004e+14
3.848827814e+14
4.98512533e+14
6.198981751e+14
7.641585544e+14
9.322309329e+14
1.096644258e+15
1.301472016e+15
1.468431357e+15
1.655019731e+15
1.886099157e+15
2.085868439e+15
2.381379864e+15
2.587912358e+15
2.805599552e+15
3.046190239e+15
3.275934273e+15
3.523811223e+15
3.756942077e+15
3.984324681e+15
4.224666342e+15
4.442182562e+15
4.636197391e+15
4.816124278e+15
4.950622764e+15
5.154513273e+15
5.256268796e+15
5.370890716e+15
5.474471378e+15
5.594401432e+15
5.567303896e+15
5.596266814e+15
5.539244096e+15
5.325552965e+15
5.208791762e+15
4.964677612e+15
4.571003471e+15
4.267758439e+15
3.852910645e+15
3.333984786e+15
2.852091856e+15
2.394332749e+15
1.960378867e+15
1.567210379e+15
1.25078457e+15
9.703344258e+14
7.26495952e+14
5.502192981e+14
4.295020873e+14
3.339285799e+14
2.570326664e+14
1.997101129e+14
1.56627908e+14
1.240691373e+14
9.94900751e+13
8.167810405e+13
6.815522235e+13
5.752797246e+13
4.920116719e+13
4.277932197e+13
3.757646431e+13
3.338397391e+13
2.969499136e+13
2.639045205e+13
2.333421772e+13
2.043000604e+13
1.761299455e+13
1.486424317e+13
1.222609933e+13
9.689430683e+12
7.385183679e+12
5.509001094e+12
4.03103527e+12
2.736627147e+12
1.635453496e+12
9.340147227e+11
6.437566029e+11
5.361829209e+11
4.651842634e+11
4.167612229e+11
6.844487266e+10
0
0
0
1.467636043e-89
1.968124674e-97
1.939682973e-102
3.692546125e-107
8.588966081e-108
2.773621131e-116
1.094908381e-122
2.786716651e-126
1.23328867e-131
1.995888718e+13
5.152387144e+13
8.859230314e+13
1.255184216e+14
1.810793845e+14
2.524013479e+14
3.3721377e+14
4.364585755e+14
5.430470608e+14
6.524037667e+14
7.959774004e+14
9.795233528e+14
1.145418679e+15
1.294384971e+15
1.407090119e+15
1.652499855e+15
1.813412991e+15
2.087093477e+15
2.284464137e+15
2.514645696e+15
2.75364782e+15
2.886965749e+15
3.146357414e+15
3.339393335e+15
3.633797044e+15
3.825390916e+15
3.993116803e+15
4.186420514e+15
4.361789542e+15
4.510109898e+15
4.702969779e+15
4.807202029e+15
4.993139208e+15
5.008862326e+15
5.144558353e+15
5.106141326e+15
5.158160981e+15
5.128740477e+15
5.01152668e+15
4.87563823e+15
4.66717167e+15
4.39291854e+15
4.04555234e+15
3.741147123e+15
3.257627203e+15
2.79964488e+15
2.367094225e+15
1.944942093e+15
1.575176389e+15
1.261593841e+15
9.836458721e+14
7.478066939e+14
5.628883072e+14
4.365147433e+14
3.363018508e+14
2.610352515e+14
2.014560442e+14
1.579259877e+14
1.249697006e+14
9.947700392e+13
8.077617162e+13
6.698167864e+13
5.639483759e+13
4.779197733e+13
4.136004302e+13
3.615095307e+13
3.175994585e+13
2.826484579e+13
2.507114362e+13
2.216227953e+13
1.941911632e+13
1.678713108e+13
1.421456827e+13
1.174468179e+13
9.379035669e+12
7.200859731e+12
5.396973787e+12
3.973929808e+12
2.745532727e+12
1.679762171e+12
9.479176503e+11
6.08614939e+11
4.852247499e+11
3.979331993e+11
3.799064764e+11
1.784859812e+11
121426555
7.600355766e-33
1.266371169e-78
5.372755314e-89
8.127488275e-97
8.631251893e-103
1.352436098e-104
6.795936499e-106
1.237571282e-113
1.473387289e-115
3.8155518e-126
1.262263337e-131
1.597398894e+13
4.15157457e+13
7.165668695e+13
1.022258295e+14
1.461830757e+14
2.054412335e+14
2.76181184e+14
3.534631967e+14
4.753927501e+14
5.911048623e+14
6.739607986e+14
8.257978364e+14
9.595808439e+14
1.106994604e+15
1.263626236e+15
1.395530143e+15
1.634908291e+15
1.814529813e+15
1.9850658e+15
2.221610679e+15
2.470185246e+15
2.63857114e+15
2.789065745e+15
2.999681672e+15
3.264421629e+15
3.425927934e+15
3.57376272e+15
3.768138889e+15
3.935624144e+15
4.183504381e+15
4.256909008e+15
4.449788551e+15
4.591984571e+15
4.665373749e+15
4.687425999e+15
4.788311288e+15
4.799474328e+15
4.763266099e+15
4.691473396e+15
4.527210123e+15
4.392837522e+15
4.155054681e+15
3.847693828e+15
3.571338108e+15
3.174244933e+15
2.742704852e+15
2.336137868e+15
1.945094171e+15
1.574198365e+15
1.271285461e+15
9.903790369e+14
7.688486903e+14
5.77638396e+14
4.43006764e+14
3.423909432e+14
2.65962454e+14
2.064018535e+14
1.599634926e+14
1.25280326e+14
9.970745621e+13
8.018100762e+13
6.608317714e+13
5.525481172e+13
4.677590015e+13
3.991534988e+13
3.471827771e+13
3.049722464e+13
2.693155173e+13
2.385664488e+13
2.10634722e+13
1.846823192e+13
1.599604024e+13
1.359322039e+13
1.128816724e+13
9.065003969e+12
7.000148322e+12
5.286841814e+12
3.90795821e+12
2.739909096e+12
1.712511021e+12
9.759090635e+11
5.879265007e+11
4.51913771e+11
3.862152724e+11
3.426378206e+11
2.610439403e+11
7246310397
4.469528957e-15
0
0
3.064217127e-97
4.897204548e-98
4.025304865e-103
1.470009943e-104
6.649330077e-112
1.456329676e-113
2.594921253e-120
4.555037978e-128
1.277974085e+13
3.358413756e+13
5.873441687e+13
8.450414829e+13
1.235914391e+14
1.756412854e+14
2.385112856e+14
3.128288441e+14
3.881287095e+14
4.914617066e+14
6.146264267e+14
7.058740606e+14
8.609868514e+14
1.009287991e+15
1.105557493e+15
1.281155366e+15
1.440836868e+15
1.572336579e+15
1.809632899e+15
1.945046625e+15
2.19652804e+15
2.376588556e+15
2.556607998e+15
2.755404475e+15
2.941454478e+15
3.060660407e+15
3.307505505e+15
3.468986097e+15
3.640081573e+15
3.795326563e+15
3.943380959e+15
4.07616225e+15
4.149935524e+15
4.283955032e+15
4.311009747e+15
4.425667699e+15
4.432749596e+15
4.432804519e+15
4.377478429e+15
4.263704949e+15
4.157081047e+15
3.948151062e+15
3.673585602e+15
3.419078247e+15
3.09867186e+15
2.686147348e+15
2.297191962e+15
1.932622875e+15
1.58141857e+15
1.276604202e+15
1.000123282e+15
7.835372799e+14
5.869985587e+14
4.523145166e+14
3.507377742e+14
2.731487641e+14
2.091078796e+14
1.618292378e+14
1.262145377e+14
1.003547069e+14
8.017923264e+13
6.53728777e+13
5.43021851e+13
4.572557394e+13
3.889077263e+13
3.355043268e+13
2.928530629e+13
2.564026064e+13
2.27204723e+13
2.004376922e+13
1.757589546e+13
1.523895736e+13
1.299770897e+13
1.08440256e+13
8.771409219e+12
6.800366431e+12
5.165737189e+12
3.866927867e+12
2.753699782e+12
1.767601712e+12
1.004001892e+12
5.919681162e+11
4.173602114e+11
3.496392206e+11
3.103066685e+11
2.90716018e+11
7.620686575e+10
0
1.312886487e-40
4.431026075e-80
2.600684575e-89
5.00574721e-98
7.662344409e-102
3.242236179e-103
2.493549987e-110
3.746606772e-112
7.486459771e-118
1.723888463e-127
1.022292705e+13
2.704554817e+13
4.680418402e+13
6.845554881e+13
9.978650029e+13
1.426257447e+14
1.941259035e+14
2.58456941e+14
3.230973899e+14
4.075785699e+14
5.183161122e+14
6.444360788e+14
7.297947638e+14
8.464839859e+14
1.007316314e+15
1.106612269e+15
1.250840732e+15
1.421831864e+15
1.617419505e+15
1.769871094e+15
1.937937489e+15
2.148586121e+15
2.297531076e+15
2.490915534e+15
2.617812422e+15
2.826878484e+15
2.997593827e+15
3.15478987e+15
3.293309048e+15
3.417867637e+15
3.5727432e+15
3.704794418e+15
3.792537394e+15
3.887027231e+15
4.019496146e+15
4.057810284e+15
4.083474045e+15
4.160325582e+15
4.084840568e+15
3.984023102e+15
3.881642283e+15
3.717093644e+15
3.498687646e+15
3.235881677e+15
2.998252925e+15
2.626123387e+15
2.252916806e+15
1.912826792e+15
1.574009561e+15
1.282129135e+15
1.018023655e+15
8.01176316e+14
6.025583565e+14
4.604222751e+14
3.583260392e+14
2.780587707e+14
2.142499303e+14
1.641374234e+14
1.279179594e+14
1.008551024e+14
8.035561722e+13
6.509202027e+13
5.357447409e+13
4.482063844e+13
3.790776346e+13
3.237179391e+13
2.811873751e+13
2.464824621e+13
2.16533902e+13
1.909031159e+13
1.673647203e+13
1.452400402e+13
1.242531289e+13
1.040808476e+13
8.469105493e+12
6.568649329e+12
5.093395672e+12
3.815302074e+12
2.752621635e+12
1.800807656e+12
1.051745187e+12
6.06437755e+11
3.952149405e+11
3.168298094e+11
2.656873469e+11
2.611863997e+11
1.534015696e+11
767459040.4
4.831059027e-24
5.502729766e-77
2.955918631e-89
6.384212807e-94
1.327235385e-101
1.931912272e-102
4.331168618e-109
8.676088842e-111
1.564518145e-116
5.956647983e-125
8.178894668e+12
2.185236151e+13
3.840897001e+13
5.651397891e+13
8.351439798e+13
1.211436616e+14
1.668105522e+14
2.229806666e+14
2.872689756e+14
3.666342989e+14
4.282936374e+14
5.435742127e+14
6.198653706e+14
7.320632979e+14
8.544749641e+14
9.966571984e+14
1.147374578e+15
1.259493483e+15
1.406414342e+15
1.571887605e+15
1.71588146e+15
1.908906576e+15
2.071470392e+15
2.245693575e+15
2.324599388e+15
2.554057009e+15
2.684435881e+15
2.815947457e+15
2.95044907e+15
3.087123922e+15
3.228467456e+15
3.342165833e+15
3.51744615e+15
3.620568697e+15
3.680887361e+15
3.699569426e+15
3.737782391e+15
3.819134783e+15
3.814031175e+15
3.727808486e+15
3.606703317e+15
3.521360877e+15
3.330098431e+15
3.076546015e+15
2.863314475e+15
2.565009156e+15
2.219282627e+15
1.891338404e+15
1.573921285e+15
1.281236417e+15
1.036585503e+15
8.09814428e+14
6.141055391e+14
4.6774035e+14
3.652055713e+14
2.840831507e+14
2.197616366e+14
1.681182575e+14
1.30313236e+14
1.01727787e+14
8.081048556e+13
6.51058978e+13
5.299754179e+13
4.40677002e+13
3.712628297e+13
3.158054611e+13
2.717368271e+13
2.368180404e+13
2.06867455e+13
1.819879452e+13
1.59479744e+13
1.385328244e+13
1.188029011e+13
9.996164991e+12
8.173901803e+12
6.408049025e+12
4.972700006e+12
3.751458518e+12
2.745369045e+12
1.844057116e+12
1.096049869e+12
6.228770829e+11
3.834961455e+11
2.979683158e+11
2.576400268e+11
2.202873359e+11
1.980534397e+11
1.684788449e+10
0
0
1.398085651e-81
9.481741586e-93
2.789817928e-101
2.678780261e-101
7.128219821e-108
1.383038947e-109
5.360214099e-118
3.854735553e-125
6.546358767e+12
1.754633885e+13
3.091052903e+13
4.599352548e+13
6.760787021e+13
9.797380601e+13
1.356268246e+14
1.81532241e+14
2.363824638e+14
3.021771252e+14
3.896422738e+14
4.645454851e+14
5.393952485e+14
6.333217116e+14
7.423897941e+14
8.689727489e+14
9.773415446e+14
1.10253889e+15
1.216468822e+15
1.400665856e+15
1.494321167e+15
1.689921729e+15
1.831440888e+15
2.00584238e+15
2.130535367e+15
2.274983556e+15
2.395941241e+15
2.538703561e+15
2.73218334e+15
2.847286804e+15
2.984679194e+15
3.104548283e+15
3.207278365e+15
3.314301631e+15
3.351297784e+15
3.459615315e+15
3.491862269e+15
3.484873588e+15
3.532260244e+15
3.484407902e+15
3.38699375e+15
3.31980931e+15
3.157895983e+15
2.963436072e+15
2.737868276e+15
2.49897106e+15
2.180327091e+15
1.864461131e+15
1.561154636e+15
1.28702822e+15
1.043979463e+15
8.196020372e+14
6.304387972e+14
4.807682234e+14
3.729102394e+14
2.923271341e+14
2.260844845e+14
1.727683177e+14
1.318350212e+14
1.025685663e+14
8.154147463e+13
6.522609528e+13
5.274987194e+13
4.346800116e+13
3.637832725e+13
3.07736571e+13
2.626331025e+13
2.275675738e+13
1.986135147e+13
1.732670244e+13
1.520636927e+13
1.321680406e+13
1.135651466e+13
9.591937601e+12
7.879433981e+12
6.183578391e+12
4.878353579e+12
3.706292726e+12
2.725871132e+12
1.861293549e+12
1.147318423e+12
6.654999268e+11
3.896605766e+11
2.780315582e+11
2.351056291e+11
2.154477682e+11
2.053439101e+11
8.243268421e+10
56162909.14
8.274640393e-34
3.675895989e-78
2.5288925e-92
9.519476647e-93
5.489500579e-100
1.984489652e-106
1.322669908e-108
4.280134066e-114
2.901529313e-126
5.243441876e+12
1.41733911e+13
2.518668169e+13
3.800646881e+13
5.571283467e+13
8.270767461e+13
1.157532027e+14
1.567299831e+14
2.056095711e+14
2.64708978e+14
3.276323656e+14
3.896265699e+14
4.841363378e+14
5.763112898e+14
6.465785368e+14
7.472176514e+14
8.657315733e+14
9.578746061e+14
1.099852119e+15
1.226041605e+15
1.370249045e+15
1.502650238e+15
1.603969301e+15
1.788093626e+15
1.922780543e+15
2.012712226e+15
2.147667118e+15
2.340558308e+15
2.447836475e+15
2.588963001e+15
2.69352748e+15
2.840970932e+15
2.890893094e+15
2.976304475e+15
3.117503045e+15
3.157609604e+15
3.223233957e+15
3.208436271e+15
3.237167037e+15
3.273148763e+15
3.187389211e+15
3.082112715e+15
2.969214813e+15
2.801841789e+15
2.585132667e+15
2.402719232e+15
2.133117803e+15
1.830945149e+15
1.556866265e+15
1.281331044e+15
1.046488519e+15
8.394037883e+14
6.392388208e+14
4.910593683e+14
3.797049508e+14
2.959045476e+14
2.291570769e+14
1.766515225e+14
1.350439773e+14
1.049842386e+14
8.199208555e+13
6.535320839e+13
5.27587296e+13
4.298926424e+13
3.575337459e+13
3.013672365e+13
2.555707059e+13
2.196407405e+13
1.906460078e+13
1.665344409e+13
1.449673129e+13
1.261529623e+13
1.086996359e+13
9.195687922e+12
7.582263406e+12
5.972496256e+12
4.783139607e+12
3.65439086e+12
2.721059768e+12
1.899504241e+12
1.182967735e+12
7.004838074e+11
4.028936628e+11
2.644049023e+11
2.157862029e+11
1.867848036e+11
1.75988324e+11
1.269705572e+11
2999610023
5.800211468e-05
0
0
3.007361647e-93
0
1.546889846e-106
3.119040187e-107
3.171634113e-114
2.281905518e-117
4.204040702e+12
1.134088478e+13
2.022378963e+13
3.08679688e+13
4.460720189e+13
6.693476537e+13
9.407204405e+13
1.277291199e+14
1.6736414e+14
2.154131187e+14
2.711286882e+14
3.531083608e+14
4.079958891e+14
4.818795561e+14
5.885519574e+14
6.579377424e+14
7.821860385e+14
8.697976628e+14
9.717839854e+14
1.056481722e+15
1.203785943e+15
1.350812954e+15
1.463496562e+15
1.583300242e+15
1.733254617e+15
1.847029585e+15
1.981499702e+15
2.126062415e+15
2.19392589e+15
2.300974281e+15
2.42710267e+15
2.55663123e+15
2.685525326e+15
2.783577979e+15
2.838656319e+15
2.88226741e+15
2.934254633e+15
3.00310989e+15
3.035715758e+15
3.022277876e+15
2.960070222e+15
2.890092037e+15
2.827813598e+15
2.673019808e+15
2.483313386e+15
2.305320652e+15
2.082585156e+15
1.80354806e+15
1.53859002e+15
1.281249297e+15
1.051476788e+15
8.485445033e+14
6.567266749e+14
5.008608027e+14
3.898797217e+14
3.028271877e+14
2.349625405e+14
1.817745708e+14
1.387732334e+14
1.062030256e+14
8.263829689e+13
6.552719796e+13
5.285943129e+13
4.27157365e+13
3.5270339e+13
2.952632106e+13
2.502269416e+13
2.12955294e+13
1.840532568e+13
1.598036313e+13
1.388429662e+13
1.201201769e+13
1.034585596e+13
8.817427538e+12
7.320156373e+12
5.775215969e+12
4.661088195e+12
3.58482016e+12
2.700461918e+12
1.920391139e+12
1.234894401e+12
7.324504975e+11
4.209378609e+11
2.583437236e+11
2.0099624e+11
1.766101229e+11
1.642538077e+11
1.508084922e+11
3.512108547e+10
0
1.401135408e-39
1.183146724e-79
3.529844044e-87
9.397519756e-94
8.727903697e-101
1.559496314e-105
1.495374128e-106
2.577103188e-117
3.37499907e+12
9.176536765e+12
1.632816291e+13
2.545011661e+13
3.716545502e+13
5.550023537e+13
7.960152988e+13
1.094721619e+14
1.453964483e+14
1.891490449e+14
2.414063831e+14
2.953113905e+14
3.438653992e+14
4.145746461e+14
4.942134411e+14
5.999693689e+14
6.662721962e+14
7.622898973e+14
8.558470396e+14
9.660302161e+14
1.045316197e+15
1.184700869e+15
1.322168546e+15
1.389058533e+15
1.546822607e+15
1.669969375e+15
1.800483094e+15
1.912195498e+15
2.02476034e+15
2.13385635e+15
2.255204201e+15
2.298820086e+15
2.450614727e+15
2.525038476e+15
2.570285854e+15
2.688660619e+15
2.730896988e+15
2.787655841e+15
2.810397558e+15
2.810202004e+15
2.773386748e+15
2.709122753e+15
2.644154019e+15
2.53247999e+15
2.387189012e+15
2.189053801e+15
2.021915533e+15
1.775859191e+15
1.518547584e+15
1.268967295e+15
1.051544811e+15
8.551784979e+14
6.693810584e+14
5.082850782e+14
3.961200136e+14
3.109529204e+14
2.406581931e+14
1.849189123e+14
1.409042627e+14
1.088897136e+14
8.416348722e+13
6.609462476e+13
5.293690992e+13
4.271050169e+13
3.489170443e+13
2.905006347e+13
2.447710295e+13
2.073736747e+13
1.773843232e+13
1.534535707e+13
1.332587797e+13
1.155249758e+13
9.943017163e+12
8.433255172e+12
7.039635433e+12
5.654580953e+12
4.524006631e+12
3.509875202e+12
2.662275499e+12
1.930308516e+12
1.267361379e+12
7.577542535e+11
4.519012108e+11
2.65423805e+11
1.873491516e+11
1.595631448e+11
1.414093298e+11
1.418757443e+11
7.687432886e+10
519393539.1
1.44711025e-20
0
0
0
0
0
0
9.926569469e-118
2.713682867e+12
7.289469128e+12
1.303726542e+13
2.024777991e+13
2.99384837e+13
4.451300806e+13
6.453452409e+13
8.904834728e+13
1.185483844e+14
1.54363242e+14
1.988786486e+14
2.471342459e+14
3.108157746e+14
3.766808082e+14
4.29158604e+14
4.99634771e+14
5.896922737e+14
6.698663416e+14
7.590398061e+14
8.475600308e+14
9.458714215e+14
1.053266124e+15
1.178726307e+15
1.274630832e+15
1.384314467e+15
1.487655763e+15
1.610281513e+15
1.712336743e+15
1.828993996e+15
1.931565108e+15
2.036305635e+15
2.132158735e+15
2.220294617e+15
2.275915601e+15
2.384576581e+15
2.457660212e+15
2.523710185e+15
2.549178302e+15
2.585706174e+15
2.588017246e+15
2.59769467e+15
2.533109769e+15
2.451018798e+15
2.388623945e+15
2.251164746e+15
2.07809851e+15
1.932165639e+15
1.736009758e+15
1.49551363e+15
1.267096475e+15
1.051419076e+15
8.598719938e+14
6.854188775e+14
5.217637709e+14
4.076578741e+14
3.153676665e+14
2.469368896e+14
1.900826767e+14
1.447509305e+14
1.10750105e+14
8.630625802e+13
6.666226375e+13
5.311576549e+13
4.279820792e+13
3.474267113e+13
2.866305482e+13
2.397874924e+13
2.029360911e+13
1.72097302e+13
1.480652386e+13
1.279045429e+13
1.104381154e+13
9.50644732e+12
8.113545336e+12
6.7729036e+12
5.494469009e+12
4.36459947e+12
3.453978284e+12
2.634317644e+12
1.937418878e+12
1.310239008e+12
8.045958528e+11
4.778655787e+11
2.740966057e+11
1.803123833e+11
1.46042407e+11
1.358576189e+11
1.211265117e+11
1.036909586e+11
9217238896
0
1.308778009e-42
4.838244309e-57
8.61709035e-69
6.730657329e-71
0
1.27084752e-97
9.62058099e-98
2.185991414e+12
5.9327568e+12
1.063832585e+13
1.639191923e+13
2.530457454e+13
3.685006136e+13
5.423666743e+13
7.57308448e+13
1.020389821e+14
1.342600802e+14
1.737830248e+14
2.215249096e+14
2.605202772e+14
3.111072077e+14
3.716470147e+14
4.375422438e+14
5.189018979e+14
5.98693376e+14
6.719288828e+14
7.518373979e+14
8.383308086e+14
9.255717122e+14
1.034392487e+15
1.128147602e+15
1.219982319e+15
1.325079525e+15
1.422105715e+15
1.516990903e+15
1.63502633e+15
1.729307291e+15
1.82136125e+15
1.932958826e+15
2.004149985e+15
2.101519557e+15
2.171068759e+15
2.229470643e+15
2.286867328e+15
2.336837909e+15
2.354400961e+15
2.379643787e+15
2.406073418e+15
2.371245478e+15
2.314171461e+15
2.250191289e+15
2.143711008e+15
2.009782717e+15
1.846707396e+15
1.69263044e+15
1.472693954e+15
1.258479861e+15
1.046061118e+15
8.609549353e+14
6.934514194e+14
5.306523141e+14
4.134870293e+14
3.244576016e+14
2.554487975e+14
1.963455671e+14
1.493031912e+14
1.137968714e+14
8.827029803e+13
6.821202611e+13
5.356808108e+13
4.305107323e+13
3.474035983e+13
2.837772354e+13
2.362099109e+13
1.986018425e+13
1.683715076e+13
1.429559289e+13
1.230874977e+13
1.060525676e+13
9.127196965e+12
7.768724365e+12
6.530029042e+12
5.334671907e+12
4.227331213e+12
3.378825701e+12
2.596993537e+12
1.931528527e+12
1.328271067e+12
8.333725192e+11
4.996843445e+11
2.952353448e+11
1.785933129e+11
1.385771543e+11
1.223446225e+11
1.089387435e+11
1.105804518e+11
4.505580472e+10
80833224.47
0
0
0
1.596725203e-68
2.392207697e-80
7.551182759e-96
1.69230935e-95
1.764638214e+12
4.383775417e+12
7.91504119e+12
1.217220742e+13
1.948081226e+13
2.805634496e+13
4.155605142e+13
5.891090556e+13
8.019170854e+13
1.065304077e+14
1.389201098e+14
1.788364731e+14
2.16205398e+14
2.663503752e+14
3.192274185e+14
3.794091278e+14
4.444148896e+14
5.099906258e+14
5.857616386e+14
6.629629577e+14
7.419573266e+14
8.059677105e+14
8.983302089e+14
9.864893688e+14
1.066584118e+15
1.167124066e+15
1.25483259e+15
1.350088693e+15
1.448570078e+15
1.53563097e+15
1.634193915e+15
1.718819784e+15
1.798085262e+15
1.889317328e+15
1.966465728e+15
2.022071666e+15
2.086513371e+15
2.11805965e+15
2.161653227e+15
2.183550164e+15
2.201067568e+15
2.196465456e+15
2.157473955e+15
2.083603179e+15
2.009815576e+15
1.903018866e+15
1.756022577e+15
1.62927614e+15
1.446136797e+15
1.244112091e+15
1.046126456e+15
8.648950167e+14
7.097838365e+14
5.473442301e+14
4.237251972e+14
3.344248747e+14
2.623969051e+14
2.041479322e+14
1.561869391e+14
1.181779752e+14
9.083388511e+13
7.023465307e+13
5.453215408e+13
4.338909164e+13
3.485375472e+13
2.834102055e+13
2.334757904e+13
1.949612686e+13
1.645761863e+13
1.395190476e+13
1.191507388e+13
1.022732211e+13
8.759552641e+12
7.461252052e+12
6.289688136e+12
5.142085381e+12
4.143191025e+12
3.297424174e+12
2.554317414e+12
1.923934216e+12
1.357670966e+12
8.763000753e+11
5.295574731e+11
3.142512372e+11
1.859926635e+11
1.308418058e+11
1.112508135e+11
1.078768035e+11
1.062041487e+11
7.102021182e+10
3900633197
1.454463928
7.446827686e-28
3.370951648e-42
3.666751654e-56
4.527246127e-70
4.926329767e-82
5.320603227e-89
)
;

boundaryField
{
    inlet
    {
        type            calculated;
        value           nonuniform 0();
    }
    object
    {
        type            calculated;
        value           nonuniform List<scalar> 
204
(
5.948499478e+19
5.977262807e+19
6.007457011e+19
6.038321874e+19
6.078483147e+19
6.124579784e+19
6.173204247e+19
6.226352665e+19
6.277618174e+19
6.315461921e+19
6.356757457e+19
6.399588183e+19
6.448979627e+19
6.485614806e+19
6.524885034e+19
6.56722365e+19
6.608880407e+19
6.649862699e+19
6.690845146e+19
6.731517195e+19
6.771446679e+19
6.810705059e+19
6.850396774e+19
6.889987669e+19
6.929531386e+19
6.968735074e+19
7.007786494e+19
7.046396646e+19
7.0848194e+19
7.122757428e+19
7.160443891e+19
7.197654472e+19
7.23449947e+19
7.270905953e+19
7.306874322e+19
7.342379184e+19
7.377378535e+19
7.411819509e+19
7.445645761e+19
7.478806421e+19
7.511260227e+19
7.542978165e+19
7.573937554e+19
7.604117405e+19
7.633488181e+19
7.662012627e+19
7.689651332e+19
7.716370997e+19
7.742156936e+19
7.767016488e+19
7.790975147e+19
7.81406728e+19
7.836319679e+19
7.857748177e+19
7.878347718e+19
7.898095049e+19
7.916954112e+19
7.934873857e+19
7.951804569e+19
7.967692378e+19
7.982484647e+19
7.996119467e+19
8.008541461e+19
8.01971291e+19
8.029611104e+19
8.038213502e+19
8.04547971e+19
8.051364853e+19
8.055796592e+19
8.058709299e+19
8.059995151e+19
8.05958676e+19
8.057303012e+19
8.053029798e+19
8.046296811e+19
8.037254584e+19
8.025267912e+19
8.011441295e+19
7.995320536e+19
7.977797514e+19
7.957736114e+19
7.935498755e+19
7.909965242e+19
7.880773453e+19
7.848071956e+19
7.811604794e+19
7.770617366e+19
7.724095521e+19
7.673516681e+19
7.618039563e+19
7.556709084e+19
7.489092946e+19
7.414529974e+19
7.333597536e+19
7.244813118e+19
7.146659817e+19
7.040048843e+19
6.921959883e+19
6.792926445e+19
6.647748034e+19
6.48829363e+19
6.305183458e+19
6.102516776e+19
5.868427289e+19
5.503205379e+19
5.083227597e+19
4.678900365e+19
4.303913756e+19
3.961749102e+19
3.652343166e+19
3.370369229e+19
3.114189755e+19
2.878788438e+19
2.661488209e+19
2.461634463e+19
2.276620075e+19
2.104268728e+19
1.943218702e+19
1.793489089e+19
1.654976798e+19
1.52545069e+19
1.404262418e+19
1.290795806e+19
1.185524011e+19
1.087467269e+19
9.969754338e+18
9.113448623e+18
8.310705932e+18
7.572008719e+18
6.894266269e+18
6.268326277e+18
5.6900067e+18
5.155814128e+18
4.663820683e+18
4.212962666e+18
3.799665554e+18
3.421402428e+18
3.074828259e+18
2.756784445e+18
2.468455932e+18
2.206468227e+18
1.968511653e+18
1.752020875e+18
1.556370383e+18
1.380377364e+18
1.222051326e+18
1.079601035e+18
9.513436173e+17
8.36499785e+17
7.338896648e+17
6.427318261e+17
5.616258073e+17
4.895526664e+17
4.256246362e+17
3.69254451e+17
3.195839187e+17
2.75914418e+17
2.377041115e+17
2.042672535e+17
1.750842326e+17
1.497099711e+17
1.276754509e+17
1.086353031e+17
9.219100215e+16
7.805778344e+16
6.591360025e+16
5.55007907e+16
4.662753475e+16
3.906438849e+16
3.263160992e+16
2.719322919e+16
2.259738623e+16
1.872443205e+16
1.547536293e+16
1.275777653e+16
1.048871623e+16
8.598364943e+15
7.029898239e+15
5.733126842e+15
4.663090215e+15
3.783577938e+15
3.062211041e+15
2.472550397e+15
1.991639699e+15
1.60074461e+15
1.283768962e+15
1.027486404e+15
8.207581868e+14
6.544686525e+14
5.210303521e+14
4.142092254e+14
3.288795905e+14
2.608640752e+14
2.067509341e+14
1.637756433e+14
1.296975158e+14
1.027111526e+14
8.136262955e+13
6.448822546e+13
5.115686238e+13
4.062748968e+13
3.231087172e+13
2.574060526e+13
2.054705185e+13
)
;
    }
    outlet
    {
        type            calculated;
        value           nonuniform List<scalar> 
98
(
1.764638214e+12
4.383775417e+12
7.91504119e+12
1.217220742e+13
1.948081226e+13
2.805634496e+13
4.155605142e+13
5.891090556e+13
8.019170854e+13
1.065304077e+14
1.389201098e+14
1.788364731e+14
2.16205398e+14
2.663503752e+14
3.192274185e+14
3.794091278e+14
4.444148896e+14
5.099906258e+14
5.857616386e+14
6.629629577e+14
7.419573266e+14
8.059677105e+14
8.983302089e+14
9.864893688e+14
1.066584118e+15
1.167124066e+15
1.25483259e+15
1.350088693e+15
1.448570078e+15
1.53563097e+15
1.634193915e+15
1.718819784e+15
1.798085262e+15
1.889317328e+15
1.966465728e+15
2.022071666e+15
2.086513371e+15
2.11805965e+15
2.161653227e+15
2.183550164e+15
2.201067568e+15
2.196465456e+15
2.157473955e+15
2.083603179e+15
2.009815576e+15
1.903018866e+15
1.756022577e+15
1.62927614e+15
1.446136797e+15
1.244112091e+15
1.046126456e+15
8.648950167e+14
7.097838365e+14
5.473442301e+14
4.237251972e+14
3.344248747e+14
2.623969051e+14
2.041479322e+14
1.561869391e+14
1.181779752e+14
9.083388511e+13
7.023465307e+13
5.453215408e+13
4.338909164e+13
3.485375472e+13
2.834102055e+13
2.334757904e+13
1.949612686e+13
1.645761863e+13
1.395190476e+13
1.191507388e+13
1.022732211e+13
8.759552641e+12
7.461252052e+12
6.289688136e+12
5.142085381e+12
4.143191025e+12
3.297424174e+12
2.554317414e+12
1.923934216e+12
1.357670966e+12
8.763000753e+11
5.295574731e+11
3.142512372e+11
1.859926635e+11
1.308418058e+11
1.112508135e+11
1.078768035e+11
1.062041487e+11
7.102021182e+10
3900633197
1.454463928
7.446827686e-28
3.370951648e-42
3.666751654e-56
4.527246127e-70
4.926329767e-82
5.320603227e-89
)
;
    }
    front
    {
        type            wedge;
    }
    back
    {
        type            wedge;
    }
    procBoundary3to1
    {
        type            processor;
        value           nonuniform List<scalar> 
105
(
5.698494055e+17
7.620943463e+17
1.032423062e+18
1.391692534e+18
1.831782653e+18
2.315687057e+18
2.781716602e+18
3.166989608e+18
3.42020339e+18
3.549647428e+18
3.595742962e+18
3.590932995e+18
3.511436647e+18
2.899002631e+18
1.060553945e+18
2.434922036e+16
116313.3408
7.251606591e-132
7.086138335e-132
6.94780036e-132
6.808819326e-132
6.671537659e-132
6.528666782e-132
6.397114327e-132
6.260318068e-132
6.133382146e-132
6.010789386e-132
5.847658388e-132
5.744788349e-132
5.621051909e-132
5.491698321e-132
5.374014481e-132
5.256249841e-132
5.114928951e-132
5.011555338e-132
4.900199557e-132
4.779842294e-132
4.654721425e-132
4.552258432e-132
4.445030071e-132
4.344482176e-132
4.213840443e-132
4.133055394e-132
4.005442754e-132
3.920921098e-132
3.817575799e-132
3.729519138e-132
3.623725094e-132
3.486329069e-132
2.898516134e+18
2.981951976e+18
3.004516059e+18
3.024682851e+18
3.043522763e+18
3.060694688e+18
3.075941519e+18
3.089366696e+18
3.100253714e+18
3.108326899e+18
3.113200676e+18
3.11459278e+18
3.112132085e+18
3.105344786e+18
3.093586897e+18
3.076006423e+18
3.051134985e+18
3.01804966e+18
2.973329417e+18
2.914938954e+18
2.840226968e+18
2.745831429e+18
2.629218453e+18
2.48807425e+18
2.322270443e+18
2.132772831e+18
1.925710132e+18
1.706527748e+18
1.485449395e+18
1.271154719e+18
1.071859844e+18
8.936319493e+17
7.398458842e+17
6.112844301e+17
5.066969591e+17
4.235518604e+17
3.587518412e+17
3.091603876e+17
2.721271068e+17
2.451592698e+17
4.244315778e+17
2.257619863e+17
4.112044482e+17
2.247659394e+17
3.982191572e+17
2.239516615e+17
2.239516615e+17
2.120911701e+17
2.067578147e+17
2.076094854e+17
2.161317906e+17
2.340722101e+17
2.644891801e+17
3.12389847e+17
3.854886293e+17
3.854886293e+17
)
;
    }
    procBoundary3to2
    {
        type            processor;
        value           nonuniform List<scalar> 
205
(
3.418069375e-132
3.409749146e-132
3.425926295e-132
3.43684788e-132
3.444342171e-132
3.453348973e-132
3.464871812e-132
3.477896354e-132
3.48514479e-132
3.49254542e-132
3.500074475e-132
3.516581198e-132
3.524357856e-132
3.535835988e-132
3.547058742e-132
3.560422753e-132
3.56552414e-132
3.577325299e-132
3.58514461e-132
3.595947724e-132
3.604054723e-132
3.615354188e-132
3.627039727e-132
3.635314934e-132
3.645458506e-132
3.646104221e-132
3.660374193e-132
3.674630175e-132
3.676763628e-132
3.692481672e-132
3.703480573e-132
3.716404911e-132
3.726929021e-132
3.738668796e-132
3.745400091e-132
3.75478182e-132
3.760833992e-132
3.770192091e-132
3.782195239e-132
3.792899602e-132
3.803181744e-132
3.809133343e-132
3.821335814e-132
3.829886158e-132
3.838318155e-132
3.847297836e-132
3.846972062e-132
3.855677408e-132
3.870605337e-132
3.882534999e-132
3.895504733e-132
3.898402708e-132
3.90730089e-132
3.918510424e-132
3.924690444e-132
3.929401931e-132
3.945583252e-132
3.951156674e-132
3.959739935e-132
3.971730171e-132
3.967583243e-132
3.981729608e-132
3.998053071e-132
4.002091106e-132
4.007411633e-132
4.015058233e-132
4.025472916e-132
4.037848634e-132
4.046926899e-132
4.052909022e-132
4.058118218e-132
4.063993299e-132
4.073046951e-132
4.078146516e-132
4.088928663e-132
4.098569986e-132
4.110329347e-132
4.125257687e-132
4.121424751e-132
4.122459737e-132
4.132764607e-132
4.139842373e-132
4.14769978e-132
4.158049234e-132
4.165820105e-132
4.172401108e-132
4.178711455e-132
4.186698737e-132
4.191086494e-132
4.198594332e-132
4.205925879e-132
4.211682189e-132
4.221036814e-132
4.223738842e-132
4.225546831e-132
4.233159539e-132
4.241309348e-132
4.242160787e-132
4.246100026e-132
4.248575846e-132
4.251110876e-132
4.252764704e-132
4.264269466e-132
4.270300764e-132
4.273793826e-132
4.291729771e-132
4.30634548e-132
4.324163472e-132
4.346579307e-132
4.378016693e-132
4.389832867e-132
4.404867238e-132
4.432504198e-132
4.447263049e-132
4.473721464e-132
4.504774716e-132
4.529987701e-132
4.5564437e-132
4.584938844e-132
4.61696302e-132
4.648050929e-132
4.684158756e-132
4.714731661e-132
4.753210659e-132
4.7922066e-132
4.832086804e-132
4.870282276e-132
4.909526391e-132
4.94866951e-132
5.00029047e-132
5.042412856e-132
5.084921195e-132
5.127821009e-132
5.173242721e-132
5.230428796e-132
5.282700583e-132
5.339095626e-132
5.39443195e-132
5.455619583e-132
5.516362014e-132
5.577763322e-132
5.650402194e-132
5.703704359e-132
5.767460491e-132
5.831520964e-132
5.896601515e-132
5.954225559e-132
6.022803739e-132
6.100223161e-132
6.168315422e-132
6.252302619e-132
6.327503409e-132
6.406722721e-132
6.490180539e-132
6.571218397e-132
6.666808532e-132
6.76035148e-132
6.86313901e-132
6.953784614e-132
7.047535194e-132
7.155499133e-132
7.262099512e-132
7.368746171e-132
7.477159276e-132
7.57156407e-132
7.699111826e-132
7.811583412e-132
7.934853117e-132
8.067428432e-132
8.189747824e-132
8.3260337e-132
8.458928162e-132
8.594218358e-132
8.729571613e-132
8.873821392e-132
9.01538596e-132
9.161160532e-132
9.306856864e-132
9.466399329e-132
9.62895626e-132
9.781928193e-132
9.945477404e-132
1.012270821e-131
1.029922289e-131
1.047931272e-131
1.066531047e-131
1.085746023e-131
1.1055438e-131
1.125305733e-131
1.145384444e-131
1.165060925e-131
1.186520936e-131
1.20779594e-131
1.229769374e-131
1.252149473e-131
1.274952933e-131
1.300439562e-131
1.340901273e-131
1.070873007e-125
1.736794608e-124
8.396794275e-124
3.605987635e-123
3.583989473e-123
1.908023608e-95
1.308073045e-94
)
;
    }
}


// ************************************************************************* //
